Date,Company,Open,High,Low,Close,Volume
2016-01-01,HCLTech,1545.39,1552.22,1536.89,1550.0,1956151
2016-01-01,Infosys,1842.72,1860.8,1828.59,1850.0,3706077
2016-01-01,TCS,3606.28,3622.06,3567.02,3600.0,1622560
2016-01-01,Wipro,701.0,704.4,697.61,700.0,3072354
2016-01-04,HCLTech,1566.69,1576.56,1550.24,1567.92,2207225
2016-01-04,Infosys,1838.12,1850.08,1817.29,1835.26,2548473
2016-01-04,TCS,3571.63,3592.16,3561.08,3568.83,1721751
2016-01-04,Wipro,683.51,687.93,675.58,683.73,3580823
2016-01-05,HCLTech,1574.81,1584.95,1566.81,1571.18,3844036
2016-01-05,Infosys,1815.43,1825.25,1778.32,1796.08,3482771
2016-01-05,TCS,3606.9,3632.5,3586.4,3595.46,2005284
2016-01-05,Wipro,677.96,686.43,674.62,680.1,4497867
2016-01-06,HCLTech,1551.76,1568.97,1548.84,1556.88,2118916
2016-01-06,Infosys,1813.41,1828.88,1808.81,1812.44,3450601
2016-01-06,TCS,3634.08,3659.8,3608.25,3628.54,2116525
2016-01-06,Wipro,684.7,686.89,681.64,684.7,3399112
2016-01-07,HCLTech,1564.37,1577.13,1553.3,1562.06,1627415
2016-01-07,Infosys,1793.18,1801.38,1786.96,1796.65,2392369
2016-01-07,TCS,3581.62,3586.85,3562.17,3567.91,1764992
2016-01-07,Wipro,679.87,689.84,677.47,683.85,3364076
2016-01-08,HCLTech,1573.22,1589.16,1549.68,1562.11,3059173
2016-01-08,Infosys,1789.95,1803.72,1780.02,1791.69,3256152
2016-01-08,TCS,3539.12,3559.77,3488.57,3528.89,2031023
2016-01-08,Wipro,658.12,667.91,653.98,660.25,4329437
2016-01-11,HCLTech,1602.27,1608.69,1590.41,1594.72,2272539
2016-01-11,Infosys,1744.19,1759.42,1737.62,1754.99,2828260
2016-01-11,TCS,3552.54,3564.45,3496.94,3535.55,2258577
2016-01-11,Wipro,652.66,654.75,645.5,652.8,4236138
2016-01-12,HCLTech,1585.25,1588.79,1569.01,1584.62,3031667
2016-01-12,Infosys,1747.71,1761.56,1733.29,1737.11,3477697
2016-01-12,TCS,3532.15,3571.29,3522.73,3528.16,2960734
2016-01-12,Wipro,636.46,648.92,631.11,644.68,5622247
2016-01-13,HCLTech,1575.38,1580.18,1557.35,1573.57,2057487
2016-01-13,Infosys,1709.28,1726.6,1693.53,1707.04,3658702
2016-01-13,TCS,3540.41,3581.98,3494.24,3530.33,1950134
2016-01-13,Wipro,655.27,658.53,649.35,651.34,4822206
2016-01-14,HCLTech,1555.52,1577.26,1545.02,1559.63,2387695
2016-01-14,Infosys,1691.68,1701.23,1680.55,1699.15,3465783
2016-01-14,TCS,3502.67,3521.12,3479.56,3506.06,1983549
2016-01-14,Wipro,676.81,687.88,669.9,682.69,3258003
2016-01-15,HCLTech,1599.03,1614.27,1596.9,1603.03,3302526
2016-01-15,Infosys,1684.92,1702.33,1680.37,1692.13,3246797
2016-01-15,TCS,3530.03,3547.08,3499.25,3536.73,2714581
2016-01-15,Wipro,680.47,691.82,672.71,684.5,3497963
2016-01-18,HCLTech,1578.18,1595.54,1567.65,1590.12,1995924
2016-01-18,Infosys,1695.1,1705.98,1682.36,1694.99,3390322
2016-01-18,TCS,3583.67,3595.91,3526.11,3564.46,1791967
2016-01-18,Wipro,674.31,681.56,664.15,670.08,4644066
2016-01-19,HCLTech,1622.74,1638.39,1615.31,1620.75,2513454
2016-01-19,Infosys,1728.22,1743.64,1718.57,1721.47,2529287
2016-01-19,TCS,3571.94,3594.29,3543.29,3569.51,1534610
2016-01-19,Wipro,670.73,674.67,663.29,668.33,3350079
2016-01-20,HCLTech,1604.37,1616.33,1589.56,1599.01,2755977
2016-01-20,Infosys,1728.24,1739.78,1719.23,1736.62,3180379
2016-01-20,TCS,3618.09,3656.51,3600.7,3608.93,2102646
2016-01-20,Wipro,669.01,675.26,663.04,668.65,3748764
2016-01-21,HCLTech,1611.36,1620.05,1596.29,1611.92,2251652
2016-01-21,Infosys,1712.24,1721.59,1687.69,1704.25,2728778
2016-01-21,TCS,3628.65,3652.24,3623.5,3627.23,2480306
2016-01-21,Wipro,670.76,682.51,664.66,678.02,2841136
2016-01-22,HCLTech,1612.47,1621.37,1609.9,1619.42,2728918
2016-01-22,Infosys,1717.21,1734.43,1698.68,1717.87,3933220
2016-01-22,TCS,3595.76,3608.2,3572.51,3602.41,2149760
2016-01-22,Wipro,690.93,700.15,683.7,693.57,3080123
2016-01-25,HCLTech,1649.78,1665.63,1647.59,1649.24,2608149
2016-01-25,Infosys,1714.63,1733.14,1708.29,1721.34,3668557
2016-01-25,TCS,3617.69,3622.89,3576.17,3617.56,1961567
2016-01-25,Wipro,710.42,719.02,704.56,711.39,5145746
2016-01-26,HCLTech,1687.29,1702.29,1672.09,1676.23,2893364
2016-01-26,Infosys,1717.14,1736.43,1699.19,1720.52,3666476
2016-01-26,TCS,3605.96,3618.58,3563.48,3589.68,1497008
2016-01-26,Wipro,717.9,724.89,712.98,718.55,4136015
2016-01-27,HCLTech,1687.25,1693.8,1677.32,1679.84,3758238
2016-01-27,Infosys,1733.95,1742.63,1702.66,1721.27,4507979
2016-01-27,TCS,3627.8,3665.06,3602.98,3621.46,1976788
2016-01-27,Wipro,723.98,725.19,716.63,718.79,3527158
2016-01-28,HCLTech,1668.72,1675.51,1662.27,1668.96,4439552
2016-01-28,Infosys,1716.7,1745.94,1703.52,1726.74,2995632
2016-01-28,TCS,3603.69,3651.56,3598.86,3623.17,2559413
2016-01-28,Wipro,747.85,750.62,734.74,738.52,3627683
2016-01-29,HCLTech,1726.37,1733.25,1699.82,1709.13,2852447
2016-01-29,Infosys,1708.46,1716.89,1688.29,1713.72,2867238
2016-01-29,TCS,3618.07,3646.57,3578.04,3620.53,1562557
2016-01-29,Wipro,737.04,744.15,732.78,734.19,5637013
2016-02-01,HCLTech,1718.31,1732.7,1679.5,1695.74,2543224
2016-02-01,Infosys,1718.12,1721.56,1704.91,1711.26,2981511
2016-02-01,TCS,3622.1,3638.43,3585.26,3601.82,1904458
2016-02-01,Wipro,732.74,736.1,726.13,735.21,3507597
2016-02-02,HCLTech,1640.63,1651.46,1638.44,1644.49,2839690
2016-02-02,Infosys,1738.64,1750.49,1734.01,1737.06,2322637
2016-02-02,TCS,3642.72,3686.08,3610.83,3645.17,1850859
2016-02-02,Wipro,737.92,742.86,723.57,732.29,4397198
2016-02-03,HCLTech,1602.04,1611.05,1594.26,1603.98,2481995
2016-02-03,Infosys,1718.07,1734.44,1700.41,1723.79,2359463
2016-02-03,TCS,3623.05,3660.57,3591.76,3643.66,1739514
2016-02-03,Wipro,702.42,710.47,700.97,705.03,4761612
2016-02-04,HCLTech,1575.16,1583.26,1552.2,1569.82,1892757
2016-02-04,Infosys,1710.88,1724.6,1693.05,1703.96,3623249
2016-02-04,TCS,3654.95,3692.18,3619.45,3633.22,2101668
2016-02-04,Wipro,709.84,728.9,705.7,721.67,5340335
2016-02-05,HCLTech,1577.64,1603.38,1566.06,1584.71,2575885
2016-02-05,Infosys,1711.32,1717.34,1695.86,1704.06,2420859
2016-02-05,TCS,3633.16,3672.6,3619.19,3625.36,2185420
2016-02-05,Wipro,725.1,738.05,718.79,730.83,3373941
2016-02-08,HCLTech,1643.26,1653.22,1619.92,1636.43,3228232
2016-02-08,Infosys,1684.81,1690.68,1679.76,1682.47,2580977
2016-02-08,TCS,3645.66,3669.5,3626.57,3646.46,2180845
2016-02-08,Wipro,690.24,701.9,689.33,700.64,3023471
2016-02-09,HCLTech,1592.95,1601.15,1582.09,1592.15,1939755
2016-02-09,Infosys,1645.17,1664.65,1642.35,1649.41,3135557
2016-02-09,TCS,3657.95,3701.92,3641.54,3662.24,1645073
2016-02-09,Wipro,712.0,719.77,707.85,713.72,3207717
2016-02-10,HCLTech,1579.48,1589.22,1573.34,1576.6,2135270
2016-02-10,Infosys,1640.82,1650.9,1637.54,1643.98,2946757
2016-02-10,TCS,3692.26,3707.19,3647.67,3679.69,1439002
2016-02-10,Wipro,709.39,717.07,702.48,710.18,4629738
2016-02-11,HCLTech,1575.94,1594.47,1571.12,1580.39,2314331
2016-02-11,Infosys,1676.24,1691.33,1669.18,1674.24,3820117
2016-02-11,TCS,3691.57,3728.36,3654.59,3697.87,2107758
2016-02-11,Wipro,716.08,724.86,713.05,723.3,5957645
2016-02-12,HCLTech,1610.61,1634.17,1595.57,1616.84,2801010
2016-02-12,Infosys,1665.71,1688.39,1646.26,1674.91,3238930
2016-02-12,TCS,3787.53,3794.99,3760.85,3773.86,1807533
2016-02-12,Wipro,720.77,729.25,714.82,724.66,4662038
2016-02-15,HCLTech,1585.49,1620.03,1568.83,1600.99,4182508
2016-02-15,Infosys,1689.37,1692.61,1673.1,1679.98,2727695
2016-02-15,TCS,3770.57,3794.0,3738.5,3764.13,2888708
2016-02-15,Wipro,701.21,713.3,695.83,707.54,3505716
2016-02-16,HCLTech,1628.01,1638.34,1606.28,1616.2,2211449
2016-02-16,Infosys,1650.78,1665.34,1622.67,1639.03,3886377
2016-02-16,TCS,3753.8,3766.53,3745.48,3750.91,2915522
2016-02-16,Wipro,707.69,711.63,701.53,708.26,5072630
2016-02-17,HCLTech,1619.95,1629.77,1602.14,1612.49,2647867
2016-02-17,Infosys,1647.53,1666.77,1645.53,1649.16,3702132
2016-02-17,TCS,3729.35,3735.65,3715.13,3727.64,2978098
2016-02-17,Wipro,693.54,700.82,691.02,697.28,3641789
2016-02-18,HCLTech,1680.0,1687.78,1664.5,1674.47,2603006
2016-02-18,Infosys,1654.99,1671.51,1645.02,1652.52,2413201
2016-02-18,TCS,3750.47,3756.44,3715.29,3752.54,1657192
2016-02-18,Wipro,686.84,688.31,680.54,682.48,3387028
2016-02-19,HCLTech,1682.78,1698.89,1677.9,1679.92,2447977
2016-02-19,Infosys,1649.1,1650.91,1622.91,1640.9,3365592
2016-02-19,TCS,3807.65,3825.06,3758.21,3795.13,2241221
2016-02-19,Wipro,694.36,700.97,692.8,693.62,3743451
2016-02-22,HCLTech,1671.41,1704.27,1667.99,1690.39,2575312
2016-02-22,Infosys,1659.57,1671.08,1641.0,1645.99,2773570
2016-02-22,TCS,3785.22,3823.96,3749.11,3795.55,2380564
2016-02-22,Wipro,706.04,708.58,694.54,698.93,3561100
2016-02-23,HCLTech,1688.28,1702.97,1668.17,1694.5,2369227
2016-02-23,Infosys,1661.75,1680.11,1644.11,1650.92,2758986
2016-02-23,TCS,3752.07,3793.95,3742.44,3771.29,2327554
2016-02-23,Wipro,716.41,722.62,714.22,718.46,3476114
2016-02-24,HCLTech,1684.7,1698.12,1682.24,1686.82,4500133
2016-02-24,Infosys,1619.78,1644.01,1603.44,1631.63,4650867
2016-02-24,TCS,3755.01,3771.23,3721.29,3747.75,1863148
2016-02-24,Wipro,723.52,728.36,707.99,713.81,5107172
2016-02-25,HCLTech,1702.53,1717.16,1694.29,1711.57,3020572
2016-02-25,Infosys,1637.56,1646.61,1633.74,1639.73,3280530
2016-02-25,TCS,3781.69,3826.71,3752.86,3774.18,2583073
2016-02-25,Wipro,702.0,703.37,697.04,701.98,3607949
2016-02-26,HCLTech,1672.25,1700.74,1657.87,1686.18,2373302
2016-02-26,Infosys,1668.6,1673.84,1662.45,1665.09,3063760
2016-02-26,TCS,3809.76,3852.95,3758.71,3804.0,2000190
2016-02-26,Wipro,708.19,714.63,700.99,710.55,2911988
2016-02-29,HCLTech,1633.86,1647.89,1624.59,1641.7,3294412
2016-02-29,Infosys,1658.75,1676.38,1639.46,1662.19,3254833
2016-02-29,TCS,3832.13,3841.25,3795.84,3827.21,2051904
2016-02-29,Wipro,711.13,713.03,693.54,700.42,4497260
2016-03-01,HCLTech,1640.78,1648.73,1621.02,1640.39,2736965
2016-03-01,Infosys,1659.01,1674.74,1637.65,1646.63,3811408
2016-03-01,TCS,3805.09,3830.13,3762.14,3808.93,1470467
2016-03-01,Wipro,688.99,699.45,685.56,696.97,3304773
2016-03-02,HCLTech,1661.81,1664.72,1659.15,1661.41,2630307
2016-03-02,Infosys,1656.09,1674.37,1631.24,1644.79,2781053
2016-03-02,TCS,3831.03,3862.2,3811.6,3821.53,2275273
2016-03-02,Wipro,701.61,707.52,698.62,704.06,3326149
2016-03-03,HCLTech,1657.49,1663.16,1632.61,1650.14,2507053
2016-03-03,Infosys,1657.76,1681.68,1653.78,1663.45,2877669
2016-03-03,TCS,3829.68,3864.97,3806.86,3830.23,1898501
2016-03-03,Wipro,695.6,707.43,694.28,702.94,4602236
2016-03-04,HCLTech,1673.49,1678.75,1652.55,1656.66,2473179
2016-03-04,Infosys,1639.73,1648.61,1634.11,1640.84,3649116
2016-03-04,TCS,3836.63,3861.85,3800.23,3842.52,2194826
2016-03-04,Wipro,689.23,701.29,682.81,697.26,3459793
2016-03-07,HCLTech,1636.26,1651.14,1625.47,1630.78,2037079
2016-03-07,Infosys,1648.8,1666.64,1638.81,1654.0,2362860
2016-03-07,TCS,3873.79,3913.3,3854.24,3877.59,2096291
2016-03-07,Wipro,671.54,681.56,667.21,680.35,3653643
2016-03-08,HCLTech,1656.04,1671.78,1644.76,1657.46,1860376
2016-03-08,Infosys,1640.98,1645.8,1627.15,1642.33,3901281
2016-03-08,TCS,3915.12,3924.38,3859.32,3890.28,2073700
2016-03-08,Wipro,695.1,698.47,689.15,692.4,4033883
2016-03-09,HCLTech,1689.78,1701.47,1657.21,1674.94,2800111
2016-03-09,Infosys,1647.3,1652.22,1640.34,1648.86,2321270
2016-03-09,TCS,3897.71,3937.29,3871.87,3919.07,1981797
2016-03-09,Wipro,682.58,689.3,676.61,688.32,3777362
2016-03-10,HCLTech,1664.75,1686.52,1655.5,1677.7,2502011
2016-03-10,Infosys,1646.07,1649.01,1621.89,1639.49,3046512
2016-03-10,TCS,3932.63,3967.55,3879.67,3926.44,2340740
2016-03-10,Wipro,695.4,699.14,692.61,696.52,3670951
2016-03-11,HCLTech,1666.93,1702.15,1659.88,1683.99,3098746
2016-03-11,Infosys,1624.06,1648.38,1608.48,1630.13,2324219
2016-03-11,TCS,3920.93,3972.79,3909.51,3941.72,1922004
2016-03-11,Wipro,707.12,708.49,698.76,703.16,2503540
2016-03-14,HCLTech,1646.58,1671.49,1637.66,1653.75,2176092
2016-03-14,Infosys,1643.84,1666.46,1632.22,1662.01,2590628
2016-03-14,TCS,3967.94,4009.82,3923.15,3969.3,1494972
2016-03-14,Wipro,719.73,721.78,713.48,717.64,3864072
2016-03-15,HCLTech,1631.57,1644.02,1621.78,1625.09,2087407
2016-03-15,Infosys,1624.95,1646.25,1615.12,1635.94,4148240
2016-03-15,TCS,3917.32,3928.62,3896.1,3922.67,2241036
2016-03-15,Wipro,717.0,721.68,712.29,715.13,5523354
2016-03-16,HCLTech,1625.94,1639.34,1607.99,1624.6,3036626
2016-03-16,Infosys,1640.22,1656.81,1627.4,1647.32,3943396
2016-03-16,TCS,3890.88,3927.95,3866.96,3916.52,1701220
2016-03-16,Wipro,716.67,724.7,704.32,711.21,4536805
2016-03-17,HCLTech,1629.61,1654.64,1611.57,1638.64,2450871
2016-03-17,Infosys,1679.15,1691.47,1663.95,1683.78,4028585
2016-03-17,TCS,3909.89,3915.89,3878.49,3905.11,1534638
2016-03-17,Wipro,704.81,707.02,691.57,697.7,3710601
2016-03-18,HCLTech,1648.11,1668.8,1634.21,1653.99,3085328
2016-03-18,Infosys,1700.93,1712.69,1695.37,1699.59,2394927
2016-03-18,TCS,3883.21,3899.96,3867.99,3887.86,1630193
2016-03-18,Wipro,686.02,697.7,681.41,691.45,4394397
2016-03-21,HCLTech,1637.97,1653.69,1628.32,1647.97,2617458
2016-03-21,Infosys,1666.98,1676.28,1649.67,1674.55,2593321
2016-03-21,TCS,3857.81,3887.47,3813.06,3883.41,2116605
2016-03-21,Wipro,698.37,699.41,690.26,696.25,4534734
2016-03-22,HCLTech,1657.54,1678.55,1644.68,1667.65,3784886
2016-03-22,Infosys,1642.5,1659.43,1632.01,1650.87,3425081
2016-03-22,TCS,3951.72,3977.59,3897.82,3941.28,1961762
2016-03-22,Wipro,685.45,689.85,684.09,686.63,3380021
2016-03-23,HCLTech,1716.61,1721.2,1691.57,1703.62,3024239
2016-03-23,Infosys,1631.55,1648.2,1613.13,1637.93,3692169
2016-03-23,TCS,3933.69,3960.49,3870.13,3915.95,1305531
2016-03-23,Wipro,690.45,694.83,686.5,691.09,5143477
2016-03-24,HCLTech,1702.78,1720.85,1700.11,1703.98,2822042
2016-03-24,Infosys,1635.25,1659.09,1616.42,1642.93,2727125
2016-03-24,TCS,3974.19,4006.92,3908.24,3955.58,1852277
2016-03-24,Wipro,703.43,711.71,698.08,710.16,4132610
2016-03-25,HCLTech,1728.81,1742.96,1704.73,1713.88,3051083
2016-03-25,Infosys,1645.46,1663.67,1643.26,1649.3,2850135
2016-03-25,TCS,3905.83,3926.27,3868.77,3901.42,2526900
2016-03-25,Wipro,702.7,710.7,698.95,705.06,3757780
2016-03-28,HCLTech,1703.96,1731.55,1689.94,1711.41,2461896
2016-03-28,Infosys,1622.14,1643.04,1613.66,1626.22,2552009
2016-03-28,TCS,3895.56,3899.59,3871.75,3894.99,1827388
2016-03-28,Wipro,687.3,690.93,681.22,689.14,5497985
2016-03-29,HCLTech,1715.02,1719.31,1693.24,1710.9,1871852
2016-03-29,Infosys,1615.83,1624.14,1600.22,1611.16,4458444
2016-03-29,TCS,3922.44,3955.44,3865.6,3906.06,1934892
2016-03-29,Wipro,690.79,697.56,679.97,684.59,2644886
2016-03-30,HCLTech,1719.42,1730.79,1709.01,1717.51,2794622
2016-03-30,Infosys,1590.81,1601.5,1579.77,1597.43,2910019
2016-03-30,TCS,3953.04,3959.35,3927.18,3932.14,2463900
2016-03-30,Wipro,662.99,672.85,659.54,667.84,3161771
2016-03-31,HCLTech,1769.18,1785.03,1743.93,1761.57,3833695
2016-03-31,Infosys,1593.46,1604.5,1577.46,1595.86,3220089
2016-03-31,TCS,3977.05,4018.92,3922.54,3962.88,2344905
2016-03-31,Wipro,674.43,690.91,670.67,684.64,4547669
2016-04-01,HCLTech,1789.18,1808.03,1770.28,1786.95,1644477
2016-04-01,Infosys,1632.53,1655.24,1628.36,1636.27,3253982
2016-04-01,TCS,3984.99,4001.82,3959.21,3996.83,2453455
2016-04-01,Wipro,686.24,688.19,680.14,686.26,4577308
2016-04-04,HCLTech,1819.17,1838.07,1790.1,1810.41,2855766
2016-04-04,Infosys,1625.5,1630.95,1607.27,1619.98,3991930
2016-04-04,TCS,3992.4,4019.69,3956.33,3989.87,1148706
2016-04-04,Wipro,672.55,680.94,671.39,677.9,5560301
2016-04-05,HCLTech,1806.55,1812.37,1780.24,1801.65,1912619
2016-04-05,Infosys,1601.99,1607.71,1583.78,1603.03,2644964
2016-04-05,TCS,3984.38,4027.59,3958.52,3978.87,2828797
2016-04-05,Wipro,671.08,677.55,664.22,671.67,2547463
2016-04-06,HCLTech,1772.32,1802.86,1769.73,1781.82,2587909
2016-04-06,Infosys,1590.29,1608.4,1564.34,1583.28,4042256
2016-04-06,TCS,3992.53,4044.65,3972.34,4015.35,2271470
2016-04-06,Wipro,660.84,664.79,657.02,658.09,4749475
2016-04-07,HCLTech,1800.73,1821.96,1783.84,1794.27,2641648
2016-04-07,Infosys,1589.63,1615.63,1587.86,1597.34,2477888
2016-04-07,TCS,4020.04,4050.96,4008.69,4014.1,3272134
2016-04-07,Wipro,670.33,676.09,668.69,670.76,3118102
2016-04-08,HCLTech,1827.63,1849.88,1810.25,1828.56,3018868
2016-04-08,Infosys,1598.15,1602.71,1579.46,1598.49,4040202
2016-04-08,TCS,4002.45,4036.46,3951.4,3973.89,1710322
2016-04-08,Wipro,692.03,697.76,685.17,693.91,4349558
2016-04-11,HCLTech,1868.93,1890.6,1850.14,1876.06,2711614
2016-04-11,Infosys,1579.49,1598.3,1575.79,1583.32,2270706
2016-04-11,TCS,3947.1,3956.36,3917.52,3939.15,1405589
2016-04-11,Wipro,675.42,681.76,671.96,676.08,3948323
2016-04-12,HCLTech,1821.68,1840.17,1812.03,1815.5,3421965
2016-04-12,Infosys,1570.26,1587.41,1559.41,1578.37,3133779
2016-04-12,TCS,3930.45,3963.56,3898.67,3912.25,2002889
2016-04-12,Wipro,693.19,698.78,685.33,689.5,4741124
2016-04-13,HCLTech,1890.14,1893.61,1867.19,1881.62,3283111
2016-04-13,Infosys,1564.92,1575.41,1559.11,1565.36,4429285
2016-04-13,TCS,3937.68,3979.75,3920.77,3935.41,1892829
2016-04-13,Wipro,682.08,690.01,678.6,687.06,3816063
2016-04-14,HCLTech,1891.05,1902.76,1870.47,1895.54,2499714
2016-04-14,Infosys,1584.35,1594.63,1560.8,1572.87,3678856
2016-04-14,TCS,3945.18,3992.33,3915.89,3946.09,2279326
2016-04-14,Wipro,706.77,714.33,702.11,703.53,4896386
2016-04-15,HCLTech,1919.46,1926.63,1912.74,1922.76,3236168
2016-04-15,Infosys,1620.54,1645.31,1618.26,1626.36,3481277
2016-04-15,TCS,3981.16,4004.55,3958.51,3976.39,2479688
2016-04-15,Wipro,676.99,687.46,671.78,681.29,3389483
2016-04-18,HCLTech,1866.64,1891.7,1857.64,1879.37,2442336
2016-04-18,Infosys,1638.29,1644.14,1632.36,1639.17,2594691
2016-04-18,TCS,3956.64,3985.82,3916.54,3966.82,1965385
2016-04-18,Wipro,687.27,688.47,678.79,684.66,3935372
2016-04-19,HCLTech,1859.51,1897.82,1849.58,1876.03,2359712
2016-04-19,Infosys,1630.36,1654.95,1623.34,1639.37,2762650
2016-04-19,TCS,3966.14,4015.14,3957.31,3978.2,1905997
2016-04-19,Wipro,673.68,681.22,671.6,680.26,4157239
2016-04-20,HCLTech,1898.44,1916.17,1888.3,1900.69,2043440
2016-04-20,Infosys,1618.41,1630.09,1600.49,1628.36,4187190
2016-04-20,TCS,4022.44,4050.48,3976.96,4006.43,2220408
2016-04-20,Wipro,691.35,697.49,682.6,688.99,5593664
2016-04-21,HCLTech,1879.86,1891.28,1859.13,1872.58,3380096
2016-04-21,Infosys,1599.02,1617.01,1587.15,1604.31,3517036
2016-04-21,TCS,4018.39,4033.78,3990.01,4001.06,1900052
2016-04-21,Wipro,689.92,695.86,688.48,690.37,4725078
2016-04-22,HCLTech,1796.09,1818.66,1793.1,1801.15,2448575
2016-04-22,Infosys,1617.46,1633.77,1603.24,1620.52,3823631
2016-04-22,TCS,4010.81,4034.99,3983.49,4023.35,1868527
2016-04-22,Wipro,691.68,699.41,684.68,691.26,4166875
2016-04-25,HCLTech,1825.15,1838.03,1795.08,1812.43,1601932
2016-04-25,Infosys,1633.03,1651.02,1619.26,1635.82,3247578
2016-04-25,TCS,4017.47,4029.01,3976.89,4005.24,2461015
2016-04-25,Wipro,694.75,700.6,684.54,690.56,4546035
2016-04-26,HCLTech,1812.15,1824.91,1807.89,1813.97,2897721
2016-04-26,Infosys,1627.18,1646.94,1618.53,1628.73,3024677
2016-04-26,TCS,3996.86,4022.15,3964.62,3997.96,2573077
2016-04-26,Wipro,707.23,713.23,699.42,710.9,4970524
2016-04-27,HCLTech,1851.99,1868.5,1833.57,1853.81,2383829
2016-04-27,Infosys,1643.26,1670.05,1641.36,1654.68,3730279
2016-04-27,TCS,3994.29,4005.76,3967.27,3990.02,2484174
2016-04-27,Wipro,709.19,710.33,702.13,709.3,4311137
2016-04-28,HCLTech,1849.91,1864.82,1847.71,1852.53,2449266
2016-04-28,Infosys,1652.81,1672.17,1649.22,1657.17,3370366
2016-04-28,TCS,3958.77,3963.58,3926.92,3953.03,1933827
2016-04-28,Wipro,722.45,727.4,713.65,721.07,3258430
2016-04-29,HCLTech,1862.09,1877.09,1835.26,1853.16,2481115
2016-04-29,Infosys,1678.27,1684.63,1664.61,1674.74,3093053
2016-04-29,TCS,3988.63,3994.9,3964.26,3976.15,1303677
2016-04-29,Wipro,728.55,734.64,720.15,729.93,4535654
2016-05-02,HCLTech,1865.46,1892.67,1856.31,1874.25,2430752
2016-05-02,Infosys,1673.23,1702.86,1654.23,1682.8,2411742
2016-05-02,TCS,3966.17,4010.71,3940.98,3965.14,1941587
2016-05-02,Wipro,745.73,754.16,734.73,742.37,3977412
2016-05-03,HCLTech,1903.31,1916.11,1887.68,1904.51,4486464
2016-05-03,Infosys,1678.82,1691.67,1672.55,1681.33,3872624
2016-05-03,TCS,3989.02,3996.21,3951.07,3971.34,1718670
2016-05-03,Wipro,731.1,737.53,722.46,729.59,3727346
2016-05-04,HCLTech,1883.58,1899.15,1877.98,1888.63,3625718
2016-05-04,Infosys,1666.3,1675.62,1649.8,1664.25,3494380
2016-05-04,TCS,3998.24,4005.46,3961.08,3994.34,1948777
2016-05-04,Wipro,736.9,747.66,734.57,739.6,3418653
2016-05-05,HCLTech,1911.47,1930.44,1898.27,1916.74,2990216
2016-05-05,Infosys,1657.97,1674.27,1641.23,1663.42,2834593
2016-05-05,TCS,4024.15,4048.14,3993.02,4016.24,1748798
2016-05-05,Wipro,750.7,757.7,737.83,744.76,4491383
2016-05-06,HCLTech,1906.07,1926.94,1897.56,1905.74,2728566
2016-05-06,Infosys,1684.83,1693.82,1663.95,1682.42,4051152
2016-05-06,TCS,4035.62,4061.18,3996.98,4046.22,1991721
2016-05-06,Wipro,732.23,738.28,723.84,729.64,4431306
2016-05-09,HCLTech,1908.07,1919.92,1906.08,1909.13,3258489
2016-05-09,Infosys,1663.61,1686.88,1656.58,1674.28,3359907
2016-05-09,TCS,4076.12,4123.36,4025.47,4048.49,1624649
2016-05-09,Wipro,723.66,732.75,715.28,727.51,3304156
2016-05-10,HCLTech,1940.1,1960.13,1912.8,1930.13,2729841
2016-05-10,Infosys,1691.53,1699.73,1666.28,1685.23,3373094
2016-05-10,TCS,4044.92,4089.49,4024.42,4038.93,1548061
2016-05-10,Wipro,754.8,764.47,748.07,758.86,3206153
2016-05-11,HCLTech,1956.01,1971.35,1951.24,1956.12,3060825
2016-05-11,Infosys,1668.11,1674.18,1652.74,1665.55,3818775
2016-05-11,TCS,4050.96,4073.05,4025.66,4041.87,2554063
2016-05-11,Wipro,753.16,759.17,750.26,754.21,5839347
2016-05-12,HCLTech,1973.25,1975.49,1945.58,1967.89,2907099
2016-05-12,Infosys,1683.7,1702.57,1672.21,1683.3,3657910
2016-05-12,TCS,3966.56,4010.37,3960.61,3986.7,1647428
2016-05-12,Wipro,752.02,759.71,747.8,749.9,4751307
2016-05-13,HCLTech,1942.97,1955.09,1927.78,1941.33,2667603
2016-05-13,Infosys,1699.74,1718.79,1675.56,1691.73,3393580
2016-05-13,TCS,3930.59,3960.99,3903.31,3940.79,2000132
2016-05-13,Wipro,746.2,759.39,743.15,756.68,4069984
2016-05-16,HCLTech,1907.14,1913.47,1892.14,1894.07,3137963
2016-05-16,Infosys,1667.26,1680.35,1661.22,1669.57,3081553
2016-05-16,TCS,3914.99,3920.54,3860.21,3899.76,2420684
2016-05-16,Wipro,746.24,758.32,741.56,750.02,4515624
2016-05-17,HCLTech,1889.19,1897.01,1867.67,1891.99,2390437
2016-05-17,Infosys,1662.82,1686.46,1646.3,1667.14,4758267
2016-05-17,TCS,3873.96,3890.31,3833.85,3870.46,2401294
2016-05-17,Wipro,749.85,757.97,743.72,752.58,3642782
2016-05-18,HCLTech,1918.02,1927.71,1913.3,1920.84,2630574
2016-05-18,Infosys,1697.72,1707.18,1674.21,1687.96,2763203
2016-05-18,TCS,3866.6,3899.12,3844.11,3889.98,2344604
2016-05-18,Wipro,740.45,751.53,737.95,747.18,3864432
2016-05-19,HCLTech,1943.01,1960.18,1916.23,1935.93,2137472
2016-05-19,Infosys,1677.62,1686.44,1648.39,1664.7,3714875
2016-05-19,TCS,3876.58,3884.83,3851.73,3863.93,2124890
2016-05-19,Wipro,748.44,755.78,745.78,753.28,4017211
2016-05-20,HCLTech,1942.45,1960.83,1933.47,1945.46,2187407
2016-05-20,Infosys,1640.67,1663.7,1623.59,1645.46,3146777
2016-05-20,TCS,3849.69,3883.94,3809.28,3856.29,2311618
2016-05-20,Wipro,753.75,756.79,749.84,753.1,4850854
2016-05-23,HCLTech,1953.0,1966.48,1934.11,1948.23,1567812
2016-05-23,Infosys,1645.31,1659.2,1632.49,1646.09,3504660
2016-05-23,TCS,3924.61,3932.8,3900.85,3907.2,2632054
2016-05-23,Wipro,778.31,786.51,770.62,780.71,3015088
2016-05-24,HCLTech,1982.23,1995.02,1939.68,1959.66,2848592
2016-05-24,Infosys,1698.27,1714.22,1688.46,1690.84,4095281
2016-05-24,TCS,3899.14,3908.53,3878.12,3900.22,2177443
2016-05-24,Wipro,780.01,784.12,776.1,782.03,3261681
2016-05-25,HCLTech,1926.24,1945.72,1923.25,1935.5,3009624
2016-05-25,Infosys,1678.73,1688.58,1671.55,1679.28,3006675
2016-05-25,TCS,3934.28,3959.01,3890.77,3931.75,1385009
2016-05-25,Wipro,772.84,780.39,771.4,779.58,3130979
2016-05-26,HCLTech,1974.48,1995.71,1943.09,1959.71,3230365
2016-05-26,Infosys,1695.56,1704.85,1673.31,1691.34,3609315
2016-05-26,TCS,3918.87,3941.86,3883.56,3904.35,1799377
2016-05-26,Wipro,793.77,797.9,788.22,794.84,4744176
2016-05-27,HCLTech,1981.27,2008.41,1976.05,1986.06,2085536
2016-05-27,Infosys,1704.25,1707.51,1685.26,1698.67,3374550
2016-05-27,TCS,3891.6,3912.42,3882.66,3902.61,2298878
2016-05-27,Wipro,768.53,779.22,767.71,775.85,3920078
2016-05-30,HCLTech,1992.18,2010.93,1961.59,1979.17,2839117
2016-05-30,Infosys,1684.74,1708.37,1666.56,1688.72,2814798
2016-05-30,TCS,3862.71,3878.87,3847.55,3874.81,1764254
2016-05-30,Wipro,807.91,817.08,793.79,800.52,3330155
2016-05-31,HCLTech,2001.01,2009.35,1988.77,1994.29,2599630
2016-05-31,Infosys,1697.0,1702.95,1685.15,1694.01,4115542
2016-05-31,TCS,3866.0,3880.47,3836.62,3868.39,2765353
2016-05-31,Wipro,795.76,801.65,778.99,787.07,3826651
2016-06-01,HCLTech,1955.58,1977.2,1947.42,1949.84,3013275
2016-06-01,Infosys,1686.89,1697.79,1675.84,1686.94,3689121
2016-06-01,TCS,3913.36,3927.43,3892.75,3903.18,1974887
2016-06-01,Wipro,802.42,809.21,800.15,804.82,3525186
2016-06-02,HCLTech,1956.21,1977.26,1950.91,1957.66,2282399
2016-06-02,Infosys,1673.12,1685.5,1655.57,1681.7,2933630
2016-06-02,TCS,3832.19,3886.01,3800.75,3848.29,2034391
2016-06-02,Wipro,821.06,836.65,812.61,826.89,3002326
2016-06-03,HCLTech,1954.51,1961.53,1939.1,1956.91,2430877
2016-06-03,Infosys,1643.6,1663.84,1628.18,1650.45,3990312
2016-06-03,TCS,3848.42,3911.52,3826.02,3868.69,2504517
2016-06-03,Wipro,824.2,828.36,812.83,819.78,5146745
2016-06-06,HCLTech,1987.6,2004.13,1964.06,1994.64,1905627
2016-06-06,Infosys,1647.38,1660.65,1638.89,1651.9,2709778
2016-06-06,TCS,3892.38,3913.66,3864.13,3882.3,1928181
2016-06-06,Wipro,817.17,826.6,812.43,814.13,3882292
2016-06-07,HCLTech,1992.08,2001.25,1968.77,1992.02,2252695
2016-06-07,Infosys,1678.29,1694.14,1669.67,1671.76,3181535
2016-06-07,TCS,3859.53,3887.96,3845.44,3866.87,2071768
2016-06-07,Wipro,822.85,832.2,810.34,813.19,5170576
2016-06-08,HCLTech,2017.52,2037.57,1998.95,2019.34,2601611
2016-06-08,Infosys,1681.63,1693.08,1656.96,1674.85,2936757
2016-06-08,TCS,3817.33,3855.83,3778.94,3822.05,2394015
2016-06-08,Wipro,834.18,841.35,820.12,823.01,2993785
2016-06-09,HCLTech,2013.11,2026.72,1990.97,2011.22,2692140
2016-06-09,Infosys,1704.23,1708.36,1682.47,1698.87,3718845
2016-06-09,TCS,3807.37,3859.95,3786.95,3829.71,1489876
2016-06-09,Wipro,798.74,814.48,796.13,809.0,4424465
2016-06-10,HCLTech,1937.25,1958.37,1916.69,1950.69,1855835
2016-06-10,Infosys,1715.87,1717.79,1702.52,1712.7,2907268
2016-06-10,TCS,3808.47,3828.17,3773.73,3816.63,1889075
2016-06-10,Wipro,813.97,822.14,804.27,808.05,2997544
2016-06-13,HCLTech,1947.55,1954.44,1934.07,1947.33,2347195
2016-06-13,Infosys,1716.4,1722.12,1701.41,1713.42,3724182
2016-06-13,TCS,3829.65,3838.11,3807.27,3829.74,2360746
2016-06-13,Wipro,803.01,807.81,794.19,804.14,6523236
2016-06-14,HCLTech,1967.63,1979.5,1948.63,1955.5,2684714
2016-06-14,Infosys,1704.47,1719.75,1696.95,1702.48,3603994
2016-06-14,TCS,3846.85,3869.21,3827.88,3835.59,2026412
2016-06-14,Wipro,790.99,794.98,785.53,788.26,2830356
2016-06-15,HCLTech,1971.52,1987.93,1946.19,1962.42,3445676
2016-06-15,Infosys,1697.38,1714.55,1685.1,1694.48,2968631
2016-06-15,TCS,3886.98,3924.54,3864.26,3896.43,2682137
2016-06-15,Wipro,777.97,780.52,765.5,774.17,5728743
2016-06-16,HCLTech,1969.99,1982.98,1964.73,1969.77,2195717
2016-06-16,Infosys,1670.02,1677.96,1662.03,1666.69,4613996
2016-06-16,TCS,3913.54,3923.42,3867.52,3893.16,1459308
2016-06-16,Wipro,780.16,783.13,771.08,776.55,3984171
2016-06-17,HCLTech,1983.35,1991.03,1938.71,1958.6,2867739
2016-06-17,Infosys,1653.41,1674.66,1647.93,1663.2,2756891
2016-06-17,TCS,3854.18,3878.82,3830.92,3862.5,1426390
2016-06-17,Wipro,783.61,785.57,773.48,778.68,3856444
2016-06-20,HCLTech,1946.95,1967.74,1936.18,1952.47,2323787
2016-06-20,Infosys,1662.41,1674.01,1645.27,1667.94,2414151
2016-06-20,TCS,3865.43,3890.67,3826.86,3873.76,2332835
2016-06-20,Wipro,765.92,776.58,759.47,768.62,4500383
2016-06-21,HCLTech,1923.78,1947.66,1916.21,1924.59,2378229
2016-06-21,Infosys,1697.13,1722.7,1688.67,1704.48,3797605
2016-06-21,TCS,3905.3,3920.43,3843.61,3886.44,2378116
2016-06-21,Wipro,765.68,771.07,758.13,770.29,3315769
2016-06-22,HCLTech,1860.85,1879.64,1841.72,1874.12,2181466
2016-06-22,Infosys,1725.18,1745.22,1700.07,1717.18,2081875
2016-06-22,TCS,3941.93,3965.85,3901.28,3939.31,1924174
2016-06-22,Wipro,767.64,772.0,753.14,761.93,4680083
2016-06-23,HCLTech,1870.2,1886.66,1866.04,1873.9,2109906
2016-06-23,Infosys,1713.13,1729.03,1690.7,1701.27,4312484
2016-06-23,TCS,3967.17,4006.59,3937.77,3974.07,2166745
2016-06-23,Wipro,776.35,784.54,775.55,780.63,4749133
2016-06-24,HCLTech,1873.31,1882.93,1835.21,1856.97,2364467
2016-06-24,Infosys,1658.73,1677.22,1655.78,1673.91,3265789
2016-06-24,TCS,3989.94,4018.25,3962.18,3991.89,2321442
2016-06-24,Wipro,788.93,793.09,775.54,779.74,4009540
2016-06-27,HCLTech,1884.43,1894.23,1862.85,1887.81,3206287
2016-06-27,Infosys,1682.54,1692.32,1663.2,1671.52,2405490
2016-06-27,TCS,4067.17,4080.25,4017.1,4049.87,1699568
2016-06-27,Wipro,792.03,804.03,789.68,795.85,4205128
2016-06-28,HCLTech,1819.8,1852.96,1805.79,1833.47,2235617
2016-06-28,Infosys,1690.26,1710.37,1685.01,1689.64,2647082
2016-06-28,TCS,4030.32,4038.92,3995.04,4011.75,1736336
2016-06-28,Wipro,770.65,780.25,768.59,772.5,5883921
2016-06-29,HCLTech,1851.3,1872.66,1827.13,1843.41,2167043
2016-06-29,Infosys,1694.11,1700.08,1672.36,1686.92,2307888
2016-06-29,TCS,3983.37,4033.73,3943.82,3993.63,2077348
2016-06-29,Wipro,776.6,783.98,774.57,777.53,4556386
2016-06-30,HCLTech,1905.12,1914.37,1898.82,1901.49,2711052
2016-06-30,Infosys,1703.28,1717.54,1680.92,1699.66,3454671
2016-06-30,TCS,3964.78,3990.18,3923.45,3965.31,2396393
2016-06-30,Wipro,778.85,793.2,771.99,786.45,3420727
2016-07-01,HCLTech,1906.87,1916.06,1888.09,1899.12,2602712
2016-07-01,Infosys,1707.99,1727.33,1681.74,1697.69,2454119
2016-07-01,TCS,3957.34,3964.0,3940.63,3956.21,1584003
2016-07-01,Wipro,777.45,792.74,776.23,785.02,4647832
2016-07-04,HCLTech,1898.76,1905.34,1878.38,1901.52,2564754
2016-07-04,Infosys,1715.58,1731.89,1697.68,1714.07,3538024
2016-07-04,TCS,3900.06,3927.21,3857.43,3912.19,1922367
2016-07-04,Wipro,782.43,786.53,770.01,777.95,3591994
2016-07-05,HCLTech,1905.95,1930.31,1903.8,1915.38,2735485
2016-07-05,Infosys,1673.58,1696.15,1656.04,1683.2,3010740
2016-07-05,TCS,3938.62,3978.09,3897.91,3939.31,1904653
2016-07-05,Wipro,767.93,780.92,760.8,776.29,3455558
2016-07-06,HCLTech,1929.68,1933.92,1921.59,1931.42,2124626
2016-07-06,Infosys,1716.83,1728.88,1700.45,1717.59,2909781
2016-07-06,TCS,3936.14,3972.63,3913.76,3936.08,2174370
2016-07-06,Wipro,799.83,802.78,782.9,787.23,4431880
2016-07-07,HCLTech,1928.08,1940.53,1913.44,1922.85,2172179
2016-07-07,Infosys,1700.14,1719.21,1684.15,1696.46,3543163
2016-07-07,TCS,3902.85,3944.35,3846.09,3888.86,1996523
2016-07-07,Wipro,770.28,773.53,765.91,770.74,3268798
2016-07-08,HCLTech,1897.61,1903.37,1881.62,1898.28,3166926
2016-07-08,Infosys,1712.78,1723.49,1697.61,1714.33,3624995
2016-07-08,TCS,3872.64,3902.16,3848.97,3857.94,1793143
2016-07-08,Wipro,775.95,789.8,769.38,780.99,4037288
2016-07-11,HCLTech,1921.74,1937.88,1901.3,1918.09,2525212
2016-07-11,Infosys,1715.09,1733.81,1700.82,1710.36,4024140
2016-07-11,TCS,3869.26,3895.17,3864.2,3873.28,2567314
2016-07-11,Wipro,788.03,795.42,785.07,785.95,4577004
2016-07-12,HCLTech,1864.93,1890.82,1861.73,1869.84,2929406
2016-07-12,Infosys,1709.11,1719.4,1706.07,1709.58,2819036
2016-07-12,TCS,3904.4,3929.28,3885.56,3907.03,1795521
2016-07-12,Wipro,770.68,787.41,766.63,782.73,5860508
2016-07-13,HCLTech,1898.02,1901.77,1887.64,1894.07,3321178
2016-07-13,Infosys,1701.96,1722.12,1687.04,1706.22,3180978
2016-07-13,TCS,3990.69,4003.2,3953.6,3982.35,1886508
2016-07-13,Wipro,778.47,781.22,776.15,780.11,4544697
2016-07-14,HCLTech,1885.96,1904.01,1866.95,1885.99,3079169
2016-07-14,Infosys,1705.22,1731.99,1689.98,1713.02,2818163
2016-07-14,TCS,4085.18,4126.1,4065.3,4092.71,1454769
2016-07-14,Wipro,780.41,788.58,778.07,781.42,2981124
2016-07-15,HCLTech,1881.82,1907.48,1875.96,1888.34,1976947
2016-07-15,Infosys,1721.16,1736.17,1715.21,1724.0,3306030
2016-07-15,TCS,4120.16,4150.79,4065.79,4112.52,1733984
2016-07-15,Wipro,799.14,814.75,793.5,805.54,3075713
2016-07-18,HCLTech,1878.0,1883.52,1868.93,1876.72,2540120
2016-07-18,Infosys,1749.09,1756.8,1727.5,1747.58,2738726
2016-07-18,TCS,4079.36,4091.53,4063.85,4080.49,2217459
2016-07-18,Wipro,807.81,820.12,804.82,811.04,5649479
2016-07-19,HCLTech,1913.31,1938.31,1907.99,1916.94,3201686
2016-07-19,Infosys,1764.34,1781.69,1761.55,1778.92,2939770
2016-07-19,TCS,3995.03,4050.29,3978.68,4007.25,2132441
2016-07-19,Wipro,805.52,812.65,793.72,797.81,3523460
2016-07-20,HCLTech,1931.71,1946.83,1907.97,1925.87,2886545
2016-07-20,Infosys,1781.71,1805.25,1765.5,1787.55,2942768
2016-07-20,TCS,4009.08,4041.5,3977.08,4021.18,2254775
2016-07-20,Wipro,792.9,799.35,784.95,791.99,2953530
2016-07-21,HCLTech,1927.65,1940.92,1916.93,1919.42,2697430
2016-07-21,Infosys,1810.99,1840.57,1789.89,1826.25,3393368
2016-07-21,TCS,4014.32,4020.53,3991.9,3996.06,2232994
2016-07-21,Wipro,778.18,779.99,770.15,776.23,3271800
2016-07-22,HCLTech,1916.92,1933.0,1903.96,1912.22,1873112
2016-07-22,Infosys,1825.08,1836.94,1817.05,1829.82,3201891
2016-07-22,TCS,3983.32,4003.64,3947.46,3985.28,3036452
2016-07-22,Wipro,746.92,752.09,743.46,750.63,4688536
2016-07-25,HCLTech,1895.16,1918.37,1882.17,1910.4,2298387
2016-07-25,Infosys,1864.51,1884.37,1834.68,1855.16,3541006
2016-07-25,TCS,3988.01,4030.15,3947.01,3967.45,1722153
2016-07-25,Wipro,729.34,738.32,728.21,735.44,4091298
2016-07-26,HCLTech,1968.47,1980.33,1966.37,1977.8,2636301
2016-07-26,Infosys,1856.97,1887.0,1838.23,1866.24,3132249
2016-07-26,TCS,3960.03,4010.41,3913.47,3966.44,1446667
2016-07-26,Wipro,736.25,742.68,735.3,737.37,4552885
2016-07-27,HCLTech,1937.74,1955.19,1915.47,1943.79,1954885
2016-07-27,Infosys,1860.95,1880.97,1838.42,1855.46,2849661
2016-07-27,TCS,4012.35,4038.01,3974.18,4008.68,1620989
2016-07-27,Wipro,743.22,763.15,738.49,754.82,3973682
2016-07-28,HCLTech,1967.94,1993.76,1947.15,1975.63,3047247
2016-07-28,Infosys,1883.36,1897.71,1839.58,1860.96,3324792
2016-07-28,TCS,4048.7,4095.34,4011.98,4018.3,1737447
2016-07-28,Wipro,763.51,776.94,759.2,768.8,3208243
2016-07-29,HCLTech,1988.25,2015.68,1972.1,1993.54,2539558
2016-07-29,Infosys,1885.15,1907.29,1858.32,1873.68,2663694
2016-07-29,TCS,4003.12,4059.16,3995.03,4016.47,1645890
2016-07-29,Wipro,747.38,756.59,740.08,753.3,2797830
2016-08-01,HCLTech,2048.41,2060.15,2027.25,2039.14,1749939
2016-08-01,Infosys,1875.43,1895.35,1862.3,1874.38,3585802
2016-08-01,TCS,3959.29,4023.16,3951.49,3983.03,2037817
2016-08-01,Wipro,733.38,746.6,731.99,742.86,3385077
2016-08-02,HCLTech,2066.39,2074.45,2053.75,2059.33,2321443
2016-08-02,Infosys,1891.9,1895.96,1869.19,1885.09,3022419
2016-08-02,TCS,3943.1,3984.33,3882.07,3927.15,2569414
2016-08-02,Wipro,733.7,736.94,723.14,730.71,4098610
2016-08-03,HCLTech,2057.28,2066.59,2042.69,2061.55,2455293
2016-08-03,Infosys,1895.23,1928.64,1884.75,1906.16,3333606
2016-08-03,TCS,3903.47,3934.0,3870.19,3913.65,2721216
2016-08-03,Wipro,697.22,702.56,694.89,697.79,3156879
2016-08-04,HCLTech,2099.41,2123.12,2085.73,2093.34,2533335
2016-08-04,Infosys,1894.43,1920.41,1885.77,1907.0,3343959
2016-08-04,TCS,3915.09,3951.84,3892.76,3915.35,2212247
2016-08-04,Wipro,693.24,702.84,689.87,695.95,4868932
2016-08-05,HCLTech,2105.58,2113.03,2085.33,2102.19,3453663
2016-08-05,Infosys,1842.32,1862.81,1838.59,1842.1,4408171
2016-08-05,TCS,3974.4,4011.01,3961.66,3981.74,3069152
2016-08-05,Wipro,709.32,716.14,698.94,706.33,3274878
2016-08-08,HCLTech,2126.29,2150.07,2120.76,2126.63,2918890
2016-08-08,Infosys,1884.02,1901.67,1871.17,1880.87,3453774
2016-08-08,TCS,3993.34,4028.94,3947.63,3989.96,1862412
2016-08-08,Wipro,696.12,710.93,689.01,703.37,2874561
2016-08-09,HCLTech,2183.95,2190.55,2152.4,2171.7,1978660
2016-08-09,Infosys,1884.08,1899.38,1856.99,1875.44,3247204
2016-08-09,TCS,4016.89,4040.85,4003.97,4028.94,1442883
2016-08-09,Wipro,681.93,692.36,677.38,687.73,4000529
2016-08-10,HCLTech,2169.57,2179.22,2159.69,2176.61,1930173
2016-08-10,Infosys,1853.8,1866.77,1832.66,1858.23,2786194
2016-08-10,TCS,4012.06,4050.65,3976.86,4014.34,2468924
2016-08-10,Wipro,682.34,687.96,676.27,677.55,4657313
2016-08-11,HCLTech,2166.33,2173.84,2151.64,2165.77,2464892
2016-08-11,Infosys,1836.01,1838.39,1813.01,1834.52,3757026
2016-08-11,TCS,3980.76,4026.67,3937.77,3975.12,1384623
2016-08-11,Wipro,683.51,691.37,668.71,673.76,5391407
2016-08-12,HCLTech,2137.31,2162.14,2131.37,2148.34,2666464
2016-08-12,Infosys,1829.51,1836.91,1822.31,1828.29,3031658
2016-08-12,TCS,3931.53,3961.11,3914.85,3944.03,1719694
2016-08-12,Wipro,686.31,692.09,676.95,683.36,2897750
2016-08-15,HCLTech,2153.32,2174.39,2145.09,2163.93,3170814
2016-08-15,Infosys,1816.11,1832.64,1802.88,1817.11,2358568
2016-08-15,TCS,3912.95,3968.05,3887.31,3921.59,2219250
2016-08-15,Wipro,683.32,685.26,678.65,681.3,5317654
2016-08-16,HCLTech,2125.2,2162.92,2112.55,2139.42,3674768
2016-08-16,Infosys,1801.65,1821.12,1788.44,1802.2,3077547
2016-08-16,TCS,3996.29,4021.31,3982.49,4000.66,1959463
2016-08-16,Wipro,686.78,692.47,684.71,689.3,4151048
2016-08-17,HCLTech,2120.6,2145.78,2107.79,2130.87,3714915
2016-08-17,Infosys,1782.16,1790.4,1776.93,1788.57,3324930
2016-08-17,TCS,3956.49,3987.05,3936.04,3974.34,1925059
2016-08-17,Wipro,686.04,689.72,681.6,688.46,3532809
2016-08-18,HCLTech,2104.9,2109.73,2078.8,2104.04,2379859
2016-08-18,Infosys,1803.13,1809.06,1787.69,1801.01,2716786
2016-08-18,TCS,4002.23,4016.52,3955.74,4007.56,1579311
2016-08-18,Wipro,692.55,694.08,685.17,691.56,4583472
2016-08-19,HCLTech,2117.76,2137.61,2107.83,2120.9,3134349
2016-08-19,Infosys,1847.99,1863.52,1837.26,1846.47,3125251
2016-08-19,TCS,3979.65,4017.99,3943.85,3978.16,1995683
2016-08-19,Wipro,686.01,690.4,675.64,680.1,5245504
2016-08-22,HCLTech,2097.69,2111.55,2093.65,2100.47,2831020
2016-08-22,Infosys,1862.32,1873.45,1841.15,1865.77,3154576
2016-08-22,TCS,4009.61,4043.17,3968.26,4014.66,2444595
2016-08-22,Wipro,673.69,679.84,669.45,671.89,2859024
2016-08-23,HCLTech,2061.66,2082.17,2047.71,2064.69,2090397
2016-08-23,Infosys,1897.38,1902.23,1884.88,1892.08,3164418
2016-08-23,TCS,4028.1,4049.2,4000.12,4031.55,2008003
2016-08-23,Wipro,660.97,663.0,650.05,656.99,3669692
2016-08-24,HCLTech,2052.25,2072.05,2025.26,2034.5,1782349
2016-08-24,Infosys,1892.66,1896.26,1865.32,1884.51,4096279
2016-08-24,TCS,4028.51,4059.76,4013.89,4028.77,1694015
2016-08-24,Wipro,660.43,667.26,653.44,664.26,3587154
2016-08-25,HCLTech,2008.7,2043.84,1987.29,2019.92,2676026
2016-08-25,Infosys,1893.21,1908.39,1867.32,1887.83,2461668
2016-08-25,TCS,4021.81,4048.88,3986.25,4030.13,1558368
2016-08-25,Wipro,663.46,666.58,655.44,660.89,4533489
2016-08-26,HCLTech,1995.77,2022.71,1989.15,2007.97,1927989
2016-08-26,Infosys,1890.16,1912.77,1872.97,1898.45,4806221
2016-08-26,TCS,4017.95,4041.79,3983.13,4009.22,1701020
2016-08-26,Wipro,616.92,625.88,615.8,619.53,5356443
2016-08-29,HCLTech,2008.28,2026.77,1987.37,2016.62,2192888
2016-08-29,Infosys,1885.17,1904.86,1878.05,1884.38,3179054
2016-08-29,TCS,4046.33,4088.77,4016.2,4028.07,2163254
2016-08-29,Wipro,625.55,627.44,622.78,625.0,4059153
2016-08-30,HCLTech,2012.88,2025.21,1996.18,2013.59,2267198
2016-08-30,Infosys,1868.48,1884.01,1861.26,1875.64,3593738
2016-08-30,TCS,4008.39,4047.78,3986.2,4014.26,2142273
2016-08-30,Wipro,638.6,639.48,631.16,636.13,3772947
2016-08-31,HCLTech,2030.68,2041.71,2019.35,2025.57,2716275
2016-08-31,Infosys,1896.59,1901.34,1873.68,1895.82,3282870
2016-08-31,TCS,3978.87,4016.22,3941.08,3972.79,1704114
2016-08-31,Wipro,624.87,631.89,618.87,626.96,4372638
2016-09-01,HCLTech,2046.07,2058.26,2028.75,2039.88,3358974
2016-09-01,Infosys,1914.31,1940.44,1910.8,1921.62,2265841
2016-09-01,TCS,3926.88,3959.0,3891.19,3929.85,1285304
2016-09-01,Wipro,628.42,636.75,624.51,632.46,3816748
2016-09-02,HCLTech,2072.19,2074.95,2049.38,2062.62,2606635
2016-09-02,Infosys,1934.33,1957.29,1919.58,1923.98,2590459
2016-09-02,TCS,3942.92,3989.87,3923.91,3938.39,2175263
2016-09-02,Wipro,631.56,632.21,627.38,630.12,2591882
2016-09-05,HCLTech,2008.6,2017.15,1995.07,2009.67,2334353
2016-09-05,Infosys,1903.6,1913.05,1875.03,1897.35,2881455
2016-09-05,TCS,4016.93,4031.62,3954.66,3997.17,1671306
2016-09-05,Wipro,606.07,612.29,599.56,606.58,4435763
2016-09-06,HCLTech,1975.73,2003.05,1965.12,1979.57,1719129
2016-09-06,Infosys,1900.55,1920.54,1873.31,1891.37,3903582
2016-09-06,TCS,4011.71,4027.3,3984.56,4005.29,2295520
2016-09-06,Wipro,628.85,632.41,625.04,628.31,4871634
2016-09-07,HCLTech,2012.39,2034.95,1981.51,1996.35,2849621
2016-09-07,Infosys,1867.86,1885.4,1842.5,1859.63,2426103
2016-09-07,TCS,3981.01,4011.39,3965.16,4003.31,1719313
2016-09-07,Wipro,628.62,633.04,619.09,626.02,4958154
2016-09-08,HCLTech,1976.44,2006.66,1958.88,2003.59,2614894
2016-09-08,Infosys,1859.86,1882.51,1854.73,1861.98,2696631
2016-09-08,TCS,4021.62,4050.15,4003.23,4015.87,1641428
2016-09-08,Wipro,633.5,638.81,624.0,628.3,3174326
2016-09-09,HCLTech,2033.12,2057.06,2019.14,2032.49,2329314
2016-09-09,Infosys,1865.0,1878.93,1853.11,1868.34,3307263
2016-09-09,TCS,4081.39,4113.01,4025.54,4065.57,2062216
2016-09-09,Wipro,623.88,624.85,616.46,621.28,4516448
2016-09-12,HCLTech,1994.48,2013.85,1975.1,1990.28,3282908
2016-09-12,Infosys,1876.57,1880.54,1843.8,1862.9,3517400
2016-09-12,TCS,4072.92,4112.39,4052.98,4075.77,3204919
2016-09-12,Wipro,620.04,621.84,616.5,617.97,5434936
2016-09-13,HCLTech,1996.55,1998.61,1957.62,1978.31,2048997
2016-09-13,Infosys,1867.6,1873.2,1858.98,1868.9,3496264
2016-09-13,TCS,4075.58,4094.7,4037.15,4062.82,2323217
2016-09-13,Wipro,617.8,623.53,615.36,619.75,6635392
2016-09-14,HCLTech,1955.33,1993.08,1942.67,1971.3,2267176
2016-09-14,Infosys,1868.18,1896.49,1862.35,1878.84,2628332
2016-09-14,TCS,4096.62,4110.19,4082.48,4105.53,2055236
2016-09-14,Wipro,606.87,609.96,599.76,608.2,4402096
2016-09-15,HCLTech,1973.0,1999.93,1961.99,1977.07,2475657
2016-09-15,Infosys,1893.18,1913.05,1883.07,1885.18,2324610
2016-09-15,TCS,4104.17,4156.22,4069.09,4123.42,2148817
2016-09-15,Wipro,628.79,630.22,621.41,626.99,4869866
2016-09-16,HCLTech,1966.07,1994.86,1958.75,1979.2,2323500
2016-09-16,Infosys,1859.83,1871.04,1844.12,1858.71,3564282
2016-09-16,TCS,4184.65,4234.81,4142.67,4182.79,1409061
2016-09-16,Wipro,635.02,639.38,631.05,636.47,3279757
2016-09-19,HCLTech,1975.86,2012.63,1971.03,1993.35,2902760
2016-09-19,Infosys,1865.31,1868.39,1845.7,1853.55,4262157
2016-09-19,TCS,4168.49,4209.39,4148.76,4191.62,1597882
2016-09-19,Wipro,644.19,647.85,638.04,642.36,3195087
2016-09-20,HCLTech,1989.25,2000.52,1980.86,1991.24,2852780
2016-09-20,Infosys,1865.04,1868.28,1843.58,1863.14,2986465
2016-09-20,TCS,4144.4,4160.07,4097.17,4147.53,1210412
2016-09-20,Wipro,637.37,647.29,636.12,640.66,4873248
2016-09-21,HCLTech,2039.25,2054.13,2019.84,2030.95,3208185
2016-09-21,Infosys,1899.06,1913.62,1891.23,1899.22,2545210
2016-09-21,TCS,4115.19,4132.06,4093.06,4098.54,2826733
2016-09-21,Wipro,639.59,644.42,625.79,631.86,2662105
2016-09-22,HCLTech,2093.02,2111.95,2061.11,2080.68,2874778
2016-09-22,Infosys,1905.62,1926.78,1888.39,1893.44,2936371
2016-09-22,TCS,4136.67,4185.27,4126.48,4161.63,2714545
2016-09-22,Wipro,644.39,651.62,642.46,643.6,4126229
2016-09-23,HCLTech,2044.07,2064.11,2037.14,2049.41,2540692
2016-09-23,Infosys,1894.11,1916.67,1872.2,1906.39,3462404
2016-09-23,TCS,4211.39,4244.3,4179.9,4228.4,2163464
2016-09-23,Wipro,651.15,655.07,647.2,650.62,5325007
2016-09-26,HCLTech,2058.42,2067.37,2033.81,2051.71,2429165
2016-09-26,Infosys,1922.21,1942.66,1899.89,1926.95,3054213
2016-09-26,TCS,4209.51,4243.56,4172.82,4223.22,2054782
2016-09-26,Wipro,643.9,649.86,640.35,645.86,4612691
2016-09-27,HCLTech,2073.73,2092.64,2069.86,2075.74,2847857
2016-09-27,Infosys,1915.59,1936.13,1899.24,1922.74,4240111
2016-09-27,TCS,4209.42,4244.03,4193.61,4210.26,1466427
2016-09-27,Wipro,640.94,643.78,628.43,633.26,4606683
2016-09-28,HCLTech,2099.51,2120.97,2088.05,2093.79,2502900
2016-09-28,Infosys,1931.85,1970.77,1910.19,1949.74,3850276
2016-09-28,TCS,4262.64,4288.02,4232.4,4267.55,1914175
2016-09-28,Wipro,610.6,616.6,607.19,615.44,3960618
2016-09-29,HCLTech,2094.62,2115.98,2073.25,2082.81,2624674
2016-09-29,Infosys,1985.64,2005.8,1972.87,1978.37,3320178
2016-09-29,TCS,4245.39,4268.13,4207.69,4226.72,2862300
2016-09-29,Wipro,612.91,617.41,605.82,615.63,3685171
2016-09-30,HCLTech,2089.17,2096.29,2076.29,2091.16,2879014
2016-09-30,Infosys,2006.98,2018.11,1994.81,2011.68,2164709
2016-09-30,TCS,4206.86,4212.92,4164.47,4194.23,2053263
2016-09-30,Wipro,616.05,617.12,606.76,612.75,6154905
2016-10-03,HCLTech,2057.0,2069.14,2040.06,2046.18,2673056
2016-10-03,Infosys,2030.74,2047.9,2016.46,2023.03,2786254
2016-10-03,TCS,4226.53,4273.44,4185.12,4219.94,1786427
2016-10-03,Wipro,626.77,632.24,618.59,625.82,5119328
2016-10-04,HCLTech,2034.34,2049.38,2029.8,2046.47,2765524
2016-10-04,Infosys,2084.77,2106.29,2068.33,2081.37,2867803
2016-10-04,TCS,4208.21,4231.26,4157.07,4206.28,1407103
2016-10-04,Wipro,634.63,640.03,630.38,636.94,4737671
2016-10-05,HCLTech,2012.31,2028.33,1991.36,2005.85,2219600
2016-10-05,Infosys,2071.53,2094.8,2046.21,2066.26,2756130
2016-10-05,TCS,4212.55,4231.97,4182.04,4207.33,2635856
2016-10-05,Wipro,635.03,638.09,632.29,637.23,4022338
2016-10-06,HCLTech,2031.2,2038.64,2009.76,2020.94,3405707
2016-10-06,Infosys,2115.73,2135.65,2093.95,2119.78,3324485
2016-10-06,TCS,4190.94,4210.54,4156.87,4202.34,1972162
2016-10-06,Wipro,634.96,642.03,627.48,636.13,3558967
2016-10-07,HCLTech,1999.44,2021.9,1979.25,1990.34,2083766
2016-10-07,Infosys,2132.7,2145.84,2130.47,2139.56,3338224
2016-10-07,TCS,4227.66,4261.38,4185.24,4216.26,1407479
2016-10-07,Wipro,623.3,625.67,621.72,622.9,4964047
2016-10-10,HCLTech,1984.05,2011.17,1975.35,1995.61,2838713
2016-10-10,Infosys,2175.2,2190.73,2162.89,2174.38,2289505
2016-10-10,TCS,4256.18,4315.97,4237.05,4271.11,1662452
2016-10-10,Wipro,640.97,647.91,627.62,634.72,3761875
2016-10-11,HCLTech,2003.21,2016.08,1993.03,2005.23,2359248
2016-10-11,Infosys,2174.52,2192.62,2140.29,2166.14,3758689
2016-10-11,TCS,4286.91,4293.14,4259.46,4275.64,1549046
2016-10-11,Wipro,636.3,642.7,632.58,633.88,4063462
2016-10-12,HCLTech,2011.01,2029.2,2001.96,2008.03,3228380
2016-10-12,Infosys,2187.81,2197.02,2171.44,2188.27,3210335
2016-10-12,TCS,4317.59,4328.81,4250.45,4301.49,1947990
2016-10-12,Wipro,644.77,647.57,634.3,640.62,4524164
2016-10-13,HCLTech,1995.31,2001.86,1983.07,1990.98,3102659
2016-10-13,Infosys,2219.56,2252.16,2210.11,2226.11,3437275
2016-10-13,TCS,4226.59,4237.62,4209.95,4223.78,2084679
2016-10-13,Wipro,652.33,656.47,646.09,654.12,4171132
2016-10-14,HCLTech,1986.87,1990.85,1971.91,1985.74,2598934
2016-10-14,Infosys,2186.23,2205.01,2174.69,2197.27,3714024
2016-10-14,TCS,4220.46,4255.0,4179.55,4222.81,1808510
2016-10-14,Wipro,649.38,657.12,641.93,647.27,5453694
2016-10-17,HCLTech,2033.63,2037.62,2005.82,2019.44,3548253
2016-10-17,Infosys,2194.84,2219.04,2182.99,2192.96,2744933
2016-10-17,TCS,4196.99,4243.72,4180.75,4191.7,2336272
2016-10-17,Wipro,631.26,643.86,625.19,637.47,3071921
2016-10-18,HCLTech,1995.34,2022.92,1973.46,2008.04,2504355
2016-10-18,Infosys,2132.33,2149.43,2119.7,2137.29,4116206
2016-10-18,TCS,4109.52,4170.85,4069.05,4146.73,2031770
2016-10-18,Wipro,666.96,674.43,664.88,666.2,4054233
2016-10-19,HCLTech,2006.83,2030.85,1986.44,2009.19,3101388
2016-10-19,Infosys,2132.02,2134.81,2119.47,2132.67,3110526
2016-10-19,TCS,4118.72,4138.41,4102.28,4114.8,2473439
2016-10-19,Wipro,673.61,674.41,669.67,673.11,6134369
2016-10-20,HCLTech,1977.69,2000.99,1975.56,1994.11,2248504
2016-10-20,Infosys,2109.68,2126.53,2095.81,2111.8,4330401
2016-10-20,TCS,4101.64,4141.77,4053.9,4103.1,1862106
2016-10-20,Wipro,677.21,682.34,666.33,669.48,4786048
2016-10-21,HCLTech,2029.48,2048.47,2016.17,2023.31,2819349
2016-10-21,Infosys,2102.25,2122.85,2089.41,2106.18,2676110
2016-10-21,TCS,4137.02,4175.62,4101.67,4137.68,3677423
2016-10-21,Wipro,691.06,693.78,676.24,684.32,3845430
2016-10-24,HCLTech,2031.51,2034.38,2004.19,2025.99,2157649
2016-10-24,Infosys,2183.94,2207.01,2166.69,2181.25,4266526
2016-10-24,TCS,4098.25,4113.48,4081.0,4089.14,1786483
2016-10-24,Wipro,679.14,683.73,674.93,680.25,4692936
2016-10-25,HCLTech,2038.06,2048.02,1995.95,2004.9,2610144
2016-10-25,Infosys,2231.71,2247.21,2223.61,2226.52,2670735
2016-10-25,TCS,4089.83,4102.12,4054.55,4090.79,1669428
2016-10-25,Wipro,680.44,685.33,679.39,683.96,3961991
2016-10-26,HCLTech,2015.64,2032.15,1992.98,2005.53,2573402
2016-10-26,Infosys,2206.34,2210.83,2184.71,2188.21,5327633
2016-10-26,TCS,4058.87,4093.58,4027.86,4073.47,1628870
2016-10-26,Wipro,673.34,682.95,670.75,676.7,5363242
2016-10-27,HCLTech,2002.43,2022.63,1982.34,1999.18,3099445
2016-10-27,Infosys,2209.66,2234.4,2191.44,2202.64,2645298
2016-10-27,TCS,4060.1,4100.62,4040.96,4061.91,1917378
2016-10-27,Wipro,674.94,680.78,668.0,676.19,4714038
2016-10-28,HCLTech,2041.49,2064.71,2024.71,2038.94,2273593
2016-10-28,Infosys,2238.56,2254.72,2199.75,2223.62,3952973
2016-10-28,TCS,4099.99,4135.44,4083.26,4099.12,1417989
2016-10-28,Wipro,678.1,684.68,665.29,672.56,3363530
2016-10-31,HCLTech,2034.88,2054.26,2032.73,2038.04,4807520
2016-10-31,Infosys,2206.77,2223.2,2185.36,2214.37,2976273
2016-10-31,TCS,4120.86,4155.16,4082.68,4119.36,2121364
2016-10-31,Wipro,664.95,666.46,655.78,663.21,4195307
2016-11-01,HCLTech,2000.59,2012.77,1992.77,1999.31,1972090
2016-11-01,Infosys,2203.96,2242.99,2199.09,2218.83,3691951
2016-11-01,TCS,4171.68,4213.92,4131.38,4169.56,1366272
2016-11-01,Wipro,667.98,675.97,664.08,665.8,4349319
2016-11-02,HCLTech,2016.37,2019.74,2009.41,2013.65,2723999
2016-11-02,Infosys,2225.75,2231.07,2211.41,2225.89,3174168
2016-11-02,TCS,4177.68,4194.6,4144.88,4164.03,2065725
2016-11-02,Wipro,661.24,664.44,652.23,657.87,4392576
2016-11-03,HCLTech,2045.17,2073.28,2039.35,2064.95,2754041
2016-11-03,Infosys,2197.79,2202.35,2173.14,2189.89,2572568
2016-11-03,TCS,4124.12,4157.85,4080.25,4138.25,1526376
2016-11-03,Wipro,660.25,672.01,656.67,664.4,4263303
2016-11-04,HCLTech,2102.18,2125.63,2094.65,2100.15,2895420
2016-11-04,Infosys,2169.0,2183.93,2149.01,2162.62,1829028
2016-11-04,TCS,4132.39,4138.45,4113.76,4130.11,1853152
2016-11-04,Wipro,657.49,666.01,651.51,660.43,4478299
2016-11-07,HCLTech,2069.27,2084.61,2052.01,2068.25,2345345
2016-11-07,Infosys,2177.79,2194.94,2147.94,2166.74,5283915
2016-11-07,TCS,4156.13,4200.0,4131.96,4139.28,2257042
2016-11-07,Wipro,642.07,643.48,633.52,639.97,4349667
2016-11-08,HCLTech,2078.53,2088.44,2049.47,2060.74,2728809
2016-11-08,Infosys,2145.96,2183.3,2120.27,2168.95,3247078
2016-11-08,TCS,4123.38,4176.68,4092.04,4145.97,3170707
2016-11-08,Wipro,643.65,653.03,641.16,646.82,3462728
2016-11-09,HCLTech,2058.77,2067.8,2055.2,2060.1,2322447
2016-11-09,Infosys,2161.53,2185.78,2145.76,2150.19,1776144
2016-11-09,TCS,4108.1,4125.68,4096.83,4105.77,1612115
2016-11-09,Wipro,647.68,658.62,643.47,653.94,3650993
2016-11-10,HCLTech,2052.07,2064.42,2048.16,2059.79,3781570
2016-11-10,Infosys,2132.38,2140.68,2115.18,2129.38,3399650
2016-11-10,TCS,4101.58,4116.4,4085.0,4109.15,1940767
2016-11-10,Wipro,676.01,682.73,672.9,680.64,3801748
2016-11-11,HCLTech,2073.73,2092.95,2047.29,2071.01,2289858
2016-11-11,Infosys,2112.91,2151.95,2098.89,2126.66,3673218
2016-11-11,TCS,4112.79,4154.48,4085.73,4117.6,1730474
2016-11-11,Wipro,685.02,687.11,676.39,680.48,4077159
2016-11-14,HCLTech,2061.99,2073.41,2055.67,2061.24,2524157
2016-11-14,Infosys,2155.49,2158.1,2133.5,2148.95,2773568
2016-11-14,TCS,4199.93,4250.82,4182.5,4211.92,1680637
2016-11-14,Wipro,680.74,690.19,677.89,682.35,3804232
2016-11-15,HCLTech,2033.86,2058.16,2026.14,2035.16,2276967
2016-11-15,Infosys,2148.04,2152.99,2140.42,2146.51,2777301
2016-11-15,TCS,4281.31,4319.27,4266.9,4283.6,1733517
2016-11-15,Wipro,688.84,697.1,684.61,687.86,4987179
2016-11-16,HCLTech,2049.73,2074.99,2034.73,2062.61,2215456
2016-11-16,Infosys,2191.73,2198.4,2170.67,2188.23,3187326
2016-11-16,TCS,4275.45,4289.31,4213.59,4250.72,2358345
2016-11-16,Wipro,695.66,705.34,692.88,700.2,3301142
2016-11-17,HCLTech,2029.01,2050.87,2022.8,2030.56,1964610
2016-11-17,Infosys,2178.65,2182.74,2166.3,2169.53,4070108
2016-11-17,TCS,4222.75,4286.43,4193.12,4239.6,1814003
2016-11-17,Wipro,713.66,715.84,708.91,711.96,2827431
2016-11-18,HCLTech,2002.31,2012.89,1995.96,2008.01,2974050
2016-11-18,Infosys,2177.97,2190.65,2154.14,2174.04,3264618
2016-11-18,TCS,4168.58,4222.81,4125.9,4183.96,3136193
2016-11-18,Wipro,714.42,719.02,709.16,715.63,5927859
2016-11-21,HCLTech,1974.5,1981.86,1970.95,1976.6,2272652
2016-11-21,Infosys,2150.93,2187.05,2133.09,2164.28,4287894
2016-11-21,TCS,4144.55,4195.85,4113.91,4161.58,2173509
2016-11-21,Wipro,716.79,719.18,709.34,714.78,3396663
2016-11-22,HCLTech,2000.87,2008.88,1970.2,1993.7,2216837
2016-11-22,Infosys,2177.74,2200.9,2167.65,2179.05,4012420
2016-11-22,TCS,4195.96,4230.2,4146.83,4173.19,1634186
2016-11-22,Wipro,723.08,730.84,715.04,725.27,4984683
2016-11-23,HCLTech,1990.17,2002.95,1974.91,1996.76,2144438
2016-11-23,Infosys,2143.53,2177.98,2118.07,2158.14,3056877
2016-11-23,TCS,4212.33,4264.66,4196.02,4218.47,1858567
2016-11-23,Wipro,726.15,730.08,720.02,723.85,4517741
2016-11-24,HCLTech,2019.48,2045.42,2005.7,2021.67,2763196
2016-11-24,Infosys,2214.08,2216.47,2185.71,2208.05,2337416
2016-11-24,TCS,4190.26,4237.58,4149.56,4190.6,1703658
2016-11-24,Wipro,704.47,710.46,698.67,706.81,3420688
2016-11-25,HCLTech,2004.93,2024.76,1978.08,1999.62,2611295
2016-11-25,Infosys,2175.85,2198.75,2148.11,2163.11,3058169
2016-11-25,TCS,4160.41,4197.15,4147.24,4165.69,2347053
2016-11-25,Wipro,687.19,694.29,679.2,687.54,3895025
2016-11-28,HCLTech,1962.3,1974.39,1947.51,1964.89,2613690
2016-11-28,Infosys,2196.01,2219.32,2169.88,2207.49,3555327
2016-11-28,TCS,4073.5,4108.45,4058.57,4085.63,1441077
2016-11-28,Wipro,682.32,691.41,678.13,683.49,3780678
2016-11-29,HCLTech,1977.87,1991.16,1945.14,1952.75,2232761
2016-11-29,Infosys,2203.02,2229.23,2180.7,2209.24,3238562
2016-11-29,TCS,4076.29,4099.71,4034.47,4079.31,1529524
2016-11-29,Wipro,684.64,686.81,677.98,684.53,4295510
2016-11-30,HCLTech,1950.16,1963.54,1935.71,1947.78,2836463
2016-11-30,Infosys,2215.06,2243.29,2209.48,2223.29,3632916
2016-11-30,TCS,4071.52,4112.28,4003.14,4040.12,1776842
2016-11-30,Wipro,716.47,720.46,706.87,715.22,3430852
2016-12-01,HCLTech,1941.64,1968.5,1929.5,1953.5,2277416
2016-12-01,Infosys,2254.2,2265.17,2237.29,2258.51,3803169
2016-12-01,TCS,4038.19,4070.86,3989.4,4020.52,2292714
2016-12-01,Wipro,710.99,718.13,704.1,713.21,3861250
2016-12-02,HCLTech,1900.19,1912.1,1889.97,1908.02,2636751
2016-12-02,Infosys,2285.14,2300.38,2264.33,2281.18,3558440
2016-12-02,TCS,3977.81,3995.89,3972.13,3988.51,2559365
2016-12-02,Wipro,712.81,715.99,711.46,713.34,3970309
2016-12-05,HCLTech,1912.01,1930.13,1894.25,1920.84,2528344
2016-12-05,Infosys,2256.39,2285.88,2237.93,2260.59,3028553
2016-12-05,TCS,3992.84,4003.08,3975.14,3984.71,2635981
2016-12-05,Wipro,708.54,712.38,705.5,707.71,4986122
2016-12-06,HCLTech,1889.26,1900.61,1885.1,1896.92,1854869
2016-12-06,Infosys,2282.47,2291.35,2250.39,2276.22,3550638
2016-12-06,TCS,3911.47,3964.48,3886.05,3921.73,2223555
2016-12-06,Wipro,717.45,718.61,712.13,715.16,3684267
2016-12-07,HCLTech,1884.72,1905.66,1874.6,1879.77,3901137
2016-12-07,Infosys,2337.51,2358.23,2312.15,2327.07,5004050
2016-12-07,TCS,3848.25,3911.36,3812.81,3869.84,1967117
2016-12-07,Wipro,717.96,719.34,711.82,718.3,3290908
2016-12-08,HCLTech,1900.55,1921.27,1890.86,1910.88,2916747
2016-12-08,Infosys,2312.36,2339.05,2297.43,2301.69,2375421
2016-12-08,TCS,3956.93,4002.32,3920.16,3944.24,2344500
2016-12-08,Wipro,705.66,716.47,699.75,709.62,3587126
2016-12-09,HCLTech,1850.31,1869.99,1847.01,1853.31,2695416
2016-12-09,Infosys,2349.13,2371.91,2334.39,2360.19,3527566
2016-12-09,TCS,3912.6,3934.92,3893.68,3898.32,1590815
2016-12-09,Wipro,696.73,700.02,694.6,696.35,4304668
2016-12-12,HCLTech,1872.1,1892.94,1839.57,1861.65,2781856
2016-12-12,Infosys,2384.2,2396.75,2347.45,2370.36,4616105
2016-12-12,TCS,3872.28,3909.55,3847.86,3859.54,1382945
2016-12-12,Wipro,693.78,699.87,686.75,690.85,2806607
2016-12-13,HCLTech,1865.16,1878.15,1853.12,1869.92,3919552
2016-12-13,Infosys,2371.85,2386.03,2345.63,2357.29,2530034
2016-12-13,TCS,3917.57,3963.04,3888.28,3923.37,2182508
2016-12-13,Wipro,674.3,681.28,670.49,679.98,5082266
2016-12-14,HCLTech,1854.63,1858.28,1845.68,1848.54,3263775
2016-12-14,Infosys,2346.63,2369.86,2328.35,2331.38,3909348
2016-12-14,TCS,4024.65,4044.77,3989.89,4026.76,1635602
2016-12-14,Wipro,671.09,682.37,665.32,676.7,4015752
2016-12-15,HCLTech,1821.86,1845.57,1807.85,1836.94,2787832
2016-12-15,Infosys,2322.82,2337.91,2312.75,2324.36,4015228
2016-12-15,TCS,3993.4,4003.78,3978.53,3983.98,1974047
2016-12-15,Wipro,675.13,683.51,672.52,677.96,4362030
2016-12-16,HCLTech,1865.15,1884.2,1847.26,1868.54,2256578
2016-12-16,Infosys,2262.53,2284.1,2243.29,2269.69,2381621
2016-12-16,TCS,3975.15,4022.72,3964.39,3970.25,2048427
2016-12-16,Wipro,670.59,678.14,668.17,671.41,4179247
2016-12-19,HCLTech,1912.21,1933.0,1901.72,1920.53,2328916
2016-12-19,Infosys,2248.32,2265.41,2243.95,2257.64,3689987
2016-12-19,TCS,3976.98,3987.22,3961.57,3981.91,2101751
2016-12-19,Wipro,679.27,690.98,674.13,688.74,3500206
2016-12-20,HCLTech,1952.15,1955.71,1937.03,1949.28,1812777
2016-12-20,Infosys,2239.36,2276.46,2227.86,2249.75,3030984
2016-12-20,TCS,4023.2,4074.38,4015.48,4043.77,2412601
2016-12-20,Wipro,705.32,710.3,701.43,702.78,3221524
2016-12-21,HCLTech,1991.22,2004.89,1973.89,2001.34,2415375
2016-12-21,Infosys,2220.27,2244.29,2214.69,2220.17,3161547
2016-12-21,TCS,4008.87,4041.55,3979.53,4007.43,2362126
2016-12-21,Wipro,698.59,707.02,692.75,699.39,3477099
2016-12-22,HCLTech,2002.18,2019.59,1974.9,1981.97,2967972
2016-12-22,Infosys,2247.39,2264.48,2225.44,2239.4,2998643
2016-12-22,TCS,4011.62,4045.72,3988.57,3998.01,2079540
2016-12-22,Wipro,676.78,689.23,672.83,686.88,2959701
2016-12-23,HCLTech,1923.01,1956.16,1908.45,1938.52,2951274
2016-12-23,Infosys,2245.04,2271.01,2227.05,2232.76,4160722
2016-12-23,TCS,4010.32,4040.83,3977.72,4025.48,1830783
2016-12-23,Wipro,681.24,687.66,676.54,686.03,4288534
2016-12-26,HCLTech,1947.81,1952.1,1921.62,1937.0,2940973
2016-12-26,Infosys,2210.5,2233.97,2205.64,2215.01,3129041
2016-12-26,TCS,4048.8,4084.99,4002.08,4040.66,2043572
2016-12-26,Wipro,682.61,687.18,675.91,683.91,3871893
2016-12-27,HCLTech,1967.3,1986.46,1939.55,1958.85,2345359
2016-12-27,Infosys,2205.25,2231.09,2186.12,2205.61,2916802
2016-12-27,TCS,4030.61,4044.24,3979.39,4026.41,1775185
2016-12-27,Wipro,675.08,690.59,673.06,682.66,2943001
2016-12-28,HCLTech,1911.45,1920.62,1887.93,1908.55,2902928
2016-12-28,Infosys,2213.29,2220.4,2207.23,2214.26,2926700
2016-12-28,TCS,4030.47,4071.26,3974.99,4020.96,1922951
2016-12-28,Wipro,681.46,683.32,675.07,677.31,3535989
2016-12-29,HCLTech,1884.36,1887.66,1862.48,1883.86,3065921
2016-12-29,Infosys,2209.52,2223.14,2203.55,2215.43,2989041
2016-12-29,TCS,3981.83,3995.41,3955.0,3970.91,3376304
2016-12-29,Wipro,664.95,666.49,656.92,664.17,4557259
2016-12-30,HCLTech,1879.39,1888.17,1857.93,1862.38,1665492
2016-12-30,Infosys,2202.9,2226.55,2179.59,2196.1,2578592
2016-12-30,TCS,3953.16,3996.14,3947.93,3961.82,2074219
2016-12-30,Wipro,666.97,674.95,658.04,664.12,5180486
2017-01-02,HCLTech,1894.41,1911.52,1852.93,1871.61,2763217
2017-01-02,Infosys,2202.0,2214.37,2195.39,2198.65,2911661
2017-01-02,TCS,3931.66,3989.74,3913.48,3951.74,2188455
2017-01-02,Wipro,655.22,662.99,652.67,659.48,3094163
2017-01-03,HCLTech,1875.58,1892.91,1859.77,1877.49,3942131
2017-01-03,Infosys,2197.85,2209.02,2193.55,2196.54,3276201
2017-01-03,TCS,3952.76,3971.6,3918.01,3959.41,1736811
2017-01-03,Wipro,657.62,659.36,650.06,655.92,6163052
2017-01-04,HCLTech,1858.57,1870.27,1847.71,1857.14,2452771
2017-01-04,Infosys,2169.22,2189.39,2153.51,2165.96,3469557
2017-01-04,TCS,3950.14,3964.43,3932.56,3939.09,2452632
2017-01-04,Wipro,653.84,661.26,649.9,656.57,3301614
2017-01-05,HCLTech,1856.7,1869.32,1835.99,1861.73,1570112
2017-01-05,Infosys,2163.31,2180.47,2146.9,2157.72,4071284
2017-01-05,TCS,3948.51,3993.11,3928.94,3955.26,2328447
2017-01-05,Wipro,654.5,656.05,649.4,655.29,2844370
2017-01-06,HCLTech,1821.58,1842.3,1802.52,1832.05,2209971
2017-01-06,Infosys,2177.56,2187.98,2156.84,2172.03,3358003
2017-01-06,TCS,3982.18,3998.66,3965.14,3990.9,2331746
2017-01-06,Wipro,657.15,660.88,649.36,655.69,5684741
2017-01-09,HCLTech,1825.2,1834.69,1803.73,1821.06,1808691
2017-01-09,Infosys,2178.55,2197.99,2152.57,2186.24,2910302
2017-01-09,TCS,3973.05,4008.29,3959.49,3995.91,2087830
2017-01-09,Wipro,650.28,651.48,649.31,650.57,3248284
2017-01-10,HCLTech,1791.21,1800.69,1786.1,1789.02,2290200
2017-01-10,Infosys,2187.69,2199.7,2166.87,2179.47,2614159
2017-01-10,TCS,4030.2,4054.42,3972.87,4008.01,2459566
2017-01-10,Wipro,657.69,662.43,649.29,654.35,5425233
2017-01-11,HCLTech,1771.16,1796.6,1765.95,1785.19,2035411
2017-01-11,Infosys,2198.85,2204.11,2180.38,2196.49,3394132
2017-01-11,TCS,4019.81,4064.96,3976.29,4009.37,2579212
2017-01-11,Wipro,646.07,651.15,642.45,645.5,3501933
2017-01-12,HCLTech,1769.18,1779.81,1745.64,1765.23,3132033
2017-01-12,Infosys,2166.13,2177.73,2142.06,2170.08,3125757
2017-01-12,TCS,4018.55,4047.41,3981.2,4008.82,2116506
2017-01-12,Wipro,630.71,633.21,626.49,632.55,3772256
2017-01-13,HCLTech,1784.79,1788.59,1761.28,1782.32,3038045
2017-01-13,Infosys,2146.9,2161.75,2131.25,2144.79,3146489
2017-01-13,TCS,3994.49,4015.52,3938.45,3982.33,1954676
2017-01-13,Wipro,625.38,629.53,618.96,622.07,3081053
2017-01-16,HCLTech,1776.37,1789.08,1769.17,1781.61,2784613
2017-01-16,Infosys,2140.72,2161.27,2117.12,2137.63,3372508
2017-01-16,TCS,4000.43,4047.48,3984.64,3993.17,2391836
2017-01-16,Wipro,618.21,625.25,607.15,614.12,5164364
2017-01-17,HCLTech,1770.12,1780.21,1762.95,1775.91,3322633
2017-01-17,Infosys,2185.58,2197.84,2160.37,2175.67,3550287
2017-01-17,TCS,3986.09,4013.5,3975.54,3989.16,1669162
2017-01-17,Wipro,599.97,603.2,595.1,599.64,5024414
2017-01-18,HCLTech,1824.16,1838.06,1806.33,1820.37,2322015
2017-01-18,Infosys,2169.68,2190.6,2152.3,2179.23,3377371
2017-01-18,TCS,4062.42,4087.97,4041.22,4064.52,1732482
2017-01-18,Wipro,586.17,592.91,575.26,581.25,3505020
2017-01-19,HCLTech,1844.61,1855.04,1826.77,1830.13,2638528
2017-01-19,Infosys,2183.46,2201.27,2146.9,2171.35,3092708
2017-01-19,TCS,4116.43,4144.77,4082.62,4121.98,1978793
2017-01-19,Wipro,585.28,592.95,583.04,586.15,3940537
2017-01-20,HCLTech,1824.25,1839.56,1806.95,1820.69,4032529
2017-01-20,Infosys,2211.47,2217.51,2209.03,2211.25,2726106
2017-01-20,TCS,4170.3,4188.79,4105.13,4135.83,1411814
2017-01-20,Wipro,598.87,601.53,595.87,599.35,4566344
2017-01-23,HCLTech,1812.77,1816.33,1784.8,1805.85,2922874
2017-01-23,Infosys,2198.29,2214.39,2174.3,2202.96,2830897
2017-01-23,TCS,4114.26,4133.12,4099.61,4107.07,2360010
2017-01-23,Wipro,605.01,609.46,599.15,605.0,3640101
2017-01-24,HCLTech,1768.99,1784.73,1761.44,1776.22,2921422
2017-01-24,Infosys,2257.05,2269.58,2242.43,2262.14,3791655
2017-01-24,TCS,4059.78,4100.54,4012.92,4065.71,1649652
2017-01-24,Wipro,598.87,605.44,596.73,599.36,5254782
2017-01-25,HCLTech,1770.97,1779.87,1754.73,1774.57,2230002
2017-01-25,Infosys,2238.19,2265.98,2221.01,2247.62,2940070
2017-01-25,TCS,4115.14,4121.1,4091.21,4109.11,1820022
2017-01-25,Wipro,579.61,585.86,572.66,580.75,3916208
2017-01-26,HCLTech,1787.55,1791.15,1770.16,1782.23,2392159
2017-01-26,Infosys,2203.67,2224.8,2190.55,2219.84,2444748
2017-01-26,TCS,4105.33,4153.43,4085.02,4118.43,1916482
2017-01-26,Wipro,579.77,587.83,574.98,582.38,3605276
2017-01-27,HCLTech,1723.6,1751.61,1716.43,1735.11,2127441
2017-01-27,Infosys,2221.07,2234.23,2206.19,2214.76,4035239
2017-01-27,TCS,4155.52,4168.88,4103.37,4135.88,2015776
2017-01-27,Wipro,561.88,567.6,555.78,565.41,2914584
2017-01-30,HCLTech,1704.04,1708.2,1692.89,1702.32,3638945
2017-01-30,Infosys,2225.96,2242.78,2203.7,2207.51,2650306
2017-01-30,TCS,4062.62,4092.36,4016.32,4071.09,1867156
2017-01-30,Wipro,564.56,570.83,562.96,564.17,3088087
2017-01-31,HCLTech,1694.18,1699.13,1678.15,1690.09,1903833
2017-01-31,Infosys,2170.81,2207.83,2146.07,2185.6,3222637
2017-01-31,TCS,4111.36,4122.1,4070.85,4104.87,1973232
2017-01-31,Wipro,559.97,561.98,552.67,555.76,4499670
2017-02-01,HCLTech,1664.03,1672.72,1648.43,1664.34,3121579
2017-02-01,Infosys,2245.32,2274.52,2227.67,2254.3,3530302
2017-02-01,TCS,4135.24,4164.52,4073.98,4121.38,1976290
2017-02-01,Wipro,535.81,540.15,530.57,533.07,4192863
2017-02-02,HCLTech,1668.01,1675.05,1653.83,1665.4,2920444
2017-02-02,Infosys,2269.48,2295.29,2238.33,2262.33,3202060
2017-02-02,TCS,4085.06,4121.92,4067.61,4080.11,1828948
2017-02-02,Wipro,548.47,554.35,540.74,547.13,4708815
2017-02-03,HCLTech,1670.19,1688.76,1651.05,1669.72,1886717
2017-02-03,Infosys,2273.93,2293.65,2264.38,2274.37,1949403
2017-02-03,TCS,4063.79,4083.7,4030.86,4062.58,1713448
2017-02-03,Wipro,538.79,541.46,533.19,534.57,3574140
2017-02-06,HCLTech,1661.86,1686.73,1658.06,1666.93,3267394
2017-02-06,Infosys,2269.15,2280.14,2252.04,2261.21,3459930
2017-02-06,TCS,4072.14,4083.53,4030.8,4072.0,2482936
2017-02-06,Wipro,530.9,534.66,525.94,530.84,2880700
2017-02-07,HCLTech,1670.23,1689.39,1650.97,1679.9,2468897
2017-02-07,Infosys,2244.07,2253.0,2233.54,2245.03,4172199
2017-02-07,TCS,4073.0,4087.94,4046.12,4073.72,1312936
2017-02-07,Wipro,526.0,533.84,521.82,529.29,3622020
2017-02-08,HCLTech,1665.56,1671.65,1653.81,1666.3,1996376
2017-02-08,Infosys,2266.75,2275.97,2258.72,2272.28,3745133
2017-02-08,TCS,4055.48,4103.47,4035.26,4062.85,1919383
2017-02-08,Wipro,523.36,530.4,517.94,524.51,6012731
2017-02-09,HCLTech,1676.02,1686.88,1656.49,1665.34,2796609
2017-02-09,Infosys,2224.41,2235.54,2210.0,2226.52,2092484
2017-02-09,TCS,4053.18,4074.93,4005.22,4058.92,1820966
2017-02-09,Wipro,528.41,531.74,522.2,528.61,3298043
2017-02-10,HCLTech,1650.49,1661.14,1639.21,1642.23,2205633
2017-02-10,Infosys,2173.83,2201.19,2149.27,2195.69,4896886
2017-02-10,TCS,4068.54,4107.28,4039.29,4049.62,2174732
2017-02-10,Wipro,519.62,525.28,514.5,521.3,3970963
2017-02-13,HCLTech,1646.13,1659.02,1639.12,1648.92,2495587
2017-02-13,Infosys,2178.22,2199.78,2155.05,2188.7,2454640
2017-02-13,TCS,4053.72,4073.93,4031.34,4055.1,1495242
2017-02-13,Wipro,526.62,527.97,522.62,524.6,2468425
2017-02-14,HCLTech,1647.86,1652.84,1638.27,1650.82,2349873
2017-02-14,Infosys,2232.88,2252.37,2209.67,2224.01,2579168
2017-02-14,TCS,4098.96,4121.75,4055.48,4109.11,1809752
2017-02-14,Wipro,530.44,531.35,521.95,527.32,3604991
2017-02-15,HCLTech,1620.01,1627.42,1601.69,1623.5,2180790
2017-02-15,Infosys,2224.69,2243.85,2202.88,2213.58,3741648
2017-02-15,TCS,4008.74,4051.41,3965.03,4015.27,1959472
2017-02-15,Wipro,508.54,514.76,505.08,514.12,3682188
2017-02-16,HCLTech,1616.67,1624.29,1601.6,1620.15,2049981
2017-02-16,Infosys,2237.41,2247.47,2207.04,2224.23,3503348
2017-02-16,TCS,4020.65,4045.39,3959.52,4006.74,2477281
2017-02-16,Wipro,515.55,519.25,511.33,516.03,4274485
2017-02-17,HCLTech,1621.76,1629.66,1616.81,1619.48,3049197
2017-02-17,Infosys,2228.68,2243.38,2207.35,2224.56,3251829
2017-02-17,TCS,4021.71,4027.12,3970.09,4013.16,2137387
2017-02-17,Wipro,496.89,509.6,494.86,506.06,3753560
2017-02-20,HCLTech,1634.51,1646.59,1618.57,1626.06,2774544
2017-02-20,Infosys,2237.73,2266.68,2218.66,2259.03,2855564
2017-02-20,TCS,4031.07,4077.66,4017.68,4023.96,1578459
2017-02-20,Wipro,495.0,496.25,490.06,495.29,2952279
2017-02-21,HCLTech,1651.75,1669.35,1623.07,1633.54,2739139
2017-02-21,Infosys,2210.2,2230.58,2194.97,2216.1,4175867
2017-02-21,TCS,4007.39,4021.17,3962.4,4010.64,1814213
2017-02-21,Wipro,497.31,499.12,494.38,497.63,3502625
2017-02-22,HCLTech,1610.79,1622.95,1594.12,1617.35,2417335
2017-02-22,Infosys,2247.88,2262.74,2232.51,2235.41,3174930
2017-02-22,TCS,3955.03,3974.36,3925.35,3947.89,2387764
2017-02-22,Wipro,499.29,501.25,488.85,493.73,3840105
2017-02-23,HCLTech,1640.21,1655.76,1619.39,1634.98,2626811
2017-02-23,Infosys,2245.0,2254.68,2225.65,2229.74,2339617
2017-02-23,TCS,3951.74,3980.48,3919.47,3959.76,1573011
2017-02-23,Wipro,501.45,506.87,493.98,496.81,3277434
2017-02-24,HCLTech,1651.65,1657.41,1641.7,1647.27,2244091
2017-02-24,Infosys,2267.25,2275.99,2227.91,2254.31,4094361
2017-02-24,TCS,4018.76,4047.72,3997.31,4022.05,1968788
2017-02-24,Wipro,502.94,503.99,496.1,499.99,3374076
2017-02-27,HCLTech,1628.28,1633.13,1625.75,1630.92,2236363
2017-02-27,Infosys,2229.76,2258.25,2209.22,2231.97,3343465
2017-02-27,TCS,3979.32,4017.68,3927.71,3967.18,1996355
2017-02-27,Wipro,484.13,490.18,483.1,487.07,4890677
2017-02-28,HCLTech,1597.27,1618.4,1593.35,1605.32,3660351
2017-02-28,Infosys,2220.14,2247.78,2194.76,2232.36,3999431
2017-02-28,TCS,4009.49,4013.77,3969.14,3998.47,1851489
2017-02-28,Wipro,490.22,498.15,489.23,493.37,3530073
2017-03-01,HCLTech,1593.27,1598.63,1580.73,1591.13,3103156
2017-03-01,Infosys,2228.99,2245.38,2218.44,2229.37,3588235
2017-03-01,TCS,3974.71,4031.91,3933.77,3987.02,3429098
2017-03-01,Wipro,492.27,500.92,486.62,495.68,4367913
2017-03-02,HCLTech,1575.27,1592.78,1555.89,1558.99,2323839
2017-03-02,Infosys,2202.63,2205.02,2187.33,2202.49,5162780
2017-03-02,TCS,3974.5,4017.53,3962.06,3985.23,1841537
2017-03-02,Wipro,494.99,499.26,485.85,490.26,3860907
2017-03-03,HCLTech,1565.93,1583.58,1558.01,1563.87,1927605
2017-03-03,Infosys,2183.03,2189.58,2158.87,2168.72,3007643
2017-03-03,TCS,3949.44,3994.68,3936.1,3948.08,2188245
2017-03-03,Wipro,486.05,490.76,484.64,488.84,3127711
2017-03-06,HCLTech,1584.23,1593.78,1568.33,1590.35,1850200
2017-03-06,Infosys,2155.56,2166.18,2129.82,2153.5,3210316
2017-03-06,TCS,3958.16,3997.71,3913.69,3936.7,1715812
2017-03-06,Wipro,494.25,496.6,490.5,495.45,3742303
2017-03-07,HCLTech,1621.45,1627.8,1612.66,1622.7,2290285
2017-03-07,Infosys,2156.87,2181.95,2147.74,2156.72,3695503
2017-03-07,TCS,3959.6,4028.21,3955.43,3983.56,2222642
2017-03-07,Wipro,489.62,493.75,484.92,492.4,4239695
2017-03-08,HCLTech,1589.63,1603.83,1570.62,1598.53,2656613
2017-03-08,Infosys,2137.76,2144.02,2118.65,2137.1,3011361
2017-03-08,TCS,4008.6,4039.11,3970.56,4005.09,2380486
2017-03-08,Wipro,507.27,516.15,503.42,511.3,5661283
2017-03-09,HCLTech,1616.8,1634.63,1601.59,1616.65,2662285
2017-03-09,Infosys,2132.14,2141.38,2122.33,2128.56,3757216
2017-03-09,TCS,4051.06,4088.72,4033.82,4068.66,1778115
2017-03-09,Wipro,526.1,528.34,521.89,525.0,3427549
2017-03-10,HCLTech,1624.43,1627.45,1612.66,1619.0,2678281
2017-03-10,Infosys,2086.35,2111.16,2076.38,2080.87,1774765
2017-03-10,TCS,4104.48,4136.84,4075.22,4112.69,1978238
2017-03-10,Wipro,526.41,528.9,520.55,525.91,3932380
2017-03-13,HCLTech,1560.73,1580.54,1559.04,1566.03,2779735
2017-03-13,Infosys,2065.29,2084.62,2059.69,2071.59,3153756
2017-03-13,TCS,4124.98,4163.74,4117.68,4129.72,1672118
2017-03-13,Wipro,516.27,525.09,515.47,523.56,4797576
2017-03-14,HCLTech,1534.54,1565.71,1524.11,1559.22,2112430
2017-03-14,Infosys,2087.88,2106.62,2073.63,2097.17,3134759
2017-03-14,TCS,4190.3,4219.75,4178.24,4195.85,1590846
2017-03-14,Wipro,517.37,524.65,513.25,521.63,5146923
2017-03-15,HCLTech,1552.14,1563.63,1536.45,1550.03,3515078
2017-03-15,Infosys,2127.21,2144.18,2093.24,2115.0,3112131
2017-03-15,TCS,4206.24,4251.44,4173.21,4213.32,2460848
2017-03-15,Wipro,516.67,519.09,512.64,515.84,3513145
2017-03-16,HCLTech,1573.16,1581.68,1563.46,1577.03,2499358
2017-03-16,Infosys,2098.32,2126.48,2073.16,2112.83,2685227
2017-03-16,TCS,4245.84,4254.38,4227.23,4245.75,1790235
2017-03-16,Wipro,516.6,519.38,512.4,516.84,3877287
2017-03-17,HCLTech,1552.7,1573.81,1535.67,1558.43,2757928
2017-03-17,Infosys,2133.7,2158.31,2102.44,2119.08,3835789
2017-03-17,TCS,4228.26,4278.3,4214.04,4235.39,1234202
2017-03-17,Wipro,521.78,523.82,519.59,523.1,4996979
2017-03-20,HCLTech,1565.46,1584.46,1550.67,1571.29,2280217
2017-03-20,Infosys,2081.43,2102.22,2067.13,2098.2,2892906
2017-03-20,TCS,4219.47,4252.71,4204.63,4238.95,2846865
2017-03-20,Wipro,512.34,515.46,508.97,510.39,4430819
2017-03-21,HCLTech,1572.57,1574.51,1558.94,1569.49,2767126
2017-03-21,Infosys,2134.37,2160.36,2113.76,2139.62,3330777
2017-03-21,TCS,4223.85,4271.94,4199.32,4213.49,1703573
2017-03-21,Wipro,511.51,517.33,505.51,516.18,4918399
2017-03-22,HCLTech,1535.53,1544.16,1533.68,1538.61,3938917
2017-03-22,Infosys,2202.49,2211.45,2189.79,2193.52,3176303
2017-03-22,TCS,4262.41,4273.97,4218.93,4252.31,1903839
2017-03-22,Wipro,522.81,528.39,517.32,524.78,5056016
2017-03-23,HCLTech,1534.32,1543.72,1520.13,1527.34,2133245
2017-03-23,Infosys,2198.03,2219.74,2176.26,2198.03,3536804
2017-03-23,TCS,4219.82,4230.04,4196.66,4208.63,2776881
2017-03-23,Wipro,531.8,536.24,524.23,530.06,4468437
2017-03-24,HCLTech,1568.35,1579.09,1551.0,1561.05,2080051
2017-03-24,Infosys,2255.14,2291.06,2234.07,2267.64,4260314
2017-03-24,TCS,4219.08,4281.7,4198.02,4239.6,1944099
2017-03-24,Wipro,526.53,532.39,521.55,528.69,4116501
2017-03-27,HCLTech,1555.83,1573.63,1549.99,1557.9,2187161
2017-03-27,Infosys,2253.48,2276.78,2234.09,2249.45,3327334
2017-03-27,TCS,4237.61,4280.01,4197.35,4233.62,1935720
2017-03-27,Wipro,534.68,536.08,532.72,533.63,3497678
2017-03-28,HCLTech,1574.41,1586.74,1558.33,1578.44,2432405
2017-03-28,Infosys,2216.81,2240.16,2213.41,2216.19,3786454
2017-03-28,TCS,4288.97,4328.11,4251.38,4279.84,1564415
2017-03-28,Wipro,542.2,550.38,537.92,546.13,3809323
2017-03-29,HCLTech,1599.05,1616.95,1588.99,1598.05,2342529
2017-03-29,Infosys,2195.69,2217.24,2188.61,2197.68,3294073
2017-03-29,TCS,4296.31,4360.14,4263.79,4310.29,1442215
2017-03-29,Wipro,542.62,548.46,539.8,545.44,3860212
2017-03-30,HCLTech,1587.62,1593.73,1582.48,1588.75,2111459
2017-03-30,Infosys,2186.48,2197.84,2175.4,2192.22,2892002
2017-03-30,TCS,4383.13,4400.56,4366.53,4383.01,1934540
2017-03-30,Wipro,539.47,548.26,536.95,545.56,5083975
2017-03-31,HCLTech,1547.83,1577.47,1533.01,1561.18,2574303
2017-03-31,Infosys,2253.92,2257.79,2228.33,2254.25,3110673
2017-03-31,TCS,4411.89,4458.05,4362.21,4413.51,2150518
2017-03-31,Wipro,559.5,568.29,557.41,566.8,4143590
2017-04-03,HCLTech,1551.41,1568.39,1525.11,1536.93,3552812
2017-04-03,Infosys,2241.55,2257.71,2223.57,2247.04,3023582
2017-04-03,TCS,4378.45,4399.79,4328.95,4353.12,2126021
2017-04-03,Wipro,568.14,576.64,566.44,569.84,4151444
2017-04-04,HCLTech,1574.75,1587.18,1564.27,1569.24,2523249
2017-04-04,Infosys,2247.25,2261.74,2209.68,2224.39,3585088
2017-04-04,TCS,4378.63,4408.9,4334.08,4352.17,1816469
2017-04-04,Wipro,561.1,564.08,558.09,559.51,3278831
2017-04-05,HCLTech,1569.8,1591.68,1559.03,1573.37,2550332
2017-04-05,Infosys,2198.76,2210.5,2184.74,2200.97,3268990
2017-04-05,TCS,4285.7,4333.65,4238.78,4308.22,2008119
2017-04-05,Wipro,567.87,571.71,566.55,568.29,5089556
2017-04-06,HCLTech,1522.06,1544.9,1508.91,1536.42,2784588
2017-04-06,Infosys,2228.26,2252.22,2206.92,2231.77,2729989
2017-04-06,TCS,4323.78,4328.38,4254.73,4289.94,1385006
2017-04-06,Wipro,576.53,577.71,567.28,572.33,3430917
2017-04-07,HCLTech,1553.91,1568.8,1544.69,1555.28,2959571
2017-04-07,Infosys,2254.01,2279.36,2243.73,2259.15,3061051
2017-04-07,TCS,4338.02,4382.39,4304.39,4350.54,2192802
2017-04-07,Wipro,564.15,570.32,557.82,565.55,3778585
2017-04-10,HCLTech,1513.31,1519.37,1506.77,1517.68,3421766
2017-04-10,Infosys,2263.39,2289.85,2241.98,2246.56,2358362
2017-04-10,TCS,4391.05,4431.55,4330.43,4377.51,2065615
2017-04-10,Wipro,547.01,556.64,544.17,554.36,5197489
2017-04-11,HCLTech,1500.61,1507.1,1487.73,1501.06,2727866
2017-04-11,Infosys,2182.05,2209.0,2163.61,2197.12,3084008
2017-04-11,TCS,4365.36,4378.11,4344.88,4352.03,2967973
2017-04-11,Wipro,557.9,563.0,555.49,556.7,4776060
2017-04-12,HCLTech,1487.76,1514.49,1475.03,1503.62,2598619
2017-04-12,Infosys,2171.42,2192.36,2158.13,2168.15,3200835
2017-04-12,TCS,4301.02,4363.06,4257.09,4314.53,2002994
2017-04-12,Wipro,552.28,557.02,550.39,556.05,3374809
2017-04-13,HCLTech,1554.93,1575.11,1553.09,1558.54,2132307
2017-04-13,Infosys,2211.8,2234.29,2201.66,2214.02,4594410
2017-04-13,TCS,4324.6,4354.16,4281.37,4317.89,1656344
2017-04-13,Wipro,544.13,546.45,538.69,543.7,3223699
2017-04-14,HCLTech,1574.21,1595.5,1568.58,1577.38,3014710
2017-04-14,Infosys,2219.75,2259.58,2206.43,2233.06,4190588
2017-04-14,TCS,4271.55,4285.64,4250.36,4272.99,1979813
2017-04-14,Wipro,535.04,547.8,532.46,542.8,3840291
2017-04-17,HCLTech,1566.25,1579.29,1553.55,1567.73,2195935
2017-04-17,Infosys,2227.83,2256.77,2219.66,2235.51,2602144
2017-04-17,TCS,4256.86,4291.36,4233.2,4249.43,1873085
2017-04-17,Wipro,540.37,544.2,535.89,541.3,3564459
2017-04-18,HCLTech,1567.51,1585.67,1562.08,1569.33,2182370
2017-04-18,Infosys,2290.0,2299.44,2261.48,2286.96,3331773
2017-04-18,TCS,4266.72,4280.0,4254.45,4263.62,2181665
2017-04-18,Wipro,543.08,543.83,538.92,540.68,2982650
2017-04-19,HCLTech,1591.09,1606.67,1572.25,1590.68,2702394
2017-04-19,Infosys,2333.64,2344.87,2309.57,2342.13,3343482
2017-04-19,TCS,4326.79,4334.14,4261.58,4310.52,2010785
2017-04-19,Wipro,547.48,552.78,540.4,545.48,3440564
2017-04-20,HCLTech,1635.88,1651.43,1619.2,1623.73,3538901
2017-04-20,Infosys,2344.51,2371.82,2314.08,2341.95,3055866
2017-04-20,TCS,4337.63,4374.67,4325.5,4336.6,1554506
2017-04-20,Wipro,527.62,534.6,523.29,528.46,2308700
2017-04-21,HCLTech,1615.11,1622.8,1600.2,1619.19,3006578
2017-04-21,Infosys,2359.4,2380.34,2315.13,2342.32,3095077
2017-04-21,TCS,4248.26,4259.93,4231.89,4250.51,1441953
2017-04-21,Wipro,517.83,520.66,516.04,517.99,4792678
2017-04-24,HCLTech,1608.15,1625.47,1588.88,1615.35,2580555
2017-04-24,Infosys,2328.58,2351.72,2316.54,2326.91,2981304
2017-04-24,TCS,4279.41,4288.68,4227.97,4264.66,2107977
2017-04-24,Wipro,511.89,517.52,506.13,513.49,4732728
2017-04-25,HCLTech,1584.33,1607.94,1576.71,1597.8,2136552
2017-04-25,Infosys,2305.78,2342.46,2293.82,2319.9,4653839
2017-04-25,TCS,4277.79,4316.88,4232.35,4269.97,2637338
2017-04-25,Wipro,524.93,528.6,521.39,525.92,5302787
2017-04-26,HCLTech,1609.86,1629.49,1597.57,1613.9,3525189
2017-04-26,Infosys,2271.74,2300.56,2252.02,2279.83,2944426
2017-04-26,TCS,4298.43,4305.34,4276.66,4288.54,2031992
2017-04-26,Wipro,551.03,554.94,546.98,548.86,4292813
2017-04-27,HCLTech,1627.23,1650.64,1623.71,1638.44,2570744
2017-04-27,Infosys,2237.69,2261.14,2235.07,2240.38,3425811
2017-04-27,TCS,4345.0,4397.24,4301.74,4354.1,2353271
2017-04-27,Wipro,546.36,553.95,542.41,548.95,3656967
2017-04-28,HCLTech,1603.27,1619.33,1583.24,1595.75,2453388
2017-04-28,Infosys,2192.26,2220.15,2166.1,2195.51,1929661
2017-04-28,TCS,4262.68,4318.47,4234.49,4276.74,2449071
2017-04-28,Wipro,547.19,553.82,544.15,549.45,4908532
2017-05-01,HCLTech,1587.36,1606.4,1568.53,1588.11,2905323
2017-05-01,Infosys,2226.7,2251.32,2222.79,2225.28,3772977
2017-05-01,TCS,4249.23,4267.72,4205.33,4256.84,2109615
2017-05-01,Wipro,520.65,528.21,514.88,525.86,3476416
2017-05-02,HCLTech,1569.77,1580.92,1544.28,1562.56,2377147
2017-05-02,Infosys,2187.87,2199.18,2170.04,2185.0,4055207
2017-05-02,TCS,4274.04,4311.11,4265.67,4282.41,1699355
2017-05-02,Wipro,536.74,538.43,532.2,534.56,3067887
2017-05-03,HCLTech,1578.39,1593.71,1558.43,1567.1,2236496
2017-05-03,Infosys,2254.14,2257.16,2219.12,2237.82,2592816
2017-05-03,TCS,4235.25,4243.99,4218.56,4224.78,2079669
2017-05-03,Wipro,537.89,542.74,532.11,538.97,3883935
2017-05-04,HCLTech,1534.88,1552.45,1519.49,1541.4,2279811
2017-05-04,Infosys,2219.36,2222.56,2194.83,2219.4,2888604
2017-05-04,TCS,4297.46,4331.66,4249.97,4284.27,2546097
2017-05-04,Wipro,537.51,546.28,532.59,541.81,4342733
2017-05-05,HCLTech,1511.83,1526.35,1496.57,1514.41,2278594
2017-05-05,Infosys,2256.37,2280.73,2238.13,2267.32,3502410
2017-05-05,TCS,4299.47,4308.85,4288.07,4301.57,2223595
2017-05-05,Wipro,532.63,536.53,525.38,529.88,3400431
2017-05-08,HCLTech,1549.77,1559.44,1532.61,1539.69,2075159
2017-05-08,Infosys,2269.58,2292.69,2241.51,2258.6,3212479
2017-05-08,TCS,4357.22,4406.85,4308.24,4337.63,2322853
2017-05-08,Wipro,548.85,550.52,547.19,549.2,3243953
2017-05-09,HCLTech,1538.85,1556.63,1521.97,1537.42,2029373
2017-05-09,Infosys,2229.55,2252.57,2208.21,2217.76,3512839
2017-05-09,TCS,4337.26,4351.51,4313.62,4318.6,1823281
2017-05-09,Wipro,561.72,567.32,560.63,564.55,3680047
2017-05-10,HCLTech,1541.39,1556.79,1533.17,1537.45,3157932
2017-05-10,Infosys,2255.64,2267.93,2236.54,2253.44,3021346
2017-05-10,TCS,4356.99,4394.07,4311.94,4353.65,1920674
2017-05-10,Wipro,570.67,575.92,561.7,567.66,4343480
2017-05-11,HCLTech,1555.98,1570.4,1529.9,1548.12,2972132
2017-05-11,Infosys,2290.61,2302.88,2269.43,2292.98,4645058
2017-05-11,TCS,4387.74,4409.72,4339.93,4399.11,1953068
2017-05-11,Wipro,576.58,579.53,572.38,578.02,3885332
2017-05-12,HCLTech,1577.61,1584.91,1554.2,1570.7,2205494
2017-05-12,Infosys,2275.46,2290.41,2254.38,2269.52,2798833
2017-05-12,TCS,4433.76,4448.41,4366.69,4411.81,1979569
2017-05-12,Wipro,572.8,584.89,566.14,578.69,6777401
2017-05-15,HCLTech,1566.07,1576.0,1552.59,1562.93,3105553
2017-05-15,Infosys,2259.86,2284.84,2238.22,2261.86,5481976
2017-05-15,TCS,4423.82,4451.04,4372.76,4424.67,2526257
2017-05-15,Wipro,590.81,594.43,583.53,587.45,3892611
2017-05-16,HCLTech,1566.38,1582.82,1547.55,1555.7,2765921
2017-05-16,Infosys,2219.54,2256.7,2215.62,2238.78,4102249
2017-05-16,TCS,4440.83,4473.26,4390.52,4439.06,1250711
2017-05-16,Wipro,570.72,579.51,566.43,573.94,4647936
2017-05-17,HCLTech,1548.11,1566.12,1530.45,1548.62,2436963
2017-05-17,Infosys,2242.26,2247.95,2226.47,2236.96,3779432
2017-05-17,TCS,4403.64,4461.2,4377.73,4408.36,2012252
2017-05-17,Wipro,561.47,564.14,544.49,551.08,2993801
2017-05-18,HCLTech,1577.75,1596.64,1570.93,1573.74,2034693
2017-05-18,Infosys,2249.71,2260.92,2215.39,2241.29,2598814
2017-05-18,TCS,4393.89,4411.88,4370.24,4406.22,1968452
2017-05-18,Wipro,537.09,541.46,532.33,538.79,4498180
2017-05-19,HCLTech,1572.38,1588.03,1562.19,1573.74,2783755
2017-05-19,Infosys,2246.89,2262.86,2223.15,2233.33,3838521
2017-05-19,TCS,4383.63,4408.37,4336.03,4403.95,1520207
2017-05-19,Wipro,524.31,537.37,521.7,531.19,3646706
2017-05-22,HCLTech,1576.73,1590.98,1558.89,1568.86,3775706
2017-05-22,Infosys,2179.88,2201.71,2162.79,2186.58,3610833
2017-05-22,TCS,4431.85,4453.37,4373.51,4423.03,2287594
2017-05-22,Wipro,530.89,534.74,519.93,525.24,3992630
2017-05-23,HCLTech,1573.62,1582.24,1565.44,1579.03,2607588
2017-05-23,Infosys,2174.95,2196.99,2158.28,2172.88,2094319
2017-05-23,TCS,4455.95,4489.42,4403.81,4466.96,1730217
2017-05-23,Wipro,529.3,530.79,527.05,529.67,5604978
2017-05-24,HCLTech,1608.34,1636.68,1604.74,1621.65,3174791
2017-05-24,Infosys,2195.12,2219.82,2168.05,2192.84,2416283
2017-05-24,TCS,4471.47,4519.42,4386.73,4428.59,1862166
2017-05-24,Wipro,528.08,534.17,523.83,527.41,3713004
2017-05-25,HCLTech,1630.21,1638.06,1618.87,1624.99,2492205
2017-05-25,Infosys,2189.69,2194.3,2182.8,2188.91,3437266
2017-05-25,TCS,4412.53,4476.52,4398.31,4427.65,2894763
2017-05-25,Wipro,528.41,531.12,525.42,527.33,3079265
2017-05-26,HCLTech,1612.45,1637.56,1593.4,1620.53,3126388
2017-05-26,Infosys,2182.96,2190.53,2172.54,2181.91,3115815
2017-05-26,TCS,4473.48,4539.23,4422.51,4491.24,2447683
2017-05-26,Wipro,511.81,520.95,505.7,516.4,3176798
2017-05-29,HCLTech,1657.83,1668.82,1641.44,1666.95,2523051
2017-05-29,Infosys,2159.61,2171.08,2136.63,2159.27,2885952
2017-05-29,TCS,4472.66,4484.18,4414.49,4465.48,2243516
2017-05-29,Wipro,497.89,506.13,492.28,504.91,4140733
2017-05-30,HCLTech,1710.64,1729.93,1682.69,1700.07,1607123
2017-05-30,Infosys,2147.04,2156.19,2127.27,2145.14,3970693
2017-05-30,TCS,4458.21,4482.88,4399.84,4436.78,2158260
2017-05-30,Wipro,511.57,516.9,500.12,505.49,4096065
2017-05-31,HCLTech,1738.56,1749.55,1718.92,1730.35,2250526
2017-05-31,Infosys,2190.19,2202.22,2168.16,2183.39,2681549
2017-05-31,TCS,4450.08,4491.04,4402.77,4449.17,1935200
2017-05-31,Wipro,495.71,506.57,493.03,500.79,4062156
2017-06-01,HCLTech,1717.23,1724.26,1703.01,1720.12,2669693
2017-06-01,Infosys,2166.49,2169.62,2143.89,2155.41,2921515
2017-06-01,TCS,4495.61,4515.56,4455.32,4487.51,2983277
2017-06-01,Wipro,506.07,508.71,496.53,501.05,3093147
2017-06-02,HCLTech,1682.31,1720.6,1671.28,1707.6,3228560
2017-06-02,Infosys,2168.96,2179.62,2156.98,2175.86,2811575
2017-06-02,TCS,4466.42,4529.7,4415.57,4492.43,2348039
2017-06-02,Wipro,507.71,509.03,504.25,506.2,5998829
2017-06-05,HCLTech,1670.51,1684.9,1652.07,1666.15,2521392
2017-06-05,Infosys,2177.27,2201.12,2152.7,2178.85,3543747
2017-06-05,TCS,4541.36,4567.49,4532.13,4551.07,1721570
2017-06-05,Wipro,522.0,525.72,518.84,521.6,5361246
2017-06-06,HCLTech,1696.2,1712.45,1672.96,1690.71,2615550
2017-06-06,Infosys,2183.17,2191.7,2164.87,2187.05,2268818
2017-06-06,TCS,4575.48,4611.9,4527.42,4590.98,1511536
2017-06-06,Wipro,519.94,523.11,514.82,521.66,4105629
2017-06-07,HCLTech,1698.74,1713.56,1688.23,1694.45,2311872
2017-06-07,Infosys,2164.57,2191.56,2140.28,2169.72,2896828
2017-06-07,TCS,4603.11,4679.13,4595.7,4630.67,2240087
2017-06-07,Wipro,546.94,550.15,538.35,539.22,2950777
2017-06-08,HCLTech,1657.97,1669.72,1635.2,1654.15,3552660
2017-06-08,Infosys,2147.78,2171.86,2122.66,2162.41,2267318
2017-06-08,TCS,4660.41,4677.91,4636.65,4658.69,1977776
2017-06-08,Wipro,540.9,547.72,540.06,543.45,5491412
2017-06-09,HCLTech,1682.67,1687.37,1664.08,1684.17,3510116
2017-06-09,Infosys,2164.33,2173.86,2148.93,2164.11,3005896
2017-06-09,TCS,4728.82,4817.63,4717.05,4762.35,1502844
2017-06-09,Wipro,548.03,551.91,543.5,550.52,5021149
2017-06-12,HCLTech,1674.83,1695.81,1665.43,1678.2,2271096
2017-06-12,Infosys,2156.84,2161.39,2135.91,2152.51,3697883
2017-06-12,TCS,4738.87,4779.44,4709.16,4758.65,2178996
2017-06-12,Wipro,563.54,569.98,556.0,561.34,4083103
2017-06-13,HCLTech,1666.1,1694.95,1646.53,1675.16,1919815
2017-06-13,Infosys,2161.58,2165.47,2143.82,2162.99,3711106
2017-06-13,TCS,4670.77,4684.57,4654.16,4678.68,1895232
2017-06-13,Wipro,566.37,573.95,563.41,568.97,5083744
2017-06-14,HCLTech,1636.41,1657.7,1618.88,1642.01,1811348
2017-06-14,Infosys,2176.76,2187.53,2154.49,2176.85,2766633
2017-06-14,TCS,4739.49,4770.0,4685.12,4751.92,2223939
2017-06-14,Wipro,557.37,563.91,552.67,561.12,3623461
2017-06-15,HCLTech,1657.97,1660.26,1652.97,1655.36,2933490
2017-06-15,Infosys,2240.31,2263.14,2217.93,2236.38,3560194
2017-06-15,TCS,4743.55,4757.22,4703.74,4737.63,2184736
2017-06-15,Wipro,572.08,575.68,565.83,572.49,3301055
2017-06-16,HCLTech,1671.83,1687.39,1666.62,1669.06,2671274
2017-06-16,Infosys,2259.27,2284.39,2240.84,2245.92,3083662
2017-06-16,TCS,4752.11,4783.35,4695.91,4747.54,1770911
2017-06-16,Wipro,571.25,577.15,567.77,568.97,4127897
2017-06-19,HCLTech,1676.47,1683.12,1655.33,1669.99,2223655
2017-06-19,Infosys,2193.14,2200.69,2168.21,2197.01,4201189
2017-06-19,TCS,4822.81,4833.62,4789.74,4809.25,2269855
2017-06-19,Wipro,579.02,582.63,566.6,572.4,2932179
2017-06-20,HCLTech,1650.89,1681.56,1635.01,1662.31,2745270
2017-06-20,Infosys,2219.04,2232.97,2200.69,2229.98,3117895
2017-06-20,TCS,4757.08,4794.59,4739.72,4745.82,1810433
2017-06-20,Wipro,581.5,588.39,569.86,574.11,3203577
2017-06-21,HCLTech,1712.75,1729.66,1706.35,1726.73,2032865
2017-06-21,Infosys,2225.81,2232.77,2202.29,2226.66,1765689
2017-06-21,TCS,4714.98,4765.08,4653.29,4698.07,1834131
2017-06-21,Wipro,579.64,587.4,576.36,586.41,4459645
2017-06-22,HCLTech,1696.87,1703.46,1685.86,1700.03,3048031
2017-06-22,Infosys,2301.41,2323.11,2270.32,2283.27,3827022
2017-06-22,TCS,4636.22,4659.37,4595.76,4636.25,1798032
2017-06-22,Wipro,594.63,597.0,590.01,590.93,4196668
2017-06-23,HCLTech,1676.69,1690.14,1665.07,1685.1,2408609
2017-06-23,Infosys,2314.89,2333.77,2300.48,2326.2,2919262
2017-06-23,TCS,4613.05,4626.21,4576.38,4608.64,2507639
2017-06-23,Wipro,572.98,580.6,569.98,576.73,3034243
2017-06-26,HCLTech,1705.63,1721.47,1694.02,1704.08,2094300
2017-06-26,Infosys,2320.75,2328.96,2294.57,2314.42,3029237
2017-06-26,TCS,4639.88,4664.93,4586.23,4632.41,1890861
2017-06-26,Wipro,595.53,600.74,589.73,599.24,3685827
2017-06-27,HCLTech,1671.47,1695.96,1668.52,1682.23,2415988
2017-06-27,Infosys,2348.28,2373.59,2314.59,2336.89,3422377
2017-06-27,TCS,4661.97,4706.94,4612.17,4659.89,2631715
2017-06-27,Wipro,606.44,611.7,602.22,608.71,3060813
2017-06-28,HCLTech,1668.58,1683.6,1653.31,1658.96,2399394
2017-06-28,Infosys,2299.67,2347.31,2295.38,2322.63,2406586
2017-06-28,TCS,4671.29,4712.24,4636.41,4677.13,2857205
2017-06-28,Wipro,600.62,607.16,598.85,603.1,3627633
2017-06-29,HCLTech,1680.89,1695.93,1664.15,1687.67,2796932
2017-06-29,Infosys,2329.08,2348.58,2312.33,2325.07,3248136
2017-06-29,TCS,4618.83,4633.44,4565.14,4623.67,1725304
2017-06-29,Wipro,587.11,593.57,585.03,591.28,3549187
2017-06-30,HCLTech,1717.65,1735.98,1701.22,1704.3,3282846
2017-06-30,Infosys,2352.37,2358.97,2324.2,2346.42,3561031
2017-06-30,TCS,4522.44,4565.42,4482.11,4534.1,1115104
2017-06-30,Wipro,592.93,603.57,586.81,601.88,4878024
2017-07-03,HCLTech,1722.6,1732.78,1704.71,1718.18,3248970
2017-07-03,Infosys,2377.77,2392.8,2349.44,2380.44,3441693
2017-07-03,TCS,4547.97,4575.94,4503.58,4541.94,2464648
2017-07-03,Wipro,596.56,598.92,587.94,591.34,3876509
2017-07-04,HCLTech,1715.99,1729.16,1702.3,1724.89,2684347
2017-07-04,Infosys,2402.14,2417.34,2399.43,2408.67,2838752
2017-07-04,TCS,4527.0,4549.16,4504.47,4528.34,1867784
2017-07-04,Wipro,603.56,604.71,599.12,600.35,3810053
2017-07-05,HCLTech,1728.22,1744.54,1690.87,1710.57,2504460
2017-07-05,Infosys,2407.41,2433.64,2397.99,2413.39,3902187
2017-07-05,TCS,4543.32,4562.89,4538.66,4552.82,1681876
2017-07-05,Wipro,612.18,614.38,605.02,612.44,3698056
2017-07-06,HCLTech,1709.09,1720.75,1686.62,1706.86,2320500
2017-07-06,Infosys,2485.61,2512.89,2470.42,2489.05,2621250
2017-07-06,TCS,4577.92,4641.58,4561.21,4587.48,1777847
2017-07-06,Wipro,601.88,606.77,599.6,605.76,2835362
2017-07-07,HCLTech,1708.71,1721.58,1687.87,1707.32,1825597
2017-07-07,Infosys,2477.69,2487.19,2469.14,2480.84,2823695
2017-07-07,TCS,4581.56,4612.56,4538.48,4599.06,1840770
2017-07-07,Wipro,602.67,609.58,592.35,598.19,3921860
2017-07-10,HCLTech,1729.51,1739.12,1717.48,1730.07,2590028
2017-07-10,Infosys,2431.07,2462.59,2427.92,2436.09,3114132
2017-07-10,TCS,4650.9,4665.41,4595.74,4636.58,2592404
2017-07-10,Wipro,593.15,595.23,592.48,593.58,4405528
2017-07-11,HCLTech,1746.83,1762.23,1740.29,1742.84,2193084
2017-07-11,Infosys,2394.24,2412.31,2377.63,2397.7,3394798
2017-07-11,TCS,4653.33,4665.43,4630.58,4652.17,2064998
2017-07-11,Wipro,581.25,584.14,579.02,583.54,4189633
2017-07-12,HCLTech,1727.2,1729.6,1715.78,1722.76,3317392
2017-07-12,Infosys,2455.43,2479.36,2423.29,2443.18,2998889
2017-07-12,TCS,4667.81,4714.55,4631.02,4680.51,2585365
2017-07-12,Wipro,580.17,593.16,577.44,586.4,4594302
2017-07-13,HCLTech,1736.99,1755.54,1726.17,1744.37,2497692
2017-07-13,Infosys,2431.22,2447.48,2417.66,2443.65,4091322
2017-07-13,TCS,4668.9,4696.35,4642.36,4657.02,2207788
2017-07-13,Wipro,592.61,598.15,584.62,590.79,4639249
2017-07-14,HCLTech,1704.49,1716.0,1702.05,1706.27,3019009
2017-07-14,Infosys,2433.12,2463.23,2420.78,2451.06,3394675
2017-07-14,TCS,4647.42,4673.07,4629.3,4655.63,1880055
2017-07-14,Wipro,597.59,601.4,592.07,599.04,6208452
2017-07-17,HCLTech,1702.02,1717.7,1698.66,1701.06,2360819
2017-07-17,Infosys,2450.28,2453.13,2409.03,2437.9,3248789
2017-07-17,TCS,4649.43,4696.81,4596.33,4670.08,1849796
2017-07-17,Wipro,591.36,597.67,587.99,590.58,3191678
2017-07-18,HCLTech,1681.27,1687.87,1668.83,1676.48,2271442
2017-07-18,Infosys,2425.48,2449.05,2410.32,2427.44,3370894
2017-07-18,TCS,4726.15,4765.89,4684.85,4710.97,2237745
2017-07-18,Wipro,600.49,606.85,594.25,600.05,4192254
2017-07-19,HCLTech,1663.76,1669.7,1650.15,1658.87,2934301
2017-07-19,Infosys,2403.45,2411.88,2379.94,2407.37,3705180
2017-07-19,TCS,4692.66,4719.88,4675.32,4700.61,2356629
2017-07-19,Wipro,592.12,597.54,584.09,589.94,4287275
2017-07-20,HCLTech,1708.07,1715.79,1694.09,1706.7,2748453
2017-07-20,Infosys,2422.67,2435.24,2412.59,2423.8,3357866
2017-07-20,TCS,4723.0,4781.42,4692.97,4729.08,2441239
2017-07-20,Wipro,600.03,604.54,595.43,599.4,3752172
2017-07-21,HCLTech,1669.84,1684.88,1651.04,1674.35,2773064
2017-07-21,Infosys,2425.9,2449.19,2399.21,2423.77,2228318
2017-07-21,TCS,4724.8,4745.44,4699.35,4724.18,1898073
2017-07-21,Wipro,582.74,588.38,578.9,584.04,3524699
2017-07-24,HCLTech,1652.8,1663.17,1644.04,1657.68,2551689
2017-07-24,Infosys,2433.92,2461.82,2409.44,2439.29,3979087
2017-07-24,TCS,4742.66,4757.74,4682.97,4725.62,2071324
2017-07-24,Wipro,603.16,610.19,597.28,601.25,4419597
2017-07-25,HCLTech,1662.29,1686.28,1659.75,1672.02,3044660
2017-07-25,Infosys,2457.32,2477.09,2442.44,2452.11,3277516
2017-07-25,TCS,4767.86,4822.69,4712.33,4767.56,2247807
2017-07-25,Wipro,599.51,603.18,594.42,596.12,4335571
2017-07-26,HCLTech,1668.35,1676.1,1651.96,1663.51,2957859
2017-07-26,Infosys,2432.63,2463.57,2412.64,2442.48,3669742
2017-07-26,TCS,4671.57,4735.74,4636.49,4689.24,1852163
2017-07-26,Wipro,608.79,614.81,597.08,603.08,3240342
2017-07-27,HCLTech,1664.58,1679.02,1656.36,1669.61,1682275
2017-07-27,Infosys,2399.89,2422.55,2379.48,2402.93,2950462
2017-07-27,TCS,4649.21,4671.41,4606.43,4641.25,1593860
2017-07-27,Wipro,606.51,612.36,601.13,611.0,2792046
2017-07-28,HCLTech,1704.29,1718.06,1685.69,1705.89,2469512
2017-07-28,Infosys,2339.71,2380.59,2325.97,2361.57,2220666
2017-07-28,TCS,4579.11,4633.14,4556.15,4586.11,1702151
2017-07-28,Wipro,601.7,606.94,591.51,597.69,3625434
2017-07-31,HCLTech,1726.18,1735.06,1714.26,1724.17,3185023
2017-07-31,Infosys,2463.94,2475.88,2428.52,2451.84,2028646
2017-07-31,TCS,4523.87,4554.22,4464.62,4497.05,1905872
2017-07-31,Wipro,601.02,614.47,595.03,607.26,3495958
2017-08-01,HCLTech,1715.5,1730.44,1707.68,1715.46,2120399
2017-08-01,Infosys,2496.86,2501.98,2485.94,2498.71,2649251
2017-08-01,TCS,4475.92,4497.48,4455.72,4475.94,2283224
2017-08-01,Wipro,605.44,606.12,595.98,601.78,4512449
2017-08-02,HCLTech,1714.78,1728.92,1699.41,1714.83,1853419
2017-08-02,Infosys,2549.44,2564.38,2526.19,2542.28,3548800
2017-08-02,TCS,4480.89,4558.74,4476.36,4512.55,2572665
2017-08-02,Wipro,596.57,601.28,590.85,598.98,3325094
2017-08-03,HCLTech,1722.57,1746.36,1711.5,1730.22,2528825
2017-08-03,Infosys,2529.89,2533.68,2494.8,2524.83,4148426
2017-08-03,TCS,4512.42,4554.26,4459.89,4507.34,1524913
2017-08-03,Wipro,595.27,601.0,585.56,592.31,3860401
2017-08-04,HCLTech,1750.62,1762.44,1735.89,1748.31,2885385
2017-08-04,Infosys,2534.02,2549.63,2520.68,2528.18,3399216
2017-08-04,TCS,4549.53,4568.99,4495.87,4521.75,1774783
2017-08-04,Wipro,615.86,621.45,605.62,610.29,2843149
2017-08-07,HCLTech,1748.79,1760.31,1744.12,1751.48,2371245
2017-08-07,Infosys,2506.53,2521.91,2499.95,2506.61,2592714
2017-08-07,TCS,4595.52,4630.79,4543.44,4572.77,1861857
2017-08-07,Wipro,598.77,604.2,592.04,598.09,2932914
2017-08-08,HCLTech,1762.27,1768.68,1753.24,1763.02,3367264
2017-08-08,Infosys,2474.5,2481.84,2464.13,2470.47,2735532
2017-08-08,TCS,4661.12,4684.72,4625.42,4634.32,2344543
2017-08-08,Wipro,603.09,610.39,597.17,603.27,3429440
2017-08-09,HCLTech,1784.77,1795.13,1771.99,1774.67,3759311
2017-08-09,Infosys,2446.18,2479.72,2416.88,2456.08,4200936
2017-08-09,TCS,4623.16,4642.73,4575.96,4638.03,1799529
2017-08-09,Wipro,596.68,598.28,594.31,597.05,3804513
2017-08-10,HCLTech,1779.49,1798.36,1758.58,1775.09,1769144
2017-08-10,Infosys,2486.28,2520.4,2479.42,2498.54,2462050
2017-08-10,TCS,4715.12,4769.72,4688.08,4701.59,1835286
2017-08-10,Wipro,607.62,614.56,603.24,609.43,3395092
2017-08-11,HCLTech,1757.89,1766.92,1751.38,1762.81,2407797
2017-08-11,Infosys,2525.91,2545.07,2518.1,2526.99,4872004
2017-08-11,TCS,4701.52,4745.43,4675.59,4712.23,1507946
2017-08-11,Wipro,640.51,645.67,630.25,635.99,4115833
2017-08-14,HCLTech,1782.67,1789.98,1778.52,1783.97,1647309
2017-08-14,Infosys,2493.7,2528.8,2472.15,2500.83,4656938
2017-08-14,TCS,4686.87,4722.41,4635.59,4683.56,2203018
2017-08-14,Wipro,628.95,631.43,627.6,629.37,2846361
2017-08-15,HCLTech,1808.14,1823.18,1780.6,1794.03,2967480
2017-08-15,Infosys,2509.46,2519.9,2471.15,2494.48,4904215
2017-08-15,TCS,4646.6,4700.72,4618.56,4665.27,1936471
2017-08-15,Wipro,622.93,633.63,618.67,631.52,3831622
2017-08-16,HCLTech,1742.57,1757.98,1729.72,1745.2,2269456
2017-08-16,Infosys,2524.1,2533.9,2503.0,2520.13,3453164
2017-08-16,TCS,4600.8,4642.68,4549.08,4610.15,1754770
2017-08-16,Wipro,631.22,636.37,627.07,627.72,3840498
2017-08-17,HCLTech,1728.14,1747.28,1720.07,1727.8,2363988
2017-08-17,Infosys,2498.5,2513.59,2468.99,2506.03,2988721
2017-08-17,TCS,4570.3,4599.24,4555.21,4580.04,1898842
2017-08-17,Wipro,643.49,648.77,637.79,640.13,2994343
2017-08-18,HCLTech,1724.46,1726.74,1698.95,1718.86,3271111
2017-08-18,Infosys,2508.68,2529.1,2505.1,2511.54,3436385
2017-08-18,TCS,4584.86,4638.45,4531.36,4571.91,2505645
2017-08-18,Wipro,638.01,642.86,633.79,637.84,4186947
2017-08-21,HCLTech,1718.49,1736.81,1702.96,1716.68,1993380
2017-08-21,Infosys,2528.24,2536.48,2507.05,2526.83,3837679
2017-08-21,TCS,4623.4,4659.64,4557.53,4611.75,1635861
2017-08-21,Wipro,645.69,652.85,642.86,648.9,2592153
2017-08-22,HCLTech,1745.37,1764.26,1725.84,1748.56,1895720
2017-08-22,Infosys,2541.15,2568.72,2521.66,2541.88,2809469
2017-08-22,TCS,4694.6,4733.94,4657.46,4690.51,1690146
2017-08-22,Wipro,640.15,650.37,634.08,644.85,3487738
2017-08-23,HCLTech,1824.91,1849.03,1817.05,1831.57,1648748
2017-08-23,Infosys,2555.74,2566.85,2541.25,2552.83,2567442
2017-08-23,TCS,4619.54,4667.08,4579.75,4639.24,2569207
2017-08-23,Wipro,668.71,675.08,663.35,672.03,4682312
2017-08-24,HCLTech,1772.25,1781.49,1759.72,1772.34,3352200
2017-08-24,Infosys,2536.78,2553.01,2508.42,2536.04,3023344
2017-08-24,TCS,4657.84,4681.84,4633.04,4662.42,2030540
2017-08-24,Wipro,647.43,649.75,644.07,646.62,2563267
2017-08-25,HCLTech,1788.42,1796.26,1772.77,1782.67,3200014
2017-08-25,Infosys,2507.79,2539.7,2490.03,2522.48,2742004
2017-08-25,TCS,4614.8,4633.56,4572.04,4625.66,2286673
2017-08-25,Wipro,644.08,656.52,643.31,651.6,4574497
2017-08-28,HCLTech,1798.78,1800.86,1777.26,1787.17,2451582
2017-08-28,Infosys,2469.1,2502.43,2459.95,2491.51,4101398
2017-08-28,TCS,4664.96,4687.6,4601.04,4652.2,2167333
2017-08-28,Wipro,653.81,658.9,649.59,652.07,3168016
2017-08-29,HCLTech,1772.65,1802.68,1769.95,1785.43,2014683
2017-08-29,Infosys,2444.48,2470.66,2439.66,2448.32,2828834
2017-08-29,TCS,4670.76,4684.48,4612.82,4653.46,1985916
2017-08-29,Wipro,652.4,658.88,647.73,652.1,3554466
2017-08-30,HCLTech,1817.47,1822.52,1795.68,1801.84,3072006
2017-08-30,Infosys,2453.78,2474.92,2442.68,2448.01,3261799
2017-08-30,TCS,4599.33,4637.42,4532.27,4584.05,1865422
2017-08-30,Wipro,661.39,665.08,649.9,656.05,5299467
2017-08-31,HCLTech,1805.87,1814.73,1786.79,1808.42,4510673
2017-08-31,Infosys,2471.43,2498.39,2444.57,2475.2,3895254
2017-08-31,TCS,4618.21,4678.6,4583.69,4629.21,2361882
2017-08-31,Wipro,660.24,666.45,652.31,657.33,3528623
2017-09-01,HCLTech,1810.27,1817.59,1783.43,1802.08,2480286
2017-09-01,Infosys,2450.27,2469.06,2428.43,2437.58,4133478
2017-09-01,TCS,4571.13,4630.72,4537.54,4610.75,2523418
2017-09-01,Wipro,657.52,667.85,656.46,660.52,5523699
2017-09-04,HCLTech,1799.1,1824.69,1795.22,1805.61,2044044
2017-09-04,Infosys,2448.15,2463.48,2421.28,2448.63,3336300
2017-09-04,TCS,4569.79,4616.72,4549.91,4595.3,2484284
2017-09-04,Wipro,658.93,669.78,654.89,665.99,3763092
2017-09-05,HCLTech,1808.23,1830.15,1806.06,1822.56,3332923
2017-09-05,Infosys,2489.03,2503.81,2469.14,2474.88,3455648
2017-09-05,TCS,4578.31,4616.65,4517.72,4557.86,1577833
2017-09-05,Wipro,684.36,692.7,676.45,687.91,3932878
2017-09-06,HCLTech,1825.42,1847.64,1821.55,1837.2,2073035
2017-09-06,Infosys,2435.7,2457.33,2395.29,2423.95,2611050
2017-09-06,TCS,4531.92,4549.64,4483.42,4537.65,2596409
2017-09-06,Wipro,660.81,668.09,647.92,655.09,4733885
2017-09-07,HCLTech,1841.92,1861.92,1827.13,1844.91,2416152
2017-09-07,Infosys,2429.8,2442.31,2394.5,2419.09,3926553
2017-09-07,TCS,4550.96,4612.94,4514.06,4561.74,1861830
2017-09-07,Wipro,679.1,682.02,671.63,677.84,4459817
2017-09-08,HCLTech,1837.44,1857.31,1826.06,1832.72,1533832
2017-09-08,Infosys,2457.97,2484.77,2452.37,2470.42,4120009
2017-09-08,TCS,4584.2,4607.13,4544.29,4560.54,1719685
2017-09-08,Wipro,713.11,719.5,707.51,710.44,4125193
2017-09-11,HCLTech,1909.73,1928.26,1891.51,1909.44,2446985
2017-09-11,Infosys,2490.1,2497.07,2485.08,2489.92,2201370
2017-09-11,TCS,4598.93,4608.65,4548.64,4580.64,1933402
2017-09-11,Wipro,686.28,694.07,685.43,689.01,3645995
2017-09-12,HCLTech,1919.67,1935.27,1917.63,1922.03,2013458
2017-09-12,Infosys,2450.22,2470.99,2413.69,2437.67,4552788
2017-09-12,TCS,4602.55,4615.99,4559.32,4602.19,2361679
2017-09-12,Wipro,692.32,696.17,686.06,690.21,2933279
2017-09-13,HCLTech,1956.32,1958.33,1928.37,1945.63,3344368
2017-09-13,Infosys,2462.85,2467.4,2455.47,2460.04,2781579
2017-09-13,TCS,4659.59,4716.42,4606.79,4663.9,2228302
2017-09-13,Wipro,701.34,715.52,697.75,708.09,2961978
2017-09-14,HCLTech,1934.83,1940.12,1914.01,1934.81,2138880
2017-09-14,Infosys,2446.76,2475.86,2431.58,2441.07,3604117
2017-09-14,TCS,4654.26,4673.51,4641.59,4656.19,1900410
2017-09-14,Wipro,724.78,726.76,714.45,720.52,5201395
2017-09-15,HCLTech,1945.59,1952.96,1940.02,1942.92,3038832
2017-09-15,Infosys,2450.1,2470.79,2426.06,2464.42,3250026
2017-09-15,TCS,4604.57,4642.72,4590.23,4601.28,2364769
2017-09-15,Wipro,737.86,744.28,736.55,743.25,5619159
2017-09-18,HCLTech,1980.8,1991.8,1930.27,1950.84,2546000
2017-09-18,Infosys,2466.89,2479.75,2420.22,2447.09,3161591
2017-09-18,TCS,4675.82,4688.52,4626.52,4652.31,2056734
2017-09-18,Wipro,739.64,751.35,731.38,748.89,4105017
2017-09-19,HCLTech,1902.13,1911.68,1881.02,1902.2,2666013
2017-09-19,Infosys,2440.4,2457.38,2417.35,2448.52,3070520
2017-09-19,TCS,4651.23,4665.81,4633.98,4645.04,1783455
2017-09-19,Wipro,732.99,740.79,716.04,722.62,2805427
2017-09-20,HCLTech,1879.65,1898.63,1866.69,1886.07,2886243
2017-09-20,Infosys,2415.42,2445.96,2389.36,2435.74,2623838
2017-09-20,TCS,4709.28,4759.54,4643.15,4698.52,1735924
2017-09-20,Wipro,741.06,744.6,731.78,740.43,3427527
2017-09-21,HCLTech,1873.99,1884.36,1861.86,1869.58,2572352
2017-09-21,Infosys,2435.19,2449.88,2417.76,2438.79,3553440
2017-09-21,TCS,4738.85,4751.3,4694.67,4721.42,2171013
2017-09-21,Wipro,750.1,756.49,741.71,749.59,3393682
2017-09-22,HCLTech,1863.42,1880.16,1843.38,1856.73,2284050
2017-09-22,Infosys,2400.37,2446.76,2377.38,2425.17,3022069
2017-09-22,TCS,4705.13,4728.19,4672.81,4722.5,1967263
2017-09-22,Wipro,761.28,773.03,756.91,770.3,3579197
2017-09-25,HCLTech,1834.58,1837.47,1823.78,1831.88,2210251
2017-09-25,Infosys,2410.57,2428.71,2399.03,2421.58,2462719
2017-09-25,TCS,4755.29,4786.26,4727.4,4743.99,1518990
2017-09-25,Wipro,752.91,757.73,743.74,749.96,3351320
2017-09-26,HCLTech,1837.16,1859.1,1815.07,1835.75,2878609
2017-09-26,Infosys,2416.35,2425.78,2367.48,2390.52,2601660
2017-09-26,TCS,4830.3,4885.5,4801.6,4834.78,2369264
2017-09-26,Wipro,738.46,743.44,726.78,734.35,4438929
2017-09-27,HCLTech,1888.48,1907.88,1861.72,1874.81,1777421
2017-09-27,Infosys,2403.67,2412.59,2383.29,2407.51,2471095
2017-09-27,TCS,4893.93,4955.49,4836.02,4932.87,1816828
2017-09-27,Wipro,734.26,737.9,731.88,735.18,4202892
2017-09-28,HCLTech,1893.58,1902.45,1862.62,1881.03,3636946
2017-09-28,Infosys,2401.0,2426.66,2383.42,2415.44,2881274
2017-09-28,TCS,4909.78,4954.71,4878.47,4942.8,2749918
2017-09-28,Wipro,757.9,761.89,752.83,753.67,5486589
2017-09-29,HCLTech,1851.86,1862.86,1837.58,1852.92,2669458
2017-09-29,Infosys,2372.09,2399.02,2343.57,2371.84,3526023
2017-09-29,TCS,4940.9,5015.28,4935.48,4956.77,1510663
2017-09-29,Wipro,782.24,785.28,773.09,776.49,3700484
2017-10-02,HCLTech,1823.31,1850.29,1815.7,1829.07,2430343
2017-10-02,Infosys,2394.04,2415.54,2379.28,2403.09,2775767
2017-10-02,TCS,5020.3,5062.69,4993.52,5011.9,1929007
2017-10-02,Wipro,769.59,771.22,762.59,767.05,4163394
2017-10-03,HCLTech,1825.95,1846.57,1810.26,1822.11,2742111
2017-10-03,Infosys,2409.54,2432.56,2382.06,2400.81,3889338
2017-10-03,TCS,4982.5,5034.11,4922.13,4980.71,1738724
2017-10-03,Wipro,751.75,766.46,745.84,762.08,4639098
2017-10-04,HCLTech,1783.29,1798.49,1764.24,1788.97,2308624
2017-10-04,Infosys,2399.29,2422.91,2383.44,2408.27,3124605
2017-10-04,TCS,5005.38,5051.8,4943.05,5002.48,1645530
2017-10-04,Wipro,797.36,808.95,794.25,803.17,4906832
2017-10-05,HCLTech,1807.05,1810.04,1789.85,1799.23,2509044
2017-10-05,Infosys,2436.05,2450.53,2423.87,2433.28,3020039
2017-10-05,TCS,5038.97,5082.71,4991.49,5008.09,1814462
2017-10-05,Wipro,804.36,805.96,791.19,795.85,3124622
2017-10-06,HCLTech,1840.11,1861.95,1827.56,1836.29,2073352
2017-10-06,Infosys,2433.94,2470.3,2422.66,2445.69,3210747
2017-10-06,TCS,5008.98,5055.34,4970.07,5029.04,2849833
2017-10-06,Wipro,806.65,810.63,799.67,806.23,4337348
2017-10-09,HCLTech,1848.2,1863.34,1803.16,1824.17,2802546
2017-10-09,Infosys,2510.21,2513.46,2453.74,2482.96,4229914
2017-10-09,TCS,4997.73,5020.99,4988.5,4998.16,2058178
2017-10-09,Wipro,800.77,805.65,792.28,800.33,4119064
2017-10-10,HCLTech,1841.99,1857.87,1820.19,1828.74,2559521
2017-10-10,Infosys,2482.29,2508.39,2463.88,2477.04,2432411
2017-10-10,TCS,4938.47,4982.36,4897.47,4933.74,1707116
2017-10-10,Wipro,803.61,816.93,800.8,807.84,4249722
2017-10-11,HCLTech,1810.79,1827.7,1791.86,1820.38,2699334
2017-10-11,Infosys,2509.27,2526.72,2488.01,2510.81,4456769
2017-10-11,TCS,4837.74,4892.05,4826.2,4848.97,1387386
2017-10-11,Wipro,792.76,802.09,784.99,795.95,4047994
2017-10-12,HCLTech,1802.38,1825.05,1797.04,1806.97,3497818
2017-10-12,Infosys,2514.23,2529.57,2496.03,2517.33,3877469
2017-10-12,TCS,4807.21,4862.29,4758.69,4806.78,1417471
2017-10-12,Wipro,790.56,799.54,775.75,784.64,5634276
2017-10-13,HCLTech,1797.39,1827.27,1779.94,1814.33,2213709
2017-10-13,Infosys,2529.63,2563.35,2502.34,2535.52,3186169
2017-10-13,TCS,4769.16,4828.03,4715.1,4793.26,1796525
2017-10-13,Wipro,787.41,792.74,775.72,780.02,3347208
2017-10-16,HCLTech,1781.32,1811.19,1767.48,1800.08,2533836
2017-10-16,Infosys,2542.5,2562.73,2518.77,2550.64,4054210
2017-10-16,TCS,4808.16,4828.55,4772.96,4786.85,1761929
2017-10-16,Wipro,776.87,784.51,767.51,772.98,3307834
2017-10-17,HCLTech,1783.3,1799.62,1778.16,1782.3,1868672
2017-10-17,Infosys,2583.16,2622.2,2578.29,2591.73,3000131
2017-10-17,TCS,4866.89,4908.49,4837.25,4877.35,1912358
2017-10-17,Wipro,772.01,773.6,768.48,769.33,3394307
2017-10-18,HCLTech,1734.6,1753.65,1731.65,1744.76,2902341
2017-10-18,Infosys,2635.61,2665.4,2604.25,2617.1,3388158
2017-10-18,TCS,4964.13,5002.61,4922.0,4932.47,1269610
2017-10-18,Wipro,780.29,785.92,770.37,777.22,3774449
2017-10-19,HCLTech,1762.87,1772.96,1741.26,1748.75,2590923
2017-10-19,Infosys,2599.99,2616.32,2577.03,2606.03,2871595
2017-10-19,TCS,4895.68,4924.06,4872.52,4896.18,1963661
2017-10-19,Wipro,804.35,808.63,795.83,804.7,4241672
2017-10-20,HCLTech,1787.61,1802.22,1762.86,1777.49,2609035
2017-10-20,Infosys,2565.76,2601.1,2558.64,2588.81,3882370
2017-10-20,TCS,4933.7,4981.57,4909.31,4917.75,2456390
2017-10-20,Wipro,790.75,803.95,789.78,796.76,3651236
2017-10-23,HCLTech,1795.23,1812.06,1786.32,1797.62,2519446
2017-10-23,Infosys,2577.35,2615.73,2560.5,2590.0,2777912
2017-10-23,TCS,4905.11,4942.39,4885.93,4905.93,2766866
2017-10-23,Wipro,776.29,791.61,768.31,783.27,4891782
2017-10-24,HCLTech,1835.08,1859.51,1827.77,1838.04,2316073
2017-10-24,Infosys,2579.2,2587.33,2557.62,2569.17,3167292
2017-10-24,TCS,4899.02,4904.91,4840.76,4899.5,1369242
2017-10-24,Wipro,790.47,797.45,781.88,783.95,3997199
2017-10-25,HCLTech,1836.52,1849.72,1809.71,1823.2,4283271
2017-10-25,Infosys,2536.88,2562.56,2532.54,2539.57,3665550
2017-10-25,TCS,4904.72,4949.47,4897.41,4913.76,1703812
2017-10-25,Wipro,772.4,774.08,764.47,772.56,3923637
2017-10-26,HCLTech,1863.08,1871.53,1826.29,1847.5,2619948
2017-10-26,Infosys,2476.69,2484.09,2447.05,2478.09,3946340
2017-10-26,TCS,4949.14,4988.58,4895.59,4947.28,1685901
2017-10-26,Wipro,752.92,758.81,745.43,750.66,3065608
2017-10-27,HCLTech,1813.29,1829.18,1809.05,1821.59,2758852
2017-10-27,Infosys,2446.91,2454.89,2407.59,2434.92,2715347
2017-10-27,TCS,4943.16,4997.87,4929.06,4938.21,2059146
2017-10-27,Wipro,766.71,773.75,761.8,765.69,5757551
2017-10-30,HCLTech,1832.62,1854.84,1817.8,1842.18,2070162
2017-10-30,Infosys,2488.0,2512.38,2465.06,2496.14,3720203
2017-10-30,TCS,4979.42,5019.45,4945.47,4991.74,1567046
2017-10-30,Wipro,768.57,769.59,758.59,767.3,3962218
2017-10-31,HCLTech,1884.74,1891.89,1863.94,1887.52,3103507
2017-10-31,Infosys,2485.61,2508.49,2471.06,2479.02,2629395
2017-10-31,TCS,4944.67,4982.82,4915.13,4946.61,2799945
2017-10-31,Wipro,771.95,774.16,764.31,770.27,5549541
2017-11-01,HCLTech,1907.21,1921.45,1889.95,1903.18,2536584
2017-11-01,Infosys,2531.69,2561.99,2501.63,2538.8,2081491
2017-11-01,TCS,4943.26,4983.6,4887.66,4952.77,2017484
2017-11-01,Wipro,747.76,754.1,743.42,744.48,3531919
2017-11-02,HCLTech,1945.56,1960.79,1922.98,1950.46,2842472
2017-11-02,Infosys,2559.78,2579.49,2533.33,2553.6,2755332
2017-11-02,TCS,5112.78,5147.8,5059.69,5075.88,1951343
2017-11-02,Wipro,733.59,740.44,726.68,737.15,4722881
2017-11-03,HCLTech,1940.92,1950.38,1921.96,1936.63,3114218
2017-11-03,Infosys,2550.34,2564.74,2520.69,2554.53,3781356
2017-11-03,TCS,5090.57,5100.87,5075.41,5092.01,2750244
2017-11-03,Wipro,724.41,725.63,716.88,719.04,3574301
2017-11-06,HCLTech,1954.0,1960.09,1919.16,1935.42,2546525
2017-11-06,Infosys,2508.79,2525.32,2505.11,2511.34,3192190
2017-11-06,TCS,5189.26,5245.67,5116.37,5164.06,1993591
2017-11-06,Wipro,715.87,726.96,707.89,719.21,5755194
2017-11-07,HCLTech,1900.0,1925.47,1881.56,1913.14,2270755
2017-11-07,Infosys,2522.52,2531.87,2506.53,2513.84,2875283
2017-11-07,TCS,5171.03,5231.21,5124.58,5174.22,2166705
2017-11-07,Wipro,722.46,730.75,719.33,721.37,5005056
2017-11-08,HCLTech,1912.24,1919.13,1906.13,1916.42,1632257
2017-11-08,Infosys,2582.07,2592.52,2552.22,2573.97,3235703
2017-11-08,TCS,5211.47,5248.1,5161.96,5207.21,1721141
2017-11-08,Wipro,718.16,727.23,713.59,723.53,4740781
2017-11-09,HCLTech,1912.97,1940.81,1899.27,1926.02,2406264
2017-11-09,Infosys,2623.12,2636.9,2594.32,2624.94,3214367
2017-11-09,TCS,5188.73,5247.48,5182.05,5210.37,1520511
2017-11-09,Wipro,714.55,723.83,709.73,715.3,3460285
2017-11-10,HCLTech,1921.15,1937.03,1906.25,1929.04,2268298
2017-11-10,Infosys,2630.76,2655.98,2623.05,2635.98,3623826
2017-11-10,TCS,5200.82,5216.65,5180.74,5208.15,1770168
2017-11-10,Wipro,701.87,712.14,696.82,704.8,5856934
2017-11-13,HCLTech,1915.8,1939.59,1911.35,1918.57,2068659
2017-11-13,Infosys,2619.76,2628.36,2590.54,2602.22,2318241
2017-11-13,TCS,5180.83,5220.09,5124.39,5177.4,3097335
2017-11-13,Wipro,702.84,707.84,697.91,702.73,6012794
2017-11-14,HCLTech,1900.9,1920.64,1889.48,1907.69,3476856
2017-11-14,Infosys,2581.15,2584.94,2555.54,2574.77,3135160
2017-11-14,TCS,5229.17,5259.09,5163.52,5203.11,2269935
2017-11-14,Wipro,710.92,717.48,703.51,707.64,3707529
2017-11-15,HCLTech,1924.07,1942.51,1900.98,1919.17,3164720
2017-11-15,Infosys,2546.59,2572.76,2516.04,2550.78,3280534
2017-11-15,TCS,5172.53,5218.05,5129.51,5168.92,2112884
2017-11-15,Wipro,701.0,708.92,694.47,700.66,4131443
2017-11-16,HCLTech,1918.53,1938.42,1914.34,1917.11,1803165
2017-11-16,Infosys,2585.33,2595.64,2560.0,2592.43,2435316
2017-11-16,TCS,5228.21,5236.15,5183.32,5205.47,1645217
2017-11-16,Wipro,697.86,704.14,687.42,689.29,4814617
2017-11-17,HCLTech,1891.38,1911.56,1878.13,1888.61,2681170
2017-11-17,Infosys,2657.34,2688.37,2616.4,2645.92,2428647
2017-11-17,TCS,5272.69,5319.19,5241.74,5262.06,2399828
2017-11-17,Wipro,682.02,685.24,672.06,678.61,2696240
2017-11-20,HCLTech,1838.42,1860.66,1833.64,1841.19,2207946
2017-11-20,Infosys,2655.64,2668.53,2631.99,2654.36,2974896
2017-11-20,TCS,5312.06,5334.13,5224.59,5284.9,1524411
2017-11-20,Wipro,669.97,673.04,669.03,670.94,5030243
2017-11-21,HCLTech,1826.02,1834.31,1820.67,1827.95,2797903
2017-11-21,Infosys,2645.07,2649.73,2616.9,2646.89,3205460
2017-11-21,TCS,5275.69,5319.78,5228.18,5276.67,1461898
2017-11-21,Wipro,665.45,669.64,658.62,665.81,4908798
2017-11-22,HCLTech,1791.81,1802.68,1779.92,1794.9,2215730
2017-11-22,Infosys,2700.02,2728.99,2680.96,2698.71,3207718
2017-11-22,TCS,5343.69,5385.9,5290.9,5303.61,1788486
2017-11-22,Wipro,654.63,656.63,647.03,653.07,3573929
2017-11-23,HCLTech,1773.8,1791.57,1771.45,1775.96,2334300
2017-11-23,Infosys,2673.11,2693.42,2663.01,2669.32,2863031
2017-11-23,TCS,5286.06,5312.65,5226.25,5294.15,2956615
2017-11-23,Wipro,651.03,651.83,641.83,648.14,2580108
2017-11-24,HCLTech,1771.01,1783.25,1757.35,1767.37,3152258
2017-11-24,Infosys,2672.43,2699.77,2648.9,2673.07,2839658
2017-11-24,TCS,5331.26,5375.38,5291.78,5344.15,2923337
2017-11-24,Wipro,657.88,667.0,655.07,663.01,4275627
2017-11-27,HCLTech,1749.08,1779.25,1746.84,1765.64,3062953
2017-11-27,Infosys,2703.65,2719.29,2669.53,2690.02,2956823
2017-11-27,TCS,5241.85,5315.49,5217.38,5261.87,1827410
2017-11-27,Wipro,662.43,665.49,652.95,659.78,3188536
2017-11-28,HCLTech,1753.57,1768.4,1731.52,1751.1,3516293
2017-11-28,Infosys,2678.45,2691.56,2647.43,2664.32,3396872
2017-11-28,TCS,5289.7,5330.22,5222.81,5251.0,1747711
2017-11-28,Wipro,640.6,646.81,635.09,645.49,2911456
2017-11-29,HCLTech,1799.85,1811.61,1780.57,1807.53,2489549
2017-11-29,Infosys,2651.94,2673.7,2635.37,2646.02,4104463
2017-11-29,TCS,5175.94,5185.03,5116.24,5162.6,1440621
2017-11-29,Wipro,622.13,628.72,612.79,620.02,4307837
2017-11-30,HCLTech,1774.77,1782.79,1768.86,1777.72,1943283
2017-11-30,Infosys,2640.56,2654.99,2600.08,2625.36,2052526
2017-11-30,TCS,5092.95,5128.26,5066.78,5098.32,2031457
2017-11-30,Wipro,645.55,647.07,640.31,641.1,5206384
2017-12-01,HCLTech,1796.11,1824.41,1793.01,1809.9,3126049
2017-12-01,Infosys,2672.37,2691.39,2645.49,2672.27,3624626
2017-12-01,TCS,5186.36,5209.33,5127.94,5165.99,2065866
2017-12-01,Wipro,655.85,661.06,648.27,654.62,3828633
2017-12-04,HCLTech,1804.42,1821.83,1797.64,1807.59,3129674
2017-12-04,Infosys,2744.23,2755.36,2722.59,2736.28,3129647
2017-12-04,TCS,5223.77,5265.86,5166.51,5212.46,2342124
2017-12-04,Wipro,648.63,662.99,643.54,658.21,5069905
2017-12-05,HCLTech,1795.24,1813.17,1790.44,1792.79,2948113
2017-12-05,Infosys,2753.52,2766.35,2711.21,2741.93,3554787
2017-12-05,TCS,5215.61,5256.08,5167.08,5183.4,2399567
2017-12-05,Wipro,664.85,680.27,656.95,672.35,4568209
2017-12-06,HCLTech,1813.41,1829.07,1792.92,1809.36,2240639
2017-12-06,Infosys,2746.68,2751.91,2721.1,2734.95,4056252
2017-12-06,TCS,5093.34,5123.94,5035.35,5118.24,1922569
2017-12-06,Wipro,681.4,683.98,675.0,678.99,3039388
2017-12-07,HCLTech,1789.21,1805.55,1776.13,1799.64,2098769
2017-12-07,Infosys,2727.6,2753.77,2711.19,2717.12,2751443
2017-12-07,TCS,4983.59,5026.08,4959.08,4987.75,2235249
2017-12-07,Wipro,667.87,680.71,665.14,678.27,3580383
2017-12-08,HCLTech,1784.67,1787.83,1768.67,1781.1,2894187
2017-12-08,Infosys,2726.14,2739.33,2711.23,2718.92,3865193
2017-12-08,TCS,4960.37,5012.72,4932.52,4967.6,1738494
2017-12-08,Wipro,666.04,671.31,656.41,663.49,4963682
2017-12-11,HCLTech,1838.23,1847.97,1809.03,1827.99,2177725
2017-12-11,Infosys,2725.04,2756.99,2685.32,2702.73,2490148
2017-12-11,TCS,5049.71,5129.25,5005.86,5081.21,2226777
2017-12-11,Wipro,691.15,696.08,683.72,686.87,3574558
2017-12-12,HCLTech,1770.02,1783.33,1752.49,1774.31,2444686
2017-12-12,Infosys,2695.13,2711.66,2690.06,2701.24,3282714
2017-12-12,TCS,5122.37,5130.81,5065.99,5105.29,1807059
2017-12-12,Wipro,686.56,693.38,675.72,681.67,4712015
2017-12-13,HCLTech,1769.83,1786.54,1760.1,1769.83,4649750
2017-12-13,Infosys,2714.53,2733.21,2690.36,2716.3,3048493
2017-12-13,TCS,5079.38,5105.77,5049.71,5083.71,2192492
2017-12-13,Wipro,676.13,679.13,672.99,677.16,3684977
2017-12-14,HCLTech,1758.2,1791.01,1744.64,1776.11,3980077
2017-12-14,Infosys,2702.27,2716.5,2675.93,2704.7,3229756
2017-12-14,TCS,5120.96,5149.81,5067.42,5109.04,2157278
2017-12-14,Wipro,679.65,682.58,670.05,677.78,4620696
2017-12-15,HCLTech,1805.1,1832.26,1794.52,1813.05,3046670
2017-12-15,Infosys,2695.93,2723.41,2676.94,2700.1,2625690
2017-12-15,TCS,5079.27,5094.39,4986.54,5041.65,2027711
2017-12-15,Wipro,679.49,680.21,673.99,678.6,4358444
2017-12-18,HCLTech,1806.9,1818.73,1790.32,1804.51,2277453
2017-12-18,Infosys,2673.17,2722.26,2644.23,2695.6,3492184
2017-12-18,TCS,5026.39,5060.31,4977.12,5031.99,2344460
2017-12-18,Wipro,679.46,691.92,676.39,685.79,3806217
2017-12-19,HCLTech,1883.38,1891.24,1869.58,1874.58,2250261
2017-12-19,Infosys,2702.36,2719.54,2655.91,2686.8,4394739
2017-12-19,TCS,5033.55,5049.22,4982.88,5040.24,1460921
2017-12-19,Wipro,694.88,698.06,684.68,691.62,4594708
2017-12-20,HCLTech,1890.62,1908.6,1882.49,1896.18,3000171
2017-12-20,Infosys,2662.52,2687.48,2646.75,2674.02,2634726
2017-12-20,TCS,5041.88,5053.2,5020.63,5040.0,1616339
2017-12-20,Wipro,690.63,693.11,683.45,684.6,2596903
2017-12-21,HCLTech,1860.03,1866.3,1828.94,1835.86,3507521
2017-12-21,Infosys,2701.9,2726.74,2694.63,2699.97,3323704
2017-12-21,TCS,5095.44,5138.02,5051.11,5079.62,1894841
2017-12-21,Wipro,688.01,693.28,683.64,685.03,3219288
2017-12-22,HCLTech,1803.08,1806.09,1795.2,1800.31,2347109
2017-12-22,Infosys,2628.78,2652.74,2619.46,2644.53,3797433
2017-12-22,TCS,5089.87,5118.79,5053.77,5098.96,1498544
2017-12-22,Wipro,689.68,694.47,682.64,691.87,3645774
2017-12-25,HCLTech,1796.47,1819.46,1786.49,1807.71,2372991
2017-12-25,Infosys,2703.3,2723.83,2674.06,2696.26,3015611
2017-12-25,TCS,5123.04,5178.54,5115.43,5133.24,1843699
2017-12-25,Wipro,686.96,688.07,680.65,683.76,5057310
2017-12-26,HCLTech,1791.63,1801.57,1764.36,1780.36,2646012
2017-12-26,Infosys,2693.02,2726.43,2678.31,2701.92,4200608
2017-12-26,TCS,5121.98,5129.81,5056.62,5104.95,1855624
2017-12-26,Wipro,707.65,710.19,699.82,701.88,2995345
2017-12-27,HCLTech,1784.44,1797.86,1774.88,1795.43,1969378
2017-12-27,Infosys,2710.05,2733.8,2686.92,2723.01,2936484
2017-12-27,TCS,5155.89,5192.96,5126.27,5149.74,2598888
2017-12-27,Wipro,706.88,714.19,696.47,701.7,3972344
2017-12-28,HCLTech,1788.26,1804.23,1764.3,1785.38,1981458
2017-12-28,Infosys,2750.26,2772.85,2725.12,2748.02,3126430
2017-12-28,TCS,5195.57,5256.89,5174.23,5229.14,2057833
2017-12-28,Wipro,726.94,732.43,719.51,722.25,4262180
2017-12-29,HCLTech,1749.03,1771.22,1741.47,1757.01,2055070
2017-12-29,Infosys,2717.92,2750.7,2697.1,2725.93,2623527
2017-12-29,TCS,5166.95,5237.59,5147.05,5186.93,2457226
2017-12-29,Wipro,697.4,708.79,689.13,704.43,4203018
2018-01-01,HCLTech,1723.18,1737.82,1703.48,1734.68,2900035
2018-01-01,Infosys,2690.8,2703.48,2683.44,2697.3,3282052
2018-01-01,TCS,5173.21,5223.0,5127.61,5148.81,2124384
2018-01-01,Wipro,714.62,719.19,705.68,712.82,3921902
2018-01-02,HCLTech,1765.01,1780.56,1751.22,1756.71,2745354
2018-01-02,Infosys,2667.07,2679.24,2654.1,2665.15,3201935
2018-01-02,TCS,5220.8,5247.59,5189.59,5214.19,1796811
2018-01-02,Wipro,704.38,712.81,693.96,701.52,3533106
2018-01-03,HCLTech,1706.65,1712.09,1698.92,1708.82,3263830
2018-01-03,Infosys,2667.22,2681.81,2644.57,2658.27,3633989
2018-01-03,TCS,5195.76,5249.14,5156.0,5208.25,2054208
2018-01-03,Wipro,698.13,699.07,686.53,693.58,3807452
2018-01-04,HCLTech,1749.91,1761.62,1730.31,1735.17,1836887
2018-01-04,Infosys,2672.46,2707.23,2645.55,2681.66,2817668
2018-01-04,TCS,5274.64,5295.96,5235.51,5277.47,2314126
2018-01-04,Wipro,707.28,709.24,697.41,704.98,4861015
2018-01-05,HCLTech,1753.86,1776.45,1747.51,1762.63,1919623
2018-01-05,Infosys,2652.82,2683.18,2630.25,2663.88,2791981
2018-01-05,TCS,5259.62,5298.46,5239.35,5259.41,2539145
2018-01-05,Wipro,708.99,716.45,698.78,702.09,3485576
2018-01-08,HCLTech,1742.22,1766.98,1737.47,1755.59,2848110
2018-01-08,Infosys,2684.56,2700.52,2662.57,2684.3,3510116
2018-01-08,TCS,5343.98,5354.1,5314.17,5331.61,1947770
2018-01-08,Wipro,727.27,740.75,721.15,735.69,2597179
2018-01-09,HCLTech,1718.44,1738.37,1704.91,1722.48,2183885
2018-01-09,Infosys,2615.86,2627.65,2588.04,2609.94,4231636
2018-01-09,TCS,5317.92,5371.6,5264.26,5340.72,1438563
2018-01-09,Wipro,745.18,754.08,734.41,742.56,4390877
2018-01-10,HCLTech,1761.78,1771.01,1731.43,1737.0,2215825
2018-01-10,Infosys,2614.72,2617.45,2581.72,2598.7,3628984
2018-01-10,TCS,5341.71,5372.0,5330.92,5355.88,1418481
2018-01-10,Wipro,735.51,741.78,727.03,733.29,5394945
2018-01-11,HCLTech,1733.31,1739.1,1722.9,1726.24,3183756
2018-01-11,Infosys,2624.3,2639.36,2620.53,2636.14,4630353
2018-01-11,TCS,5439.21,5497.5,5398.45,5434.54,1873605
2018-01-11,Wipro,744.37,751.03,731.29,740.15,3241547
2018-01-12,HCLTech,1695.59,1706.36,1684.35,1691.0,2327796
2018-01-12,Infosys,2627.96,2641.07,2619.52,2631.48,3575883
2018-01-12,TCS,5417.78,5451.42,5381.34,5419.48,1253032
2018-01-12,Wipro,744.14,749.63,729.19,736.94,5251136
2018-01-15,HCLTech,1742.79,1751.1,1723.08,1737.79,2382924
2018-01-15,Infosys,2619.02,2625.0,2599.49,2606.12,3550219
2018-01-15,TCS,5385.98,5426.37,5336.96,5376.29,2863853
2018-01-15,Wipro,743.83,748.89,742.5,748.0,4438994
2018-01-16,HCLTech,1713.28,1721.93,1703.49,1717.35,2473151
2018-01-16,Infosys,2607.84,2613.88,2581.91,2586.32,3665663
2018-01-16,TCS,5336.35,5383.65,5279.02,5357.06,2253611
2018-01-16,Wipro,751.06,759.31,739.1,743.95,3174091
2018-01-17,HCLTech,1705.89,1716.44,1678.66,1683.23,2503343
2018-01-17,Infosys,2484.24,2513.66,2473.03,2494.62,4309340
2018-01-17,TCS,5387.33,5409.83,5338.96,5381.27,1761232
2018-01-17,Wipro,753.19,758.28,746.31,749.33,3474839
2018-01-18,HCLTech,1694.65,1700.1,1687.98,1690.85,2981714
2018-01-18,Infosys,2457.44,2483.96,2433.68,2465.07,4098679
2018-01-18,TCS,5326.52,5343.73,5246.07,5308.23,1601943
2018-01-18,Wipro,751.04,752.75,743.06,751.92,3444528
2018-01-19,HCLTech,1693.13,1703.58,1674.86,1690.11,2041144
2018-01-19,Infosys,2501.08,2504.81,2491.42,2497.08,2575838
2018-01-19,TCS,5349.17,5408.17,5284.44,5340.97,2456582
2018-01-19,Wipro,748.58,755.37,740.12,752.88,4137536
2018-01-22,HCLTech,1734.85,1747.9,1711.4,1726.5,2503996
2018-01-22,Infosys,2474.16,2498.85,2468.65,2480.17,3755671
2018-01-22,TCS,5319.58,5371.68,5299.38,5317.25,1600665
2018-01-22,Wipro,767.96,771.69,761.47,767.02,3857571
2018-01-23,HCLTech,1707.47,1734.66,1697.1,1718.16,3280467
2018-01-23,Infosys,2458.98,2473.26,2453.16,2466.84,3374415
2018-01-23,TCS,5372.91,5387.78,5353.28,5374.53,1631503
2018-01-23,Wipro,743.73,746.82,741.18,742.4,4989860
2018-01-24,HCLTech,1702.74,1727.85,1691.15,1710.09,3983105
2018-01-24,Infosys,2401.64,2414.01,2389.65,2399.17,3078196
2018-01-24,TCS,5248.09,5310.39,5222.93,5261.91,1715934
2018-01-24,Wipro,745.17,746.14,739.99,743.57,4740623
2018-01-25,HCLTech,1716.85,1733.27,1710.59,1718.92,1982153
2018-01-25,Infosys,2368.41,2396.56,2345.46,2353.05,2244684
2018-01-25,TCS,5225.47,5255.94,5197.74,5226.65,2046159
2018-01-25,Wipro,731.2,737.1,728.96,734.1,2936552
2018-01-26,HCLTech,1732.89,1751.65,1713.56,1724.49,2777948
2018-01-26,Infosys,2374.14,2403.33,2371.4,2387.23,2351653
2018-01-26,TCS,5170.16,5176.21,5113.21,5149.69,2264392
2018-01-26,Wipro,719.1,726.91,711.46,716.34,3011692
2018-01-29,HCLTech,1719.82,1743.15,1704.32,1730.8,2502997
2018-01-29,Infosys,2420.48,2423.81,2395.58,2405.3,2975039
2018-01-29,TCS,5111.31,5148.05,5093.12,5113.22,2538774
2018-01-29,Wipro,703.67,710.74,695.34,705.47,4522884
2018-01-30,HCLTech,1737.55,1753.44,1721.07,1738.12,2549131
2018-01-30,Infosys,2362.7,2379.84,2334.45,2368.41,2387465
2018-01-30,TCS,5111.91,5138.72,5094.29,5126.26,2464875
2018-01-30,Wipro,702.84,706.08,694.15,697.48,3608195
2018-01-31,HCLTech,1741.05,1759.35,1732.79,1742.84,2220195
2018-01-31,Infosys,2354.22,2373.95,2339.75,2350.8,2987388
2018-01-31,TCS,5111.62,5136.49,5085.06,5119.55,2000309
2018-01-31,Wipro,701.88,703.26,688.06,694.36,3862517
2018-02-01,HCLTech,1720.06,1750.84,1705.5,1733.38,3024277
2018-02-01,Infosys,2365.95,2374.16,2342.38,2350.19,3691448
2018-02-01,TCS,5112.6,5156.86,5066.49,5109.37,2452852
2018-02-01,Wipro,694.84,704.88,687.79,698.41,4462039
2018-02-02,HCLTech,1750.0,1770.63,1738.88,1754.37,2993401
2018-02-02,Infosys,2320.05,2346.98,2301.93,2316.88,2848975
2018-02-02,TCS,5097.47,5123.01,5053.79,5103.47,1748830
2018-02-02,Wipro,705.33,711.61,697.92,705.07,4749260
2018-02-05,HCLTech,1750.83,1769.96,1730.24,1746.19,4306332
2018-02-05,Infosys,2259.15,2274.81,2251.19,2261.97,3253864
2018-02-05,TCS,5122.0,5177.37,5054.15,5114.18,1389541
2018-02-05,Wipro,703.99,704.71,697.84,699.69,3125572
2018-02-06,HCLTech,1753.79,1777.54,1738.71,1766.58,1996300
2018-02-06,Infosys,2264.59,2267.38,2241.61,2257.77,2583539
2018-02-06,TCS,5077.6,5119.38,5052.89,5069.24,1748784
2018-02-06,Wipro,720.98,729.57,717.12,719.72,2565035
2018-02-07,HCLTech,1814.36,1835.2,1785.18,1801.85,1832955
2018-02-07,Infosys,2271.77,2289.22,2259.49,2273.43,3397039
2018-02-07,TCS,5117.13,5169.09,5075.66,5102.82,1702154
2018-02-07,Wipro,708.64,717.51,706.19,714.71,3910499
2018-02-08,HCLTech,1789.53,1799.2,1780.4,1785.43,3921435
2018-02-08,Infosys,2294.71,2314.08,2264.82,2289.69,3542305
2018-02-08,TCS,5157.58,5197.64,5074.89,5134.51,1762529
2018-02-08,Wipro,693.65,696.34,686.93,689.88,3371392
2018-02-09,HCLTech,1850.27,1853.55,1838.74,1847.13,2573155
2018-02-09,Infosys,2311.91,2327.82,2286.0,2313.9,2407440
2018-02-09,TCS,5169.63,5224.2,5109.17,5153.44,1650820
2018-02-09,Wipro,682.77,688.34,681.74,685.38,4053353
2018-02-12,HCLTech,1829.42,1834.92,1822.19,1829.35,2372992
2018-02-12,Infosys,2279.4,2304.95,2251.09,2271.17,2753226
2018-02-12,TCS,5165.14,5206.15,5126.32,5180.36,1823805
2018-02-12,Wipro,686.59,694.54,680.97,685.73,3929735
2018-02-13,HCLTech,1802.23,1824.84,1791.56,1811.9,2699751
2018-02-13,Infosys,2259.46,2297.55,2251.84,2272.73,2483618
2018-02-13,TCS,5180.43,5231.77,5144.49,5195.19,2264039
2018-02-13,Wipro,642.23,652.89,636.35,646.26,3291068
2018-02-14,HCLTech,1820.35,1828.28,1809.23,1826.16,1967061
2018-02-14,Infosys,2255.75,2271.1,2241.73,2265.37,3543070
2018-02-14,TCS,5290.91,5327.49,5281.22,5292.17,2818482
2018-02-14,Wipro,663.53,668.84,657.66,660.21,6071872
2018-02-15,HCLTech,1841.24,1846.27,1822.64,1837.97,2802980
2018-02-15,Infosys,2249.58,2267.18,2239.77,2262.93,3306704
2018-02-15,TCS,5281.39,5346.78,5224.21,5288.91,1416342
2018-02-15,Wipro,657.04,663.03,651.76,658.79,4013624
2018-02-16,HCLTech,1834.43,1849.71,1821.1,1840.29,2558596
2018-02-16,Infosys,2256.55,2267.09,2234.48,2257.08,3168342
2018-02-16,TCS,5256.25,5289.97,5214.83,5275.13,1545890
2018-02-16,Wipro,648.68,651.66,640.49,645.01,3566352
2018-02-19,HCLTech,1863.67,1878.34,1848.21,1861.95,3222853
2018-02-19,Infosys,2224.8,2256.36,2221.86,2239.14,3118944
2018-02-19,TCS,5232.95,5278.79,5194.81,5240.23,1707205
2018-02-19,Wipro,632.84,636.67,631.52,633.7,4081975
2018-02-20,HCLTech,1860.77,1874.26,1845.95,1868.98,3086118
2018-02-20,Infosys,2153.09,2175.81,2135.25,2159.36,3413430
2018-02-20,TCS,5184.71,5240.75,5148.76,5192.46,2330995
2018-02-20,Wipro,640.24,645.12,637.91,642.18,4447179
2018-02-21,HCLTech,1928.51,1942.64,1916.55,1924.25,3137976
2018-02-21,Infosys,2179.35,2198.24,2169.42,2189.51,3427122
2018-02-21,TCS,5124.4,5161.3,5097.19,5135.26,1919678
2018-02-21,Wipro,653.9,660.75,649.81,652.2,3524669
2018-02-22,HCLTech,1928.19,1944.18,1916.52,1923.22,2701152
2018-02-22,Infosys,2211.7,2237.05,2184.17,2198.0,2898041
2018-02-22,TCS,5089.85,5148.63,5070.5,5094.91,1730352
2018-02-22,Wipro,640.0,649.82,635.92,644.34,6362017
2018-02-23,HCLTech,1885.64,1918.6,1879.29,1900.74,3583645
2018-02-23,Infosys,2150.02,2168.44,2140.23,2158.98,2818011
2018-02-23,TCS,5111.12,5137.21,5044.78,5092.18,2308259
2018-02-23,Wipro,635.69,639.17,623.56,628.53,2949918
2018-02-26,HCLTech,1887.09,1902.69,1868.41,1886.47,2917602
2018-02-26,Infosys,2159.34,2192.41,2148.51,2171.03,3162464
2018-02-26,TCS,5111.19,5126.05,5074.25,5107.99,2421592
2018-02-26,Wipro,630.46,637.98,627.01,629.73,2991223
2018-02-27,HCLTech,1885.19,1906.42,1881.29,1899.3,2337044
2018-02-27,Infosys,2161.41,2183.35,2140.98,2159.15,3080844
2018-02-27,TCS,5150.7,5188.94,5103.73,5110.75,1992510
2018-02-27,Wipro,630.75,634.87,629.24,633.0,2904982
2018-02-28,HCLTech,1895.23,1935.49,1886.74,1912.59,2211490
2018-02-28,Infosys,2163.32,2167.82,2131.83,2148.04,4832129
2018-02-28,TCS,5078.74,5107.31,5048.65,5076.01,1698768
2018-02-28,Wipro,637.56,640.35,635.04,639.17,4003114
2018-03-01,HCLTech,1912.86,1939.1,1905.05,1918.43,2261899
2018-03-01,Infosys,2126.99,2135.6,2119.16,2128.03,2963502
2018-03-01,TCS,5112.93,5123.58,5055.59,5117.61,2111087
2018-03-01,Wipro,632.48,635.68,631.5,632.41,4396836
2018-03-02,HCLTech,1922.2,1932.02,1881.8,1896.04,2924950
2018-03-02,Infosys,2141.12,2148.68,2137.95,2141.46,3390861
2018-03-02,TCS,5152.1,5161.21,5125.69,5152.04,1908835
2018-03-02,Wipro,634.68,642.17,624.88,630.71,3744180
2018-03-05,HCLTech,1933.3,1935.85,1904.46,1925.97,1992096
2018-03-05,Infosys,2132.2,2155.9,2098.58,2120.67,3512528
2018-03-05,TCS,5149.0,5165.21,5116.32,5144.85,1905881
2018-03-05,Wipro,627.07,631.41,621.62,630.62,4394217
2018-03-06,HCLTech,1992.71,2006.3,1958.06,1979.17,2681919
2018-03-06,Infosys,2100.32,2110.53,2079.16,2092.59,4234459
2018-03-06,TCS,5121.88,5170.35,5074.64,5114.86,1805192
2018-03-06,Wipro,639.87,642.57,634.51,641.35,4382440
2018-03-07,HCLTech,1986.13,2007.02,1975.94,1980.22,2201054
2018-03-07,Infosys,2124.62,2146.29,2104.27,2120.82,2720767
2018-03-07,TCS,5174.02,5229.96,5089.82,5140.28,2406428
2018-03-07,Wipro,656.33,659.66,651.22,656.54,3721555
2018-03-08,HCLTech,2033.33,2053.75,2017.19,2031.29,2023618
2018-03-08,Infosys,2110.71,2129.12,2097.26,2115.88,4183216
2018-03-08,TCS,5135.36,5185.11,5092.47,5149.06,2102491
2018-03-08,Wipro,681.96,690.05,672.48,675.37,4356960
2018-03-09,HCLTech,2065.33,2087.78,2053.39,2056.29,2090030
2018-03-09,Infosys,2115.78,2128.53,2095.24,2111.73,3107043
2018-03-09,TCS,5096.18,5107.19,5029.8,5082.41,2460309
2018-03-09,Wipro,695.37,698.7,689.44,691.01,3845890
2018-03-12,HCLTech,2114.73,2146.11,2094.18,2121.36,2587657
2018-03-12,Infosys,2116.78,2152.2,2100.07,2128.91,5277327
2018-03-12,TCS,5082.6,5117.56,5067.83,5079.28,2612773
2018-03-12,Wipro,720.73,726.82,708.13,713.54,3685807
2018-03-13,HCLTech,2140.56,2159.49,2124.7,2135.64,3029102
2018-03-13,Infosys,2105.95,2123.83,2103.5,2111.48,3440687
2018-03-13,TCS,5066.07,5144.22,5009.48,5091.21,2192282
2018-03-13,Wipro,726.41,734.04,719.69,726.27,3620429
2018-03-14,HCLTech,2152.27,2158.27,2132.7,2139.89,2271235
2018-03-14,Infosys,2111.85,2131.26,2084.77,2099.19,2502687
2018-03-14,TCS,5062.32,5109.12,4994.78,5050.05,1807332
2018-03-14,Wipro,724.71,730.78,711.07,718.19,4190849
2018-03-15,HCLTech,2172.87,2175.91,2151.74,2165.44,1716549
2018-03-15,Infosys,2117.97,2129.98,2092.68,2106.42,3076273
2018-03-15,TCS,5078.78,5100.12,5024.59,5058.54,2462587
2018-03-15,Wipro,743.78,745.26,731.23,737.87,5103122
2018-03-16,HCLTech,2165.62,2171.39,2140.01,2152.47,4886020
2018-03-16,Infosys,2071.13,2075.53,2063.08,2067.33,4180390
2018-03-16,TCS,4979.1,5004.36,4939.9,4992.56,2195215
2018-03-16,Wipro,722.55,724.46,713.46,719.39,3143346
2018-03-19,HCLTech,2166.83,2173.79,2140.27,2164.9,3251351
2018-03-19,Infosys,2055.59,2075.6,2036.67,2072.32,3252614
2018-03-19,TCS,5052.6,5107.86,5035.72,5052.74,3366321
2018-03-19,Wipro,753.9,756.81,742.67,750.22,3633638
2018-03-20,HCLTech,2224.08,2227.81,2202.7,2205.72,3132925
2018-03-20,Infosys,2042.71,2059.85,2035.36,2053.1,3162066
2018-03-20,TCS,5081.86,5162.67,5051.74,5109.56,2127968
2018-03-20,Wipro,733.97,743.91,727.09,736.73,4132273
2018-03-21,HCLTech,2228.99,2244.62,2203.47,2231.26,3600552
2018-03-21,Infosys,2067.84,2092.3,2064.53,2073.75,3694887
2018-03-21,TCS,5077.49,5105.78,5061.09,5097.67,2299484
2018-03-21,Wipro,756.8,764.24,739.61,748.14,5684063
2018-03-22,HCLTech,2253.64,2275.33,2222.4,2230.38,2648478
2018-03-22,Infosys,2085.34,2097.51,2064.83,2086.85,2986646
2018-03-22,TCS,5130.95,5182.57,5107.69,5114.04,2119609
2018-03-22,Wipro,766.19,769.57,765.37,767.37,4360700
2018-03-23,HCLTech,2243.01,2245.35,2230.91,2236.71,2530738
2018-03-23,Infosys,2085.7,2109.26,2063.77,2096.69,3067933
2018-03-23,TCS,4996.62,5014.32,4937.71,5003.96,1960750
2018-03-23,Wipro,775.99,780.0,771.24,773.26,3399924
2018-03-26,HCLTech,2256.37,2282.86,2235.7,2260.62,3409854
2018-03-26,Infosys,2053.95,2060.43,2046.46,2056.07,2649089
2018-03-26,TCS,4934.51,4960.18,4915.51,4951.78,1899116
2018-03-26,Wipro,747.96,749.86,739.28,744.78,3325150
2018-03-27,HCLTech,2270.54,2309.23,2255.22,2283.7,3405255
2018-03-27,Infosys,2068.24,2084.48,2035.37,2052.94,4521821
2018-03-27,TCS,4941.87,4988.05,4901.14,4938.3,2121229
2018-03-27,Wipro,725.42,736.25,721.49,731.71,4871068
2018-03-28,HCLTech,2298.72,2314.0,2273.77,2307.83,2940409
2018-03-28,Infosys,2026.97,2046.91,2021.43,2023.56,2505851
2018-03-28,TCS,4882.4,4924.18,4861.39,4890.44,2219722
2018-03-28,Wipro,735.72,739.64,732.23,735.96,3756801
2018-03-29,HCLTech,2307.97,2321.71,2291.88,2318.84,3101888
2018-03-29,Infosys,2023.93,2039.86,2004.01,2022.07,3310317
2018-03-29,TCS,4914.23,4948.89,4889.28,4921.53,2519410
2018-03-29,Wipro,744.9,753.78,737.1,743.95,3127119
2018-03-30,HCLTech,2291.23,2306.61,2276.2,2292.23,2029434
2018-03-30,Infosys,1957.7,1989.34,1945.73,1966.08,3522347
2018-03-30,TCS,5021.98,5076.93,4983.37,5010.3,2127435
2018-03-30,Wipro,740.55,744.99,735.44,741.08,4899116
2018-04-02,HCLTech,2256.84,2294.94,2249.47,2270.98,2469504
2018-04-02,Infosys,1916.24,1931.75,1897.62,1929.47,3191275
2018-04-02,TCS,4938.9,5007.73,4915.76,4957.01,1823156
2018-04-02,Wipro,741.4,742.73,736.36,741.58,4254304
2018-04-03,HCLTech,2300.19,2321.13,2259.5,2285.67,3655651
2018-04-03,Infosys,1946.53,1958.89,1936.17,1956.6,2490237
2018-04-03,TCS,4905.24,4927.29,4865.94,4919.25,1873440
2018-04-03,Wipro,728.58,733.48,720.64,721.76,3150196
2018-04-04,HCLTech,2313.65,2316.85,2293.18,2312.4,3053780
2018-04-04,Infosys,1950.86,1977.44,1941.37,1964.67,2620586
2018-04-04,TCS,4931.52,4969.87,4872.1,4929.13,1535045
2018-04-04,Wipro,740.82,752.86,736.32,744.69,3059430
2018-04-05,HCLTech,2335.99,2355.63,2317.4,2335.19,1940813
2018-04-05,Infosys,1956.34,1964.03,1935.68,1955.72,3552509
2018-04-05,TCS,5015.83,5063.45,4971.96,5000.53,2788182
2018-04-05,Wipro,733.26,742.89,727.62,739.14,2592873
2018-04-06,HCLTech,2300.0,2336.29,2277.71,2313.17,2337988
2018-04-06,Infosys,1937.01,1953.57,1931.13,1933.89,2737855
2018-04-06,TCS,4964.55,4999.57,4887.33,4945.22,1794833
2018-04-06,Wipro,746.45,756.7,743.4,749.21,3531839
2018-04-09,HCLTech,2299.54,2317.41,2294.68,2308.22,3538499
2018-04-09,Infosys,1900.55,1926.83,1894.74,1908.27,2114349
2018-04-09,TCS,4945.33,5014.24,4904.05,4955.7,2426949
2018-04-09,Wipro,771.47,775.78,765.07,767.86,4251238
2018-04-10,HCLTech,2245.95,2289.11,2222.3,2270.52,2847823
2018-04-10,Infosys,1913.42,1917.49,1901.65,1912.23,3457502
2018-04-10,TCS,5051.85,5095.02,4998.28,5036.95,2113736
2018-04-10,Wipro,755.55,761.03,746.25,751.55,4847218
2018-04-11,HCLTech,2244.37,2258.81,2212.16,2226.65,2696323
2018-04-11,Infosys,1915.51,1936.76,1889.34,1903.73,2687608
2018-04-11,TCS,4949.73,4972.62,4931.87,4961.97,2125258
2018-04-11,Wipro,755.65,760.58,744.47,752.77,4354818
2018-04-12,HCLTech,2213.68,2236.38,2191.93,2229.11,2712589
2018-04-12,Infosys,1954.75,1957.35,1936.7,1938.74,3630588
2018-04-12,TCS,4932.73,4948.42,4896.13,4904.43,1953568
2018-04-12,Wipro,760.39,768.46,754.31,756.03,3081229
2018-04-13,HCLTech,2256.93,2296.62,2236.98,2271.82,2556909
2018-04-13,Infosys,1940.06,1956.7,1919.63,1933.8,3073529
2018-04-13,TCS,4867.68,4934.38,4817.2,4885.1,1708451
2018-04-13,Wipro,753.22,758.68,748.7,752.01,3779354
2018-04-16,HCLTech,2290.71,2298.62,2261.34,2274.9,2341198
2018-04-16,Infosys,1933.08,1944.62,1923.1,1934.5,3044048
2018-04-16,TCS,4881.97,4940.38,4826.03,4861.58,1647798
2018-04-16,Wipro,761.65,768.09,760.4,764.14,5323704
2018-04-17,HCLTech,2340.84,2364.82,2314.28,2336.4,2200740
2018-04-17,Infosys,1907.79,1923.71,1886.8,1901.89,3233607
2018-04-17,TCS,4886.46,4906.77,4859.3,4896.57,2825937
2018-04-17,Wipro,750.02,761.61,746.58,754.49,3610597
2018-04-18,HCLTech,2332.31,2352.65,2310.12,2330.93,3182211
2018-04-18,Infosys,1903.8,1907.75,1872.24,1893.02,2548365
2018-04-18,TCS,4937.74,4948.13,4857.8,4906.53,2046107
2018-04-18,Wipro,748.74,755.89,742.27,754.72,4664909
2018-04-19,HCLTech,2335.74,2343.75,2329.42,2331.85,2726504
2018-04-19,Infosys,1880.47,1917.83,1869.47,1896.39,2713013
2018-04-19,TCS,4837.07,4882.52,4806.74,4828.07,2504779
2018-04-19,Wipro,748.1,752.17,744.73,749.17,4551076
2018-04-20,HCLTech,2310.38,2330.77,2279.37,2299.61,2994933
2018-04-20,Infosys,1899.05,1920.54,1873.87,1887.27,3037898
2018-04-20,TCS,4834.3,4858.08,4787.8,4849.8,2638283
2018-04-20,Wipro,784.54,787.8,776.45,780.66,4656470
2018-04-23,HCLTech,2289.47,2292.41,2273.25,2288.35,2900401
2018-04-23,Infosys,1871.37,1888.24,1859.97,1875.65,2545385
2018-04-23,TCS,4816.01,4832.41,4793.82,4823.94,1842231
2018-04-23,Wipro,772.01,777.61,762.16,770.86,4360267
2018-04-24,HCLTech,2233.47,2258.53,2210.62,2250.43,3446139
2018-04-24,Infosys,1878.14,1894.8,1873.82,1882.37,3691062
2018-04-24,TCS,4890.89,4943.6,4824.57,4878.87,2176783
2018-04-24,Wipro,780.83,788.78,776.96,780.72,4653600
2018-04-25,HCLTech,2210.08,2219.23,2180.34,2202.16,2847495
2018-04-25,Infosys,1913.37,1931.52,1894.77,1916.23,3009202
2018-04-25,TCS,4866.77,4914.49,4831.51,4850.66,2018085
2018-04-25,Wipro,800.48,811.53,794.93,805.82,2974226
2018-04-26,HCLTech,2170.67,2194.07,2159.95,2166.18,3065569
2018-04-26,Infosys,1921.47,1935.66,1898.29,1918.89,2394713
2018-04-26,TCS,4821.15,4873.81,4809.04,4822.23,1586776
2018-04-26,Wipro,805.03,809.89,783.12,792.05,5416015
2018-04-27,HCLTech,2181.15,2205.29,2165.97,2168.66,2688458
2018-04-27,Infosys,1935.68,1958.31,1916.47,1944.74,2861497
2018-04-27,TCS,4845.72,4885.24,4802.99,4845.04,1927167
2018-04-27,Wipro,788.74,794.22,783.54,792.86,2787035
2018-04-30,HCLTech,2133.2,2154.85,2126.46,2146.3,2151193
2018-04-30,Infosys,1956.27,1973.27,1933.93,1958.61,3265429
2018-04-30,TCS,4889.36,4911.59,4864.08,4877.69,2249366
2018-04-30,Wipro,778.95,788.04,776.12,778.36,4257387
2018-05-01,HCLTech,2123.63,2144.49,2104.19,2131.23,2485286
2018-05-01,Infosys,1987.96,2008.72,1971.38,1983.57,2926867
2018-05-01,TCS,4898.71,4952.44,4840.64,4896.67,1810026
2018-05-01,Wipro,754.89,758.1,748.21,750.14,3961424
2018-05-02,HCLTech,2147.51,2172.85,2120.7,2143.39,2925587
2018-05-02,Infosys,1970.24,1985.45,1952.33,1968.43,3466390
2018-05-02,TCS,4802.62,4842.9,4763.19,4822.23,1874193
2018-05-02,Wipro,739.29,741.09,731.05,739.09,3529541
2018-05-03,HCLTech,2087.63,2114.78,2069.45,2097.31,2977386
2018-05-03,Infosys,1966.01,1972.21,1957.27,1962.86,3589303
2018-05-03,TCS,4832.53,4864.45,4815.43,4844.92,1931841
2018-05-03,Wipro,727.33,738.46,719.52,731.04,3291233
2018-05-04,HCLTech,2075.53,2103.31,2054.72,2099.6,3475425
2018-05-04,Infosys,1954.75,1979.05,1931.8,1957.42,5173196
2018-05-04,TCS,4802.89,4854.52,4783.51,4799.33,3050950
2018-05-04,Wipro,727.54,735.39,721.12,723.84,4464888
2018-05-07,HCLTech,2126.63,2137.92,2108.73,2124.58,2371511
2018-05-07,Infosys,1975.36,1982.02,1955.06,1969.61,4028038
2018-05-07,TCS,4827.25,4868.23,4755.13,4808.81,1385882
2018-05-07,Wipro,713.4,722.53,707.8,719.45,4695299
2018-05-08,HCLTech,2161.93,2174.11,2138.32,2152.47,2720215
2018-05-08,Infosys,1996.58,2002.21,1980.04,1987.75,2306835
2018-05-08,TCS,4771.13,4822.91,4710.42,4746.9,2211068
2018-05-08,Wipro,726.96,732.07,716.99,719.03,3918384
2018-05-09,HCLTech,2166.63,2177.48,2141.34,2168.0,2533699
2018-05-09,Infosys,1998.4,2022.31,1970.43,1990.05,2977560
2018-05-09,TCS,4777.05,4790.02,4713.72,4765.34,1901188
2018-05-09,Wipro,704.47,711.24,700.72,703.22,3775166
2018-05-10,HCLTech,2172.16,2186.75,2162.25,2166.33,3597984
2018-05-10,Infosys,2014.03,2020.77,1995.44,2010.42,3033819
2018-05-10,TCS,4734.49,4788.82,4719.75,4730.21,1759476
2018-05-10,Wipro,706.07,708.07,698.21,707.19,5168486
2018-05-11,HCLTech,2151.67,2171.24,2135.32,2147.42,2803310
2018-05-11,Infosys,2004.09,2008.3,1973.35,1996.2,3590045
2018-05-11,TCS,4686.33,4722.6,4623.02,4675.29,1891881
2018-05-11,Wipro,715.9,730.88,712.02,722.31,3676468
2018-05-14,HCLTech,2144.98,2163.45,2136.17,2144.87,2814065
2018-05-14,Infosys,2024.24,2038.78,1997.75,2016.85,2654970
2018-05-14,TCS,4694.92,4744.07,4663.37,4704.79,2285585
2018-05-14,Wipro,733.97,742.69,731.55,739.32,3966396
2018-05-15,HCLTech,2196.5,2207.19,2189.9,2195.04,2581522
2018-05-15,Infosys,2063.98,2084.83,2019.18,2040.91,2877438
2018-05-15,TCS,4712.14,4766.54,4672.79,4714.42,2311858
2018-05-15,Wipro,735.12,739.98,730.15,735.36,3840386
2018-05-16,HCLTech,2218.0,2238.19,2186.51,2203.39,2485559
2018-05-16,Infosys,2067.45,2070.9,2042.47,2056.9,2494949
2018-05-16,TCS,4675.69,4712.17,4651.84,4687.85,2075808
2018-05-16,Wipro,755.74,756.92,739.05,746.78,6556474
2018-05-17,HCLTech,2189.67,2215.16,2181.14,2200.04,1946002
2018-05-17,Infosys,2058.78,2072.71,2045.01,2059.55,2836859
2018-05-17,TCS,4730.24,4791.23,4722.44,4748.89,2488538
2018-05-17,Wipro,738.27,739.39,729.7,737.19,3381430
2018-05-18,HCLTech,2225.84,2246.91,2203.92,2217.43,2020350
2018-05-18,Infosys,2068.65,2080.23,2049.35,2076.59,2858101
2018-05-18,TCS,4734.5,4772.58,4674.96,4729.53,2577741
2018-05-18,Wipro,733.76,735.39,726.09,732.16,4723642
2018-05-21,HCLTech,2206.14,2223.94,2200.61,2218.94,2694682
2018-05-21,Infosys,2051.53,2065.52,2047.11,2053.78,3005817
2018-05-21,TCS,4733.11,4778.86,4673.86,4730.35,2354721
2018-05-21,Wipro,738.73,742.08,729.61,736.94,2847451
2018-05-22,HCLTech,2217.29,2238.08,2205.56,2225.94,2628310
2018-05-22,Infosys,2055.17,2067.88,2051.9,2058.04,2524008
2018-05-22,TCS,4751.56,4803.2,4717.53,4741.28,1793033
2018-05-22,Wipro,743.01,751.29,725.02,732.03,3302596
2018-05-23,HCLTech,2231.29,2243.2,2211.14,2218.25,2697690
2018-05-23,Infosys,2069.28,2074.47,2040.43,2064.84,3894463
2018-05-23,TCS,4722.53,4762.58,4660.75,4714.41,2207885
2018-05-23,Wipro,713.11,719.86,704.83,715.09,3760125
2018-05-24,HCLTech,2192.36,2216.14,2168.54,2205.4,3138639
2018-05-24,Infosys,2025.58,2054.38,2003.14,2031.55,3516948
2018-05-24,TCS,4737.58,4745.85,4720.5,4733.97,2209988
2018-05-24,Wipro,732.61,735.97,719.47,725.42,3896593
2018-05-25,HCLTech,2233.73,2255.78,2218.66,2236.37,2648780
2018-05-25,Infosys,2052.8,2069.19,2019.03,2042.54,2395003
2018-05-25,TCS,4719.1,4733.33,4698.11,4710.84,1698967
2018-05-25,Wipro,712.43,718.48,707.03,714.22,3786377
2018-05-28,HCLTech,2201.48,2217.17,2154.84,2176.15,2425042
2018-05-28,Infosys,1999.87,2032.24,1996.5,2011.58,3216665
2018-05-28,TCS,4692.36,4746.93,4683.89,4692.99,1461202
2018-05-28,Wipro,703.99,709.89,696.27,707.12,3921258
2018-05-29,HCLTech,2201.85,2213.4,2176.92,2190.82,2493073
2018-05-29,Infosys,1987.03,2022.64,1979.16,2000.7,2339880
2018-05-29,TCS,4756.67,4812.11,4725.3,4750.49,1334547
2018-05-29,Wipro,719.9,725.92,716.31,720.26,3485072
2018-05-30,HCLTech,2168.44,2191.3,2165.26,2176.29,2729975
2018-05-30,Infosys,1999.96,2023.57,1978.13,2001.1,4185398
2018-05-30,TCS,4695.08,4760.62,4687.69,4705.84,2028138
2018-05-30,Wipro,726.41,731.58,721.74,726.8,5174841
2018-05-31,HCLTech,2113.19,2137.6,2094.94,2119.06,2409721
2018-05-31,Infosys,1976.08,2001.39,1972.16,1983.08,4419260
2018-05-31,TCS,4609.78,4616.25,4579.82,4604.41,2122840
2018-05-31,Wipro,731.23,735.01,721.03,728.65,3274646
2018-06-01,HCLTech,2088.67,2108.03,2085.48,2090.41,3216809
2018-06-01,Infosys,1974.06,1993.2,1962.28,1984.52,3164526
2018-06-01,TCS,4681.19,4705.56,4659.56,4671.34,1578998
2018-06-01,Wipro,698.89,715.26,690.66,709.19,4642186
2018-06-04,HCLTech,2102.92,2122.61,2078.27,2089.44,2594144
2018-06-04,Infosys,1980.28,2005.68,1970.87,1985.59,2698299
2018-06-04,TCS,4769.4,4824.19,4726.3,4779.47,2465398
2018-06-04,Wipro,694.72,698.41,690.16,694.07,4580547
2018-06-05,HCLTech,2082.26,2114.2,2067.65,2092.51,2734213
2018-06-05,Infosys,1959.37,1978.86,1938.44,1965.64,2801897
2018-06-05,TCS,4762.59,4806.79,4713.4,4761.81,2061823
2018-06-05,Wipro,696.0,705.53,690.79,698.63,3309266
2018-06-06,HCLTech,2103.44,2133.72,2083.29,2114.41,2208244
2018-06-06,Infosys,1978.68,1986.57,1965.34,1978.6,2922391
2018-06-06,TCS,4670.12,4688.41,4630.12,4679.3,2619642
2018-06-06,Wipro,702.97,711.53,695.79,706.18,3716920
2018-06-07,HCLTech,2146.08,2152.48,2115.32,2138.6,3217120
2018-06-07,Infosys,1954.97,1970.34,1946.77,1960.07,3132355
2018-06-07,TCS,4658.33,4702.01,4643.4,4666.06,2153844
2018-06-07,Wipro,703.22,711.27,698.51,708.99,3998012
2018-06-08,HCLTech,2075.76,2114.51,2069.0,2092.93,3467051
2018-06-08,Infosys,2009.6,2022.85,1996.0,2014.16,4209082
2018-06-08,TCS,4637.45,4665.88,4593.69,4653.91,1615881
2018-06-08,Wipro,700.94,704.52,697.12,702.56,5592227
2018-06-11,HCLTech,2094.8,2113.97,2077.42,2104.18,1979574
2018-06-11,Infosys,2011.02,2023.39,2006.52,2011.06,3873936
2018-06-11,TCS,4664.41,4694.38,4628.45,4645.85,2191976
2018-06-11,Wipro,693.52,698.43,692.33,695.78,3715300
2018-06-12,HCLTech,2125.04,2143.63,2111.92,2125.93,2817047
2018-06-12,Infosys,1991.03,2010.13,1964.64,1982.57,3885888
2018-06-12,TCS,4614.92,4631.7,4556.43,4599.45,2286836
2018-06-12,Wipro,696.22,705.84,693.9,698.09,8256660
2018-06-13,HCLTech,2132.29,2158.03,2112.16,2132.65,2544487
2018-06-13,Infosys,1971.02,1983.5,1943.59,1958.88,3311053
2018-06-13,TCS,4631.3,4638.64,4589.99,4623.47,1792520
2018-06-13,Wipro,675.15,689.02,672.02,682.16,4663982
2018-06-14,HCLTech,2133.6,2157.03,2109.41,2147.92,2751974
2018-06-14,Infosys,1986.88,1994.72,1970.54,1985.64,2540671
2018-06-14,TCS,4674.29,4683.08,4621.96,4645.34,1498895
2018-06-14,Wipro,683.33,691.32,679.21,682.91,4284458
2018-06-15,HCLTech,2094.44,2102.76,2076.46,2090.81,2846044
2018-06-15,Infosys,1977.41,1981.29,1964.05,1975.54,2743239
2018-06-15,TCS,4580.59,4633.83,4571.81,4583.32,2040523
2018-06-15,Wipro,662.38,671.8,656.06,665.69,4773772
2018-06-18,HCLTech,2067.87,2074.08,2053.7,2062.27,1662828
2018-06-18,Infosys,1941.62,1963.35,1933.4,1943.12,3239098
2018-06-18,TCS,4656.6,4699.4,4565.74,4612.34,1637184
2018-06-18,Wipro,646.16,660.07,644.32,652.85,2836520
2018-06-19,HCLTech,2095.54,2127.21,2075.04,2102.35,3026505
2018-06-19,Infosys,1966.76,1977.75,1959.41,1962.79,2516655
2018-06-19,TCS,4695.1,4751.32,4641.87,4698.46,2502586
2018-06-19,Wipro,652.34,657.81,651.17,654.6,5056475
2018-06-20,HCLTech,2111.53,2123.56,2080.19,2094.42,3247842
2018-06-20,Infosys,1955.9,1967.37,1930.41,1952.7,3400584
2018-06-20,TCS,4709.69,4738.75,4666.73,4705.91,1843584
2018-06-20,Wipro,657.95,666.34,653.04,661.17,3070164
2018-06-21,HCLTech,2164.54,2185.37,2137.81,2160.94,3321685
2018-06-21,Infosys,1978.76,1997.36,1956.78,1967.77,3759084
2018-06-21,TCS,4685.98,4717.88,4631.58,4691.86,2823754
2018-06-21,Wipro,665.09,668.62,664.19,664.91,4759897
2018-06-22,HCLTech,2112.51,2126.21,2097.25,2122.94,2152407
2018-06-22,Infosys,1973.97,2010.28,1961.23,1989.7,3568766
2018-06-22,TCS,4691.62,4714.81,4633.28,4686.12,1307759
2018-06-22,Wipro,649.08,658.23,641.79,651.39,3552986
2018-06-25,HCLTech,2187.59,2194.12,2145.75,2170.29,2583943
2018-06-25,Infosys,1994.02,2009.21,1983.79,1995.99,3540219
2018-06-25,TCS,4724.86,4761.62,4697.64,4712.44,2054651
2018-06-25,Wipro,623.78,637.04,621.4,629.51,3409074
2018-06-26,HCLTech,2146.68,2155.83,2144.11,2152.19,2334337
2018-06-26,Infosys,2056.88,2073.24,2029.58,2053.95,2203163
2018-06-26,TCS,4638.29,4662.54,4596.35,4639.96,2661861
2018-06-26,Wipro,625.6,634.9,619.24,629.11,5701881
2018-06-27,HCLTech,2180.64,2202.39,2158.84,2178.73,1772626
2018-06-27,Infosys,2011.42,2018.95,1991.8,2011.65,4177955
2018-06-27,TCS,4673.3,4716.34,4624.72,4647.22,1673782
2018-06-27,Wipro,601.11,613.52,598.0,607.69,3921064
2018-06-28,HCLTech,2164.99,2174.88,2154.58,2170.17,2296540
2018-06-28,Infosys,1983.95,2014.27,1979.87,1991.79,2338883
2018-06-28,TCS,4634.85,4680.34,4601.89,4631.36,1937322
2018-06-28,Wipro,622.27,628.92,610.42,617.82,2944924
2018-06-29,HCLTech,2180.79,2205.12,2155.97,2174.13,2093191
2018-06-29,Infosys,1974.69,1999.88,1959.5,1985.49,3103718
2018-06-29,TCS,4713.54,4763.66,4696.68,4709.52,1845112
2018-06-29,Wipro,610.62,611.87,601.7,605.65,4861035
2018-07-02,HCLTech,2187.64,2211.01,2162.78,2192.81,2779904
2018-07-02,Infosys,2046.85,2065.1,2027.02,2039.93,3621395
2018-07-02,TCS,4689.25,4719.96,4634.28,4702.69,1744370
2018-07-02,Wipro,635.88,639.89,622.92,630.22,3133541
2018-07-03,HCLTech,2170.07,2198.48,2152.29,2174.55,1876150
2018-07-03,Infosys,2077.66,2088.98,2057.45,2084.28,3437932
2018-07-03,TCS,4780.73,4813.22,4731.52,4774.43,2100282
2018-07-03,Wipro,616.85,624.75,613.05,619.14,5251133
2018-07-04,HCLTech,2197.88,2211.7,2177.67,2199.6,2137424
2018-07-04,Infosys,2101.08,2133.57,2075.93,2116.63,2478326
2018-07-04,TCS,4725.89,4744.24,4707.29,4727.89,1543515
2018-07-04,Wipro,629.19,634.01,618.54,624.07,3987054
2018-07-05,HCLTech,2186.59,2206.85,2180.61,2191.98,2343436
2018-07-05,Infosys,2104.0,2114.65,2077.19,2096.45,2568920
2018-07-05,TCS,4744.56,4760.37,4720.43,4753.66,1956101
2018-07-05,Wipro,617.18,621.47,614.56,615.6,3100392
2018-07-06,HCLTech,2209.6,2212.48,2191.7,2198.02,3032973
2018-07-06,Infosys,2083.4,2095.8,2057.53,2079.39,3389102
2018-07-06,TCS,4756.46,4810.0,4729.6,4768.11,2217423
2018-07-06,Wipro,610.33,616.72,606.74,613.5,4714114
2018-07-09,HCLTech,2105.67,2131.67,2090.29,2118.69,4531560
2018-07-09,Infosys,2057.76,2076.27,2044.33,2058.76,3544226
2018-07-09,TCS,4771.77,4805.36,4688.14,4731.78,1915786
2018-07-09,Wipro,612.87,617.41,610.44,615.31,4439459
2018-07-10,HCLTech,2108.93,2125.13,2096.83,2109.31,2762481
2018-07-10,Infosys,2031.65,2059.37,2021.27,2039.47,2564362
2018-07-10,TCS,4736.28,4782.7,4683.32,4740.21,1637394
2018-07-10,Wipro,624.0,631.64,617.93,624.68,2615936
2018-07-11,HCLTech,2148.53,2153.06,2142.82,2147.59,2115072
2018-07-11,Infosys,2075.33,2086.38,2058.57,2076.32,3461386
2018-07-11,TCS,4771.22,4802.58,4749.58,4793.17,2457597
2018-07-11,Wipro,636.44,642.21,631.66,636.02,3949587
2018-07-12,HCLTech,2167.92,2194.83,2148.39,2169.25,2269799
2018-07-12,Infosys,2080.87,2102.94,2051.14,2070.27,2363387
2018-07-12,TCS,4769.72,4837.34,4740.16,4780.22,2314511
2018-07-12,Wipro,645.66,650.66,639.01,644.19,4246374
2018-07-13,HCLTech,2207.49,2209.81,2177.96,2197.05,2965729
2018-07-13,Infosys,2053.58,2074.6,2046.38,2067.55,3625632
2018-07-13,TCS,4708.25,4765.23,4672.82,4709.02,1624028
2018-07-13,Wipro,656.11,657.39,653.62,656.11,4197125
2018-07-16,HCLTech,2183.27,2208.09,2178.89,2199.42,1986373
2018-07-16,Infosys,2073.26,2101.93,2059.7,2086.92,2681516
2018-07-16,TCS,4717.49,4746.33,4684.28,4709.37,1543921
2018-07-16,Wipro,647.25,650.12,645.77,648.67,3854909
2018-07-17,HCLTech,2258.7,2276.25,2248.96,2252.42,3237674
2018-07-17,Infosys,2040.38,2051.22,2035.79,2045.77,3251945
2018-07-17,TCS,4680.6,4729.87,4641.84,4672.42,1653281
2018-07-17,Wipro,661.71,665.51,650.53,656.09,4642674
2018-07-18,HCLTech,2248.59,2276.99,2236.97,2262.35,2746131
2018-07-18,Infosys,2046.95,2055.74,2040.03,2047.18,3144551
2018-07-18,TCS,4669.19,4686.37,4649.18,4659.25,2230446
2018-07-18,Wipro,651.42,653.44,647.6,651.89,4482059
2018-07-19,HCLTech,2236.78,2250.51,2218.97,2242.37,2535769
2018-07-19,Infosys,2016.35,2042.48,1994.77,2020.55,4036113
2018-07-19,TCS,4647.64,4699.54,4634.42,4657.09,2113323
2018-07-19,Wipro,662.67,665.13,658.96,663.38,4024993
2018-07-20,HCLTech,2255.3,2297.16,2230.88,2270.25,1856205
2018-07-20,Infosys,2019.04,2021.32,2008.38,2013.6,3358776
2018-07-20,TCS,4592.37,4641.38,4562.62,4587.45,2342371
2018-07-20,Wipro,663.68,665.84,655.97,664.58,3815311
2018-07-23,HCLTech,2296.93,2307.75,2283.66,2300.67,3125483
2018-07-23,Infosys,2008.84,2031.08,1979.82,1999.67,2838655
2018-07-23,TCS,4510.11,4567.62,4460.21,4522.57,1873703
2018-07-23,Wipro,671.4,674.72,669.85,671.88,4120266
2018-07-24,HCLTech,2315.42,2338.83,2310.96,2321.99,2232644
2018-07-24,Infosys,1986.96,1996.13,1974.52,1984.64,3438616
2018-07-24,TCS,4534.78,4588.76,4512.82,4543.64,1662296
2018-07-24,Wipro,669.48,676.01,664.07,675.25,3545058
2018-07-25,HCLTech,2328.52,2333.82,2286.24,2309.91,2681160
2018-07-25,Infosys,1994.95,2012.22,1973.75,1990.26,4911765
2018-07-25,TCS,4510.72,4551.34,4493.82,4523.78,2403477
2018-07-25,Wipro,680.09,690.6,678.96,684.4,3260218
2018-07-26,HCLTech,2322.79,2326.54,2314.53,2320.04,2519547
2018-07-26,Infosys,1998.11,2002.12,1973.84,1995.82,3710532
2018-07-26,TCS,4405.52,4466.35,4365.11,4422.04,1790432
2018-07-26,Wipro,684.85,690.05,668.62,674.38,3194830
2018-07-27,HCLTech,2371.91,2387.01,2347.84,2366.8,1894114
2018-07-27,Infosys,1990.94,2006.98,1971.77,1990.87,3162356
2018-07-27,TCS,4469.9,4508.34,4403.98,4454.95,2076028
2018-07-27,Wipro,648.65,659.75,644.01,655.43,3920784
2018-07-30,HCLTech,2370.88,2407.27,2357.73,2383.79,2482768
2018-07-30,Infosys,1989.23,2022.08,1969.17,2000.07,2708590
2018-07-30,TCS,4477.2,4488.2,4440.47,4467.5,1466915
2018-07-30,Wipro,668.22,676.14,661.08,667.08,3369443
2018-07-31,HCLTech,2344.58,2360.62,2310.38,2336.09,2041030
2018-07-31,Infosys,1971.15,1993.75,1963.52,1979.68,2828799
2018-07-31,TCS,4454.25,4464.3,4435.7,4440.57,1784583
2018-07-31,Wipro,684.78,689.1,676.98,683.31,3874956
2018-08-01,HCLTech,2335.42,2345.3,2296.47,2316.75,2282126
2018-08-01,Infosys,1985.02,2006.27,1975.14,1996.32,3666176
2018-08-01,TCS,4390.51,4432.18,4352.34,4389.96,2447400
2018-08-01,Wipro,686.14,693.39,680.1,681.78,5219039
2018-08-02,HCLTech,2305.92,2308.65,2293.81,2296.11,2835072
2018-08-02,Infosys,1990.55,2011.17,1972.51,1991.79,2680465
2018-08-02,TCS,4435.74,4470.7,4400.27,4424.9,1733066
2018-08-02,Wipro,693.3,695.44,688.92,691.7,3837731
2018-08-03,HCLTech,2258.6,2298.96,2247.08,2273.17,2992183
2018-08-03,Infosys,1982.63,2000.16,1961.78,1980.7,3201721
2018-08-03,TCS,4416.12,4470.5,4378.98,4440.69,2353839
2018-08-03,Wipro,679.67,682.33,669.09,671.62,4112076
2018-08-06,HCLTech,2203.12,2215.49,2196.55,2208.14,2590528
2018-08-06,Infosys,1950.44,1966.86,1931.54,1962.35,4265991
2018-08-06,TCS,4551.26,4601.24,4520.5,4538.91,1254758
2018-08-06,Wipro,665.07,668.14,658.97,664.07,3821154
2018-08-07,HCLTech,2269.81,2286.42,2259.26,2268.6,2178687
2018-08-07,Infosys,1957.76,1974.05,1939.27,1957.16,3297713
2018-08-07,TCS,4560.68,4598.33,4553.46,4558.14,1788306
2018-08-07,Wipro,670.65,678.63,662.43,664.98,5194475
2018-08-08,HCLTech,2235.87,2244.82,2223.82,2242.2,2284230
2018-08-08,Infosys,1994.77,2018.75,1987.69,2002.11,2578800
2018-08-08,TCS,4585.23,4609.79,4554.26,4576.18,1932619
2018-08-08,Wipro,648.71,655.84,640.17,644.48,5572549
2018-08-09,HCLTech,2246.08,2250.73,2202.95,2218.38,2276312
2018-08-09,Infosys,1992.17,2019.69,1983.85,2001.14,4946698
2018-08-09,TCS,4576.95,4602.37,4531.47,4571.48,2833903
2018-08-09,Wipro,633.05,636.8,623.25,626.93,3641473
2018-08-10,HCLTech,2155.06,2166.36,2133.98,2160.16,1695704
2018-08-10,Infosys,1969.24,1983.26,1946.86,1974.42,4552335
2018-08-10,TCS,4593.16,4642.74,4568.7,4607.46,1583020
2018-08-10,Wipro,628.77,635.24,624.0,628.67,4626747
2018-08-13,HCLTech,2187.37,2192.73,2183.11,2187.84,2638375
2018-08-13,Infosys,1987.54,2007.72,1973.44,1996.91,3537379
2018-08-13,TCS,4613.96,4679.19,4598.22,4635.78,2287239
2018-08-13,Wipro,623.39,625.61,618.8,621.83,6077077
2018-08-14,HCLTech,2179.99,2201.36,2167.23,2186.41,1863201
2018-08-14,Infosys,1991.33,2014.35,1967.8,1986.27,4130101
2018-08-14,TCS,4680.22,4724.54,4651.65,4690.73,2470779
2018-08-14,Wipro,616.5,622.59,609.62,617.94,3171381
2018-08-15,HCLTech,2179.54,2191.24,2154.52,2177.07,2639925
2018-08-15,Infosys,1992.3,2008.27,1977.17,1993.7,3033614
2018-08-15,TCS,4679.58,4710.45,4627.93,4671.26,1731259
2018-08-15,Wipro,614.04,615.75,606.3,613.43,4866423
2018-08-16,HCLTech,2184.15,2205.58,2156.92,2169.41,1941817
2018-08-16,Infosys,1986.74,1999.84,1957.84,1979.95,3698923
2018-08-16,TCS,4665.66,4707.63,4644.76,4655.53,1856034
2018-08-16,Wipro,600.23,604.62,596.5,599.41,2823988
2018-08-17,HCLTech,2190.01,2195.0,2174.09,2188.78,2042675
2018-08-17,Infosys,2007.6,2035.19,1986.41,2011.34,2940097
2018-08-17,TCS,4618.16,4678.72,4578.4,4638.1,2057461
2018-08-17,Wipro,589.31,599.13,582.8,597.08,4023769
2018-08-20,HCLTech,2173.25,2188.08,2152.47,2175.59,2971998
2018-08-20,Infosys,1994.48,2004.93,1986.75,1997.88,2440170
2018-08-20,TCS,4659.49,4721.28,4620.63,4673.92,1487133
2018-08-20,Wipro,596.41,601.39,590.61,596.95,3889490
2018-08-21,HCLTech,2106.19,2129.39,2087.57,2117.3,2612807
2018-08-21,Infosys,2048.53,2059.54,2010.66,2032.47,5373800
2018-08-21,TCS,4729.38,4748.17,4705.36,4740.17,1825997
2018-08-21,Wipro,594.06,597.46,588.68,590.74,2843090
2018-08-22,HCLTech,2093.19,2100.6,2067.07,2080.83,1783438
2018-08-22,Infosys,1994.21,2026.64,1985.63,2007.85,2415347
2018-08-22,TCS,4718.17,4767.44,4663.09,4723.49,2581497
2018-08-22,Wipro,580.5,589.65,576.33,585.46,4973581
2018-08-23,HCLTech,2042.09,2047.72,2018.32,2043.52,2325074
2018-08-23,Infosys,2012.47,2030.27,1989.93,2001.64,3396217
2018-08-23,TCS,4688.22,4739.69,4637.39,4708.37,2220379
2018-08-23,Wipro,579.74,584.98,576.76,583.36,4119869
2018-08-24,HCLTech,2051.04,2055.21,2048.18,2052.92,2739844
2018-08-24,Infosys,2050.64,2074.49,2015.33,2036.44,3388292
2018-08-24,TCS,4703.58,4733.3,4682.52,4724.69,1938272
2018-08-24,Wipro,596.41,600.32,586.27,592.08,3322920
2018-08-27,HCLTech,2057.66,2083.89,2054.37,2081.38,2297113
2018-08-27,Infosys,2048.04,2064.83,2032.15,2041.47,3547885
2018-08-27,TCS,4705.11,4757.26,4698.8,4717.31,2045744
2018-08-27,Wipro,596.15,598.83,584.73,591.13,4271694
2018-08-28,HCLTech,2124.83,2137.6,2112.72,2126.15,2427546
2018-08-28,Infosys,2095.94,2108.17,2087.14,2098.85,3143113
2018-08-28,TCS,4762.35,4804.65,4740.15,4761.06,2246398
2018-08-28,Wipro,568.82,572.52,564.36,571.05,4792543
2018-08-29,HCLTech,2075.57,2082.98,2069.9,2079.66,2730066
2018-08-29,Infosys,2105.66,2116.97,2075.59,2093.08,3149679
2018-08-29,TCS,4651.37,4700.26,4636.24,4668.7,2334106
2018-08-29,Wipro,559.59,563.23,554.55,558.98,2808185
2018-08-30,HCLTech,2080.76,2110.67,2073.72,2099.46,2623349
2018-08-30,Infosys,2097.74,2104.75,2072.57,2100.58,3289821
2018-08-30,TCS,4635.61,4682.43,4603.06,4637.3,1789371
2018-08-30,Wipro,568.24,569.95,563.16,568.52,2131086
2018-08-31,HCLTech,2093.26,2105.43,2077.61,2083.13,2131999
2018-08-31,Infosys,2143.87,2174.24,2138.64,2150.24,3522336
2018-08-31,TCS,4623.4,4643.29,4556.83,4608.01,2718530
2018-08-31,Wipro,565.81,569.03,558.01,561.63,3966549
2018-09-03,HCLTech,2166.26,2184.76,2147.59,2171.94,2611623
2018-09-03,Infosys,2109.18,2117.73,2090.81,2112.63,3198837
2018-09-03,TCS,4497.55,4530.57,4449.99,4516.03,2602355
2018-09-03,Wipro,558.95,563.39,555.5,560.83,3430262
2018-09-04,HCLTech,2236.95,2243.91,2203.79,2216.27,2454793
2018-09-04,Infosys,2067.66,2087.14,2053.61,2072.62,3156546
2018-09-04,TCS,4477.41,4502.09,4457.87,4480.32,2290107
2018-09-04,Wipro,579.33,584.76,575.16,580.71,5227806
2018-09-05,HCLTech,2287.44,2302.28,2248.53,2271.64,3670526
2018-09-05,Infosys,2045.91,2065.18,2034.62,2054.06,2456969
2018-09-05,TCS,4461.28,4485.87,4421.49,4446.9,1689707
2018-09-05,Wipro,592.45,596.2,581.59,587.47,3714375
2018-09-06,HCLTech,2291.2,2311.51,2282.59,2299.29,2546945
2018-09-06,Infosys,2085.07,2090.24,2056.18,2075.37,4786920
2018-09-06,TCS,4436.41,4480.7,4430.19,4442.25,1630851
2018-09-06,Wipro,561.75,566.71,557.18,565.31,4255370
2018-09-07,HCLTech,2329.22,2356.91,2295.47,2313.65,2671141
2018-09-07,Infosys,2030.24,2045.45,2015.82,2036.84,3561887
2018-09-07,TCS,4482.36,4536.72,4451.05,4490.47,1873533
2018-09-07,Wipro,578.52,582.7,577.02,580.34,3853179
2018-09-10,HCLTech,2320.94,2324.42,2294.99,2302.7,2738659
2018-09-10,Infosys,2052.45,2069.06,2032.39,2052.71,3336532
2018-09-10,TCS,4500.59,4540.78,4476.52,4484.13,2024454
2018-09-10,Wipro,582.53,586.68,580.56,582.04,2936162
2018-09-11,HCLTech,2279.28,2289.17,2276.64,2285.53,2437689
2018-09-11,Infosys,2054.48,2069.75,2035.61,2066.97,2824290
2018-09-11,TCS,4442.02,4459.26,4391.71,4446.3,1404173
2018-09-11,Wipro,591.73,597.75,582.81,586.07,4024488
2018-09-12,HCLTech,2250.74,2284.93,2231.43,2262.16,2251342
2018-09-12,Infosys,2119.14,2143.77,2093.78,2118.86,2618045
2018-09-12,TCS,4463.18,4485.62,4400.81,4447.68,2207997
2018-09-12,Wipro,585.04,590.42,580.21,589.45,3068091
2018-09-13,HCLTech,2259.94,2292.9,2254.06,2283.93,2850416
2018-09-13,Infosys,2136.58,2170.59,2115.39,2146.98,3800558
2018-09-13,TCS,4499.7,4512.04,4478.54,4493.62,2587364
2018-09-13,Wipro,596.72,600.59,593.55,599.39,3038212
2018-09-14,HCLTech,2340.95,2348.03,2316.42,2336.59,2855082
2018-09-14,Infosys,2147.11,2161.94,2143.38,2157.78,3099306
2018-09-14,TCS,4453.3,4496.25,4414.59,4458.11,2244408
2018-09-14,Wipro,600.95,606.82,595.6,598.71,3211630
2018-09-17,HCLTech,2316.12,2351.9,2296.21,2327.19,3943334
2018-09-17,Infosys,2193.71,2217.87,2172.7,2194.71,3623222
2018-09-17,TCS,4432.24,4448.77,4393.47,4425.54,1747063
2018-09-17,Wipro,585.89,588.67,576.81,583.14,3155759
2018-09-18,HCLTech,2310.67,2326.52,2286.77,2306.03,3016190
2018-09-18,Infosys,2220.28,2230.53,2192.44,2210.45,2441764
2018-09-18,TCS,4456.25,4486.46,4408.06,4451.75,1706196
2018-09-18,Wipro,587.52,589.77,580.55,586.74,3835125
2018-09-19,HCLTech,2254.59,2278.44,2237.65,2260.87,3026380
2018-09-19,Infosys,2203.87,2207.71,2195.43,2199.8,4360216
2018-09-19,TCS,4461.17,4504.49,4419.13,4446.85,2123610
2018-09-19,Wipro,572.1,574.54,568.53,572.52,3698383
2018-09-20,HCLTech,2262.25,2273.38,2237.96,2270.91,3001339
2018-09-20,Infosys,2175.97,2185.47,2154.69,2171.32,3832151
2018-09-20,TCS,4469.16,4514.4,4455.26,4476.89,1939609
2018-09-20,Wipro,592.24,599.16,586.49,591.76,4233896
2018-09-21,HCLTech,2306.33,2321.63,2302.1,2312.68,2264710
2018-09-21,Infosys,2156.91,2179.45,2136.94,2158.09,3148538
2018-09-21,TCS,4481.03,4500.22,4444.44,4480.45,2185305
2018-09-21,Wipro,582.57,592.02,579.09,588.13,2919631
2018-09-24,HCLTech,2341.95,2365.99,2315.6,2356.91,2021655
2018-09-24,Infosys,2155.59,2176.6,2148.76,2158.63,3513722
2018-09-24,TCS,4512.17,4534.08,4503.67,4513.04,2255770
2018-09-24,Wipro,588.18,589.81,583.32,587.81,3803629
2018-09-25,HCLTech,2398.74,2427.89,2394.6,2405.35,2127170
2018-09-25,Infosys,2171.99,2179.86,2152.26,2164.78,3711186
2018-09-25,TCS,4485.36,4522.09,4442.17,4475.43,2488114
2018-09-25,Wipro,586.38,589.58,578.59,580.93,3632887
2018-09-26,HCLTech,2413.22,2434.64,2397.66,2421.94,2983526
2018-09-26,Infosys,2106.64,2130.44,2091.96,2111.62,2449183
2018-09-26,TCS,4464.79,4510.79,4449.88,4479.23,1594758
2018-09-26,Wipro,579.88,586.99,576.13,584.73,4164410
2018-09-27,HCLTech,2427.44,2445.45,2400.36,2427.61,3455049
2018-09-27,Infosys,2115.1,2133.68,2096.01,2107.7,4475939
2018-09-27,TCS,4489.46,4498.71,4436.91,4475.1,2090641
2018-09-27,Wipro,586.87,591.46,582.14,589.78,4204546
2018-09-28,HCLTech,2475.53,2503.38,2464.47,2474.27,3011119
2018-09-28,Infosys,2121.06,2140.51,2087.64,2110.08,3524727
2018-09-28,TCS,4437.28,4484.37,4385.98,4430.76,1859768
2018-09-28,Wipro,581.41,589.73,578.01,582.87,4126998
2018-10-01,HCLTech,2426.02,2467.65,2401.24,2438.79,2514626
2018-10-01,Infosys,2118.19,2140.45,2112.13,2125.69,2779664
2018-10-01,TCS,4355.12,4402.25,4345.52,4373.22,1960932
2018-10-01,Wipro,586.67,591.37,581.18,587.91,3281301
2018-10-02,HCLTech,2439.61,2445.46,2408.22,2426.48,3635862
2018-10-02,Infosys,2163.03,2191.06,2142.51,2169.35,2569811
2018-10-02,TCS,4421.55,4448.99,4380.95,4404.75,2377451
2018-10-02,Wipro,595.77,600.89,586.58,588.9,4019801
2018-10-03,HCLTech,2486.16,2505.8,2460.12,2488.1,2379238
2018-10-03,Infosys,2171.0,2193.51,2150.25,2175.99,3898416
2018-10-03,TCS,4426.41,4440.49,4355.5,4395.37,2429711
2018-10-03,Wipro,584.72,594.56,584.05,588.16,3609805
2018-10-04,HCLTech,2471.87,2493.35,2449.98,2453.74,2066550
2018-10-04,Infosys,2140.94,2159.29,2128.24,2154.17,3338036
2018-10-04,TCS,4373.41,4395.92,4347.42,4359.63,2645436
2018-10-04,Wipro,576.42,582.43,570.04,580.54,5202474
2018-10-05,HCLTech,2458.28,2481.89,2437.91,2455.38,2734940
2018-10-05,Infosys,2105.32,2130.38,2090.72,2109.47,3524261
2018-10-05,TCS,4380.09,4400.5,4328.91,4360.44,2177691
2018-10-05,Wipro,608.49,609.95,602.53,605.54,4089235
2018-10-08,HCLTech,2480.9,2508.49,2472.44,2480.06,3366533
2018-10-08,Infosys,2140.44,2150.2,2123.05,2128.77,3217110
2018-10-08,TCS,4410.81,4428.35,4372.62,4409.62,1956473
2018-10-08,Wipro,616.37,621.28,614.04,618.89,4064010
2018-10-09,HCLTech,2479.88,2508.26,2476.91,2485.86,2196250
2018-10-09,Infosys,2099.29,2126.99,2092.69,2108.53,2618501
2018-10-09,TCS,4302.1,4355.99,4281.01,4324.68,1901363
2018-10-09,Wipro,630.51,636.08,623.47,627.38,3096013
2018-10-10,HCLTech,2536.81,2558.6,2507.49,2529.18,1848829
2018-10-10,Infosys,2144.37,2162.44,2117.87,2132.47,3542647
2018-10-10,TCS,4246.72,4297.45,4203.61,4271.46,1413679
2018-10-10,Wipro,639.79,643.91,637.39,640.58,3554498
2018-10-11,HCLTech,2587.31,2591.44,2562.97,2586.89,2619680
2018-10-11,Infosys,2166.54,2180.68,2159.02,2170.49,3076042
2018-10-11,TCS,4244.2,4289.96,4212.73,4240.79,2614555
2018-10-11,Wipro,646.27,650.39,638.56,644.4,4212487
2018-10-12,HCLTech,2618.47,2636.78,2583.75,2607.48,3033748
2018-10-12,Infosys,2151.6,2157.58,2111.53,2132.58,3186147
2018-10-12,TCS,4293.69,4350.55,4259.79,4301.71,1875297
2018-10-12,Wipro,634.42,641.51,631.65,640.72,3937509
2018-10-15,HCLTech,2682.99,2703.34,2638.02,2661.97,1437058
2018-10-15,Infosys,2142.64,2167.36,2125.98,2148.79,5147706
2018-10-15,TCS,4305.09,4332.25,4294.11,4317.51,2212950
2018-10-15,Wipro,613.06,613.7,604.02,611.3,3929020
2018-10-16,HCLTech,2621.48,2653.62,2595.79,2630.84,3161305
2018-10-16,Infosys,2183.1,2207.01,2179.56,2184.42,3807468
2018-10-16,TCS,4351.51,4361.51,4346.05,4352.37,2290903
2018-10-16,Wipro,599.21,602.49,595.97,598.39,2816665
2018-10-17,HCLTech,2636.23,2655.78,2612.11,2628.31,1978130
2018-10-17,Infosys,2204.95,2236.01,2194.06,2213.39,3851658
2018-10-17,TCS,4321.25,4362.9,4306.16,4312.88,1559061
2018-10-17,Wipro,621.54,624.19,618.44,622.54,3398993
2018-10-18,HCLTech,2729.56,2744.58,2708.62,2721.75,3005600
2018-10-18,Infosys,2154.24,2177.52,2131.75,2160.47,5513807
2018-10-18,TCS,4255.07,4325.64,4208.51,4274.59,1662758
2018-10-18,Wipro,631.14,642.23,626.77,636.06,3786000
2018-10-19,HCLTech,2806.64,2824.5,2773.8,2800.35,1743982
2018-10-19,Infosys,2152.59,2160.13,2131.86,2140.53,3455840
2018-10-19,TCS,4290.8,4341.99,4244.85,4296.87,2725225
2018-10-19,Wipro,639.65,646.99,638.12,638.78,5086707
2018-10-22,HCLTech,2748.41,2786.32,2725.52,2754.25,1935839
2018-10-22,Infosys,2114.17,2123.64,2091.15,2109.97,3277537
2018-10-22,TCS,4324.72,4330.17,4261.66,4304.2,2119614
2018-10-22,Wipro,624.13,631.11,620.64,621.29,2740331
2018-10-23,HCLTech,2751.75,2770.06,2742.94,2757.32,2942486
2018-10-23,Infosys,2134.57,2154.42,2121.05,2125.37,2793539
2018-10-23,TCS,4316.02,4346.97,4302.23,4330.67,1780741
2018-10-23,Wipro,626.73,632.68,624.49,628.83,3246175
2018-10-24,HCLTech,2758.27,2792.81,2742.31,2766.18,3315688
2018-10-24,Infosys,2126.29,2149.88,2102.4,2138.07,2923087
2018-10-24,TCS,4340.43,4346.84,4299.21,4328.56,1950094
2018-10-24,Wipro,624.08,628.7,622.9,626.1,2736423
2018-10-25,HCLTech,2777.78,2807.41,2769.43,2786.01,2595250
2018-10-25,Infosys,2077.77,2096.59,2059.75,2072.06,2124911
2018-10-25,TCS,4338.04,4388.24,4295.71,4344.67,2485302
2018-10-25,Wipro,637.61,641.65,628.49,634.43,4268984
2018-10-26,HCLTech,2828.23,2856.6,2801.17,2839.9,4197882
2018-10-26,Infosys,2058.29,2075.81,2045.1,2066.71,3748049
2018-10-26,TCS,4363.67,4395.95,4319.49,4356.18,2410923
2018-10-26,Wipro,629.02,630.37,615.69,622.28,5070937
2018-10-29,HCLTech,2916.36,2934.07,2905.52,2917.86,2119101
2018-10-29,Infosys,2077.12,2091.05,2062.02,2088.81,2483742
2018-10-29,TCS,4407.4,4436.71,4382.21,4392.19,1491721
2018-10-29,Wipro,620.9,627.97,613.81,617.24,4299068
2018-10-30,HCLTech,2912.47,2943.5,2889.61,2923.31,2113695
2018-10-30,Infosys,2096.81,2112.83,2084.24,2094.71,3833192
2018-10-30,TCS,4440.06,4471.58,4381.64,4429.7,2773205
2018-10-30,Wipro,628.49,633.76,623.39,627.58,4489485
2018-10-31,HCLTech,2979.96,3009.16,2946.58,2973.6,2447502
2018-10-31,Infosys,2102.61,2118.62,2081.74,2100.6,3172581
2018-10-31,TCS,4383.6,4400.15,4358.96,4371.06,2426322
2018-10-31,Wipro,649.2,652.9,644.18,650.2,3254007
2018-11-01,HCLTech,3005.64,3012.68,2969.02,3004.8,2424317
2018-11-01,Infosys,2094.11,2110.66,2091.21,2093.64,3283016
2018-11-01,TCS,4273.42,4321.62,4261.07,4288.95,1939930
2018-11-01,Wipro,642.89,649.01,641.57,643.0,4306737
2018-11-02,HCLTech,3010.53,3043.69,2990.69,3008.03,2751669
2018-11-02,Infosys,2075.66,2083.86,2063.66,2069.42,3172999
2018-11-02,TCS,4348.52,4354.34,4286.01,4333.3,1575862
2018-11-02,Wipro,626.73,634.32,622.86,631.99,3427396
2018-11-05,HCLTech,2937.48,2969.41,2906.35,2941.42,2241040
2018-11-05,Infosys,2078.84,2099.47,2064.86,2071.23,4222239
2018-11-05,TCS,4373.71,4421.02,4346.02,4385.47,2469335
2018-11-05,Wipro,643.57,650.17,636.14,644.2,4048084
2018-11-06,HCLTech,2988.81,3003.28,2962.98,2987.8,2912505
2018-11-06,Infosys,2087.63,2100.91,2058.21,2074.78,4075686
2018-11-06,TCS,4354.54,4394.07,4328.78,4350.98,2199945
2018-11-06,Wipro,634.68,638.12,628.15,630.22,4422826
2018-11-07,HCLTech,3013.79,3020.8,3010.49,3017.44,2898615
2018-11-07,Infosys,2082.02,2112.09,2059.54,2092.45,3181562
2018-11-07,TCS,4287.8,4323.83,4253.93,4284.31,1494194
2018-11-07,Wipro,617.5,623.99,616.16,617.35,3773144
2018-11-08,HCLTech,3049.84,3056.42,3022.1,3038.21,3590127
2018-11-08,Infosys,2125.72,2142.13,2108.76,2112.35,2673397
2018-11-08,TCS,4300.3,4320.31,4243.09,4293.73,1909290
2018-11-08,Wipro,618.34,628.16,615.81,620.78,4713012
2018-11-09,HCLTech,2994.5,3008.77,2978.52,3001.0,2357077
2018-11-09,Infosys,2133.68,2145.58,2094.92,2116.88,3849443
2018-11-09,TCS,4340.15,4383.94,4325.51,4335.55,3737368
2018-11-09,Wipro,642.11,647.94,637.6,645.02,3871244
2018-11-12,HCLTech,3094.53,3101.15,3081.69,3088.84,2781264
2018-11-12,Infosys,2143.99,2165.49,2122.52,2147.29,2633294
2018-11-12,TCS,4400.38,4451.23,4359.34,4412.09,2006611
2018-11-12,Wipro,635.6,640.22,628.9,635.73,4225001
2018-11-13,HCLTech,3080.09,3106.47,3062.2,3099.87,2934919
2018-11-13,Infosys,2125.12,2155.74,2121.2,2140.06,2344749
2018-11-13,TCS,4419.7,4449.24,4399.03,4438.54,1724182
2018-11-13,Wipro,627.11,634.29,624.03,632.01,5838586
2018-11-14,HCLTech,3065.79,3101.24,3048.15,3055.12,2596243
2018-11-14,Infosys,2093.49,2119.63,2088.1,2105.69,3535379
2018-11-14,TCS,4441.82,4455.8,4419.5,4429.63,1634681
2018-11-14,Wipro,630.16,639.99,627.13,633.77,4418463
2018-11-15,HCLTech,2996.03,3029.02,2965.51,3004.26,2492230
2018-11-15,Infosys,2116.1,2137.45,2105.84,2120.21,4083068
2018-11-15,TCS,4402.66,4437.92,4375.26,4400.08,2850706
2018-11-15,Wipro,635.0,639.08,625.9,628.9,3443254
2018-11-16,HCLTech,3023.74,3067.75,3008.68,3037.29,1720748
2018-11-16,Infosys,2143.93,2148.1,2121.07,2125.87,2950969
2018-11-16,TCS,4422.47,4440.97,4375.48,4406.49,2369547
2018-11-16,Wipro,605.74,616.91,599.53,609.7,3633510
2018-11-19,HCLTech,3054.9,3094.08,3045.69,3071.99,2643728
2018-11-19,Infosys,2141.22,2164.8,2121.07,2141.07,3469652
2018-11-19,TCS,4399.99,4410.79,4385.62,4400.61,2650199
2018-11-19,Wipro,615.95,625.73,612.16,619.07,4763173
2018-11-20,HCLTech,3038.43,3080.5,3015.28,3056.62,2928853
2018-11-20,Infosys,2105.82,2121.18,2092.04,2111.28,2944726
2018-11-20,TCS,4347.26,4378.36,4323.54,4366.55,2101779
2018-11-20,Wipro,622.8,625.29,618.77,621.66,4927519
2018-11-21,HCLTech,3073.75,3113.95,3041.68,3081.01,2570108
2018-11-21,Infosys,2153.47,2167.17,2141.58,2159.67,3697102
2018-11-21,TCS,4467.49,4480.1,4418.32,4453.92,2570115
2018-11-21,Wipro,624.55,627.74,622.71,626.29,3970940
2018-11-22,HCLTech,3137.5,3149.68,3079.4,3114.54,2223441
2018-11-22,Infosys,2168.65,2201.43,2149.19,2180.73,3983483
2018-11-22,TCS,4527.01,4560.64,4493.78,4532.29,1687896
2018-11-22,Wipro,625.56,630.45,623.72,625.21,2947266
2018-11-23,HCLTech,3115.45,3152.28,3081.68,3125.28,1858311
2018-11-23,Infosys,2183.79,2191.53,2166.6,2175.78,3036112
2018-11-23,TCS,4590.15,4625.41,4544.15,4585.21,2066105
2018-11-23,Wipro,646.52,649.42,635.48,643.01,3307668
2018-11-26,HCLTech,3065.99,3133.12,3033.18,3099.36,2846593
2018-11-26,Infosys,2153.22,2179.81,2130.43,2154.06,2605514
2018-11-26,TCS,4544.41,4567.08,4498.06,4553.69,2118181
2018-11-26,Wipro,631.55,640.15,627.54,637.73,4147241
2018-11-27,HCLTech,3151.69,3187.31,3130.86,3146.05,2617284
2018-11-27,Infosys,2204.04,2216.44,2166.79,2184.69,2391078
2018-11-27,TCS,4619.13,4659.96,4569.99,4595.27,2636985
2018-11-27,Wipro,629.0,633.4,624.89,626.02,4492323
2018-11-28,HCLTech,3170.59,3206.7,3149.79,3187.94,3433230
2018-11-28,Infosys,2164.29,2173.51,2148.2,2158.58,3850829
2018-11-28,TCS,4615.51,4647.21,4589.42,4628.28,2131691
2018-11-28,Wipro,643.23,650.06,636.17,645.6,4890275
2018-11-29,HCLTech,3231.09,3264.78,3201.86,3218.22,1945719
2018-11-29,Infosys,2228.39,2232.14,2205.23,2220.64,2549347
2018-11-29,TCS,4648.34,4673.88,4618.29,4653.28,1764813
2018-11-29,Wipro,619.96,625.37,612.83,621.08,2664072
2018-11-30,HCLTech,3179.11,3206.52,3143.68,3185.68,2366589
2018-11-30,Infosys,2204.78,2210.25,2196.28,2207.02,3447177
2018-11-30,TCS,4714.14,4730.45,4678.48,4712.55,2025794
2018-11-30,Wipro,627.44,630.1,617.65,619.89,4761621
2018-12-03,HCLTech,3127.4,3143.62,3121.08,3131.6,1996209
2018-12-03,Infosys,2245.49,2260.42,2218.91,2255.8,3738304
2018-12-03,TCS,4729.98,4792.02,4719.61,4746.28,1430271
2018-12-03,Wipro,614.13,621.26,611.38,619.58,5321184
2018-12-04,HCLTech,3158.2,3170.08,3117.44,3139.72,3191768
2018-12-04,Infosys,2245.3,2255.93,2232.3,2253.56,2894725
2018-12-04,TCS,4789.76,4845.12,4763.54,4784.78,1257283
2018-12-04,Wipro,621.15,623.03,611.69,618.85,2478324
2018-12-05,HCLTech,3195.35,3214.43,3173.86,3185.7,3331153
2018-12-05,Infosys,2286.33,2310.09,2261.49,2299.52,3095373
2018-12-05,TCS,4843.66,4874.75,4805.2,4819.13,2361779
2018-12-05,Wipro,606.63,612.04,601.62,602.33,3995754
2018-12-06,HCLTech,3217.66,3249.79,3184.35,3237.37,3819151
2018-12-06,Infosys,2290.87,2300.98,2255.29,2282.13,3907741
2018-12-06,TCS,4833.36,4847.91,4808.01,4840.83,1855582
2018-12-06,Wipro,587.6,593.76,584.92,590.13,4654570
2018-12-07,HCLTech,3251.4,3273.31,3236.02,3268.96,2885783
2018-12-07,Infosys,2281.76,2298.55,2266.03,2285.45,2722395
2018-12-07,TCS,4776.5,4794.97,4714.71,4770.56,1898119
2018-12-07,Wipro,598.4,604.63,594.98,600.93,3016235
2018-12-10,HCLTech,3225.09,3260.43,3191.22,3253.4,3044587
2018-12-10,Infosys,2319.74,2328.0,2289.61,2310.47,2667678
2018-12-10,TCS,4739.77,4794.09,4704.65,4781.0,2361593
2018-12-10,Wipro,615.21,623.89,609.39,616.64,3619776
2018-12-11,HCLTech,3263.28,3297.02,3185.8,3221.91,2836946
2018-12-11,Infosys,2333.11,2337.06,2314.77,2331.78,3053451
2018-12-11,TCS,4763.37,4812.88,4736.11,4763.96,2644677
2018-12-11,Wipro,609.92,619.37,606.84,612.57,4474237
2018-12-12,HCLTech,3212.5,3260.65,3203.21,3226.11,2915766
2018-12-12,Infosys,2362.81,2369.93,2358.06,2365.72,4131883
2018-12-12,TCS,4711.53,4725.29,4677.48,4716.17,2225640
2018-12-12,Wipro,603.18,604.22,600.08,602.93,3602935
2018-12-13,HCLTech,3249.32,3283.78,3200.71,3230.75,2625645
2018-12-13,Infosys,2343.3,2361.91,2316.4,2354.84,4416276
2018-12-13,TCS,4782.66,4850.78,4742.68,4795.0,2941035
2018-12-13,Wipro,587.68,593.43,579.12,584.39,3719422
2018-12-14,HCLTech,3277.73,3309.59,3261.83,3286.29,2942551
2018-12-14,Infosys,2363.16,2373.75,2345.95,2360.16,3137399
2018-12-14,TCS,4893.88,4930.45,4849.02,4877.23,2211530
2018-12-14,Wipro,593.54,597.11,587.4,594.9,4180604
2018-12-17,HCLTech,3252.08,3306.24,3234.41,3269.34,3988878
2018-12-17,Infosys,2396.57,2405.07,2370.6,2398.77,2775210
2018-12-17,TCS,4939.32,4977.5,4910.06,4944.4,2124613
2018-12-17,Wipro,609.8,615.25,605.01,606.24,3165574
2018-12-18,HCLTech,3256.61,3277.74,3243.18,3256.26,2716236
2018-12-18,Infosys,2390.56,2402.55,2361.96,2381.52,3958929
2018-12-18,TCS,4960.17,5014.16,4916.94,4962.94,2098504
2018-12-18,Wipro,581.96,583.65,575.37,576.85,3231400
2018-12-19,HCLTech,3351.13,3376.93,3325.04,3356.5,2612513
2018-12-19,Infosys,2393.73,2427.69,2388.57,2400.93,2291694
2018-12-19,TCS,5024.94,5037.47,5016.55,5030.91,1546583
2018-12-19,Wipro,554.22,555.66,548.15,552.72,4392830
2018-12-20,HCLTech,3449.03,3470.47,3419.1,3435.5,2705066
2018-12-20,Infosys,2403.83,2413.15,2384.22,2397.62,3362460
2018-12-20,TCS,5008.42,5086.86,4973.65,5038.75,2421402
2018-12-20,Wipro,556.42,562.72,552.11,554.58,4835974
2018-12-21,HCLTech,3412.15,3425.1,3367.48,3398.56,2523616
2018-12-21,Infosys,2423.19,2430.11,2398.96,2406.55,3172018
2018-12-21,TCS,5037.28,5066.81,5001.92,5055.28,1226364
2018-12-21,Wipro,555.66,561.73,551.02,557.74,4331866
2018-12-24,HCLTech,3464.52,3501.47,3431.39,3474.55,2731349
2018-12-24,Infosys,2414.77,2434.84,2405.09,2412.01,4145056
2018-12-24,TCS,5028.23,5079.76,4966.29,5013.03,1778724
2018-12-24,Wipro,544.4,556.15,542.81,553.47,5251645
2018-12-25,HCLTech,3401.62,3446.05,3383.44,3425.71,2506561
2018-12-25,Infosys,2400.19,2415.55,2371.08,2392.29,4229799
2018-12-25,TCS,5004.9,5072.64,4945.8,5038.27,2009193
2018-12-25,Wipro,555.69,561.69,548.19,553.64,4350235
2018-12-26,HCLTech,3390.29,3450.21,3386.72,3410.24,3268424
2018-12-26,Infosys,2393.54,2397.18,2384.62,2387.8,2650226
2018-12-26,TCS,5036.16,5056.77,4987.04,5048.33,1707780
2018-12-26,Wipro,554.45,556.77,549.17,551.68,5787502
2018-12-27,HCLTech,3362.43,3410.08,3356.62,3400.25,3203754
2018-12-27,Infosys,2414.11,2437.45,2367.1,2394.95,3309133
2018-12-27,TCS,4990.44,5047.52,4957.79,4996.73,1827220
2018-12-27,Wipro,553.28,554.22,549.85,552.44,4052979
2018-12-28,HCLTech,3397.25,3408.09,3383.62,3401.82,4009627
2018-12-28,Infosys,2398.73,2420.0,2380.74,2394.98,2854880
2018-12-28,TCS,5029.21,5035.75,4987.34,5001.67,2889323
2018-12-28,Wipro,547.17,550.09,542.42,544.04,4207351
2018-12-31,HCLTech,3436.59,3453.5,3397.09,3436.78,2587787
2018-12-31,Infosys,2450.86,2479.66,2428.05,2443.66,3017670
2018-12-31,TCS,5017.46,5030.11,4967.93,5005.32,2494159
2018-12-31,Wipro,542.53,549.19,540.73,544.41,4335924
2019-01-01,HCLTech,3427.99,3458.86,3409.71,3447.24,2754508
2019-01-01,Infosys,2476.17,2504.58,2465.54,2476.55,3620558
2019-01-01,TCS,5085.39,5144.13,5033.64,5094.33,1743651
2019-01-01,Wipro,540.08,544.56,534.24,538.32,3527846
2019-01-02,HCLTech,3460.92,3523.9,3429.13,3482.42,2731650
2019-01-02,Infosys,2480.2,2506.76,2475.38,2488.28,2992688
2019-01-02,TCS,5164.1,5195.67,5085.03,5142.92,1820723
2019-01-02,Wipro,536.46,539.79,527.57,531.51,3424928
2019-01-03,HCLTech,3467.96,3493.01,3428.78,3468.23,2705887
2019-01-03,Infosys,2456.17,2489.76,2437.82,2468.67,3326550
2019-01-03,TCS,5138.89,5205.98,5087.09,5150.89,1549211
2019-01-03,Wipro,516.56,519.98,509.22,514.4,3341024
2019-01-04,HCLTech,3481.04,3509.14,3464.47,3491.83,3259292
2019-01-04,Infosys,2460.47,2474.02,2435.69,2447.41,3875230
2019-01-04,TCS,5186.35,5227.78,5153.97,5169.89,2302846
2019-01-04,Wipro,517.6,521.13,509.17,513.24,3579231
2019-01-07,HCLTech,3497.43,3529.34,3472.34,3501.09,1878577
2019-01-07,Infosys,2498.58,2536.22,2478.93,2509.19,4332666
2019-01-07,TCS,5157.28,5220.1,5111.7,5179.4,1902556
2019-01-07,Wipro,525.62,528.31,518.2,521.17,6052340
2019-01-08,HCLTech,3432.8,3459.56,3397.18,3438.98,2850952
2019-01-08,Infosys,2489.82,2507.45,2464.38,2482.03,3390192
2019-01-08,TCS,5194.92,5216.82,5122.09,5177.39,1349661
2019-01-08,Wipro,514.61,519.58,509.55,518.59,5758000
2019-01-09,HCLTech,3471.86,3483.31,3440.72,3467.63,3875463
2019-01-09,Infosys,2492.85,2504.27,2480.07,2488.5,3276264
2019-01-09,TCS,5128.0,5147.25,5084.46,5134.56,2040722
2019-01-09,Wipro,518.1,519.51,515.15,515.75,3746075
2019-01-10,HCLTech,3468.01,3496.2,3460.26,3477.63,3414737
2019-01-10,Infosys,2512.05,2514.82,2487.17,2502.38,2564318
2019-01-10,TCS,5118.33,5194.37,5074.6,5134.94,2183530
2019-01-10,Wipro,525.91,532.75,521.33,528.01,3677333
2019-01-11,HCLTech,3440.06,3462.62,3407.5,3448.31,3337509
2019-01-11,Infosys,2490.73,2514.72,2479.8,2496.12,4394309
2019-01-11,TCS,5104.38,5118.87,5071.19,5107.87,2424863
2019-01-11,Wipro,534.57,543.65,530.84,538.32,2603674
2019-01-14,HCLTech,3401.59,3460.61,3364.36,3433.1,3076903
2019-01-14,Infosys,2461.12,2486.05,2452.17,2469.31,3533507
2019-01-14,TCS,5062.35,5096.87,5017.43,5057.92,1970872
2019-01-14,Wipro,554.88,558.85,552.97,555.88,3278684
2019-01-15,HCLTech,3418.27,3453.24,3385.94,3419.11,2307939
2019-01-15,Infosys,2453.05,2477.41,2425.96,2449.15,3288382
2019-01-15,TCS,5080.56,5108.83,5059.03,5088.48,1856351
2019-01-15,Wipro,585.87,588.58,574.79,579.43,3402216
2019-01-16,HCLTech,3414.07,3427.35,3380.93,3412.59,2237911
2019-01-16,Infosys,2433.12,2443.56,2430.37,2436.11,3254897
2019-01-16,TCS,5122.61,5142.62,5103.57,5113.68,2975464
2019-01-16,Wipro,578.57,585.02,571.71,580.56,3663274
2019-01-17,HCLTech,3499.92,3530.41,3467.33,3502.97,2241410
2019-01-17,Infosys,2405.92,2442.5,2396.4,2418.39,3439346
2019-01-17,TCS,5029.99,5077.23,4979.16,5039.23,2002636
2019-01-17,Wipro,562.81,569.78,560.1,569.08,3569258
2019-01-18,HCLTech,3646.44,3678.51,3584.49,3612.44,2070562
2019-01-18,Infosys,2480.32,2483.21,2443.37,2460.21,3734107
2019-01-18,TCS,5050.64,5100.02,4983.44,5040.77,2309565
2019-01-18,Wipro,559.14,568.35,554.65,564.25,4175550
2019-01-21,HCLTech,3485.19,3502.86,3469.44,3482.41,3141917
2019-01-21,Infosys,2454.73,2481.28,2439.42,2462.9,3827687
2019-01-21,TCS,5100.4,5149.11,5040.2,5093.3,1795420
2019-01-21,Wipro,572.31,575.84,567.26,570.59,4670584
2019-01-22,HCLTech,3508.87,3533.9,3470.2,3511.56,3487496
2019-01-22,Infosys,2440.21,2463.56,2412.53,2450.41,4416339
2019-01-22,TCS,5148.31,5203.66,5124.25,5149.3,2295909
2019-01-22,Wipro,583.28,589.51,580.18,586.07,3458154
2019-01-23,HCLTech,3572.87,3590.55,3555.53,3564.15,2836006
2019-01-23,Infosys,2454.0,2467.91,2428.77,2456.49,3359151
2019-01-23,TCS,5197.08,5226.29,5186.54,5204.31,1494843
2019-01-23,Wipro,568.24,576.18,565.75,575.6,5331750
2019-01-24,HCLTech,3595.71,3614.06,3522.74,3558.68,3054049
2019-01-24,Infosys,2492.29,2506.66,2456.23,2479.21,4544833
2019-01-24,TCS,5215.87,5247.8,5192.1,5213.38,1823456
2019-01-24,Wipro,573.63,585.31,571.61,578.73,4286316
2019-01-25,HCLTech,3615.05,3636.41,3592.69,3610.58,2757171
2019-01-25,Infosys,2449.51,2480.46,2433.21,2471.9,3953872
2019-01-25,TCS,5190.03,5195.76,5127.83,5181.05,1570654
2019-01-25,Wipro,571.61,573.27,568.96,571.01,4777657
2019-01-28,HCLTech,3660.53,3716.36,3629.74,3700.63,2913232
2019-01-28,Infosys,2514.07,2521.66,2487.45,2501.75,3161746
2019-01-28,TCS,5171.31,5218.97,5095.63,5137.84,1772077
2019-01-28,Wipro,572.78,574.07,564.55,569.98,3663375
2019-01-29,HCLTech,3643.29,3666.5,3599.75,3635.59,1702506
2019-01-29,Infosys,2457.34,2491.08,2453.9,2466.77,2292575
2019-01-29,TCS,5176.17,5198.56,5100.83,5160.87,2568292
2019-01-29,Wipro,567.19,571.77,564.61,568.79,4461952
2019-01-30,HCLTech,3632.06,3681.58,3596.52,3647.74,2768890
2019-01-30,Infosys,2507.39,2516.18,2479.46,2504.6,3255231
2019-01-30,TCS,5201.56,5238.89,5160.86,5185.6,1769473
2019-01-30,Wipro,575.52,581.02,569.26,573.17,4379771
2019-01-31,HCLTech,3719.33,3774.57,3709.01,3754.53,2387874
2019-01-31,Infosys,2500.13,2530.07,2485.79,2507.24,4370364
2019-01-31,TCS,5304.52,5319.7,5216.04,5253.16,2308962
2019-01-31,Wipro,598.45,604.08,593.02,595.01,5364544
2019-02-01,HCLTech,3726.26,3768.74,3666.86,3695.39,2579200
2019-02-01,Infosys,2529.76,2552.09,2497.32,2508.68,2740384
2019-02-01,TCS,5321.25,5374.53,5261.12,5312.6,2709055
2019-02-01,Wipro,597.64,604.58,595.65,600.6,4557767
2019-02-04,HCLTech,3721.69,3734.33,3682.35,3694.77,2720088
2019-02-04,Infosys,2492.06,2495.47,2471.65,2490.76,3253213
2019-02-04,TCS,5321.55,5374.71,5294.44,5313.43,1988999
2019-02-04,Wipro,595.99,600.64,591.54,596.45,4744737
2019-02-05,HCLTech,3660.66,3698.79,3652.48,3676.93,2253289
2019-02-05,Infosys,2449.83,2483.39,2427.05,2457.12,3307506
2019-02-05,TCS,5272.98,5329.15,5200.24,5261.3,2439762
2019-02-05,Wipro,588.33,594.11,583.97,590.56,3598410
2019-02-06,HCLTech,3720.4,3765.29,3695.67,3736.82,2096751
2019-02-06,Infosys,2408.15,2434.54,2391.88,2411.19,3863510
2019-02-06,TCS,5236.52,5261.1,5197.16,5253.19,2224126
2019-02-06,Wipro,591.0,591.75,585.13,588.99,5080852
2019-02-07,HCLTech,3808.06,3834.63,3759.94,3805.07,2239653
2019-02-07,Infosys,2392.81,2416.15,2385.58,2391.91,2961181
2019-02-07,TCS,5263.08,5333.25,5257.36,5270.44,2047121
2019-02-07,Wipro,578.04,582.62,573.05,580.27,3098950
2019-02-08,HCLTech,3802.6,3862.73,3757.74,3819.13,1946133
2019-02-08,Infosys,2413.32,2437.22,2384.66,2411.52,2689281
2019-02-08,TCS,5259.39,5287.41,5252.68,5267.78,2323815
2019-02-08,Wipro,577.74,585.25,573.12,582.18,3566862
2019-02-11,HCLTech,3823.7,3843.71,3795.76,3826.23,2063637
2019-02-11,Infosys,2390.91,2408.62,2381.15,2386.5,3586408
2019-02-11,TCS,5258.02,5281.18,5191.14,5247.31,2889648
2019-02-11,Wipro,558.06,562.02,556.09,557.87,4231491
2019-02-12,HCLTech,3727.42,3759.74,3692.03,3740.47,2121096
2019-02-12,Infosys,2345.13,2373.11,2317.77,2345.14,2757910
2019-02-12,TCS,5263.21,5285.81,5220.59,5266.1,1760668
2019-02-12,Wipro,560.07,564.69,555.27,556.17,3176414
2019-02-13,HCLTech,3813.55,3849.9,3799.26,3821.04,1951297
2019-02-13,Infosys,2308.83,2329.13,2295.29,2322.23,2216766
2019-02-13,TCS,5251.32,5272.02,5199.72,5249.03,1650877
2019-02-13,Wipro,557.05,563.66,553.06,555.26,3325627
2019-02-14,HCLTech,3781.33,3836.23,3768.22,3807.44,2890029
2019-02-14,Infosys,2310.72,2318.18,2284.35,2314.03,4623838
2019-02-14,TCS,5244.06,5281.19,5175.83,5226.13,1631605
2019-02-14,Wipro,547.64,551.24,541.05,544.18,3325960
2019-02-15,HCLTech,3820.53,3857.44,3771.7,3805.08,2171486
2019-02-15,Infosys,2312.81,2333.04,2281.41,2306.92,3851863
2019-02-15,TCS,5261.76,5280.9,5217.95,5247.47,2440084
2019-02-15,Wipro,543.98,548.54,539.06,540.84,4314697
2019-02-18,HCLTech,3885.3,3923.14,3825.19,3862.45,1791183
2019-02-18,Infosys,2299.33,2315.57,2286.75,2305.81,4663789
2019-02-18,TCS,5232.46,5263.03,5181.26,5235.12,2506834
2019-02-18,Wipro,552.39,558.78,548.76,552.24,3874837
2019-02-19,HCLTech,3876.49,3882.74,3840.98,3878.39,2399501
2019-02-19,Infosys,2343.63,2361.65,2314.11,2337.01,3811235
2019-02-19,TCS,5242.14,5296.35,5182.83,5253.21,1796319
2019-02-19,Wipro,562.5,566.91,561.71,564.62,4850301
2019-02-20,HCLTech,3937.87,3975.62,3929.41,3938.57,2081038
2019-02-20,Infosys,2375.11,2387.71,2370.07,2374.79,3666449
2019-02-20,TCS,5291.59,5345.54,5257.44,5272.7,1304662
2019-02-20,Wipro,556.56,562.97,553.08,559.61,5826476
2019-02-21,HCLTech,3989.56,4025.06,3957.72,3977.28,3481029
2019-02-21,Infosys,2432.92,2446.52,2428.27,2435.15,3445461
2019-02-21,TCS,5238.1,5283.25,5176.2,5225.34,1747516
2019-02-21,Wipro,559.68,570.35,556.95,565.3,4222307
2019-02-22,HCLTech,3993.97,4023.69,3987.99,3993.93,2670042
2019-02-22,Infosys,2402.59,2428.6,2378.82,2390.57,3083129
2019-02-22,TCS,5182.84,5248.39,5160.11,5209.13,2231598
2019-02-22,Wipro,554.77,558.77,544.26,550.62,3611050
2019-02-25,HCLTech,4050.78,4068.95,3977.84,4016.59,1937532
2019-02-25,Infosys,2351.31,2374.61,2333.19,2368.54,3545120
2019-02-25,TCS,5278.17,5297.25,5254.22,5283.38,1973488
2019-02-25,Wipro,546.92,553.99,541.1,548.06,4305791
2019-02-26,HCLTech,3933.65,4002.57,3916.23,3959.11,2913196
2019-02-26,Infosys,2384.1,2398.23,2381.47,2390.87,2864816
2019-02-26,TCS,5237.43,5289.68,5205.7,5234.7,2073455
2019-02-26,Wipro,544.82,554.68,538.57,550.7,3343952
2019-02-27,HCLTech,3972.69,4008.92,3933.31,3955.96,2644564
2019-02-27,Infosys,2392.59,2412.56,2364.37,2380.24,2583913
2019-02-27,TCS,5154.68,5161.95,5088.05,5142.05,1801245
2019-02-27,Wipro,570.83,577.19,561.74,566.41,3949391
2019-02-28,HCLTech,4019.36,4037.01,3989.75,4021.61,2478837
2019-02-28,Infosys,2425.89,2449.2,2379.07,2407.32,2994285
2019-02-28,TCS,5077.11,5096.94,5056.29,5062.58,2449698
2019-02-28,Wipro,579.41,580.94,572.3,579.07,6545283
2019-03-01,HCLTech,3954.59,3993.71,3950.61,3976.38,3562402
2019-03-01,Infosys,2438.95,2463.72,2390.42,2415.65,4143120
2019-03-01,TCS,5074.37,5082.63,5040.57,5069.83,2142097
2019-03-01,Wipro,585.17,590.92,579.82,581.61,3840778
2019-03-04,HCLTech,3985.36,4020.49,3922.42,3941.72,2139147
2019-03-04,Infosys,2464.75,2473.48,2455.46,2464.23,2500947
2019-03-04,TCS,5086.5,5128.93,5034.07,5077.13,2248897
2019-03-04,Wipro,571.55,574.41,567.63,572.49,4249598
2019-03-05,HCLTech,3944.17,3987.92,3863.25,3898.34,3198048
2019-03-05,Infosys,2502.43,2529.21,2480.61,2497.62,2508907
2019-03-05,TCS,5078.61,5104.26,5066.34,5077.58,2064649
2019-03-05,Wipro,584.09,587.92,578.73,587.02,3872844
2019-03-06,HCLTech,3907.57,3936.57,3891.36,3911.55,2395536
2019-03-06,Infosys,2540.7,2560.28,2524.69,2531.99,3601724
2019-03-06,TCS,5128.31,5181.21,5078.49,5139.21,2221140
2019-03-06,Wipro,585.42,586.72,580.09,583.77,3685395
2019-03-07,HCLTech,4002.71,4045.43,3964.94,3994.0,2590472
2019-03-07,Infosys,2535.38,2560.88,2512.02,2521.84,2945077
2019-03-07,TCS,5018.57,5046.9,4961.55,5022.7,2192103
2019-03-07,Wipro,590.81,595.17,586.87,588.84,4403830
2019-03-08,HCLTech,4020.31,4050.57,3973.07,4029.6,2237918
2019-03-08,Infosys,2524.51,2528.94,2493.07,2521.19,3526302
2019-03-08,TCS,5046.55,5076.89,5036.15,5046.24,1661186
2019-03-08,Wipro,586.84,590.35,582.04,587.88,3102203
2019-03-11,HCLTech,3907.39,3934.26,3898.4,3913.34,2266635
2019-03-11,Infosys,2524.04,2536.47,2484.13,2514.24,3900568
2019-03-11,TCS,5122.74,5154.23,5109.0,5123.3,2154933
2019-03-11,Wipro,614.74,616.33,602.56,609.68,3869235
2019-03-12,HCLTech,3931.85,3987.52,3916.32,3953.73,2382864
2019-03-12,Infosys,2476.19,2492.96,2462.34,2471.41,3509442
2019-03-12,TCS,5047.02,5084.71,4987.89,5077.08,2343039
2019-03-12,Wipro,606.95,611.76,599.27,603.35,3048973
2019-03-13,HCLTech,3909.36,3940.08,3876.04,3933.96,1777767
2019-03-13,Infosys,2523.18,2541.72,2509.26,2517.65,2819900
2019-03-13,TCS,5058.87,5094.25,5042.8,5065.21,2519789
2019-03-13,Wipro,615.89,619.81,611.41,613.7,5447676
2019-03-14,HCLTech,4002.74,4012.86,3936.66,3966.73,2786653
2019-03-14,Infosys,2532.68,2547.78,2519.45,2542.47,4136034
2019-03-14,TCS,5037.25,5077.81,5026.95,5036.36,2173564
2019-03-14,Wipro,608.79,616.24,607.91,613.06,4873126
2019-03-15,HCLTech,3962.25,3998.72,3915.66,3963.0,2660436
2019-03-15,Infosys,2530.62,2551.67,2515.68,2534.12,3712016
2019-03-15,TCS,4996.81,5036.28,4939.48,5001.24,1648881
2019-03-15,Wipro,614.82,623.96,613.5,619.69,3430342
2019-03-18,HCLTech,3920.98,3935.34,3914.6,3920.01,1927010
2019-03-18,Infosys,2570.62,2597.7,2565.52,2576.27,3217215
2019-03-18,TCS,4987.88,5000.89,4933.92,4991.76,1700434
2019-03-18,Wipro,643.17,649.91,632.24,638.33,2759716
2019-03-19,HCLTech,3904.96,3931.97,3863.35,3920.5,2966853
2019-03-19,Infosys,2546.22,2571.7,2539.54,2558.97,3186216
2019-03-19,TCS,5069.29,5111.61,5019.93,5061.5,1833299
2019-03-19,Wipro,607.57,621.53,603.72,616.01,4412176
2019-03-20,HCLTech,3904.32,3912.05,3875.83,3900.69,3479623
2019-03-20,Infosys,2487.86,2521.48,2473.74,2505.18,3448534
2019-03-20,TCS,5133.64,5173.77,5097.36,5151.11,2077239
2019-03-20,Wipro,615.21,619.54,613.19,615.57,3965178
2019-03-21,HCLTech,3893.05,3935.46,3879.44,3921.84,2276428
2019-03-21,Infosys,2533.16,2548.38,2524.07,2537.67,3006432
2019-03-21,TCS,5114.41,5146.66,5057.58,5140.7,1951698
2019-03-21,Wipro,606.57,612.67,599.67,606.01,6265437
2019-03-22,HCLTech,3863.04,3892.27,3837.78,3877.71,2222332
2019-03-22,Infosys,2498.23,2527.45,2472.52,2501.0,2309220
2019-03-22,TCS,5229.03,5248.96,5186.1,5234.77,1597437
2019-03-22,Wipro,609.28,617.57,605.75,611.16,5294355
2019-03-25,HCLTech,3798.83,3839.39,3777.81,3821.23,3248502
2019-03-25,Infosys,2498.17,2517.13,2473.93,2497.07,3717986
2019-03-25,TCS,5254.18,5288.19,5198.35,5241.55,1595525
2019-03-25,Wipro,618.94,622.26,612.9,619.08,4541803
2019-03-26,HCLTech,3889.25,3933.29,3853.2,3864.69,2818378
2019-03-26,Infosys,2511.01,2528.75,2487.87,2505.16,3674067
2019-03-26,TCS,5358.46,5382.11,5275.26,5330.05,1314482
2019-03-26,Wipro,615.74,617.37,608.01,614.11,3598966
2019-03-27,HCLTech,3897.59,3961.06,3884.29,3929.27,2530271
2019-03-27,Infosys,2520.64,2549.35,2504.15,2518.65,2019677
2019-03-27,TCS,5343.77,5389.93,5286.99,5330.62,1071706
2019-03-27,Wipro,606.36,609.98,600.96,608.61,3796104
2019-03-28,HCLTech,3942.56,3999.61,3926.12,3965.4,3060027
2019-03-28,Infosys,2543.55,2567.46,2517.75,2546.29,3544106
2019-03-28,TCS,5317.25,5361.38,5282.47,5341.9,1947975
2019-03-28,Wipro,614.48,619.41,603.93,611.08,4249137
2019-03-29,HCLTech,3894.29,3943.24,3866.74,3933.56,2746516
2019-03-29,Infosys,2556.11,2576.41,2548.88,2565.95,4546908
2019-03-29,TCS,5360.51,5415.4,5332.17,5364.43,3180992
2019-03-29,Wipro,599.65,606.43,590.96,597.45,4294353
2019-04-01,HCLTech,3879.98,3909.09,3872.55,3896.93,3459802
2019-04-01,Infosys,2594.3,2615.21,2556.95,2584.76,2553903
2019-04-01,TCS,5529.6,5552.55,5489.03,5525.13,2864813
2019-04-01,Wipro,600.58,602.12,599.15,601.26,3472104
2019-04-02,HCLTech,3855.02,3905.77,3847.4,3863.71,2591302
2019-04-02,Infosys,2561.03,2591.79,2557.09,2562.13,3153435
2019-04-02,TCS,5575.71,5619.37,5535.0,5572.6,1644606
2019-04-02,Wipro,589.6,596.51,586.78,592.68,3044943
2019-04-03,HCLTech,3934.81,3966.2,3897.8,3916.0,2831497
2019-04-03,Infosys,2568.25,2576.17,2539.6,2572.93,3085625
2019-04-03,TCS,5551.53,5605.88,5514.56,5542.1,2060869
2019-04-03,Wipro,600.41,602.64,593.51,600.76,5882252
2019-04-04,HCLTech,3870.55,3913.15,3836.57,3874.77,3238543
2019-04-04,Infosys,2526.57,2548.5,2520.18,2528.55,4460376
2019-04-04,TCS,5579.34,5624.81,5546.26,5595.48,1492169
2019-04-04,Wipro,594.71,598.78,582.04,586.86,4027178
2019-04-05,HCLTech,3918.86,3946.12,3872.77,3926.75,1593520
2019-04-05,Infosys,2570.15,2585.1,2544.62,2578.07,4004185
2019-04-05,TCS,5583.18,5591.64,5527.22,5582.04,1538372
2019-04-05,Wipro,578.3,587.13,574.9,581.07,4354162
2019-04-08,HCLTech,3971.47,4000.65,3961.15,3965.63,3262067
2019-04-08,Infosys,2531.01,2561.97,2527.98,2536.66,2684427
2019-04-08,TCS,5569.51,5607.88,5531.09,5562.14,1574051
2019-04-08,Wipro,578.99,584.58,567.42,573.43,3369644
2019-04-09,HCLTech,4029.92,4065.02,3982.79,4038.67,2350176
2019-04-09,Infosys,2521.74,2548.05,2496.61,2527.71,3426620
2019-04-09,TCS,5627.04,5694.28,5605.23,5612.42,1911804
2019-04-09,Wipro,564.24,577.18,559.71,570.52,5256859
2019-04-10,HCLTech,4151.7,4165.23,4067.89,4102.96,2873414
2019-04-10,Infosys,2486.53,2517.68,2468.06,2489.53,5071746
2019-04-10,TCS,5604.29,5684.04,5581.24,5618.53,1928331
2019-04-10,Wipro,581.81,588.68,578.86,584.98,4924931
2019-04-11,HCLTech,4125.98,4179.62,4080.96,4137.95,3626749
2019-04-11,Infosys,2476.09,2496.8,2466.29,2469.28,2824155
2019-04-11,TCS,5630.98,5656.45,5611.0,5637.11,2103678
2019-04-11,Wipro,592.07,599.03,589.71,594.1,4048674
2019-04-12,HCLTech,4065.53,4084.52,4029.3,4057.3,2445700
2019-04-12,Infosys,2475.33,2478.28,2447.59,2471.11,3192869
2019-04-12,TCS,5594.36,5694.76,5539.93,5642.21,2283685
2019-04-12,Wipro,592.66,599.11,583.02,589.13,4171672
2019-04-15,HCLTech,4112.26,4137.5,4070.69,4095.64,2373600
2019-04-15,Infosys,2472.88,2489.23,2451.66,2456.86,3546113
2019-04-15,TCS,5652.59,5690.82,5619.0,5663.66,1869686
2019-04-15,Wipro,584.38,589.45,578.15,584.18,4234609
2019-04-16,HCLTech,4093.31,4115.87,4053.87,4105.76,2571688
2019-04-16,Infosys,2504.92,2532.32,2474.91,2492.2,2832443
2019-04-16,TCS,5680.24,5705.35,5657.05,5689.63,2014533
2019-04-16,Wipro,598.6,605.55,587.09,593.68,4079323
2019-04-17,HCLTech,4091.09,4123.91,4058.91,4087.78,1944594
2019-04-17,Infosys,2520.97,2529.93,2488.71,2500.34,4553023
2019-04-17,TCS,5577.48,5642.01,5522.17,5595.43,1607025
2019-04-17,Wipro,580.26,583.63,574.68,581.48,4472177
2019-04-18,HCLTech,4159.69,4210.37,4114.47,4169.91,4036331
2019-04-18,Infosys,2493.64,2498.4,2464.52,2487.79,2911350
2019-04-18,TCS,5636.1,5672.79,5626.34,5633.16,1528440
2019-04-18,Wipro,581.62,583.26,579.85,581.81,4312904
2019-04-19,HCLTech,4170.04,4193.04,4119.37,4164.45,2577985
2019-04-19,Infosys,2490.74,2512.95,2459.25,2485.06,2423817
2019-04-19,TCS,5586.56,5626.27,5570.26,5587.54,1481940
2019-04-19,Wipro,574.4,577.12,571.38,575.6,3861724
2019-04-22,HCLTech,4139.02,4187.69,4108.7,4136.97,3613329
2019-04-22,Infosys,2517.78,2539.41,2502.41,2522.94,2881048
2019-04-22,TCS,5480.16,5575.05,5424.83,5519.3,2277314
2019-04-22,Wipro,581.27,587.31,571.26,573.9,3166347
2019-04-23,HCLTech,4202.97,4221.98,4172.24,4205.86,2432379
2019-04-23,Infosys,2560.7,2564.6,2528.0,2551.83,3646452
2019-04-23,TCS,5523.89,5549.87,5481.19,5520.14,1869302
2019-04-23,Wipro,578.3,583.32,576.08,582.4,3979780
2019-04-24,HCLTech,4161.64,4229.65,4136.59,4185.27,2617743
2019-04-24,Infosys,2511.43,2528.64,2483.6,2518.36,2727856
2019-04-24,TCS,5511.84,5574.08,5459.43,5527.99,1375645
2019-04-24,Wipro,573.65,581.19,568.06,575.49,4647578
2019-04-25,HCLTech,4192.68,4230.13,4118.9,4154.56,3140444
2019-04-25,Infosys,2483.61,2510.48,2462.3,2499.0,3399371
2019-04-25,TCS,5505.57,5533.26,5440.98,5497.16,1974922
2019-04-25,Wipro,582.13,589.3,580.75,585.73,4575545
2019-04-26,HCLTech,4104.3,4150.27,4057.71,4092.52,2085624
2019-04-26,Infosys,2530.54,2551.66,2502.95,2514.37,3581067
2019-04-26,TCS,5519.61,5550.09,5456.9,5541.94,1557968
2019-04-26,Wipro,611.64,616.9,605.61,609.43,5200616
2019-04-29,HCLTech,4017.32,4085.75,3984.55,4048.71,2547217
2019-04-29,Infosys,2512.9,2541.75,2497.58,2526.12,2512715
2019-04-29,TCS,5479.31,5507.58,5469.49,5478.8,2787716
2019-04-29,Wipro,611.72,621.81,605.29,616.14,5311855
2019-04-30,HCLTech,4001.88,4035.97,3995.13,4010.13,3117002
2019-04-30,Infosys,2500.09,2515.99,2486.68,2495.49,2858824
2019-04-30,TCS,5457.2,5524.61,5403.77,5462.07,1781370
2019-04-30,Wipro,622.34,625.87,609.28,615.24,4602590
2019-05-01,HCLTech,4016.93,4070.4,3970.34,4047.94,2491549
2019-05-01,Infosys,2509.71,2543.88,2494.55,2519.01,3431319
2019-05-01,TCS,5441.8,5476.17,5388.79,5436.61,2292054
2019-05-01,Wipro,628.53,630.17,625.74,628.21,4152800
2019-05-02,HCLTech,4008.24,4048.82,3974.57,3993.3,2360554
2019-05-02,Infosys,2504.98,2515.16,2483.92,2493.16,3682652
2019-05-02,TCS,5439.6,5451.51,5419.64,5437.46,2486658
2019-05-02,Wipro,617.42,622.23,614.96,615.82,4284462
2019-05-03,HCLTech,3892.94,3933.24,3878.5,3893.35,3249681
2019-05-03,Infosys,2546.86,2568.25,2508.36,2533.39,2873106
2019-05-03,TCS,5449.81,5500.91,5388.51,5454.19,1652288
2019-05-03,Wipro,634.77,642.08,629.4,632.92,3565911
2019-05-06,HCLTech,3912.53,3941.79,3899.45,3912.45,3440905
2019-05-06,Infosys,2556.1,2568.99,2530.76,2550.42,3298623
2019-05-06,TCS,5381.79,5470.62,5352.48,5407.9,2030651
2019-05-06,Wipro,624.32,625.19,619.62,624.39,4693364
2019-05-07,HCLTech,3864.35,3914.18,3857.54,3880.33,3552096
2019-05-07,Infosys,2530.06,2544.24,2496.8,2516.85,3023344
2019-05-07,TCS,5420.89,5506.01,5362.54,5446.17,2234105
2019-05-07,Wipro,649.73,652.0,642.48,649.23,5212342
2019-05-08,HCLTech,3875.85,3905.5,3852.49,3881.85,2271665
2019-05-08,Infosys,2501.8,2519.6,2496.19,2501.72,3701435
2019-05-08,TCS,5442.07,5491.84,5400.4,5452.09,2046756
2019-05-08,Wipro,641.23,648.04,636.52,640.89,4926456
2019-05-09,HCLTech,3969.85,3983.35,3948.8,3954.57,2315552
2019-05-09,Infosys,2509.57,2531.28,2483.6,2486.13,3550305
2019-05-09,TCS,5362.6,5390.3,5326.17,5362.74,2149783
2019-05-09,Wipro,650.66,651.81,645.99,648.54,4470795
2019-05-10,HCLTech,3981.41,3987.58,3949.89,3960.87,2365987
2019-05-10,Infosys,2499.45,2527.93,2467.5,2491.62,2969680
2019-05-10,TCS,5261.53,5310.57,5247.04,5271.62,1532991
2019-05-10,Wipro,627.29,631.25,621.89,630.54,3812036
2019-05-13,HCLTech,4064.62,4097.91,4043.52,4047.8,3001810
2019-05-13,Infosys,2476.83,2496.06,2459.58,2486.22,3521332
2019-05-13,TCS,5283.94,5336.65,5215.23,5273.55,2234359
2019-05-13,Wipro,624.17,634.78,620.79,628.08,3725123
2019-05-14,HCLTech,4015.55,4080.04,4003.82,4046.21,2046542
2019-05-14,Infosys,2453.64,2458.89,2425.33,2452.92,2946538
2019-05-14,TCS,5260.87,5320.65,5223.4,5265.5,1814689
2019-05-14,Wipro,619.13,624.98,609.73,615.94,3874193
2019-05-15,HCLTech,4102.16,4140.06,4053.15,4105.9,2069783
2019-05-15,Infosys,2411.27,2426.61,2394.61,2412.82,3506516
2019-05-15,TCS,5246.98,5315.63,5241.39,5262.96,2144780
2019-05-15,Wipro,600.09,602.38,599.34,600.1,3456515
2019-05-16,HCLTech,4081.8,4111.13,4048.37,4076.73,2253858
2019-05-16,Infosys,2426.78,2446.37,2418.62,2429.34,3516301
2019-05-16,TCS,5259.31,5295.55,5252.99,5263.91,2404026
2019-05-16,Wipro,605.49,620.33,602.1,613.19,4225887
2019-05-17,HCLTech,4070.32,4104.48,4063.25,4085.01,2155164
2019-05-17,Infosys,2421.32,2446.78,2400.29,2438.23,5141578
2019-05-17,TCS,5280.58,5292.77,5226.41,5276.83,2286240
2019-05-17,Wipro,597.92,605.02,594.55,599.72,2286430
2019-05-20,HCLTech,4001.38,4048.81,3972.54,4034.04,3103043
2019-05-20,Infosys,2445.79,2472.2,2420.55,2441.82,2991869
2019-05-20,TCS,5329.63,5368.33,5309.38,5324.18,2144467
2019-05-20,Wipro,597.48,598.86,587.33,591.75,3591380
2019-05-21,HCLTech,3965.2,3997.15,3935.03,3990.28,3061502
2019-05-21,Infosys,2436.02,2474.22,2431.83,2450.24,3110853
2019-05-21,TCS,5304.57,5319.0,5233.27,5273.27,2274073
2019-05-21,Wipro,582.07,586.19,579.19,582.65,4054889
2019-05-22,HCLTech,4009.0,4019.54,3951.69,3979.65,2361212
2019-05-22,Infosys,2406.88,2448.18,2386.1,2432.54,2811461
2019-05-22,TCS,5208.93,5228.64,5164.7,5219.92,2295221
2019-05-22,Wipro,592.64,600.88,589.43,594.63,6597070
2019-05-23,HCLTech,3885.38,3939.05,3867.13,3908.13,2501118
2019-05-23,Infosys,2434.8,2452.83,2426.67,2438.32,2602795
2019-05-23,TCS,5169.5,5204.23,5148.44,5170.69,2697289
2019-05-23,Wipro,599.83,610.56,594.38,605.51,4003542
2019-05-24,HCLTech,3919.54,3956.57,3886.38,3918.62,1564497
2019-05-24,Infosys,2506.15,2517.76,2496.63,2514.12,2920803
2019-05-24,TCS,5192.94,5235.57,5148.31,5185.98,1986425
2019-05-24,Wipro,617.18,624.0,615.4,619.39,4033157
2019-05-27,HCLTech,3900.77,3946.64,3890.75,3903.76,2372693
2019-05-27,Infosys,2540.94,2567.77,2537.53,2550.16,3655273
2019-05-27,TCS,5245.79,5300.72,5226.68,5246.18,2066669
2019-05-27,Wipro,606.09,613.96,603.9,610.55,3385793
2019-05-28,HCLTech,3915.31,3925.8,3901.94,3918.26,3334431
2019-05-28,Infosys,2508.75,2560.86,2488.93,2541.66,3708557
2019-05-28,TCS,5219.31,5277.79,5159.76,5227.55,2409840
2019-05-28,Wipro,627.12,629.46,624.09,625.42,5641791
2019-05-29,HCLTech,3842.44,3886.77,3796.55,3848.47,2347022
2019-05-29,Infosys,2517.02,2553.33,2494.24,2526.03,3394942
2019-05-29,TCS,5087.86,5166.08,5034.63,5112.75,1813157
2019-05-29,Wipro,616.58,621.36,614.03,616.39,3399459
2019-05-30,HCLTech,3903.07,3932.62,3866.34,3888.01,2089676
2019-05-30,Infosys,2439.25,2456.93,2430.63,2441.03,3016200
2019-05-30,TCS,5028.35,5083.59,5007.38,5036.44,1531264
2019-05-30,Wipro,606.53,609.56,602.55,607.92,6006571
2019-05-31,HCLTech,3983.75,4000.93,3972.59,3983.05,3423818
2019-05-31,Infosys,2466.17,2479.5,2442.21,2472.75,2899318
2019-05-31,TCS,4983.37,5043.93,4949.39,5000.25,2207351
2019-05-31,Wipro,597.29,606.11,595.45,600.16,3449764
2019-06-03,HCLTech,4055.87,4104.88,4042.13,4068.33,2080514
2019-06-03,Infosys,2500.44,2507.9,2472.96,2496.38,2663882
2019-06-03,TCS,4949.57,4982.1,4917.37,4976.57,1919265
2019-06-03,Wipro,598.62,600.59,591.81,592.89,4828908
2019-06-04,HCLTech,4180.78,4230.46,4142.25,4179.73,3542113
2019-06-04,Infosys,2494.84,2501.72,2466.63,2480.29,2862723
2019-06-04,TCS,4947.18,4998.71,4889.99,4959.59,1570888
2019-06-04,Wipro,589.12,593.12,582.08,591.75,3954898
2019-06-05,HCLTech,4157.55,4205.3,4148.08,4183.66,4632487
2019-06-05,Infosys,2443.45,2471.12,2433.89,2438.15,2469770
2019-06-05,TCS,4946.2,4974.08,4919.82,4962.54,2210581
2019-06-05,Wipro,580.13,583.75,576.65,582.7,3574476
2019-06-06,HCLTech,4174.19,4207.17,4144.09,4164.47,2543741
2019-06-06,Infosys,2415.06,2438.55,2394.85,2404.67,4198479
2019-06-06,TCS,4958.91,4967.07,4914.23,4949.8,2662788
2019-06-06,Wipro,584.06,590.78,578.13,584.95,4894990
2019-06-07,HCLTech,4180.37,4210.57,4161.09,4194.34,3334314
2019-06-07,Infosys,2428.87,2453.33,2410.76,2417.58,4620861
2019-06-07,TCS,5007.34,5020.97,4941.82,4997.87,1443684
2019-06-07,Wipro,557.57,561.36,552.48,557.93,5217374
2019-06-10,HCLTech,4168.92,4195.28,4154.29,4181.67,1862136
2019-06-10,Infosys,2404.7,2439.75,2376.93,2415.01,2172716
2019-06-10,TCS,4954.47,5018.56,4940.64,4968.6,2453737
2019-06-10,Wipro,561.74,564.76,558.45,560.03,3854296
2019-06-11,HCLTech,4092.5,4103.31,4056.73,4082.22,1845819
2019-06-11,Infosys,2439.63,2444.63,2410.79,2435.13,3390588
2019-06-11,TCS,4927.12,4976.44,4892.36,4931.16,1204101
2019-06-11,Wipro,552.19,555.91,545.32,548.96,3980698
2019-06-12,HCLTech,4122.26,4136.09,4113.15,4130.5,2217024
2019-06-12,Infosys,2447.83,2469.19,2433.09,2437.62,3379369
2019-06-12,TCS,4924.47,5010.03,4913.82,4953.38,1846126
2019-06-12,Wipro,545.12,549.19,538.26,542.19,3683166
2019-06-13,HCLTech,4111.02,4155.0,4086.26,4118.09,3064840
2019-06-13,Infosys,2461.49,2487.58,2445.13,2466.0,3336467
2019-06-13,TCS,4878.64,4943.74,4840.62,4886.24,2889982
2019-06-13,Wipro,543.99,549.81,534.26,535.73,4183321
2019-06-14,HCLTech,4058.57,4069.14,4029.93,4035.42,2600907
2019-06-14,Infosys,2468.66,2485.47,2458.94,2476.87,2842266
2019-06-14,TCS,4910.37,4963.53,4879.57,4904.2,1872889
2019-06-14,Wipro,538.91,547.29,537.71,544.69,3213503
2019-06-17,HCLTech,3988.74,4041.63,3942.18,4007.81,2504855
2019-06-17,Infosys,2507.08,2523.12,2498.12,2501.5,3926127
2019-06-17,TCS,4922.25,4934.36,4852.31,4909.47,2036300
2019-06-17,Wipro,550.24,551.92,547.3,549.44,2334079
2019-06-18,HCLTech,4006.68,4049.01,3966.31,3996.91,2008411
2019-06-18,Infosys,2424.28,2459.62,2413.26,2439.41,3473790
2019-06-18,TCS,4892.64,4955.93,4865.39,4903.64,2329655
2019-06-18,Wipro,545.79,553.36,543.67,547.58,2751782
2019-06-19,HCLTech,4017.13,4058.55,3991.18,3998.48,2534614
2019-06-19,Infosys,2392.41,2429.5,2386.66,2403.37,3935252
2019-06-19,TCS,4991.39,5042.43,4962.45,4974.88,1418858
2019-06-19,Wipro,547.23,550.67,538.16,540.35,3827003
2019-06-20,HCLTech,4023.63,4040.88,3988.29,4000.69,2285966
2019-06-20,Infosys,2386.0,2397.99,2377.76,2392.69,2761153
2019-06-20,TCS,4924.12,5000.04,4874.02,4947.68,2029046
2019-06-20,Wipro,548.39,552.43,545.71,547.78,3229469
2019-06-21,HCLTech,4122.68,4132.45,4041.82,4078.95,2161953
2019-06-21,Infosys,2428.25,2454.51,2412.53,2423.66,2426656
2019-06-21,TCS,5021.05,5054.27,4970.69,5040.82,2025850
2019-06-21,Wipro,558.33,567.06,554.41,565.51,3907025
2019-06-24,HCLTech,3994.22,4030.34,3958.08,4006.81,2125568
2019-06-24,Infosys,2481.0,2508.65,2465.09,2478.72,3490803
2019-06-24,TCS,5042.35,5053.87,4987.6,5031.09,2902613
2019-06-24,Wipro,566.52,572.46,562.58,564.97,3610326
2019-06-25,HCLTech,3982.06,4011.0,3962.09,3999.03,2701748
2019-06-25,Infosys,2484.3,2512.03,2458.33,2473.55,2639427
2019-06-25,TCS,5000.27,5056.09,4928.08,4974.02,1562049
2019-06-25,Wipro,549.62,555.84,543.49,548.69,3473006
2019-06-26,HCLTech,3966.66,3986.93,3940.41,3950.81,2251160
2019-06-26,Infosys,2445.67,2457.75,2429.23,2455.16,3951403
2019-06-26,TCS,4985.27,4999.79,4958.06,4977.53,1853061
2019-06-26,Wipro,544.13,547.35,540.69,541.54,3513193
2019-06-27,HCLTech,4040.14,4069.46,3993.84,4021.57,2596613
2019-06-27,Infosys,2388.11,2406.14,2376.0,2397.91,2091385
2019-06-27,TCS,4929.24,4954.79,4889.5,4929.87,1661093
2019-06-27,Wipro,544.27,547.42,540.0,546.75,4853669
2019-06-28,HCLTech,3975.27,4022.98,3959.21,3990.71,1825234
2019-06-28,Infosys,2427.88,2448.77,2406.84,2422.54,2913755
2019-06-28,TCS,4863.16,4926.36,4856.26,4896.9,1626230
2019-06-28,Wipro,543.27,543.97,537.0,542.14,4192722
2019-07-01,HCLTech,3981.57,3995.11,3963.92,3972.12,2875248
2019-07-01,Infosys,2398.17,2417.15,2384.75,2406.23,2829122
2019-07-01,TCS,4883.44,4926.3,4867.98,4914.65,2505849
2019-07-01,Wipro,532.65,535.87,529.56,533.56,5470030
2019-07-02,HCLTech,4085.65,4099.95,4012.1,4031.48,2728232
2019-07-02,Infosys,2486.47,2496.94,2457.6,2492.78,2994195
2019-07-02,TCS,4941.49,4947.55,4883.88,4939.47,2010689
2019-07-02,Wipro,522.48,528.06,520.12,524.7,4083467
2019-07-03,HCLTech,4109.58,4152.83,4069.43,4107.47,2482429
2019-07-03,Infosys,2451.14,2493.53,2446.87,2470.33,3371543
2019-07-03,TCS,4906.49,4970.65,4861.68,4912.02,1789674
2019-07-03,Wipro,526.42,529.46,523.01,525.29,2730007
2019-07-04,HCLTech,4212.55,4260.54,4173.0,4193.53,2685360
2019-07-04,Infosys,2536.17,2539.5,2514.21,2533.07,3463909
2019-07-04,TCS,4938.73,5008.71,4921.26,4955.96,1803227
2019-07-04,Wipro,511.2,514.91,508.36,510.71,3246358
2019-07-05,HCLTech,4130.4,4163.72,4092.67,4098.61,3134109
2019-07-05,Infosys,2572.03,2587.22,2547.44,2555.44,3636778
2019-07-05,TCS,5008.94,5064.22,4996.76,5007.91,1786934
2019-07-05,Wipro,513.5,515.47,508.95,510.12,4093170
2019-07-08,HCLTech,4177.77,4207.54,4117.24,4126.83,1945948
2019-07-08,Infosys,2512.71,2552.42,2499.82,2523.6,3721579
2019-07-08,TCS,5074.91,5095.87,5015.04,5073.07,1819181
2019-07-08,Wipro,510.74,512.43,506.88,510.65,4198343
2019-07-09,HCLTech,4147.84,4182.01,4111.53,4142.85,2634914
2019-07-09,Infosys,2540.99,2555.84,2512.37,2530.11,3092085
2019-07-09,TCS,5112.45,5129.94,5085.87,5097.26,1553108
2019-07-09,Wipro,508.18,514.14,502.27,506.25,3557636
2019-07-10,HCLTech,4165.73,4175.79,4112.31,4140.23,2002674
2019-07-10,Infosys,2552.45,2581.25,2528.57,2553.09,4878762
2019-07-10,TCS,5162.33,5191.68,5140.36,5160.11,1899140
2019-07-10,Wipro,492.79,498.59,490.19,496.56,3411480
2019-07-11,HCLTech,4128.42,4189.44,4093.65,4144.4,2645957
2019-07-11,Infosys,2526.82,2559.63,2497.12,2545.63,4223097
2019-07-11,TCS,5093.05,5123.54,5058.11,5073.38,1861357
2019-07-11,Wipro,509.91,515.73,499.63,505.45,3542028
2019-07-12,HCLTech,4220.49,4234.39,4189.21,4219.97,2468820
2019-07-12,Infosys,2561.12,2583.13,2544.65,2570.76,3006429
2019-07-12,TCS,5058.85,5064.22,5053.25,5058.73,1718733
2019-07-12,Wipro,490.78,496.78,485.37,493.19,3886086
2019-07-15,HCLTech,4272.68,4317.87,4245.04,4282.04,2587078
2019-07-15,Infosys,2585.03,2601.1,2575.14,2595.43,3113588
2019-07-15,TCS,5017.39,5067.25,4995.03,5019.21,2062990
2019-07-15,Wipro,497.25,498.13,492.32,494.43,3960981
2019-07-16,HCLTech,4296.51,4351.31,4269.75,4336.38,3080814
2019-07-16,Infosys,2609.96,2626.34,2584.62,2613.43,2993793
2019-07-16,TCS,5041.24,5101.55,4965.5,5024.37,2098294
2019-07-16,Wipro,501.48,505.27,496.12,500.65,3211438
2019-07-17,HCLTech,4315.14,4387.28,4265.18,4349.17,3062444
2019-07-17,Infosys,2616.86,2629.18,2603.27,2612.25,3441166
2019-07-17,TCS,4982.95,5032.39,4959.22,4998.33,1789287
2019-07-17,Wipro,502.22,508.17,500.64,501.79,4201934
2019-07-18,HCLTech,4499.29,4541.08,4442.74,4489.82,3231198
2019-07-18,Infosys,2595.08,2621.85,2558.05,2575.01,2634683
2019-07-18,TCS,5035.0,5061.54,4957.88,4990.56,1943169
2019-07-18,Wipro,515.18,520.45,507.93,512.72,4194188
2019-07-19,HCLTech,4474.7,4515.65,4441.59,4464.86,2401841
2019-07-19,Infosys,2556.54,2600.55,2530.17,2571.95,2732572
2019-07-19,TCS,5081.48,5108.52,5028.76,5075.48,3079822
2019-07-19,Wipro,495.31,504.22,490.81,502.04,3913001
2019-07-22,HCLTech,4342.87,4390.05,4307.31,4365.1,2992609
2019-07-22,Infosys,2571.45,2579.89,2557.46,2576.69,2074411
2019-07-22,TCS,5073.44,5083.88,5031.58,5067.36,3056388
2019-07-22,Wipro,492.85,495.65,490.42,494.63,3483703
2019-07-23,HCLTech,4382.32,4415.97,4343.68,4349.01,2877261
2019-07-23,Infosys,2509.17,2523.87,2491.28,2518.63,2954764
2019-07-23,TCS,5094.29,5114.29,5039.18,5085.87,1619842
2019-07-23,Wipro,492.54,495.53,487.66,490.23,4575009
2019-07-24,HCLTech,4328.98,4385.57,4323.65,4352.59,2413962
2019-07-24,Infosys,2509.63,2543.4,2503.82,2523.03,3959440
2019-07-24,TCS,5104.91,5138.21,5032.8,5074.81,1665720
2019-07-24,Wipro,526.15,527.25,515.95,519.82,5212286
2019-07-25,HCLTech,4438.36,4477.97,4412.81,4432.77,2661665
2019-07-25,Infosys,2520.38,2536.34,2515.3,2519.37,3104121
2019-07-25,TCS,5090.51,5119.78,5038.74,5077.81,1618122
2019-07-25,Wipro,524.18,526.5,522.04,524.26,3657012
2019-07-26,HCLTech,4392.25,4429.75,4351.39,4401.19,2532163
2019-07-26,Infosys,2479.75,2490.33,2450.35,2479.74,3139044
2019-07-26,TCS,5051.99,5113.12,5010.84,5077.6,2470839
2019-07-26,Wipro,522.43,536.4,518.61,530.51,3527520
2019-07-29,HCLTech,4433.88,4463.06,4382.01,4431.56,3436620
2019-07-29,Infosys,2450.36,2478.63,2443.09,2469.1,3383066
2019-07-29,TCS,5120.2,5173.14,5047.71,5097.61,1846775
2019-07-29,Wipro,535.37,540.83,529.61,536.44,4390652
2019-07-30,HCLTech,4359.98,4397.16,4303.87,4340.82,3057368
2019-07-30,Infosys,2459.32,2467.85,2447.59,2459.13,2618766
2019-07-30,TCS,5145.28,5168.73,5099.94,5150.81,2098204
2019-07-30,Wipro,536.65,542.01,533.48,536.85,3165077
2019-07-31,HCLTech,4423.38,4436.08,4368.35,4407.0,2431086
2019-07-31,Infosys,2503.26,2533.03,2486.86,2515.97,3216224
2019-07-31,TCS,5228.94,5235.76,5176.42,5227.17,2981840
2019-07-31,Wipro,550.56,554.38,544.95,546.73,3098696
2019-08-01,HCLTech,4426.47,4462.67,4405.18,4411.15,2397491
2019-08-01,Infosys,2521.95,2524.96,2508.92,2521.83,3823692
2019-08-01,TCS,5220.08,5248.6,5206.5,5241.16,1995818
2019-08-01,Wipro,528.44,529.94,524.5,528.27,3513195
2019-08-02,HCLTech,4406.28,4417.87,4344.42,4393.77,3148841
2019-08-02,Infosys,2566.21,2589.63,2547.28,2552.56,3402340
2019-08-02,TCS,5277.15,5290.22,5223.87,5268.41,2303424
2019-08-02,Wipro,526.31,531.97,522.0,530.56,4255409
2019-08-05,HCLTech,4498.62,4567.39,4489.83,4526.77,3399081
2019-08-05,Infosys,2553.09,2564.08,2540.06,2548.13,3891457
2019-08-05,TCS,5202.8,5251.41,5155.41,5213.48,2219387
2019-08-05,Wipro,537.56,542.62,530.68,534.31,3354175
2019-08-06,HCLTech,4620.58,4644.96,4542.51,4594.96,2769366
2019-08-06,Infosys,2492.52,2506.71,2474.65,2490.66,4120511
2019-08-06,TCS,5210.35,5261.88,5186.31,5208.7,1778025
2019-08-06,Wipro,545.78,548.9,543.14,543.82,3985025
2019-08-07,HCLTech,4504.95,4574.77,4493.42,4528.42,2966034
2019-08-07,Infosys,2504.44,2527.07,2489.84,2510.01,3653438
2019-08-07,TCS,5247.59,5308.77,5191.86,5252.29,2471881
2019-08-07,Wipro,529.93,535.73,525.5,532.27,2676279
2019-08-08,HCLTech,4518.99,4530.26,4512.81,4521.34,3374130
2019-08-08,Infosys,2490.13,2498.41,2465.08,2489.43,2774519
2019-08-08,TCS,5324.87,5367.39,5269.64,5292.68,1687430
2019-08-08,Wipro,524.01,525.57,520.91,521.64,4525159
2019-08-09,HCLTech,4689.66,4726.23,4655.89,4697.74,2510681
2019-08-09,Infosys,2484.46,2511.1,2467.61,2478.59,2987161
2019-08-09,TCS,5335.25,5364.25,5282.52,5302.04,2614631
2019-08-09,Wipro,510.05,514.36,507.2,511.81,5335516
2019-08-12,HCLTech,4837.8,4851.54,4818.65,4829.51,2643769
2019-08-12,Infosys,2451.42,2472.26,2418.89,2446.64,4708872
2019-08-12,TCS,5344.55,5358.98,5287.46,5343.77,1778298
2019-08-12,Wipro,515.32,517.56,512.46,516.29,3334492
2019-08-13,HCLTech,4880.52,4943.77,4874.09,4892.12,2865827
2019-08-13,Infosys,2446.92,2473.83,2436.87,2447.94,3407519
2019-08-13,TCS,5367.75,5396.82,5346.72,5366.67,1817666
2019-08-13,Wipro,519.21,522.63,513.85,520.94,4371538
2019-08-14,HCLTech,4763.33,4778.37,4723.58,4767.04,2386222
2019-08-14,Infosys,2480.85,2496.3,2467.07,2478.58,3317933
2019-08-14,TCS,5417.81,5449.44,5387.63,5424.18,1608737
2019-08-14,Wipro,510.76,517.27,505.4,511.76,3836970
2019-08-15,HCLTech,4895.24,4926.26,4812.26,4856.56,3652166
2019-08-15,Infosys,2491.8,2520.04,2463.29,2505.62,2694355
2019-08-15,TCS,5456.52,5514.19,5410.1,5437.54,1662454
2019-08-15,Wipro,532.36,537.09,524.29,529.33,4085842
2019-08-16,HCLTech,4782.89,4823.73,4762.69,4813.34,2381929
2019-08-16,Infosys,2545.02,2562.1,2518.95,2552.88,3141996
2019-08-16,TCS,5413.76,5453.8,5354.86,5419.37,1836376
2019-08-16,Wipro,525.75,537.21,520.48,531.7,3808044
2019-08-19,HCLTech,4903.07,4951.05,4869.39,4903.13,2632064
2019-08-19,Infosys,2613.22,2631.5,2593.78,2605.47,3692949
2019-08-19,TCS,5427.76,5453.93,5395.16,5434.97,1229831
2019-08-19,Wipro,536.23,541.92,530.7,532.51,3764418
2019-08-20,HCLTech,4827.11,4873.44,4791.16,4853.53,3814412
2019-08-20,Infosys,2550.4,2569.59,2527.8,2541.39,3209515
2019-08-20,TCS,5309.05,5331.23,5247.0,5292.71,1908811
2019-08-20,Wipro,530.75,534.72,525.45,530.16,3386061
2019-08-21,HCLTech,4902.8,4939.74,4873.09,4886.62,1791684
2019-08-21,Infosys,2505.36,2519.44,2478.67,2504.38,2884279
2019-08-21,TCS,5301.19,5323.47,5249.59,5310.19,1806790
2019-08-21,Wipro,537.41,541.08,532.44,538.73,3214654
2019-08-22,HCLTech,4825.56,4856.68,4797.37,4842.77,2714758
2019-08-22,Infosys,2465.03,2471.44,2445.0,2449.77,3021258
2019-08-22,TCS,5137.28,5194.94,5096.66,5137.89,2342337
2019-08-22,Wipro,542.22,545.7,536.96,542.14,4983697
2019-08-23,HCLTech,4818.87,4842.33,4779.39,4817.96,2278228
2019-08-23,Infosys,2472.82,2482.72,2457.08,2467.55,4061351
2019-08-23,TCS,5032.92,5065.91,4975.64,5058.05,2176554
2019-08-23,Wipro,557.31,561.19,551.88,560.51,2859030
2019-08-26,HCLTech,4828.43,4870.81,4776.56,4859.87,2600088
2019-08-26,Infosys,2443.86,2449.09,2427.13,2446.26,3657233
2019-08-26,TCS,5089.17,5094.98,5027.99,5077.89,1736062
2019-08-26,Wipro,542.41,553.49,540.89,548.01,3985079
2019-08-27,HCLTech,4801.01,4834.9,4743.97,4770.72,2042828
2019-08-27,Infosys,2418.66,2442.05,2394.19,2431.09,3560706
2019-08-27,TCS,5130.27,5145.73,5071.46,5099.0,1824739
2019-08-27,Wipro,529.66,537.84,527.63,532.61,3949031
2019-08-28,HCLTech,4933.36,4938.48,4888.73,4931.6,2414122
2019-08-28,Infosys,2438.62,2456.64,2406.45,2423.93,3494978
2019-08-28,TCS,5056.66,5106.82,4987.37,5045.18,1908320
2019-08-28,Wipro,518.96,528.65,513.96,525.19,3962635
2019-08-29,HCLTech,4864.23,4922.23,4829.26,4860.95,2612916
2019-08-29,Infosys,2442.12,2470.24,2418.69,2434.24,2525767
2019-08-29,TCS,5035.34,5069.37,4978.27,5012.21,2692145
2019-08-29,Wipro,525.58,532.81,524.2,530.08,4568878
2019-08-30,HCLTech,4807.06,4833.88,4745.54,4787.57,2726927
2019-08-30,Infosys,2408.53,2415.65,2362.71,2390.4,3379137
2019-08-30,TCS,5060.17,5113.67,5053.85,5073.67,1696701
2019-08-30,Wipro,520.3,527.17,519.07,525.64,3714138
2019-09-02,HCLTech,4799.91,4867.7,4753.45,4829.43,3110054
2019-09-02,Infosys,2375.27,2379.09,2348.38,2353.75,3962013
2019-09-02,TCS,5054.64,5079.59,5031.38,5050.88,1731858
2019-09-02,Wipro,541.59,542.58,531.12,537.43,4558048
2019-09-03,HCLTech,4902.56,4937.79,4869.05,4917.36,1633530
2019-09-03,Infosys,2340.29,2363.0,2317.87,2352.98,3037292
2019-09-03,TCS,5137.84,5162.18,5097.57,5153.13,1595888
2019-09-03,Wipro,528.97,535.71,522.81,533.27,5950467
2019-09-04,HCLTech,4899.0,4917.54,4886.73,4894.92,2535364
2019-09-04,Infosys,2373.42,2392.75,2367.73,2386.25,3890884
2019-09-04,TCS,5148.61,5205.98,5134.58,5152.31,1486968
2019-09-04,Wipro,543.24,549.53,540.68,543.38,3880065
2019-09-05,HCLTech,4780.39,4871.55,4729.58,4821.85,2510728
2019-09-05,Infosys,2356.21,2405.34,2334.86,2384.71,3568681
2019-09-05,TCS,5183.13,5199.26,5132.15,5170.54,2126649
2019-09-05,Wipro,538.72,539.67,534.36,534.94,2664186
2019-09-06,HCLTech,4721.37,4804.26,4685.43,4759.8,2566789
2019-09-06,Infosys,2370.49,2373.02,2344.9,2361.37,3776076
2019-09-06,TCS,5247.29,5254.45,5219.5,5245.61,2082830
2019-09-06,Wipro,549.01,555.3,543.14,546.08,3887573
2019-09-09,HCLTech,4672.65,4729.38,4637.11,4691.49,2616837
2019-09-09,Infosys,2306.86,2334.05,2291.51,2300.5,3232765
2019-09-09,TCS,5227.78,5289.42,5191.82,5251.09,2584932
2019-09-09,Wipro,558.29,563.14,557.57,559.32,3811961
2019-09-10,HCLTech,4685.36,4755.33,4654.41,4711.63,2202268
2019-09-10,Infosys,2327.14,2351.37,2309.95,2326.18,3820830
2019-09-10,TCS,5181.74,5213.22,5176.45,5203.25,2463120
2019-09-10,Wipro,552.28,556.53,550.85,553.29,4334896
2019-09-11,HCLTech,4698.95,4720.66,4685.26,4706.88,1908107
2019-09-11,Infosys,2293.13,2319.72,2268.66,2304.97,2387422
2019-09-11,TCS,5174.88,5208.11,5121.41,5197.44,3230285
2019-09-11,Wipro,558.44,559.76,555.88,557.81,2684462
2019-09-12,HCLTech,4747.04,4800.56,4704.84,4734.9,2715382
2019-09-12,Infosys,2271.86,2298.01,2257.79,2272.71,3221283
2019-09-12,TCS,5203.17,5254.18,5169.24,5195.12,1970668
2019-09-12,Wipro,567.63,568.64,554.39,560.12,4268206
2019-09-13,HCLTech,4776.56,4805.23,4726.18,4759.05,2131148
2019-09-13,Infosys,2227.42,2245.04,2223.31,2225.69,3690469
2019-09-13,TCS,5164.55,5197.64,5118.04,5131.08,1898456
2019-09-13,Wipro,566.45,570.41,562.08,564.98,3676676
2019-09-16,HCLTech,4857.07,4908.34,4789.06,4814.2,2818091
2019-09-16,Infosys,2194.09,2220.27,2183.34,2186.89,3395363
2019-09-16,TCS,5140.69,5159.49,5088.9,5118.67,1542033
2019-09-16,Wipro,580.24,584.65,577.18,577.81,4696612
2019-09-17,HCLTech,4786.05,4830.13,4773.42,4786.58,2155604
2019-09-17,Infosys,2163.61,2172.4,2143.93,2161.13,3983956
2019-09-17,TCS,5053.75,5108.6,5021.67,5084.02,2298973
2019-09-17,Wipro,596.08,599.52,582.92,587.63,3606015
2019-09-18,HCLTech,4740.91,4760.56,4692.87,4737.33,2986361
2019-09-18,Infosys,2160.3,2186.15,2136.06,2154.28,3101019
2019-09-18,TCS,5148.93,5195.38,5084.87,5125.93,2047980
2019-09-18,Wipro,593.74,596.21,591.65,592.7,4758304
2019-09-19,HCLTech,4747.1,4782.16,4718.52,4747.68,2571836
2019-09-19,Infosys,2121.51,2128.94,2110.01,2122.61,2868128
2019-09-19,TCS,5142.14,5151.03,5092.28,5126.99,2278233
2019-09-19,Wipro,603.77,604.47,592.93,599.42,2956921
2019-09-20,HCLTech,4751.48,4806.76,4702.73,4744.03,2607789
2019-09-20,Infosys,2137.29,2147.74,2118.91,2126.71,2305588
2019-09-20,TCS,5088.62,5125.12,5081.1,5113.45,1592527
2019-09-20,Wipro,587.27,589.58,583.34,585.5,4014251
2019-09-23,HCLTech,4770.19,4776.91,4753.67,4760.89,2475005
2019-09-23,Infosys,2125.44,2149.43,2100.99,2119.81,3029984
2019-09-23,TCS,5103.21,5147.82,5049.19,5108.09,2145704
2019-09-23,Wipro,586.4,591.6,582.58,584.7,3293425
2019-09-24,HCLTech,4735.09,4762.04,4682.88,4713.74,2396893
2019-09-24,Infosys,2165.64,2187.51,2156.23,2176.46,3548502
2019-09-24,TCS,5135.59,5175.02,5087.08,5117.9,2083787
2019-09-24,Wipro,569.39,577.24,566.33,572.85,3627964
2019-09-25,HCLTech,4777.84,4815.23,4747.78,4756.4,2481627
2019-09-25,Infosys,2144.27,2151.36,2127.93,2131.8,3726064
2019-09-25,TCS,5154.9,5215.19,5136.46,5145.97,2056394
2019-09-25,Wipro,568.25,573.87,567.01,572.3,6891657
2019-09-26,HCLTech,4690.6,4712.83,4636.25,4678.68,3293139
2019-09-26,Infosys,2146.36,2149.91,2123.58,2135.34,2418901
2019-09-26,TCS,5078.49,5125.59,5030.24,5099.48,1744545
2019-09-26,Wipro,581.68,589.23,580.95,583.56,3308121
2019-09-27,HCLTech,4684.59,4705.66,4615.69,4650.06,1912931
2019-09-27,Infosys,2143.41,2149.06,2124.4,2139.22,4047971
2019-09-27,TCS,5061.27,5069.95,5009.81,5051.54,2537075
2019-09-27,Wipro,586.37,587.91,576.67,583.12,3712759
2019-09-30,HCLTech,4724.93,4768.57,4696.13,4724.31,2283899
2019-09-30,Infosys,2114.86,2125.24,2087.82,2112.37,2633375
2019-09-30,TCS,5067.45,5136.95,5026.18,5101.69,3013820
2019-09-30,Wipro,560.0,565.46,551.21,557.06,3182114
2019-10-01,HCLTech,4636.36,4701.79,4582.1,4650.27,3211838
2019-10-01,Infosys,2129.02,2141.02,2098.36,2114.24,3123396
2019-10-01,TCS,5078.93,5123.27,5050.0,5082.49,1601720
2019-10-01,Wipro,550.94,554.6,540.28,546.33,3761791
2019-10-02,HCLTech,4709.03,4752.01,4687.44,4719.38,3063218
2019-10-02,Infosys,2118.74,2148.19,2111.76,2133.32,2855901
2019-10-02,TCS,5035.86,5048.63,4990.16,5017.84,2309973
2019-10-02,Wipro,551.71,556.65,547.05,551.75,3881812
2019-10-03,HCLTech,4625.05,4680.35,4598.91,4627.45,3401503
2019-10-03,Infosys,2146.43,2167.79,2113.59,2135.27,3478498
2019-10-03,TCS,5037.99,5073.67,5002.94,5037.7,1124768
2019-10-03,Wipro,547.95,548.99,545.47,546.09,3453471
2019-10-04,HCLTech,4502.21,4535.74,4461.18,4526.18,2569375
2019-10-04,Infosys,2166.19,2173.02,2157.08,2170.53,3260777
2019-10-04,TCS,5050.63,5074.63,5042.77,5058.57,2286149
2019-10-04,Wipro,555.42,560.5,547.05,553.53,5482534
2019-10-07,HCLTech,4419.51,4448.34,4389.57,4432.81,1997413
2019-10-07,Infosys,2123.81,2145.58,2089.64,2114.06,3664692
2019-10-07,TCS,5003.21,5054.71,4967.82,4989.22,1375911
2019-10-07,Wipro,540.95,546.15,536.19,541.32,5039607
2019-10-08,HCLTech,4415.69,4449.14,4379.29,4440.42,2083278
2019-10-08,Infosys,2093.4,2108.78,2082.76,2092.34,4627013
2019-10-08,TCS,5014.8,5065.89,4940.1,4999.43,1800660
2019-10-08,Wipro,543.64,546.33,540.61,544.74,3309948
2019-10-09,HCLTech,4493.96,4519.99,4433.73,4486.4,2449219
2019-10-09,Infosys,2118.17,2149.1,2094.86,2129.25,3465030
2019-10-09,TCS,5053.38,5082.31,4990.88,5032.57,1538091
2019-10-09,Wipro,543.57,550.06,538.65,548.68,4709755
2019-10-10,HCLTech,4576.69,4612.81,4529.23,4568.76,3027238
2019-10-10,Infosys,2147.76,2172.32,2124.85,2152.24,2851413
2019-10-10,TCS,5063.46,5122.37,5021.21,5049.53,1915588
2019-10-10,Wipro,555.69,561.37,551.67,556.23,3633791
2019-10-11,HCLTech,4607.37,4662.38,4595.13,4647.48,2470883
2019-10-11,Infosys,2175.14,2198.92,2143.07,2165.82,3509117
2019-10-11,TCS,5095.68,5155.69,5060.85,5078.35,2365302
2019-10-11,Wipro,549.05,552.47,544.44,549.41,3128119
2019-10-14,HCLTech,4689.43,4732.4,4673.94,4704.48,2433121
2019-10-14,Infosys,2195.76,2202.16,2192.61,2197.7,4721746
2019-10-14,TCS,5026.23,5038.4,4968.51,5014.64,1379449
2019-10-14,Wipro,560.87,565.42,551.27,556.87,3465037
2019-10-15,HCLTech,4692.36,4732.38,4601.43,4650.58,2814820
2019-10-15,Infosys,2141.75,2163.0,2119.59,2147.35,3648874
2019-10-15,TCS,5033.91,5059.31,5010.27,5029.71,1861255
2019-10-15,Wipro,576.34,576.97,565.42,571.88,3111488
2019-10-16,HCLTech,4610.98,4648.03,4589.75,4596.78,2614455
2019-10-16,Infosys,2161.87,2191.42,2142.55,2167.58,3866267
2019-10-16,TCS,5017.59,5055.74,5002.2,5016.18,1804842
2019-10-16,Wipro,549.18,550.83,543.31,548.67,4828481
2019-10-17,HCLTech,4658.77,4695.67,4617.72,4648.4,2380698
2019-10-17,Infosys,2201.02,2220.63,2184.82,2195.09,2326664
2019-10-17,TCS,4990.9,5004.28,4977.42,4994.63,2743835
2019-10-17,Wipro,556.08,561.2,542.94,548.9,3356892
2019-10-18,HCLTech,4727.12,4778.89,4675.29,4742.53,2128055
2019-10-18,Infosys,2193.55,2198.07,2163.56,2177.48,3457433
2019-10-18,TCS,5014.97,5060.39,4969.73,5034.16,2180380
2019-10-18,Wipro,531.71,533.41,527.23,531.08,5175422
2019-10-21,HCLTech,4681.89,4737.39,4630.71,4675.31,3142133
2019-10-21,Infosys,2226.85,2264.38,2208.95,2246.96,3032984
2019-10-21,TCS,5086.6,5121.69,5045.55,5101.93,1580440
2019-10-21,Wipro,526.07,527.06,520.19,522.66,4114300
2019-10-22,HCLTech,4761.24,4803.73,4750.42,4761.58,3206160
2019-10-22,Infosys,2278.61,2300.94,2226.34,2251.97,2793026
2019-10-22,TCS,5180.75,5244.84,5171.59,5185.35,1820094
2019-10-22,Wipro,514.81,516.65,510.51,515.14,3689825
2019-10-23,HCLTech,4618.04,4687.03,4575.8,4636.1,2104281
2019-10-23,Infosys,2195.09,2203.93,2172.2,2193.22,3185748
2019-10-23,TCS,5251.48,5280.51,5235.6,5247.49,2730181
2019-10-23,Wipro,510.6,519.5,506.96,514.28,3617831
2019-10-24,HCLTech,4651.09,4715.83,4626.89,4662.36,2398850
2019-10-24,Infosys,2208.41,2225.98,2190.44,2203.03,3270286
2019-10-24,TCS,5266.63,5316.08,5200.98,5242.78,2307166
2019-10-24,Wipro,516.16,520.04,515.33,517.55,5679270
2019-10-25,HCLTech,4645.78,4705.21,4595.07,4656.52,2971022
2019-10-25,Infosys,2179.86,2206.23,2162.21,2183.86,2824333
2019-10-25,TCS,5259.28,5287.61,5220.98,5259.97,1664459
2019-10-25,Wipro,530.72,534.34,521.95,525.81,4008253
2019-10-28,HCLTech,4610.45,4653.71,4576.79,4644.2,2070891
2019-10-28,Infosys,2214.38,2229.38,2207.63,2214.41,3322918
2019-10-28,TCS,5313.75,5326.77,5251.71,5296.98,1895974
2019-10-28,Wipro,527.21,531.97,524.26,528.08,3616211
2019-10-29,HCLTech,4617.22,4678.97,4584.73,4647.26,2796998
2019-10-29,Infosys,2230.64,2237.64,2216.22,2228.84,3090872
2019-10-29,TCS,5321.47,5377.31,5287.71,5303.4,1908133
2019-10-29,Wipro,532.73,537.02,530.03,534.3,4744484
2019-10-30,HCLTech,4588.63,4616.98,4583.6,4593.12,2435648
2019-10-30,Infosys,2203.03,2228.35,2181.65,2212.76,3682672
2019-10-30,TCS,5306.48,5315.69,5258.76,5310.35,1795979
2019-10-30,Wipro,523.79,524.87,519.09,523.81,4496970
2019-10-31,HCLTech,4603.84,4632.57,4586.6,4623.01,2038389
2019-10-31,Infosys,2245.27,2269.71,2228.05,2252.88,3349013
2019-10-31,TCS,5360.67,5369.33,5290.19,5350.63,1420636
2019-10-31,Wipro,532.34,535.69,526.62,533.65,3282731
2019-11-01,HCLTech,4621.3,4661.47,4595.7,4628.12,3709807
2019-11-01,Infosys,2289.69,2302.12,2256.41,2278.32,3449866
2019-11-01,TCS,5344.51,5375.39,5303.83,5348.61,1746515
2019-11-01,Wipro,506.5,507.89,501.12,502.71,4004199
2019-11-04,HCLTech,4653.61,4706.04,4611.9,4690.37,2428380
2019-11-04,Infosys,2241.06,2274.84,2226.25,2255.72,3892409
2019-11-04,TCS,5336.68,5382.34,5297.72,5314.5,2640549
2019-11-04,Wipro,522.69,528.44,511.48,516.52,2785858
2019-11-05,HCLTech,4816.18,4851.82,4765.07,4797.31,2887447
2019-11-05,Infosys,2255.74,2268.74,2239.89,2251.56,3575632
2019-11-05,TCS,5306.27,5331.52,5250.77,5295.65,1853208
2019-11-05,Wipro,529.02,533.85,527.48,529.0,3973328
2019-11-06,HCLTech,4856.49,4905.01,4757.34,4807.23,2077732
2019-11-06,Infosys,2262.02,2289.68,2241.29,2265.55,3196108
2019-11-06,TCS,5307.02,5336.17,5281.69,5326.96,1959122
2019-11-06,Wipro,537.82,543.23,532.06,536.0,4259429
2019-11-07,HCLTech,4777.87,4803.35,4747.33,4753.88,3546564
2019-11-07,Infosys,2246.59,2277.57,2242.02,2255.67,2108055
2019-11-07,TCS,5330.89,5354.86,5319.96,5328.18,2057007
2019-11-07,Wipro,561.17,566.74,551.98,557.74,4374828
2019-11-08,HCLTech,4706.21,4760.09,4658.91,4680.21,3838143
2019-11-08,Infosys,2265.35,2287.67,2220.24,2246.67,3546270
2019-11-08,TCS,5373.48,5393.34,5322.54,5345.66,3116702
2019-11-08,Wipro,540.11,540.67,533.83,539.74,3275269
2019-11-11,HCLTech,4809.12,4854.47,4758.07,4794.38,1925288
2019-11-11,Infosys,2238.72,2262.97,2213.13,2247.72,2666498
2019-11-11,TCS,5376.14,5384.91,5317.21,5379.21,2003553
2019-11-11,Wipro,544.17,552.25,541.78,547.19,3450724
2019-11-12,HCLTech,4909.0,4957.34,4862.19,4902.62,2515821
2019-11-12,Infosys,2208.73,2226.25,2185.13,2219.24,3145281
2019-11-12,TCS,5369.94,5406.9,5332.76,5362.37,2489137
2019-11-12,Wipro,546.94,551.81,541.47,548.35,4202893
2019-11-13,HCLTech,4967.75,4978.85,4933.24,4965.64,3390879
2019-11-13,Infosys,2158.98,2180.05,2135.82,2160.68,3446503
2019-11-13,TCS,5409.64,5421.99,5343.58,5400.35,1774486
2019-11-13,Wipro,552.03,557.29,544.73,550.6,5136597
2019-11-14,HCLTech,4949.38,5028.09,4922.72,4971.61,2367477
2019-11-14,Infosys,2160.04,2170.83,2145.74,2167.02,4177682
2019-11-14,TCS,5402.55,5442.78,5366.92,5420.22,1898885
2019-11-14,Wipro,540.38,546.62,537.47,539.04,4074333
2019-11-15,HCLTech,5047.61,5054.57,5021.58,5030.57,2821789
2019-11-15,Infosys,2116.13,2130.3,2102.37,2116.08,4625642
2019-11-15,TCS,5370.43,5413.68,5325.95,5361.8,2005027
2019-11-15,Wipro,536.64,545.41,533.83,542.73,3577531
2019-11-18,HCLTech,5141.14,5194.01,5080.9,5125.28,1857891
2019-11-18,Infosys,2092.56,2095.87,2070.24,2091.2,2661545
2019-11-18,TCS,5409.62,5482.2,5403.9,5433.43,1713127
2019-11-18,Wipro,544.5,550.18,539.31,546.0,4856602
2019-11-19,HCLTech,5071.66,5089.92,5016.17,5083.17,2220763
2019-11-19,Infosys,2049.44,2063.4,2038.99,2047.42,2459549
2019-11-19,TCS,5399.98,5431.72,5356.73,5410.63,1920150
2019-11-19,Wipro,536.63,541.48,536.01,539.13,4104617
2019-11-20,HCLTech,5100.54,5114.75,5037.06,5087.41,2763561
2019-11-20,Infosys,2006.5,2024.7,1985.74,2007.55,3415398
2019-11-20,TCS,5350.41,5375.14,5320.66,5332.31,2388719
2019-11-20,Wipro,541.34,547.2,534.09,538.34,4145573
2019-11-21,HCLTech,4994.36,5033.77,4950.84,5011.37,2310858
2019-11-21,Infosys,2012.16,2029.43,2005.7,2018.11,3358976
2019-11-21,TCS,5290.08,5309.73,5251.02,5284.13,1704163
2019-11-21,Wipro,523.33,527.63,520.42,525.63,4691897
2019-11-22,HCLTech,4989.11,5050.16,4949.32,5004.54,2419121
2019-11-22,Infosys,2018.46,2029.74,1991.54,2013.01,2516264
2019-11-22,TCS,5232.57,5297.96,5212.35,5237.59,2000035
2019-11-22,Wipro,520.28,524.34,516.8,521.8,3923694
2019-11-25,HCLTech,5135.71,5191.66,5067.68,5116.25,1920137
2019-11-25,Infosys,2006.15,2011.81,1992.21,2007.09,3189391
2019-11-25,TCS,5249.29,5265.54,5214.05,5241.91,2304569
2019-11-25,Wipro,529.14,536.51,526.18,530.8,3318819
2019-11-26,HCLTech,5207.5,5250.88,5146.93,5196.52,2963362
2019-11-26,Infosys,1971.88,1984.52,1951.61,1975.98,3606215
2019-11-26,TCS,5229.95,5246.71,5193.82,5230.94,1695968
2019-11-26,Wipro,542.85,544.0,538.45,540.15,3878224
2019-11-27,HCLTech,5202.95,5255.78,5197.35,5208.87,1988927
2019-11-27,Infosys,1973.08,1984.69,1948.26,1960.85,2502075
2019-11-27,TCS,5217.31,5248.07,5211.06,5217.1,2489868
2019-11-27,Wipro,550.94,554.49,544.94,547.59,4996420
2019-11-28,HCLTech,5010.07,5039.63,4985.34,5018.61,3538313
2019-11-28,Infosys,1969.11,1990.8,1953.97,1970.12,2622777
2019-11-28,TCS,5259.23,5275.44,5226.69,5248.36,2029366
2019-11-28,Wipro,558.79,562.92,551.22,557.05,5840573
2019-11-29,HCLTech,4979.55,5037.96,4922.81,4975.29,2268169
2019-11-29,Infosys,1978.35,1999.87,1947.26,1969.3,2813189
2019-11-29,TCS,5254.55,5280.95,5192.1,5266.6,1935029
2019-11-29,Wipro,570.78,574.99,562.44,566.82,3134742
2019-12-02,HCLTech,4940.41,5012.38,4889.23,4985.04,3051557
2019-12-02,Infosys,1999.56,2022.54,1978.14,1989.29,3066996
2019-12-02,TCS,5284.52,5295.38,5275.23,5283.85,1338457
2019-12-02,Wipro,564.6,565.91,556.72,560.22,5549702
2019-12-03,HCLTech,4954.24,5027.58,4910.6,4972.67,2992030
2019-12-03,Infosys,2023.85,2028.11,2006.05,2012.94,3676440
2019-12-03,TCS,5300.48,5348.37,5276.56,5305.7,1856001
2019-12-03,Wipro,557.2,564.4,552.32,563.59,3716987
2019-12-04,HCLTech,4946.94,5025.35,4925.17,4977.7,2135062
2019-12-04,Infosys,2013.2,2021.77,2003.34,2007.36,2997728
2019-12-04,TCS,5311.02,5378.89,5286.93,5337.62,2154299
2019-12-04,Wipro,576.82,580.04,572.93,574.67,4016399
2019-12-05,HCLTech,4997.76,5022.94,4948.61,4997.47,2317201
2019-12-05,Infosys,1963.75,1975.72,1949.05,1963.76,3235599
2019-12-05,TCS,5224.58,5282.46,5197.55,5239.75,2835494
2019-12-05,Wipro,559.22,563.89,558.15,560.53,5619643
2019-12-06,HCLTech,4989.69,5013.52,4945.54,4963.15,2372688
2019-12-06,Infosys,1946.03,1962.24,1931.0,1946.56,5014764
2019-12-06,TCS,5250.98,5300.9,5180.52,5225.1,2240558
2019-12-06,Wipro,542.37,552.9,538.56,546.69,3685306
2019-12-09,HCLTech,4977.2,5019.38,4948.37,4965.58,2405074
2019-12-09,Infosys,1942.86,1961.83,1927.65,1944.85,2642931
2019-12-09,TCS,5132.33,5155.89,5107.02,5126.11,2505254
2019-12-09,Wipro,531.59,537.62,530.99,532.66,3786397
2019-12-10,HCLTech,4945.81,5014.47,4911.72,4958.22,2005669
2019-12-10,Infosys,1909.94,1946.0,1907.25,1927.41,2808223
2019-12-10,TCS,5109.04,5187.35,5078.07,5130.39,1570393
2019-12-10,Wipro,518.17,522.1,514.44,515.79,3517451
2019-12-11,HCLTech,4895.73,4953.96,4860.07,4912.71,2892974
2019-12-11,Infosys,1909.54,1921.87,1901.31,1903.78,3664781
2019-12-11,TCS,5108.02,5179.39,5066.68,5132.86,1949908
2019-12-11,Wipro,510.78,512.47,501.62,506.12,4030413
2019-12-12,HCLTech,5025.97,5097.19,5001.52,5044.57,2265423
2019-12-12,Infosys,1907.98,1921.57,1885.34,1906.02,3899153
2019-12-12,TCS,5182.35,5235.25,5158.79,5184.18,2553069
2019-12-12,Wipro,497.11,506.82,491.69,501.35,4257348
2019-12-13,HCLTech,5063.67,5122.56,4975.99,5014.3,2541302
2019-12-13,Infosys,1969.94,1992.72,1946.14,1963.12,3476795
2019-12-13,TCS,5268.63,5315.68,5182.82,5242.78,1674643
2019-12-13,Wipro,517.19,518.81,513.05,515.18,3486433
2019-12-16,HCLTech,4863.39,4885.91,4818.98,4861.77,3179685
2019-12-16,Infosys,1951.41,1959.48,1947.03,1952.37,4594887
2019-12-16,TCS,5252.25,5281.32,5190.39,5255.34,2425873
2019-12-16,Wipro,517.52,523.43,508.49,511.15,5346095
2019-12-17,HCLTech,4992.96,5027.52,4973.19,4988.07,2915003
2019-12-17,Infosys,1958.51,1977.78,1949.49,1953.05,3409760
2019-12-17,TCS,5256.36,5277.99,5222.64,5234.77,2315928
2019-12-17,Wipro,503.17,508.91,493.18,497.4,3444672
2019-12-18,HCLTech,4881.99,4970.74,4861.61,4932.75,2296187
2019-12-18,Infosys,1912.2,1940.28,1906.89,1923.3,2155300
2019-12-18,TCS,5266.64,5296.39,5235.65,5260.81,2112964
2019-12-18,Wipro,488.18,504.78,483.37,498.91,4419266
2019-12-19,HCLTech,4970.0,5015.78,4926.77,4998.84,3201751
2019-12-19,Infosys,1943.45,1957.98,1924.25,1953.01,3262683
2019-12-19,TCS,5246.85,5257.7,5221.84,5239.07,1872747
2019-12-19,Wipro,504.12,506.2,495.33,497.25,4021292
2019-12-20,HCLTech,4953.94,5003.43,4898.45,4955.01,2970170
2019-12-20,Infosys,1954.03,1996.56,1936.54,1974.46,2854663
2019-12-20,TCS,5220.27,5273.54,5204.32,5242.28,1641955
2019-12-20,Wipro,493.31,494.55,485.39,490.34,5129657
2019-12-23,HCLTech,4986.17,5017.74,4932.67,4998.35,2257690
2019-12-23,Infosys,1993.4,2015.28,1977.4,1994.52,4220329
2019-12-23,TCS,5308.05,5315.87,5258.52,5292.4,2852577
2019-12-23,Wipro,478.21,489.05,472.62,485.21,3405896
2019-12-24,HCLTech,5002.01,5045.91,4986.62,4998.75,2345976
2019-12-24,Infosys,2021.68,2047.67,2005.41,2028.25,3880933
2019-12-24,TCS,5263.78,5274.84,5225.87,5269.34,2269409
2019-12-24,Wipro,492.29,497.47,491.32,494.67,4485280
2019-12-25,HCLTech,5076.13,5110.45,5036.28,5073.15,3175967
2019-12-25,Infosys,2011.18,2023.66,1990.17,2018.82,2328472
2019-12-25,TCS,5325.7,5385.59,5281.06,5311.24,2140994
2019-12-25,Wipro,486.17,488.74,480.66,482.33,6491608
2019-12-26,HCLTech,5076.87,5128.67,5012.34,5061.95,3038143
2019-12-26,Infosys,2015.31,2020.43,2003.09,2012.48,4192152
2019-12-26,TCS,5333.67,5393.26,5312.35,5347.37,1841494
2019-12-26,Wipro,469.21,472.55,463.94,468.15,2998078
2019-12-27,HCLTech,4973.96,5052.99,4956.0,5019.73,1925139
2019-12-27,Infosys,2051.56,2072.73,2042.23,2055.23,3861378
2019-12-27,TCS,5308.27,5346.39,5283.75,5305.31,2015206
2019-12-27,Wipro,470.47,476.22,469.81,472.17,3340689
2019-12-30,HCLTech,5014.68,5079.49,4974.19,5041.92,2126320
2019-12-30,Infosys,2059.52,2076.47,2047.82,2071.95,2998938
2019-12-30,TCS,5361.77,5387.25,5292.02,5355.83,2066984
2019-12-30,Wipro,467.25,469.43,465.13,467.06,6068363
2019-12-31,HCLTech,5016.69,5034.15,4988.07,5019.14,2987949
2019-12-31,Infosys,2040.25,2044.84,1994.57,2018.56,3150188
2019-12-31,TCS,5390.91,5432.77,5330.75,5393.53,2166520
2019-12-31,Wipro,482.03,484.29,475.43,480.37,3894094
2020-01-01,HCLTech,4874.02,4937.86,4833.61,4889.5,2055741
2020-01-01,Infosys,2030.39,2041.68,2015.97,2030.71,4227396
2020-01-01,TCS,5409.37,5467.83,5392.57,5402.48,2316402
2020-01-01,Wipro,477.39,482.83,473.33,479.13,4091914
2020-01-02,HCLTech,4845.28,4878.97,4838.72,4852.65,3054142
2020-01-02,Infosys,2008.55,2019.84,1994.45,2017.7,2157280
2020-01-02,TCS,5365.09,5413.5,5320.98,5369.6,1710272
2020-01-02,Wipro,477.98,479.22,474.14,478.37,3742827
2020-01-03,HCLTech,5058.61,5095.93,5033.45,5055.91,3829249
2020-01-03,Infosys,2035.0,2058.97,2014.84,2040.73,3498136
2020-01-03,TCS,5321.45,5373.01,5289.38,5332.34,1491567
2020-01-03,Wipro,488.04,492.29,481.54,485.29,5568530
2020-01-06,HCLTech,4915.0,4983.82,4893.47,4932.98,2801540
2020-01-06,Infosys,2050.46,2066.2,2044.39,2051.95,3982193
2020-01-06,TCS,5337.69,5370.04,5265.21,5310.76,2033998
2020-01-06,Wipro,468.94,475.63,465.88,471.02,2896707
2020-01-07,HCLTech,4958.77,4989.88,4926.33,4954.1,2161740
2020-01-07,Infosys,2009.26,2014.48,1998.29,2010.74,3143724
2020-01-07,TCS,5358.7,5384.43,5300.61,5341.02,1410160
2020-01-07,Wipro,469.97,479.07,465.54,474.0,5122799
2020-01-08,HCLTech,4954.98,4974.9,4930.62,4941.79,2693422
2020-01-08,Infosys,2029.54,2043.71,2002.22,2018.47,3642727
2020-01-08,TCS,5286.9,5345.61,5229.9,5299.59,1874636
2020-01-08,Wipro,469.13,475.4,464.2,471.02,2976633
2020-01-09,HCLTech,5076.81,5096.71,5045.75,5075.2,3197707
2020-01-09,Infosys,2024.18,2028.08,2000.15,2024.85,3266704
2020-01-09,TCS,5334.44,5397.34,5315.65,5324.9,1806351
2020-01-09,Wipro,477.26,483.09,472.6,479.94,2923859
2020-01-10,HCLTech,5019.26,5055.55,4966.78,5001.57,2651945
2020-01-10,Infosys,2050.93,2054.57,2029.51,2035.01,2735578
2020-01-10,TCS,5257.84,5300.05,5232.36,5270.15,2206696
2020-01-10,Wipro,472.72,479.56,469.73,474.52,3218449
2020-01-13,HCLTech,4960.36,5034.53,4953.94,5013.46,2864170
2020-01-13,Infosys,2046.73,2063.45,2034.51,2050.45,2721939
2020-01-13,TCS,5245.37,5292.96,5183.26,5264.98,2973282
2020-01-13,Wipro,471.03,479.23,466.52,476.18,3899026
2020-01-14,HCLTech,5052.23,5090.7,5030.46,5066.76,2215833
2020-01-14,Infosys,2092.74,2106.34,2066.09,2088.99,3689668
2020-01-14,TCS,5291.97,5322.18,5258.91,5274.76,1355579
2020-01-14,Wipro,473.97,478.54,468.86,473.26,3467488
2020-01-15,HCLTech,5081.2,5099.4,5044.1,5059.03,2249656
2020-01-15,Infosys,2109.87,2119.84,2081.96,2100.83,2817949
2020-01-15,TCS,5368.0,5427.55,5355.11,5396.89,3151832
2020-01-15,Wipro,479.57,480.38,474.09,476.95,3426604
2020-01-16,HCLTech,4988.78,5039.56,4930.44,5009.95,3116538
2020-01-16,Infosys,2113.45,2130.02,2086.57,2102.87,2358992
2020-01-16,TCS,5350.79,5414.45,5287.08,5335.19,1908909
2020-01-16,Wipro,472.54,479.15,470.33,474.97,3322697
2020-01-17,HCLTech,4988.95,5044.18,4976.82,5013.46,2254885
2020-01-17,Infosys,2145.34,2156.63,2125.39,2133.56,3279301
2020-01-17,TCS,5406.96,5458.75,5355.32,5411.27,2144076
2020-01-17,Wipro,475.43,478.31,472.81,477.39,3334211
2020-01-20,HCLTech,4993.81,5030.81,4954.35,4996.9,1550024
2020-01-20,Infosys,2190.84,2209.7,2184.14,2193.35,2887914
2020-01-20,TCS,5419.97,5450.44,5374.47,5423.59,1507090
2020-01-20,Wipro,492.3,493.52,489.13,492.88,3319206
2020-01-21,HCLTech,4979.85,5017.73,4952.85,4980.27,2445488
2020-01-21,Infosys,2219.15,2229.96,2207.8,2219.2,2517658
2020-01-21,TCS,5455.84,5483.59,5396.83,5448.8,2441277
2020-01-21,Wipro,487.73,493.74,486.45,490.54,4192371
2020-01-22,HCLTech,5037.68,5088.61,5016.72,5050.9,2768624
2020-01-22,Infosys,2203.31,2246.11,2194.92,2226.37,3246249
2020-01-22,TCS,5469.81,5501.2,5412.68,5459.8,2016658
2020-01-22,Wipro,497.38,498.53,492.62,494.3,3522296
2020-01-23,HCLTech,5131.03,5156.89,5032.03,5084.88,3213027
2020-01-23,Infosys,2237.83,2256.18,2215.69,2239.67,3730738
2020-01-23,TCS,5472.73,5494.7,5459.08,5486.99,1975563
2020-01-23,Wipro,512.41,517.64,511.32,515.29,2347273
2020-01-24,HCLTech,5137.05,5193.08,5087.24,5129.85,3613462
2020-01-24,Infosys,2258.64,2264.88,2228.24,2248.31,3212922
2020-01-24,TCS,5497.19,5534.6,5442.59,5484.77,1357534
2020-01-24,Wipro,517.42,524.08,516.49,519.14,3970276
2020-01-27,HCLTech,5136.48,5193.45,5096.29,5159.25,2644419
2020-01-27,Infosys,2259.09,2278.4,2227.67,2250.59,2585457
2020-01-27,TCS,5564.52,5619.75,5509.44,5562.54,2029737
2020-01-27,Wipro,494.72,500.61,491.14,497.1,4646795
2020-01-28,HCLTech,5198.04,5287.98,5187.48,5234.83,2966061
2020-01-28,Infosys,2310.85,2333.94,2304.19,2311.69,3523699
2020-01-28,TCS,5523.4,5591.14,5465.29,5545.3,2368632
2020-01-28,Wipro,494.53,499.01,487.14,491.4,3783053
2020-01-29,HCLTech,5347.87,5386.01,5316.72,5337.26,2663488
2020-01-29,Infosys,2309.3,2313.29,2282.77,2292.88,3936067
2020-01-29,TCS,5604.8,5625.65,5584.01,5607.8,1907686
2020-01-29,Wipro,480.39,485.72,476.67,481.09,3108487
2020-01-30,HCLTech,5297.78,5348.91,5276.37,5321.89,2790792
2020-01-30,Infosys,2323.06,2344.75,2301.1,2326.81,4981632
2020-01-30,TCS,5605.46,5655.96,5567.72,5581.12,2529412
2020-01-30,Wipro,495.56,498.67,484.98,489.38,4642722
2020-01-31,HCLTech,5446.6,5496.31,5358.32,5389.46,2504626
2020-01-31,Infosys,2318.28,2347.8,2311.79,2325.26,4269597
2020-01-31,TCS,5613.49,5663.53,5530.36,5583.92,2508603
2020-01-31,Wipro,489.88,495.68,486.12,488.79,3039781
2020-02-03,HCLTech,5309.78,5325.43,5239.65,5298.66,2808919
2020-02-03,Infosys,2281.78,2291.44,2275.85,2286.27,2617132
2020-02-03,TCS,5548.67,5570.25,5514.99,5536.15,1759321
2020-02-03,Wipro,502.14,503.76,493.61,498.49,3751137
2020-02-04,HCLTech,5154.26,5214.39,5112.17,5140.14,2246844
2020-02-04,Infosys,2272.36,2308.02,2260.51,2283.1,3799112
2020-02-04,TCS,5543.98,5608.5,5536.49,5564.81,2751565
2020-02-04,Wipro,503.24,505.25,498.6,504.27,3982550
2020-02-05,HCLTech,5285.93,5324.49,5255.16,5279.49,3863326
2020-02-05,Infosys,2276.1,2288.77,2263.24,2270.16,3368459
2020-02-05,TCS,5652.49,5696.13,5586.88,5643.76,2018200
2020-02-05,Wipro,507.06,512.38,502.59,510.08,4963573
2020-02-06,HCLTech,5290.18,5301.53,5251.82,5261.18,1611661
2020-02-06,Infosys,2290.77,2311.65,2283.72,2287.99,2541440
2020-02-06,TCS,5661.15,5719.11,5608.93,5646.0,2019997
2020-02-06,Wipro,499.14,503.93,494.44,499.25,4489949
2020-02-07,HCLTech,5224.5,5315.97,5197.15,5286.18,2914472
2020-02-07,Infosys,2298.46,2323.49,2282.4,2292.58,3386882
2020-02-07,TCS,5655.15,5669.26,5616.32,5642.23,2039986
2020-02-07,Wipro,501.93,505.12,500.15,504.08,4195369
2020-02-10,HCLTech,5172.02,5248.59,5163.87,5202.61,2771589
2020-02-10,Infosys,2262.77,2293.65,2238.71,2266.71,4696822
2020-02-10,TCS,5606.0,5623.62,5585.86,5592.16,2027919
2020-02-10,Wipro,510.46,520.1,506.75,516.93,4818262
2020-02-11,HCLTech,5143.1,5152.1,5091.43,5117.11,2800415
2020-02-11,Infosys,2308.66,2326.36,2304.91,2309.22,4064633
2020-02-11,TCS,5593.33,5628.82,5579.17,5586.93,1181896
2020-02-11,Wipro,507.16,510.85,499.13,503.93,3173051
2020-02-12,HCLTech,5110.01,5129.81,5013.5,5072.57,2052273
2020-02-12,Infosys,2320.5,2362.31,2303.73,2341.83,2612900
2020-02-12,TCS,5512.44,5521.89,5458.86,5513.7,1927157
2020-02-12,Wipro,501.46,506.42,500.31,501.36,5486489
2020-02-13,HCLTech,5093.92,5182.08,5057.67,5124.85,1858709
2020-02-13,Infosys,2392.87,2401.89,2371.91,2389.1,3208791
2020-02-13,TCS,5464.4,5505.39,5429.5,5474.88,1522506
2020-02-13,Wipro,502.65,510.07,500.78,504.87,2166877
2020-02-14,HCLTech,5049.15,5119.4,5032.5,5094.35,2934879
2020-02-14,Infosys,2399.2,2409.26,2381.81,2398.21,3530663
2020-02-14,TCS,5459.71,5545.57,5445.26,5492.45,2768800
2020-02-14,Wipro,507.27,509.11,502.83,506.07,5321994
2020-02-17,HCLTech,5081.09,5095.07,5055.13,5076.92,3399783
2020-02-17,Infosys,2388.45,2424.37,2372.78,2399.52,2264083
2020-02-17,TCS,5570.53,5585.21,5537.06,5564.57,2746599
2020-02-17,Wipro,519.81,521.89,516.77,519.65,3380565
2020-02-18,HCLTech,5042.72,5053.22,4994.1,5030.74,2717078
2020-02-18,Infosys,2421.18,2435.28,2418.3,2422.24,2279744
2020-02-18,TCS,5717.17,5751.81,5697.72,5713.82,2371528
2020-02-18,Wipro,531.55,536.08,521.02,526.85,4316004
2020-02-19,HCLTech,5123.84,5163.86,5113.94,5120.15,3054345
2020-02-19,Infosys,2405.31,2432.1,2401.65,2407.91,3300507
2020-02-19,TCS,5700.54,5768.3,5677.78,5690.53,1906851
2020-02-19,Wipro,532.5,538.07,526.14,531.05,5344067
2020-02-20,HCLTech,5188.04,5226.61,5131.52,5189.56,2372353
2020-02-20,Infosys,2432.06,2435.84,2398.11,2414.1,3309131
2020-02-20,TCS,5747.21,5809.37,5723.99,5771.48,1634838
2020-02-20,Wipro,538.75,540.82,537.97,539.28,4474896
2020-02-21,HCLTech,5114.67,5203.23,5077.03,5161.29,2778263
2020-02-21,Infosys,2400.74,2419.67,2372.77,2411.47,2215298
2020-02-21,TCS,5802.97,5840.58,5750.39,5791.19,1753530
2020-02-21,Wipro,549.51,554.43,543.77,547.12,4309311
2020-02-24,HCLTech,5208.3,5278.09,5174.89,5217.88,3322253
2020-02-24,Infosys,2375.3,2382.11,2358.97,2371.99,3458190
2020-02-24,TCS,5828.01,5869.66,5771.25,5790.41,2949617
2020-02-24,Wipro,547.77,549.87,542.62,547.89,4756727
2020-02-25,HCLTech,5201.19,5215.6,5155.01,5206.95,2441962
2020-02-25,Infosys,2367.22,2394.25,2352.55,2378.09,3977061
2020-02-25,TCS,5821.63,5839.36,5792.37,5820.19,1741431
2020-02-25,Wipro,545.41,547.04,540.22,544.78,2975185
2020-02-26,HCLTech,5175.46,5205.86,5158.89,5189.39,3295820
2020-02-26,Infosys,2362.47,2372.48,2334.59,2368.01,3063292
2020-02-26,TCS,5829.57,5845.97,5793.09,5830.7,1248606
2020-02-26,Wipro,559.27,561.9,551.12,554.96,3065789
2020-02-27,HCLTech,5144.22,5211.36,5137.85,5192.81,1874978
2020-02-27,Infosys,2366.37,2377.69,2341.0,2363.62,3238509
2020-02-27,TCS,5849.52,5898.96,5810.99,5843.83,2457587
2020-02-27,Wipro,543.96,553.31,542.9,547.98,4223084
2020-02-28,HCLTech,5262.0,5291.98,5206.19,5246.94,2300003
2020-02-28,Infosys,2374.39,2404.65,2351.9,2376.5,3587419
2020-02-28,TCS,5867.21,5898.62,5815.69,5829.77,2699989
2020-02-28,Wipro,544.68,552.68,538.66,547.65,3844996
2020-03-02,HCLTech,5211.0,5223.15,5174.62,5188.94,2899953
2020-03-02,Infosys,2415.6,2439.18,2399.77,2415.66,3493683
2020-03-02,TCS,5745.66,5788.36,5737.45,5764.21,2787068
2020-03-02,Wipro,535.34,540.12,532.36,536.76,3757419
2020-03-03,HCLTech,5212.47,5261.63,5206.55,5232.8,3804077
2020-03-03,Infosys,2397.12,2419.57,2367.73,2393.77,2292003
2020-03-03,TCS,5695.63,5703.3,5684.08,5691.99,2461612
2020-03-03,Wipro,543.34,549.09,541.93,544.27,5123994
2020-03-04,HCLTech,5421.64,5480.73,5360.82,5426.58,2607433
2020-03-04,Infosys,2381.79,2392.66,2364.18,2386.73,2670128
2020-03-04,TCS,5718.53,5792.04,5690.79,5732.96,2543271
2020-03-04,Wipro,560.97,564.03,555.82,556.9,5035891
2020-03-05,HCLTech,5434.89,5463.39,5382.32,5448.14,2114308
2020-03-05,Infosys,2376.33,2388.24,2348.05,2367.52,2956423
2020-03-05,TCS,5716.28,5733.9,5665.37,5726.14,2021286
2020-03-05,Wipro,543.15,549.83,537.91,548.01,3327253
2020-03-06,HCLTech,5445.53,5519.04,5433.25,5458.55,3786822
2020-03-06,Infosys,2343.65,2366.57,2321.0,2346.66,2693887
2020-03-06,TCS,5702.08,5755.72,5688.14,5702.97,1320338
2020-03-06,Wipro,546.81,552.53,542.57,546.91,4370067
2020-03-09,HCLTech,5473.06,5533.4,5400.56,5459.85,2535226
2020-03-09,Infosys,2331.62,2335.46,2318.86,2332.58,4291106
2020-03-09,TCS,5735.21,5765.04,5655.77,5710.92,2011183
2020-03-09,Wipro,540.74,543.48,538.7,542.62,2925396
2020-03-10,HCLTech,5518.34,5555.0,5494.77,5504.37,2969718
2020-03-10,Infosys,2333.24,2346.71,2302.95,2329.7,3632953
2020-03-10,TCS,5792.32,5836.26,5708.45,5759.55,2264744
2020-03-10,Wipro,559.62,565.72,549.85,553.65,2911357
2020-03-11,HCLTech,5417.83,5474.51,5336.38,5389.38,2431787
2020-03-11,Infosys,2351.04,2377.41,2320.93,2348.8,2563069
2020-03-11,TCS,5784.77,5806.31,5770.58,5776.61,1946617
2020-03-11,Wipro,571.57,577.1,561.91,568.4,3345863
2020-03-12,HCLTech,5555.84,5604.88,5496.49,5527.22,2675046
2020-03-12,Infosys,2366.94,2371.45,2342.94,2360.54,3065723
2020-03-12,TCS,5743.48,5765.88,5736.05,5750.3,1928957
2020-03-12,Wipro,564.81,569.87,560.34,563.96,3957846
2020-03-13,HCLTech,5607.07,5639.42,5569.5,5611.79,2323531
2020-03-13,Infosys,2336.58,2362.21,2325.44,2333.47,4011756
2020-03-13,TCS,5867.85,5908.15,5803.65,5821.96,1649254
2020-03-13,Wipro,537.14,541.04,531.04,533.87,3510234
2020-03-16,HCLTech,5647.58,5688.13,5522.96,5569.48,4083849
2020-03-16,Infosys,2377.41,2384.87,2350.13,2372.73,2812019
2020-03-16,TCS,5905.34,5964.46,5895.79,5913.3,1636892
2020-03-16,Wipro,540.98,550.91,538.61,545.5,4377760
2020-03-17,HCLTech,5622.63,5635.46,5568.44,5580.09,3299456
2020-03-17,Infosys,2399.28,2409.96,2388.38,2402.56,3794177
2020-03-17,TCS,5937.08,5966.51,5896.44,5947.77,2888614
2020-03-17,Wipro,553.41,554.14,544.74,546.39,3987752
2020-03-18,HCLTech,5527.0,5580.63,5466.28,5544.85,3702973
2020-03-18,Infosys,2368.84,2386.99,2351.43,2379.5,4219795
2020-03-18,TCS,5974.83,6043.18,5966.26,6008.33,2909602
2020-03-18,Wipro,544.42,551.42,538.42,547.32,4998371
2020-03-19,HCLTech,5579.8,5636.32,5561.95,5576.34,2220692
2020-03-19,Infosys,2403.09,2444.73,2398.4,2417.55,4081150
2020-03-19,TCS,6111.04,6147.04,6024.42,6084.23,1998941
2020-03-19,Wipro,561.78,563.96,555.74,557.35,4461219
2020-03-20,HCLTech,5535.28,5630.97,5472.41,5589.4,1804902
2020-03-20,Infosys,2412.92,2448.48,2389.08,2429.92,3317566
2020-03-20,TCS,6173.71,6194.56,6115.38,6154.91,2115840
2020-03-20,Wipro,556.1,560.57,553.28,554.17,3249783
2020-03-23,HCLTech,5616.41,5645.63,5604.39,5615.66,2452040
2020-03-23,Infosys,2446.28,2468.93,2400.19,2428.24,4109723
2020-03-23,TCS,6244.99,6290.05,6141.79,6197.61,1643742
2020-03-23,Wipro,549.29,553.92,546.97,548.38,4789467
2020-03-24,HCLTech,5589.31,5635.69,5527.62,5543.66,4300820
2020-03-24,Infosys,2419.01,2453.88,2414.09,2441.6,2882630
2020-03-24,TCS,6212.5,6256.01,6154.99,6239.75,2274276
2020-03-24,Wipro,549.53,551.38,543.7,545.34,3366600
2020-03-25,HCLTech,5590.33,5655.99,5505.65,5514.66,2437899
2020-03-25,Infosys,2456.05,2482.1,2421.66,2443.77,5261031
2020-03-25,TCS,6306.67,6348.34,6236.5,6277.77,2843617
2020-03-25,Wipro,554.09,555.59,547.5,550.63,4343099
2020-03-26,HCLTech,5608.94,5622.06,5578.79,5612.28,3208710
2020-03-26,Infosys,2454.29,2480.99,2428.59,2462.77,3357916
2020-03-26,TCS,6226.17,6240.17,6155.21,6224.8,1472999
2020-03-26,Wipro,560.26,564.44,553.72,559.88,3624936
2020-03-27,HCLTech,5588.06,5613.95,5537.06,5578.89,2118149
2020-03-27,Infosys,2483.63,2502.5,2465.84,2471.29,4024938
2020-03-27,TCS,6288.95,6328.82,6198.39,6273.0,2194433
2020-03-27,Wipro,575.55,583.63,574.12,577.08,5212765
2020-03-30,HCLTech,5400.33,5414.99,5341.93,5384.33,2202757
2020-03-30,Infosys,2441.59,2487.14,2432.52,2464.29,2976502
2020-03-30,TCS,6173.54,6233.15,6142.98,6205.67,2227659
2020-03-30,Wipro,582.24,587.07,580.27,581.79,4629882
2020-03-31,HCLTech,5433.59,5496.22,5326.72,5381.14,2558837
2020-03-31,Infosys,2405.65,2430.93,2392.88,2408.03,3536132
2020-03-31,TCS,6198.78,6235.82,6155.47,6170.18,2222579
2020-03-31,Wipro,580.4,584.45,577.03,580.78,3482569
2020-04-01,HCLTech,5547.6,5613.43,5509.8,5574.38,3964779
2020-04-01,Infosys,2441.13,2461.88,2401.51,2426.27,3567423
2020-04-01,TCS,6267.37,6303.55,6220.63,6251.87,2777942
2020-04-01,Wipro,591.95,598.63,584.17,590.63,3702808
2020-04-02,HCLTech,5723.62,5737.51,5612.27,5649.63,3239950
2020-04-02,Infosys,2425.63,2431.22,2402.83,2418.37,2657495
2020-04-02,TCS,6307.52,6377.61,6285.72,6308.3,3005220
2020-04-02,Wipro,584.65,590.5,574.4,580.9,7691816
2020-04-03,HCLTech,5603.46,5655.58,5577.76,5612.18,1724391
2020-04-03,Infosys,2440.59,2469.8,2434.47,2444.05,2641804
2020-04-03,TCS,6415.47,6456.46,6358.64,6402.44,1908753
2020-04-03,Wipro,598.22,603.64,589.62,596.46,3108387
2020-04-06,HCLTech,5584.68,5653.33,5539.1,5616.79,2970878
2020-04-06,Infosys,2441.24,2470.77,2431.92,2461.25,3071758
2020-04-06,TCS,6380.55,6459.93,6347.61,6395.95,2288237
2020-04-06,Wipro,599.96,603.44,597.82,599.26,3463611
2020-04-07,HCLTech,5670.45,5688.6,5608.11,5679.21,2066310
2020-04-07,Infosys,2440.43,2483.37,2425.44,2454.02,3991700
2020-04-07,TCS,6327.49,6361.12,6287.72,6339.05,2033978
2020-04-07,Wipro,594.87,601.15,589.66,597.32,3497649
2020-04-08,HCLTech,5527.83,5608.12,5500.69,5549.8,2268682
2020-04-08,Infosys,2501.96,2515.08,2483.85,2487.41,2218575
2020-04-08,TCS,6325.2,6365.31,6265.77,6334.44,1762483
2020-04-08,Wipro,588.73,591.03,582.76,587.53,3172461
2020-04-09,HCLTech,5503.42,5551.86,5465.11,5492.13,2879421
2020-04-09,Infosys,2492.97,2502.41,2473.18,2496.62,2976002
2020-04-09,TCS,6312.44,6360.98,6287.1,6349.39,2111312
2020-04-09,Wipro,588.4,600.66,587.62,594.72,3239839
2020-04-10,HCLTech,5486.76,5537.21,5460.55,5531.36,3439061
2020-04-10,Infosys,2503.88,2515.85,2500.68,2504.64,4158378
2020-04-10,TCS,6380.37,6416.28,6319.09,6363.07,2287471
2020-04-10,Wipro,589.29,594.7,584.34,592.25,3914005
2020-04-13,HCLTech,5668.89,5734.41,5645.12,5664.96,3405407
2020-04-13,Infosys,2506.58,2524.9,2479.59,2503.6,2501085
2020-04-13,TCS,6461.82,6515.81,6407.44,6437.61,2088681
2020-04-13,Wipro,594.04,599.24,586.65,591.78,4399984
2020-04-14,HCLTech,5657.31,5672.88,5598.14,5638.93,2778259
2020-04-14,Infosys,2543.92,2571.45,2520.84,2557.88,4112088
2020-04-14,TCS,6411.81,6491.66,6350.04,6425.99,1676839
2020-04-14,Wipro,577.97,584.11,570.03,574.76,2908581
2020-04-15,HCLTech,5815.03,5820.86,5760.45,5772.93,2786078
2020-04-15,Infosys,2543.59,2569.32,2512.53,2539.24,2553824
2020-04-15,TCS,6462.8,6509.49,6403.84,6455.71,1822911
2020-04-15,Wipro,570.71,574.83,568.79,570.79,3618307
2020-04-16,HCLTech,5740.24,5772.96,5662.87,5721.13,3403328
2020-04-16,Infosys,2528.13,2554.12,2521.21,2532.58,2664036
2020-04-16,TCS,6402.44,6459.32,6395.44,6407.8,1825704
2020-04-16,Wipro,566.2,567.74,562.85,565.48,3405858
2020-04-17,HCLTech,5502.94,5516.96,5451.0,5464.75,1897244
2020-04-17,Infosys,2501.46,2509.83,2479.32,2498.38,3107151
2020-04-17,TCS,6449.82,6468.84,6389.93,6443.15,1689881
2020-04-17,Wipro,571.6,572.33,566.23,570.27,3165140
2020-04-20,HCLTech,5514.13,5570.73,5498.06,5530.51,3747101
2020-04-20,Infosys,2517.29,2540.89,2493.15,2523.41,4654537
2020-04-20,TCS,6439.93,6461.77,6421.44,6452.68,2129431
2020-04-20,Wipro,570.49,575.28,566.61,568.04,4881496
2020-04-21,HCLTech,5591.95,5616.7,5571.37,5581.16,2244123
2020-04-21,Infosys,2492.46,2533.22,2475.82,2508.98,2815526
2020-04-21,TCS,6400.74,6480.89,6343.33,6418.58,2174436
2020-04-21,Wipro,541.39,543.96,539.91,542.08,3432508
2020-04-22,HCLTech,5586.37,5664.88,5557.35,5647.73,2739113
2020-04-22,Infosys,2493.51,2524.97,2487.43,2497.99,2262698
2020-04-22,TCS,6435.55,6453.81,6367.82,6414.26,2432819
2020-04-22,Wipro,535.21,539.3,530.56,538.53,3041393
2020-04-23,HCLTech,5708.77,5779.58,5655.48,5711.96,2354340
2020-04-23,Infosys,2492.34,2505.66,2480.45,2485.64,2417571
2020-04-23,TCS,6411.64,6425.77,6376.91,6412.93,1684759
2020-04-23,Wipro,526.37,528.88,523.61,525.09,4769894
2020-04-24,HCLTech,5747.08,5773.86,5673.03,5736.2,2063306
2020-04-24,Infosys,2494.75,2522.61,2471.53,2490.63,3855653
2020-04-24,TCS,6447.57,6520.52,6351.32,6406.64,1781848
2020-04-24,Wipro,522.19,526.06,515.18,515.79,5137376
2020-04-27,HCLTech,5737.71,5769.62,5691.24,5724.31,2851455
2020-04-27,Infosys,2456.91,2460.34,2440.69,2456.59,2440499
2020-04-27,TCS,6519.98,6595.6,6451.08,6519.03,2729343
2020-04-27,Wipro,522.62,529.38,521.03,525.66,4194715
2020-04-28,HCLTech,5671.58,5739.7,5651.24,5715.49,2725954
2020-04-28,Infosys,2403.38,2423.67,2367.45,2394.33,4058217
2020-04-28,TCS,6503.69,6573.43,6441.48,6522.69,1935272
2020-04-28,Wipro,509.97,511.83,509.04,510.38,3313895
2020-04-29,HCLTech,5676.7,5745.61,5625.71,5687.56,2545769
2020-04-29,Infosys,2408.46,2433.66,2383.96,2410.52,3244979
2020-04-29,TCS,6543.05,6576.85,6472.19,6517.81,2012088
2020-04-29,Wipro,512.31,517.48,510.21,513.56,3783924
2020-04-30,HCLTech,5657.56,5682.44,5609.08,5664.51,2521813
2020-04-30,Infosys,2353.64,2367.0,2331.99,2353.08,3179412
2020-04-30,TCS,6417.92,6483.16,6347.86,6405.18,1931170
2020-04-30,Wipro,517.15,520.0,504.58,509.35,3508845
2020-05-01,HCLTech,5519.61,5544.53,5472.71,5531.23,3527893
2020-05-01,Infosys,2375.49,2382.95,2347.44,2380.28,3396045
2020-05-01,TCS,6377.61,6398.35,6327.69,6363.02,2508671
2020-05-01,Wipro,500.38,506.57,495.55,503.42,3960681
2020-05-04,HCLTech,5465.77,5524.23,5414.37,5446.38,4031232
2020-05-04,Infosys,2438.0,2458.87,2407.25,2428.23,2726358
2020-05-04,TCS,6381.02,6417.54,6295.6,6357.13,2528203
2020-05-04,Wipro,494.56,500.32,493.68,495.06,4615759
2020-05-05,HCLTech,5436.53,5458.73,5397.29,5442.31,3340404
2020-05-05,Infosys,2429.43,2441.01,2421.56,2426.45,3289465
2020-05-05,TCS,6314.12,6358.29,6250.22,6327.12,2498745
2020-05-05,Wipro,497.22,499.29,493.6,498.36,3979868
2020-05-06,HCLTech,5284.91,5340.07,5273.45,5282.34,2748329
2020-05-06,Infosys,2461.87,2474.23,2457.31,2467.64,2520698
2020-05-06,TCS,6412.93,6486.32,6396.83,6415.5,2010655
2020-05-06,Wipro,498.74,506.12,497.76,502.7,3997178
2020-05-07,HCLTech,5131.48,5181.66,5112.24,5143.81,1873967
2020-05-07,Infosys,2454.57,2476.71,2430.09,2469.97,4190956
2020-05-07,TCS,6411.71,6486.5,6388.52,6415.18,1679775
2020-05-07,Wipro,483.75,489.18,482.27,487.76,3609890
2020-05-08,HCLTech,5154.46,5206.3,5070.23,5127.64,2947456
2020-05-08,Infosys,2532.66,2556.62,2508.41,2520.93,2605675
2020-05-08,TCS,6472.93,6552.33,6447.23,6499.3,2939353
2020-05-08,Wipro,500.19,501.7,493.61,498.4,4568876
2020-05-11,HCLTech,5154.96,5164.09,5118.78,5126.26,2973648
2020-05-11,Infosys,2502.41,2517.93,2474.47,2510.25,3493579
2020-05-11,TCS,6506.8,6526.65,6488.4,6512.2,2373602
2020-05-11,Wipro,490.49,494.27,482.59,488.3,4305751
2020-05-12,HCLTech,5103.89,5170.9,5081.85,5111.61,3033684
2020-05-12,Infosys,2443.74,2459.2,2437.38,2443.0,2601792
2020-05-12,TCS,6551.19,6592.49,6488.98,6523.67,1825429
2020-05-12,Wipro,490.43,496.28,488.47,492.16,2769471
2020-05-13,HCLTech,5021.28,5042.85,4934.33,4951.63,2069517
2020-05-13,Infosys,2467.91,2496.72,2435.85,2443.64,2876314
2020-05-13,TCS,6532.61,6556.77,6507.34,6527.73,2658895
2020-05-13,Wipro,486.53,490.26,477.63,482.23,2801058
2020-05-14,HCLTech,5049.1,5076.44,5036.82,5068.1,3081832
2020-05-14,Infosys,2505.7,2529.12,2473.54,2497.28,2969472
2020-05-14,TCS,6509.55,6607.38,6460.4,6537.21,1796832
2020-05-14,Wipro,471.94,484.02,469.69,478.68,3743291
2020-05-15,HCLTech,4999.35,5046.41,4919.18,4974.73,3553129
2020-05-15,Infosys,2533.5,2551.28,2490.44,2516.41,5809069
2020-05-15,TCS,6616.0,6665.28,6601.99,6648.5,2651930
2020-05-15,Wipro,464.49,472.75,460.02,468.19,4857038
2020-05-18,HCLTech,4902.6,4940.09,4890.91,4925.5,2136111
2020-05-18,Infosys,2498.27,2520.98,2471.94,2503.92,3190767
2020-05-18,TCS,6554.6,6565.07,6494.44,6520.32,2688017
2020-05-18,Wipro,461.74,465.63,458.39,464.15,5051190
2020-05-19,HCLTech,4864.93,4888.58,4815.6,4846.54,2981548
2020-05-19,Infosys,2528.2,2535.38,2511.59,2516.85,2715143
2020-05-19,TCS,6411.08,6469.01,6357.74,6412.91,1663378
2020-05-19,Wipro,462.84,466.57,459.6,462.87,4659388
2020-05-20,HCLTech,4959.75,4997.15,4892.3,4942.88,2210361
2020-05-20,Infosys,2549.69,2564.76,2536.15,2549.41,2927766
2020-05-20,TCS,6377.55,6428.82,6343.21,6390.57,2246781
2020-05-20,Wipro,452.49,457.33,448.01,453.78,3881263
2020-05-21,HCLTech,4954.94,4988.3,4949.77,4979.56,2546341
2020-05-21,Infosys,2553.75,2560.37,2529.15,2549.83,2368403
2020-05-21,TCS,6394.79,6465.73,6358.75,6400.31,2338676
2020-05-21,Wipro,456.16,460.44,452.21,456.74,5361666
2020-05-22,HCLTech,4950.87,4970.0,4940.01,4954.04,2150656
2020-05-22,Infosys,2657.05,2662.15,2605.33,2634.6,3097494
2020-05-22,TCS,6419.19,6460.87,6356.43,6449.13,3374101
2020-05-22,Wipro,462.21,464.85,455.42,460.8,3461822
2020-05-25,HCLTech,4969.04,5000.74,4900.33,4923.77,2423878
2020-05-25,Infosys,2618.32,2627.15,2608.82,2621.38,4633757
2020-05-25,TCS,6514.74,6578.66,6408.88,6485.6,1724068
2020-05-25,Wipro,488.67,494.25,481.79,484.2,3736277
2020-05-26,HCLTech,4923.77,4971.34,4910.86,4943.46,2427640
2020-05-26,Infosys,2656.45,2676.83,2636.03,2656.23,3422457
2020-05-26,TCS,6464.1,6481.24,6417.46,6472.11,2663539
2020-05-26,Wipro,495.27,498.29,487.1,492.77,3010504
2020-05-27,HCLTech,4874.67,4909.44,4850.44,4865.08,2823469
2020-05-27,Infosys,2673.61,2692.16,2666.71,2683.77,3833702
2020-05-27,TCS,6568.93,6577.52,6528.46,6540.69,2006950
2020-05-27,Wipro,503.91,508.79,498.64,503.73,3733055
2020-05-28,HCLTech,4906.3,4950.53,4861.49,4898.24,3106768
2020-05-28,Infosys,2674.38,2681.45,2639.85,2664.42,2667554
2020-05-28,TCS,6611.7,6651.86,6596.53,6610.62,1560294
2020-05-28,Wipro,488.09,491.41,484.95,488.34,3366757
2020-05-29,HCLTech,4866.84,4891.61,4852.83,4867.85,3315959
2020-05-29,Infosys,2647.71,2681.92,2641.35,2653.95,3072471
2020-05-29,TCS,6660.49,6683.37,6553.3,6630.57,1952576
2020-05-29,Wipro,475.09,479.68,468.73,471.8,5440486
2020-06-01,HCLTech,4869.02,4937.25,4829.94,4910.5,2282150
2020-06-01,Infosys,2701.24,2707.57,2657.39,2689.66,3333195
2020-06-01,TCS,6702.71,6753.19,6640.56,6697.3,2000986
2020-06-01,Wipro,475.27,477.82,464.53,469.66,5230435
2020-06-02,HCLTech,4971.28,4991.15,4896.33,4951.14,2794030
2020-06-02,Infosys,2678.79,2721.05,2673.4,2697.42,2767901
2020-06-02,TCS,6740.86,6749.52,6660.4,6722.77,1618288
2020-06-02,Wipro,487.36,487.85,481.78,485.4,4050945
2020-06-03,HCLTech,4917.49,4940.79,4899.89,4917.21,2087315
2020-06-03,Infosys,2717.72,2732.9,2688.31,2711.46,3466523
2020-06-03,TCS,6713.0,6722.33,6641.33,6697.82,2128849
2020-06-03,Wipro,506.34,511.21,503.95,507.91,4391555
2020-06-04,HCLTech,4810.69,4818.2,4768.78,4784.74,2543074
2020-06-04,Infosys,2654.56,2681.36,2629.22,2661.75,3619140
2020-06-04,TCS,6762.23,6823.08,6728.88,6748.96,2422279
2020-06-04,Wipro,502.87,506.4,501.32,502.05,3544699
2020-06-05,HCLTech,4780.43,4815.72,4769.63,4775.01,2622320
2020-06-05,Infosys,2694.04,2697.43,2675.48,2685.79,3566983
2020-06-05,TCS,6772.02,6794.45,6724.48,6764.61,2097586
2020-06-05,Wipro,498.98,500.12,495.03,497.16,2408403
2020-06-08,HCLTech,4687.17,4700.77,4680.25,4685.69,2161935
2020-06-08,Infosys,2697.91,2700.76,2687.65,2698.06,3104752
2020-06-08,TCS,6768.6,6829.25,6702.41,6773.56,1794593
2020-06-08,Wipro,500.68,506.61,498.98,502.43,3434259
2020-06-09,HCLTech,4706.02,4747.81,4672.25,4697.44,2907613
2020-06-09,Infosys,2692.91,2725.93,2672.55,2698.97,3980203
2020-06-09,TCS,6914.5,6978.45,6800.53,6872.9,1941484
2020-06-09,Wipro,503.77,509.01,499.82,501.03,4645443
2020-06-10,HCLTech,4664.5,4693.99,4634.75,4687.13,2520256
2020-06-10,Infosys,2709.25,2730.55,2687.75,2713.65,3039300
2020-06-10,TCS,6712.47,6742.8,6688.23,6731.67,1998183
2020-06-10,Wipro,500.69,505.97,495.66,499.86,4366342
2020-06-11,HCLTech,4690.83,4698.61,4641.13,4655.15,2681523
2020-06-11,Infosys,2693.65,2708.11,2669.61,2703.29,2984363
2020-06-11,TCS,6654.97,6717.97,6604.6,6654.88,2088845
2020-06-11,Wipro,509.7,512.32,503.26,505.97,3698325
2020-06-12,HCLTech,4569.36,4596.69,4548.56,4577.77,3321488
2020-06-12,Infosys,2696.52,2709.4,2667.21,2687.05,4269337
2020-06-12,TCS,6592.88,6618.94,6574.58,6592.57,2497058
2020-06-12,Wipro,528.44,534.64,527.37,531.71,4637590
2020-06-15,HCLTech,4652.57,4687.98,4640.73,4660.84,2386853
2020-06-15,Infosys,2670.34,2699.74,2662.54,2682.12,2564484
2020-06-15,TCS,6587.73,6622.55,6503.45,6579.39,2111788
2020-06-15,Wipro,538.79,550.42,536.31,544.73,3640528
2020-06-16,HCLTech,4667.08,4707.36,4598.23,4637.62,3081914
2020-06-16,Infosys,2667.05,2676.7,2637.27,2670.05,2276312
2020-06-16,TCS,6563.71,6585.43,6538.93,6572.59,1510752
2020-06-16,Wipro,562.37,570.52,560.94,563.77,3183470
2020-06-17,HCLTech,4805.25,4846.65,4773.89,4799.43,3469765
2020-06-17,Infosys,2747.69,2766.95,2735.94,2743.71,2690124
2020-06-17,TCS,6498.57,6565.02,6433.75,6492.13,1787258
2020-06-17,Wipro,545.82,546.69,541.6,545.74,4637673
2020-06-18,HCLTech,4802.65,4864.51,4759.05,4808.22,3427503
2020-06-18,Infosys,2795.66,2814.72,2756.74,2776.78,3457684
2020-06-18,TCS,6439.38,6488.98,6416.57,6442.8,2067523
2020-06-18,Wipro,550.5,557.72,547.37,556.79,3539303
2020-06-19,HCLTech,4848.19,4871.79,4804.24,4838.37,2503987
2020-06-19,Infosys,2747.42,2768.49,2716.87,2747.52,4136578
2020-06-19,TCS,6369.12,6442.88,6319.59,6400.94,2504206
2020-06-19,Wipro,545.62,548.59,539.47,547.72,4911683
2020-06-22,HCLTech,4862.3,4870.34,4822.45,4847.41,2140370
2020-06-22,Infosys,2815.49,2846.3,2784.4,2818.36,2804000
2020-06-22,TCS,6552.27,6628.63,6498.0,6552.07,2592743
2020-06-22,Wipro,569.46,572.93,560.53,564.88,2682532
2020-06-23,HCLTech,4874.2,4928.11,4835.74,4877.03,2255846
2020-06-23,Infosys,2809.81,2825.38,2798.6,2806.59,4600285
2020-06-23,TCS,6644.16,6698.43,6613.51,6667.23,2852181
2020-06-23,Wipro,581.18,586.78,573.77,579.23,3569357
2020-06-24,HCLTech,4981.1,5026.12,4953.29,4958.64,1893022
2020-06-24,Infosys,2786.01,2840.66,2775.92,2810.38,3217453
2020-06-24,TCS,6614.3,6722.35,6548.11,6650.54,2052934
2020-06-24,Wipro,586.45,587.64,583.19,585.94,4507441
2020-06-25,HCLTech,5011.08,5051.2,4968.02,5042.38,2982360
2020-06-25,Infosys,2829.34,2861.31,2807.78,2843.62,3126908
2020-06-25,TCS,6639.55,6698.75,6565.41,6636.69,2329861
2020-06-25,Wipro,574.69,583.49,569.34,578.52,4415262
2020-06-26,HCLTech,4931.8,4941.26,4900.45,4925.48,3019612
2020-06-26,Infosys,2775.52,2796.66,2762.45,2779.9,2699760
2020-06-26,TCS,6586.24,6660.1,6507.7,6576.13,1495192
2020-06-26,Wipro,578.41,580.07,568.66,573.87,3826941
2020-06-29,HCLTech,5010.75,5042.03,4957.95,4991.14,2661769
2020-06-29,Infosys,2766.38,2797.47,2741.38,2774.68,4727619
2020-06-29,TCS,6482.45,6553.66,6441.68,6471.7,2179561
2020-06-29,Wipro,568.57,570.85,561.81,570.07,4236589
2020-06-30,HCLTech,5047.66,5071.68,4998.3,5032.31,1974438
2020-06-30,Infosys,2739.8,2779.78,2721.32,2758.29,3105246
2020-06-30,TCS,6483.94,6561.1,6412.9,6472.36,1612997
2020-06-30,Wipro,578.64,583.01,573.51,578.3,4113713
2020-07-01,HCLTech,4986.05,5079.21,4950.43,5041.1,2416824
2020-07-01,Infosys,2777.68,2780.81,2756.82,2767.69,2451630
2020-07-01,TCS,6382.86,6437.55,6337.19,6421.83,1975140
2020-07-01,Wipro,584.36,588.76,576.41,582.86,2969777
2020-07-02,HCLTech,5166.58,5187.42,5121.5,5169.79,3426582
2020-07-02,Infosys,2785.64,2818.53,2767.23,2782.6,5231429
2020-07-02,TCS,6396.71,6486.87,6348.61,6424.19,3666050
2020-07-02,Wipro,598.95,601.41,592.0,598.3,3719428
2020-07-03,HCLTech,5273.22,5365.97,5261.53,5304.68,2937163
2020-07-03,Infosys,2784.22,2815.87,2758.64,2782.58,3462132
2020-07-03,TCS,6378.96,6441.79,6299.8,6339.43,2125183
2020-07-03,Wipro,622.07,624.9,609.41,616.25,4186112
2020-07-06,HCLTech,5412.78,5448.68,5344.47,5378.78,3040801
2020-07-06,Infosys,2772.88,2792.36,2746.16,2780.98,3754356
2020-07-06,TCS,6282.33,6354.06,6234.56,6303.08,1682674
2020-07-06,Wipro,609.49,612.47,602.85,607.29,4426184
2020-07-07,HCLTech,5334.17,5393.87,5323.96,5344.4,5038575
2020-07-07,Infosys,2820.21,2840.36,2804.99,2819.27,4479282
2020-07-07,TCS,6330.61,6356.36,6302.69,6318.44,2169951
2020-07-07,Wipro,614.14,621.04,610.71,612.84,3948240
2020-07-08,HCLTech,5292.51,5305.13,5243.32,5262.14,2776320
2020-07-08,Infosys,2838.12,2865.01,2825.89,2831.99,3618441
2020-07-08,TCS,6332.46,6419.9,6297.65,6346.17,1803505
2020-07-08,Wipro,617.96,624.81,613.36,618.3,3581931
2020-07-09,HCLTech,5292.59,5365.7,5276.27,5324.24,1688398
2020-07-09,Infosys,2832.72,2867.42,2818.88,2835.87,3888909
2020-07-09,TCS,6378.49,6399.21,6358.05,6376.89,1650368
2020-07-09,Wipro,619.24,623.46,610.68,617.56,3063000
2020-07-10,HCLTech,5443.25,5500.5,5391.63,5432.84,2086089
2020-07-10,Infosys,2848.66,2869.87,2820.79,2843.35,3234957
2020-07-10,TCS,6295.66,6349.21,6269.97,6308.23,3045835
2020-07-10,Wipro,627.61,635.73,620.26,628.44,4649922
2020-07-13,HCLTech,5286.98,5293.6,5246.24,5286.77,2763844
2020-07-13,Infosys,2899.44,2912.66,2872.3,2909.15,3705792
2020-07-13,TCS,6374.86,6417.81,6348.29,6363.6,2475666
2020-07-13,Wipro,635.09,639.79,627.1,634.33,4548802
2020-07-14,HCLTech,5447.16,5484.96,5319.39,5373.88,2609762
2020-07-14,Infosys,2918.81,2943.58,2886.46,2917.61,3178213
2020-07-14,TCS,6327.19,6344.78,6303.36,6324.47,2143102
2020-07-14,Wipro,626.76,629.44,623.09,628.11,4873152
2020-07-15,HCLTech,5391.77,5411.8,5324.61,5360.74,2512087
2020-07-15,Infosys,2916.0,2921.9,2868.43,2902.04,3187091
2020-07-15,TCS,6358.1,6424.06,6297.06,6367.09,1849254
2020-07-15,Wipro,624.83,630.79,618.68,626.8,3223991
2020-07-16,HCLTech,5261.11,5294.06,5184.38,5232.48,2520922
2020-07-16,Infosys,2853.33,2877.25,2819.24,2838.61,3277543
2020-07-16,TCS,6351.85,6385.5,6307.08,6372.9,1879468
2020-07-16,Wipro,619.57,629.91,615.62,623.16,4098810
2020-07-17,HCLTech,5325.4,5378.52,5215.9,5272.74,2222481
2020-07-17,Infosys,2808.01,2828.96,2762.57,2792.4,2955854
2020-07-17,TCS,6306.02,6360.41,6292.77,6300.71,2722753
2020-07-17,Wipro,614.27,620.42,608.98,615.32,3482815
2020-07-20,HCLTech,5353.52,5399.51,5332.88,5346.08,2801834
2020-07-20,Infosys,2782.3,2804.69,2768.17,2778.96,3539644
2020-07-20,TCS,6264.99,6353.97,6204.39,6288.97,2126468
2020-07-20,Wipro,613.34,621.7,609.82,614.64,4037332
2020-07-21,HCLTech,5322.94,5375.06,5275.4,5325.54,3436259
2020-07-21,Infosys,2777.85,2786.41,2757.61,2777.49,3537852
2020-07-21,TCS,6324.31,6354.94,6246.3,6315.8,1079595
2020-07-21,Wipro,607.68,611.83,598.11,600.71,7153679
2020-07-22,HCLTech,5247.33,5270.31,5223.15,5252.82,3676566
2020-07-22,Infosys,2755.91,2778.87,2736.81,2761.11,3769468
2020-07-22,TCS,6409.62,6466.05,6288.89,6356.81,3245712
2020-07-22,Wipro,609.9,616.63,602.55,606.1,4792362
2020-07-23,HCLTech,5394.51,5449.31,5364.0,5385.86,3655775
2020-07-23,Infosys,2753.84,2796.46,2727.8,2774.83,3636683
2020-07-23,TCS,6381.81,6399.2,6290.84,6354.73,2074581
2020-07-23,Wipro,621.34,627.73,618.62,621.86,3438952
2020-07-24,HCLTech,5269.15,5382.58,5208.07,5341.16,2147529
2020-07-24,Infosys,2742.43,2769.84,2716.37,2757.97,4773880
2020-07-24,TCS,6463.53,6530.14,6372.09,6448.92,2142173
2020-07-24,Wipro,621.0,628.92,617.49,622.66,3802918
2020-07-27,HCLTech,5434.14,5443.72,5416.3,5434.08,2589529
2020-07-27,Infosys,2727.89,2738.0,2716.6,2729.82,3949846
2020-07-27,TCS,6511.86,6588.34,6463.34,6513.61,2485530
2020-07-27,Wipro,636.05,643.62,628.23,633.59,3720574
2020-07-28,HCLTech,5331.43,5387.35,5266.61,5325.51,2441819
2020-07-28,Infosys,2750.64,2761.38,2721.08,2751.89,3070070
2020-07-28,TCS,6464.84,6521.87,6389.92,6504.44,2195100
2020-07-28,Wipro,643.41,646.2,633.55,635.59,4100365
2020-07-29,HCLTech,5357.81,5370.55,5303.9,5361.9,2926789
2020-07-29,Infosys,2816.06,2845.45,2769.15,2799.4,3503509
2020-07-29,TCS,6527.07,6610.75,6452.41,6554.31,2322232
2020-07-29,Wipro,627.35,632.31,618.94,624.21,2949114
2020-07-30,HCLTech,5355.99,5403.42,5298.87,5396.32,2557351
2020-07-30,Infosys,2779.62,2796.61,2732.72,2764.32,4244781
2020-07-30,TCS,6702.23,6746.22,6645.53,6675.2,1837493
2020-07-30,Wipro,640.41,649.86,639.25,647.38,4267528
2020-07-31,HCLTech,5463.93,5523.56,5423.25,5467.95,2485281
2020-07-31,Infosys,2766.25,2797.19,2749.56,2774.24,2646283
2020-07-31,TCS,6782.97,6846.42,6711.76,6799.86,1563908
2020-07-31,Wipro,623.33,629.81,619.32,619.95,2618945
2020-08-03,HCLTech,5546.87,5595.1,5505.65,5588.71,3477895
2020-08-03,Infosys,2722.63,2740.77,2681.1,2713.29,4787456
2020-08-03,TCS,6716.0,6789.85,6650.74,6730.81,2115293
2020-08-03,Wipro,624.33,628.98,618.04,620.25,2862666
2020-08-04,HCLTech,5578.84,5589.84,5500.54,5530.56,2651663
2020-08-04,Infosys,2662.04,2694.52,2636.39,2667.38,2740726
2020-08-04,TCS,6676.97,6723.06,6613.32,6680.46,2663044
2020-08-04,Wipro,620.44,622.26,609.93,611.9,5969297
2020-08-05,HCLTech,5569.11,5582.75,5538.98,5576.14,2665384
2020-08-05,Infosys,2657.84,2675.37,2628.54,2650.23,3831306
2020-08-05,TCS,6753.24,6827.39,6679.9,6775.87,1756962
2020-08-05,Wipro,628.76,633.29,622.36,629.74,3721557
2020-08-06,HCLTech,5420.34,5533.9,5364.2,5475.4,2824013
2020-08-06,Infosys,2697.31,2702.77,2672.72,2688.19,3204227
2020-08-06,TCS,6691.11,6740.8,6656.15,6717.02,1728998
2020-08-06,Wipro,632.9,634.8,626.46,632.35,5320373
2020-08-07,HCLTech,5370.12,5383.58,5341.85,5375.56,2976506
2020-08-07,Infosys,2678.69,2687.2,2637.4,2664.75,3167568
2020-08-07,TCS,6641.72,6677.07,6605.85,6642.77,2553209
2020-08-07,Wipro,664.16,668.17,656.76,662.28,3401653
2020-08-10,HCLTech,5360.34,5387.67,5302.96,5336.87,2979938
2020-08-10,Infosys,2634.84,2643.32,2610.06,2640.3,2465928
2020-08-10,TCS,6600.32,6688.5,6547.25,6618.89,1825215
2020-08-10,Wipro,659.67,664.08,653.89,662.85,2627395
2020-08-11,HCLTech,5376.79,5395.0,5307.9,5372.15,3546420
2020-08-11,Infosys,2654.2,2681.13,2623.25,2642.92,3836846
2020-08-11,TCS,6633.51,6663.7,6573.04,6649.01,1842337
2020-08-11,Wipro,650.46,661.57,645.07,653.97,3241895
2020-08-12,HCLTech,5479.82,5530.6,5452.98,5504.41,2010509
2020-08-12,Infosys,2624.81,2667.48,2593.39,2645.54,2473116
2020-08-12,TCS,6631.5,6698.18,6560.69,6647.83,1856175
2020-08-12,Wipro,635.87,640.68,627.87,634.27,6847573
2020-08-13,HCLTech,5635.48,5677.96,5578.85,5654.24,2774315
2020-08-13,Infosys,2636.43,2661.09,2612.3,2622.12,2397908
2020-08-13,TCS,6624.74,6644.8,6543.52,6613.85,1974175
2020-08-13,Wipro,640.89,654.85,636.48,647.15,3016683
2020-08-14,HCLTech,5622.89,5691.43,5600.13,5630.8,2547304
2020-08-14,Infosys,2686.47,2710.57,2664.82,2686.75,4035343
2020-08-14,TCS,6573.74,6646.38,6515.0,6578.55,1459975
2020-08-14,Wipro,632.34,639.46,631.58,637.6,5706418
2020-08-17,HCLTech,5647.29,5712.99,5640.09,5659.47,2448157
2020-08-17,Infosys,2679.51,2706.53,2667.36,2679.55,4577128
2020-08-17,TCS,6537.41,6589.29,6462.06,6541.09,1795492
2020-08-17,Wipro,636.16,639.49,626.26,632.9,4285928
2020-08-18,HCLTech,5703.88,5800.81,5660.95,5739.2,3025473
2020-08-18,Infosys,2661.64,2716.34,2645.57,2684.51,2800230
2020-08-18,TCS,6506.2,6541.55,6474.72,6493.97,2094302
2020-08-18,Wipro,649.17,656.47,643.14,647.14,4097026
2020-08-19,HCLTech,5803.58,5857.29,5767.18,5805.51,3369687
2020-08-19,Infosys,2668.5,2694.75,2655.88,2672.86,3910920
2020-08-19,TCS,6630.19,6658.02,6554.25,6633.16,2091318
2020-08-19,Wipro,664.82,670.54,652.21,659.6,3443798
2020-08-20,HCLTech,5758.38,5823.0,5702.79,5796.14,2309796
2020-08-20,Infosys,2703.59,2713.79,2675.66,2688.24,3752626
2020-08-20,TCS,6649.49,6693.96,6638.14,6655.32,2521227
2020-08-20,Wipro,654.38,655.54,645.41,652.47,3340270
2020-08-21,HCLTech,5833.69,5851.45,5800.56,5806.63,3643333
2020-08-21,Infosys,2724.7,2735.36,2710.68,2729.58,3141960
2020-08-21,TCS,6722.92,6800.46,6665.22,6712.96,2889332
2020-08-21,Wipro,647.27,654.2,643.73,647.22,4477716
2020-08-24,HCLTech,5832.43,5872.26,5791.6,5801.9,1952639
2020-08-24,Infosys,2794.18,2815.1,2781.29,2785.82,4180012
2020-08-24,TCS,6701.77,6746.01,6674.36,6687.68,2706466
2020-08-24,Wipro,632.25,634.19,620.07,627.14,5207758
2020-08-25,HCLTech,5760.75,5817.63,5700.51,5789.13,2925787
2020-08-25,Infosys,2761.99,2788.17,2757.62,2761.59,3096976
2020-08-25,TCS,6677.5,6721.78,6629.1,6680.6,2401461
2020-08-25,Wipro,602.79,606.74,601.79,604.39,4160155
2020-08-26,HCLTech,5745.35,5812.13,5709.22,5765.56,2175751
2020-08-26,Infosys,2811.95,2832.14,2774.31,2799.43,3548970
2020-08-26,TCS,6643.5,6704.68,6606.67,6641.81,1941382
2020-08-26,Wipro,611.5,618.34,606.44,612.79,4637651
2020-08-27,HCLTech,5747.93,5768.08,5710.16,5759.85,2286808
2020-08-27,Infosys,2821.31,2833.55,2806.58,2819.04,2490284
2020-08-27,TCS,6473.01,6522.52,6460.73,6488.97,1765675
2020-08-27,Wipro,622.28,628.02,616.99,622.53,3673615
2020-08-28,HCLTech,5730.18,5781.74,5710.26,5731.06,2631429
2020-08-28,Infosys,2842.12,2878.7,2838.61,2853.26,2511662
2020-08-28,TCS,6395.29,6449.21,6343.3,6412.65,2007164
2020-08-28,Wipro,628.34,633.53,620.14,626.56,6177485
2020-08-31,HCLTech,5651.49,5675.76,5581.25,5644.38,2400667
2020-08-31,Infosys,2851.81,2868.71,2845.72,2851.13,4042890
2020-08-31,TCS,6327.82,6357.6,6255.42,6312.5,2248499
2020-08-31,Wipro,628.41,629.34,624.52,628.68,4195496
2020-09-01,HCLTech,5729.61,5764.47,5653.4,5716.62,1466467
2020-09-01,Infosys,2864.91,2876.81,2836.73,2845.71,3572950
2020-09-01,TCS,6198.0,6214.49,6171.28,6189.32,2357342
2020-09-01,Wipro,614.95,623.05,612.71,620.73,6007054
2020-09-02,HCLTech,5774.13,5842.06,5723.19,5761.7,2938224
2020-09-02,Infosys,2884.81,2914.38,2874.38,2878.78,3110114
2020-09-02,TCS,6135.12,6189.42,6073.4,6126.32,2265429
2020-09-02,Wipro,636.27,640.39,635.32,637.34,3297794
2020-09-03,HCLTech,5963.94,5984.05,5898.61,5918.71,3038802
2020-09-03,Infosys,2911.44,2934.25,2878.23,2912.87,4686658
2020-09-03,TCS,6208.48,6274.31,6184.57,6202.99,1952112
2020-09-03,Wipro,617.05,620.51,613.26,617.17,3964153
2020-09-04,HCLTech,5954.73,5968.39,5882.66,5952.97,2517581
2020-09-04,Infosys,2997.26,3009.6,2947.47,2969.0,4676799
2020-09-04,TCS,6204.51,6272.52,6188.02,6203.6,2340862
2020-09-04,Wipro,612.4,613.51,608.3,611.96,4955972
2020-09-07,HCLTech,5884.1,5941.36,5820.45,5921.77,2478326
2020-09-07,Infosys,2991.45,3005.26,2961.05,2976.93,3493780
2020-09-07,TCS,6292.91,6360.17,6262.66,6279.12,2573641
2020-09-07,Wipro,611.96,618.86,608.95,613.69,4115240
2020-09-08,HCLTech,5827.28,5902.0,5788.03,5873.41,2413151
2020-09-08,Infosys,2984.13,3005.88,2953.51,2973.91,2391736
2020-09-08,TCS,6323.95,6361.7,6257.49,6305.35,2384952
2020-09-08,Wipro,615.6,622.25,608.73,613.64,4436393
2020-09-09,HCLTech,5927.9,5968.8,5834.18,5880.58,1846364
2020-09-09,Infosys,2892.0,2908.35,2881.68,2888.15,3129367
2020-09-09,TCS,6371.07,6397.35,6292.03,6352.81,1987235
2020-09-09,Wipro,607.36,620.85,603.21,613.56,3289509
2020-09-10,HCLTech,5944.31,6014.35,5894.88,5929.48,1807697
2020-09-10,Infosys,2842.23,2850.09,2808.82,2833.53,2709148
2020-09-10,TCS,6302.29,6354.84,6254.61,6304.29,1692788
2020-09-10,Wipro,609.38,615.34,606.4,607.78,3688410
2020-09-11,HCLTech,5918.31,5980.86,5893.01,5912.32,3053345
2020-09-11,Infosys,2829.85,2851.68,2787.89,2820.8,3257804
2020-09-11,TCS,6364.55,6437.75,6274.05,6336.8,1684777
2020-09-11,Wipro,620.63,622.63,612.72,613.66,3357611
2020-09-14,HCLTech,5807.61,5859.09,5745.61,5794.85,3217007
2020-09-14,Infosys,2758.96,2808.26,2752.23,2784.36,2653531
2020-09-14,TCS,6385.73,6443.19,6333.24,6381.14,1745260
2020-09-14,Wipro,598.0,604.27,591.55,600.29,3932160
2020-09-15,HCLTech,5742.58,5793.83,5690.1,5738.07,2929633
2020-09-15,Infosys,2816.93,2819.75,2804.73,2812.26,2519109
2020-09-15,TCS,6363.31,6404.31,6288.6,6350.65,2105519
2020-09-15,Wipro,598.87,605.5,593.16,598.65,3852084
2020-09-16,HCLTech,5754.51,5778.23,5701.99,5742.31,2804883
2020-09-16,Infosys,2767.04,2788.03,2745.14,2768.91,2035269
2020-09-16,TCS,6390.85,6445.66,6310.2,6385.17,2219113
2020-09-16,Wipro,602.29,604.27,598.61,603.22,3598388
2020-09-17,HCLTech,5794.28,5869.93,5736.58,5804.87,3040601
2020-09-17,Infosys,2747.01,2773.01,2739.67,2752.78,3308855
2020-09-17,TCS,6425.18,6486.21,6386.15,6420.18,1507180
2020-09-17,Wipro,598.65,601.62,594.78,599.52,4539258
2020-09-18,HCLTech,5717.46,5757.11,5654.02,5687.98,3000363
2020-09-18,Infosys,2735.75,2750.74,2729.22,2738.0,2020607
2020-09-18,TCS,6376.01,6461.81,6359.11,6390.8,1808229
2020-09-18,Wipro,595.58,601.8,594.24,599.45,3232512
2020-09-21,HCLTech,5697.0,5727.59,5637.35,5711.67,2222161
2020-09-21,Infosys,2760.18,2791.4,2737.06,2778.27,3001471
2020-09-21,TCS,6342.73,6402.32,6312.98,6328.73,2099720
2020-09-21,Wipro,609.26,613.95,599.32,601.66,2602456
2020-09-22,HCLTech,5706.54,5797.5,5687.21,5731.85,2718291
2020-09-22,Infosys,2737.6,2770.83,2716.23,2758.43,3676753
2020-09-22,TCS,6320.11,6356.55,6216.29,6263.72,1670647
2020-09-22,Wipro,584.18,590.88,576.89,582.76,3567909
2020-09-23,HCLTech,5651.1,5735.56,5585.66,5698.12,2450511
2020-09-23,Infosys,2788.34,2804.78,2764.36,2773.78,2769679
2020-09-23,TCS,6263.2,6295.74,6219.24,6270.6,2181315
2020-09-23,Wipro,563.02,568.97,561.67,565.4,6151986
2020-09-24,HCLTech,5647.2,5669.1,5628.81,5653.78,2456994
2020-09-24,Infosys,2785.99,2813.66,2752.63,2780.59,2575864
2020-09-24,TCS,6292.41,6333.3,6271.96,6291.0,1880732
2020-09-24,Wipro,563.84,570.71,562.62,566.63,4429443
2020-09-25,HCLTech,5632.87,5684.06,5582.53,5597.99,3265955
2020-09-25,Infosys,2782.81,2828.47,2776.8,2811.15,3156871
2020-09-25,TCS,6239.34,6276.92,6172.56,6248.12,1730591
2020-09-25,Wipro,560.53,565.04,556.31,560.31,3377197
2020-09-28,HCLTech,5598.61,5631.21,5555.85,5611.17,3562432
2020-09-28,Infosys,2833.34,2874.09,2820.14,2840.21,2711304
2020-09-28,TCS,6241.76,6322.44,6169.82,6251.36,2021395
2020-09-28,Wipro,547.14,560.41,541.54,554.66,4372353
2020-09-29,HCLTech,5664.09,5719.95,5652.62,5702.48,1626195
2020-09-29,Infosys,2849.78,2864.42,2813.34,2839.26,3321054
2020-09-29,TCS,6315.87,6357.48,6261.42,6285.22,2163231
2020-09-29,Wipro,563.94,566.28,557.32,560.21,3894108
2020-09-30,HCLTech,5809.06,5831.97,5784.45,5800.96,2470687
2020-09-30,Infosys,2778.93,2806.38,2757.38,2782.2,2602792
2020-09-30,TCS,6308.5,6361.04,6287.84,6321.89,1687826
2020-09-30,Wipro,548.39,554.51,543.95,550.17,4322438
2020-10-01,HCLTech,5694.15,5754.39,5642.79,5712.34,2444948
2020-10-01,Infosys,2789.13,2808.76,2753.5,2774.59,3133817
2020-10-01,TCS,6402.78,6443.33,6381.31,6412.35,1905271
2020-10-01,Wipro,527.91,533.81,520.87,526.62,4770451
2020-10-02,HCLTech,5742.69,5766.91,5674.27,5699.28,3279876
2020-10-02,Infosys,2786.26,2812.41,2750.29,2774.0,2985796
2020-10-02,TCS,6455.6,6540.08,6421.63,6487.96,2196099
2020-10-02,Wipro,543.88,550.04,536.53,542.39,4157845
2020-10-05,HCLTech,5557.86,5565.92,5474.49,5528.67,1945339
2020-10-05,Infosys,2767.77,2813.57,2745.32,2783.59,3192634
2020-10-05,TCS,6415.82,6474.37,6349.19,6431.15,1717258
2020-10-05,Wipro,557.53,560.43,550.74,554.15,4097610
2020-10-06,HCLTech,5504.43,5567.97,5489.51,5538.82,1429887
2020-10-06,Infosys,2757.41,2777.36,2728.13,2759.07,4437899
2020-10-06,TCS,6495.62,6546.47,6446.54,6530.67,1435618
2020-10-06,Wipro,567.78,569.05,563.61,566.02,5384878
2020-10-07,HCLTech,5582.23,5606.98,5552.99,5586.99,3063930
2020-10-07,Infosys,2791.82,2815.09,2771.56,2797.08,3330468
2020-10-07,TCS,6513.74,6582.53,6489.46,6500.79,1470838
2020-10-07,Wipro,557.12,563.34,550.47,554.52,4455894
2020-10-08,HCLTech,5691.73,5750.68,5661.85,5712.83,3152192
2020-10-08,Infosys,2781.21,2829.29,2766.15,2797.49,3539691
2020-10-08,TCS,6621.53,6654.3,6522.68,6563.39,1839579
2020-10-08,Wipro,557.11,563.31,547.36,553.54,4158947
2020-10-09,HCLTech,5541.62,5606.97,5506.79,5573.22,1819770
2020-10-09,Infosys,2749.82,2797.85,2723.9,2766.67,2824106
2020-10-09,TCS,6560.94,6606.34,6547.86,6568.52,1536433
2020-10-09,Wipro,539.72,541.96,535.13,540.84,4033914
2020-10-12,HCLTech,5488.88,5500.59,5458.61,5490.38,2536109
2020-10-12,Infosys,2742.08,2784.31,2731.52,2751.38,3346122
2020-10-12,TCS,6510.96,6566.58,6475.35,6545.23,1865637
2020-10-12,Wipro,547.41,548.45,533.83,540.05,3571960
2020-10-13,HCLTech,5524.93,5545.37,5473.91,5502.83,3530882
2020-10-13,Infosys,2808.07,2823.31,2781.8,2815.64,3028871
2020-10-13,TCS,6458.83,6504.61,6405.52,6440.55,2790262
2020-10-13,Wipro,537.65,539.28,532.5,536.46,3117985
2020-10-14,HCLTech,5378.66,5402.85,5353.85,5380.81,2095731
2020-10-14,Infosys,2841.37,2844.33,2826.42,2838.0,3219036
2020-10-14,TCS,6416.77,6487.58,6364.59,6431.48,1518051
2020-10-14,Wipro,525.84,530.2,525.19,525.93,4573936
2020-10-15,HCLTech,5381.38,5429.17,5375.1,5395.01,2653081
2020-10-15,Infosys,2886.34,2903.11,2855.65,2873.71,3643482
2020-10-15,TCS,6368.64,6436.74,6297.95,6342.63,1890093
2020-10-15,Wipro,527.68,532.78,524.56,530.49,5163485
2020-10-16,HCLTech,5384.9,5498.1,5342.99,5443.43,2878023
2020-10-16,Infosys,2843.89,2869.68,2811.85,2837.77,2895344
2020-10-16,TCS,6393.13,6408.84,6325.22,6398.81,3063653
2020-10-16,Wipro,527.1,529.71,521.34,527.79,4357337
2020-10-19,HCLTech,5330.31,5365.94,5297.22,5347.73,1954208
2020-10-19,Infosys,2823.01,2828.1,2791.89,2814.13,2955127
2020-10-19,TCS,6474.52,6563.37,6466.89,6487.42,2170099
2020-10-19,Wipro,545.55,550.89,543.42,544.17,4479364
2020-10-20,HCLTech,5373.2,5387.93,5331.33,5358.7,2322729
2020-10-20,Infosys,2787.79,2805.17,2782.37,2790.91,2903357
2020-10-20,TCS,6438.04,6497.96,6376.79,6441.65,1858189
2020-10-20,Wipro,545.09,547.1,540.51,544.76,3349714
2020-10-21,HCLTech,5234.94,5274.8,5217.53,5269.48,1853997
2020-10-21,Infosys,2803.85,2824.59,2780.23,2796.76,2892169
2020-10-21,TCS,6475.14,6501.87,6451.64,6459.71,1938221
2020-10-21,Wipro,526.12,532.21,517.42,520.1,3550382
2020-10-22,HCLTech,5406.72,5448.2,5314.79,5372.85,2515835
2020-10-22,Infosys,2788.83,2799.88,2761.14,2790.57,3312813
2020-10-22,TCS,6413.53,6438.98,6385.65,6418.13,2179334
2020-10-22,Wipro,501.93,506.1,499.2,503.17,3095442
2020-10-23,HCLTech,5373.89,5413.98,5354.46,5389.28,2219568
2020-10-23,Infosys,2768.7,2798.92,2735.58,2773.84,2975328
2020-10-23,TCS,6372.34,6409.49,6304.31,6382.32,2807520
2020-10-23,Wipro,524.49,527.46,518.47,522.25,3805283
2020-10-26,HCLTech,5347.09,5391.85,5282.56,5342.02,2710270
2020-10-26,Infosys,2783.43,2793.24,2744.4,2761.34,4317783
2020-10-26,TCS,6423.27,6495.63,6368.06,6427.29,1798542
2020-10-26,Wipro,514.97,524.53,512.12,518.63,4869227
2020-10-27,HCLTech,5240.7,5296.07,5222.94,5250.96,2951981
2020-10-27,Infosys,2708.08,2762.74,2702.81,2734.72,5468385
2020-10-27,TCS,6399.64,6452.35,6381.13,6425.33,1718797
2020-10-27,Wipro,527.82,529.05,514.82,520.61,3479223
2020-10-28,HCLTech,5250.0,5288.22,5188.65,5280.35,3432322
2020-10-28,Infosys,2706.99,2741.55,2693.37,2728.37,2856400
2020-10-28,TCS,6535.11,6574.91,6485.17,6526.94,1517987
2020-10-28,Wipro,516.53,521.61,514.29,520.43,3940713
2020-10-29,HCLTech,5393.98,5424.2,5352.12,5382.36,4145268
2020-10-29,Infosys,2769.02,2790.02,2746.91,2764.57,3393803
2020-10-29,TCS,6462.35,6555.77,6404.57,6498.82,2041666
2020-10-29,Wipro,540.61,543.73,528.6,533.59,4603353
2020-10-30,HCLTech,5309.56,5387.17,5273.14,5325.14,2710278
2020-10-30,Infosys,2711.3,2733.28,2706.4,2714.32,3938312
2020-10-30,TCS,6548.47,6627.09,6474.4,6557.63,1509849
2020-10-30,Wipro,514.87,519.15,513.83,515.31,5093265
2020-11-02,HCLTech,5271.47,5314.34,5248.87,5293.03,2440486
2020-11-02,Infosys,2708.7,2736.71,2680.24,2725.1,3034361
2020-11-02,TCS,6579.14,6633.38,6511.06,6563.42,1822830
2020-11-02,Wipro,520.13,530.98,517.7,527.5,2877401
2020-11-03,HCLTech,5177.46,5273.84,5118.79,5238.09,2412294
2020-11-03,Infosys,2757.8,2786.2,2738.7,2770.05,2622879
2020-11-03,TCS,6616.89,6678.33,6602.18,6610.58,1667641
2020-11-03,Wipro,543.92,550.18,537.83,539.31,3636264
2020-11-04,HCLTech,5388.18,5425.44,5331.9,5353.89,2143710
2020-11-04,Infosys,2752.67,2791.86,2737.32,2763.38,4530287
2020-11-04,TCS,6596.21,6615.38,6541.18,6583.96,2479289
2020-11-04,Wipro,539.34,545.78,537.22,539.06,3450912
2020-11-05,HCLTech,5213.3,5233.46,5166.06,5213.15,2843803
2020-11-05,Infosys,2755.61,2774.98,2730.56,2745.3,3670699
2020-11-05,TCS,6579.55,6650.99,6561.9,6580.9,1806638
2020-11-05,Wipro,541.23,543.57,537.33,542.78,3356686
2020-11-06,HCLTech,5337.07,5388.16,5301.71,5308.21,2354990
2020-11-06,Infosys,2789.45,2793.95,2771.64,2775.28,3410602
2020-11-06,TCS,6598.15,6624.76,6563.85,6573.88,2165244
2020-11-06,Wipro,541.04,542.57,536.3,538.86,3705070
2020-11-09,HCLTech,5296.67,5302.18,5242.86,5280.6,2883837
2020-11-09,Infosys,2761.0,2785.42,2723.66,2742.06,4277014
2020-11-09,TCS,6543.41,6559.19,6474.9,6524.38,1451109
2020-11-09,Wipro,524.65,528.37,521.65,522.46,2709591
2020-11-10,HCLTech,5304.29,5322.83,5227.3,5275.61,2157405
2020-11-10,Infosys,2722.42,2748.89,2705.45,2740.65,3732944
2020-11-10,TCS,6572.32,6649.47,6500.44,6563.09,2053300
2020-11-10,Wipro,529.01,535.07,522.09,527.63,3716470
2020-11-11,HCLTech,5236.29,5290.26,5203.93,5250.78,2368592
2020-11-11,Infosys,2690.49,2723.16,2677.57,2705.99,3169468
2020-11-11,TCS,6620.61,6641.91,6592.07,6601.29,1572261
2020-11-11,Wipro,533.46,535.64,525.19,529.66,4028106
2020-11-12,HCLTech,5233.34,5327.09,5191.07,5268.65,2834830
2020-11-12,Infosys,2629.36,2661.54,2607.68,2645.26,2632212
2020-11-12,TCS,6651.98,6668.63,6572.44,6636.28,1836786
2020-11-12,Wipro,532.74,535.42,525.77,531.89,3246792
2020-11-13,HCLTech,5234.82,5240.6,5166.01,5215.29,2535853
2020-11-13,Infosys,2654.07,2670.93,2625.17,2639.74,2899343
2020-11-13,TCS,6718.98,6781.35,6660.05,6728.29,3112379
2020-11-13,Wipro,538.4,540.31,530.94,536.2,3632613
2020-11-16,HCLTech,5296.68,5336.99,5258.89,5293.31,1770827
2020-11-16,Infosys,2603.88,2607.38,2580.38,2599.33,4071923
2020-11-16,TCS,6787.36,6846.88,6724.43,6816.15,2409892
2020-11-16,Wipro,528.33,536.24,524.55,530.07,4015676
2020-11-17,HCLTech,5363.24,5381.08,5345.01,5375.51,2592111
2020-11-17,Infosys,2599.12,2609.51,2570.35,2598.25,3667711
2020-11-17,TCS,6801.68,6818.46,6767.6,6792.68,1949288
2020-11-17,Wipro,546.8,548.27,540.87,544.17,4097012
2020-11-18,HCLTech,5321.44,5363.22,5273.66,5302.11,2214788
2020-11-18,Infosys,2635.04,2639.15,2619.33,2632.5,3082735
2020-11-18,TCS,6826.7,6878.67,6778.65,6814.97,3792159
2020-11-18,Wipro,542.14,547.83,535.95,543.91,2884669
2020-11-19,HCLTech,5360.04,5389.67,5303.58,5351.95,3292994
2020-11-19,Infosys,2690.32,2705.94,2675.85,2690.96,4556083
2020-11-19,TCS,6799.55,6863.12,6760.53,6776.23,1665478
2020-11-19,Wipro,545.01,549.57,541.92,548.89,4601330
2020-11-20,HCLTech,5342.04,5372.91,5304.14,5325.34,3157351
2020-11-20,Infosys,2680.54,2714.3,2652.33,2693.19,3100943
2020-11-20,TCS,6757.07,6842.94,6732.56,6777.03,2524872
2020-11-20,Wipro,545.14,550.01,541.33,545.85,4623515
2020-11-23,HCLTech,5302.57,5391.25,5260.41,5329.2,1646950
2020-11-23,Infosys,2731.4,2753.79,2712.06,2725.52,3898743
2020-11-23,TCS,6720.67,6758.15,6691.56,6739.88,1471985
2020-11-23,Wipro,554.94,558.87,552.35,555.91,3448043
2020-11-24,HCLTech,5470.34,5516.87,5429.88,5444.2,3052043
2020-11-24,Infosys,2735.63,2742.46,2719.68,2737.77,3343969
2020-11-24,TCS,6848.08,6896.88,6807.3,6838.17,1904772
2020-11-24,Wipro,559.85,563.89,554.31,556.59,5595059
2020-11-25,HCLTech,5392.9,5410.07,5332.32,5393.03,2810525
2020-11-25,Infosys,2710.68,2730.66,2684.09,2724.38,4710252
2020-11-25,TCS,6858.31,6928.11,6838.25,6859.85,1527434
2020-11-25,Wipro,550.31,556.42,544.64,555.37,4381803
2020-11-26,HCLTech,5492.49,5558.24,5421.67,5463.37,1932284
2020-11-26,Infosys,2667.77,2689.85,2641.35,2661.34,3720134
2020-11-26,TCS,6805.09,6864.61,6784.16,6845.63,2105604
2020-11-26,Wipro,571.12,572.26,565.09,567.2,4256933
2020-11-27,HCLTech,5524.5,5545.62,5464.53,5498.35,3099299
2020-11-27,Infosys,2708.09,2731.5,2677.56,2712.93,3229678
2020-11-27,TCS,6926.94,6949.69,6843.23,6918.76,2022513
2020-11-27,Wipro,547.36,550.62,545.94,549.51,4585537
2020-11-30,HCLTech,5501.79,5548.81,5428.89,5483.32,2012815
2020-11-30,Infosys,2680.7,2707.95,2661.59,2678.14,3087588
2020-11-30,TCS,6744.62,6791.05,6679.72,6784.09,1880643
2020-11-30,Wipro,537.96,551.95,533.11,546.38,3253383
2020-12-01,HCLTech,5508.47,5558.22,5454.65,5511.47,3269336
2020-12-01,Infosys,2720.63,2730.93,2703.58,2722.06,3190176
2020-12-01,TCS,6641.59,6706.5,6609.78,6661.39,2488197
2020-12-01,Wipro,535.93,544.86,530.44,540.02,3727012
2020-12-02,HCLTech,5549.77,5607.2,5519.06,5530.51,2284789
2020-12-02,Infosys,2749.03,2755.42,2734.72,2738.75,2767851
2020-12-02,TCS,6737.04,6758.21,6631.78,6708.42,1785551
2020-12-02,Wipro,542.25,544.61,536.17,543.3,4525890
2020-12-03,HCLTech,5471.07,5500.55,5417.56,5441.38,1919187
2020-12-03,Infosys,2708.47,2721.97,2697.39,2705.97,2434667
2020-12-03,TCS,6749.88,6810.4,6686.84,6711.19,2135108
2020-12-03,Wipro,547.56,550.01,541.47,546.03,3410085
2020-12-04,HCLTech,5411.23,5458.07,5362.56,5395.17,3973554
2020-12-04,Infosys,2705.15,2736.95,2686.38,2715.21,3403818
2020-12-04,TCS,6699.73,6803.34,6663.04,6725.43,2356690
2020-12-04,Wipro,545.08,548.7,542.44,545.54,3727754
2020-12-07,HCLTech,5321.88,5363.84,5291.36,5316.59,1908362
2020-12-07,Infosys,2788.43,2806.13,2776.15,2784.66,2876134
2020-12-07,TCS,6637.82,6666.61,6571.78,6644.71,1486616
2020-12-07,Wipro,534.11,539.32,530.58,538.2,4510909
2020-12-08,HCLTech,5314.34,5345.17,5272.06,5295.84,2212906
2020-12-08,Infosys,2839.72,2845.64,2818.51,2835.49,2874606
2020-12-08,TCS,6643.29,6697.36,6603.39,6642.39,1721961
2020-12-08,Wipro,534.97,543.1,533.34,537.6,4255722
2020-12-09,HCLTech,5382.4,5456.05,5356.16,5396.28,2301422
2020-12-09,Infosys,2823.19,2828.23,2805.54,2817.14,3143644
2020-12-09,TCS,6800.34,6822.99,6738.08,6762.3,2021660
2020-12-09,Wipro,536.32,543.06,534.53,540.36,4016779
2020-12-10,HCLTech,5480.62,5501.29,5426.17,5440.12,2373528
2020-12-10,Infosys,2804.39,2828.1,2788.78,2792.21,3233598
2020-12-10,TCS,6801.1,6819.83,6766.73,6811.66,2268633
2020-12-10,Wipro,539.13,543.65,532.41,538.25,4050372
2020-12-11,HCLTech,5288.09,5350.34,5275.86,5331.85,2989983
2020-12-11,Infosys,2787.38,2806.53,2770.03,2794.61,3204724
2020-12-11,TCS,6810.85,6884.82,6766.52,6821.08,2657523
2020-12-11,Wipro,548.4,553.13,542.73,548.71,3862509
2020-12-14,HCLTech,5312.13,5354.28,5290.72,5311.24,2630289
2020-12-14,Infosys,2795.93,2819.31,2765.48,2788.09,4530398
2020-12-14,TCS,6826.41,6865.82,6740.02,6793.19,1915485
2020-12-14,Wipro,556.55,562.7,552.15,554.4,4743851
2020-12-15,HCLTech,5317.79,5344.86,5308.37,5328.38,3178381
2020-12-15,Infosys,2807.13,2839.54,2793.88,2827.54,3653284
2020-12-15,TCS,6760.12,6845.36,6723.2,6768.1,1877334
2020-12-15,Wipro,548.06,559.28,545.22,554.21,6075759
2020-12-16,HCLTech,5367.03,5438.45,5331.54,5383.91,2800771
2020-12-16,Infosys,2850.31,2864.48,2823.12,2851.75,4877895
2020-12-16,TCS,6653.77,6699.53,6600.52,6638.65,1679721
2020-12-16,Wipro,529.14,531.65,523.03,530.92,4241125
2020-12-17,HCLTech,5342.81,5368.11,5320.5,5334.82,1860623
2020-12-17,Infosys,2790.23,2802.69,2782.95,2793.45,2931026
2020-12-17,TCS,6622.19,6671.25,6596.34,6653.07,2136446
2020-12-17,Wipro,535.26,536.71,525.66,528.47,5169103
2020-12-18,HCLTech,5214.1,5272.46,5205.01,5242.94,2902240
2020-12-18,Infosys,2825.01,2858.4,2802.26,2807.88,3743028
2020-12-18,TCS,6699.27,6742.75,6653.12,6702.89,1884615
2020-12-18,Wipro,536.28,539.44,531.66,534.12,3665456
2020-12-21,HCLTech,5294.07,5339.1,5185.06,5238.54,2724466
2020-12-21,Infosys,2799.04,2804.17,2767.45,2800.87,2963788
2020-12-21,TCS,6573.06,6628.87,6550.62,6607.51,1893336
2020-12-21,Wipro,530.08,532.14,528.38,531.07,3490275
2020-12-22,HCLTech,5245.31,5336.86,5206.16,5280.18,2294662
2020-12-22,Infosys,2808.3,2815.04,2769.94,2801.14,2860294
2020-12-22,TCS,6545.52,6637.31,6476.51,6567.31,1962795
2020-12-22,Wipro,530.29,536.44,527.39,533.6,3416635
2020-12-23,HCLTech,5272.67,5342.8,5215.29,5297.3,3936360
2020-12-23,Infosys,2787.84,2837.19,2772.58,2808.54,4914840
2020-12-23,TCS,6515.49,6571.52,6438.36,6498.29,2233283
2020-12-23,Wipro,534.8,541.08,528.42,531.08,3328845
2020-12-24,HCLTech,5205.1,5242.5,5143.59,5231.84,2936390
2020-12-24,Infosys,2844.03,2855.42,2828.05,2848.24,2744286
2020-12-24,TCS,6440.1,6471.73,6404.6,6441.11,1786754
2020-12-24,Wipro,538.1,539.86,528.09,532.93,3771931
2020-12-25,HCLTech,5366.91,5392.24,5321.33,5361.7,3138850
2020-12-25,Infosys,2870.63,2892.63,2840.89,2880.85,2047877
2020-12-25,TCS,6436.79,6487.12,6377.44,6443.26,1713804
2020-12-25,Wipro,542.22,550.94,539.61,546.16,4775583
2020-12-28,HCLTech,5380.72,5430.49,5301.8,5354.03,3160802
2020-12-28,Infosys,2883.89,2895.11,2834.55,2854.06,2777526
2020-12-28,TCS,6307.69,6375.47,6300.9,6322.59,2180364
2020-12-28,Wipro,549.9,555.7,546.58,553.57,4888479
2020-12-29,HCLTech,5382.19,5441.31,5353.54,5368.33,2390495
2020-12-29,Infosys,2843.1,2875.78,2836.59,2851.07,2141456
2020-12-29,TCS,6352.3,6417.81,6321.88,6356.72,1091990
2020-12-29,Wipro,541.38,542.13,537.98,540.43,3612369
2020-12-30,HCLTech,5357.09,5399.8,5272.4,5318.58,2951130
2020-12-30,Infosys,2835.67,2851.33,2828.38,2834.79,2645568
2020-12-30,TCS,6405.15,6417.2,6361.68,6399.08,1772536
2020-12-30,Wipro,525.41,526.5,521.81,524.18,3749076
2020-12-31,HCLTech,5379.54,5442.21,5341.64,5401.39,2769638
2020-12-31,Infosys,2778.68,2807.16,2770.42,2777.21,2695052
2020-12-31,TCS,6403.52,6411.51,6344.35,6383.73,1588651
2020-12-31,Wipro,529.61,530.75,526.02,528.0,3998364
2021-01-01,HCLTech,5462.19,5490.44,5398.64,5444.59,2325898
2021-01-01,Infosys,2754.18,2798.19,2727.77,2772.62,3222660
2021-01-01,TCS,6190.51,6256.01,6133.33,6241.91,2544155
2021-01-01,Wipro,545.14,547.48,535.36,538.85,4191728
2021-01-04,HCLTech,5460.3,5502.65,5448.55,5468.43,2036423
2021-01-04,Infosys,2827.48,2853.12,2805.93,2833.73,2123852
2021-01-04,TCS,6169.16,6218.4,6097.65,6185.34,1831180
2021-01-04,Wipro,519.43,528.67,516.46,522.62,4498014
2021-01-05,HCLTech,5386.8,5417.8,5320.02,5380.79,2612631
2021-01-05,Infosys,2779.9,2790.3,2763.26,2775.18,4064705
2021-01-05,TCS,6256.66,6295.03,6221.13,6253.52,1787832
2021-01-05,Wipro,520.43,524.5,519.45,520.3,3693096
2021-01-06,HCLTech,5493.43,5502.26,5433.11,5463.67,2923838
2021-01-06,Infosys,2774.46,2801.42,2765.75,2773.46,2198987
2021-01-06,TCS,6096.41,6113.56,6066.81,6098.31,1980645
2021-01-06,Wipro,545.1,546.39,536.54,542.63,3842832
2021-01-07,HCLTech,5476.12,5528.57,5423.92,5521.72,2608460
2021-01-07,Infosys,2744.05,2799.85,2737.58,2770.69,3119275
2021-01-07,TCS,6086.22,6119.83,6031.59,6078.49,1775483
2021-01-07,Wipro,542.07,543.03,537.04,539.65,5244771
2021-01-08,HCLTech,5655.51,5699.58,5533.98,5600.61,2506905
2021-01-08,Infosys,2772.76,2807.72,2747.38,2779.37,2999122
2021-01-08,TCS,6018.61,6053.86,5988.92,6013.54,1845255
2021-01-08,Wipro,562.07,570.96,556.83,564.37,3783226
2021-01-11,HCLTech,5599.41,5640.43,5540.02,5603.4,2614265
2021-01-11,Infosys,2758.37,2762.7,2717.06,2746.57,3774322
2021-01-11,TCS,6050.7,6069.84,6035.24,6056.51,2039223
2021-01-11,Wipro,553.57,557.3,547.49,555.69,3565740
2021-01-12,HCLTech,5553.55,5618.11,5528.95,5597.44,2454972
2021-01-12,Infosys,2705.82,2729.3,2680.68,2699.14,3433085
2021-01-12,TCS,6009.14,6085.84,5939.58,6019.13,1838112
2021-01-12,Wipro,547.31,551.08,546.69,548.9,3932154
2021-01-13,HCLTech,5564.2,5643.53,5534.03,5583.12,3544422
2021-01-13,Infosys,2667.64,2690.97,2628.82,2654.03,4057331
2021-01-13,TCS,6035.7,6086.22,5975.92,6040.37,1835475
2021-01-13,Wipro,547.48,553.1,540.36,541.64,4063010
2021-01-14,HCLTech,5766.98,5785.85,5717.2,5764.09,2744392
2021-01-14,Infosys,2684.79,2726.6,2673.75,2695.93,2976833
2021-01-14,TCS,6092.55,6124.68,6000.47,6070.54,1634138
2021-01-14,Wipro,525.71,532.72,524.08,528.96,2939144
2021-01-15,HCLTech,5701.07,5770.27,5661.63,5720.47,2358955
2021-01-15,Infosys,2677.89,2688.33,2643.7,2663.52,2915966
2021-01-15,TCS,6156.85,6211.65,6135.94,6171.07,1587865
2021-01-15,Wipro,511.72,514.55,506.22,512.76,3660348
2021-01-18,HCLTech,5570.09,5680.68,5539.38,5626.26,1811048
2021-01-18,Infosys,2646.32,2672.36,2630.93,2646.82,3475398
2021-01-18,TCS,6157.99,6186.65,6150.62,6159.21,2024402
2021-01-18,Wipro,512.89,517.16,506.82,510.4,4350484
2021-01-19,HCLTech,5599.64,5657.0,5551.16,5596.99,2499447
2021-01-19,Infosys,2731.93,2755.37,2708.39,2713.72,3931382
2021-01-19,TCS,6183.09,6247.38,6143.62,6179.52,2126478
2021-01-19,Wipro,507.9,514.0,505.66,511.4,5972670
2021-01-20,HCLTech,5535.83,5612.3,5474.91,5555.44,2316706
2021-01-20,Infosys,2689.18,2717.87,2672.04,2689.15,3774110
2021-01-20,TCS,6126.99,6171.87,6028.24,6096.95,1503079
2021-01-20,Wipro,505.34,509.08,503.77,504.52,3598500
2021-01-21,HCLTech,5672.48,5727.71,5629.5,5654.41,2299563
2021-01-21,Infosys,2676.35,2722.75,2648.74,2699.46,3412733
2021-01-21,TCS,6156.3,6201.83,6140.78,6162.13,2328293
2021-01-21,Wipro,493.95,500.93,493.27,499.9,4661187
2021-01-22,HCLTech,5519.25,5581.71,5505.94,5548.22,3139406
2021-01-22,Infosys,2743.16,2771.62,2729.1,2733.39,3352422
2021-01-22,TCS,6138.15,6205.79,6105.63,6119.64,2330206
2021-01-22,Wipro,513.39,518.87,508.99,512.76,4145965
2021-01-25,HCLTech,5566.31,5610.08,5458.54,5504.97,2641794
2021-01-25,Infosys,2761.02,2779.88,2743.77,2766.17,3176859
2021-01-25,TCS,6112.09,6174.54,6077.71,6088.42,2430470
2021-01-25,Wipro,521.66,525.6,516.93,521.49,5044491
2021-01-26,HCLTech,5533.79,5591.54,5478.56,5519.88,1857111
2021-01-26,Infosys,2717.31,2729.05,2688.49,2721.61,3473410
2021-01-26,TCS,6085.6,6147.33,6028.3,6086.82,2123625
2021-01-26,Wipro,519.28,519.83,516.03,518.75,3534331
2021-01-27,HCLTech,5624.44,5656.07,5557.43,5619.02,2942553
2021-01-27,Infosys,2681.31,2711.2,2655.33,2697.72,4807310
2021-01-27,TCS,5997.49,6022.37,5939.65,6001.47,2271779
2021-01-27,Wipro,519.61,526.2,517.45,522.46,4987485
2021-01-28,HCLTech,5693.06,5740.76,5623.66,5675.7,1894782
2021-01-28,Infosys,2725.36,2752.52,2689.46,2706.86,3048458
2021-01-28,TCS,6007.33,6029.7,5955.37,6013.56,3096128
2021-01-28,Wipro,507.72,510.25,501.99,506.99,5294713
2021-01-29,HCLTech,5754.57,5822.16,5723.68,5806.16,2986718
2021-01-29,Infosys,2763.53,2776.36,2755.55,2769.58,2975025
2021-01-29,TCS,6061.01,6118.01,6051.4,6065.9,1882955
2021-01-29,Wipro,509.03,514.74,503.68,509.16,5339950
2021-02-01,HCLTech,5820.53,5876.8,5774.16,5834.73,2364334
2021-02-01,Infosys,2761.96,2784.1,2715.39,2743.75,2929816
2021-02-01,TCS,6098.1,6135.63,6027.24,6081.71,1622566
2021-02-01,Wipro,512.47,513.76,505.64,508.29,5321610
2021-02-02,HCLTech,5869.61,5884.58,5757.54,5818.55,2645586
2021-02-02,Infosys,2721.99,2759.28,2714.69,2726.93,3459158
2021-02-02,TCS,5999.57,6050.69,5959.63,5995.21,1471577
2021-02-02,Wipro,506.62,508.99,499.93,504.59,4155645
2021-02-03,HCLTech,5879.92,5937.81,5851.56,5889.15,2587080
2021-02-03,Infosys,2729.44,2769.81,2718.4,2740.1,2093425
2021-02-03,TCS,5992.87,6049.0,5972.04,5988.43,2841357
2021-02-03,Wipro,500.02,509.35,494.73,504.6,4496428
2021-02-04,HCLTech,5776.24,5807.75,5769.59,5778.02,2524103
2021-02-04,Infosys,2775.31,2798.57,2753.44,2759.97,3114717
2021-02-04,TCS,6007.16,6054.11,5981.66,6028.49,2848819
2021-02-04,Wipro,500.52,504.9,497.92,503.15,3678035
2021-02-05,HCLTech,5629.02,5661.69,5584.61,5641.91,2711267
2021-02-05,Infosys,2781.18,2809.07,2764.35,2782.03,3816295
2021-02-05,TCS,5909.41,5951.94,5870.93,5927.45,1662341
2021-02-05,Wipro,489.22,493.3,487.86,491.12,2564358
2021-02-08,HCLTech,5761.36,5789.98,5712.81,5720.16,2642930
2021-02-08,Infosys,2752.65,2759.67,2730.85,2753.39,2880329
2021-02-08,TCS,5910.21,5948.03,5843.28,5870.43,1729241
2021-02-08,Wipro,506.5,511.3,503.37,505.92,4210027
2021-02-09,HCLTech,5730.84,5787.72,5666.01,5737.72,3778992
2021-02-09,Infosys,2720.68,2753.11,2693.2,2735.36,3321749
2021-02-09,TCS,5913.71,5940.75,5844.71,5917.02,1874513
2021-02-09,Wipro,513.83,518.93,512.97,514.38,3873255
2021-02-10,HCLTech,5780.84,5880.32,5764.36,5816.4,2719100
2021-02-10,Infosys,2736.7,2760.75,2720.08,2741.97,4879378
2021-02-10,TCS,5917.12,5981.05,5880.3,5931.57,2554862
2021-02-10,Wipro,509.98,513.07,509.27,510.54,4849652
2021-02-11,HCLTech,5821.28,5827.82,5718.77,5748.18,2731767
2021-02-11,Infosys,2788.37,2815.17,2750.85,2783.36,3419419
2021-02-11,TCS,5980.71,6035.82,5923.49,5953.81,1546024
2021-02-11,Wipro,503.21,506.3,489.38,494.36,4752589
2021-02-12,HCLTech,5814.04,5870.01,5747.71,5853.35,2256031
2021-02-12,Infosys,2759.87,2786.37,2739.02,2774.97,2044811
2021-02-12,TCS,6059.93,6097.46,6003.67,6054.56,1349620
2021-02-12,Wipro,471.21,476.08,466.32,472.74,3234457
2021-02-15,HCLTech,5906.63,5961.23,5895.53,5909.45,2805804
2021-02-15,Infosys,2767.55,2779.84,2746.38,2773.82,2413731
2021-02-15,TCS,6091.55,6146.14,6030.87,6080.47,3085303
2021-02-15,Wipro,494.17,499.49,485.88,489.86,6386111
2021-02-16,HCLTech,5883.52,5950.71,5877.35,5907.84,2118679
2021-02-16,Infosys,2734.67,2763.28,2726.66,2739.5,3043323
2021-02-16,TCS,6114.3,6157.42,6108.02,6116.96,2128934
2021-02-16,Wipro,487.64,492.14,482.56,488.1,4322877
2021-02-17,HCLTech,5905.7,5952.77,5893.06,5926.04,3272443
2021-02-17,Infosys,2801.87,2819.86,2792.43,2801.09,2724774
2021-02-17,TCS,6262.2,6323.91,6213.33,6268.49,2190280
2021-02-17,Wipro,487.87,498.33,482.36,494.61,3093987
2021-02-18,HCLTech,5925.13,6004.64,5854.94,5955.98,1932166
2021-02-18,Infosys,2823.44,2852.43,2785.35,2805.95,3266854
2021-02-18,TCS,6253.62,6278.7,6230.59,6256.96,1919617
2021-02-18,Wipro,486.59,491.42,481.85,486.01,3181870
2021-02-19,HCLTech,5870.56,5948.14,5801.94,5886.11,2196312
2021-02-19,Infosys,2838.6,2860.07,2813.25,2842.18,3016917
2021-02-19,TCS,6185.77,6269.48,6154.05,6212.77,2195268
2021-02-19,Wipro,486.52,488.64,477.78,483.11,2587631
2021-02-22,HCLTech,5883.97,5906.55,5825.03,5855.66,1877019
2021-02-22,Infosys,2834.69,2872.23,2825.47,2842.92,4040486
2021-02-22,TCS,6235.66,6292.69,6180.97,6237.39,1477432
2021-02-22,Wipro,482.59,485.43,475.32,480.67,4660037
2021-02-23,HCLTech,5829.55,5921.46,5776.08,5884.14,2827633
2021-02-23,Infosys,2878.6,2897.56,2827.6,2845.59,2572516
2021-02-23,TCS,6268.64,6293.29,6218.14,6262.8,1690396
2021-02-23,Wipro,483.33,487.46,480.61,482.55,3599954
2021-02-24,HCLTech,5886.8,5894.03,5797.33,5850.54,2388670
2021-02-24,Infosys,2789.53,2821.47,2775.81,2794.61,3069918
2021-02-24,TCS,6270.41,6315.02,6202.45,6233.96,2042508
2021-02-24,Wipro,483.2,485.83,477.6,483.13,3381153
2021-02-25,HCLTech,5763.43,5829.16,5720.74,5732.77,2982306
2021-02-25,Infosys,2721.06,2747.55,2705.2,2723.24,3342110
2021-02-25,TCS,6178.83,6243.14,6159.6,6177.15,1269939
2021-02-25,Wipro,473.5,477.96,467.9,474.98,3516621
2021-02-26,HCLTech,5772.29,5828.97,5737.26,5757.91,2139117
2021-02-26,Infosys,2760.16,2775.17,2750.66,2764.31,3425946
2021-02-26,TCS,6261.64,6331.47,6220.56,6307.85,1882580
2021-02-26,Wipro,469.53,470.82,464.98,466.88,3766597
2021-03-01,HCLTech,5830.82,5869.05,5764.41,5827.22,2891590
2021-03-01,Infosys,2763.58,2778.97,2756.53,2766.79,3295348
2021-03-01,TCS,6325.56,6384.99,6297.02,6327.44,1859512
2021-03-01,Wipro,464.74,469.61,461.07,466.01,4488083
2021-03-02,HCLTech,5924.67,5995.25,5899.95,5916.65,2919693
2021-03-02,Infosys,2774.48,2804.7,2761.02,2773.57,1975647
2021-03-02,TCS,6341.44,6414.32,6217.53,6286.95,1882515
2021-03-02,Wipro,449.54,454.99,448.0,451.36,2878881
2021-03-03,HCLTech,6004.32,6024.87,5922.47,5962.59,2712500
2021-03-03,Infosys,2742.85,2752.56,2703.42,2732.26,3253753
2021-03-03,TCS,6357.47,6424.41,6296.54,6340.15,1791280
2021-03-03,Wipro,445.71,450.35,442.19,444.56,3229522
2021-03-04,HCLTech,5981.68,6088.48,5959.63,6033.07,2616103
2021-03-04,Infosys,2707.39,2730.87,2676.16,2702.8,3104957
2021-03-04,TCS,6318.99,6369.47,6252.48,6335.16,1638807
2021-03-04,Wipro,442.33,444.03,438.85,443.17,4389876
2021-03-05,HCLTech,6140.78,6198.9,6075.28,6118.93,2672331
2021-03-05,Infosys,2749.9,2757.04,2731.69,2737.49,3803694
2021-03-05,TCS,6333.84,6382.48,6288.6,6322.06,1389217
2021-03-05,Wipro,449.81,454.71,445.57,446.2,3551886
2021-03-08,HCLTech,6105.35,6189.85,6086.05,6127.71,2167063
2021-03-08,Infosys,2807.59,2833.72,2789.81,2795.31,3697825
2021-03-08,TCS,6340.69,6431.22,6276.63,6355.52,2058745
2021-03-08,Wipro,459.64,460.53,454.57,458.28,4494036
2021-03-09,HCLTech,5974.7,6025.7,5930.5,5950.58,2096894
2021-03-09,Infosys,2777.07,2786.66,2756.81,2774.63,3357913
2021-03-09,TCS,6256.77,6329.08,6246.62,6283.51,1883482
2021-03-09,Wipro,452.01,458.4,449.14,454.23,3621186
2021-03-10,HCLTech,6031.9,6068.8,6022.76,6050.06,2898768
2021-03-10,Infosys,2801.63,2822.74,2785.87,2797.2,3406834
2021-03-10,TCS,6298.1,6319.3,6271.15,6305.02,1519058
2021-03-10,Wipro,451.12,457.78,450.05,454.38,5480832
2021-03-11,HCLTech,5997.74,6009.76,5905.92,5977.0,2415178
2021-03-11,Infosys,2816.83,2837.13,2775.55,2803.75,4193884
2021-03-11,TCS,6418.0,6427.63,6404.22,6416.15,2025170
2021-03-11,Wipro,437.65,441.64,433.92,439.23,4170468
2021-03-12,HCLTech,5840.8,5902.85,5827.69,5885.29,2846783
2021-03-12,Infosys,2786.85,2808.96,2769.16,2799.89,4027758
2021-03-12,TCS,6406.97,6507.34,6398.33,6444.86,1885432
2021-03-12,Wipro,448.32,453.32,436.74,441.77,5111779
2021-03-15,HCLTech,5749.4,5857.82,5717.37,5797.28,3545606
2021-03-15,Infosys,2893.24,2911.77,2833.33,2863.04,3381154
2021-03-15,TCS,6401.67,6461.25,6330.57,6424.89,1823836
2021-03-15,Wipro,433.83,437.09,433.38,434.48,4436416
2021-03-16,HCLTech,6001.53,6037.41,5967.96,6004.86,2372821
2021-03-16,Infosys,2841.66,2878.18,2835.44,2847.78,4914718
2021-03-16,TCS,6397.73,6421.5,6340.67,6397.52,1299225
2021-03-16,Wipro,434.03,434.58,429.45,431.96,4490438
2021-03-17,HCLTech,6087.14,6129.8,6018.24,6044.47,2305951
2021-03-17,Infosys,2886.56,2915.34,2852.87,2890.81,2822185
2021-03-17,TCS,6367.71,6406.66,6317.55,6375.9,2292632
2021-03-17,Wipro,432.01,438.5,430.97,435.57,3441165
2021-03-18,HCLTech,5975.16,5982.8,5901.47,5959.48,2436724
2021-03-18,Infosys,2889.68,2939.05,2862.41,2904.43,2524548
2021-03-18,TCS,6371.31,6430.76,6319.75,6363.39,1562890
2021-03-18,Wipro,436.56,442.56,435.13,439.55,5051931
2021-03-19,HCLTech,5920.62,5958.55,5877.45,5905.29,2620344
2021-03-19,Infosys,2889.84,2932.2,2863.69,2904.23,3193071
2021-03-19,TCS,6319.68,6382.72,6273.77,6343.91,2025468
2021-03-19,Wipro,427.6,432.04,424.86,428.11,4176386
2021-03-22,HCLTech,5932.83,5965.48,5861.33,5907.88,2939793
2021-03-22,Infosys,2964.98,2988.93,2919.38,2952.88,2969485
2021-03-22,TCS,6413.08,6480.76,6347.31,6398.67,1701471
2021-03-22,Wipro,438.92,441.09,432.42,434.24,3305324
2021-03-23,HCLTech,5944.09,5996.64,5902.64,5955.66,2585280
2021-03-23,Infosys,2992.05,3013.58,2945.36,2963.65,1954398
2021-03-23,TCS,6278.45,6359.15,6215.09,6301.91,1850400
2021-03-23,Wipro,430.34,434.64,426.84,433.86,2622940
2021-03-24,HCLTech,5999.76,6030.53,5919.0,5981.83,3940158
2021-03-24,Infosys,2953.7,2994.24,2945.91,2960.74,2808567
2021-03-24,TCS,6386.33,6461.14,6305.3,6353.37,2518354
2021-03-24,Wipro,442.03,445.94,440.31,443.79,4113533
2021-03-25,HCLTech,5890.7,5918.27,5831.71,5907.46,2828315
2021-03-25,Infosys,3015.13,3035.62,2991.26,3010.73,3427625
2021-03-25,TCS,6300.01,6402.4,6241.84,6334.16,2224363
2021-03-25,Wipro,458.14,461.64,451.2,455.55,5407943
2021-03-26,HCLTech,5927.6,5945.53,5907.46,5936.73,3039449
2021-03-26,Infosys,3059.65,3076.26,3026.36,3056.82,3163076
2021-03-26,TCS,6336.4,6382.4,6310.47,6358.24,2507171
2021-03-26,Wipro,473.57,476.88,467.42,468.84,3336308
2021-03-29,HCLTech,5883.71,5956.6,5829.28,5889.18,2580903
2021-03-29,Infosys,3114.96,3146.67,3069.47,3101.9,2739727
2021-03-29,TCS,6304.98,6356.99,6222.75,6296.7,2136618
2021-03-29,Wipro,458.17,462.9,451.89,456.91,3313923
2021-03-30,HCLTech,5963.34,6025.0,5905.39,5979.31,3183170
2021-03-30,Infosys,2988.92,3022.82,2942.32,2961.2,3227203
2021-03-30,TCS,6408.69,6416.55,6366.57,6375.18,2164903
2021-03-30,Wipro,462.14,463.97,457.69,460.18,3754827
2021-03-31,HCLTech,5985.34,6035.64,5918.84,5987.28,2495419
2021-03-31,Infosys,2996.69,3015.47,2950.64,2977.61,3279743
2021-03-31,TCS,6456.33,6533.17,6416.04,6449.92,1400626
2021-03-31,Wipro,444.73,450.49,444.01,447.25,4985540
2021-04-01,HCLTech,5919.89,5992.89,5851.24,5927.28,2285687
2021-04-01,Infosys,2982.97,2993.46,2971.89,2985.97,3691990
2021-04-01,TCS,6520.4,6545.64,6439.19,6508.85,1876938
2021-04-01,Wipro,454.01,463.18,453.05,457.8,2770247
2021-04-02,HCLTech,5967.42,6030.42,5913.08,5988.15,3116094
2021-04-02,Infosys,2992.17,3015.18,2974.97,2985.53,2814685
2021-04-02,TCS,6424.11,6477.51,6404.57,6423.75,1912029
2021-04-02,Wipro,466.44,471.91,463.24,469.82,3512255
2021-04-05,HCLTech,6019.75,6070.71,5983.94,6023.9,2570379
2021-04-05,Infosys,3016.27,3043.86,2985.91,3008.32,3811116
2021-04-05,TCS,6454.12,6541.97,6437.63,6475.02,2554560
2021-04-05,Wipro,475.51,480.91,470.27,478.14,3271151
2021-04-06,HCLTech,5992.14,6032.61,5962.3,5987.58,2730717
2021-04-06,Infosys,3018.39,3034.07,3001.37,3018.65,2572870
2021-04-06,TCS,6491.88,6519.89,6459.29,6501.91,1807421
2021-04-06,Wipro,475.15,480.82,471.31,474.47,4475932
2021-04-07,HCLTech,6020.29,6070.59,5957.01,6052.82,3164161
2021-04-07,Infosys,3030.28,3072.35,3021.88,3044.26,2893524
2021-04-07,TCS,6387.52,6478.17,6351.05,6411.95,2108800
2021-04-07,Wipro,475.46,480.37,472.63,479.13,3887441
2021-04-08,HCLTech,6122.73,6149.83,6042.57,6110.21,2673285
2021-04-08,Infosys,3025.32,3056.26,2996.96,3035.49,4494927
2021-04-08,TCS,6388.17,6421.23,6316.19,6413.95,2092372
2021-04-08,Wipro,475.13,478.6,469.87,474.38,3732127
2021-04-09,HCLTech,6202.87,6284.6,6190.01,6217.9,2523537
2021-04-09,Infosys,3106.56,3119.97,3070.43,3091.62,2607456
2021-04-09,TCS,6446.68,6484.47,6372.87,6438.53,2521066
2021-04-09,Wipro,473.55,476.9,471.9,474.49,3858499
2021-04-12,HCLTech,6290.27,6327.27,6239.56,6284.16,2335981
2021-04-12,Infosys,3138.22,3163.09,3100.78,3121.77,2804982
2021-04-12,TCS,6451.58,6514.54,6412.19,6474.45,1947211
2021-04-12,Wipro,472.03,474.42,468.05,473.71,4679818
2021-04-13,HCLTech,6249.18,6289.93,6234.05,6269.58,3215065
2021-04-13,Infosys,3140.59,3159.93,3130.91,3143.33,2490612
2021-04-13,TCS,6495.04,6528.26,6412.57,6488.5,2360101
2021-04-13,Wipro,459.54,463.84,455.43,456.98,5005887
2021-04-14,HCLTech,6158.77,6221.03,6104.07,6127.15,2428238
2021-04-14,Infosys,3166.71,3197.28,3151.68,3163.24,2712030
2021-04-14,TCS,6482.72,6557.85,6430.43,6509.35,1422156
2021-04-14,Wipro,447.68,451.83,443.07,450.39,4909736
2021-04-15,HCLTech,6176.37,6188.47,6115.44,6147.5,2573563
2021-04-15,Infosys,3224.94,3228.27,3181.1,3208.76,3289789
2021-04-15,TCS,6606.4,6679.48,6530.2,6600.23,1448231
2021-04-15,Wipro,473.47,478.59,464.19,469.21,4487858
2021-04-16,HCLTech,6149.71,6231.08,6122.51,6181.41,2753555
2021-04-16,Infosys,3226.52,3282.2,3193.06,3249.7,3685695
2021-04-16,TCS,6667.31,6708.28,6642.6,6677.58,1266780
2021-04-16,Wipro,470.96,473.6,467.03,468.51,5275510
2021-04-19,HCLTech,6206.31,6260.32,6135.42,6190.37,2751286
2021-04-19,Infosys,3240.62,3260.9,3231.06,3246.7,3188093
2021-04-19,TCS,6540.5,6588.72,6470.05,6511.59,2340452
2021-04-19,Wipro,466.97,471.11,465.77,469.9,3320022
2021-04-20,HCLTech,5981.52,6007.49,5928.18,5939.28,3184360
2021-04-20,Infosys,3314.96,3353.26,3254.32,3286.98,2998801
2021-04-20,TCS,6503.83,6573.11,6488.58,6497.2,2288463
2021-04-20,Wipro,473.44,475.2,465.66,469.87,4322484
2021-04-21,HCLTech,5972.74,6017.57,5926.44,6000.55,2563946
2021-04-21,Infosys,3299.51,3330.37,3263.51,3295.37,2495766
2021-04-21,TCS,6517.19,6579.12,6484.74,6491.87,2392915
2021-04-21,Wipro,463.22,471.2,459.43,466.46,6398170
2021-04-22,HCLTech,5903.82,5964.18,5860.16,5929.01,3423927
2021-04-22,Infosys,3357.69,3385.97,3324.23,3373.65,2766892
2021-04-22,TCS,6379.41,6403.87,6323.53,6394.61,1746606
2021-04-22,Wipro,470.64,473.05,463.16,466.82,2770275
2021-04-23,HCLTech,6012.55,6068.5,5933.07,5990.93,2473811
2021-04-23,Infosys,3421.74,3462.01,3394.75,3420.06,2348891
2021-04-23,TCS,6405.58,6478.42,6389.71,6404.45,1786820
2021-04-23,Wipro,464.45,466.23,460.42,463.48,3594654
2021-04-26,HCLTech,6101.02,6206.25,6088.43,6140.22,2800124
2021-04-26,Infosys,3410.79,3432.95,3379.65,3396.19,3707889
2021-04-26,TCS,6461.39,6491.2,6416.0,6481.39,1952162
2021-04-26,Wipro,440.48,446.55,439.42,444.89,3251530
2021-04-27,HCLTech,6100.25,6184.58,6071.83,6123.54,2506172
2021-04-27,Infosys,3457.15,3517.92,3424.38,3494.33,3759798
2021-04-27,TCS,6414.57,6470.95,6359.04,6422.93,2669488
2021-04-27,Wipro,447.64,454.65,443.65,451.3,4237774
2021-04-28,HCLTech,6135.79,6179.97,6082.61,6166.37,3951674
2021-04-28,Infosys,3411.63,3449.17,3387.7,3409.1,3174217
2021-04-28,TCS,6441.81,6494.38,6433.08,6447.13,2806428
2021-04-28,Wipro,463.5,466.46,462.21,464.68,5332716
2021-04-29,HCLTech,6197.09,6218.47,6119.92,6174.43,2423915
2021-04-29,Infosys,3431.79,3475.32,3419.98,3437.16,3495376
2021-04-29,TCS,6384.37,6460.74,6346.47,6398.99,2344117
2021-04-29,Wipro,457.63,462.8,451.96,455.14,4453969
2021-04-30,HCLTech,6204.31,6273.87,6167.42,6225.4,2468157
2021-04-30,Infosys,3387.04,3440.03,3368.66,3410.48,3812927
2021-04-30,TCS,6340.93,6382.01,6286.87,6365.25,2136889
2021-04-30,Wipro,451.38,452.56,449.21,451.86,3829869
2021-05-03,HCLTech,6231.19,6294.85,6193.3,6239.88,2660355
2021-05-03,Infosys,3491.59,3532.66,3469.33,3490.39,3265433
2021-05-03,TCS,6426.78,6474.66,6357.46,6455.46,2612280
2021-05-03,Wipro,463.76,465.59,461.61,464.33,4461255
2021-05-04,HCLTech,6177.71,6207.2,6105.96,6200.4,2464913
2021-05-04,Infosys,3501.06,3519.24,3478.09,3503.06,4228608
2021-05-04,TCS,6381.89,6488.72,6354.5,6429.1,1900237
2021-05-04,Wipro,458.16,460.78,453.39,458.04,3774812
2021-05-05,HCLTech,6162.47,6178.29,6099.77,6127.88,2768786
2021-05-05,Infosys,3471.6,3484.3,3433.85,3471.95,2607500
2021-05-05,TCS,6439.63,6478.18,6364.18,6461.09,1849580
2021-05-05,Wipro,455.6,462.88,452.86,461.37,4158534
2021-05-06,HCLTech,6245.27,6284.38,6228.71,6271.62,3324532
2021-05-06,Infosys,3457.95,3467.59,3438.85,3463.01,2984453
2021-05-06,TCS,6370.98,6410.25,6292.97,6358.4,1949051
2021-05-06,Wipro,501.47,506.26,495.66,498.87,4526806
2021-05-07,HCLTech,6272.72,6346.15,6200.7,6316.14,2677737
2021-05-07,Infosys,3420.94,3452.17,3406.8,3435.64,2914220
2021-05-07,TCS,6438.76,6529.81,6386.23,6471.26,1644447
2021-05-07,Wipro,509.0,514.64,499.24,504.72,5679475
2021-05-10,HCLTech,6350.88,6450.35,6287.97,6396.06,2697607
2021-05-10,Infosys,3404.41,3451.41,3364.97,3425.27,3642238
2021-05-10,TCS,6483.96,6565.13,6449.53,6511.97,1931207
2021-05-10,Wipro,508.02,511.88,501.89,505.5,4376201
2021-05-11,HCLTech,6460.0,6533.48,6414.85,6438.08,2483531
2021-05-11,Infosys,3404.16,3428.93,3391.7,3414.05,2402050
2021-05-11,TCS,6543.69,6565.4,6449.48,6506.88,1599459
2021-05-11,Wipro,512.38,519.09,507.35,513.75,4178003
2021-05-12,HCLTech,6557.56,6570.58,6464.86,6533.0,2350191
2021-05-12,Infosys,3397.94,3423.0,3381.9,3385.7,4274835
2021-05-12,TCS,6533.29,6574.84,6468.1,6546.4,2455053
2021-05-12,Wipro,518.25,526.26,512.81,521.15,6009699
2021-05-13,HCLTech,6497.58,6540.25,6433.57,6457.95,2650683
2021-05-13,Infosys,3402.36,3407.57,3363.86,3399.03,3580511
2021-05-13,TCS,6476.16,6551.66,6441.56,6469.61,2229739
2021-05-13,Wipro,511.65,516.56,507.22,515.15,2704997
2021-05-14,HCLTech,6432.1,6504.95,6367.12,6471.96,2603954
2021-05-14,Infosys,3416.44,3434.16,3377.15,3417.43,4541283
2021-05-14,TCS,6558.0,6596.92,6466.72,6544.74,2661951
2021-05-14,Wipro,495.92,500.4,494.64,499.47,3927060
2021-05-17,HCLTech,6517.17,6559.67,6465.59,6524.56,3287619
2021-05-17,Infosys,3364.51,3410.42,3335.9,3379.23,3174139
2021-05-17,TCS,6545.32,6555.06,6459.86,6531.67,1443817
2021-05-17,Wipro,512.28,516.34,503.86,505.02,3448840
2021-05-18,HCLTech,6730.13,6741.9,6608.6,6650.56,2146193
2021-05-18,Infosys,3309.87,3322.2,3291.72,3315.08,2866486
2021-05-18,TCS,6494.54,6548.04,6453.36,6525.76,2925561
2021-05-18,Wipro,511.77,518.07,508.82,512.03,3813748
2021-05-19,HCLTech,6901.14,6940.2,6823.79,6911.37,3477864
2021-05-19,Infosys,3340.27,3369.88,3306.7,3329.95,3649433
2021-05-19,TCS,6498.35,6534.08,6440.18,6503.08,1460314
2021-05-19,Wipro,512.41,517.61,508.63,509.49,4513574
2021-05-20,HCLTech,6939.08,6984.55,6870.37,6958.27,2524766
2021-05-20,Infosys,3360.93,3392.51,3319.76,3353.81,3932454
2021-05-20,TCS,6442.46,6553.05,6398.88,6475.38,1573788
2021-05-20,Wipro,527.84,531.94,522.76,525.02,4866752
2021-05-21,HCLTech,6900.84,6962.98,6884.08,6901.55,2678396
2021-05-21,Infosys,3379.16,3410.5,3342.87,3385.93,2773934
2021-05-21,TCS,6572.78,6601.23,6461.21,6522.32,1766469
2021-05-21,Wipro,539.56,540.76,537.3,539.08,3604611
2021-05-24,HCLTech,6812.02,6866.92,6734.82,6794.35,2101274
2021-05-24,Infosys,3373.87,3447.74,3366.69,3411.08,2146055
2021-05-24,TCS,6511.01,6552.24,6445.27,6543.8,2597868
2021-05-24,Wipro,543.68,552.12,542.91,546.89,4572777
2021-05-25,HCLTech,6733.1,6786.96,6651.15,6716.19,2909260
2021-05-25,Infosys,3468.99,3518.84,3432.4,3478.84,2220867
2021-05-25,TCS,6567.15,6632.63,6558.91,6588.86,2092295
2021-05-25,Wipro,546.17,550.82,541.46,544.39,3342655
2021-05-26,HCLTech,6631.18,6695.82,6585.08,6651.18,2145593
2021-05-26,Infosys,3516.43,3528.43,3489.03,3523.57,3371736
2021-05-26,TCS,6573.42,6607.66,6561.12,6595.0,1904808
2021-05-26,Wipro,520.96,530.44,519.01,524.53,3096266
2021-05-27,HCLTech,6375.33,6424.08,6349.59,6393.63,2801596
2021-05-27,Infosys,3627.87,3672.56,3622.95,3641.71,4354408
2021-05-27,TCS,6601.12,6658.94,6570.09,6632.32,1706802
2021-05-27,Wipro,525.12,529.74,522.02,523.13,4057089
2021-05-28,HCLTech,6331.43,6363.98,6308.77,6340.63,2747389
2021-05-28,Infosys,3776.37,3796.58,3768.09,3782.93,2466951
2021-05-28,TCS,6642.45,6721.61,6540.84,6614.21,1518860
2021-05-28,Wipro,503.07,507.45,498.53,506.37,3828934
2021-05-31,HCLTech,6389.04,6419.15,6314.19,6411.94,2436072
2021-05-31,Infosys,3719.84,3740.26,3701.54,3707.1,3030348
2021-05-31,TCS,6807.11,6866.68,6719.01,6755.36,2508469
2021-05-31,Wipro,484.24,489.32,478.9,485.58,5389222
2021-06-01,HCLTech,6387.41,6443.05,6350.33,6426.17,1720227
2021-06-01,Infosys,3613.18,3642.13,3571.87,3613.75,2984585
2021-06-01,TCS,6657.79,6678.16,6586.14,6667.78,2346383
2021-06-01,Wipro,490.16,494.19,486.33,491.52,6122585
2021-06-02,HCLTech,6467.51,6489.62,6367.47,6410.46,4005371
2021-06-02,Infosys,3631.65,3663.74,3596.0,3616.59,4698565
2021-06-02,TCS,6723.1,6791.2,6682.18,6751.12,2621213
2021-06-02,Wipro,506.71,509.56,496.62,502.26,3541620
2021-06-03,HCLTech,6261.48,6347.58,6214.02,6273.98,2105753
2021-06-03,Infosys,3618.76,3679.06,3586.66,3641.76,5027334
2021-06-03,TCS,6794.14,6861.94,6765.75,6842.18,2165195
2021-06-03,Wipro,477.81,489.06,476.46,485.19,2784278
2021-06-04,HCLTech,6363.62,6448.98,6350.22,6374.55,2745767
2021-06-04,Infosys,3637.05,3673.61,3633.35,3641.72,3483513
2021-06-04,TCS,6792.14,6813.35,6718.06,6797.36,1179070
2021-06-04,Wipro,490.37,495.71,478.66,483.22,3043047
2021-06-07,HCLTech,6418.13,6488.88,6405.97,6428.17,2246897
2021-06-07,Infosys,3646.12,3711.05,3610.66,3675.94,3829563
2021-06-07,TCS,6935.91,6994.6,6886.19,6942.82,1559290
2021-06-07,Wipro,480.89,487.86,478.25,483.34,3384325
2021-06-08,HCLTech,6432.33,6484.5,6411.87,6434.86,3206282
2021-06-08,Infosys,3660.85,3695.25,3637.78,3667.41,3808329
2021-06-08,TCS,6998.8,7059.19,6964.04,7013.17,2194866
2021-06-08,Wipro,480.7,481.68,477.64,481.08,4169330
2021-06-09,HCLTech,6260.49,6312.81,6236.44,6247.17,2409969
2021-06-09,Infosys,3624.45,3648.73,3584.0,3640.4,2477094
2021-06-09,TCS,7087.7,7152.7,7072.22,7082.76,1857448
2021-06-09,Wipro,470.79,472.02,465.66,469.56,3796410
2021-06-10,HCLTech,6197.98,6259.38,6130.53,6212.13,2236957
2021-06-10,Infosys,3639.71,3644.21,3595.82,3620.18,3679788
2021-06-10,TCS,7101.5,7178.3,7076.91,7092.66,1788502
2021-06-10,Wipro,482.23,484.64,476.61,481.23,3109905
2021-06-11,HCLTech,6292.85,6343.92,6241.37,6257.82,2928653
2021-06-11,Infosys,3621.18,3645.9,3579.97,3614.95,2609684
2021-06-11,TCS,7094.22,7120.56,7069.05,7087.0,1604002
2021-06-11,Wipro,472.46,476.49,469.18,469.96,5717444
2021-06-14,HCLTech,6281.62,6303.05,6241.38,6263.25,2016009
2021-06-14,Infosys,3670.87,3703.44,3626.3,3655.26,3092078
2021-06-14,TCS,7074.87,7160.9,7039.4,7081.92,2417333
2021-06-14,Wipro,455.79,459.42,451.64,454.04,4567043
2021-06-15,HCLTech,6282.26,6361.98,6238.85,6288.14,2393736
2021-06-15,Infosys,3630.98,3645.52,3606.56,3637.53,4019261
2021-06-15,TCS,7090.59,7162.89,7036.13,7115.24,2191060
2021-06-15,Wipro,448.94,451.88,439.05,443.22,5686518
2021-06-16,HCLTech,6336.24,6416.23,6267.44,6356.96,2984882
2021-06-16,Infosys,3613.02,3649.29,3571.72,3628.53,3252218
2021-06-16,TCS,7229.25,7257.07,7182.48,7214.11,2210868
2021-06-16,Wipro,449.43,452.0,444.28,447.36,2790095
2021-06-17,HCLTech,6413.04,6435.98,6369.22,6379.04,3514439
2021-06-17,Infosys,3640.98,3671.06,3617.49,3657.1,3989436
2021-06-17,TCS,7234.85,7309.4,7222.12,7234.57,1761959
2021-06-17,Wipro,445.18,449.82,443.06,445.51,5159449
2021-06-18,HCLTech,6440.65,6488.63,6418.91,6445.76,2144763
2021-06-18,Infosys,3656.15,3682.61,3612.57,3652.07,4149564
2021-06-18,TCS,7204.29,7214.31,7156.04,7184.16,2071772
2021-06-18,Wipro,438.13,440.56,437.5,439.66,3882536
2021-06-21,HCLTech,6339.78,6440.26,6283.42,6378.51,2300668
2021-06-21,Infosys,3733.4,3753.17,3699.95,3705.12,2251876
2021-06-21,TCS,7264.56,7316.53,7206.68,7246.5,1530499
2021-06-21,Wipro,442.54,447.51,442.06,444.16,3698498
2021-06-22,HCLTech,6310.09,6379.64,6236.46,6278.6,2789713
2021-06-22,Infosys,3674.6,3686.42,3638.05,3668.24,2070129
2021-06-22,TCS,7283.13,7381.21,7196.36,7315.83,1948737
2021-06-22,Wipro,450.78,455.24,444.59,447.13,4019511
2021-06-23,HCLTech,6306.69,6362.23,6259.14,6329.18,1743730
2021-06-23,Infosys,3616.63,3626.13,3576.75,3622.33,4037272
2021-06-23,TCS,7334.98,7398.25,7295.94,7368.19,1206304
2021-06-23,Wipro,434.01,435.74,426.52,429.23,3477783
2021-06-24,HCLTech,6425.86,6466.48,6390.98,6398.57,3411104
2021-06-24,Infosys,3636.53,3655.93,3596.92,3639.42,4069956
2021-06-24,TCS,7409.42,7505.05,7394.75,7427.08,1461588
2021-06-24,Wipro,436.31,437.71,432.03,433.55,3887224
2021-06-25,HCLTech,6374.98,6482.45,6307.82,6454.0,2128914
2021-06-25,Infosys,3660.51,3685.44,3637.32,3660.99,3368507
2021-06-25,TCS,7393.69,7445.36,7339.04,7418.33,1875142
2021-06-25,Wipro,434.44,446.91,430.18,443.19,4833538
2021-06-28,HCLTech,6463.08,6508.06,6415.47,6474.76,2382211
2021-06-28,Infosys,3658.07,3699.12,3604.61,3627.07,3461126
2021-06-28,TCS,7383.46,7459.05,7284.03,7365.91,3216104
2021-06-28,Wipro,436.3,443.82,432.39,442.52,2701189
2021-06-29,HCLTech,6491.14,6513.89,6388.65,6454.35,2739239
2021-06-29,Infosys,3709.17,3722.16,3653.41,3690.0,3825772
2021-06-29,TCS,7326.03,7339.69,7247.29,7317.93,1395145
2021-06-29,Wipro,440.96,443.79,439.6,440.98,5396534
2021-06-30,HCLTech,6482.59,6491.2,6407.22,6482.43,2626780
2021-06-30,Infosys,3784.47,3809.58,3762.62,3780.34,3811537
2021-06-30,TCS,7245.34,7265.33,7146.66,7220.29,1559602
2021-06-30,Wipro,456.13,461.7,454.73,456.61,4326558
2021-07-01,HCLTech,6545.2,6581.72,6466.96,6526.04,2144246
2021-07-01,Infosys,3757.81,3784.98,3713.6,3756.08,3011125
2021-07-01,TCS,7254.15,7291.8,7163.87,7245.09,2088617
2021-07-01,Wipro,451.2,451.95,446.4,451.14,3912790
2021-07-02,HCLTech,6546.54,6616.15,6537.76,6575.53,3668574
2021-07-02,Infosys,3832.76,3863.96,3813.56,3827.94,3874128
2021-07-02,TCS,7253.87,7329.27,7191.1,7249.1,2849181
2021-07-02,Wipro,453.71,458.7,445.14,450.14,4823100
2021-07-05,HCLTech,6841.26,6906.79,6769.33,6829.62,1553460
2021-07-05,Infosys,3731.95,3749.17,3717.44,3724.21,2985765
2021-07-05,TCS,7257.31,7276.11,7143.58,7229.94,2082526
2021-07-05,Wipro,456.62,458.03,447.82,453.18,4301901
2021-07-06,HCLTech,6751.85,6797.42,6703.12,6751.72,2077385
2021-07-06,Infosys,3770.29,3784.75,3734.51,3776.84,3359731
2021-07-06,TCS,7059.9,7134.94,7039.83,7049.46,2301533
2021-07-06,Wipro,454.42,457.29,450.04,453.92,3633921
2021-07-07,HCLTech,7082.19,7114.7,7058.62,7073.75,2289094
2021-07-07,Infosys,3729.14,3784.06,3708.81,3742.39,3330609
2021-07-07,TCS,6981.53,7006.16,6908.95,6980.03,1869416
2021-07-07,Wipro,447.74,453.16,442.71,452.05,3427129
2021-07-08,HCLTech,7030.26,7073.11,6932.69,6960.36,2150220
2021-07-08,Infosys,3807.25,3850.96,3772.16,3790.78,2694635
2021-07-08,TCS,7093.23,7135.63,6986.61,7060.23,1805834
2021-07-08,Wipro,449.64,457.13,448.46,453.14,5398949
2021-07-09,HCLTech,7053.1,7121.92,6988.13,7008.15,3318198
2021-07-09,Infosys,3751.94,3773.78,3734.6,3751.59,2758131
2021-07-09,TCS,7030.11,7064.42,6949.67,7027.56,2033145
2021-07-09,Wipro,466.68,472.27,465.22,466.49,2975730
2021-07-12,HCLTech,6928.74,6972.32,6824.79,6901.9,1866085
2021-07-12,Infosys,3767.81,3795.64,3708.6,3752.83,5002674
2021-07-12,TCS,7053.17,7076.17,7009.02,7059.93,1753281
2021-07-12,Wipro,474.94,477.0,473.01,473.7,3845536
2021-07-13,HCLTech,6969.09,7018.62,6874.0,6941.67,3550200
2021-07-13,Infosys,3746.64,3751.58,3693.71,3720.83,2677205
2021-07-13,TCS,6963.19,7061.09,6895.89,6981.59,2311741
2021-07-13,Wipro,469.83,478.73,466.57,473.44,3016842
2021-07-14,HCLTech,7016.76,7068.55,6955.65,7048.09,2459319
2021-07-14,Infosys,3723.75,3729.4,3671.36,3715.61,3445753
2021-07-14,TCS,7097.94,7139.25,7059.95,7082.23,1450477
2021-07-14,Wipro,468.46,472.69,464.91,466.52,4409899
2021-07-15,HCLTech,7045.39,7069.33,6979.19,7061.68,1980447
2021-07-15,Infosys,3808.29,3815.31,3784.38,3802.56,3593442
2021-07-15,TCS,7110.42,7171.52,7028.69,7082.76,2389644
2021-07-15,Wipro,455.74,466.15,452.43,460.8,3923111
2021-07-16,HCLTech,7115.48,7249.6,7061.31,7169.12,1708012
2021-07-16,Infosys,3853.56,3888.72,3780.99,3802.11,3165489
2021-07-16,TCS,7109.93,7163.17,7074.77,7111.06,2015787
2021-07-16,Wipro,461.33,473.07,460.83,469.13,3115501
2021-07-19,HCLTech,7093.03,7165.47,7019.21,7137.3,2490504
2021-07-19,Infosys,3907.63,3921.31,3891.24,3904.23,3659947
2021-07-19,TCS,7301.55,7349.14,7216.57,7271.53,1915929
2021-07-19,Wipro,453.74,460.13,450.65,456.25,3361860
2021-07-20,HCLTech,6915.61,6979.21,6891.3,6945.71,2259440
2021-07-20,Infosys,3873.04,3902.61,3850.83,3890.82,3417630
2021-07-20,TCS,7336.02,7439.14,7274.17,7381.69,1439866
2021-07-20,Wipro,480.96,486.43,471.68,476.82,4035684
2021-07-21,HCLTech,7016.4,7033.28,6990.05,7017.4,2725932
2021-07-21,Infosys,3961.15,3970.16,3954.49,3965.83,2688814
2021-07-21,TCS,7370.33,7451.84,7334.82,7371.62,1644093
2021-07-21,Wipro,481.54,485.88,472.66,476.95,4234687
2021-07-22,HCLTech,6988.87,7077.65,6936.38,7030.94,2375949
2021-07-22,Infosys,3919.34,3924.25,3889.96,3893.88,3562684
2021-07-22,TCS,7341.71,7406.46,7316.9,7342.64,2541812
2021-07-22,Wipro,461.0,470.46,458.68,465.65,2715185
2021-07-23,HCLTech,6993.06,7058.11,6923.75,6994.4,3147699
2021-07-23,Infosys,3864.13,3906.4,3841.01,3885.19,2869705
2021-07-23,TCS,7314.67,7381.72,7281.47,7331.44,1918276
2021-07-23,Wipro,463.13,469.51,462.32,467.58,3473661
2021-07-26,HCLTech,6959.56,7024.35,6888.62,6964.82,2526950
2021-07-26,Infosys,3852.75,3891.84,3817.28,3864.95,4532549
2021-07-26,TCS,7431.14,7491.31,7314.3,7375.55,2114517
2021-07-26,Wipro,463.5,464.83,459.58,461.29,4130444
2021-07-27,HCLTech,6976.31,7088.22,6894.41,7015.19,2388653
2021-07-27,Infosys,3960.07,3989.25,3918.82,3941.71,3486770
2021-07-27,TCS,7377.45,7435.59,7315.14,7378.99,1677392
2021-07-27,Wipro,456.95,461.9,453.96,458.22,5094997
2021-07-28,HCLTech,6998.3,7027.35,6880.99,6946.18,3158705
2021-07-28,Infosys,3950.78,3979.17,3924.32,3955.29,2781860
2021-07-28,TCS,7353.77,7405.66,7286.45,7363.22,1988411
2021-07-28,Wipro,450.17,451.87,444.6,446.31,4731046
2021-07-29,HCLTech,6948.16,7024.6,6923.42,6993.4,2721396
2021-07-29,Infosys,3860.35,3885.52,3837.56,3862.13,3426737
2021-07-29,TCS,7472.32,7531.14,7453.83,7471.71,1520009
2021-07-29,Wipro,446.88,449.44,440.54,444.79,3652100
2021-07-30,HCLTech,7160.7,7243.91,7096.41,7121.6,3035687
2021-07-30,Infosys,3823.75,3859.25,3780.69,3806.55,2659611
2021-07-30,TCS,7427.67,7518.62,7353.36,7474.68,2040354
2021-07-30,Wipro,430.97,435.45,423.65,428.49,4884725
2021-08-02,HCLTech,7260.56,7385.41,7217.71,7341.2,3271483
2021-08-02,Infosys,3753.88,3780.96,3718.1,3765.2,3369305
2021-08-02,TCS,7623.63,7713.22,7558.3,7641.9,2153889
2021-08-02,Wipro,422.07,427.63,420.83,424.26,3755723
2021-08-03,HCLTech,7493.24,7574.79,7432.15,7498.46,2451625
2021-08-03,Infosys,3788.89,3826.11,3751.6,3812.33,3058765
2021-08-03,TCS,7682.86,7772.43,7648.87,7659.1,2132446
2021-08-03,Wipro,419.53,424.3,417.91,418.36,2142163
2021-08-04,HCLTech,7482.96,7585.16,7433.25,7527.0,2619965
2021-08-04,Infosys,3831.68,3894.17,3792.52,3854.09,2712244
2021-08-04,TCS,7778.91,7884.43,7742.41,7794.34,1669343
2021-08-04,Wipro,420.26,422.32,414.16,414.96,5335963
2021-08-05,HCLTech,7541.61,7588.45,7528.47,7565.83,3077975
2021-08-05,Infosys,3854.39,3887.47,3832.15,3844.98,2705434
2021-08-05,TCS,7810.27,7909.22,7762.37,7830.69,1867754
2021-08-05,Wipro,410.02,411.69,405.62,409.65,4383403
2021-08-06,HCLTech,7602.28,7689.95,7487.67,7535.15,1592619
2021-08-06,Infosys,3828.66,3852.57,3801.41,3824.5,5207696
2021-08-06,TCS,7942.93,8003.45,7870.95,7910.23,2226845
2021-08-06,Wipro,410.15,411.64,409.5,410.27,4153308
2021-08-09,HCLTech,7485.0,7532.0,7410.24,7497.74,2547615
2021-08-09,Infosys,3851.09,3877.87,3812.04,3862.31,3259028
2021-08-09,TCS,7903.45,7976.5,7852.12,7870.16,1917188
2021-08-09,Wipro,416.11,422.15,412.27,417.25,4006585
2021-08-10,HCLTech,7560.54,7662.83,7532.99,7601.57,2485659
2021-08-10,Infosys,3796.53,3824.6,3753.4,3815.06,2935280
2021-08-10,TCS,7833.95,7857.13,7795.54,7821.2,1888317
2021-08-10,Wipro,416.12,422.75,413.85,420.34,4249654
2021-08-11,HCLTech,7598.75,7627.63,7520.08,7580.62,2801967
2021-08-11,Infosys,3836.48,3846.27,3809.73,3840.85,2835354
2021-08-11,TCS,7853.72,7914.3,7843.75,7864.99,2926598
2021-08-11,Wipro,427.7,435.46,425.27,430.67,4005847
2021-08-12,HCLTech,7618.08,7687.33,7587.86,7631.37,2215082
2021-08-12,Infosys,3881.03,3921.3,3838.06,3862.87,3516211
2021-08-12,TCS,7940.78,7977.21,7924.71,7946.77,1653591
2021-08-12,Wipro,424.82,429.26,420.98,427.21,3775269
2021-08-13,HCLTech,7546.46,7598.93,7487.26,7540.89,3236850
2021-08-13,Infosys,3841.46,3883.99,3805.31,3854.97,2816377
2021-08-13,TCS,7941.03,7969.44,7909.83,7961.17,2482412
2021-08-13,Wipro,425.67,431.89,423.74,430.1,3510202
2021-08-16,HCLTech,7664.45,7728.68,7597.69,7698.87,2243324
2021-08-16,Infosys,3867.47,3884.09,3821.42,3878.25,2570825
2021-08-16,TCS,7856.29,7972.63,7777.57,7880.94,1587580
2021-08-16,Wipro,429.12,437.43,424.87,433.32,4062037
2021-08-17,HCLTech,7643.61,7767.24,7618.54,7676.08,2371939
2021-08-17,Infosys,3868.47,3898.53,3846.48,3887.86,3179321
2021-08-17,TCS,7770.74,7878.22,7717.95,7796.34,2279835
2021-08-17,Wipro,436.02,446.25,435.13,442.79,3353617
2021-08-18,HCLTech,7775.91,7825.87,7704.88,7805.98,2276477
2021-08-18,Infosys,3909.99,3931.99,3898.98,3916.03,3174521
2021-08-18,TCS,7693.02,7759.28,7649.41,7708.01,2304301
2021-08-18,Wipro,435.25,440.36,431.37,437.4,3182923
2021-08-19,HCLTech,7771.78,7817.43,7676.08,7741.44,3325060
2021-08-19,Infosys,3864.14,3879.19,3819.39,3858.66,2943925
2021-08-19,TCS,7572.65,7626.21,7509.92,7597.37,1805927
2021-08-19,Wipro,445.95,448.55,439.2,444.06,4221769
2021-08-20,HCLTech,7663.21,7682.06,7629.19,7671.74,1713256
2021-08-20,Infosys,3926.81,3954.42,3857.77,3892.08,2677523
2021-08-20,TCS,7578.47,7681.56,7525.75,7615.89,1567766
2021-08-20,Wipro,436.78,440.33,435.55,437.65,4866103
2021-08-23,HCLTech,7787.72,7894.44,7703.27,7827.83,3716890
2021-08-23,Infosys,3948.86,3970.16,3935.0,3945.25,2959311
2021-08-23,TCS,7709.88,7754.47,7685.7,7704.56,1348591
2021-08-23,Wipro,432.72,437.99,429.65,433.57,3411169
2021-08-24,HCLTech,7777.71,7825.02,7697.05,7771.55,3490990
2021-08-24,Infosys,3964.52,4007.87,3946.45,3965.42,2913116
2021-08-24,TCS,7720.5,7796.44,7688.19,7714.79,1768487
2021-08-24,Wipro,433.26,434.42,427.7,431.17,3531932
2021-08-25,HCLTech,7617.56,7672.11,7563.32,7614.59,2322254
2021-08-25,Infosys,4013.64,4049.41,3970.78,3999.12,2833401
2021-08-25,TCS,7611.05,7702.34,7544.28,7570.38,2221962
2021-08-25,Wipro,439.75,440.43,434.02,435.09,2849442
2021-08-26,HCLTech,7537.3,7602.75,7501.79,7516.14,3192793
2021-08-26,Infosys,4010.54,4054.72,3962.65,3998.83,3381944
2021-08-26,TCS,7552.42,7604.96,7495.02,7568.33,1612235
2021-08-26,Wipro,433.2,433.67,424.07,427.04,3074244
2021-08-27,HCLTech,7600.63,7690.24,7556.19,7618.59,2668534
2021-08-27,Infosys,4037.05,4089.32,3998.35,4046.86,4994795
2021-08-27,TCS,7575.24,7603.18,7522.18,7568.18,2039157
2021-08-27,Wipro,420.58,423.29,418.61,420.2,3097578
2021-08-30,HCLTech,7709.12,7801.69,7673.43,7712.05,3618623
2021-08-30,Infosys,4094.46,4140.06,4044.07,4055.07,4176626
2021-08-30,TCS,7731.05,7761.52,7682.78,7723.44,1488637
2021-08-30,Wipro,414.98,419.87,411.13,415.72,4860531
2021-08-31,HCLTech,7657.73,7738.17,7612.22,7641.92,3144460
2021-08-31,Infosys,4004.15,4051.73,3990.6,4004.56,4718706
2021-08-31,TCS,7627.7,7649.27,7573.37,7633.8,1908599
2021-08-31,Wipro,415.37,419.94,412.36,416.45,2826446
2021-09-01,HCLTech,7548.87,7620.91,7487.88,7586.3,4031507
2021-09-01,Infosys,4053.2,4071.15,4011.99,4049.18,2856544
2021-09-01,TCS,7635.84,7676.57,7529.05,7617.96,1590006
2021-09-01,Wipro,411.39,416.28,407.6,409.86,4384738
2021-09-02,HCLTech,7703.27,7772.6,7584.45,7669.89,1902335
2021-09-02,Infosys,3984.68,3997.85,3966.41,3975.46,4473130
2021-09-02,TCS,7765.87,7775.13,7712.41,7746.93,1969049
2021-09-02,Wipro,411.77,415.35,407.99,412.17,3793365
2021-09-03,HCLTech,7825.12,7839.48,7804.05,7824.49,2701427
2021-09-03,Infosys,3999.7,4010.97,3968.02,3993.89,3348813
2021-09-03,TCS,7797.56,7815.17,7737.16,7789.53,1809284
2021-09-03,Wipro,409.49,412.59,405.79,409.89,4514772
2021-09-06,HCLTech,7786.8,7848.48,7715.49,7828.92,1841703
2021-09-06,Infosys,4006.0,4037.68,3952.53,3980.42,3897843
2021-09-06,TCS,7834.01,7871.59,7784.78,7840.32,1576289
2021-09-06,Wipro,414.91,418.21,413.53,415.14,5050722
2021-09-07,HCLTech,7859.16,7949.81,7797.55,7901.96,2343788
2021-09-07,Infosys,3954.12,3997.58,3935.4,3963.93,3506756
2021-09-07,TCS,7850.77,7881.3,7781.03,7859.62,1753076
2021-09-07,Wipro,413.51,420.42,412.98,415.97,3976119
2021-09-08,HCLTech,8007.47,8059.89,7940.71,8011.37,4077328
2021-09-08,Infosys,3990.09,3997.93,3938.16,3976.98,2987680
2021-09-08,TCS,7860.28,7965.69,7789.28,7894.22,1659167
2021-09-08,Wipro,423.41,430.17,421.83,429.67,5018047
2021-09-09,HCLTech,8246.82,8323.35,8161.9,8269.08,2855227
2021-09-09,Infosys,3950.81,3990.45,3941.73,3948.08,3695257
2021-09-09,TCS,7940.76,7978.16,7869.14,7960.95,1537814
2021-09-09,Wipro,429.17,433.63,424.58,430.99,5453541
2021-09-10,HCLTech,8178.89,8229.82,8106.9,8148.7,3165843
2021-09-10,Infosys,3993.7,4032.1,3939.26,3977.25,3525904
2021-09-10,TCS,7898.86,7997.66,7873.45,7914.35,2483568
2021-09-10,Wipro,425.9,428.25,419.74,422.0,5236029
2021-09-13,HCLTech,8073.62,8150.1,8014.08,8084.97,2881465
2021-09-13,Infosys,3981.19,4016.32,3948.92,3984.79,2246814
2021-09-13,TCS,7960.17,8015.82,7912.89,7988.41,1860996
2021-09-13,Wipro,424.51,429.38,419.4,420.75,3496830
2021-09-14,HCLTech,8051.9,8144.48,8007.43,8039.95,2845115
2021-09-14,Infosys,3954.33,3983.09,3928.31,3960.15,3121538
2021-09-14,TCS,7912.36,7929.72,7823.0,7901.4,1287499
2021-09-14,Wipro,423.77,425.07,419.14,421.27,2697718
2021-09-15,HCLTech,8112.05,8169.47,8078.58,8145.86,2342085
2021-09-15,Infosys,4041.5,4052.38,3986.4,4029.1,3810009
2021-09-15,TCS,7965.87,7974.72,7894.66,7935.9,1765600
2021-09-15,Wipro,413.5,415.32,411.35,414.79,3901360
2021-09-16,HCLTech,8128.41,8169.42,8074.39,8129.33,2256427
2021-09-16,Infosys,4049.93,4076.5,4030.8,4043.84,3382567
2021-09-16,TCS,7937.05,8030.36,7843.18,7959.78,2401490
2021-09-16,Wipro,424.52,430.03,421.97,426.64,4145288
2021-09-17,HCLTech,8230.01,8244.96,8168.29,8177.13,2329561
2021-09-17,Infosys,4065.39,4090.65,4025.52,4079.42,3515019
2021-09-17,TCS,7933.85,7964.18,7887.04,7926.77,1717509
2021-09-17,Wipro,428.99,432.37,422.09,424.62,2706385
2021-09-20,HCLTech,8197.31,8229.51,8166.74,8203.26,1505963
2021-09-20,Infosys,4177.83,4209.81,4141.55,4154.28,2753481
2021-09-20,TCS,7910.33,7988.55,7859.11,7936.14,2698499
2021-09-20,Wipro,417.21,421.97,415.43,420.07,4049167
2021-09-21,HCLTech,8193.37,8313.04,8171.51,8215.6,2557688
2021-09-21,Infosys,4242.69,4261.4,4179.35,4229.66,3368248
2021-09-21,TCS,7895.1,7920.29,7846.0,7902.69,1685082
2021-09-21,Wipro,421.9,424.83,419.98,421.79,2391083
2021-09-22,HCLTech,8205.29,8251.92,8186.27,8240.09,2727761
2021-09-22,Infosys,4262.86,4280.05,4257.06,4264.19,3138930
2021-09-22,TCS,7820.56,7930.37,7775.43,7837.59,2211848
2021-09-22,Wipro,419.76,422.93,411.24,415.31,5449124
2021-09-23,HCLTech,8371.27,8400.09,8327.48,8372.04,2297145
2021-09-23,Infosys,4245.33,4278.58,4215.25,4253.69,3072403
2021-09-23,TCS,7838.21,7856.86,7742.77,7823.37,2460771
2021-09-23,Wipro,423.28,425.34,419.44,422.94,4400765
2021-09-24,HCLTech,8328.43,8375.83,8253.35,8271.11,2532925
2021-09-24,Infosys,4192.6,4223.57,4174.27,4186.19,2793511
2021-09-24,TCS,7740.0,7799.47,7719.04,7756.56,2188433
2021-09-24,Wipro,428.37,431.57,424.74,429.16,3396349
2021-09-27,HCLTech,8210.9,8300.82,8188.75,8265.95,2887875
2021-09-27,Infosys,4213.1,4234.34,4178.37,4201.43,3842500
2021-09-27,TCS,7814.53,7895.55,7733.24,7789.67,1519297
2021-09-27,Wipro,433.67,434.78,429.18,430.52,4102654
2021-09-28,HCLTech,8136.27,8195.21,8068.29,8138.26,3103318
2021-09-28,Infosys,4233.42,4311.3,4222.3,4261.86,3428917
2021-09-28,TCS,7713.87,7748.36,7653.66,7719.84,1656411
2021-09-28,Wipro,435.67,439.8,430.28,435.47,4205238
2021-09-29,HCLTech,8107.5,8273.13,8041.31,8175.87,2046128
2021-09-29,Infosys,4291.66,4296.23,4271.48,4284.9,3360401
2021-09-29,TCS,7763.97,7810.5,7683.51,7779.88,2527324
2021-09-29,Wipro,432.45,434.73,431.07,431.91,4405603
2021-09-30,HCLTech,8148.8,8236.6,8055.94,8165.21,2217890
2021-09-30,Infosys,4127.34,4172.92,4109.17,4116.05,4822573
2021-09-30,TCS,7677.48,7784.1,7618.35,7707.85,1702716
2021-09-30,Wipro,424.75,428.19,417.14,420.71,4055903
2021-10-01,HCLTech,8310.86,8356.27,8207.84,8300.16,3022557
2021-10-01,Infosys,4122.99,4168.12,4118.5,4163.92,3518063
2021-10-01,TCS,7684.95,7715.74,7590.05,7678.82,2430950
2021-10-01,Wipro,411.92,420.96,408.14,418.58,4832148
2021-10-04,HCLTech,8247.25,8382.11,8159.72,8311.36,2925053
2021-10-04,Infosys,4218.91,4233.18,4177.86,4215.43,4068401
2021-10-04,TCS,7667.42,7675.33,7564.83,7645.83,1835083
2021-10-04,Wipro,416.08,417.23,413.5,415.14,3104099
2021-10-05,HCLTech,8253.51,8359.15,8182.52,8271.51,3402094
2021-10-05,Infosys,4217.16,4267.6,4179.7,4204.88,3379532
2021-10-05,TCS,7754.36,7798.62,7710.22,7747.69,2057382
2021-10-05,Wipro,398.57,403.98,397.83,400.5,3897988
2021-10-06,HCLTech,8266.3,8295.39,8222.08,8254.54,3373991
2021-10-06,Infosys,4270.13,4308.6,4253.33,4259.72,2981772
2021-10-06,TCS,7835.92,7844.84,7699.48,7780.86,1515773
2021-10-06,Wipro,392.72,395.44,389.15,393.24,5718040
2021-10-07,HCLTech,8473.34,8548.63,8442.83,8467.89,4214310
2021-10-07,Infosys,4311.13,4346.01,4247.95,4296.63,2589133
2021-10-07,TCS,7811.18,7897.16,7686.31,7776.07,1770910
2021-10-07,Wipro,385.18,386.35,382.13,384.91,3728276
2021-10-08,HCLTech,8309.03,8373.46,8200.32,8295.25,2452133
2021-10-08,Infosys,4260.18,4304.38,4224.73,4266.04,3358279
2021-10-08,TCS,7813.5,7884.11,7783.58,7821.08,1678811
2021-10-08,Wipro,376.35,382.21,371.98,377.95,4197846
2021-10-11,HCLTech,8194.76,8308.68,8100.06,8233.99,3565214
2021-10-11,Infosys,4317.38,4360.08,4300.51,4336.27,1878461
2021-10-11,TCS,7676.23,7740.89,7617.03,7683.92,2092306
2021-10-11,Wipro,387.97,392.17,383.93,387.41,3278038
2021-10-12,HCLTech,8261.11,8277.02,8195.36,8249.38,2163026
2021-10-12,Infosys,4243.17,4316.52,4218.45,4275.36,3379217
2021-10-12,TCS,7702.04,7726.82,7659.12,7690.65,2037628
2021-10-12,Wipro,392.23,395.76,386.89,391.28,6157475
2021-10-13,HCLTech,8163.25,8261.48,8105.84,8187.28,4196798
2021-10-13,Infosys,4296.6,4308.22,4249.64,4276.93,3408357
2021-10-13,TCS,7819.32,7908.19,7755.63,7839.99,2193892
2021-10-13,Wipro,398.93,401.85,395.24,398.42,4234862
2021-10-14,HCLTech,8283.75,8363.83,8246.07,8254.81,2847526
2021-10-14,Infosys,4285.98,4327.7,4242.28,4273.35,3063742
2021-10-14,TCS,7888.04,7954.69,7843.16,7859.11,1813108
2021-10-14,Wipro,402.65,405.82,399.76,402.37,3109779
2021-10-15,HCLTech,8166.32,8330.0,8144.81,8259.31,2897694
2021-10-15,Infosys,4256.45,4304.69,4191.42,4235.61,3141428
2021-10-15,TCS,7882.61,7895.73,7802.17,7873.63,1660470
2021-10-15,Wipro,410.26,412.61,405.59,410.57,4974713
2021-10-18,HCLTech,8288.18,8326.25,8230.11,8299.95,3169255
2021-10-18,Infosys,4242.49,4299.84,4210.72,4255.44,2491579
2021-10-18,TCS,7928.67,8013.42,7877.76,7922.27,2074443
2021-10-18,Wipro,410.79,412.64,406.68,411.05,3227313
2021-10-19,HCLTech,8328.62,8351.73,8299.61,8324.58,1982658
2021-10-19,Infosys,4341.9,4381.57,4276.35,4327.27,4221842
2021-10-19,TCS,8013.41,8072.5,7936.43,7996.09,1627799
2021-10-19,Wipro,422.91,426.08,422.11,422.69,4586210
2021-10-20,HCLTech,8378.65,8455.08,8271.28,8323.43,2097110
2021-10-20,Infosys,4369.3,4432.86,4329.99,4396.96,2991277
2021-10-20,TCS,7905.88,7982.7,7852.99,7863.09,2481421
2021-10-20,Wipro,411.25,417.48,408.2,413.7,4914988
2021-10-21,HCLTech,8188.43,8254.96,8105.19,8184.95,2660851
2021-10-21,Infosys,4423.53,4469.61,4371.01,4439.72,2634602
2021-10-21,TCS,7758.36,7788.55,7687.11,7754.18,1954711
2021-10-21,Wipro,416.78,419.47,412.37,413.46,5999223
2021-10-22,HCLTech,8223.27,8320.47,8135.1,8215.68,2786135
2021-10-22,Infosys,4356.86,4380.16,4323.82,4354.55,3568277
2021-10-22,TCS,7775.3,7796.28,7725.1,7778.06,1873709
2021-10-22,Wipro,405.93,410.57,401.29,406.16,4183143
2021-10-25,HCLTech,8040.32,8088.58,7941.45,8025.54,3943316
2021-10-25,Infosys,4301.43,4346.69,4253.17,4289.47,3271674
2021-10-25,TCS,7774.1,7841.95,7676.29,7737.24,2193683
2021-10-25,Wipro,414.54,417.79,411.05,415.6,4039267
2021-10-26,HCLTech,8009.45,8037.67,7931.82,7960.42,2150437
2021-10-26,Infosys,4332.61,4367.8,4262.94,4302.16,2978690
2021-10-26,TCS,7862.17,7938.69,7803.19,7838.24,1969686
2021-10-26,Wipro,420.05,422.21,416.51,419.01,2666890
2021-10-27,HCLTech,8010.15,8101.13,7964.08,8025.15,3537959
2021-10-27,Infosys,4300.14,4329.38,4260.14,4304.48,2916382
2021-10-27,TCS,7817.12,7866.08,7796.77,7825.03,1435533
2021-10-27,Wipro,428.0,430.74,423.05,428.31,3650850
2021-10-28,HCLTech,8114.07,8245.49,8050.0,8170.05,2465497
2021-10-28,Infosys,4267.3,4324.1,4261.89,4282.84,3196393
2021-10-28,TCS,7698.85,7708.56,7654.15,7698.72,1617466
2021-10-28,Wipro,421.16,424.84,415.91,417.87,3467528
2021-10-29,HCLTech,8387.81,8510.66,8325.81,8453.6,2458635
2021-10-29,Infosys,4369.09,4392.95,4358.6,4385.96,4188379
2021-10-29,TCS,7624.64,7700.89,7533.2,7619.94,2471163
2021-10-29,Wipro,415.94,416.48,411.17,413.6,3857979
2021-11-01,HCLTech,8440.71,8518.42,8312.41,8413.28,2516182
2021-11-01,Infosys,4382.87,4439.26,4367.51,4395.55,3515072
2021-11-01,TCS,7450.46,7474.81,7415.89,7441.98,2033836
2021-11-01,Wipro,400.99,402.95,398.6,400.76,3604838
2021-11-02,HCLTech,8331.11,8367.9,8288.39,8322.0,2446004
2021-11-02,Infosys,4469.75,4514.08,4410.6,4428.25,3178054
2021-11-02,TCS,7402.81,7469.67,7340.37,7434.51,1428798
2021-11-02,Wipro,405.99,409.71,402.61,403.6,4681113
2021-11-03,HCLTech,8382.53,8421.37,8367.57,8393.06,2865718
2021-11-03,Infosys,4499.33,4515.14,4435.9,4485.05,3794822
2021-11-03,TCS,7394.0,7488.79,7382.55,7430.01,2145922
2021-11-03,Wipro,401.31,404.16,399.65,400.71,3576490
2021-11-04,HCLTech,8601.11,8646.44,8555.82,8625.85,2402531
2021-11-04,Infosys,4512.99,4519.38,4451.76,4491.95,3217669
2021-11-04,TCS,7388.99,7425.23,7323.23,7409.67,1788353
2021-11-04,Wipro,403.47,408.21,400.45,406.42,4399103
2021-11-05,HCLTech,8831.05,8868.1,8764.13,8823.23,1960932
2021-11-05,Infosys,4633.18,4678.88,4621.24,4637.83,3467594
2021-11-05,TCS,7467.22,7503.37,7440.17,7489.95,1679081
2021-11-05,Wipro,409.15,412.51,406.14,406.86,3908635
2021-11-08,HCLTech,8715.28,8786.75,8660.54,8706.33,2464402
2021-11-08,Infosys,4589.67,4604.39,4563.56,4589.71,3298198
2021-11-08,TCS,7563.8,7588.88,7518.67,7579.16,1590697
2021-11-08,Wipro,387.09,396.03,382.74,391.75,3531583
2021-11-09,HCLTech,8719.62,8753.13,8659.88,8699.14,2848633
2021-11-09,Infosys,4573.69,4628.38,4543.52,4560.28,3600623
2021-11-09,TCS,7590.59,7674.72,7537.21,7575.43,2442771
2021-11-09,Wipro,372.07,382.9,370.35,380.4,3467993
2021-11-10,HCLTech,8765.52,8907.72,8731.95,8813.27,1964123
2021-11-10,Infosys,4503.14,4517.68,4457.53,4512.71,2928006
2021-11-10,TCS,7434.96,7471.84,7418.3,7438.92,1349922
2021-11-10,Wipro,382.83,386.32,379.42,381.15,4190801
2021-11-11,HCLTech,8860.51,8970.93,8809.98,8937.44,2920858
2021-11-11,Infosys,4596.26,4618.12,4545.26,4601.88,2547932
2021-11-11,TCS,7492.6,7554.54,7452.01,7487.96,1691542
2021-11-11,Wipro,385.61,386.84,383.56,384.54,5261628
2021-11-12,HCLTech,8981.45,9098.69,8904.38,9021.75,3292395
2021-11-12,Infosys,4636.96,4656.92,4623.95,4650.12,3836346
2021-11-12,TCS,7504.03,7622.53,7467.63,7533.03,2048632
2021-11-12,Wipro,370.54,372.84,367.87,369.67,3456051
2021-11-15,HCLTech,8915.79,9036.07,8892.28,8975.02,3495574
2021-11-15,Infosys,4614.82,4667.93,4589.06,4623.5,4323807
2021-11-15,TCS,7550.52,7624.76,7499.61,7561.51,2742362
2021-11-15,Wipro,372.52,374.09,366.1,369.27,4038212
2021-11-16,HCLTech,8996.25,9088.44,8901.6,9058.31,2781649
2021-11-16,Infosys,4580.32,4614.05,4526.8,4579.37,2572233
2021-11-16,TCS,7650.19,7702.03,7546.74,7636.05,2234279
2021-11-16,Wipro,362.67,367.05,358.49,362.73,4406417
2021-11-17,HCLTech,9257.63,9323.52,9112.72,9186.69,1812272
2021-11-17,Infosys,4643.61,4707.81,4605.4,4659.67,3316828
2021-11-17,TCS,7577.88,7628.88,7517.03,7563.7,1688671
2021-11-17,Wipro,354.85,356.91,353.74,355.7,3984180
2021-11-18,HCLTech,8976.85,9181.52,8957.27,9077.12,2959544
2021-11-18,Infosys,4689.07,4743.41,4634.04,4683.44,2925240
2021-11-18,TCS,7691.42,7748.67,7606.36,7709.0,2715613
2021-11-18,Wipro,353.44,357.47,350.63,351.67,2813007
2021-11-19,HCLTech,9278.66,9384.31,9245.68,9257.33,3154865
2021-11-19,Infosys,4772.59,4809.39,4743.37,4766.89,3818381
2021-11-19,TCS,7653.77,7711.92,7603.38,7649.87,1525195
2021-11-19,Wipro,351.0,354.52,350.12,352.59,4402179
2021-11-22,HCLTech,9438.24,9477.95,9381.68,9396.39,2261898
2021-11-22,Infosys,4763.3,4783.81,4747.55,4766.89,3361811
2021-11-22,TCS,7762.31,7851.94,7691.91,7708.73,2109001
2021-11-22,Wipro,347.74,350.52,345.19,348.26,2959478
2021-11-23,HCLTech,9353.82,9418.38,9290.11,9308.67,2562478
2021-11-23,Infosys,4782.99,4809.33,4741.84,4799.64,6225447
2021-11-23,TCS,7599.03,7672.93,7572.19,7599.45,2204948
2021-11-23,Wipro,336.68,338.96,335.38,336.15,2967672
2021-11-24,HCLTech,9452.21,9477.34,9363.11,9439.37,2864034
2021-11-24,Infosys,4822.44,4873.21,4808.2,4820.31,3012782
2021-11-24,TCS,7526.38,7585.58,7485.12,7542.84,1676861
2021-11-24,Wipro,337.67,338.91,336.3,336.97,3081308
2021-11-25,HCLTech,9618.82,9678.07,9448.35,9556.81,3717173
2021-11-25,Infosys,4777.46,4805.3,4728.54,4787.6,4351885
2021-11-25,TCS,7649.03,7688.86,7614.01,7653.22,2299440
2021-11-25,Wipro,334.25,336.17,331.18,334.96,3872635
2021-11-26,HCLTech,9765.69,9809.99,9656.85,9680.73,2470304
2021-11-26,Infosys,4783.45,4835.25,4738.02,4782.52,4437436
2021-11-26,TCS,7644.11,7726.05,7561.47,7641.89,1804654
2021-11-26,Wipro,328.43,331.14,325.24,329.45,3298844
2021-11-29,HCLTech,9891.46,10017.31,9850.64,9906.12,3107326
2021-11-29,Infosys,4739.92,4790.45,4697.57,4718.11,3560390
2021-11-29,TCS,7702.78,7725.66,7637.57,7706.45,2298313
2021-11-29,Wipro,325.43,330.74,323.97,327.73,3001781
2021-11-30,HCLTech,9935.74,10014.82,9809.64,9913.97,2769788
2021-11-30,Infosys,4724.27,4786.74,4693.63,4749.2,3223821
2021-11-30,TCS,7728.61,7809.34,7671.72,7729.38,1384346
2021-11-30,Wipro,324.17,328.62,321.77,325.78,4315835
2021-12-01,HCLTech,10031.82,10062.26,9903.88,9969.31,2705798
2021-12-01,Infosys,4839.75,4876.75,4748.82,4795.77,3261275
2021-12-01,TCS,7693.39,7757.86,7644.12,7728.45,2138580
2021-12-01,Wipro,329.89,333.83,323.14,326.13,3978493
2021-12-02,HCLTech,9575.96,9731.07,9521.39,9616.49,3392629
2021-12-02,Infosys,4854.58,4911.71,4799.8,4856.06,3206537
2021-12-02,TCS,7806.53,7899.71,7764.61,7830.24,1841767
2021-12-02,Wipro,324.22,325.4,323.72,324.76,4654459
2021-12-03,HCLTech,9764.92,9861.08,9704.32,9776.65,2201693
2021-12-03,Infosys,4906.45,4952.16,4874.1,4897.97,4014090
2021-12-03,TCS,7816.12,7896.97,7755.67,7819.8,2517050
2021-12-03,Wipro,326.2,329.25,323.21,325.81,3456970
2021-12-06,HCLTech,9895.56,9950.58,9874.65,9925.95,2722614
2021-12-06,Infosys,4877.84,4934.96,4830.58,4893.29,2687532
2021-12-06,TCS,7697.48,7749.6,7679.23,7701.49,1982484
2021-12-06,Wipro,322.55,326.62,321.21,325.6,3949463
2021-12-07,HCLTech,10147.86,10247.26,10090.38,10124.96,2614174
2021-12-07,Infosys,5012.09,5041.13,4972.44,4988.1,3098611
2021-12-07,TCS,7638.25,7675.72,7616.95,7651.88,2567655
2021-12-07,Wipro,335.89,338.11,328.69,330.51,4694350
2021-12-08,HCLTech,9908.99,10072.92,9794.22,10001.58,1923463
2021-12-08,Infosys,5041.93,5076.49,4986.77,5044.59,3024402
2021-12-08,TCS,7691.44,7774.94,7658.1,7695.73,2213709
2021-12-08,Wipro,338.3,341.22,336.64,340.14,3075975
2021-12-09,HCLTech,10217.37,10272.58,10063.75,10145.7,3326857
2021-12-09,Infosys,5123.62,5159.2,5079.82,5132.11,2265763
2021-12-09,TCS,7730.36,7769.34,7706.59,7728.88,1949641
2021-12-09,Wipro,337.6,343.96,334.6,340.11,3504250
2021-12-10,HCLTech,10326.9,10359.53,10257.19,10299.93,3068886
2021-12-10,Infosys,5212.39,5284.62,5198.42,5225.01,3799744
2021-12-10,TCS,7647.55,7682.17,7561.73,7626.15,2341240
2021-12-10,Wipro,336.26,338.6,334.19,336.39,4878571
2021-12-13,HCLTech,10244.33,10285.89,10098.14,10214.75,2617677
2021-12-13,Infosys,5213.91,5261.66,5166.27,5219.8,3957983
2021-12-13,TCS,7579.61,7632.1,7569.96,7581.98,2344234
2021-12-13,Wipro,326.01,329.87,322.96,327.85,4015679
2021-12-14,HCLTech,10255.68,10404.59,10200.58,10375.13,2467574
2021-12-14,Infosys,5255.97,5306.35,5199.71,5246.75,2818788
2021-12-14,TCS,7557.12,7600.85,7526.78,7547.63,2197958
2021-12-14,Wipro,332.5,333.96,330.25,331.74,3881345
2021-12-15,HCLTech,10397.63,10553.56,10371.12,10450.76,2600115
2021-12-15,Infosys,5302.13,5309.6,5249.73,5298.29,3932114
2021-12-15,TCS,7515.13,7592.05,7433.0,7527.96,1264512
2021-12-15,Wipro,323.34,328.37,321.09,326.43,3969247
2021-12-16,HCLTech,10287.93,10329.11,10094.41,10213.07,2995124
2021-12-16,Infosys,5227.28,5282.41,5202.23,5228.16,2331284
2021-12-16,TCS,7453.69,7472.39,7351.19,7440.27,1643182
2021-12-16,Wipro,343.01,343.77,336.82,340.56,5108465
2021-12-17,HCLTech,10295.77,10368.3,10210.05,10304.72,2627651
2021-12-17,Infosys,5144.86,5189.13,5097.85,5160.26,3215367
2021-12-17,TCS,7411.9,7454.83,7356.02,7403.13,2637860
2021-12-17,Wipro,360.19,363.27,355.98,358.07,3980789
2021-12-20,HCLTech,10116.32,10320.97,10022.43,10202.15,2275071
2021-12-20,Infosys,5066.25,5128.94,5015.12,5082.65,3120206
2021-12-20,TCS,7379.53,7459.29,7311.97,7359.43,1555750
2021-12-20,Wipro,356.46,359.32,353.85,356.73,4036617
2021-12-21,HCLTech,9983.59,10102.8,9960.32,9972.76,2344554
2021-12-21,Infosys,5068.38,5085.51,5043.96,5078.2,3256654
2021-12-21,TCS,7432.01,7442.39,7344.82,7415.32,2386050
2021-12-21,Wipro,342.63,346.95,339.76,346.22,3986626
2021-12-22,HCLTech,10064.6,10162.27,9989.89,10031.16,2593702
2021-12-22,Infosys,5069.78,5124.7,5043.36,5059.99,3253267
2021-12-22,TCS,7487.93,7533.09,7463.61,7474.06,2303518
2021-12-22,Wipro,348.55,351.08,344.7,350.34,2895356
2021-12-23,HCLTech,10055.1,10153.51,9914.62,10028.94,2157592
2021-12-23,Infosys,4989.38,5030.58,4921.95,4975.52,3151071
2021-12-23,TCS,7466.37,7530.42,7423.83,7468.69,1729784
2021-12-23,Wipro,363.99,365.52,360.93,363.84,4422995
2021-12-24,HCLTech,10227.4,10351.55,10199.67,10234.94,2779236
2021-12-24,Infosys,5003.05,5033.23,4947.3,4986.33,2961204
2021-12-24,TCS,7452.44,7532.66,7431.06,7446.69,1341919
2021-12-24,Wipro,352.66,357.56,349.93,355.36,3394186
2021-12-27,HCLTech,10325.12,10425.94,10158.9,10267.83,2218670
2021-12-27,Infosys,4982.4,5004.05,4952.18,4982.43,3131179
2021-12-27,TCS,7485.31,7541.69,7419.92,7460.28,1784904
2021-12-27,Wipro,365.3,368.98,361.58,367.72,3107606
2021-12-28,HCLTech,10351.43,10449.01,10253.35,10387.1,2148229
2021-12-28,Infosys,5063.54,5085.92,5001.41,5055.39,4202985
2021-12-28,TCS,7394.52,7484.34,7307.1,7409.73,3030568
2021-12-28,Wipro,358.04,358.91,351.44,355.68,2820751
2021-12-29,HCLTech,10495.74,10513.2,10413.95,10468.0,4924081
2021-12-29,Infosys,5177.06,5203.2,5164.14,5180.73,2850250
2021-12-29,TCS,7323.06,7362.88,7255.02,7337.57,1682854
2021-12-29,Wipro,346.82,347.54,342.71,346.48,2940385
2021-12-30,HCLTech,10632.33,10667.33,10511.03,10625.29,3832363
2021-12-30,Infosys,5172.86,5223.57,5121.57,5210.85,5023961
2021-12-30,TCS,7283.69,7319.24,7193.37,7279.53,1706246
2021-12-30,Wipro,348.68,350.2,347.58,348.41,2540668
2021-12-31,HCLTech,10493.78,10562.47,10376.77,10500.62,2675939
2021-12-31,Infosys,5164.37,5200.6,5131.33,5169.06,2818255
2021-12-31,TCS,7251.2,7333.6,7175.05,7241.72,1638253
2021-12-31,Wipro,356.01,358.83,351.83,354.83,3258543
2022-01-03,HCLTech,10516.54,10577.38,10405.74,10536.09,3082419
2022-01-03,Infosys,5202.65,5242.06,5195.01,5210.85,3357385
2022-01-03,TCS,7151.23,7246.86,7096.24,7169.82,2550027
2022-01-03,Wipro,354.02,357.38,352.38,354.38,3666967
2022-01-04,HCLTech,10503.73,10570.05,10446.15,10521.43,3188979
2022-01-04,Infosys,5190.19,5241.72,5129.47,5212.89,3587272
2022-01-04,TCS,7182.03,7234.99,7115.26,7183.72,1905156
2022-01-04,Wipro,357.1,358.7,355.11,357.23,4945834
2022-01-05,HCLTech,10625.83,10643.34,10544.91,10624.15,2561063
2022-01-05,Infosys,5186.88,5244.67,5137.3,5199.26,3018619
2022-01-05,TCS,7232.27,7279.48,7172.6,7234.41,1764673
2022-01-05,Wipro,365.42,367.56,361.42,364.38,4048872
2022-01-06,HCLTech,10652.84,10743.59,10606.31,10668.13,2751269
2022-01-06,Infosys,5149.99,5178.92,5129.76,5147.06,4219106
2022-01-06,TCS,7085.4,7177.55,7042.15,7135.02,2653400
2022-01-06,Wipro,374.33,377.29,371.46,372.43,4208026
2022-01-07,HCLTech,10620.56,10672.26,10556.77,10582.48,2467183
2022-01-07,Infosys,5095.37,5129.81,5038.5,5119.68,3568670
2022-01-07,TCS,7134.8,7151.5,7104.71,7139.74,2245764
2022-01-07,Wipro,369.4,371.23,365.06,368.24,5166375
2022-01-10,HCLTech,10510.39,10578.57,10395.58,10538.03,3342254
2022-01-10,Infosys,5094.67,5162.9,5037.16,5109.9,3071513
2022-01-10,TCS,7125.1,7205.73,7077.2,7128.63,1664107
2022-01-10,Wipro,365.86,370.17,360.98,362.51,2261547
2022-01-11,HCLTech,10872.78,10956.65,10662.31,10789.54,3351466
2022-01-11,Infosys,5194.18,5223.66,5109.92,5160.52,4209752
2022-01-11,TCS,7149.88,7225.02,7122.4,7153.49,1565852
2022-01-11,Wipro,369.46,372.64,365.7,369.4,4325931
2022-01-12,HCLTech,10511.87,10584.46,10494.59,10541.82,3553365
2022-01-12,Infosys,5158.43,5235.9,5146.05,5193.27,2611833
2022-01-12,TCS,7187.46,7230.72,7110.01,7155.47,2521316
2022-01-12,Wipro,369.23,375.12,367.35,372.38,4260022
2022-01-13,HCLTech,10700.29,10767.04,10560.92,10652.15,2742064
2022-01-13,Infosys,5305.17,5368.87,5288.98,5309.25,2857805
2022-01-13,TCS,7038.15,7093.94,7019.8,7065.16,2006726
2022-01-13,Wipro,378.87,381.32,375.7,376.28,4716297
2022-01-14,HCLTech,10895.27,10935.7,10719.89,10843.97,4011127
2022-01-14,Infosys,5327.12,5403.82,5277.61,5353.28,3581081
2022-01-14,TCS,6969.78,7021.25,6919.46,6987.9,1467168
2022-01-14,Wipro,371.19,374.14,368.37,371.76,2792774
2022-01-17,HCLTech,10946.05,11038.93,10853.08,10937.16,2560599
2022-01-17,Infosys,5364.47,5418.7,5305.18,5381.43,3756336
2022-01-17,TCS,6934.93,7008.69,6909.28,6992.22,1400072
2022-01-17,Wipro,374.16,377.56,370.7,375.98,3566167
2022-01-18,HCLTech,11252.33,11369.31,11231.03,11248.1,3915321
2022-01-18,Infosys,5357.99,5399.95,5339.96,5362.44,3413285
2022-01-18,TCS,7048.98,7122.77,7019.16,7059.66,1599897
2022-01-18,Wipro,370.23,370.91,365.7,368.57,3320440
2022-01-19,HCLTech,11361.08,11423.38,11347.85,11401.73,2369908
2022-01-19,Infosys,5274.84,5351.55,5242.82,5296.76,3119623
2022-01-19,TCS,6914.01,6971.94,6869.14,6922.63,1560880
2022-01-19,Wipro,370.99,374.78,366.59,370.13,3091683
2022-01-20,HCLTech,11438.93,11582.84,11364.06,11467.95,2005760
2022-01-20,Infosys,5273.95,5327.01,5247.04,5261.26,3043055
2022-01-20,TCS,6935.23,6971.21,6915.9,6946.38,1328342
2022-01-20,Wipro,367.81,374.85,364.19,370.79,6352344
2022-01-21,HCLTech,11410.09,11528.4,11268.57,11397.81,3900376
2022-01-21,Infosys,5247.47,5263.03,5185.12,5217.78,4012566
2022-01-21,TCS,7047.81,7103.15,6941.88,7023.26,1605195
2022-01-21,Wipro,373.06,377.43,370.94,371.49,3571849
2022-01-24,HCLTech,11464.15,11599.86,11417.52,11466.68,2967105
2022-01-24,Infosys,5078.23,5118.3,5019.48,5060.31,3357611
2022-01-24,TCS,7034.65,7117.46,6974.1,7015.6,1664177
2022-01-24,Wipro,381.12,383.2,376.26,376.65,4815022
2022-01-25,HCLTech,11648.3,11766.02,11524.76,11580.97,2884454
2022-01-25,Infosys,5021.36,5074.2,4993.78,4999.8,2687746
2022-01-25,TCS,7054.09,7070.64,7017.98,7052.36,1823232
2022-01-25,Wipro,370.45,374.67,368.41,369.69,4606340
2022-01-26,HCLTech,11559.94,11667.71,11447.17,11585.72,2419145
2022-01-26,Infosys,5067.72,5147.31,5026.81,5097.17,2656927
2022-01-26,TCS,7001.53,7052.07,6992.28,7009.71,2805913
2022-01-26,Wipro,373.51,377.38,372.22,374.12,2998925
2022-01-27,HCLTech,11447.73,11490.19,11335.33,11469.86,2195657
2022-01-27,Infosys,5114.79,5132.16,5073.68,5120.02,4331193
2022-01-27,TCS,7026.6,7071.82,6931.95,7003.92,1896060
2022-01-27,Wipro,370.23,376.25,367.57,374.14,3601200
2022-01-28,HCLTech,11190.24,11302.42,11062.9,11281.9,2237728
2022-01-28,Infosys,5107.13,5136.72,5066.51,5097.12,2771527
2022-01-28,TCS,6903.69,6923.69,6849.26,6904.12,1934080
2022-01-28,Wipro,373.53,377.68,367.44,368.73,4048509
2022-01-31,HCLTech,11350.62,11386.53,11199.18,11314.88,2673052
2022-01-31,Infosys,5140.45,5174.89,5066.1,5121.67,3379396
2022-01-31,TCS,6744.08,6807.79,6706.45,6761.49,2214437
2022-01-31,Wipro,358.78,364.14,356.98,359.95,4329221
2022-02-01,HCLTech,11116.35,11182.13,11002.74,11086.25,2523057
2022-02-01,Infosys,5040.05,5059.38,4990.65,5003.07,4192646
2022-02-01,TCS,6783.77,6872.83,6758.66,6820.54,1907290
2022-02-01,Wipro,368.98,374.83,366.77,372.27,4273507
2022-02-02,HCLTech,11069.47,11196.88,10891.83,11016.6,1763667
2022-02-02,Infosys,5042.62,5085.35,5012.18,5020.03,3566455
2022-02-02,TCS,6752.3,6780.16,6690.2,6761.69,2166640
2022-02-02,Wipro,371.93,375.49,368.84,371.67,5679837
2022-02-03,HCLTech,10705.0,10736.35,10568.29,10650.92,3648307
2022-02-03,Infosys,5116.74,5148.67,5064.61,5097.51,2750058
2022-02-03,TCS,6751.32,6769.56,6658.51,6735.29,2115455
2022-02-03,Wipro,371.52,375.07,364.75,369.17,4798844
2022-02-04,HCLTech,10820.58,10895.54,10696.73,10778.84,2390659
2022-02-04,Infosys,5146.6,5168.59,5055.05,5089.99,2611727
2022-02-04,TCS,6700.82,6770.64,6618.42,6652.94,2049641
2022-02-04,Wipro,364.34,367.14,358.41,361.51,4561634
2022-02-07,HCLTech,11002.01,11133.8,10944.47,10957.29,3330736
2022-02-07,Infosys,4984.73,5008.19,4963.12,4982.72,4651215
2022-02-07,TCS,6571.4,6600.48,6553.81,6570.13,3477940
2022-02-07,Wipro,366.97,370.61,365.53,368.53,4854725
2022-02-08,HCLTech,11005.03,11017.7,10906.24,10972.18,2257779
2022-02-08,Infosys,4951.78,5009.47,4894.45,4957.79,2598457
2022-02-08,TCS,6545.06,6612.91,6530.65,6560.86,2399768
2022-02-08,Wipro,374.91,376.07,373.09,375.14,5242777
2022-02-09,HCLTech,11302.1,11319.24,11243.28,11259.86,2681777
2022-02-09,Infosys,5037.94,5090.98,5015.11,5034.19,2864795
2022-02-09,TCS,6494.55,6570.3,6487.6,6518.84,1610915
2022-02-09,Wipro,380.56,385.12,379.99,380.56,3531386
2022-02-10,HCLTech,11373.8,11522.47,11249.98,11476.92,3158109
2022-02-10,Infosys,5030.12,5099.66,5010.14,5049.49,3447507
2022-02-10,TCS,6553.29,6620.33,6481.82,6541.9,2153709
2022-02-10,Wipro,382.32,383.01,377.85,379.98,2916511
2022-02-11,HCLTech,11494.69,11596.98,11481.87,11556.8,3072159
2022-02-11,Infosys,4965.28,5020.16,4914.63,4963.87,3062939
2022-02-11,TCS,6532.97,6629.42,6455.91,6569.38,1707106
2022-02-11,Wipro,386.43,387.39,382.11,384.99,3542974
2022-02-14,HCLTech,11469.69,11615.74,11419.49,11540.9,2464328
2022-02-14,Infosys,5069.56,5165.06,5013.02,5106.46,3589137
2022-02-14,TCS,6600.53,6668.16,6510.54,6589.09,2186708
2022-02-14,Wipro,379.8,381.74,374.81,379.15,3039118
2022-02-15,HCLTech,11558.57,11623.59,11349.64,11486.86,2878790
2022-02-15,Infosys,5018.51,5061.93,4983.9,5029.69,2385947
2022-02-15,TCS,6620.94,6673.09,6540.33,6603.9,1519087
2022-02-15,Wipro,382.67,384.73,378.97,380.47,3286091
2022-02-16,HCLTech,11535.5,11665.76,11423.08,11579.84,2976359
2022-02-16,Infosys,5012.05,5024.83,5005.99,5014.48,3068138
2022-02-16,TCS,6708.14,6748.02,6680.28,6698.93,1602542
2022-02-16,Wipro,376.67,381.42,375.29,379.92,4080650
2022-02-17,HCLTech,11523.79,11589.27,11416.22,11559.01,2524203
2022-02-17,Infosys,4971.63,5020.35,4927.52,4951.84,3664487
2022-02-17,TCS,6630.8,6670.75,6552.85,6635.38,2142404
2022-02-17,Wipro,382.58,383.3,381.12,381.57,3580866
2022-02-18,HCLTech,11650.4,11749.94,11547.01,11650.02,2080831
2022-02-18,Infosys,4912.88,4952.02,4873.07,4890.01,3666968
2022-02-18,TCS,6644.36,6678.71,6602.0,6632.55,2441667
2022-02-18,Wipro,369.66,373.68,366.44,369.14,4553558
2022-02-21,HCLTech,11682.42,11793.34,11664.15,11753.83,2294690
2022-02-21,Infosys,4843.21,4888.07,4811.14,4862.85,2853824
2022-02-21,TCS,6704.5,6742.06,6669.6,6700.89,2211511
2022-02-21,Wipro,381.47,384.12,376.91,381.59,4250410
2022-02-22,HCLTech,11739.71,11809.82,11668.97,11717.84,2410093
2022-02-22,Infosys,4942.27,5000.25,4857.68,4899.37,2608587
2022-02-22,TCS,6761.32,6794.33,6703.44,6777.91,2372562
2022-02-22,Wipro,392.05,397.25,390.06,392.67,4302703
2022-02-23,HCLTech,11777.05,11916.9,11661.83,11900.63,2613585
2022-02-23,Infosys,4978.13,5001.65,4948.57,4975.02,3339741
2022-02-23,TCS,6731.11,6769.23,6681.68,6691.99,2155258
2022-02-23,Wipro,384.75,388.85,381.94,384.43,3105897
2022-02-24,HCLTech,11795.88,11980.13,11667.89,11864.14,3575079
2022-02-24,Infosys,4956.17,5010.61,4916.96,4951.17,2461222
2022-02-24,TCS,6666.0,6708.65,6598.79,6673.39,2070202
2022-02-24,Wipro,386.85,390.74,386.21,388.24,3356087
2022-02-25,HCLTech,11880.67,11974.51,11811.53,11869.1,3117426
2022-02-25,Infosys,4857.52,4927.41,4812.06,4890.64,4137140
2022-02-25,TCS,6772.12,6781.47,6674.73,6755.6,1808338
2022-02-25,Wipro,384.33,386.36,375.04,377.79,2729994
2022-02-28,HCLTech,11638.05,11747.67,11593.2,11709.07,2208467
2022-02-28,Infosys,4905.09,4924.78,4886.9,4917.88,3302344
2022-02-28,TCS,6735.12,6813.96,6670.97,6786.63,2353132
2022-02-28,Wipro,381.41,382.86,376.9,378.15,4481250
2022-03-01,HCLTech,11740.49,11829.94,11624.05,11665.99,3753977
2022-03-01,Infosys,4968.83,5020.82,4931.36,4946.97,2783720
2022-03-01,TCS,6825.97,6889.26,6733.33,6798.58,2454990
2022-03-01,Wipro,365.81,370.17,362.88,363.3,5875110
2022-03-02,HCLTech,12027.71,12097.55,11940.46,12024.98,2559330
2022-03-02,Infosys,4963.77,5010.36,4911.32,4960.24,2591535
2022-03-02,TCS,6816.7,6866.85,6749.32,6785.23,1974912
2022-03-02,Wipro,359.99,363.96,356.92,361.19,4145631
2022-03-03,HCLTech,11941.42,12061.9,11825.42,11875.37,2974180
2022-03-03,Infosys,4977.86,5018.02,4968.61,4975.61,2819443
2022-03-03,TCS,6762.37,6829.1,6750.07,6761.74,1953772
2022-03-03,Wipro,355.68,361.5,354.75,357.83,4219992
2022-03-04,HCLTech,11970.26,12111.76,11934.54,11949.29,2154834
2022-03-04,Infosys,4972.53,5011.12,4954.59,4967.79,2341436
2022-03-04,TCS,6791.09,6838.42,6713.26,6779.15,2749525
2022-03-04,Wipro,364.67,369.47,363.9,365.15,3596552
2022-03-07,HCLTech,11873.63,11902.47,11810.72,11874.33,2375158
2022-03-07,Infosys,4942.45,4989.44,4936.83,4972.5,3532856
2022-03-07,TCS,6775.47,6845.9,6712.37,6763.56,1991847
2022-03-07,Wipro,376.34,377.64,374.75,376.07,3830446
2022-03-08,HCLTech,11456.57,11586.23,11375.33,11512.65,3199834
2022-03-08,Infosys,4958.48,4977.15,4923.23,4960.49,2725308
2022-03-08,TCS,6747.04,6826.68,6672.81,6760.72,2030504
2022-03-08,Wipro,383.94,391.79,382.98,387.46,5161491
2022-03-09,HCLTech,11656.68,11701.42,11511.17,11603.73,2180898
2022-03-09,Infosys,5053.18,5059.85,4985.19,5023.38,3466291
2022-03-09,TCS,6776.86,6790.97,6749.8,6765.2,2203379
2022-03-09,Wipro,396.59,400.45,392.29,395.39,4073263
2022-03-10,HCLTech,11539.21,11645.91,11459.34,11514.29,2628847
2022-03-10,Infosys,5181.82,5195.78,5122.93,5158.22,3563203
2022-03-10,TCS,6706.58,6802.67,6677.36,6723.68,1961257
2022-03-10,Wipro,398.45,400.84,394.18,395.74,4545576
2022-03-11,HCLTech,11685.06,11701.17,11514.8,11566.31,2856775
2022-03-11,Infosys,5165.3,5192.31,5136.59,5168.01,3881999
2022-03-11,TCS,6742.62,6763.42,6709.13,6755.56,1697368
2022-03-11,Wipro,392.7,402.83,389.41,398.27,5188565
2022-03-14,HCLTech,11775.79,11858.11,11679.74,11728.09,2118957
2022-03-14,Infosys,5200.27,5236.4,5131.0,5166.23,3365310
2022-03-14,TCS,6959.3,7011.95,6875.58,6934.64,2157047
2022-03-14,Wipro,398.52,403.79,395.73,400.78,4984753
2022-03-15,HCLTech,11744.11,11889.71,11651.84,11767.0,1822128
2022-03-15,Infosys,5153.38,5193.34,5137.24,5180.71,4007620
2022-03-15,TCS,6845.11,6911.63,6758.17,6824.12,1984557
2022-03-15,Wipro,395.16,397.27,390.2,392.12,4025949
2022-03-16,HCLTech,11838.24,11900.77,11772.76,11821.47,3117365
2022-03-16,Infosys,5117.61,5175.19,5065.98,5138.54,4222269
2022-03-16,TCS,6828.31,6875.35,6749.3,6843.52,2890984
2022-03-16,Wipro,400.98,402.09,398.78,400.04,4085563
2022-03-17,HCLTech,11703.06,11822.63,11549.41,11678.88,4609816
2022-03-17,Infosys,5225.19,5245.55,5123.34,5184.45,3369599
2022-03-17,TCS,6780.6,6847.83,6751.78,6796.29,2341605
2022-03-17,Wipro,402.58,408.42,399.19,404.78,3702580
2022-03-18,HCLTech,11862.55,11893.58,11746.8,11795.14,2849902
2022-03-18,Infosys,5223.13,5242.94,5174.27,5210.46,3410490
2022-03-18,TCS,6817.2,6865.12,6773.37,6831.08,1775444
2022-03-18,Wipro,411.82,415.74,407.14,409.92,4419735
2022-03-21,HCLTech,11840.36,11971.81,11649.8,11763.92,2961396
2022-03-21,Infosys,5176.42,5241.93,5149.93,5182.71,2862387
2022-03-21,TCS,6849.08,6860.5,6824.28,6833.29,2313957
2022-03-21,Wipro,391.7,394.46,388.21,393.17,3682639
2022-03-22,HCLTech,11430.27,11550.37,11378.64,11439.34,2178631
2022-03-22,Infosys,5236.33,5299.95,5185.48,5237.54,2626430
2022-03-22,TCS,6857.98,6887.14,6832.04,6879.62,2127016
2022-03-22,Wipro,395.54,398.15,392.95,396.13,4290127
2022-03-23,HCLTech,11503.81,11633.89,11411.99,11572.54,3488411
2022-03-23,Infosys,5219.42,5289.12,5203.12,5237.14,4135324
2022-03-23,TCS,6959.87,6974.1,6916.5,6952.06,2598754
2022-03-23,Wipro,400.22,403.75,396.29,403.1,4923169
2022-03-24,HCLTech,11651.12,11786.1,11549.89,11757.44,2411281
2022-03-24,Infosys,5180.94,5189.22,5151.49,5174.92,3612136
2022-03-24,TCS,6979.74,6994.28,6910.89,6963.34,1800845
2022-03-24,Wipro,402.77,405.64,399.89,402.73,2854997
2022-03-25,HCLTech,11936.78,12084.34,11901.94,12003.62,3281349
2022-03-25,Infosys,5199.48,5246.35,5136.26,5195.17,3671192
2022-03-25,TCS,7031.89,7088.15,6988.44,7033.85,2076912
2022-03-25,Wipro,401.41,404.47,394.88,398.85,2758808
2022-03-28,HCLTech,12337.97,12477.42,12274.06,12373.79,2935773
2022-03-28,Infosys,5208.74,5224.17,5192.42,5208.31,2843423
2022-03-28,TCS,6908.12,6954.99,6851.68,6886.18,1960752
2022-03-28,Wipro,387.76,392.94,385.03,388.93,3964431
2022-03-29,HCLTech,12600.79,12631.26,12478.18,12508.24,2950134
2022-03-29,Infosys,5241.39,5305.23,5229.68,5266.98,4427942
2022-03-29,TCS,6977.91,7026.58,6923.03,6984.6,2023529
2022-03-29,Wipro,380.3,380.79,374.37,378.76,4572514
2022-03-30,HCLTech,12692.4,12835.37,12514.88,12598.24,2927569
2022-03-30,Infosys,5323.98,5381.65,5280.79,5318.07,3056981
2022-03-30,TCS,7002.62,7067.68,6931.79,7007.34,1675492
2022-03-30,Wipro,379.44,380.44,375.5,379.56,4236217
2022-03-31,HCLTech,12852.19,12972.87,12651.11,12791.87,2908968
2022-03-31,Infosys,5297.56,5336.86,5258.03,5309.35,2725856
2022-03-31,TCS,7052.98,7083.11,7027.18,7074.73,2244156
2022-03-31,Wipro,380.28,380.79,376.27,377.7,3139652
2022-04-01,HCLTech,12709.99,12855.74,12538.1,12633.59,2751619
2022-04-01,Infosys,5255.79,5336.8,5216.01,5277.6,2853128
2022-04-01,TCS,7019.0,7046.94,6963.16,6996.55,2174372
2022-04-01,Wipro,374.66,380.03,371.29,375.76,4788590
2022-04-04,HCLTech,12298.16,12393.83,12190.94,12340.86,3156185
2022-04-04,Infosys,5304.09,5350.72,5261.12,5275.94,4381491
2022-04-04,TCS,6926.75,7009.81,6866.11,6943.49,2586205
2022-04-04,Wipro,389.78,392.36,385.03,385.98,5858844
2022-04-05,HCLTech,12167.58,12328.96,12117.52,12258.26,2248586
2022-04-05,Infosys,5345.7,5368.74,5249.88,5297.2,2562392
2022-04-05,TCS,6959.32,7035.94,6885.22,6951.66,1995993
2022-04-05,Wipro,378.71,380.11,372.93,377.09,3362072
2022-04-06,HCLTech,12417.52,12524.36,12341.15,12478.92,2478732
2022-04-06,Infosys,5369.86,5380.84,5306.71,5326.23,2753647
2022-04-06,TCS,6948.05,6990.07,6878.02,6949.61,1841866
2022-04-06,Wipro,375.07,375.52,372.69,374.49,3460073
2022-04-07,HCLTech,12240.77,12413.02,12128.78,12363.43,3487304
2022-04-07,Infosys,5358.31,5411.72,5282.62,5343.7,5713619
2022-04-07,TCS,6943.28,6979.56,6920.35,6966.35,2342001
2022-04-07,Wipro,386.5,387.3,383.41,385.82,4020550
2022-04-08,HCLTech,12375.99,12476.06,12345.74,12443.73,2691484
2022-04-08,Infosys,5330.09,5368.26,5311.4,5336.04,3862668
2022-04-08,TCS,7020.18,7102.49,6971.51,7033.66,1706264
2022-04-08,Wipro,382.27,386.81,381.8,383.39,3900649
2022-04-11,HCLTech,12512.37,12573.25,12483.11,12543.43,2435917
2022-04-11,Infosys,5396.79,5408.1,5390.37,5398.39,2763615
2022-04-11,TCS,6952.01,7026.65,6846.34,6921.79,2484680
2022-04-11,Wipro,382.3,385.99,378.27,383.58,5088127
2022-04-12,HCLTech,12596.09,12701.62,12542.14,12585.8,3197871
2022-04-12,Infosys,5362.15,5373.59,5314.23,5353.02,2577606
2022-04-12,TCS,6986.13,7024.9,6944.61,6981.69,2483616
2022-04-12,Wipro,382.74,386.21,377.74,382.11,4233429
2022-04-13,HCLTech,12370.29,12404.02,12317.52,12362.08,3074055
2022-04-13,Infosys,5503.04,5576.91,5485.26,5512.76,2290136
2022-04-13,TCS,6959.02,7006.85,6919.15,6981.18,2571792
2022-04-13,Wipro,383.81,388.24,381.44,386.72,3773392
2022-04-14,HCLTech,12379.02,12451.58,12235.6,12420.93,2004806
2022-04-14,Infosys,5592.42,5612.96,5517.51,5561.53,3262760
2022-04-14,TCS,6974.05,6984.4,6884.9,6967.34,2156468
2022-04-14,Wipro,371.01,374.59,369.87,372.42,3555002
2022-04-15,HCLTech,12381.69,12466.89,12313.33,12347.22,3008668
2022-04-15,Infosys,5438.17,5548.67,5419.03,5484.87,3701561
2022-04-15,TCS,6871.51,6926.25,6856.1,6874.68,1814568
2022-04-15,Wipro,368.62,373.71,365.43,370.8,2946974
2022-04-18,HCLTech,12603.02,12755.05,12575.84,12644.49,2672405
2022-04-18,Infosys,5488.33,5541.82,5457.0,5495.15,4335818
2022-04-18,TCS,6980.37,7057.22,6844.34,6904.84,2044155
2022-04-18,Wipro,372.24,373.48,369.32,370.9,5260339
2022-04-19,HCLTech,12847.34,12970.14,12814.41,12846.71,2997839
2022-04-19,Infosys,5563.09,5587.04,5527.91,5544.4,2190991
2022-04-19,TCS,6761.49,6818.67,6685.49,6755.42,2157954
2022-04-19,Wipro,365.39,366.91,359.83,364.04,4534992
2022-04-20,HCLTech,12707.48,12871.11,12666.41,12776.79,2605572
2022-04-20,Infosys,5499.72,5548.09,5468.28,5519.27,2454871
2022-04-20,TCS,6785.8,6824.44,6767.76,6793.94,1788037
2022-04-20,Wipro,368.98,369.92,364.43,366.04,3928263
2022-04-21,HCLTech,13165.97,13208.33,13029.71,13095.92,2853001
2022-04-21,Infosys,5413.78,5470.98,5400.23,5419.24,3124395
2022-04-21,TCS,6732.36,6786.7,6642.94,6702.31,2611096
2022-04-21,Wipro,370.22,374.28,367.51,371.0,4087942
2022-04-22,HCLTech,13159.8,13255.94,13116.76,13158.46,1802746
2022-04-22,Infosys,5363.58,5394.63,5324.98,5350.22,5588354
2022-04-22,TCS,6665.77,6772.61,6624.67,6704.54,2246029
2022-04-22,Wipro,371.88,376.54,371.3,373.77,3914790
2022-04-25,HCLTech,12896.3,12997.97,12828.21,12853.48,2173903
2022-04-25,Infosys,5417.71,5427.58,5366.11,5383.27,3820309
2022-04-25,TCS,6698.36,6740.12,6626.85,6696.37,1673140
2022-04-25,Wipro,382.11,387.94,377.57,385.67,2810003
2022-04-26,HCLTech,12762.52,12888.09,12730.58,12838.8,3014794
2022-04-26,Infosys,5240.73,5287.88,5188.44,5269.29,3447711
2022-04-26,TCS,6808.88,6877.09,6691.93,6766.24,2914568
2022-04-26,Wipro,383.06,385.83,379.6,382.41,3010328
2022-04-27,HCLTech,13146.77,13180.81,13008.31,13135.54,4392061
2022-04-27,Infosys,5146.99,5230.82,5100.55,5176.65,2504692
2022-04-27,TCS,6751.92,6790.27,6680.37,6754.39,2039337
2022-04-27,Wipro,388.99,390.11,381.06,385.58,3839894
2022-04-28,HCLTech,13021.55,13167.16,12897.81,12985.08,2798172
2022-04-28,Infosys,5187.67,5253.42,5172.96,5208.32,2094162
2022-04-28,TCS,6674.83,6743.81,6663.43,6711.37,1606931
2022-04-28,Wipro,388.45,392.5,386.78,388.63,3826904
2022-04-29,HCLTech,12842.89,12998.82,12724.68,12972.16,2263586
2022-04-29,Infosys,5159.24,5226.47,5149.38,5192.66,3224960
2022-04-29,TCS,6671.58,6729.42,6609.36,6679.9,1694006
2022-04-29,Wipro,386.79,390.39,384.09,386.72,3990311
2022-05-02,HCLTech,12800.11,12851.93,12689.59,12727.05,2671375
2022-05-02,Infosys,5116.14,5166.8,5109.58,5147.75,3137031
2022-05-02,TCS,6786.96,6828.44,6680.7,6755.94,2693129
2022-05-02,Wipro,394.41,395.61,393.93,394.42,5617030
2022-05-03,HCLTech,12438.0,12558.76,12383.81,12514.38,2174560
2022-05-03,Infosys,5094.71,5147.38,5076.91,5115.56,3033112
2022-05-03,TCS,6795.75,6875.59,6734.52,6787.7,2881019
2022-05-03,Wipro,396.84,401.1,392.45,396.2,3777364
2022-05-04,HCLTech,12381.46,12515.32,12222.65,12368.67,3338348
2022-05-04,Infosys,5050.49,5099.37,4992.83,5024.39,2965554
2022-05-04,TCS,6745.44,6808.47,6694.11,6763.29,2447443
2022-05-04,Wipro,389.9,391.98,386.37,387.46,3434059
2022-05-05,HCLTech,12264.55,12344.54,12133.97,12157.59,2625122
2022-05-05,Infosys,5045.41,5061.61,5018.17,5052.02,2755172
2022-05-05,TCS,6733.49,6783.38,6723.42,6748.04,2603896
2022-05-05,Wipro,397.24,399.66,390.24,392.47,4042632
2022-05-06,HCLTech,12109.02,12248.55,11982.29,12052.5,3209621
2022-05-06,Infosys,5002.39,5062.13,4943.28,5001.73,2631679
2022-05-06,TCS,6640.97,6688.25,6571.8,6652.69,2550961
2022-05-06,Wipro,389.91,392.58,385.44,388.69,3025038
2022-05-09,HCLTech,12259.3,12473.98,12207.15,12349.13,2521415
2022-05-09,Infosys,4948.18,5020.03,4900.11,4968.08,4225139
2022-05-09,TCS,6682.78,6729.74,6665.09,6675.18,2235646
2022-05-09,Wipro,387.56,391.32,385.45,386.18,4126409
2022-05-10,HCLTech,12331.9,12457.5,12318.58,12342.67,3267102
2022-05-10,Infosys,5000.5,5022.99,4977.93,4987.21,2680075
2022-05-10,TCS,6597.26,6629.61,6540.28,6569.51,2136044
2022-05-10,Wipro,383.62,385.28,379.93,384.2,3460210
2022-05-11,HCLTech,12554.62,12591.59,12390.66,12478.97,1879098
2022-05-11,Infosys,5009.62,5062.61,4956.65,4970.31,3028057
2022-05-11,TCS,6635.31,6694.71,6539.39,6613.35,2228034
2022-05-11,Wipro,388.8,390.58,384.96,389.06,4184156
2022-05-12,HCLTech,12620.41,12731.69,12531.43,12671.02,2612759
2022-05-12,Infosys,4908.6,4968.81,4902.26,4926.93,3175087
2022-05-12,TCS,6629.8,6664.19,6544.5,6620.29,2317178
2022-05-12,Wipro,396.12,400.91,393.41,396.43,3858367
2022-05-13,HCLTech,12453.86,12600.89,12397.51,12475.84,2896285
2022-05-13,Infosys,4844.2,4884.55,4797.12,4809.24,3685502
2022-05-13,TCS,6735.02,6798.68,6654.8,6763.34,1724311
2022-05-13,Wipro,394.12,399.5,391.11,395.03,3888391
2022-05-16,HCLTech,12308.03,12477.19,12231.79,12331.45,2464136
2022-05-16,Infosys,4836.44,4848.71,4796.09,4829.04,2698739
2022-05-16,TCS,6668.08,6748.17,6626.47,6696.03,2315299
2022-05-16,Wipro,393.55,397.45,392.44,393.24,4533961
2022-05-17,HCLTech,12499.3,12632.51,12398.23,12464.43,2793830
2022-05-17,Infosys,4832.54,4885.52,4823.28,4832.19,3891382
2022-05-17,TCS,6700.46,6711.64,6669.47,6689.21,2677465
2022-05-17,Wipro,380.26,381.35,376.52,378.77,4632848
2022-05-18,HCLTech,12261.68,12495.61,12186.8,12354.37,2784366
2022-05-18,Infosys,4808.97,4837.6,4792.93,4800.89,2849710
2022-05-18,TCS,6769.0,6853.55,6725.89,6797.74,1919131
2022-05-18,Wipro,373.87,376.69,369.89,373.72,6006976
2022-05-19,HCLTech,12514.5,12615.37,12347.31,12476.17,3206814
2022-05-19,Infosys,4747.93,4794.63,4729.25,4740.15,3098045
2022-05-19,TCS,6865.57,6915.48,6850.98,6870.45,1878545
2022-05-19,Wipro,366.52,369.34,365.8,367.17,4595860
2022-05-20,HCLTech,12733.97,12853.5,12621.22,12772.89,2944139
2022-05-20,Infosys,4776.67,4797.19,4699.92,4739.56,4444958
2022-05-20,TCS,6833.55,6874.43,6754.65,6827.0,2199997
2022-05-20,Wipro,369.3,369.99,364.62,369.0,3808744
2022-05-23,HCLTech,12514.93,12599.0,12463.83,12515.62,2812565
2022-05-23,Infosys,4776.1,4797.05,4759.89,4765.67,2636112
2022-05-23,TCS,6815.82,6901.25,6766.98,6840.29,1756311
2022-05-23,Wipro,365.84,368.74,363.52,368.06,3524608
2022-05-24,HCLTech,12439.95,12528.93,12394.73,12453.67,3100006
2022-05-24,Infosys,4780.85,4836.37,4714.35,4770.0,3696297
2022-05-24,TCS,6817.93,6903.85,6780.77,6839.96,1536924
2022-05-24,Wipro,363.7,367.5,361.45,361.87,4287338
2022-05-25,HCLTech,12456.21,12489.89,12308.16,12419.66,1983575
2022-05-25,Infosys,4854.83,4894.86,4829.64,4863.43,3912094
2022-05-25,TCS,6854.9,6927.62,6842.05,6856.94,2516051
2022-05-25,Wipro,361.7,363.37,359.99,362.64,5357951
2022-05-26,HCLTech,12327.79,12382.86,12285.02,12329.06,2236762
2022-05-26,Infosys,4920.81,4928.98,4880.44,4903.5,3404609
2022-05-26,TCS,6824.42,6859.38,6776.42,6813.6,1827514
2022-05-26,Wipro,359.36,363.43,357.02,361.98,4747186
2022-05-27,HCLTech,12311.84,12336.39,12090.97,12225.24,1970839
2022-05-27,Infosys,4876.36,4945.9,4846.01,4895.99,3125657
2022-05-27,TCS,6830.62,6862.03,6736.15,6807.82,2007393
2022-05-27,Wipro,346.6,347.53,341.61,345.6,3468891
2022-05-30,HCLTech,12201.07,12225.16,12018.69,12142.06,2901511
2022-05-30,Infosys,4940.65,4957.94,4905.32,4938.39,4895378
2022-05-30,TCS,6723.2,6782.75,6651.73,6710.36,1770252
2022-05-30,Wipro,353.49,356.08,349.27,352.35,4378963
2022-05-31,HCLTech,12093.1,12194.1,12047.42,12140.32,2824338
2022-05-31,Infosys,5000.33,5053.66,4912.37,4940.14,3191151
2022-05-31,TCS,6719.88,6769.61,6705.51,6718.32,2581829
2022-05-31,Wipro,356.68,361.97,354.04,358.61,4181613
2022-06-01,HCLTech,12251.01,12353.03,12049.86,12169.32,3430034
2022-06-01,Infosys,4890.02,4996.48,4858.97,4941.72,3333311
2022-06-01,TCS,6729.6,6799.06,6711.03,6745.44,2372116
2022-06-01,Wipro,358.28,359.69,352.73,356.88,4933834
2022-06-02,HCLTech,12353.22,12448.97,12295.61,12333.9,2789450
2022-06-02,Infosys,5023.04,5032.08,4994.35,5018.12,2991710
2022-06-02,TCS,6708.88,6779.42,6673.22,6731.55,1905985
2022-06-02,Wipro,360.38,363.84,357.42,358.95,4248542
2022-06-03,HCLTech,12341.0,12429.28,12315.02,12330.73,2291418
2022-06-03,Infosys,4968.97,5005.78,4940.77,4963.31,3298168
2022-06-03,TCS,6623.7,6697.39,6609.69,6634.37,1579593
2022-06-03,Wipro,361.12,362.17,354.81,356.65,4216892
2022-06-06,HCLTech,12578.73,12694.94,12381.6,12526.56,2670622
2022-06-06,Infosys,4958.96,5022.27,4952.52,4963.72,3880540
2022-06-06,TCS,6702.32,6723.04,6618.21,6693.67,1865933
2022-06-06,Wipro,345.8,348.02,342.53,346.31,3158328
2022-06-07,HCLTech,12361.36,12494.78,12245.47,12424.58,1786801
2022-06-07,Infosys,5029.82,5090.72,4987.62,5034.14,3028567
2022-06-07,TCS,6722.87,6770.69,6660.84,6715.75,2241572
2022-06-07,Wipro,359.75,361.19,357.04,359.87,4686593
2022-06-08,HCLTech,12136.52,12290.47,12059.09,12218.83,2396156
2022-06-08,Infosys,5053.87,5088.12,5012.58,5051.93,2098965
2022-06-08,TCS,6628.15,6690.42,6614.61,6672.14,2076895
2022-06-08,Wipro,363.18,366.75,361.94,364.57,3028827
2022-06-09,HCLTech,12169.86,12251.38,12043.34,12168.38,1625947
2022-06-09,Infosys,5023.43,5071.42,4981.45,5028.75,3546158
2022-06-09,TCS,6639.05,6691.98,6574.86,6655.5,2044118
2022-06-09,Wipro,371.75,376.14,367.17,370.6,4072324
2022-06-10,HCLTech,12212.78,12270.34,12190.38,12249.11,2776567
2022-06-10,Infosys,4930.63,4968.34,4870.12,4926.04,2579211
2022-06-10,TCS,6591.43,6646.17,6533.29,6566.47,2086497
2022-06-10,Wipro,368.51,371.87,367.05,368.52,3582783
2022-06-13,HCLTech,12526.03,12618.71,12286.11,12399.4,2458746
2022-06-13,Infosys,4783.11,4808.42,4753.43,4792.91,3711834
2022-06-13,TCS,6508.08,6549.89,6482.43,6506.46,2327759
2022-06-13,Wipro,378.22,379.45,373.19,375.87,3540759
2022-06-14,HCLTech,12610.17,12774.6,12464.9,12657.48,2532118
2022-06-14,Infosys,4955.04,4995.58,4860.56,4913.13,3199152
2022-06-14,TCS,6446.58,6508.93,6399.71,6475.42,1983326
2022-06-14,Wipro,365.53,370.8,361.73,366.54,4494314
2022-06-15,HCLTech,12713.65,12763.23,12583.97,12711.14,2158027
2022-06-15,Infosys,4925.48,4953.69,4896.5,4930.69,3864269
2022-06-15,TCS,6596.62,6667.43,6540.33,6547.84,2188354
2022-06-15,Wipro,365.83,368.94,363.27,364.74,3997422
2022-06-16,HCLTech,12860.22,12994.01,12774.28,12848.13,2274454
2022-06-16,Infosys,4907.38,4930.53,4865.04,4895.66,2647145
2022-06-16,TCS,6510.18,6572.63,6470.34,6510.77,1641750
2022-06-16,Wipro,368.91,371.67,365.45,369.46,2478392
2022-06-17,HCLTech,13178.44,13230.21,13036.17,13099.17,2986298
2022-06-17,Infosys,4901.88,4943.3,4862.85,4915.68,2875154
2022-06-17,TCS,6556.9,6601.42,6481.63,6548.97,3333148
2022-06-17,Wipro,360.93,369.19,357.15,365.14,3844813
2022-06-20,HCLTech,12896.61,13045.73,12757.11,12959.61,1950912
2022-06-20,Infosys,4878.68,4929.29,4843.2,4859.6,2989611
2022-06-20,TCS,6526.16,6600.89,6444.9,6517.95,1889619
2022-06-20,Wipro,372.48,375.98,369.35,371.01,3701097
2022-06-21,HCLTech,12822.55,13061.48,12768.61,12924.24,2876714
2022-06-21,Infosys,4854.81,4872.39,4823.47,4839.88,2379033
2022-06-21,TCS,6525.66,6570.26,6494.55,6533.23,2083117
2022-06-21,Wipro,368.8,376.25,367.63,372.88,5143741
2022-06-22,HCLTech,13530.54,13653.93,13286.39,13438.4,2210606
2022-06-22,Infosys,4793.59,4811.6,4753.53,4785.15,3996563
2022-06-22,TCS,6510.76,6588.79,6458.24,6525.7,2239920
2022-06-22,Wipro,373.75,375.33,369.82,374.13,3119941
2022-06-23,HCLTech,13609.0,13708.85,13542.16,13603.63,1857647
2022-06-23,Infosys,4684.1,4709.44,4675.88,4704.36,2311891
2022-06-23,TCS,6622.14,6641.0,6555.04,6578.03,1842252
2022-06-23,Wipro,368.82,370.05,366.56,369.16,5868974
2022-06-24,HCLTech,13759.03,13867.04,13672.0,13704.55,3322708
2022-06-24,Infosys,4572.27,4599.15,4555.8,4586.75,3985303
2022-06-24,TCS,6568.1,6595.31,6500.48,6547.37,2003132
2022-06-24,Wipro,371.68,375.61,370.04,371.7,4747595
2022-06-27,HCLTech,13938.99,13969.63,13830.71,13880.6,3391755
2022-06-27,Infosys,4531.41,4584.73,4455.67,4499.43,3483475
2022-06-27,TCS,6473.09,6503.63,6431.85,6456.35,1998270
2022-06-27,Wipro,384.82,388.09,384.28,384.71,3783647
2022-06-28,HCLTech,13696.01,13815.06,13535.56,13627.06,2334080
2022-06-28,Infosys,4540.17,4581.05,4512.47,4554.75,3075222
2022-06-28,TCS,6389.18,6403.01,6331.13,6377.59,1665856
2022-06-28,Wipro,385.86,389.72,384.56,385.77,3678557
2022-06-29,HCLTech,13482.96,13612.38,13450.03,13507.94,2329506
2022-06-29,Infosys,4513.16,4527.36,4495.21,4501.02,3428675
2022-06-29,TCS,6328.22,6389.65,6309.94,6348.26,2183360
2022-06-29,Wipro,390.4,394.08,386.92,389.51,3520631
2022-06-30,HCLTech,13279.4,13347.4,13210.62,13321.69,2472763
2022-06-30,Infosys,4512.02,4582.6,4504.49,4529.95,3409949
2022-06-30,TCS,6303.79,6323.42,6207.19,6278.47,1438071
2022-06-30,Wipro,394.06,398.64,390.07,394.33,4263828
2022-07-01,HCLTech,13273.53,13435.74,13128.0,13404.01,2211118
2022-07-01,Infosys,4601.7,4607.68,4531.32,4582.25,2953719
2022-07-01,TCS,6286.23,6353.22,6218.62,6302.95,2839672
2022-07-01,Wipro,392.57,394.58,383.63,386.15,3416863
2022-07-04,HCLTech,13274.24,13494.92,13247.25,13339.11,2290435
2022-07-04,Infosys,4570.03,4612.21,4517.36,4583.22,3396619
2022-07-04,TCS,6283.52,6302.94,6248.37,6277.92,2343724
2022-07-04,Wipro,384.27,386.97,382.72,385.1,3907222
2022-07-05,HCLTech,13365.33,13404.88,13257.58,13361.26,2844887
2022-07-05,Infosys,4548.5,4611.93,4511.88,4566.94,3703904
2022-07-05,TCS,6381.92,6430.1,6321.02,6414.97,2272707
2022-07-05,Wipro,380.9,385.23,376.63,383.85,3218690
2022-07-06,HCLTech,13262.03,13452.12,13189.87,13307.69,3936492
2022-07-06,Infosys,4560.74,4617.86,4546.9,4574.4,2649084
2022-07-06,TCS,6276.43,6390.57,6263.56,6316.91,1413146
2022-07-06,Wipro,366.06,370.13,364.21,369.33,4612859
2022-07-07,HCLTech,12940.1,13065.14,12835.0,13012.64,2421941
2022-07-07,Infosys,4541.24,4565.84,4518.31,4551.81,3429415
2022-07-07,TCS,6336.43,6388.64,6272.19,6330.08,1706836
2022-07-07,Wipro,376.06,378.43,373.45,374.5,4137903
2022-07-08,HCLTech,13182.89,13253.51,13095.47,13179.63,3190355
2022-07-08,Infosys,4626.19,4666.84,4598.2,4618.33,1892475
2022-07-08,TCS,6251.83,6338.61,6226.15,6267.78,2640626
2022-07-08,Wipro,364.49,370.55,360.34,368.16,3642606
2022-07-11,HCLTech,12948.2,13040.27,12726.36,12863.28,2790134
2022-07-11,Infosys,4725.24,4762.31,4678.34,4723.86,2175439
2022-07-11,TCS,6202.74,6281.6,6187.28,6241.72,4587776
2022-07-11,Wipro,369.76,373.43,367.78,372.59,3811200
2022-07-12,HCLTech,12734.34,12838.27,12665.22,12737.83,1860907
2022-07-12,Infosys,4785.13,4847.7,4752.07,4807.19,3582483
2022-07-12,TCS,6262.12,6270.69,6198.58,6251.47,2539800
2022-07-12,Wipro,364.33,370.25,362.03,367.45,3482386
2022-07-13,HCLTech,12441.15,12591.41,12359.13,12510.4,2587324
2022-07-13,Infosys,4684.58,4703.53,4639.72,4685.13,2943457
2022-07-13,TCS,6164.87,6209.98,6086.06,6123.83,2460921
2022-07-13,Wipro,382.21,384.12,377.25,381.11,4258653
2022-07-14,HCLTech,12439.69,12499.81,12332.32,12362.37,2523132
2022-07-14,Infosys,4638.82,4707.38,4615.79,4661.15,2697871
2022-07-14,TCS,6165.75,6209.79,6096.89,6138.83,2221409
2022-07-14,Wipro,382.31,384.61,377.54,379.11,3112050
2022-07-15,HCLTech,12355.7,12483.09,12276.7,12402.65,3484829
2022-07-15,Infosys,4674.6,4708.03,4612.73,4661.98,3166243
2022-07-15,TCS,6241.84,6254.18,6199.86,6246.91,1688174
2022-07-15,Wipro,390.04,394.96,387.38,392.37,4790740
2022-07-18,HCLTech,12716.36,12827.09,12595.96,12624.52,3513252
2022-07-18,Infosys,4704.92,4747.15,4661.79,4688.61,2956365
2022-07-18,TCS,6223.75,6288.94,6213.29,6223.58,2440448
2022-07-18,Wipro,392.11,393.84,386.95,391.07,4141067
2022-07-19,HCLTech,12341.3,12423.47,12249.79,12357.22,2803507
2022-07-19,Infosys,4592.67,4645.2,4566.99,4593.13,2625914
2022-07-19,TCS,6257.83,6306.77,6230.59,6240.36,1604650
2022-07-19,Wipro,384.18,393.95,382.71,390.61,3656713
2022-07-20,HCLTech,12273.13,12359.01,12196.99,12266.93,3314687
2022-07-20,Infosys,4503.92,4550.81,4470.09,4498.79,2305600
2022-07-20,TCS,6322.81,6380.93,6252.53,6300.5,1569928
2022-07-20,Wipro,399.83,404.37,395.5,401.71,4498900
2022-07-21,HCLTech,12067.9,12130.3,11860.78,11975.95,2524995
2022-07-21,Infosys,4604.48,4648.71,4536.39,4570.72,2158728
2022-07-21,TCS,6286.8,6334.09,6237.37,6293.6,1550288
2022-07-21,Wipro,396.57,398.89,393.84,395.06,4323294
2022-07-22,HCLTech,11802.33,11935.75,11736.2,11880.75,3252365
2022-07-22,Infosys,4538.03,4560.05,4488.86,4541.04,3709545
2022-07-22,TCS,6263.93,6312.8,6253.74,6263.25,2430973
2022-07-22,Wipro,394.58,397.53,390.48,395.36,3245172
2022-07-25,HCLTech,11837.7,11949.77,11743.75,11898.76,2652702
2022-07-25,Infosys,4443.97,4468.75,4417.15,4461.63,2940709
2022-07-25,TCS,6144.6,6168.15,6107.09,6138.78,1977165
2022-07-25,Wipro,401.67,402.17,397.03,399.16,5195374
2022-07-26,HCLTech,12014.28,12075.2,11994.47,12033.52,3238293
2022-07-26,Infosys,4414.64,4446.96,4354.45,4403.91,3884757
2022-07-26,TCS,6187.69,6260.16,6129.09,6176.91,2040752
2022-07-26,Wipro,396.4,405.83,393.62,402.02,2427795
2022-07-27,HCLTech,11680.1,11797.61,11577.19,11688.11,3304858
2022-07-27,Infosys,4404.64,4431.75,4381.16,4425.64,2934745
2022-07-27,TCS,6170.73,6206.7,6119.98,6173.31,1993847
2022-07-27,Wipro,400.43,406.96,397.6,402.29,4973891
2022-07-28,HCLTech,11938.59,12079.74,11649.13,11785.03,3000567
2022-07-28,Infosys,4379.4,4422.09,4359.38,4383.27,3435439
2022-07-28,TCS,6117.74,6137.11,6055.89,6120.06,1596803
2022-07-28,Wipro,402.71,403.69,400.26,401.56,3871590
2022-07-29,HCLTech,11581.7,11647.55,11513.07,11632.21,2241608
2022-07-29,Infosys,4386.11,4437.2,4367.49,4397.16,3120739
2022-07-29,TCS,6156.58,6166.53,6095.38,6129.88,1748924
2022-07-29,Wipro,408.83,410.54,406.51,407.69,4876384
2022-08-01,HCLTech,11369.55,11478.56,11356.95,11442.44,2390261
2022-08-01,Infosys,4334.24,4378.29,4328.89,4347.03,3228572
2022-08-01,TCS,6123.97,6172.95,6057.79,6100.68,1766609
2022-08-01,Wipro,410.3,414.53,405.35,408.96,5335476
2022-08-02,HCLTech,11407.62,11593.07,11320.47,11460.05,3022131
2022-08-02,Infosys,4253.77,4270.37,4209.78,4258.24,3260100
2022-08-02,TCS,6083.88,6155.77,6030.0,6074.73,1509974
2022-08-02,Wipro,416.66,420.33,411.92,416.12,3672240
2022-08-03,HCLTech,11581.3,11636.42,11538.09,11568.14,3108696
2022-08-03,Infosys,4349.39,4395.63,4324.87,4332.98,2927092
2022-08-03,TCS,6144.25,6210.94,6083.98,6111.07,1808151
2022-08-03,Wipro,416.03,420.9,414.99,419.04,3706920
2022-08-04,HCLTech,11586.96,11648.13,11488.0,11559.06,2683681
2022-08-04,Infosys,4375.4,4408.46,4334.76,4355.13,2502340
2022-08-04,TCS,6033.7,6093.75,6024.09,6041.05,1611049
2022-08-04,Wipro,421.89,427.42,417.98,423.96,4259792
2022-08-05,HCLTech,11351.35,11485.21,11335.95,11390.75,2442575
2022-08-05,Infosys,4356.09,4385.12,4322.89,4339.18,3729884
2022-08-05,TCS,6132.8,6205.76,6095.14,6101.53,2244947
2022-08-05,Wipro,439.06,443.93,430.71,432.7,3188549
2022-08-08,HCLTech,11383.23,11438.77,11315.23,11382.06,2701451
2022-08-08,Infosys,4319.73,4351.02,4273.99,4313.63,4401124
2022-08-08,TCS,6038.89,6092.94,5967.1,6028.57,2282659
2022-08-08,Wipro,426.89,431.76,423.67,430.29,3743266
2022-08-09,HCLTech,11382.55,11455.63,11154.85,11274.58,2459151
2022-08-09,Infosys,4386.98,4400.13,4337.59,4391.73,4459309
2022-08-09,TCS,6058.21,6086.88,5976.91,5996.11,1544066
2022-08-09,Wipro,435.05,442.67,432.06,438.95,3680237
2022-08-10,HCLTech,11380.01,11504.14,11349.73,11378.05,2461889
2022-08-10,Infosys,4381.09,4465.15,4337.35,4424.69,2864795
2022-08-10,TCS,6081.43,6150.79,6033.19,6104.32,1884798
2022-08-10,Wipro,439.61,443.97,433.71,437.73,3155237
2022-08-11,HCLTech,11576.85,11660.35,11483.74,11558.66,3847863
2022-08-11,Infosys,4494.71,4502.21,4467.49,4487.77,2763551
2022-08-11,TCS,6156.85,6181.82,6111.61,6170.23,2898980
2022-08-11,Wipro,424.01,427.72,421.06,426.85,3641753
2022-08-12,HCLTech,11840.9,11939.6,11687.31,11731.8,2364139
2022-08-12,Infosys,4415.79,4491.09,4389.24,4458.27,2864215
2022-08-12,TCS,6187.57,6208.84,6146.07,6179.41,1643773
2022-08-12,Wipro,429.17,434.01,423.49,424.35,4650169
2022-08-15,HCLTech,11696.96,11776.8,11651.68,11737.04,2877923
2022-08-15,Infosys,4426.96,4475.64,4410.5,4462.86,3089419
2022-08-15,TCS,6138.82,6173.15,6068.8,6131.14,2178147
2022-08-15,Wipro,426.18,431.1,417.19,418.9,4583528
2022-08-16,HCLTech,11887.21,11978.01,11791.21,11931.76,2680749
2022-08-16,Infosys,4483.37,4501.15,4433.32,4486.42,3166600
2022-08-16,TCS,6143.52,6163.3,6052.88,6105.9,2042657
2022-08-16,Wipro,421.13,425.6,418.87,421.77,3860717
2022-08-17,HCLTech,11744.21,11898.49,11635.8,11771.27,2034402
2022-08-17,Infosys,4463.87,4479.79,4448.63,4458.91,2621024
2022-08-17,TCS,6101.05,6184.15,6093.42,6113.91,2488610
2022-08-17,Wipro,420.47,423.28,416.59,419.65,4050212
2022-08-18,HCLTech,12046.83,12212.02,11919.06,12078.04,2020424
2022-08-18,Infosys,4447.45,4461.04,4396.43,4455.88,2380245
2022-08-18,TCS,6137.52,6210.87,6061.64,6120.05,2121748
2022-08-18,Wipro,415.86,423.88,414.67,420.67,3763897
2022-08-19,HCLTech,11809.15,12032.67,11761.19,11914.99,2558159
2022-08-19,Infosys,4455.56,4503.72,4382.87,4426.91,3232123
2022-08-19,TCS,6141.66,6172.86,6078.97,6119.21,1834713
2022-08-19,Wipro,431.27,434.78,426.46,428.47,2812351
2022-08-22,HCLTech,11598.17,11625.34,11569.72,11590.33,1759399
2022-08-22,Infosys,4459.01,4502.92,4411.08,4450.37,1579437
2022-08-22,TCS,6135.37,6189.37,6092.28,6121.77,2026884
2022-08-22,Wipro,433.99,441.34,433.25,440.15,3264004
2022-08-23,HCLTech,11836.17,11954.58,11754.25,11823.59,3749387
2022-08-23,Infosys,4378.0,4388.48,4336.35,4382.59,3136223
2022-08-23,TCS,6095.83,6147.85,6040.99,6114.31,2032814
2022-08-23,Wipro,438.83,444.43,436.83,442.55,4845702
2022-08-24,HCLTech,11705.62,11730.48,11618.64,11716.28,2418599
2022-08-24,Infosys,4440.87,4448.1,4394.19,4415.09,2649050
2022-08-24,TCS,6066.69,6082.06,5988.22,6039.84,1963656
2022-08-24,Wipro,451.7,452.65,448.37,451.36,5082182
2022-08-25,HCLTech,11759.55,11848.47,11638.0,11745.3,2379458
2022-08-25,Infosys,4463.21,4506.11,4415.11,4433.97,3740359
2022-08-25,TCS,6039.62,6068.04,5989.71,6016.28,1536220
2022-08-25,Wipro,451.56,453.85,444.92,450.01,3369043
2022-08-26,HCLTech,11601.56,11699.34,11478.94,11586.9,3320529
2022-08-26,Infosys,4435.15,4439.92,4402.62,4425.62,3945902
2022-08-26,TCS,6082.05,6103.75,5998.86,6070.58,2564503
2022-08-26,Wipro,433.54,441.64,432.26,437.61,5003371
2022-08-29,HCLTech,11910.07,12055.34,11785.01,11987.12,2527846
2022-08-29,Infosys,4437.61,4479.5,4424.3,4452.08,3964580
2022-08-29,TCS,6004.74,6032.42,5952.06,6000.88,2475478
2022-08-29,Wipro,427.05,433.12,426.49,428.51,3146074
2022-08-30,HCLTech,12325.06,12402.36,12291.12,12307.64,2961571
2022-08-30,Infosys,4424.97,4444.88,4384.21,4435.21,2985781
2022-08-30,TCS,5999.61,6019.8,5949.39,5995.34,1623053
2022-08-30,Wipro,422.66,429.28,420.48,427.11,3606963
2022-08-31,HCLTech,12622.81,12738.44,12439.88,12588.31,2318671
2022-08-31,Infosys,4375.64,4435.36,4348.4,4402.31,2550073
2022-08-31,TCS,5954.53,5969.33,5944.0,5956.01,1883255
2022-08-31,Wipro,432.51,436.74,429.18,433.37,3906075
2022-09-01,HCLTech,12517.04,12752.17,12371.4,12615.38,2623733
2022-09-01,Infosys,4433.04,4486.96,4385.41,4433.83,2718913
2022-09-01,TCS,5978.87,5999.15,5942.52,5966.82,1911962
2022-09-01,Wipro,429.81,435.24,426.51,431.98,3787322
2022-09-02,HCLTech,12893.72,12933.47,12783.81,12801.61,3155689
2022-09-02,Infosys,4448.31,4480.89,4400.88,4467.97,3389467
2022-09-02,TCS,5951.48,6016.72,5915.68,5950.89,1586996
2022-09-02,Wipro,439.66,444.16,437.55,441.42,3482882
2022-09-05,HCLTech,12726.83,12836.44,12670.24,12804.13,2188352
2022-09-05,Infosys,4437.55,4494.9,4425.51,4443.69,2302459
2022-09-05,TCS,6019.5,6047.3,5971.72,6035.61,1376835
2022-09-05,Wipro,458.23,462.19,455.71,456.35,4102687
2022-09-06,HCLTech,12946.87,13122.53,12824.9,13019.28,2889427
2022-09-06,Infosys,4419.9,4466.4,4400.02,4415.06,4228556
2022-09-06,TCS,6048.35,6096.11,6008.19,6068.36,1748972
2022-09-06,Wipro,450.05,451.24,444.26,449.25,4671990
2022-09-07,HCLTech,12970.01,13015.9,12876.02,12957.18,1603532
2022-09-07,Infosys,4371.74,4460.53,4347.62,4408.32,2995241
2022-09-07,TCS,5988.14,6043.24,5931.89,6002.34,1862401
2022-09-07,Wipro,468.57,469.42,463.87,466.91,2990807
2022-09-08,HCLTech,13295.66,13337.36,13246.93,13260.87,3348834
2022-09-08,Infosys,4359.0,4423.51,4348.94,4382.2,3536669
2022-09-08,TCS,6048.27,6077.9,6020.54,6044.04,1499153
2022-09-08,Wipro,453.16,455.72,448.83,453.53,4102260
2022-09-09,HCLTech,13239.05,13281.92,13124.05,13188.7,2326181
2022-09-09,Infosys,4456.74,4512.81,4418.49,4466.24,2240873
2022-09-09,TCS,6006.91,6047.63,5954.51,6007.42,2072058
2022-09-09,Wipro,471.16,476.65,466.52,469.03,4851449
2022-09-12,HCLTech,13174.14,13215.84,13041.17,13137.98,2555837
2022-09-12,Infosys,4485.42,4520.24,4444.55,4486.41,2659011
2022-09-12,TCS,5985.8,5994.64,5922.03,5981.74,2523680
2022-09-12,Wipro,468.82,474.3,464.06,468.92,3683072
2022-09-13,HCLTech,13032.57,13147.44,12893.44,13065.8,2549559
2022-09-13,Infosys,4481.14,4537.77,4441.1,4490.44,2185872
2022-09-13,TCS,6013.67,6062.59,5947.66,6004.2,2366874
2022-09-13,Wipro,465.69,470.85,461.2,467.13,3585575
2022-09-14,HCLTech,13121.61,13273.93,12981.89,13114.63,2139431
2022-09-14,Infosys,4438.69,4453.63,4411.29,4443.73,3925087
2022-09-14,TCS,5971.47,6026.35,5914.86,5983.28,1949962
2022-09-14,Wipro,468.93,472.38,466.29,467.25,3374104
2022-09-15,HCLTech,13037.01,13189.25,12888.26,13057.25,2106831
2022-09-15,Infosys,4473.39,4527.77,4427.42,4486.68,3099094
2022-09-15,TCS,6065.22,6116.72,5972.24,6037.29,1384120
2022-09-15,Wipro,459.52,464.42,458.8,460.75,5967721
2022-09-16,HCLTech,13171.86,13263.75,13079.71,13160.61,2885737
2022-09-16,Infosys,4430.22,4492.55,4396.26,4457.27,3587342
2022-09-16,TCS,5996.07,6044.57,5984.52,6001.13,2307783
2022-09-16,Wipro,472.59,476.28,471.34,473.57,5392090
2022-09-19,HCLTech,13090.76,13115.54,12958.37,13086.37,2912985
2022-09-19,Infosys,4416.0,4433.27,4363.32,4425.93,3240843
2022-09-19,TCS,5965.47,6008.37,5913.75,5973.62,2059422
2022-09-19,Wipro,471.07,473.03,463.2,467.91,3770915
2022-09-20,HCLTech,13213.75,13357.78,13185.89,13246.48,2178108
2022-09-20,Infosys,4466.68,4489.49,4422.15,4470.68,3514319
2022-09-20,TCS,5953.36,5982.24,5875.03,5944.32,2177151
2022-09-20,Wipro,466.23,466.73,461.54,463.38,5064982
2022-09-21,HCLTech,13522.98,13626.78,13432.34,13546.01,2897140
2022-09-21,Infosys,4489.26,4510.3,4449.11,4495.12,2991163
2022-09-21,TCS,5885.92,5940.73,5842.89,5920.07,2945762
2022-09-21,Wipro,451.38,452.77,448.96,452.22,3600505
2022-09-22,HCLTech,13453.21,13705.68,13304.12,13575.86,2906908
2022-09-22,Infosys,4367.7,4391.53,4355.36,4365.65,3072346
2022-09-22,TCS,5970.11,6023.91,5949.87,5985.0,1695851
2022-09-22,Wipro,448.98,454.23,443.23,446.52,3877429
2022-09-23,HCLTech,14077.06,14167.63,13876.53,14019.92,2410580
2022-09-23,Infosys,4368.68,4382.58,4316.7,4361.0,3141826
2022-09-23,TCS,6043.81,6051.58,5952.94,6025.16,1125451
2022-09-23,Wipro,437.6,445.19,434.03,441.14,3235889
2022-09-26,HCLTech,14280.06,14399.31,14142.16,14259.25,2007343
2022-09-26,Infosys,4383.79,4401.42,4352.19,4371.25,3470425
2022-09-26,TCS,6091.55,6153.22,6073.75,6124.98,1620048
2022-09-26,Wipro,434.5,439.04,432.03,435.3,2766744
2022-09-27,HCLTech,14544.2,14756.6,14505.79,14709.52,2580550
2022-09-27,Infosys,4345.62,4375.74,4321.25,4357.2,3488858
2022-09-27,TCS,6279.93,6333.03,6228.5,6257.86,2204181
2022-09-27,Wipro,432.09,438.61,429.53,434.15,3561774
2022-09-28,HCLTech,14771.38,14921.54,14669.9,14714.08,2796945
2022-09-28,Infosys,4340.55,4402.57,4314.11,4369.37,5614980
2022-09-28,TCS,6236.31,6250.0,6188.74,6206.69,2010799
2022-09-28,Wipro,425.74,429.01,423.77,425.74,3674036
2022-09-29,HCLTech,14388.99,14530.53,14267.19,14392.73,2569569
2022-09-29,Infosys,4302.18,4312.87,4259.39,4279.27,4479319
2022-09-29,TCS,6210.1,6227.85,6172.16,6217.33,1568343
2022-09-29,Wipro,440.4,444.08,437.48,438.37,4356244
2022-09-30,HCLTech,14202.79,14341.1,14137.72,14268.13,2309457
2022-09-30,Infosys,4146.73,4161.87,4130.94,4140.02,2242068
2022-09-30,TCS,6164.24,6214.63,6124.04,6158.58,1505618
2022-09-30,Wipro,438.94,443.19,436.25,437.4,4559815
2022-10-03,HCLTech,14094.0,14329.31,14028.83,14165.0,2854524
2022-10-03,Infosys,4079.15,4113.92,4066.13,4095.54,3109710
2022-10-03,TCS,6144.0,6177.03,6083.17,6122.38,1863069
2022-10-03,Wipro,441.77,442.82,435.85,440.6,3903036
2022-10-04,HCLTech,13947.14,14032.94,13803.15,13994.25,3348713
2022-10-04,Infosys,4118.0,4142.46,4072.73,4113.2,2950491
2022-10-04,TCS,6085.6,6154.4,6017.39,6094.55,1558818
2022-10-04,Wipro,448.13,449.5,442.49,447.74,3280733
2022-10-05,HCLTech,13525.36,13603.82,13508.79,13587.24,2228774
2022-10-05,Infosys,3978.54,3984.18,3928.35,3960.73,4133716
2022-10-05,TCS,6060.19,6128.73,6005.8,6043.65,2219482
2022-10-05,Wipro,464.16,467.94,459.48,464.63,3506806
2022-10-06,HCLTech,13746.83,13930.28,13673.73,13800.63,2449563
2022-10-06,Infosys,3953.13,4000.53,3879.89,3924.52,3004169
2022-10-06,TCS,5980.86,6062.61,5941.03,5993.52,1842018
2022-10-06,Wipro,476.17,477.15,470.52,472.58,5498716
2022-10-07,HCLTech,13575.37,13678.63,13413.98,13462.72,4500281
2022-10-07,Infosys,3842.69,3859.23,3800.14,3838.65,3511378
2022-10-07,TCS,5983.62,6026.68,5919.28,5992.63,1764246
2022-10-07,Wipro,466.19,474.64,464.81,470.76,4536353
2022-10-10,HCLTech,13681.0,13711.38,13638.42,13656.15,2755737
2022-10-10,Infosys,3848.26,3864.27,3810.39,3831.17,2005189
2022-10-10,TCS,5919.33,5957.44,5860.16,5934.25,1718568
2022-10-10,Wipro,460.1,466.73,457.06,462.04,5316753
2022-10-11,HCLTech,14239.73,14278.96,14050.69,14098.38,2018087
2022-10-11,Infosys,3906.17,3953.95,3868.48,3926.06,2364178
2022-10-11,TCS,5992.88,6038.99,5964.64,5986.41,2108067
2022-10-11,Wipro,466.35,471.12,464.2,465.15,5706965
2022-10-12,HCLTech,13978.95,14013.05,13921.23,13963.49,2363148
2022-10-12,Infosys,3919.11,3960.44,3890.34,3919.7,4862775
2022-10-12,TCS,5965.92,6013.11,5937.41,5944.2,2017116
2022-10-12,Wipro,479.02,481.2,469.18,474.43,3507140
2022-10-13,HCLTech,14097.6,14137.57,13965.57,14057.64,2234745
2022-10-13,Infosys,3913.03,3942.15,3896.79,3918.54,3232318
2022-10-13,TCS,6100.17,6151.59,6051.83,6103.71,2082436
2022-10-13,Wipro,474.91,477.49,470.43,475.95,4713023
2022-10-14,HCLTech,13937.38,14082.7,13856.72,13997.65,2805523
2022-10-14,Infosys,3967.88,3982.71,3915.72,3962.18,2620745
2022-10-14,TCS,6061.96,6113.92,5999.57,6086.29,2073365
2022-10-14,Wipro,476.04,482.32,470.46,476.82,3339617
2022-10-17,HCLTech,14167.64,14201.44,14079.96,14179.31,2765044
2022-10-17,Infosys,3994.15,4023.01,3922.73,3967.22,3359274
2022-10-17,TCS,6076.88,6108.01,6033.84,6097.64,1971329
2022-10-17,Wipro,475.1,484.26,470.15,478.97,4918261
2022-10-18,HCLTech,13957.08,14056.4,13808.34,13962.67,2289226
2022-10-18,Infosys,3965.21,3990.24,3952.2,3961.05,2592283
2022-10-18,TCS,6041.86,6061.86,6014.3,6034.35,1626647
2022-10-18,Wipro,461.86,465.5,459.32,463.43,4720243
2022-10-19,HCLTech,13998.02,14105.23,13865.69,13955.55,3768864
2022-10-19,Infosys,3993.73,4032.16,3952.86,4009.49,3023684
2022-10-19,TCS,6171.04,6187.69,6079.13,6135.3,1728184
2022-10-19,Wipro,467.06,472.12,462.9,464.98,2620800
2022-10-20,HCLTech,14191.97,14323.18,14078.02,14195.41,2644648
2022-10-20,Infosys,4015.11,4084.2,4007.67,4036.48,2393190
2022-10-20,TCS,6212.85,6227.53,6153.24,6205.15,1848200
2022-10-20,Wipro,476.19,481.28,466.68,471.47,4335552
2022-10-21,HCLTech,14229.41,14391.71,14089.55,14204.93,2373499
2022-10-21,Infosys,4082.88,4131.69,4009.27,4054.76,2733018
2022-10-21,TCS,6221.97,6299.26,6177.08,6229.56,3022808
2022-10-21,Wipro,470.55,473.64,467.03,471.42,3370227
2022-10-24,HCLTech,13925.18,13951.74,13810.71,13903.66,2036610
2022-10-24,Infosys,4061.07,4090.24,4020.44,4052.32,2944336
2022-10-24,TCS,6177.18,6184.3,6097.61,6162.29,1527114
2022-10-24,Wipro,478.97,483.8,473.87,481.39,3736738
2022-10-25,HCLTech,14145.9,14186.55,14084.33,14166.91,2173977
2022-10-25,Infosys,4047.47,4054.54,4028.42,4039.86,4003987
2022-10-25,TCS,6177.19,6228.96,6117.72,6181.85,1839238
2022-10-25,Wipro,492.09,497.63,489.63,491.88,3505578
2022-10-26,HCLTech,13903.76,13966.68,13751.73,13931.43,2026492
2022-10-26,Infosys,4083.09,4118.58,4042.3,4088.99,3511207
2022-10-26,TCS,6120.33,6197.62,6069.24,6127.62,2039695
2022-10-26,Wipro,482.86,492.26,479.47,487.79,4796484
2022-10-27,HCLTech,13920.5,14032.0,13839.49,13966.21,2502769
2022-10-27,Infosys,4081.55,4128.39,4049.75,4076.96,3635896
2022-10-27,TCS,6198.08,6247.66,6146.56,6216.83,1882274
2022-10-27,Wipro,495.9,499.76,489.06,492.05,3488924
2022-10-28,HCLTech,14175.3,14271.39,13997.64,14100.32,2178243
2022-10-28,Infosys,4125.06,4188.52,4118.23,4142.2,3183546
2022-10-28,TCS,6298.29,6341.11,6218.47,6270.41,2479212
2022-10-28,Wipro,488.99,498.46,487.52,492.8,3097167
2022-10-31,HCLTech,14122.95,14158.71,14021.97,14143.9,3041370
2022-10-31,Infosys,4101.67,4115.5,4054.95,4095.01,3772434
2022-10-31,TCS,6233.95,6338.39,6191.7,6284.01,1880330
2022-10-31,Wipro,476.43,481.44,472.19,475.49,3403422
2022-11-01,HCLTech,14699.82,14826.48,14527.86,14676.15,2313184
2022-11-01,Infosys,4150.2,4183.62,4110.06,4170.73,2687058
2022-11-01,TCS,6171.31,6199.01,6118.25,6155.82,1908349
2022-11-01,Wipro,475.15,476.01,473.35,474.25,3832013
2022-11-02,HCLTech,14837.45,15019.98,14735.35,14848.83,3075758
2022-11-02,Infosys,4192.8,4210.37,4166.38,4199.14,2763808
2022-11-02,TCS,6100.74,6147.87,6047.02,6109.66,2353898
2022-11-02,Wipro,467.74,470.78,463.51,465.9,4342029
2022-11-03,HCLTech,14905.45,14961.31,14738.69,14828.04,2868544
2022-11-03,Infosys,4144.11,4196.94,4106.64,4155.31,3471785
2022-11-03,TCS,6147.84,6217.27,6100.4,6155.79,2872806
2022-11-03,Wipro,468.14,473.22,464.18,467.39,5080795
2022-11-04,HCLTech,14830.05,14991.64,14740.17,14975.22,2958294
2022-11-04,Infosys,4128.67,4212.29,4122.71,4185.54,3026241
2022-11-04,TCS,6265.0,6322.63,6191.87,6231.69,2650231
2022-11-04,Wipro,473.55,474.6,472.31,473.54,4432724
2022-11-07,HCLTech,15063.39,15203.26,14896.96,15041.04,3110741
2022-11-07,Infosys,4151.72,4177.39,4133.04,4157.77,3191150
2022-11-07,TCS,6288.53,6365.05,6273.48,6302.69,1946078
2022-11-07,Wipro,473.34,474.19,467.68,472.06,4495392
2022-11-08,HCLTech,14979.89,15215.03,14910.54,15072.28,3873568
2022-11-08,Infosys,4148.55,4183.28,4113.67,4164.24,3096658
2022-11-08,TCS,6208.14,6295.24,6153.99,6221.45,1980292
2022-11-08,Wipro,467.3,472.19,463.41,464.85,4636651
2022-11-09,HCLTech,15174.94,15197.38,14975.02,15145.92,2193968
2022-11-09,Infosys,4141.14,4161.5,4126.49,4144.8,4111717
2022-11-09,TCS,6244.28,6278.54,6193.67,6246.85,2018775
2022-11-09,Wipro,472.51,477.02,462.98,467.19,4710357
2022-11-10,HCLTech,15065.43,15193.71,14910.07,15076.25,3079327
2022-11-10,Infosys,4143.05,4187.42,4118.35,4143.02,4154787
2022-11-10,TCS,6321.06,6379.33,6282.75,6312.83,2059672
2022-11-10,Wipro,485.22,489.99,484.6,488.6,4918345
2022-11-11,HCLTech,15034.25,15199.15,14996.34,15143.55,2815486
2022-11-11,Infosys,4226.28,4249.55,4147.81,4195.01,2823331
2022-11-11,TCS,6219.19,6275.38,6188.6,6227.86,1688224
2022-11-11,Wipro,464.83,471.66,460.85,470.25,6601594
2022-11-14,HCLTech,15083.96,15204.05,14991.42,15059.02,3216093
2022-11-14,Infosys,4231.59,4247.18,4183.52,4226.18,2250555
2022-11-14,TCS,6205.17,6287.97,6182.13,6236.01,2412023
2022-11-14,Wipro,468.03,477.42,465.5,472.62,4694856
2022-11-15,HCLTech,14702.46,14834.63,14525.32,14686.31,2658257
2022-11-15,Infosys,4180.3,4217.14,4144.64,4174.44,2775556
2022-11-15,TCS,6243.02,6317.27,6170.72,6260.06,2084374
2022-11-15,Wipro,463.08,469.95,458.6,468.4,4235900
2022-11-16,HCLTech,14927.97,14996.46,14867.33,14944.89,3289428
2022-11-16,Infosys,4134.78,4167.82,4095.88,4126.18,2674490
2022-11-16,TCS,6277.12,6335.16,6186.42,6251.83,1982137
2022-11-16,Wipro,461.71,466.42,458.4,465.22,3644618
2022-11-17,HCLTech,14841.65,14906.7,14774.95,14849.26,2008103
2022-11-17,Infosys,4159.77,4196.66,4099.98,4144.57,3779155
2022-11-17,TCS,6158.52,6224.68,6112.92,6157.07,1551028
2022-11-17,Wipro,460.87,469.84,458.48,464.73,4255800
2022-11-18,HCLTech,14912.83,15028.07,14850.49,14901.03,2126866
2022-11-18,Infosys,4174.63,4216.55,4122.95,4166.67,3846833
2022-11-18,TCS,6156.4,6186.21,6114.35,6147.66,2025070
2022-11-18,Wipro,461.05,466.81,457.22,462.26,5038305
2022-11-21,HCLTech,14850.96,14960.93,14741.86,14765.46,2320237
2022-11-21,Infosys,4142.98,4151.73,4129.92,4138.08,2603706
2022-11-21,TCS,6133.15,6188.46,6077.31,6138.2,1369580
2022-11-21,Wipro,470.22,472.78,465.23,467.69,3135035
2022-11-22,HCLTech,14614.85,14794.7,14523.32,14637.38,2561419
2022-11-22,Infosys,4235.6,4239.93,4197.12,4222.97,2751785
2022-11-22,TCS,6125.94,6163.75,6084.26,6138.68,1780363
2022-11-22,Wipro,467.91,471.6,463.77,466.06,5144927
2022-11-23,HCLTech,14519.78,14615.81,14313.47,14447.88,2624217
2022-11-23,Infosys,4226.28,4276.22,4213.18,4269.58,2380590
2022-11-23,TCS,6148.69,6195.05,6044.51,6116.28,1786981
2022-11-23,Wipro,446.91,451.24,444.37,448.66,3672769
2022-11-24,HCLTech,14660.55,14806.9,14539.45,14663.24,2242308
2022-11-24,Infosys,4280.21,4317.76,4234.69,4242.82,3287168
2022-11-24,TCS,6096.98,6157.11,6087.19,6100.6,2118156
2022-11-24,Wipro,457.97,461.36,453.93,459.52,3818695
2022-11-25,HCLTech,15027.35,15163.38,14912.77,14932.24,2132589
2022-11-25,Infosys,4239.56,4287.38,4193.59,4211.35,3171382
2022-11-25,TCS,6098.58,6166.35,6090.18,6107.1,2912806
2022-11-25,Wipro,475.35,480.98,465.72,469.36,4439988
2022-11-28,HCLTech,14943.26,15085.0,14842.29,14960.49,2280633
2022-11-28,Infosys,4208.85,4228.38,4172.56,4205.01,3747073
2022-11-28,TCS,6161.46,6196.1,6095.68,6140.22,2242359
2022-11-28,Wipro,466.42,469.68,459.52,464.67,3600069
2022-11-29,HCLTech,14822.77,14917.49,14754.1,14871.25,1847161
2022-11-29,Infosys,4168.64,4233.68,4128.05,4193.45,3534518
2022-11-29,TCS,6118.25,6172.64,6098.45,6132.19,2672000
2022-11-29,Wipro,466.0,469.74,465.03,465.5,4384418
2022-11-30,HCLTech,14467.16,14603.95,14350.56,14545.18,2454405
2022-11-30,Infosys,4284.12,4322.77,4215.35,4262.4,3615359
2022-11-30,TCS,6106.93,6146.97,6060.23,6118.38,2275476
2022-11-30,Wipro,476.6,479.21,474.91,476.23,3176760
2022-12-01,HCLTech,14728.23,14837.24,14647.87,14730.68,2569805
2022-12-01,Infosys,4305.82,4369.17,4281.48,4318.39,2350787
2022-12-01,TCS,6132.47,6150.01,6073.43,6132.27,2504672
2022-12-01,Wipro,484.72,488.76,481.6,485.6,4765900
2022-12-02,HCLTech,14557.59,14639.49,14386.01,14614.28,2839757
2022-12-02,Infosys,4335.27,4362.06,4301.14,4325.56,2823241
2022-12-02,TCS,6035.85,6059.18,6020.64,6035.84,2899599
2022-12-02,Wipro,504.38,506.48,493.89,498.06,4159892
2022-12-05,HCLTech,14509.16,14530.86,14263.93,14409.65,2688237
2022-12-05,Infosys,4342.84,4378.65,4331.18,4366.31,3868745
2022-12-05,TCS,6075.52,6142.56,6035.06,6070.56,1727680
2022-12-05,Wipro,501.27,504.74,500.28,501.87,3997061
2022-12-06,HCLTech,14376.31,14460.17,14251.18,14437.82,3721739
2022-12-06,Infosys,4456.6,4498.57,4401.25,4415.12,2873226
2022-12-06,TCS,6119.48,6146.4,6027.16,6079.29,1705274
2022-12-06,Wipro,509.81,513.84,507.17,509.33,4225906
2022-12-07,HCLTech,14344.07,14552.91,14248.37,14392.66,3058688
2022-12-07,Infosys,4397.0,4467.98,4387.65,4423.72,2310901
2022-12-07,TCS,6096.71,6168.18,6028.3,6090.26,2286241
2022-12-07,Wipro,517.47,528.07,511.33,522.87,3983913
2022-12-08,HCLTech,14152.04,14273.43,14005.93,14111.8,3013114
2022-12-08,Infosys,4451.97,4491.06,4398.46,4450.68,3761240
2022-12-08,TCS,6106.12,6174.53,6066.68,6152.04,1998529
2022-12-08,Wipro,518.04,525.23,515.65,520.12,4369312
2022-12-09,HCLTech,13943.86,14086.15,13781.79,13863.08,2796732
2022-12-09,Infosys,4448.3,4535.23,4437.61,4488.13,2851079
2022-12-09,TCS,6059.84,6114.1,6033.83,6053.61,2090112
2022-12-09,Wipro,522.91,525.32,520.2,524.73,3837575
2022-12-12,HCLTech,14000.2,14162.57,13814.24,13950.14,2894048
2022-12-12,Infosys,4519.32,4543.08,4477.19,4520.11,3957759
2022-12-12,TCS,5956.35,5999.91,5911.31,5955.64,1902966
2022-12-12,Wipro,506.85,510.34,503.46,505.3,3773953
2022-12-13,HCLTech,13916.1,14037.32,13691.94,13844.1,2487712
2022-12-13,Infosys,4475.66,4522.19,4455.54,4483.66,3188236
2022-12-13,TCS,5979.82,6031.63,5943.13,5979.0,1775168
2022-12-13,Wipro,489.18,494.08,488.59,491.57,2808643
2022-12-14,HCLTech,13959.49,14058.1,13792.11,13964.97,2652322
2022-12-14,Infosys,4474.22,4491.68,4422.14,4452.9,3027408
2022-12-14,TCS,5991.93,6040.36,5930.46,5987.29,2765717
2022-12-14,Wipro,496.61,500.43,494.41,496.46,5255463
2022-12-15,HCLTech,14010.82,14103.22,13904.52,14015.36,3818367
2022-12-15,Infosys,4435.13,4469.32,4388.12,4443.06,4202959
2022-12-15,TCS,6004.62,6057.86,5961.92,6005.17,1605082
2022-12-15,Wipro,500.86,508.16,499.48,502.78,3169868
2022-12-16,HCLTech,14385.59,14518.03,14123.39,14244.48,2563825
2022-12-16,Infosys,4432.2,4448.45,4361.22,4411.05,2466054
2022-12-16,TCS,5987.93,6054.56,5963.53,5988.92,2294295
2022-12-16,Wipro,496.29,504.5,493.71,499.74,5525565
2022-12-19,HCLTech,14218.6,14368.56,14025.2,14101.33,1991998
2022-12-19,Infosys,4320.56,4350.9,4304.82,4339.18,4263093
2022-12-19,TCS,6045.24,6088.75,5977.47,6033.58,2221078
2022-12-19,Wipro,491.21,497.05,489.47,494.76,3810756
2022-12-20,HCLTech,14218.95,14362.93,14153.79,14169.28,2988803
2022-12-20,Infosys,4374.8,4386.1,4326.58,4379.99,2815893
2022-12-20,TCS,6082.86,6103.9,6042.13,6093.26,1458406
2022-12-20,Wipro,491.51,496.54,488.83,492.04,5102848
2022-12-21,HCLTech,14396.46,14488.92,14193.53,14318.61,3097369
2022-12-21,Infosys,4398.88,4440.65,4382.29,4403.73,3305622
2022-12-21,TCS,6110.46,6153.11,6092.41,6128.72,1693828
2022-12-21,Wipro,494.51,495.56,492.23,494.19,4927046
2022-12-22,HCLTech,14275.53,14411.27,14055.33,14215.6,2681606
2022-12-22,Infosys,4347.96,4394.17,4296.17,4338.92,3311876
2022-12-22,TCS,6181.81,6236.15,6079.16,6123.21,1751739
2022-12-22,Wipro,473.88,475.6,468.63,474.46,4848843
2022-12-23,HCLTech,14378.83,14554.34,14228.49,14464.05,1785756
2022-12-23,Infosys,4338.5,4357.84,4326.73,4331.79,2937993
2022-12-23,TCS,6003.29,6055.56,5934.66,6016.84,2239077
2022-12-23,Wipro,476.37,480.55,474.37,478.88,4037322
2022-12-26,HCLTech,14149.63,14226.37,13998.72,14152.38,3362997
2022-12-26,Infosys,4340.75,4365.58,4297.79,4327.6,2747601
2022-12-26,TCS,6069.31,6112.0,6014.24,6067.4,1858445
2022-12-26,Wipro,479.17,482.17,477.7,479.59,3149877
2022-12-27,HCLTech,14113.02,14173.34,13933.91,14009.89,2722342
2022-12-27,Infosys,4347.32,4351.84,4303.44,4342.45,2971855
2022-12-27,TCS,6114.46,6189.79,6088.25,6143.33,1966055
2022-12-27,Wipro,481.18,485.35,476.66,482.16,3856999
2022-12-28,HCLTech,13749.21,13771.21,13579.53,13700.77,2443569
2022-12-28,Infosys,4303.69,4327.54,4247.86,4291.75,2612318
2022-12-28,TCS,6190.25,6222.49,6133.4,6187.98,1494239
2022-12-28,Wipro,478.36,484.1,473.61,481.51,3756164
2022-12-29,HCLTech,13576.98,13624.84,13468.05,13581.21,3297363
2022-12-29,Infosys,4211.9,4245.12,4168.72,4227.81,4737658
2022-12-29,TCS,6129.97,6206.5,6104.78,6148.01,3184609
2022-12-29,Wipro,470.34,474.05,466.71,470.09,3919094
2022-12-30,HCLTech,13673.38,13796.85,13478.33,13572.66,1734265
2022-12-30,Infosys,4266.48,4297.7,4241.26,4259.52,2906427
2022-12-30,TCS,6185.66,6249.78,6142.55,6194.29,2028681
2022-12-30,Wipro,466.59,467.69,459.09,461.3,3129130
2023-01-02,HCLTech,13777.55,13817.35,13715.95,13752.64,2658823
2023-01-02,Infosys,4215.36,4261.7,4143.5,4186.98,4034733
2023-01-02,TCS,6272.01,6327.56,6208.93,6251.4,2209900
2023-01-02,Wipro,474.09,477.74,469.27,474.54,3777404
2023-01-03,HCLTech,13794.74,13945.28,13643.02,13743.76,2333461
2023-01-03,Infosys,4151.05,4207.9,4132.12,4180.44,3929787
2023-01-03,TCS,6358.23,6414.61,6325.15,6348.78,1795030
2023-01-03,Wipro,465.19,471.37,461.3,469.5,2229467
2023-01-04,HCLTech,13675.56,13701.06,13592.0,13650.49,3504124
2023-01-04,Infosys,4177.79,4213.02,4154.33,4169.22,3440912
2023-01-04,TCS,6319.21,6387.41,6277.45,6307.9,1755268
2023-01-04,Wipro,481.22,483.63,474.31,476.79,3766828
2023-01-05,HCLTech,13413.47,13434.42,13261.03,13377.95,2729416
2023-01-05,Infosys,4180.01,4216.63,4163.91,4168.15,3114332
2023-01-05,TCS,6268.94,6351.6,6197.7,6304.01,2931998
2023-01-05,Wipro,471.72,474.83,465.51,468.0,4101914
2023-01-06,HCLTech,13212.04,13295.17,13022.36,13172.44,2187108
2023-01-06,Infosys,4211.67,4222.94,4170.86,4185.9,3326455
2023-01-06,TCS,6392.44,6466.83,6331.68,6355.56,1363156
2023-01-06,Wipro,472.52,473.68,467.8,468.28,3420927
2023-01-09,HCLTech,13334.45,13380.45,13130.5,13249.8,3264669
2023-01-09,Infosys,4285.2,4305.82,4262.32,4272.15,3587963
2023-01-09,TCS,6343.97,6382.55,6281.73,6367.83,2114623
2023-01-09,Wipro,464.85,467.43,464.09,464.98,3789616
2023-01-10,HCLTech,13529.04,13557.89,13382.79,13434.58,1589953
2023-01-10,Infosys,4197.77,4207.2,4160.66,4196.01,3264950
2023-01-10,TCS,6343.48,6393.92,6260.35,6313.01,1569640
2023-01-10,Wipro,460.7,467.31,459.55,462.98,4132196
2023-01-11,HCLTech,13346.53,13398.25,13264.88,13376.06,2877989
2023-01-11,Infosys,4253.16,4278.03,4234.48,4245.48,2339181
2023-01-11,TCS,6365.96,6422.53,6301.99,6345.51,1844386
2023-01-11,Wipro,457.96,462.41,456.26,460.54,4898142
2023-01-12,HCLTech,13648.94,13741.76,13526.9,13625.19,2019506
2023-01-12,Infosys,4111.64,4168.73,4081.05,4124.35,2224402
2023-01-12,TCS,6399.2,6439.19,6371.53,6387.58,1760377
2023-01-12,Wipro,476.49,480.97,467.78,473.07,4939285
2023-01-13,HCLTech,13549.41,13601.63,13344.27,13465.29,2370317
2023-01-13,Infosys,4192.08,4225.33,4182.06,4198.92,4327320
2023-01-13,TCS,6384.33,6428.25,6363.58,6401.55,1642060
2023-01-13,Wipro,495.17,496.92,485.27,490.19,4251922
2023-01-16,HCLTech,13403.17,13507.22,13367.97,13411.81,2477812
2023-01-16,Infosys,4079.16,4126.8,4043.47,4102.11,1889303
2023-01-16,TCS,6426.19,6471.5,6404.06,6423.13,2014227
2023-01-16,Wipro,489.85,497.28,489.14,492.7,3976558
2023-01-17,HCLTech,13288.76,13409.46,13198.65,13374.27,3119067
2023-01-17,Infosys,4255.3,4269.36,4211.3,4228.81,3327721
2023-01-17,TCS,6407.54,6449.22,6359.78,6417.05,1196668
2023-01-17,Wipro,481.75,491.0,481.19,489.46,4294474
2023-01-18,HCLTech,13623.12,13701.27,13480.6,13683.91,4039794
2023-01-18,Infosys,4222.01,4240.64,4195.51,4214.03,3053093
2023-01-18,TCS,6512.55,6584.2,6435.72,6511.96,1877703
2023-01-18,Wipro,478.23,483.77,474.67,478.29,5733262
2023-01-19,HCLTech,13673.35,13747.56,13655.53,13729.72,1821391
2023-01-19,Infosys,4268.35,4333.24,4234.02,4284.81,3304585
2023-01-19,TCS,6463.15,6500.1,6394.32,6468.24,1964208
2023-01-19,Wipro,464.13,468.04,461.74,466.78,4421995
2023-01-20,HCLTech,13377.89,13437.99,13257.45,13407.96,2842751
2023-01-20,Infosys,4350.93,4369.78,4296.74,4345.97,2547614
2023-01-20,TCS,6401.68,6461.82,6393.5,6442.93,1523929
2023-01-20,Wipro,477.38,485.26,472.69,479.51,4214031
2023-01-23,HCLTech,13557.94,13740.37,13413.08,13607.61,4039022
2023-01-23,Infosys,4349.4,4388.74,4276.73,4328.27,3432491
2023-01-23,TCS,6475.16,6522.68,6426.43,6452.32,2706864
2023-01-23,Wipro,466.68,469.02,461.22,467.38,4957353
2023-01-24,HCLTech,14054.82,14138.21,13847.73,13984.12,2318511
2023-01-24,Infosys,4332.62,4338.96,4293.32,4314.59,3334604
2023-01-24,TCS,6510.68,6547.23,6492.91,6512.35,1775807
2023-01-24,Wipro,465.26,469.36,461.07,464.06,4038620
2023-01-25,HCLTech,13936.53,14065.17,13779.74,13955.44,2289907
2023-01-25,Infosys,4259.72,4286.66,4211.12,4276.35,5558638
2023-01-25,TCS,6423.99,6447.03,6348.62,6433.81,1907226
2023-01-25,Wipro,463.44,467.76,462.07,465.73,3372386
2023-01-26,HCLTech,13886.62,14034.16,13668.45,13801.07,2725632
2023-01-26,Infosys,4265.34,4340.98,4232.35,4321.85,3284277
2023-01-26,TCS,6355.66,6412.81,6332.83,6366.88,1776603
2023-01-26,Wipro,445.15,446.0,439.96,444.77,4384723
2023-01-27,HCLTech,13911.78,14035.75,13818.59,13989.04,3068774
2023-01-27,Infosys,4311.95,4359.02,4257.57,4304.8,4190406
2023-01-27,TCS,6266.56,6309.91,6239.37,6259.49,1967638
2023-01-27,Wipro,434.86,435.76,432.41,435.21,4138620
2023-01-30,HCLTech,14374.61,14551.93,14284.82,14399.51,2965456
2023-01-30,Infosys,4251.61,4282.04,4246.06,4267.48,2371241
2023-01-30,TCS,6251.98,6287.82,6203.03,6269.61,2598088
2023-01-30,Wipro,419.05,426.29,416.7,425.18,3828889
2023-01-31,HCLTech,14599.69,14734.03,14572.53,14592.23,2420008
2023-01-31,Infosys,4311.12,4349.89,4293.99,4299.86,3924228
2023-01-31,TCS,6170.98,6262.05,6127.06,6214.97,3279694
2023-01-31,Wipro,421.88,424.19,416.76,420.43,4459521
2023-02-01,HCLTech,14341.3,14470.65,14267.24,14284.45,2214449
2023-02-01,Infosys,4275.55,4287.7,4250.77,4258.52,3348141
2023-02-01,TCS,6209.54,6254.51,6179.98,6201.58,2321642
2023-02-01,Wipro,421.51,425.83,419.38,422.71,2783709
2023-02-02,HCLTech,14537.57,14691.35,14340.19,14456.33,3382913
2023-02-02,Infosys,4266.3,4299.32,4204.57,4246.39,3377374
2023-02-02,TCS,6256.92,6316.42,6194.39,6246.7,2486176
2023-02-02,Wipro,427.51,433.63,425.98,430.93,3590037
2023-02-03,HCLTech,14520.2,14593.27,14461.69,14558.55,2226870
2023-02-03,Infosys,4287.78,4319.75,4245.76,4256.48,3386728
2023-02-03,TCS,6214.82,6249.68,6201.98,6218.73,2819142
2023-02-03,Wipro,424.18,429.51,420.3,426.13,3355351
2023-02-06,HCLTech,14455.28,14555.68,14322.11,14385.08,1772293
2023-02-06,Infosys,4250.36,4283.69,4215.9,4228.34,4501534
2023-02-06,TCS,6217.14,6262.97,6209.6,6239.66,2102067
2023-02-06,Wipro,423.45,424.32,421.62,422.91,3425761
2023-02-07,HCLTech,14546.68,14759.74,14403.0,14667.06,1944164
2023-02-07,Infosys,4239.01,4256.6,4176.67,4207.97,3367503
2023-02-07,TCS,6232.52,6303.97,6218.9,6230.78,2737916
2023-02-07,Wipro,422.42,425.99,421.7,422.3,3878693
2023-02-08,HCLTech,14840.66,14963.89,14744.56,14777.43,2317023
2023-02-08,Infosys,4315.67,4327.68,4241.27,4290.75,2735533
2023-02-08,TCS,6247.59,6321.5,6216.27,6276.48,2343457
2023-02-08,Wipro,418.21,422.24,413.82,416.52,3334394
2023-02-09,HCLTech,14973.61,15126.86,14911.89,15072.33,3504376
2023-02-09,Infosys,4311.21,4357.56,4253.73,4284.74,2829112
2023-02-09,TCS,6290.87,6319.46,6217.11,6311.26,2058432
2023-02-09,Wipro,421.11,422.6,419.38,419.96,5593959
2023-02-10,HCLTech,14902.5,14938.27,14743.0,14869.92,2049998
2023-02-10,Infosys,4270.0,4301.75,4231.32,4270.73,3768120
2023-02-10,TCS,6265.04,6342.84,6221.06,6279.87,2145162
2023-02-10,Wipro,420.54,427.77,416.46,423.65,4378156
2023-02-13,HCLTech,15056.16,15232.43,14953.07,14973.08,3525051
2023-02-13,Infosys,4243.12,4280.38,4230.11,4266.16,3499576
2023-02-13,TCS,6294.78,6314.69,6219.67,6278.06,1389388
2023-02-13,Wipro,396.23,405.19,391.57,403.67,3412414
2023-02-14,HCLTech,14870.66,14961.71,14706.69,14806.16,3376620
2023-02-14,Infosys,4338.87,4362.93,4246.4,4293.87,2356213
2023-02-14,TCS,6337.81,6406.26,6309.06,6345.06,2120328
2023-02-14,Wipro,408.93,411.34,403.95,408.62,2824149
2023-02-15,HCLTech,14758.05,14929.91,14729.42,14877.06,2719798
2023-02-15,Infosys,4246.33,4253.71,4238.36,4245.21,3546918
2023-02-15,TCS,6366.28,6431.1,6309.54,6375.27,1468729
2023-02-15,Wipro,411.46,415.52,408.75,409.83,3559449
2023-02-16,HCLTech,15174.4,15244.42,15032.09,15207.69,1561571
2023-02-16,Infosys,4293.4,4320.14,4253.74,4271.3,2577145
2023-02-16,TCS,6342.1,6416.03,6229.88,6303.17,1444976
2023-02-16,Wipro,411.48,415.54,406.85,412.01,3744740
2023-02-17,HCLTech,14978.77,15091.55,14807.12,14926.24,2051763
2023-02-17,Infosys,4278.77,4312.96,4253.14,4288.67,3493144
2023-02-17,TCS,6355.07,6428.93,6316.69,6348.02,2078658
2023-02-17,Wipro,422.88,425.64,420.18,421.12,3522969
2023-02-20,HCLTech,14711.15,14749.77,14548.81,14661.61,2290578
2023-02-20,Infosys,4218.75,4229.13,4187.05,4201.71,2723832
2023-02-20,TCS,6300.49,6325.81,6218.31,6293.77,1600524
2023-02-20,Wipro,405.48,410.12,403.5,408.05,6651162
2023-02-21,HCLTech,14898.03,14942.92,14826.8,14877.9,3675362
2023-02-21,Infosys,4253.41,4322.61,4218.1,4297.31,3024828
2023-02-21,TCS,6374.3,6441.92,6323.17,6381.73,1997156
2023-02-21,Wipro,398.31,402.05,397.54,399.18,2873281
2023-02-22,HCLTech,14733.84,15064.53,14601.65,14893.65,2320256
2023-02-22,Infosys,4369.95,4412.66,4332.95,4377.49,2869647
2023-02-22,TCS,6436.17,6477.2,6376.74,6448.27,2056147
2023-02-22,Wipro,396.61,401.6,392.62,398.92,4041036
2023-02-23,HCLTech,15247.99,15268.13,15093.28,15158.74,2227600
2023-02-23,Infosys,4337.94,4388.4,4323.49,4339.73,4335918
2023-02-23,TCS,6428.1,6523.79,6403.84,6472.52,2074576
2023-02-23,Wipro,384.5,389.0,381.49,382.82,3897392
2023-02-24,HCLTech,15108.42,15154.58,14897.64,15006.87,2699784
2023-02-24,Infosys,4294.01,4331.51,4280.98,4285.67,3467799
2023-02-24,TCS,6508.87,6558.18,6436.65,6489.04,1669163
2023-02-24,Wipro,379.4,385.44,376.25,381.59,3805578
2023-02-27,HCLTech,15048.06,15174.21,15005.73,15035.99,1961297
2023-02-27,Infosys,4320.79,4348.99,4293.56,4301.38,4118023
2023-02-27,TCS,6493.27,6503.66,6441.18,6484.11,2393803
2023-02-27,Wipro,392.73,393.62,384.02,387.66,2713980
2023-02-28,HCLTech,15216.95,15268.47,15168.65,15199.92,2587228
2023-02-28,Infosys,4212.85,4272.34,4208.62,4232.25,5709853
2023-02-28,TCS,6527.39,6537.97,6452.19,6531.07,1964622
2023-02-28,Wipro,389.43,392.82,387.41,390.66,3965927
2023-03-01,HCLTech,15300.65,15346.57,15215.15,15262.98,2216213
2023-03-01,Infosys,4317.93,4335.54,4258.78,4305.98,3230096
2023-03-01,TCS,6513.65,6527.12,6442.31,6516.46,2184446
2023-03-01,Wipro,393.4,396.34,387.64,391.43,4146958
2023-03-02,HCLTech,15010.2,15117.09,14852.85,14903.16,4450700
2023-03-02,Infosys,4307.77,4343.77,4252.04,4285.63,4321267
2023-03-02,TCS,6552.56,6568.34,6502.32,6537.38,1574376
2023-03-02,Wipro,388.8,393.42,387.02,390.0,4610023
2023-03-03,HCLTech,15541.14,15675.66,15484.96,15522.07,2164061
2023-03-03,Infosys,4416.98,4421.64,4362.64,4373.67,2782249
2023-03-03,TCS,6563.74,6621.25,6488.81,6595.96,1929926
2023-03-03,Wipro,390.49,391.64,386.19,387.21,4405863
2023-03-06,HCLTech,15571.77,15675.78,15535.95,15586.37,3824770
2023-03-06,Infosys,4347.23,4355.04,4325.6,4334.35,4112892
2023-03-06,TCS,6557.47,6641.77,6487.09,6569.66,2490805
2023-03-06,Wipro,387.2,391.12,381.71,384.04,5103591
2023-03-07,HCLTech,15342.83,15490.04,15150.79,15314.18,2069853
2023-03-07,Infosys,4323.83,4366.27,4280.62,4332.19,2722768
2023-03-07,TCS,6516.81,6584.03,6467.98,6540.18,2428278
2023-03-07,Wipro,385.03,388.88,381.64,385.82,2656611
2023-03-08,HCLTech,15398.33,15552.66,15288.99,15399.17,2740297
2023-03-08,Infosys,4378.79,4415.97,4335.35,4402.25,3188235
2023-03-08,TCS,6513.2,6576.81,6464.63,6476.96,1705210
2023-03-08,Wipro,376.03,376.68,374.84,375.38,3816370
2023-03-09,HCLTech,15509.39,15631.2,15387.71,15509.37,2873624
2023-03-09,Infosys,4422.66,4460.59,4339.65,4388.81,3562727
2023-03-09,TCS,6439.51,6505.33,6403.99,6421.77,1793260
2023-03-09,Wipro,388.68,389.33,381.77,385.58,6600831
2023-03-10,HCLTech,15608.51,15859.97,15543.49,15744.15,2674772
2023-03-10,Infosys,4420.4,4455.78,4394.61,4406.73,3676631
2023-03-10,TCS,6279.62,6380.79,6268.03,6323.34,1641170
2023-03-10,Wipro,381.4,384.66,379.22,380.67,4944682
2023-03-13,HCLTech,16008.31,16168.06,15941.64,15967.35,2642146
2023-03-13,Infosys,4468.04,4476.05,4437.9,4468.45,2480947
2023-03-13,TCS,6341.06,6405.17,6327.18,6371.36,1753939
2023-03-13,Wipro,382.45,388.26,379.21,384.68,2990999
2023-03-14,HCLTech,16028.62,16047.3,15751.2,15936.88,3088862
2023-03-14,Infosys,4412.1,4465.84,4401.79,4442.22,2690552
2023-03-14,TCS,6479.61,6550.39,6403.5,6482.31,1511849
2023-03-14,Wipro,385.57,387.27,384.53,385.4,4071134
2023-03-15,HCLTech,15651.97,15755.54,15549.08,15573.91,2826346
2023-03-15,Infosys,4361.74,4412.74,4319.21,4378.84,3616261
2023-03-15,TCS,6562.6,6632.6,6540.73,6572.38,1945486
2023-03-15,Wipro,375.86,378.69,373.88,377.64,3244017
2023-03-16,HCLTech,15764.7,15802.79,15533.73,15691.41,2511627
2023-03-16,Infosys,4317.55,4355.75,4282.27,4306.11,2973106
2023-03-16,TCS,6456.11,6542.58,6400.59,6483.1,2269988
2023-03-16,Wipro,387.06,388.38,384.32,386.69,3669248
2023-03-17,HCLTech,15346.74,15403.49,15219.12,15350.73,2271918
2023-03-17,Infosys,4346.05,4389.41,4302.04,4339.59,2419790
2023-03-17,TCS,6571.82,6643.57,6479.42,6531.69,1709390
2023-03-17,Wipro,392.49,396.54,390.08,394.44,5966893
2023-03-20,HCLTech,15641.38,15820.3,15544.53,15630.22,2515226
2023-03-20,Infosys,4327.55,4383.29,4321.78,4363.07,3154895
2023-03-20,TCS,6628.5,6678.78,6569.38,6621.98,1964083
2023-03-20,Wipro,384.5,387.55,382.06,383.59,4845222
2023-03-21,HCLTech,15577.1,15593.31,15343.76,15486.43,2509024
2023-03-21,Infosys,4433.94,4479.18,4379.91,4422.18,3124756
2023-03-21,TCS,6610.74,6655.78,6579.25,6600.86,1913717
2023-03-21,Wipro,378.93,384.4,376.35,383.23,2951474
2023-03-22,HCLTech,15706.99,15775.74,15493.17,15640.38,2499169
2023-03-22,Infosys,4381.79,4432.35,4366.35,4410.75,3315252
2023-03-22,TCS,6598.45,6684.21,6549.8,6612.85,2469883
2023-03-22,Wipro,382.09,388.53,380.54,384.8,3432366
2023-03-23,HCLTech,15626.08,15668.24,15347.3,15512.69,2639927
2023-03-23,Infosys,4363.4,4368.1,4294.1,4338.66,3557290
2023-03-23,TCS,6515.0,6554.09,6448.97,6500.2,1769733
2023-03-23,Wipro,368.99,372.22,367.95,370.84,4000651
2023-03-24,HCLTech,15370.47,15533.4,15262.97,15421.22,1961377
2023-03-24,Infosys,4224.43,4257.0,4207.88,4220.73,3512335
2023-03-24,TCS,6513.71,6586.26,6466.33,6521.52,1782655
2023-03-24,Wipro,356.71,360.6,355.83,357.07,3794027
2023-03-27,HCLTech,15213.22,15420.94,15162.25,15263.92,2116990
2023-03-27,Infosys,4362.9,4387.39,4320.62,4371.4,2744272
2023-03-27,TCS,6459.19,6475.25,6439.5,6464.96,1688672
2023-03-27,Wipro,348.52,355.79,344.74,351.86,4258598
2023-03-28,HCLTech,15407.19,15514.1,15294.74,15432.31,3070579
2023-03-28,Infosys,4420.32,4430.79,4391.08,4401.98,2947581
2023-03-28,TCS,6494.56,6501.14,6424.03,6482.07,1593041
2023-03-28,Wipro,341.83,344.7,341.0,343.74,3426097
2023-03-29,HCLTech,15242.33,15469.26,15210.44,15312.93,1657694
2023-03-29,Infosys,4418.55,4435.53,4375.39,4412.0,3852447
2023-03-29,TCS,6364.21,6440.52,6352.72,6396.95,2223281
2023-03-29,Wipro,339.1,342.86,335.63,337.44,3717494
2023-03-30,HCLTech,15392.8,15583.31,15313.71,15492.8,3303286
2023-03-30,Infosys,4454.23,4499.25,4387.11,4429.51,2870579
2023-03-30,TCS,6465.99,6477.69,6385.27,6433.55,1946679
2023-03-30,Wipro,331.51,334.42,328.4,329.65,3418131
2023-03-31,HCLTech,15413.49,15583.03,15259.51,15378.13,2325016
2023-03-31,Infosys,4358.18,4406.36,4333.85,4356.71,2956873
2023-03-31,TCS,6502.1,6578.45,6460.68,6498.36,2022044
2023-03-31,Wipro,323.79,332.54,321.28,329.0,3716453
2023-04-03,HCLTech,15372.18,15530.76,15284.19,15342.04,3630628
2023-04-03,Infosys,4320.42,4370.44,4301.98,4317.9,2368595
2023-04-03,TCS,6483.93,6490.81,6433.58,6457.82,2580738
2023-04-03,Wipro,322.64,325.4,321.1,323.84,4604688
2023-04-04,HCLTech,15381.67,15427.31,15201.57,15363.12,3322623
2023-04-04,Infosys,4406.44,4430.83,4385.33,4411.72,3181697
2023-04-04,TCS,6375.4,6453.97,6312.41,6397.04,2610556
2023-04-04,Wipro,333.14,336.64,329.1,330.47,4244580
2023-04-05,HCLTech,15436.24,15601.96,15228.65,15409.51,2435206
2023-04-05,Infosys,4454.12,4480.92,4430.24,4449.21,3428781
2023-04-05,TCS,6260.65,6301.97,6242.28,6278.88,1438930
2023-04-05,Wipro,332.42,334.5,327.75,331.62,3476527
2023-04-06,HCLTech,15115.49,15271.77,15087.76,15224.29,2486231
2023-04-06,Infosys,4442.6,4486.27,4375.91,4411.03,2155563
2023-04-06,TCS,6245.62,6341.51,6175.28,6268.52,2276670
2023-04-06,Wipro,337.32,338.36,332.43,336.46,5016610
2023-04-07,HCLTech,15351.69,15486.24,15301.57,15387.85,3575709
2023-04-07,Infosys,4339.71,4368.44,4333.25,4348.89,2583385
2023-04-07,TCS,6245.29,6277.74,6173.4,6240.37,2092326
2023-04-07,Wipro,327.61,331.53,325.64,326.45,4948287
2023-04-10,HCLTech,15320.0,15390.46,15224.97,15342.04,3354015
2023-04-10,Infosys,4336.08,4358.79,4318.0,4324.3,2408021
2023-04-10,TCS,6159.56,6167.57,6127.69,6158.28,1823629
2023-04-10,Wipro,320.89,326.52,318.12,322.83,3999107
2023-04-11,HCLTech,15475.41,15556.68,15449.81,15471.74,3158380
2023-04-11,Infosys,4294.22,4325.69,4276.33,4310.13,3746496
2023-04-11,TCS,6178.74,6195.81,6151.82,6187.79,2135463
2023-04-11,Wipro,324.11,324.88,320.18,323.67,3798784
2023-04-12,HCLTech,15370.09,15663.74,15339.01,15480.43,3268560
2023-04-12,Infosys,4381.39,4451.83,4363.66,4419.58,2182957
2023-04-12,TCS,6147.36,6210.73,6131.91,6167.03,1416048
2023-04-12,Wipro,327.34,329.31,322.56,326.37,5690523
2023-04-13,HCLTech,15549.29,15767.23,15379.69,15620.14,2091762
2023-04-13,Infosys,4415.55,4451.99,4398.7,4411.7,3150036
2023-04-13,TCS,6087.39,6184.17,6019.94,6111.73,2679621
2023-04-13,Wipro,322.84,326.67,321.24,322.63,5516139
2023-04-14,HCLTech,15509.04,15652.51,15485.76,15542.25,2708976
2023-04-14,Infosys,4357.95,4377.57,4312.51,4351.17,3694049
2023-04-14,TCS,6084.38,6156.98,6036.3,6085.31,2216958
2023-04-14,Wipro,318.97,322.01,315.9,319.76,2954418
2023-04-17,HCLTech,15462.82,15637.39,15325.58,15382.84,2228739
2023-04-17,Infosys,4348.04,4355.56,4342.56,4350.05,3322492
2023-04-17,TCS,6139.22,6177.19,6130.94,6148.23,1682208
2023-04-17,Wipro,317.45,319.6,315.99,317.55,5079196
2023-04-18,HCLTech,15506.24,15583.1,15398.7,15486.35,2081035
2023-04-18,Infosys,4338.41,4405.46,4289.96,4365.75,2930459
2023-04-18,TCS,6172.24,6224.61,6131.37,6185.59,1779024
2023-04-18,Wipro,313.61,316.87,311.16,315.88,5646591
2023-04-19,HCLTech,15467.93,15512.86,15371.84,15390.69,2686633
2023-04-19,Infosys,4306.47,4339.98,4260.83,4300.97,3429602
2023-04-19,TCS,6212.36,6225.44,6170.14,6182.16,1422645
2023-04-19,Wipro,329.72,331.57,326.26,328.45,4561367
2023-04-20,HCLTech,15709.84,15878.33,15554.06,15719.27,2393466
2023-04-20,Infosys,4328.35,4343.1,4300.02,4323.51,3937497
2023-04-20,TCS,6218.83,6262.39,6173.36,6220.44,1878278
2023-04-20,Wipro,327.35,332.46,324.47,330.32,3643373
2023-04-21,HCLTech,15745.06,15762.91,15585.48,15744.98,2514971
2023-04-21,Infosys,4372.03,4407.96,4326.35,4388.38,3131864
2023-04-21,TCS,6184.09,6231.07,6118.76,6159.4,1815935
2023-04-21,Wipro,328.87,333.5,325.24,330.57,3732794
2023-04-24,HCLTech,15493.32,15645.93,15372.92,15455.47,2352560
2023-04-24,Infosys,4372.4,4448.02,4338.3,4397.33,2044929
2023-04-24,TCS,6154.38,6187.91,6142.62,6164.72,1534378
2023-04-24,Wipro,324.56,326.49,322.44,323.17,5631735
2023-04-25,HCLTech,15326.09,15358.43,15276.74,15339.4,2023069
2023-04-25,Infosys,4352.42,4391.59,4320.76,4357.03,4025694
2023-04-25,TCS,6181.11,6228.91,6114.74,6176.35,2336111
2023-04-25,Wipro,316.64,319.17,314.97,316.06,4727420
2023-04-26,HCLTech,15089.77,15198.52,14926.56,15136.03,3650521
2023-04-26,Infosys,4342.85,4375.64,4311.71,4330.96,3466702
2023-04-26,TCS,6152.56,6220.69,6128.65,6153.63,2581851
2023-04-26,Wipro,313.89,315.52,311.56,314.85,4462659
2023-04-27,HCLTech,15262.95,15450.27,15133.76,15374.77,2682305
2023-04-27,Infosys,4254.43,4288.62,4211.77,4246.99,3178900
2023-04-27,TCS,6148.1,6187.31,6105.33,6181.07,1989085
2023-04-27,Wipro,317.87,324.34,316.3,321.32,6377974
2023-04-28,HCLTech,15506.24,15621.78,15401.38,15551.74,1948525
2023-04-28,Infosys,4225.85,4290.29,4215.13,4241.51,2153461
2023-04-28,TCS,6168.66,6190.36,6091.66,6140.96,1881403
2023-04-28,Wipro,320.06,320.49,317.78,320.16,3269878
2023-05-01,HCLTech,15611.62,15669.04,15465.13,15547.79,2696367
2023-05-01,Infosys,4261.09,4281.28,4229.79,4258.64,3014666
2023-05-01,TCS,6169.67,6192.72,6098.19,6172.29,2181786
2023-05-01,Wipro,317.98,321.81,314.92,319.24,3928055
2023-05-02,HCLTech,15717.0,15751.42,15511.93,15620.21,3524679
2023-05-02,Infosys,4230.0,4247.3,4204.67,4214.27,2686006
2023-05-02,TCS,6220.65,6235.35,6166.13,6206.04,1992159
2023-05-02,Wipro,315.93,319.11,312.23,314.97,4154923
2023-05-03,HCLTech,15550.95,15626.13,15492.72,15609.98,3149541
2023-05-03,Infosys,4293.49,4336.88,4268.17,4314.69,2509026
2023-05-03,TCS,6033.77,6065.18,5966.86,6048.08,1610768
2023-05-03,Wipro,304.24,308.11,301.37,305.23,3834262
2023-05-04,HCLTech,15674.24,15958.49,15581.05,15807.96,2343784
2023-05-04,Infosys,4358.19,4400.94,4323.14,4357.03,3113853
2023-05-04,TCS,6112.85,6164.25,6082.87,6116.02,1755250
2023-05-04,Wipro,304.23,308.41,303.39,307.61,2768266
2023-05-05,HCLTech,16004.59,16101.04,15795.95,15932.09,2355068
2023-05-05,Infosys,4289.4,4299.4,4253.77,4265.34,2874726
2023-05-05,TCS,5936.96,5965.87,5875.02,5953.19,1884872
2023-05-05,Wipro,303.51,309.32,303.11,306.17,4889394
2023-05-08,HCLTech,16102.98,16147.77,16008.58,16097.51,2147053
2023-05-08,Infosys,4154.24,4190.22,4139.93,4176.54,2912847
2023-05-08,TCS,5945.92,6000.17,5901.53,5922.82,2101779
2023-05-08,Wipro,307.77,309.18,304.51,308.6,3441997
2023-05-09,HCLTech,15956.95,16093.2,15820.76,16062.62,2241310
2023-05-09,Infosys,4148.49,4163.05,4087.34,4128.41,3710164
2023-05-09,TCS,5986.08,6050.48,5927.69,5980.21,2003738
2023-05-09,Wipro,309.63,310.17,307.57,309.42,3429683
2023-05-10,HCLTech,15688.25,15993.93,15545.08,15929.22,2278082
2023-05-10,Infosys,4236.65,4270.54,4191.89,4207.93,3367818
2023-05-10,TCS,5972.46,6039.31,5953.78,5965.56,2085943
2023-05-10,Wipro,301.83,307.11,299.42,304.05,3722831
2023-05-11,HCLTech,16010.32,16164.87,15861.57,16086.08,1938388
2023-05-11,Infosys,4249.99,4288.24,4241.28,4253.96,2898078
2023-05-11,TCS,5914.89,5963.76,5819.87,5889.64,1474297
2023-05-11,Wipro,303.78,306.16,303.24,305.24,3819992
2023-05-12,HCLTech,16409.8,16547.0,16290.65,16447.07,2379083
2023-05-12,Infosys,4332.17,4360.5,4312.08,4338.42,2825469
2023-05-12,TCS,5855.43,5874.0,5767.08,5834.14,2284599
2023-05-12,Wipro,299.67,301.44,295.56,298.18,3903967
2023-05-15,HCLTech,16617.38,16746.71,16567.06,16711.42,2785165
2023-05-15,Infosys,4358.52,4376.12,4290.67,4339.65,2921739
2023-05-15,TCS,5904.65,5916.09,5855.89,5890.43,2001366
2023-05-15,Wipro,301.39,304.79,298.65,299.29,4850280
2023-05-16,HCLTech,17151.29,17353.32,16944.42,17093.24,2393393
2023-05-16,Infosys,4326.01,4369.66,4288.67,4329.39,3045490
2023-05-16,TCS,5765.57,5812.03,5726.58,5791.45,3332387
2023-05-16,Wipro,299.41,300.4,296.0,298.89,5053411
2023-05-17,HCLTech,17071.39,17207.3,16900.47,17139.49,2715516
2023-05-17,Infosys,4223.68,4271.39,4192.72,4265.63,3596498
2023-05-17,TCS,5839.74,5920.33,5795.5,5852.55,1850804
2023-05-17,Wipro,306.68,310.17,306.17,307.23,3797815
2023-05-18,HCLTech,16916.46,17015.49,16880.97,16915.43,3596273
2023-05-18,Infosys,4282.31,4323.18,4238.44,4284.09,2597732
2023-05-18,TCS,5833.05,5919.32,5809.57,5851.53,2133660
2023-05-18,Wipro,301.22,304.65,300.64,302.4,3548999
2023-05-19,HCLTech,16910.37,17059.17,16533.39,16714.84,3753333
2023-05-19,Infosys,4282.93,4297.12,4239.16,4274.47,4283792
2023-05-19,TCS,5804.13,5834.32,5742.09,5790.85,3521866
2023-05-19,Wipro,296.2,297.82,293.78,295.19,3898579
2023-05-22,HCLTech,17057.35,17132.6,16853.97,17047.53,2564916
2023-05-22,Infosys,4276.13,4322.87,4220.56,4262.85,3597018
2023-05-22,TCS,5765.33,5791.76,5712.19,5762.23,2079163
2023-05-22,Wipro,292.35,294.7,291.37,292.93,3345318
2023-05-23,HCLTech,16605.82,16646.92,16467.16,16615.23,3100451
2023-05-23,Infosys,4330.74,4370.91,4295.1,4346.79,1850702
2023-05-23,TCS,5686.37,5749.08,5647.84,5711.33,1973129
2023-05-23,Wipro,297.8,299.44,292.58,296.08,3977374
2023-05-24,HCLTech,16967.49,17062.51,16929.8,16975.22,2514772
2023-05-24,Infosys,4335.58,4375.51,4290.03,4340.5,3255092
2023-05-24,TCS,5754.15,5781.8,5739.04,5757.57,1641750
2023-05-24,Wipro,283.19,286.05,279.78,281.46,3310400
2023-05-25,HCLTech,16850.19,16969.51,16657.48,16795.04,2358289
2023-05-25,Infosys,4428.76,4439.08,4375.94,4410.63,3940462
2023-05-25,TCS,5769.91,5865.4,5705.8,5797.13,2715023
2023-05-25,Wipro,286.59,289.44,284.09,285.85,6121080
2023-05-26,HCLTech,17305.51,17483.06,17174.5,17259.36,2079539
2023-05-26,Infosys,4326.47,4343.97,4309.54,4327.56,3458697
2023-05-26,TCS,5708.56,5729.12,5695.63,5709.52,1586177
2023-05-26,Wipro,283.8,286.14,283.37,284.69,4103653
2023-05-29,HCLTech,17163.4,17335.06,17088.91,17248.01,2645430
2023-05-29,Infosys,4440.96,4508.48,4434.51,4469.57,2946690
2023-05-29,TCS,5660.54,5718.92,5615.7,5690.13,2178357
2023-05-29,Wipro,278.07,281.22,276.29,278.81,3592069
2023-05-30,HCLTech,17393.85,17616.89,17369.42,17428.92,3229695
2023-05-30,Infosys,4472.86,4504.41,4440.07,4449.67,3161139
2023-05-30,TCS,5656.74,5689.12,5635.28,5647.33,1819271
2023-05-30,Wipro,274.02,278.77,273.56,276.88,4606492
2023-05-31,HCLTech,17967.38,18152.54,17806.16,18026.23,2015016
2023-05-31,Infosys,4483.59,4530.14,4453.83,4487.62,3316184
2023-05-31,TCS,5721.44,5735.04,5699.74,5714.64,1925681
2023-05-31,Wipro,273.02,275.63,270.86,273.11,3126402
2023-06-01,HCLTech,17923.55,18107.99,17793.9,17948.39,2454916
2023-06-01,Infosys,4555.32,4588.11,4481.49,4534.49,3732463
2023-06-01,TCS,5680.75,5710.36,5639.79,5646.71,1504349
2023-06-01,Wipro,266.92,267.48,263.77,267.06,3469402
2023-06-02,HCLTech,18027.1,18051.11,17760.0,17866.47,2431341
2023-06-02,Infosys,4481.09,4540.16,4439.17,4507.43,2411217
2023-06-02,TCS,5745.2,5805.09,5701.25,5729.88,2616330
2023-06-02,Wipro,255.58,259.02,254.4,257.81,4353815
2023-06-05,HCLTech,17751.92,17944.59,17604.93,17698.3,2731599
2023-06-05,Infosys,4549.5,4599.34,4506.15,4551.81,2835298
2023-06-05,TCS,5721.51,5743.71,5675.54,5729.14,1891911
2023-06-05,Wipro,265.04,266.28,258.54,261.12,4109782
2023-06-06,HCLTech,17449.51,17514.78,17353.01,17456.33,2740292
2023-06-06,Infosys,4609.31,4635.45,4561.27,4599.45,4440941
2023-06-06,TCS,5685.07,5727.28,5632.24,5670.44,1568514
2023-06-06,Wipro,259.31,261.27,255.4,258.4,4933487
2023-06-07,HCLTech,17486.53,17566.7,17276.22,17380.22,2894923
2023-06-07,Infosys,4558.35,4609.48,4508.49,4560.02,3221155
2023-06-07,TCS,5612.05,5667.67,5564.8,5636.82,2569433
2023-06-07,Wipro,255.13,257.33,252.16,256.49,2317239
2023-06-08,HCLTech,17265.75,17382.47,17141.96,17249.81,3799645
2023-06-08,Infosys,4499.11,4544.55,4458.21,4521.52,4343720
2023-06-08,TCS,5580.11,5613.15,5533.1,5597.06,1808178
2023-06-08,Wipro,263.7,265.5,257.91,260.31,4711091
2023-06-09,HCLTech,16818.79,17150.29,16783.9,16954.33,2184555
2023-06-09,Infosys,4478.52,4544.51,4461.31,4523.64,5814003
2023-06-09,TCS,5539.72,5546.01,5519.84,5533.91,2138422
2023-06-09,Wipro,259.65,263.53,256.9,260.46,3588095
2023-06-12,HCLTech,17046.49,17128.36,16820.43,16908.07,2160675
2023-06-12,Infosys,4545.98,4589.5,4487.65,4516.99,2900096
2023-06-12,TCS,5501.74,5561.47,5492.77,5539.27,2366543
2023-06-12,Wipro,254.47,254.84,251.91,253.14,3165285
2023-06-13,HCLTech,17005.31,17076.64,16976.32,17018.34,2731865
2023-06-13,Infosys,4597.48,4602.66,4567.67,4592.69,2518578
2023-06-13,TCS,5478.32,5488.17,5435.16,5478.96,2198892
2023-06-13,Wipro,256.25,257.93,254.21,256.11,2833932
2023-06-14,HCLTech,16624.67,17003.92,16466.15,16809.47,3476604
2023-06-14,Infosys,4653.84,4667.31,4618.03,4631.09,3034493
2023-06-14,TCS,5355.75,5400.64,5311.91,5372.99,1288939
2023-06-14,Wipro,262.16,263.59,259.98,262.92,3579273
2023-06-15,HCLTech,16643.38,16940.3,16531.13,16774.35,1940674
2023-06-15,Infosys,4644.72,4653.03,4610.69,4626.63,3986642
2023-06-15,TCS,5356.82,5409.92,5316.96,5355.11,2298412
2023-06-15,Wipro,264.63,267.15,263.73,265.19,5497481
2023-06-16,HCLTech,17205.69,17348.46,16943.29,17110.88,2778151
2023-06-16,Infosys,4671.51,4702.5,4640.54,4659.81,4099766
2023-06-16,TCS,5251.44,5316.29,5232.0,5269.3,1960156
2023-06-16,Wipro,263.34,264.3,259.81,260.97,4855520
2023-06-19,HCLTech,16647.25,16869.29,16551.99,16776.92,2497383
2023-06-19,Infosys,4540.01,4582.09,4526.8,4546.14,5040706
2023-06-19,TCS,5241.08,5300.94,5182.17,5234.08,1872625
2023-06-19,Wipro,255.42,258.21,252.75,254.02,5546504
2023-06-20,HCLTech,17353.8,17451.41,17193.18,17239.45,3084436
2023-06-20,Infosys,4521.32,4526.36,4496.73,4512.03,3176530
2023-06-20,TCS,5192.02,5221.6,5182.19,5191.71,1956842
2023-06-20,Wipro,249.61,250.93,249.18,249.8,3909966
2023-06-21,HCLTech,17086.77,17282.54,17006.62,17079.98,2948066
2023-06-21,Infosys,4554.25,4566.9,4476.77,4526.93,3528109
2023-06-21,TCS,5174.15,5219.61,5110.4,5151.38,1449386
2023-06-21,Wipro,246.93,253.03,245.44,250.14,4086346
2023-06-22,HCLTech,17190.42,17220.65,17069.19,17130.39,2625351
2023-06-22,Infosys,4588.77,4608.63,4565.26,4587.17,2775405
2023-06-22,TCS,5245.28,5288.91,5232.98,5245.17,2078364
2023-06-22,Wipro,257.01,257.28,254.05,256.51,2916658
2023-06-23,HCLTech,17420.17,17604.88,17318.45,17442.1,2866282
2023-06-23,Infosys,4634.24,4653.87,4550.93,4597.37,1938188
2023-06-23,TCS,5235.27,5265.74,5192.35,5247.96,1522370
2023-06-23,Wipro,250.92,255.47,248.88,252.9,2916551
2023-06-26,HCLTech,17881.17,18017.29,17662.76,17835.37,2279271
2023-06-26,Infosys,4648.3,4687.34,4640.36,4677.67,3174722
2023-06-26,TCS,5255.56,5282.47,5226.16,5259.65,1888870
2023-06-26,Wipro,250.68,251.65,247.86,249.83,3884461
2023-06-27,HCLTech,17982.87,18192.42,17914.0,17954.99,3051265
2023-06-27,Infosys,4693.94,4739.44,4638.56,4725.73,2540599
2023-06-27,TCS,5154.39,5211.61,5108.52,5176.26,2063492
2023-06-27,Wipro,253.19,255.15,251.24,254.33,3037569
2023-06-28,HCLTech,17779.66,17910.03,17683.63,17783.01,3430877
2023-06-28,Infosys,4716.71,4765.37,4652.96,4697.17,3639412
2023-06-28,TCS,5152.47,5202.77,5137.78,5145.88,2479246
2023-06-28,Wipro,251.24,254.91,250.93,252.21,3369796
2023-06-29,HCLTech,17499.18,17662.65,17464.01,17590.77,2652608
2023-06-29,Infosys,4672.21,4729.12,4620.94,4688.3,2196515
2023-06-29,TCS,5165.4,5196.81,5119.17,5155.81,1697615
2023-06-29,Wipro,258.92,261.1,258.65,259.97,4034765
2023-06-30,HCLTech,17481.88,17649.34,17358.6,17451.2,2396288
2023-06-30,Infosys,4750.91,4771.13,4678.35,4710.31,2760147
2023-06-30,TCS,5148.29,5166.33,5095.15,5108.4,2673703
2023-06-30,Wipro,260.8,262.73,258.38,259.13,5159101
2023-07-03,HCLTech,17761.42,18132.47,17629.84,17920.26,2525605
2023-07-03,Infosys,4710.35,4728.7,4646.59,4683.96,3375983
2023-07-03,TCS,5140.11,5211.62,5096.38,5150.18,2416977
2023-07-03,Wipro,261.55,266.89,258.66,264.48,4007882
2023-07-04,HCLTech,17907.13,18103.78,17794.23,17825.58,3044853
2023-07-04,Infosys,4801.62,4810.66,4746.01,4769.71,3447410
2023-07-04,TCS,5090.27,5106.14,5078.47,5094.57,1835405
2023-07-04,Wipro,267.39,268.89,263.38,266.15,3047223
2023-07-05,HCLTech,17924.88,18000.92,17876.55,17907.58,2578320
2023-07-05,Infosys,4723.05,4745.9,4678.47,4705.54,3169782
2023-07-05,TCS,5072.04,5139.76,5062.86,5081.25,1602231
2023-07-05,Wipro,269.98,270.55,267.42,269.4,2778563
2023-07-06,HCLTech,17688.91,17773.99,17489.26,17648.72,2045378
2023-07-06,Infosys,4704.01,4747.65,4660.46,4722.25,4648849
2023-07-06,TCS,5057.65,5107.72,5009.57,5054.27,1498379
2023-07-06,Wipro,268.26,271.37,266.86,268.38,4097086
2023-07-07,HCLTech,17144.83,17527.65,17050.84,17366.09,3145372
2023-07-07,Infosys,4729.82,4815.03,4722.49,4762.9,4379977
2023-07-07,TCS,5067.56,5119.39,5052.88,5061.47,2111709
2023-07-07,Wipro,266.93,269.86,263.83,267.68,3527106
2023-07-10,HCLTech,17277.6,17504.86,17193.54,17373.17,2136020
2023-07-10,Infosys,4773.66,4817.45,4737.12,4743.77,2790680
2023-07-10,TCS,5031.22,5081.1,5013.77,5032.07,1725799
2023-07-10,Wipro,270.37,273.3,269.08,269.54,4094012
2023-07-11,HCLTech,17252.1,17314.42,17104.61,17294.91,2830377
2023-07-11,Infosys,4682.35,4741.48,4632.61,4711.94,4415109
2023-07-11,TCS,5036.68,5053.25,4968.92,5019.47,2542171
2023-07-11,Wipro,272.52,275.86,271.95,273.27,3839951
2023-07-12,HCLTech,17291.5,17335.77,17201.21,17234.51,1790041
2023-07-12,Infosys,4737.78,4749.54,4695.94,4706.34,4552111
2023-07-12,TCS,4998.72,5048.3,4949.2,5008.44,1745851
2023-07-12,Wipro,274.92,278.33,272.77,275.7,3944040
2023-07-13,HCLTech,16803.82,16914.39,16628.11,16881.63,2656851
2023-07-13,Infosys,4764.47,4803.63,4708.66,4751.09,3121676
2023-07-13,TCS,4990.53,5037.06,4923.33,4975.05,1670316
2023-07-13,Wipro,267.01,269.01,265.03,266.9,5086601
2023-07-14,HCLTech,17076.38,17127.02,16703.79,16864.5,2564727
2023-07-14,Infosys,4719.82,4774.66,4704.74,4721.33,3229190
2023-07-14,TCS,5004.87,5050.92,4973.46,4996.38,2095668
2023-07-14,Wipro,270.89,271.18,264.81,267.97,4938297
2023-07-17,HCLTech,17212.2,17309.46,17121.21,17234.42,1754349
2023-07-17,Infosys,4668.45,4677.13,4636.36,4659.79,3167702
2023-07-17,TCS,5006.46,5026.62,4972.38,5006.65,1743575
2023-07-17,Wipro,262.14,267.49,259.57,264.65,4306233
2023-07-18,HCLTech,16945.29,17228.08,16840.98,17029.86,2778953
2023-07-18,Infosys,4732.41,4781.32,4703.2,4723.17,2812717
2023-07-18,TCS,4997.22,5017.14,4949.71,5002.18,2003422
2023-07-18,Wipro,262.72,265.39,258.93,261.9,3344295
2023-07-19,HCLTech,17229.35,17390.71,17136.75,17245.14,2085981
2023-07-19,Infosys,4740.39,4758.57,4710.08,4744.42,2869154
2023-07-19,TCS,5020.55,5043.7,4969.83,4982.32,2435970
2023-07-19,Wipro,263.65,266.26,261.29,263.89,3582442
2023-07-20,HCLTech,16352.2,16454.89,16194.6,16428.57,2644446
2023-07-20,Infosys,4829.51,4871.59,4752.22,4800.67,4166245
2023-07-20,TCS,5004.73,5049.13,4959.85,5017.63,2047445
2023-07-20,Wipro,271.52,274.8,268.48,271.9,4659667
2023-07-21,HCLTech,16150.87,16369.65,16129.57,16244.87,2394476
2023-07-21,Infosys,4871.49,4886.22,4791.62,4843.11,3492528
2023-07-21,TCS,5011.13,5047.77,4996.06,5006.43,2048975
2023-07-21,Wipro,268.0,271.41,265.7,270.59,5189172
2023-07-24,HCLTech,15894.44,15986.68,15683.28,15815.9,1933632
2023-07-24,Infosys,4973.15,5010.94,4952.79,4969.9,2864268
2023-07-24,TCS,4980.27,5043.0,4925.26,4992.05,2083765
2023-07-24,Wipro,277.1,281.33,275.22,280.18,3100458
2023-07-25,HCLTech,16132.2,16282.14,16022.03,16091.68,2109321
2023-07-25,Infosys,5022.55,5053.42,4998.88,5035.23,2659003
2023-07-25,TCS,5024.34,5071.87,4956.14,4996.16,1425506
2023-07-25,Wipro,275.11,275.86,272.49,274.52,5429243
2023-07-26,HCLTech,16331.74,16506.86,16134.5,16290.48,2143355
2023-07-26,Infosys,5017.49,5052.41,4939.12,4990.05,2749801
2023-07-26,TCS,5086.59,5129.51,5039.8,5072.4,2163040
2023-07-26,Wipro,278.25,282.76,275.21,280.49,3422410
2023-07-27,HCLTech,16156.6,16184.35,15866.01,16055.84,3164496
2023-07-27,Infosys,4974.21,5054.78,4964.33,5016.64,3096832
2023-07-27,TCS,5000.24,5030.48,4968.58,5010.94,2065006
2023-07-27,Wipro,284.29,285.95,281.87,282.48,4572463
2023-07-28,HCLTech,16158.99,16349.33,16054.91,16120.5,3073062
2023-07-28,Infosys,4990.84,5029.79,4970.16,4981.55,3841199
2023-07-28,TCS,5053.27,5084.95,5030.01,5045.12,2391035
2023-07-28,Wipro,281.54,283.95,279.51,283.35,7004172
2023-07-31,HCLTech,16307.93,16420.29,16211.64,16393.45,4032601
2023-07-31,Infosys,4968.23,5010.51,4921.74,4952.82,2694289
2023-07-31,TCS,4963.25,4986.53,4935.39,4959.22,2257615
2023-07-31,Wipro,291.3,293.44,288.75,290.29,2910582
2023-08-01,HCLTech,16765.42,16917.25,16589.96,16707.3,2346995
2023-08-01,Infosys,4851.03,4876.5,4804.02,4867.94,3832400
2023-08-01,TCS,4960.17,4986.06,4915.54,4968.25,1920830
2023-08-01,Wipro,285.75,288.14,283.38,286.79,4425287
2023-08-02,HCLTech,16520.55,16793.65,16403.89,16612.01,2331934
2023-08-02,Infosys,4869.48,4912.03,4826.84,4849.61,3328567
2023-08-02,TCS,5050.53,5056.15,5003.46,5038.48,2458682
2023-08-02,Wipro,292.11,295.13,289.87,293.26,3756562
2023-08-03,HCLTech,16067.81,16254.77,16024.07,16105.49,2671088
2023-08-03,Infosys,4879.22,4892.94,4870.62,4879.76,3292737
2023-08-03,TCS,5066.18,5090.16,5025.45,5059.97,1886307
2023-08-03,Wipro,290.28,293.09,288.71,291.96,4374284
2023-08-04,HCLTech,15899.91,15945.75,15782.0,15903.47,2421671
2023-08-04,Infosys,4863.07,4915.4,4806.43,4874.23,3928705
2023-08-04,TCS,5070.47,5089.82,5051.07,5067.02,2101347
2023-08-04,Wipro,289.2,290.0,285.93,288.4,3534245
2023-08-07,HCLTech,16062.65,16127.09,15918.68,16074.24,2314049
2023-08-07,Infosys,4828.18,4839.59,4754.21,4808.69,3787940
2023-08-07,TCS,5040.13,5077.55,4996.82,5040.8,1879333
2023-08-07,Wipro,282.67,284.36,279.46,281.4,2436107
2023-08-08,HCLTech,16408.17,16576.86,16221.37,16552.81,2628455
2023-08-08,Infosys,4698.49,4749.57,4660.1,4719.96,2416323
2023-08-08,TCS,5048.32,5056.82,5014.68,5041.47,2193500
2023-08-08,Wipro,288.77,290.35,287.89,289.34,3440206
2023-08-09,HCLTech,16461.21,16579.82,16313.4,16539.44,2992871
2023-08-09,Infosys,4857.12,4882.64,4798.28,4839.42,2576284
2023-08-09,TCS,5032.93,5052.94,5014.16,5029.3,1854934
2023-08-09,Wipro,296.25,297.86,292.78,295.14,4287462
2023-08-10,HCLTech,16396.91,16426.13,16271.7,16398.72,1704178
2023-08-10,Infosys,4816.38,4913.18,4762.1,4856.65,3056429
2023-08-10,TCS,4994.03,5001.49,4936.27,4993.1,2780574
2023-08-10,Wipro,292.43,293.96,292.03,292.41,5239035
2023-08-11,HCLTech,16907.42,16985.05,16847.13,16958.09,2318849
2023-08-11,Infosys,4812.95,4851.16,4768.32,4807.18,3436128
2023-08-11,TCS,4969.31,5019.46,4936.63,4979.35,2994028
2023-08-11,Wipro,292.62,298.44,289.68,295.09,4337951
2023-08-14,HCLTech,17148.22,17271.39,17018.42,17053.84,1963940
2023-08-14,Infosys,4833.09,4842.61,4785.46,4832.2,4204123
2023-08-14,TCS,5014.18,5050.54,4953.54,4987.5,2381986
2023-08-14,Wipro,296.26,297.17,292.31,295.56,5370096
2023-08-15,HCLTech,16869.28,16900.38,16628.65,16762.37,2521225
2023-08-15,Infosys,4947.86,5002.28,4917.68,4959.09,3241915
2023-08-15,TCS,4936.08,4975.78,4877.86,4952.44,2722107
2023-08-15,Wipro,292.92,294.7,292.38,293.48,3624103
2023-08-16,HCLTech,16642.04,16828.63,16510.95,16733.66,2834987
2023-08-16,Infosys,5002.58,5018.27,4976.88,4994.4,4499157
2023-08-16,TCS,4922.52,4935.42,4891.17,4915.89,1470061
2023-08-16,Wipro,293.54,301.31,292.41,298.41,3565618
2023-08-17,HCLTech,16973.69,17123.16,16795.08,16968.72,3250795
2023-08-17,Infosys,4826.83,4848.47,4777.8,4828.44,2778234
2023-08-17,TCS,4850.46,4911.37,4795.29,4855.35,1505118
2023-08-17,Wipro,294.14,296.12,293.43,294.86,4284097
2023-08-18,HCLTech,17083.15,17103.08,16851.05,16951.18,2383958
2023-08-18,Infosys,5004.97,5030.81,4940.35,4982.85,2873799
2023-08-18,TCS,4898.81,4935.2,4829.62,4871.73,1875424
2023-08-18,Wipro,280.25,285.04,277.59,283.26,3710969
2023-08-21,HCLTech,17128.66,17277.52,17079.11,17139.93,2655853
2023-08-21,Infosys,4883.27,4929.85,4851.41,4871.8,3010223
2023-08-21,TCS,4881.07,4936.44,4842.19,4894.98,2016560
2023-08-21,Wipro,282.19,287.06,281.69,284.39,5006791
2023-08-22,HCLTech,16724.91,16914.64,16666.85,16758.3,1857230
2023-08-22,Infosys,4867.33,4922.74,4819.92,4858.08,2717480
2023-08-22,TCS,4893.13,4938.04,4875.62,4904.47,1922267
2023-08-22,Wipro,284.09,284.83,282.11,284.53,3019757
2023-08-23,HCLTech,16493.81,16607.67,16321.94,16424.43,2188941
2023-08-23,Infosys,4796.68,4850.25,4742.98,4790.8,4035102
2023-08-23,TCS,4931.46,4995.38,4923.72,4946.54,1440110
2023-08-23,Wipro,281.18,284.56,279.7,281.31,4753276
2023-08-24,HCLTech,16233.79,16356.91,16161.83,16255.61,2709976
2023-08-24,Infosys,4737.41,4760.48,4718.59,4746.82,1838931
2023-08-24,TCS,4954.79,5008.6,4920.96,4949.75,2518001
2023-08-24,Wipro,275.19,278.32,272.64,276.64,5093167
2023-08-25,HCLTech,16291.98,16439.25,16142.55,16190.84,1981211
2023-08-25,Infosys,4755.39,4769.34,4710.45,4761.42,2893413
2023-08-25,TCS,4945.1,4992.41,4939.6,4966.54,3077097
2023-08-25,Wipro,269.69,272.21,266.64,268.8,4302997
2023-08-28,HCLTech,16218.74,16377.13,16183.28,16266.08,3329805
2023-08-28,Infosys,4647.81,4694.82,4634.63,4642.97,4026076
2023-08-28,TCS,4971.94,5022.22,4963.09,4979.44,2584015
2023-08-28,Wipro,266.67,269.83,264.81,266.86,4801072
2023-08-29,HCLTech,16373.01,16519.47,16282.37,16411.12,2886990
2023-08-29,Infosys,4633.01,4655.72,4596.52,4636.38,3006230
2023-08-29,TCS,4941.05,4992.21,4903.75,4974.66,2484948
2023-08-29,Wipro,261.81,265.31,260.1,262.51,3512949
2023-08-30,HCLTech,17052.94,17220.4,16906.99,16987.04,2169713
2023-08-30,Infosys,4721.07,4756.06,4642.75,4699.08,3965881
2023-08-30,TCS,4954.04,4994.51,4905.89,4950.29,2092524
2023-08-30,Wipro,267.0,267.91,264.38,266.93,3387225
2023-08-31,HCLTech,16820.06,16991.85,16616.46,16811.78,1933010
2023-08-31,Infosys,4652.06,4706.79,4601.27,4650.23,4966362
2023-08-31,TCS,5041.31,5076.48,5026.95,5049.26,1689694
2023-08-31,Wipro,271.29,273.22,267.55,269.24,4291920
2023-09-01,HCLTech,16746.47,16831.08,16563.16,16737.57,2251624
2023-09-01,Infosys,4579.02,4592.99,4523.19,4571.8,3251861
2023-09-01,TCS,5004.61,5033.52,4959.28,5028.12,2029222
2023-09-01,Wipro,263.13,268.19,261.65,266.72,3462010
2023-09-04,HCLTech,16417.15,16663.78,16367.6,16571.47,2171997
2023-09-04,Infosys,4535.88,4586.06,4497.4,4562.68,4042800
2023-09-04,TCS,5014.57,5072.29,4940.25,4997.45,3047326
2023-09-04,Wipro,271.27,273.13,268.71,269.06,4247780
2023-09-05,HCLTech,16794.33,16988.45,16638.37,16823.44,2038291
2023-09-05,Infosys,4560.77,4608.85,4515.15,4542.74,5191269
2023-09-05,TCS,4995.79,5069.35,4949.95,5016.41,1864046
2023-09-05,Wipro,267.32,270.93,266.26,268.36,4248704
2023-09-06,HCLTech,17164.88,17284.93,16984.99,17092.37,1962363
2023-09-06,Infosys,4497.98,4545.72,4459.98,4508.98,3467968
2023-09-06,TCS,5039.84,5061.0,4978.78,5027.2,1826051
2023-09-06,Wipro,265.57,268.19,264.23,266.88,3946436
2023-09-07,HCLTech,16920.27,17130.68,16730.98,16985.37,2482910
2023-09-07,Infosys,4424.33,4494.02,4404.27,4443.75,3169386
2023-09-07,TCS,4952.54,5022.93,4909.41,4963.49,2495796
2023-09-07,Wipro,265.77,268.11,263.81,266.44,4232335
2023-09-08,HCLTech,17543.76,17575.81,17349.18,17483.63,3010070
2023-09-08,Infosys,4501.15,4536.93,4438.49,4470.14,3832985
2023-09-08,TCS,5038.71,5061.32,4995.95,5013.35,2529152
2023-09-08,Wipro,273.36,277.0,271.06,274.89,4541390
2023-09-11,HCLTech,17333.66,17369.18,17254.76,17310.92,2255327
2023-09-11,Infosys,4514.03,4533.62,4469.6,4500.82,4055176
2023-09-11,TCS,5020.43,5050.79,4983.7,5008.59,1688037
2023-09-11,Wipro,276.1,279.02,272.9,277.92,3920774
2023-09-12,HCLTech,17545.19,17682.66,17489.82,17562.36,2841943
2023-09-12,Infosys,4460.58,4504.54,4411.3,4442.31,3175254
2023-09-12,TCS,4942.56,5009.66,4886.0,4958.27,1898094
2023-09-12,Wipro,277.72,279.86,275.13,276.25,3636133
2023-09-13,HCLTech,18043.43,18224.08,17715.15,17923.79,2435039
2023-09-13,Infosys,4400.26,4441.41,4367.57,4391.87,2904850
2023-09-13,TCS,4996.69,5032.94,4955.35,5011.14,1808985
2023-09-13,Wipro,280.83,281.57,278.59,280.55,4715365
2023-09-14,HCLTech,17556.33,17664.4,17361.43,17585.59,2938721
2023-09-14,Infosys,4396.08,4447.37,4374.63,4397.8,4511500
2023-09-14,TCS,5048.62,5078.69,4990.23,5039.0,2028070
2023-09-14,Wipro,281.31,286.96,278.69,284.73,4224704
2023-09-15,HCLTech,17705.25,17933.77,17593.51,17728.7,2221573
2023-09-15,Infosys,4340.85,4373.06,4320.73,4345.95,3031410
2023-09-15,TCS,4977.46,5023.03,4919.44,4981.57,2493991
2023-09-15,Wipro,287.1,287.84,284.62,285.88,4377638
2023-09-18,HCLTech,17047.86,17225.3,16925.05,17065.5,2750299
2023-09-18,Infosys,4368.35,4396.88,4338.96,4354.08,4062898
2023-09-18,TCS,5058.81,5073.84,5040.87,5061.51,1702915
2023-09-18,Wipro,284.97,287.68,282.02,284.02,4494300
2023-09-19,HCLTech,17270.91,17436.69,17142.93,17264.09,2663224
2023-09-19,Infosys,4451.39,4471.7,4404.47,4430.27,3372735
2023-09-19,TCS,5111.7,5140.56,5068.15,5091.26,2487007
2023-09-19,Wipro,279.21,282.72,277.65,281.84,4120622
2023-09-20,HCLTech,17064.53,17238.15,16840.74,17000.52,3414309
2023-09-20,Infosys,4424.66,4443.44,4414.5,4425.93,4611456
2023-09-20,TCS,5078.48,5112.89,5037.38,5090.47,2041076
2023-09-20,Wipro,276.58,278.82,274.78,276.27,3733905
2023-09-21,HCLTech,17013.67,17201.98,16907.85,17136.87,2907402
2023-09-21,Infosys,4398.95,4451.57,4313.21,4360.82,2700242
2023-09-21,TCS,5165.05,5208.66,5157.02,5163.56,3184787
2023-09-21,Wipro,278.08,280.14,276.53,277.0,3535753
2023-09-22,HCLTech,17393.68,17474.27,17279.17,17319.85,2736590
2023-09-22,Infosys,4376.67,4431.77,4368.94,4380.3,2699198
2023-09-22,TCS,5186.29,5199.23,5133.06,5170.72,2131686
2023-09-22,Wipro,271.05,275.36,270.71,273.81,3929862
2023-09-25,HCLTech,17600.5,17641.03,17514.27,17594.62,1937762
2023-09-25,Infosys,4344.4,4399.74,4300.04,4369.91,3796380
2023-09-25,TCS,5182.39,5200.84,5118.04,5169.19,1961605
2023-09-25,Wipro,271.99,274.2,270.35,271.5,4404579
2023-09-26,HCLTech,17864.88,17957.49,17687.26,17816.45,2340727
2023-09-26,Infosys,4329.61,4411.2,4313.79,4361.02,2552524
2023-09-26,TCS,5135.81,5183.74,5096.19,5138.39,2243618
2023-09-26,Wipro,273.25,277.24,270.23,274.41,4445874
2023-09-27,HCLTech,18041.92,18067.07,17745.01,17831.7,2215397
2023-09-27,Infosys,4354.0,4406.54,4308.78,4384.98,3275519
2023-09-27,TCS,5160.53,5179.27,5138.6,5165.23,1869587
2023-09-27,Wipro,283.68,284.33,281.83,282.71,4116794
2023-09-28,HCLTech,17693.99,17902.78,17517.96,17738.41,2205756
2023-09-28,Infosys,4412.85,4466.27,4373.47,4420.52,4361572
2023-09-28,TCS,5159.0,5216.61,5112.75,5187.34,1396672
2023-09-28,Wipro,282.79,286.86,282.31,284.46,4291913
2023-09-29,HCLTech,17615.5,17895.7,17414.21,17721.53,2608076
2023-09-29,Infosys,4417.17,4456.77,4368.0,4421.47,2239347
2023-09-29,TCS,5170.73,5233.84,5157.26,5187.97,1906068
2023-09-29,Wipro,285.63,287.2,281.54,283.76,3207098
2023-10-02,HCLTech,17465.08,17523.58,17384.61,17448.5,2728291
2023-10-02,Infosys,4430.04,4469.42,4370.66,4417.36,3468002
2023-10-02,TCS,5156.37,5204.94,5095.35,5151.2,1900065
2023-10-02,Wipro,283.07,285.89,279.81,283.51,3645201
2023-10-03,HCLTech,17428.76,17540.11,17211.14,17398.71,2749721
2023-10-03,Infosys,4526.69,4567.53,4487.25,4527.23,4077564
2023-10-03,TCS,5155.02,5167.8,5144.14,5157.26,1454531
2023-10-03,Wipro,288.1,292.29,287.63,289.22,4574398
2023-10-04,HCLTech,17404.21,17550.27,17176.27,17330.04,3346115
2023-10-04,Infosys,4608.37,4645.21,4579.82,4592.08,3183461
2023-10-04,TCS,5155.31,5208.78,5099.99,5154.1,1970998
2023-10-04,Wipro,289.77,293.47,287.1,291.09,3385848
2023-10-05,HCLTech,17096.81,17299.13,16969.33,17141.97,2864005
2023-10-05,Infosys,4638.3,4686.42,4604.78,4637.42,2658420
2023-10-05,TCS,5109.43,5155.23,5059.75,5092.73,1322766
2023-10-05,Wipro,293.56,294.37,291.31,291.95,4114633
2023-10-06,HCLTech,16663.47,16926.54,16622.9,16731.38,2033871
2023-10-06,Infosys,4644.22,4668.89,4621.95,4643.95,3036268
2023-10-06,TCS,5007.12,5049.66,4978.5,5025.88,1865650
2023-10-06,Wipro,291.86,294.83,291.13,293.19,4041466
2023-10-09,HCLTech,16314.27,16489.99,16224.2,16437.27,2707483
2023-10-09,Infosys,4576.41,4634.96,4527.24,4587.52,2705933
2023-10-09,TCS,5047.97,5099.22,5015.12,5051.72,2099850
2023-10-09,Wipro,287.52,289.54,282.38,285.6,3909935
2023-10-10,HCLTech,15625.45,15788.93,15438.74,15730.5,2922346
2023-10-10,Infosys,4677.18,4691.29,4600.06,4649.32,3244568
2023-10-10,TCS,4937.99,4982.49,4919.25,4935.06,2039177
2023-10-10,Wipro,287.86,288.55,284.97,287.48,4581621
2023-10-11,HCLTech,15633.48,15828.18,15506.35,15665.38,3346614
2023-10-11,Infosys,4626.87,4671.63,4606.26,4656.73,3027719
2023-10-11,TCS,4933.54,4982.12,4903.77,4944.49,1842149
2023-10-11,Wipro,280.39,285.13,278.38,282.84,4185943
2023-10-12,HCLTech,15738.35,15779.93,15620.18,15747.34,2521044
2023-10-12,Infosys,4629.85,4671.01,4585.2,4623.99,2887810
2023-10-12,TCS,4945.87,4981.2,4872.67,4923.62,1966078
2023-10-12,Wipro,284.77,287.29,283.92,284.72,3148105
2023-10-13,HCLTech,15323.94,15471.74,15148.55,15169.66,2525951
2023-10-13,Infosys,4606.46,4652.63,4584.71,4609.98,3512683
2023-10-13,TCS,4996.62,5042.0,4933.46,4982.34,1709727
2023-10-13,Wipro,280.93,283.57,278.84,280.85,4434991
2023-10-16,HCLTech,15097.21,15260.49,15028.82,15222.94,3226154
2023-10-16,Infosys,4571.33,4621.27,4517.8,4556.34,4388440
2023-10-16,TCS,4965.25,5024.79,4946.86,4960.72,2004331
2023-10-16,Wipro,281.2,284.38,280.73,283.72,3614207
2023-10-17,HCLTech,15224.94,15317.95,15103.12,15199.94,2694541
2023-10-17,Infosys,4613.67,4632.63,4577.9,4614.07,3416836
2023-10-17,TCS,5019.05,5056.01,4948.8,4990.76,2023370
2023-10-17,Wipro,282.83,285.31,281.31,282.82,3045052
2023-10-18,HCLTech,14901.66,15067.15,14781.58,14954.77,1888588
2023-10-18,Infosys,4651.81,4659.33,4620.85,4651.64,4186578
2023-10-18,TCS,4950.1,5022.74,4898.49,4973.53,1670456
2023-10-18,Wipro,277.87,279.27,274.5,276.92,4640144
2023-10-19,HCLTech,14884.33,15024.94,14713.04,14868.09,1809294
2023-10-19,Infosys,4656.22,4692.12,4606.58,4661.44,4388185
2023-10-19,TCS,4979.12,5024.98,4929.24,4979.24,2109998
2023-10-19,Wipro,277.32,278.25,273.36,275.36,3155434
2023-10-20,HCLTech,15051.13,15126.09,14960.24,15091.98,3757173
2023-10-20,Infosys,4686.09,4735.89,4641.48,4658.75,2845738
2023-10-20,TCS,5018.83,5071.1,4984.56,5013.05,2107363
2023-10-20,Wipro,288.36,290.31,283.98,286.4,3726085
2023-10-23,HCLTech,14966.96,15117.59,14831.37,14891.21,1845528
2023-10-23,Infosys,4620.65,4674.64,4575.45,4620.6,3380834
2023-10-23,TCS,4978.59,5050.37,4970.98,4992.95,1934608
2023-10-23,Wipro,278.97,281.01,274.18,274.8,4241829
2023-10-24,HCLTech,14986.9,15142.1,14850.46,14911.51,2514487
2023-10-24,Infosys,4541.21,4588.6,4465.14,4503.8,2939270
2023-10-24,TCS,5043.5,5059.26,4982.08,5038.73,3245782
2023-10-24,Wipro,275.52,277.18,272.94,275.52,3941785
2023-10-25,HCLTech,14979.77,15133.88,14942.08,14988.07,3102272
2023-10-25,Infosys,4433.01,4461.34,4409.82,4427.95,2379089
2023-10-25,TCS,4977.33,5008.8,4950.68,4994.71,1944503
2023-10-25,Wipro,271.39,274.18,267.33,270.45,3530492
2023-10-26,HCLTech,14925.58,15094.4,14782.15,14820.7,1826844
2023-10-26,Infosys,4388.98,4435.05,4363.83,4388.58,3435982
2023-10-26,TCS,5019.79,5057.18,4983.98,5008.88,1891367
2023-10-26,Wipro,276.08,277.89,273.05,277.13,3279037
2023-10-27,HCLTech,15091.9,15251.79,14970.26,15035.79,2094258
2023-10-27,Infosys,4339.12,4356.33,4331.49,4341.77,2592754
2023-10-27,TCS,5068.48,5098.6,5004.36,5051.62,1837982
2023-10-27,Wipro,284.49,286.05,280.58,281.14,3435896
2023-10-30,HCLTech,15229.22,15373.1,14982.98,15125.65,2026202
2023-10-30,Infosys,4367.23,4415.85,4323.9,4356.89,3525461
2023-10-30,TCS,5087.12,5124.14,5062.92,5082.76,1647006
2023-10-30,Wipro,280.4,283.09,279.82,281.98,3224591
2023-10-31,HCLTech,15074.0,15188.34,14990.4,15077.18,3727496
2023-10-31,Infosys,4388.74,4431.44,4341.49,4399.6,2344272
2023-10-31,TCS,5142.21,5222.89,5089.85,5172.31,2294067
2023-10-31,Wipro,289.92,290.37,284.68,286.58,3900078
2023-11-01,HCLTech,15662.37,15817.35,15426.5,15589.49,3892852
2023-11-01,Infosys,4395.65,4418.87,4382.87,4392.96,3311328
2023-11-01,TCS,5122.45,5195.87,5113.04,5138.07,1743505
2023-11-01,Wipro,290.87,292.25,285.81,287.75,3586658
2023-11-02,HCLTech,15758.04,16002.99,15577.76,15817.47,2244936
2023-11-02,Infosys,4468.2,4501.26,4457.09,4468.05,2337318
2023-11-02,TCS,5084.95,5113.39,5029.48,5075.92,1785248
2023-11-02,Wipro,286.28,290.26,283.29,287.7,3036006
2023-11-03,HCLTech,15388.22,15577.72,15360.06,15453.93,2919496
2023-11-03,Infosys,4432.56,4475.22,4398.97,4426.51,3661686
2023-11-03,TCS,5032.31,5077.08,4973.48,5031.97,1795886
2023-11-03,Wipro,286.39,288.33,283.09,284.53,3775190
2023-11-06,HCLTech,15540.71,15597.73,15240.01,15375.61,2765230
2023-11-06,Infosys,4426.11,4442.23,4401.52,4419.61,2957885
2023-11-06,TCS,5020.54,5079.35,4960.53,5063.33,1642399
2023-11-06,Wipro,283.42,285.01,280.72,282.6,3517148
2023-11-07,HCLTech,15837.4,15981.22,15806.71,15921.89,2458011
2023-11-07,Infosys,4424.72,4434.11,4399.39,4417.26,2901396
2023-11-07,TCS,5107.45,5142.59,5030.7,5087.49,1409070
2023-11-07,Wipro,279.45,281.92,278.55,280.18,4220339
2023-11-08,HCLTech,15677.09,15863.9,15649.05,15710.63,1877903
2023-11-08,Infosys,4477.73,4518.32,4440.03,4475.95,4008638
2023-11-08,TCS,5095.86,5102.18,5039.78,5093.67,1823138
2023-11-08,Wipro,279.92,281.4,276.72,280.16,4300438
2023-11-09,HCLTech,15585.98,15918.56,15523.11,15731.61,4124745
2023-11-09,Infosys,4511.75,4563.53,4457.41,4482.12,3000673
2023-11-09,TCS,5030.99,5076.98,5010.53,5043.99,2381699
2023-11-09,Wipro,271.16,271.8,270.08,270.71,5231445
2023-11-10,HCLTech,15945.56,16064.84,15911.79,16011.79,1808158
2023-11-10,Infosys,4497.82,4533.83,4443.64,4489.84,3271737
2023-11-10,TCS,5096.49,5132.16,5021.44,5080.54,2080364
2023-11-10,Wipro,276.34,278.41,272.69,275.71,4553292
2023-11-13,HCLTech,16087.11,16354.34,15953.7,16165.67,2712667
2023-11-13,Infosys,4450.59,4462.02,4376.97,4402.14,3075377
2023-11-13,TCS,5015.81,5072.21,4959.59,5026.52,2732623
2023-11-13,Wipro,288.18,291.06,282.4,285.48,3217627
2023-11-14,HCLTech,16300.6,16418.85,16155.9,16354.23,2284145
2023-11-14,Infosys,4356.41,4391.6,4321.66,4355.5,3541779
2023-11-14,TCS,5069.98,5122.36,5035.1,5080.98,2324112
2023-11-14,Wipro,284.23,286.98,282.77,283.21,2590059
2023-11-15,HCLTech,16555.88,16647.62,16398.79,16531.57,3180771
2023-11-15,Infosys,4431.67,4441.79,4390.13,4413.86,3942203
2023-11-15,TCS,5221.11,5246.91,5186.94,5215.22,2220961
2023-11-15,Wipro,287.81,290.24,285.07,289.21,2952184
2023-11-16,HCLTech,16589.19,16771.5,16424.01,16545.27,3079295
2023-11-16,Infosys,4292.93,4324.72,4276.54,4306.04,3782094
2023-11-16,TCS,5263.85,5269.44,5222.87,5234.4,2914437
2023-11-16,Wipro,289.82,291.49,287.1,288.46,3617516
2023-11-17,HCLTech,16290.16,16560.3,16133.88,16370.73,2137739
2023-11-17,Infosys,4402.64,4408.57,4349.74,4376.81,2914846
2023-11-17,TCS,5290.97,5302.98,5224.51,5263.98,1961516
2023-11-17,Wipro,282.18,287.32,281.2,285.31,2899971
2023-11-20,HCLTech,16415.28,16598.17,16259.36,16478.92,2219953
2023-11-20,Infosys,4391.01,4432.04,4351.82,4404.02,4075364
2023-11-20,TCS,5248.72,5310.15,5197.13,5242.78,2025390
2023-11-20,Wipro,282.62,286.09,281.09,283.31,3536262
2023-11-21,HCLTech,16481.96,16670.69,16221.35,16394.68,1906904
2023-11-21,Infosys,4373.99,4393.83,4315.5,4365.62,2664137
2023-11-21,TCS,5167.71,5225.31,5132.1,5160.19,1995419
2023-11-21,Wipro,283.19,284.6,280.03,283.71,4025890
2023-11-22,HCLTech,16429.89,16598.57,16152.65,16293.18,2703295
2023-11-22,Infosys,4318.44,4332.2,4312.12,4323.24,2758410
2023-11-22,TCS,5147.29,5170.84,5106.41,5134.47,2723463
2023-11-22,Wipro,281.18,281.87,278.51,280.01,3573905
2023-11-23,HCLTech,16746.63,16922.98,16562.09,16643.89,2997225
2023-11-23,Infosys,4432.2,4451.7,4393.49,4423.8,3119243
2023-11-23,TCS,5066.37,5106.04,5029.35,5086.47,2001006
2023-11-23,Wipro,286.23,289.45,282.02,283.06,4229330
2023-11-24,HCLTech,16431.47,16739.33,16320.21,16564.56,2380185
2023-11-24,Infosys,4496.08,4537.07,4460.13,4500.51,3945244
2023-11-24,TCS,5033.15,5062.34,5016.39,5022.95,1756796
2023-11-24,Wipro,280.78,281.51,278.5,280.4,3541653
2023-11-27,HCLTech,17073.88,17163.5,16866.08,16974.66,2475767
2023-11-27,Infosys,4480.41,4514.07,4471.7,4495.28,2532281
2023-11-27,TCS,5092.03,5147.65,5033.28,5103.81,2249442
2023-11-27,Wipro,274.38,278.28,272.87,275.01,3434608
2023-11-28,HCLTech,17201.29,17224.29,17008.49,17045.76,3807911
2023-11-28,Infosys,4498.7,4515.42,4453.17,4503.83,3824576
2023-11-28,TCS,5123.98,5149.22,5097.4,5118.84,1698754
2023-11-28,Wipro,273.69,276.98,273.36,274.89,5628797
2023-11-29,HCLTech,16877.17,17065.85,16709.6,17018.01,3135406
2023-11-29,Infosys,4499.42,4530.88,4452.34,4470.38,3165152
2023-11-29,TCS,5135.25,5147.87,5122.15,5138.93,2225188
2023-11-29,Wipro,272.9,274.67,270.64,271.47,3973660
2023-11-30,HCLTech,16688.91,16719.27,16417.32,16600.61,3404385
2023-11-30,Infosys,4487.82,4529.49,4431.43,4479.02,2934109
2023-11-30,TCS,5135.39,5163.28,5121.85,5127.29,2172579
2023-11-30,Wipro,269.53,270.69,269.21,269.86,4090625
2023-12-01,HCLTech,17130.3,17193.1,16909.0,17111.4,1660473
2023-12-01,Infosys,4420.4,4489.43,4389.11,4444.4,3985696
2023-12-01,TCS,5123.92,5143.74,5068.62,5122.02,1925655
2023-12-01,Wipro,268.74,272.41,266.93,269.59,4735763
2023-12-04,HCLTech,17093.54,17148.49,17029.82,17120.96,2900693
2023-12-04,Infosys,4462.21,4489.85,4429.86,4441.73,2725403
2023-12-04,TCS,5119.68,5193.12,5065.94,5169.48,2239627
2023-12-04,Wipro,264.75,265.51,261.05,263.17,4766939
2023-12-05,HCLTech,16604.76,16671.94,16562.06,16596.12,2734055
2023-12-05,Infosys,4523.92,4580.95,4482.61,4540.9,5054535
2023-12-05,TCS,5173.76,5188.21,5160.26,5170.85,1485259
2023-12-05,Wipro,272.17,273.64,267.77,270.17,3717604
2023-12-06,HCLTech,16875.11,17001.31,16801.09,16838.5,2024078
2023-12-06,Infosys,4551.56,4597.83,4524.99,4537.37,3088922
2023-12-06,TCS,5209.1,5252.06,5184.67,5198.57,2066258
2023-12-06,Wipro,272.51,274.58,271.61,274.16,4930726
2023-12-07,HCLTech,16933.99,16977.2,16672.4,16838.21,2110092
2023-12-07,Infosys,4492.82,4530.57,4442.39,4482.39,3297350
2023-12-07,TCS,5199.75,5235.07,5161.67,5192.45,1823201
2023-12-07,Wipro,268.53,271.41,265.89,271.08,3656550
2023-12-08,HCLTech,16722.1,16796.9,16499.51,16631.72,2488858
2023-12-08,Infosys,4422.69,4452.77,4367.63,4411.26,4356773
2023-12-08,TCS,5177.91,5200.2,5162.16,5179.59,3545218
2023-12-08,Wipro,270.83,273.44,269.33,271.0,4901510
2023-12-11,HCLTech,16737.95,16920.44,16582.0,16862.0,1987966
2023-12-11,Infosys,4454.36,4461.75,4387.42,4419.82,3314599
2023-12-11,TCS,5144.1,5180.58,5071.02,5117.56,2063311
2023-12-11,Wipro,272.17,275.03,271.75,274.13,3125305
2023-12-12,HCLTech,16231.13,16316.12,16053.28,16282.8,2216149
2023-12-12,Infosys,4366.31,4399.89,4348.92,4381.53,4058951
2023-12-12,TCS,5035.37,5067.7,5022.19,5030.44,1775121
2023-12-12,Wipro,272.98,277.28,269.92,275.19,3761983
2023-12-13,HCLTech,16140.21,16276.39,16076.53,16132.82,2370717
2023-12-13,Infosys,4407.76,4427.67,4370.92,4396.46,2165213
2023-12-13,TCS,5028.77,5077.83,4986.45,5021.84,1518141
2023-12-13,Wipro,282.82,287.23,280.38,284.68,4182102
2023-12-14,HCLTech,16201.85,16377.21,15997.05,16077.52,2916007
2023-12-14,Infosys,4336.71,4359.89,4284.45,4313.82,2928913
2023-12-14,TCS,5044.27,5102.36,5001.5,5027.7,2596666
2023-12-14,Wipro,285.37,287.2,281.46,283.49,4299303
2023-12-15,HCLTech,16066.88,16427.58,15910.78,16283.05,2257256
2023-12-15,Infosys,4340.02,4401.63,4303.89,4351.76,3464254
2023-12-15,TCS,4978.87,4991.0,4942.77,4973.18,1864775
2023-12-15,Wipro,290.85,293.24,289.24,289.66,3378977
2023-12-18,HCLTech,16764.82,16958.44,16700.22,16815.07,2377534
2023-12-18,Infosys,4285.4,4313.02,4251.23,4298.84,3972655
2023-12-18,TCS,4961.0,5028.4,4932.86,4975.06,1707237
2023-12-18,Wipro,287.24,288.29,282.5,282.82,2876408
2023-12-19,HCLTech,16645.9,16969.1,16536.59,16770.99,3191140
2023-12-19,Infosys,4298.2,4333.33,4274.97,4303.39,3732544
2023-12-19,TCS,4942.85,5024.55,4929.58,4980.96,2139146
2023-12-19,Wipro,275.8,279.69,273.81,276.92,4385729
2023-12-20,HCLTech,16780.13,17045.89,16681.5,16893.11,1826971
2023-12-20,Infosys,4294.02,4345.13,4248.11,4288.16,3663273
2023-12-20,TCS,4881.4,4930.87,4864.69,4888.74,2277528
2023-12-20,Wipro,287.89,288.83,282.45,285.49,3838012
2023-12-21,HCLTech,17655.44,17682.24,17437.74,17570.36,2720916
2023-12-21,Infosys,4353.96,4414.02,4312.66,4379.83,3956510
2023-12-21,TCS,4863.83,4888.72,4843.87,4852.18,2270358
2023-12-21,Wipro,284.21,286.34,281.03,283.33,3699302
2023-12-22,HCLTech,17540.61,17646.19,17332.4,17586.38,2810583
2023-12-22,Infosys,4401.43,4415.94,4353.22,4391.25,3518922
2023-12-22,TCS,4868.21,4896.94,4857.17,4873.63,2007915
2023-12-22,Wipro,276.52,280.32,276.23,277.49,5568773
2023-12-25,HCLTech,17515.81,17859.21,17478.31,17717.26,2826042
2023-12-25,Infosys,4470.96,4549.48,4453.1,4497.48,2084468
2023-12-25,TCS,4906.72,4911.93,4836.81,4894.35,2064700
2023-12-25,Wipro,277.06,280.01,274.84,277.31,3772327
2023-12-26,HCLTech,17414.68,17568.15,17304.43,17428.21,2351939
2023-12-26,Infosys,4555.12,4576.53,4502.53,4530.45,4269904
2023-12-26,TCS,4849.82,4907.07,4827.78,4847.55,2095002
2023-12-26,Wipro,282.76,284.2,281.39,283.76,3607116
2023-12-27,HCLTech,18108.52,18292.47,17721.71,17928.77,2101263
2023-12-27,Infosys,4621.28,4628.34,4584.76,4611.32,2706395
2023-12-27,TCS,4878.04,4915.47,4837.03,4858.29,2139188
2023-12-27,Wipro,280.41,281.82,279.3,279.95,2790632
2023-12-28,HCLTech,17610.14,17815.54,17525.14,17766.73,3523357
2023-12-28,Infosys,4639.68,4666.34,4556.6,4602.55,3407148
2023-12-28,TCS,4902.58,4933.76,4890.82,4907.14,2177384
2023-12-28,Wipro,281.56,284.48,277.03,279.81,3221136
2023-12-29,HCLTech,17896.69,18107.75,17686.75,17850.01,2190680
2023-12-29,Infosys,4637.53,4654.45,4578.79,4624.53,3317965
2023-12-29,TCS,4952.91,4987.49,4899.59,4945.62,2489390
2023-12-29,Wipro,270.07,273.5,268.09,270.7,4765765
2024-01-01,HCLTech,18065.07,18185.73,17725.66,17926.83,2079454
2024-01-01,Infosys,4689.6,4742.6,4640.24,4695.61,3230433
2024-01-01,TCS,4953.37,4960.53,4890.27,4945.48,2022693
2024-01-01,Wipro,269.94,272.1,266.09,268.5,3459795
2024-01-02,HCLTech,17960.88,18165.09,17895.38,17965.23,2610525
2024-01-02,Infosys,4734.04,4766.19,4717.27,4749.94,2564959
2024-01-02,TCS,4952.23,4966.64,4881.12,4928.86,1698569
2024-01-02,Wipro,275.64,276.25,272.67,273.44,4535776
2024-01-03,HCLTech,18043.12,18166.22,17839.59,17873.46,2242714
2024-01-03,Infosys,4788.26,4836.23,4739.29,4783.46,2171486
2024-01-03,TCS,4878.94,4943.78,4841.18,4905.24,1943108
2024-01-03,Wipro,272.24,273.73,269.08,269.69,3088834
2024-01-04,HCLTech,17893.47,18006.27,17860.68,17951.41,3208078
2024-01-04,Infosys,4767.28,4774.55,4716.86,4767.88,2618692
2024-01-04,TCS,4923.12,4963.06,4874.16,4930.24,2325426
2024-01-04,Wipro,261.73,266.73,259.99,263.67,3361727
2024-01-05,HCLTech,18547.67,18637.83,18383.51,18416.72,2465701
2024-01-05,Infosys,4785.86,4839.56,4748.59,4762.08,3774992
2024-01-05,TCS,4956.51,5004.38,4916.36,4943.28,1399117
2024-01-05,Wipro,260.02,260.67,258.25,260.1,3344616
2024-01-08,HCLTech,19146.53,19212.26,18940.93,19033.35,3292365
2024-01-08,Infosys,4812.11,4837.99,4805.19,4830.92,2396061
2024-01-08,TCS,5000.14,5041.37,4923.83,4975.85,1400734
2024-01-08,Wipro,258.51,261.05,255.45,257.35,4400187
2024-01-09,HCLTech,19002.99,19080.26,18957.6,19006.02,2844156
2024-01-09,Infosys,4954.96,5011.07,4902.47,4913.09,2683426
2024-01-09,TCS,4990.09,5028.09,4937.53,4986.31,2403202
2024-01-09,Wipro,259.24,262.48,256.85,261.02,3834014
2024-01-10,HCLTech,18768.95,19110.3,18666.56,18906.23,2405768
2024-01-10,Infosys,4908.02,4916.91,4844.38,4881.81,3479053
2024-01-10,TCS,5023.23,5077.98,5018.11,5027.86,2710604
2024-01-10,Wipro,260.75,265.32,258.58,262.91,3203254
2024-01-11,HCLTech,18621.23,18809.25,18448.14,18712.86,3248894
2024-01-11,Infosys,4837.89,4893.34,4810.61,4842.03,2605607
2024-01-11,TCS,5048.91,5057.75,5004.82,5036.88,1552873
2024-01-11,Wipro,265.69,266.16,263.45,265.74,4614442
2024-01-12,HCLTech,19228.35,19509.02,19146.04,19450.49,2282665
2024-01-12,Infosys,4829.73,4878.72,4778.32,4793.4,2870657
2024-01-12,TCS,5091.34,5135.13,5057.57,5077.43,2040590
2024-01-12,Wipro,265.29,266.28,264.51,265.98,4415645
2024-01-15,HCLTech,19563.31,19661.32,19384.06,19506.44,2438743
2024-01-15,Infosys,4829.17,4881.61,4796.28,4845.08,3252796
2024-01-15,TCS,5116.54,5167.78,5106.57,5122.34,1846400
2024-01-15,Wipro,262.85,264.27,261.38,263.14,4281830
2024-01-16,HCLTech,19880.94,20035.81,19787.16,19834.79,2890250
2024-01-16,Infosys,4799.23,4805.93,4748.86,4795.09,3386101
2024-01-16,TCS,5095.68,5116.2,5037.91,5090.38,1898342
2024-01-16,Wipro,258.83,262.34,256.86,259.6,4243307
2024-01-17,HCLTech,20058.92,20123.31,19877.07,20051.14,2720556
2024-01-17,Infosys,4820.31,4884.18,4770.11,4846.22,2595309
2024-01-17,TCS,5031.88,5047.74,5007.75,5013.2,2126023
2024-01-17,Wipro,265.33,267.58,259.99,261.74,3371983
2024-01-18,HCLTech,20691.25,20736.01,20598.25,20703.69,2272258
2024-01-18,Infosys,4920.02,4958.37,4836.75,4882.01,3291486
2024-01-18,TCS,5118.85,5136.01,5042.5,5088.46,1544303
2024-01-18,Wipro,268.68,271.55,267.51,269.46,5144922
2024-01-19,HCLTech,20793.03,21013.3,20603.79,20655.17,1912175
2024-01-19,Infosys,4820.69,4888.77,4768.91,4854.16,3465724
2024-01-19,TCS,5117.39,5133.67,5044.84,5105.44,1602722
2024-01-19,Wipro,266.04,269.23,262.04,265.06,3919980
2024-01-22,HCLTech,20390.31,20464.36,20126.41,20360.58,2590323
2024-01-22,Infosys,4920.39,4989.58,4882.76,4950.24,2480625
2024-01-22,TCS,5033.17,5067.2,5000.75,5032.47,1883057
2024-01-22,Wipro,261.23,262.49,259.71,260.38,4220257
2024-01-23,HCLTech,20864.77,21157.97,20667.27,20921.56,2248105
2024-01-23,Infosys,4855.3,4924.97,4805.74,4868.26,3340496
2024-01-23,TCS,5004.62,5017.95,4979.18,5005.48,1942686
2024-01-23,Wipro,252.53,257.88,249.57,255.23,4318370
2024-01-24,HCLTech,21227.7,21259.94,21038.97,21212.39,2615461
2024-01-24,Infosys,4998.13,5057.86,4942.67,4970.45,2772734
2024-01-24,TCS,5054.58,5096.29,5007.04,5045.71,1596727
2024-01-24,Wipro,261.62,262.2,256.73,259.21,3311212
2024-01-25,HCLTech,21588.88,21765.03,21182.01,21373.36,2390055
2024-01-25,Infosys,5013.93,5047.65,4942.04,4993.86,3280296
2024-01-25,TCS,5036.59,5049.29,4986.97,5038.42,2342167
2024-01-25,Wipro,260.18,260.93,257.19,259.15,5844918
2024-01-26,HCLTech,21930.34,22112.75,21739.39,21863.58,2252403
2024-01-26,Infosys,4877.94,4887.75,4822.53,4875.45,3697905
2024-01-26,TCS,5023.7,5030.21,5002.41,5020.7,1839759
2024-01-26,Wipro,262.16,263.8,261.27,261.9,3978405
2024-01-29,HCLTech,22005.55,22107.52,21911.33,22047.63,2464232
2024-01-29,Infosys,4995.26,5007.62,4931.4,4973.93,3089159
2024-01-29,TCS,5073.04,5112.94,5053.98,5089.98,1838194
2024-01-29,Wipro,261.39,264.41,257.78,259.65,4026806
2024-01-30,HCLTech,22559.9,22752.51,22413.27,22564.82,2562098
2024-01-30,Infosys,5034.43,5081.82,5005.52,5036.87,3841388
2024-01-30,TCS,5068.48,5084.25,5009.06,5047.82,2116320
2024-01-30,Wipro,262.63,265.0,262.11,262.71,3683232
2024-01-31,HCLTech,22722.03,22841.64,22442.03,22670.5,2987728
2024-01-31,Infosys,5024.57,5083.87,4995.11,5015.67,3748341
2024-01-31,TCS,4999.32,5076.89,4942.63,5017.3,1949095
2024-01-31,Wipro,262.96,263.55,258.56,261.5,5034372
2024-02-01,HCLTech,22939.5,23106.4,22673.36,22986.88,2829639
2024-02-01,Infosys,4997.11,5026.07,4939.85,4962.56,3837099
2024-02-01,TCS,5025.71,5054.36,5004.18,5032.55,2364679
2024-02-01,Wipro,251.49,257.4,250.44,254.48,5077040
2024-02-02,HCLTech,23127.9,23432.7,22950.78,23185.72,3952688
2024-02-02,Infosys,4869.55,4884.72,4857.59,4874.59,3468675
2024-02-02,TCS,5057.6,5075.01,5030.03,5056.04,1659410
2024-02-02,Wipro,260.23,262.68,257.5,258.89,4128660
2024-02-05,HCLTech,23108.07,23374.56,22989.29,23109.35,2674596
2024-02-05,Infosys,5006.6,5047.27,4999.0,5022.74,3988057
2024-02-05,TCS,5116.54,5132.73,5023.91,5084.55,1512357
2024-02-05,Wipro,259.18,261.54,256.81,258.88,2983595
2024-02-06,HCLTech,23244.56,23311.3,22866.83,23072.18,2272601
2024-02-06,Infosys,4982.03,5008.11,4944.56,4972.2,3456200
2024-02-06,TCS,5125.57,5158.64,5110.51,5132.4,1879845
2024-02-06,Wipro,257.92,259.74,257.29,257.6,3870570
2024-02-07,HCLTech,23064.17,23260.79,22775.81,22974.95,2514948
2024-02-07,Infosys,4917.42,4976.25,4894.96,4902.16,2292627
2024-02-07,TCS,5136.85,5187.09,5127.36,5147.64,2024240
2024-02-07,Wipro,257.7,260.45,255.9,259.07,3948344
2024-02-08,HCLTech,23043.93,23152.61,22958.16,23090.22,2912978
2024-02-08,Infosys,4925.09,4967.21,4870.2,4922.8,2731187
2024-02-08,TCS,5167.53,5226.2,5128.84,5176.5,1560483
2024-02-08,Wipro,252.23,253.14,250.0,252.58,3654521
2024-02-09,HCLTech,23071.19,23103.14,22840.13,22973.16,3177823
2024-02-09,Infosys,4852.22,4863.36,4792.44,4831.82,3067611
2024-02-09,TCS,5197.72,5223.77,5164.08,5170.63,1515274
2024-02-09,Wipro,254.31,256.7,253.48,254.71,3285859
2024-02-12,HCLTech,23145.03,23206.24,23086.79,23144.06,3400102
2024-02-12,Infosys,4776.02,4802.56,4726.92,4780.06,3144661
2024-02-12,TCS,5134.13,5220.66,5118.8,5179.81,2074264
2024-02-12,Wipro,250.36,252.77,249.68,252.16,2931301
2024-02-13,HCLTech,23344.76,23531.08,23178.94,23305.37,2121472
2024-02-13,Infosys,4845.0,4852.43,4813.89,4842.41,3437342
2024-02-13,TCS,5174.78,5223.87,5134.19,5191.15,1718739
2024-02-13,Wipro,252.19,254.08,250.02,251.62,5368362
2024-02-14,HCLTech,23432.6,23643.28,23183.73,23403.5,3359009
2024-02-14,Infosys,4882.15,4922.1,4857.59,4874.47,2723071
2024-02-14,TCS,5252.61,5306.77,5164.62,5207.61,1495775
2024-02-14,Wipro,259.57,261.37,255.23,257.01,4639533
2024-02-15,HCLTech,23266.16,23662.61,23162.55,23507.98,2576179
2024-02-15,Infosys,4862.83,4903.68,4836.6,4856.97,4782161
2024-02-15,TCS,5260.23,5298.42,5215.72,5250.45,2425931
2024-02-15,Wipro,257.86,262.14,256.35,260.18,4027655
2024-02-16,HCLTech,23007.74,23621.71,22824.52,23353.88,2160028
2024-02-16,Infosys,4896.2,4904.19,4812.55,4863.13,3135093
2024-02-16,TCS,5264.97,5305.47,5237.48,5283.34,1762596
2024-02-16,Wipro,260.34,262.96,258.43,259.53,3512541
2024-02-19,HCLTech,23319.37,23538.71,23186.24,23293.49,2496165
2024-02-19,Infosys,4850.03,4872.78,4831.17,4842.51,3195083
2024-02-19,TCS,5291.4,5338.35,5252.57,5292.1,2517105
2024-02-19,Wipro,258.56,260.68,257.13,259.24,4298716
2024-02-20,HCLTech,22691.14,22849.46,22631.73,22786.16,3312365
2024-02-20,Infosys,4837.9,4897.03,4795.9,4844.07,2798268
2024-02-20,TCS,5261.49,5314.21,5217.88,5260.37,2011420
2024-02-20,Wipro,246.91,249.18,245.81,247.74,4166683
2024-02-21,HCLTech,22597.06,22854.18,22390.18,22779.3,2848995
2024-02-21,Infosys,4815.83,4864.45,4788.43,4805.17,2618169
2024-02-21,TCS,5284.37,5316.7,5218.45,5270.3,2121448
2024-02-21,Wipro,244.4,244.8,243.37,244.28,3691615
2024-02-22,HCLTech,22407.8,22668.25,22240.14,22498.24,2040312
2024-02-22,Infosys,4797.29,4832.39,4753.67,4777.01,3120178
2024-02-22,TCS,5306.41,5369.34,5224.47,5275.75,1917164
2024-02-22,Wipro,245.34,246.36,243.68,245.2,4324220
2024-02-23,HCLTech,22663.61,22769.36,22333.74,22561.16,2043374
2024-02-23,Infosys,4762.79,4792.94,4742.42,4747.33,3217681
2024-02-23,TCS,5298.26,5354.79,5247.79,5291.78,1175995
2024-02-23,Wipro,242.31,242.77,240.74,242.03,4431647
2024-02-26,HCLTech,22407.22,22429.85,22178.55,22367.97,2032064
2024-02-26,Infosys,4725.59,4781.93,4681.81,4711.35,3144861
2024-02-26,TCS,5395.77,5422.07,5337.3,5404.96,1593272
2024-02-26,Wipro,234.82,237.1,233.46,236.5,4589474
2024-02-27,HCLTech,21848.1,21875.78,21548.21,21765.63,2246118
2024-02-27,Infosys,4746.09,4818.76,4734.64,4776.04,4455690
2024-02-27,TCS,5399.97,5452.1,5331.56,5386.6,1950343
2024-02-27,Wipro,240.38,241.75,238.49,238.73,3349017
2024-02-28,HCLTech,22544.84,22668.59,22434.01,22494.84,2640587
2024-02-28,Infosys,4775.53,4881.18,4725.6,4825.79,3120174
2024-02-28,TCS,5402.35,5455.45,5389.03,5414.25,2151344
2024-02-28,Wipro,244.73,246.07,242.49,244.6,4360323
2024-02-29,HCLTech,22353.24,22605.89,22179.77,22454.1,2075651
2024-02-29,Infosys,4803.14,4811.72,4767.56,4777.48,3145475
2024-02-29,TCS,5456.04,5511.5,5393.17,5473.83,1398237
2024-02-29,Wipro,242.54,245.28,241.27,241.63,5062236
2024-03-01,HCLTech,23034.02,23222.59,22830.87,22946.54,2386543
2024-03-01,Infosys,4723.54,4739.29,4697.14,4714.84,3766739
2024-03-01,TCS,5455.65,5522.48,5396.68,5485.98,1978673
2024-03-01,Wipro,247.55,248.12,244.86,245.66,4244262
2024-03-04,HCLTech,22876.31,23091.23,22600.63,22810.75,3441538
2024-03-04,Infosys,4710.9,4717.65,4705.43,4711.33,3092369
2024-03-04,TCS,5582.56,5668.43,5557.27,5610.15,1597906
2024-03-04,Wipro,246.09,249.74,243.67,249.09,6221035
2024-03-05,HCLTech,23379.97,23666.11,23207.4,23393.43,3593307
2024-03-05,Infosys,4854.47,4905.67,4782.63,4840.33,3564481
2024-03-05,TCS,5582.86,5641.87,5576.04,5598.65,2096084
2024-03-05,Wipro,245.92,248.19,242.04,244.94,3858257
2024-03-06,HCLTech,23059.47,23295.31,23016.03,23052.82,3545240
2024-03-06,Infosys,4825.44,4867.12,4747.98,4786.54,2477727
2024-03-06,TCS,5601.8,5661.5,5558.99,5622.63,1992254
2024-03-06,Wipro,241.7,242.25,238.82,241.95,2837007
2024-03-07,HCLTech,23233.58,23347.79,22984.57,23143.54,1815808
2024-03-07,Infosys,4811.33,4825.54,4744.21,4782.85,2481645
2024-03-07,TCS,5595.48,5604.08,5557.42,5589.96,2320650
2024-03-07,Wipro,251.74,253.8,248.25,250.13,3375405
2024-03-08,HCLTech,22742.18,22982.92,22533.24,22825.85,3633716
2024-03-08,Infosys,4812.96,4869.35,4761.39,4793.55,3279078
2024-03-08,TCS,5558.9,5613.04,5507.51,5579.94,2475671
2024-03-08,Wipro,244.12,247.62,243.18,245.36,3498848
2024-03-11,HCLTech,23833.94,23914.38,23614.99,23707.23,2648122
2024-03-11,Infosys,4775.12,4848.12,4724.75,4792.93,3055145
2024-03-11,TCS,5544.98,5661.7,5507.44,5600.16,2192286
2024-03-11,Wipro,244.32,246.25,240.41,242.88,4472780
2024-03-12,HCLTech,23725.28,24001.83,23465.67,23659.68,2640862
2024-03-12,Infosys,4757.15,4788.85,4744.84,4772.29,2721942
2024-03-12,TCS,5632.23,5700.67,5621.86,5650.78,2375542
2024-03-12,Wipro,250.17,252.89,248.13,251.84,4724022
2024-03-13,HCLTech,23971.59,24136.75,23725.61,23971.32,3194057
2024-03-13,Infosys,4796.33,4883.97,4749.71,4844.65,3278943
2024-03-13,TCS,5666.47,5683.76,5645.56,5674.9,1864659
2024-03-13,Wipro,250.11,250.65,246.53,249.48,4110378
2024-03-14,HCLTech,24341.01,24432.2,24117.58,24159.06,2992781
2024-03-14,Infosys,4889.95,4930.78,4828.78,4876.96,3336661
2024-03-14,TCS,5736.63,5809.22,5675.2,5747.58,3517570
2024-03-14,Wipro,256.31,259.37,254.05,255.85,4241060
2024-03-15,HCLTech,24033.74,24403.47,23856.89,24186.65,1789212
2024-03-15,Infosys,4955.64,4960.81,4925.72,4932.62,2776445
2024-03-15,TCS,5778.3,5836.62,5742.57,5750.71,1567345
2024-03-15,Wipro,251.15,254.03,249.45,251.4,5866800
2024-03-18,HCLTech,24344.29,24554.59,24082.26,24399.25,2300250
2024-03-18,Infosys,4998.53,5041.4,4961.38,4973.61,2884615
2024-03-18,TCS,5730.51,5781.86,5678.34,5741.59,1799656
2024-03-18,Wipro,250.6,254.52,250.23,252.24,3387447
2024-03-19,HCLTech,24822.39,25203.48,24763.05,24905.51,2416445
2024-03-19,Infosys,5047.63,5064.96,4998.0,5033.33,3341681
2024-03-19,TCS,5907.69,5915.06,5866.51,5891.32,2395085
2024-03-19,Wipro,256.84,258.23,256.04,257.44,3942123
2024-03-20,HCLTech,25221.87,25267.82,25077.9,25177.65,1992635
2024-03-20,Infosys,5132.85,5192.23,5122.62,5136.17,2608916
2024-03-20,TCS,5920.27,5963.17,5884.87,5920.62,2324933
2024-03-20,Wipro,256.99,258.47,253.37,255.5,3653954
2024-03-21,HCLTech,25420.14,25539.37,25074.01,25273.29,3173841
2024-03-21,Infosys,5212.85,5278.64,5191.45,5225.22,2835857
2024-03-21,TCS,5889.96,5900.18,5849.67,5890.75,2204773
2024-03-21,Wipro,258.6,260.87,253.13,256.18,3162998
2024-03-22,HCLTech,25373.95,25786.11,25185.24,25496.46,3467026
2024-03-22,Infosys,5360.99,5438.56,5331.83,5379.61,3560631
2024-03-22,TCS,5846.98,5888.9,5825.04,5862.38,2289219
2024-03-22,Wipro,263.08,263.64,258.25,259.87,2667948
2024-03-25,HCLTech,26657.54,26819.43,25974.1,26229.25,2594513
2024-03-25,Infosys,5461.71,5516.47,5446.8,5465.46,3184781
2024-03-25,TCS,5820.06,5867.23,5772.51,5821.14,1318422
2024-03-25,Wipro,256.75,259.72,255.57,255.9,5184103
2024-03-26,HCLTech,26031.84,26232.21,25825.68,26116.52,2759998
2024-03-26,Infosys,5406.15,5443.67,5358.87,5428.39,2908711
2024-03-26,TCS,5864.66,5943.72,5814.06,5878.81,2748367
2024-03-26,Wipro,267.09,270.16,265.23,266.67,3433068
2024-03-27,HCLTech,25531.49,25726.89,25299.48,25486.4,2594139
2024-03-27,Infosys,5531.27,5558.74,5455.24,5490.63,2671224
2024-03-27,TCS,5871.1,5900.08,5856.6,5867.95,1920084
2024-03-27,Wipro,272.71,273.43,271.29,271.94,3804618
2024-03-28,HCLTech,25137.02,25345.9,24986.61,25136.69,2652074
2024-03-28,Infosys,5514.23,5593.26,5469.91,5544.48,2613024
2024-03-28,TCS,5878.74,5944.66,5848.68,5883.12,2565942
2024-03-28,Wipro,273.74,274.6,267.31,270.43,4359740
2024-03-29,HCLTech,24823.29,24873.45,24771.49,24817.67,3251276
2024-03-29,Infosys,5676.05,5706.63,5640.76,5680.75,3116777
2024-03-29,TCS,5870.72,5953.58,5816.78,5888.21,1331680
2024-03-29,Wipro,270.42,271.77,268.84,269.53,3152814
2024-04-01,HCLTech,24455.99,24645.73,24272.52,24551.13,1826518
2024-04-01,Infosys,5576.63,5671.7,5545.75,5622.16,4798547
2024-04-01,TCS,5954.22,5961.55,5882.59,5935.64,2105306
2024-04-01,Wipro,279.37,281.03,278.57,279.21,3385194
2024-04-02,HCLTech,24426.63,24534.08,24233.02,24299.19,2865469
2024-04-02,Infosys,5674.03,5700.68,5630.61,5666.97,3583385
2024-04-02,TCS,5907.02,5928.48,5857.84,5899.08,1786836
2024-04-02,Wipro,277.2,279.31,275.53,277.68,3982641
2024-04-03,HCLTech,24227.11,24418.8,23937.49,24328.69,2606171
2024-04-03,Infosys,5627.78,5644.47,5566.47,5627.84,2451200
2024-04-03,TCS,5842.44,5902.23,5786.62,5850.7,2242454
2024-04-03,Wipro,275.3,277.94,273.39,275.58,3664302
2024-04-04,HCLTech,24239.85,24578.3,24194.68,24450.87,2254249
2024-04-04,Infosys,5661.12,5707.6,5630.8,5669.61,3686192
2024-04-04,TCS,5873.69,5928.46,5858.18,5871.0,2130935
2024-04-04,Wipro,282.26,284.01,279.07,281.58,3099110
2024-04-05,HCLTech,24435.29,24685.03,24390.5,24570.0,2351000
2024-04-05,Infosys,5639.94,5710.48,5594.45,5662.08,2749374
2024-04-05,TCS,5909.82,5942.81,5896.23,5911.39,2151911
2024-04-05,Wipro,273.52,275.65,272.14,274.81,4516474
2024-04-08,HCLTech,24530.87,24752.76,24122.44,24357.75,3750861
2024-04-08,Infosys,5701.92,5740.06,5643.85,5701.86,3196892
2024-04-08,TCS,5921.49,5986.53,5872.74,5937.69,1618271
2024-04-08,Wipro,273.59,275.74,270.62,274.67,3645331
2024-04-09,HCLTech,24889.38,25078.24,24685.07,24737.34,1993738
2024-04-09,Infosys,5600.36,5658.43,5556.5,5613.18,2844475
2024-04-09,TCS,5904.45,5950.12,5852.22,5903.14,1977341
2024-04-09,Wipro,275.23,276.86,273.14,275.34,4110910
2024-04-10,HCLTech,24717.47,25104.58,24582.61,24961.77,2513811
2024-04-10,Infosys,5670.69,5706.97,5650.92,5673.95,4795614
2024-04-10,TCS,5936.24,6002.21,5877.11,5947.86,1929216
2024-04-10,Wipro,271.34,273.94,270.93,272.12,4045806
2024-04-11,HCLTech,25662.25,25744.37,25273.8,25560.13,3601710
2024-04-11,Infosys,5742.13,5797.03,5681.78,5695.11,2550601
2024-04-11,TCS,5899.16,5969.44,5881.52,5916.75,2208269
2024-04-11,Wipro,265.79,268.75,264.43,264.79,4856009
2024-04-12,HCLTech,25654.71,26050.83,25406.71,25905.07,2016746
2024-04-12,Infosys,5716.79,5763.38,5669.82,5712.66,3407140
2024-04-12,TCS,5867.52,5909.05,5828.29,5897.59,2437582
2024-04-12,Wipro,266.49,267.04,263.73,265.36,4292666
2024-04-15,HCLTech,25815.15,25895.67,25723.21,25818.59,2373292
2024-04-15,Infosys,5868.36,5911.32,5802.54,5855.24,2790124
2024-04-15,TCS,5849.57,5872.23,5801.2,5856.18,2061105
2024-04-15,Wipro,269.36,272.01,267.34,268.91,3366167
2024-04-16,HCLTech,26180.19,26637.75,26081.72,26335.59,2622094
2024-04-16,Infosys,5824.34,5869.5,5769.27,5835.72,3709571
2024-04-16,TCS,5944.36,5958.98,5913.22,5933.75,1549469
2024-04-16,Wipro,266.7,267.88,264.29,265.88,5046705
2024-04-17,HCLTech,26593.45,26670.87,26278.65,26477.62,2823687
2024-04-17,Infosys,5847.76,5907.5,5797.28,5867.05,3393431
2024-04-17,TCS,5963.27,6043.61,5923.39,5976.33,2043497
2024-04-17,Wipro,260.72,263.07,260.11,260.53,3638742
2024-04-18,HCLTech,26889.54,27170.41,26646.25,26816.56,2558571
2024-04-18,Infosys,5880.89,5890.63,5874.78,5881.45,4112624
2024-04-18,TCS,6065.64,6132.66,5969.39,6017.66,3371515
2024-04-18,Wipro,260.43,267.75,260.02,266.73,3399141
2024-04-19,HCLTech,27260.86,27472.71,27068.35,27130.32,2173717
2024-04-19,Infosys,5965.2,6014.92,5846.65,5902.8,3694238
2024-04-19,TCS,6111.43,6171.15,6073.93,6094.4,2779714
2024-04-19,Wipro,268.03,270.93,267.59,269.52,3299891
2024-04-22,HCLTech,27085.8,27394.07,27011.45,27125.02,2843375
2024-04-22,Infosys,6062.52,6089.56,6016.14,6069.85,2785546
2024-04-22,TCS,6285.45,6299.81,6227.56,6259.68,1103257
2024-04-22,Wipro,269.2,270.79,265.57,268.01,2503258
2024-04-23,HCLTech,27180.72,27499.34,26913.48,27206.22,2548209
2024-04-23,Infosys,6091.29,6155.02,6009.86,6082.05,5733873
2024-04-23,TCS,6188.51,6233.79,6152.17,6173.03,2025498
2024-04-23,Wipro,271.29,275.25,269.23,272.73,3541672
2024-04-24,HCLTech,26999.04,27465.84,26869.64,27198.11,2947810
2024-04-24,Infosys,6027.29,6108.39,5970.57,6048.29,3575968
2024-04-24,TCS,6176.93,6195.83,6073.85,6140.99,2409865
2024-04-24,Wipro,275.64,276.42,273.48,274.16,4330253
2024-04-25,HCLTech,26781.08,27118.05,26518.92,26916.65,3127550
2024-04-25,Infosys,6122.03,6235.45,6086.94,6193.29,2866289
2024-04-25,TCS,6100.68,6146.72,6078.69,6115.82,1928382
2024-04-25,Wipro,285.02,286.39,281.76,283.39,3046278
2024-04-26,HCLTech,26282.51,26385.98,26079.85,26160.64,1931435
2024-04-26,Infosys,6157.63,6241.84,6105.68,6178.1,3334287
2024-04-26,TCS,6029.06,6101.83,6015.02,6077.89,1824177
2024-04-26,Wipro,286.57,289.01,283.31,287.05,5629466
2024-04-29,HCLTech,25994.26,26208.97,25750.48,25947.52,3196758
2024-04-29,Infosys,6128.69,6180.04,6020.53,6067.71,3630308
2024-04-29,TCS,6019.4,6088.86,6011.06,6027.87,1896015
2024-04-29,Wipro,279.17,282.51,278.67,280.21,2555273
2024-04-30,HCLTech,26073.16,26100.62,25888.98,26059.83,2470907
2024-04-30,Infosys,6036.49,6051.91,5993.04,6021.41,3602794
2024-04-30,TCS,6030.83,6046.45,6011.24,6020.24,2233533
2024-04-30,Wipro,277.16,277.67,276.29,277.15,3420051
2024-05-01,HCLTech,26663.75,26801.12,26377.72,26499.36,3066551
2024-05-01,Infosys,5980.37,6035.08,5898.5,5939.29,3533738
2024-05-01,TCS,5966.03,6014.4,5944.65,5963.18,1589553
2024-05-01,Wipro,274.28,274.92,272.83,274.36,2970666
2024-05-02,HCLTech,26666.74,27117.29,26461.56,26837.17,2869925
2024-05-02,Infosys,5811.01,5889.06,5792.13,5819.5,3882375
2024-05-02,TCS,5994.91,6065.79,5943.65,5989.71,2536752
2024-05-02,Wipro,277.22,279.69,275.14,276.13,4806210
2024-05-03,HCLTech,26867.62,27066.06,26709.53,26772.98,3767184
2024-05-03,Infosys,5744.13,5809.69,5732.84,5801.28,3806785
2024-05-03,TCS,6026.04,6077.61,5993.85,6001.02,1977727
2024-05-03,Wipro,270.84,276.25,270.1,274.87,4557587
2024-05-06,HCLTech,26406.46,26662.17,26131.27,26559.47,2603254
2024-05-06,Infosys,5776.48,5824.88,5724.13,5803.44,2701041
2024-05-06,TCS,6042.86,6054.17,6010.52,6035.59,1658879
2024-05-06,Wipro,268.33,270.34,265.19,269.58,3792731
2024-05-07,HCLTech,26725.58,27014.59,26289.25,26532.74,2398511
2024-05-07,Infosys,5903.21,5947.93,5862.58,5893.37,4878128
2024-05-07,TCS,6087.1,6153.97,6061.84,6071.8,2504319
2024-05-07,Wipro,270.95,273.75,268.4,272.69,3009997
2024-05-08,HCLTech,26282.52,26313.22,26103.54,26212.5,2346484
2024-05-08,Infosys,5951.16,5984.29,5889.86,5945.22,4744226
2024-05-08,TCS,6095.37,6162.79,6062.21,6113.43,1468323
2024-05-08,Wipro,273.5,279.98,271.04,277.88,3147478
2024-05-09,HCLTech,25606.61,25880.91,25297.75,25485.88,2112965
2024-05-09,Infosys,5993.96,6042.26,5955.77,5994.22,3755959
2024-05-09,TCS,6080.45,6138.2,6071.13,6101.47,1789802
2024-05-09,Wipro,276.74,280.79,273.62,277.6,4205073
2024-05-10,HCLTech,24892.12,25211.49,24620.2,24977.85,3056076
2024-05-10,Infosys,5924.21,5981.66,5865.52,5937.42,3224861
2024-05-10,TCS,6259.51,6311.19,6179.92,6227.76,1783918
2024-05-10,Wipro,276.26,281.41,275.42,278.89,3494067
2024-05-13,HCLTech,25775.38,25842.65,25357.28,25501.25,2085956
2024-05-13,Infosys,6031.72,6090.03,5953.07,6007.96,3235967
2024-05-13,TCS,6251.59,6318.29,6196.03,6249.61,3070792
2024-05-13,Wipro,273.63,276.98,270.68,274.3,3574716
2024-05-14,HCLTech,26469.9,26514.68,26080.97,26211.95,3050718
2024-05-14,Infosys,6103.49,6127.24,6046.08,6116.35,2999356
2024-05-14,TCS,6142.18,6192.7,6086.62,6154.25,1743933
2024-05-14,Wipro,271.13,274.05,267.92,271.96,3941428
2024-05-15,HCLTech,26585.33,26890.09,26269.64,26529.32,2486340
2024-05-15,Infosys,6160.6,6196.62,6117.43,6152.64,3077981
2024-05-15,TCS,6095.46,6149.2,6074.32,6107.4,1299726
2024-05-15,Wipro,270.61,271.98,267.83,269.84,3683189
2024-05-16,HCLTech,26700.15,26746.54,26519.94,26546.83,1827349
2024-05-16,Infosys,6196.26,6261.08,6119.53,6191.18,2066370
2024-05-16,TCS,6008.44,6056.73,5945.03,6020.74,1780304
2024-05-16,Wipro,272.36,275.95,269.38,272.79,2818945
2024-05-17,HCLTech,26033.84,26377.72,25811.25,26072.38,3501410
2024-05-17,Infosys,6095.61,6135.52,6062.34,6105.05,4345772
2024-05-17,TCS,6016.47,6040.77,5964.77,6029.92,2190779
2024-05-17,Wipro,271.37,274.79,268.66,274.27,3065208
2024-05-20,HCLTech,25890.25,26198.26,25802.9,26051.67,1323589
2024-05-20,Infosys,6167.11,6230.47,6107.13,6189.98,4049694
2024-05-20,TCS,6007.19,6089.77,5997.44,6031.52,2339562
2024-05-20,Wipro,273.47,276.17,271.64,272.87,3080090
2024-05-21,HCLTech,26416.84,26545.98,26086.76,26314.03,2557831
2024-05-21,Infosys,6319.63,6338.82,6279.28,6330.98,2288309
2024-05-21,TCS,5985.93,6028.66,5950.92,6014.29,3153317
2024-05-21,Wipro,275.45,276.51,270.02,271.28,3458331
2024-05-22,HCLTech,26540.27,26877.39,26385.89,26660.1,2724549
2024-05-22,Infosys,6413.13,6435.36,6340.05,6362.86,3823431
2024-05-22,TCS,6128.62,6165.13,6070.73,6132.38,2649912
2024-05-22,Wipro,263.83,265.86,259.84,262.05,4072728
2024-05-23,HCLTech,27130.85,27306.02,26924.25,26957.23,1639353
2024-05-23,Infosys,6354.47,6393.24,6274.77,6324.85,3195066
2024-05-23,TCS,6159.51,6203.45,6132.28,6171.02,2076599
2024-05-23,Wipro,271.11,274.31,268.04,269.95,4039317
2024-05-24,HCLTech,27598.26,27744.27,27165.41,27456.92,2839881
2024-05-24,Infosys,6346.87,6381.07,6280.79,6319.72,3075112
2024-05-24,TCS,6241.5,6266.96,6187.44,6219.77,1673411
2024-05-24,Wipro,259.89,262.88,258.52,260.21,5071382
2024-05-27,HCLTech,28286.85,28514.33,28056.15,28254.27,2274030
2024-05-27,Infosys,6274.24,6350.78,6249.74,6295.0,3531487
2024-05-27,TCS,6181.75,6215.3,6127.09,6176.04,2767522
2024-05-27,Wipro,261.58,265.11,261.19,262.39,3018889
2024-05-28,HCLTech,28159.08,28295.67,28009.17,28134.35,2473929
2024-05-28,Infosys,6237.06,6323.34,6204.58,6274.83,2258257
2024-05-28,TCS,6133.95,6181.78,6118.95,6128.82,1857877
2024-05-28,Wipro,261.85,265.41,261.52,262.77,4252799
2024-05-29,HCLTech,29444.95,29485.52,29046.53,29302.56,3401149
2024-05-29,Infosys,6360.06,6428.0,6313.36,6330.83,3192808
2024-05-29,TCS,6124.53,6166.05,6053.26,6138.88,1753328
2024-05-29,Wipro,262.11,263.68,261.17,261.72,3417717
2024-05-30,HCLTech,28563.84,28851.51,28341.3,28525.44,2675283
2024-05-30,Infosys,6383.31,6449.71,6283.69,6359.1,3251274
2024-05-30,TCS,6154.1,6174.29,6136.14,6156.45,1839939
2024-05-30,Wipro,260.01,263.27,258.59,261.87,5938153
2024-05-31,HCLTech,28199.67,28443.82,28160.62,28255.61,2423950
2024-05-31,Infosys,6446.92,6470.47,6391.17,6443.2,3251903
2024-05-31,TCS,6069.18,6133.29,6054.44,6062.28,1556888
2024-05-31,Wipro,259.32,261.06,258.62,258.96,3916167
2024-06-03,HCLTech,28164.27,28616.76,27934.65,28374.06,2512854
2024-06-03,Infosys,6468.88,6486.69,6450.06,6478.96,2434284
2024-06-03,TCS,6073.91,6144.85,6053.81,6060.22,1822379
2024-06-03,Wipro,261.12,263.3,260.43,262.21,3575031
2024-06-04,HCLTech,28767.16,28977.94,28298.32,28632.31,3708888
2024-06-04,Infosys,6379.67,6485.77,6319.63,6419.02,3499198
2024-06-04,TCS,6066.92,6105.4,6034.19,6068.72,1908896
2024-06-04,Wipro,253.52,257.88,250.57,256.27,4225572
2024-06-05,HCLTech,28650.01,28872.22,28500.18,28598.61,2819146
2024-06-05,Infosys,6410.68,6440.29,6338.69,6387.36,3955526
2024-06-05,TCS,6085.3,6113.27,5999.59,6064.64,2314696
2024-06-05,Wipro,256.87,258.59,255.34,257.97,4160799
2024-06-06,HCLTech,28825.94,28924.19,28140.94,28439.33,2178766
2024-06-06,Infosys,6382.79,6413.54,6294.24,6351.07,3471605
2024-06-06,TCS,6028.13,6037.3,5967.59,6027.98,1850636
2024-06-06,Wipro,257.04,259.82,252.15,255.02,3707305
2024-06-07,HCLTech,29355.66,29700.79,29125.78,29369.46,2358080
2024-06-07,Infosys,6325.44,6360.9,6278.44,6343.51,3056630
2024-06-07,TCS,6021.27,6029.74,5939.99,6006.26,1552172
2024-06-07,Wipro,253.47,255.77,252.47,253.25,4504519
2024-06-10,HCLTech,29229.03,29402.21,29131.61,29185.8,2049297
2024-06-10,Infosys,6467.58,6544.27,6456.81,6488.33,5479199
2024-06-10,TCS,5994.86,6036.07,5953.67,6004.12,1451202
2024-06-10,Wipro,246.04,252.03,244.82,251.6,5410657
2024-06-11,HCLTech,28856.42,29177.33,28550.28,28810.43,2375408
2024-06-11,Infosys,6683.9,6711.18,6627.64,6649.15,2659759
2024-06-11,TCS,5982.15,6083.98,5946.64,6016.4,2085609
2024-06-11,Wipro,249.96,253.1,247.87,251.03,4806305
2024-06-12,HCLTech,29633.75,29926.41,29366.41,29539.4,3586189
2024-06-12,Infosys,6704.97,6742.86,6641.57,6723.07,3735348
2024-06-12,TCS,6061.72,6116.51,6024.84,6056.6,2029262
2024-06-12,Wipro,254.92,257.3,250.46,253.47,3882639
2024-06-13,HCLTech,29790.25,30198.74,29500.36,29931.73,2514929
2024-06-13,Infosys,6789.98,6834.37,6676.77,6739.43,3359545
2024-06-13,TCS,6137.19,6166.91,6113.93,6123.18,1790123
2024-06-13,Wipro,253.0,256.13,250.8,253.48,5706620
2024-06-14,HCLTech,30421.87,30617.85,30178.7,30433.39,1989948
2024-06-14,Infosys,6633.77,6698.23,6572.12,6636.81,4785609
2024-06-14,TCS,6125.38,6196.73,6047.0,6114.29,1821491
2024-06-14,Wipro,258.79,259.99,255.12,257.94,4404892
2024-06-17,HCLTech,30680.35,30718.67,30524.68,30556.18,2834022
2024-06-17,Infosys,6650.1,6687.32,6642.34,6660.91,3457344
2024-06-17,TCS,6104.57,6139.46,6057.08,6096.45,2161591
2024-06-17,Wipro,262.35,265.09,261.94,263.0,3211538
2024-06-18,HCLTech,29962.48,30145.45,29890.89,30011.38,2403667
2024-06-18,Infosys,6605.74,6664.81,6539.39,6604.49,3608823
2024-06-18,TCS,6120.98,6152.49,6084.22,6127.7,2641260
2024-06-18,Wipro,264.94,266.01,263.48,264.63,4044170
2024-06-19,HCLTech,30201.62,30452.7,29938.19,30084.91,2908953
2024-06-19,Infosys,6730.53,6782.47,6691.29,6741.47,3540592
2024-06-19,TCS,6152.99,6203.75,6111.97,6168.65,1711068
2024-06-19,Wipro,268.13,270.9,265.2,268.07,3830301
2024-06-20,HCLTech,29504.93,29641.75,29305.14,29490.95,2476959
2024-06-20,Infosys,6650.46,6686.65,6561.95,6619.08,2589555
2024-06-20,TCS,6162.37,6182.87,6091.78,6151.67,2035879
2024-06-20,Wipro,277.06,281.14,275.18,278.19,3589509
2024-06-21,HCLTech,29686.27,29748.32,29294.45,29627.87,3471426
2024-06-21,Infosys,6680.75,6713.85,6629.36,6655.94,2689552
2024-06-21,TCS,6210.99,6277.71,6181.13,6202.65,2422502
2024-06-21,Wipro,272.34,272.84,270.58,271.36,4259571
2024-06-24,HCLTech,30106.22,30307.79,29636.27,29936.88,2167083
2024-06-24,Infosys,6622.79,6640.02,6530.2,6592.59,3028347
2024-06-24,TCS,6253.58,6295.79,6198.49,6264.64,1712448
2024-06-24,Wipro,279.51,280.67,276.03,276.83,2746952
2024-06-25,HCLTech,30394.13,30510.14,30095.73,30428.01,2059532
2024-06-25,Infosys,6603.0,6633.76,6520.0,6597.88,3875316
2024-06-25,TCS,6367.18,6419.64,6289.02,6344.97,1993756
2024-06-25,Wipro,285.48,286.09,282.13,284.79,5511951
2024-06-26,HCLTech,30209.63,30558.22,30000.11,30425.31,3136261
2024-06-26,Infosys,6644.1,6727.89,6618.93,6656.85,3352713
2024-06-26,TCS,6436.54,6488.54,6369.95,6454.47,1984859
2024-06-26,Wipro,287.37,288.92,286.4,287.18,4520767
2024-06-27,HCLTech,30742.17,30983.05,30680.03,30782.32,1741593
2024-06-27,Infosys,6744.75,6759.33,6679.82,6745.01,3070387
2024-06-27,TCS,6399.56,6481.34,6392.55,6411.33,1538623
2024-06-27,Wipro,295.78,297.67,293.87,297.36,2767697
2024-06-28,HCLTech,30308.31,30500.51,30029.35,30431.16,2512114
2024-06-28,Infosys,6733.98,6823.89,6682.44,6746.03,4210539
2024-06-28,TCS,6452.24,6504.28,6400.61,6419.06,2068548
2024-06-28,Wipro,308.99,311.96,306.25,307.17,4510063
2024-07-01,HCLTech,30561.83,30950.93,30502.17,30881.83,3051503
2024-07-01,Infosys,6855.95,6870.91,6786.57,6813.85,2152575
2024-07-01,TCS,6444.18,6485.24,6386.85,6426.58,2012657
2024-07-01,Wipro,304.49,307.22,303.48,305.47,4370807
2024-07-02,HCLTech,31194.59,31314.24,31132.02,31210.9,1676372
2024-07-02,Infosys,6794.22,6828.07,6737.01,6765.68,2469428
2024-07-02,TCS,6420.44,6443.46,6353.95,6427.69,2234827
2024-07-02,Wipro,305.27,307.37,302.56,304.19,5362091
2024-07-03,HCLTech,30928.62,31160.89,30780.88,30898.48,2633832
2024-07-03,Infosys,6788.76,6843.45,6727.33,6791.37,1942218
2024-07-03,TCS,6402.7,6472.62,6322.6,6396.91,1577387
2024-07-03,Wipro,308.74,311.57,306.56,307.26,5646877
2024-07-04,HCLTech,31320.22,31673.05,30816.53,31163.95,1927688
2024-07-04,Infosys,6852.53,6949.53,6824.25,6879.25,4074764
2024-07-04,TCS,6321.53,6365.88,6270.79,6318.45,2003992
2024-07-04,Wipro,305.87,308.58,301.47,303.98,5840410
2024-07-05,HCLTech,31502.06,31793.39,31210.69,31678.42,1797762
2024-07-05,Infosys,6957.24,6975.19,6901.82,6912.36,3138690
2024-07-05,TCS,6275.65,6356.34,6254.73,6330.16,2636609
2024-07-05,Wipro,321.36,322.79,318.43,319.33,3783829
2024-07-08,HCLTech,31762.13,32045.39,31689.84,31748.36,2100810
2024-07-08,Infosys,6878.07,6895.62,6801.16,6874.12,3882227
2024-07-08,TCS,6274.91,6359.92,6255.9,6292.86,3030256
2024-07-08,Wipro,326.03,329.16,321.04,324.04,4456918
2024-07-09,HCLTech,31593.29,31690.7,31070.13,31419.13,2506363
2024-07-09,Infosys,6852.82,6910.82,6801.57,6856.57,3130833
2024-07-09,TCS,6302.96,6314.05,6252.33,6303.97,2583572
2024-07-09,Wipro,321.9,327.07,319.73,324.46,3633578
2024-07-10,HCLTech,31442.73,31783.35,31140.34,31531.39,2257676
2024-07-10,Infosys,6991.4,7020.91,6881.15,6946.05,3926653
2024-07-10,TCS,6258.17,6293.12,6237.46,6265.21,1580486
2024-07-10,Wipro,314.75,317.54,313.24,316.46,4864579
2024-07-11,HCLTech,31893.75,31973.96,31567.03,31810.06,3244381
2024-07-11,Infosys,6846.2,6916.38,6793.92,6860.88,3119898
2024-07-11,TCS,6214.33,6257.24,6165.51,6209.5,2188809
2024-07-11,Wipro,315.29,318.45,312.85,318.03,2596085
2024-07-12,HCLTech,31723.02,32049.74,31400.2,31475.63,2643195
2024-07-12,Infosys,6779.58,6856.73,6734.29,6788.67,3473397
2024-07-12,TCS,6250.73,6280.34,6165.1,6228.53,1815784
2024-07-12,Wipro,308.63,314.34,306.94,311.44,3099416
2024-07-15,HCLTech,30784.73,31351.76,30645.54,31066.95,2357779
2024-07-15,Infosys,6836.27,6855.53,6771.53,6842.9,3373171
2024-07-15,TCS,6236.52,6281.82,6203.55,6242.84,2116846
2024-07-15,Wipro,318.9,319.8,315.25,315.85,3667535
2024-07-16,HCLTech,31368.6,31634.86,31191.78,31326.72,2000767
2024-07-16,Infosys,6774.3,6881.96,6765.13,6811.87,3423598
2024-07-16,TCS,6260.39,6305.82,6228.06,6281.28,1713784
2024-07-16,Wipro,300.18,302.73,298.86,302.05,3952118
2024-07-17,HCLTech,31903.2,31940.25,31466.87,31721.93,2719187
2024-07-17,Infosys,6707.77,6717.25,6669.2,6698.88,4482129
2024-07-17,TCS,6418.47,6434.07,6402.95,6411.91,1419709
2024-07-17,Wipro,307.59,311.53,305.51,309.78,4132941
2024-07-18,HCLTech,32667.58,33057.56,32423.66,32723.76,3924705
2024-07-18,Infosys,6791.31,6887.27,6737.65,6813.09,2312353
2024-07-18,TCS,6427.08,6442.74,6402.69,6433.69,1866833
2024-07-18,Wipro,307.43,310.96,306.77,307.53,5161179
2024-07-19,HCLTech,33288.09,33376.61,32928.77,33062.66,2259013
2024-07-19,Infosys,6712.27,6807.31,6635.86,6728.38,3156532
2024-07-19,TCS,6464.37,6485.23,6408.26,6467.55,2310970
2024-07-19,Wipro,297.01,301.07,294.32,298.41,3512329
2024-07-22,HCLTech,32640.5,32864.69,32395.33,32539.22,2312666
2024-07-22,Infosys,6696.94,6772.82,6661.25,6716.78,3329253
2024-07-22,TCS,6404.81,6484.31,6373.01,6410.7,2118582
2024-07-22,Wipro,302.7,305.66,296.95,298.42,3089052
2024-07-23,HCLTech,33805.65,34128.26,33289.18,33513.82,2103007
2024-07-23,Infosys,6654.97,6750.3,6576.92,6671.4,3231053
2024-07-23,TCS,6387.24,6434.06,6324.91,6342.3,2167851
2024-07-23,Wipro,298.09,299.78,297.12,298.6,3701674
2024-07-24,HCLTech,34141.8,34413.18,33693.86,34044.5,3294806
2024-07-24,Infosys,6628.48,6718.67,6566.78,6651.87,2955221
2024-07-24,TCS,6393.42,6479.77,6379.59,6438.7,2088439
2024-07-24,Wipro,299.18,302.23,298.02,298.34,3543386
2024-07-25,HCLTech,33434.85,33769.51,33053.58,33132.72,3129623
2024-07-25,Infosys,6592.6,6602.41,6544.05,6585.76,2875445
2024-07-25,TCS,6382.88,6424.1,6369.82,6390.69,2168536
2024-07-25,Wipro,304.43,307.63,303.84,305.93,4467979
2024-07-26,HCLTech,32736.14,33024.13,32394.41,32688.05,2377993
2024-07-26,Infosys,6642.18,6653.45,6604.18,6646.52,4345556
2024-07-26,TCS,6336.0,6391.78,6283.72,6336.07,2223426
2024-07-26,Wipro,304.9,311.74,303.8,308.11,5426501
2024-07-29,HCLTech,32275.99,32795.77,31890.21,32493.04,2306433
2024-07-29,Infosys,6660.69,6668.87,6643.21,6659.35,3155057
2024-07-29,TCS,6323.32,6355.09,6274.39,6338.9,1893090
2024-07-29,Wipro,311.2,314.91,309.64,312.64,5329704
2024-07-30,HCLTech,32804.02,33046.65,32500.68,32905.6,2152738
2024-07-30,Infosys,6809.34,6850.0,6689.98,6742.35,5210835
2024-07-30,TCS,6356.72,6382.38,6296.23,6338.72,2033432
2024-07-30,Wipro,309.91,313.7,309.08,311.31,4973793
2024-07-31,HCLTech,32014.53,32180.05,31668.59,31855.18,2453827
2024-07-31,Infosys,6692.68,6749.68,6682.14,6697.06,3556602
2024-07-31,TCS,6308.42,6360.25,6251.36,6292.28,2834310
2024-07-31,Wipro,312.35,317.26,310.17,313.78,3569351
2024-08-01,HCLTech,31985.44,32193.86,31541.3,31829.3,3188298
2024-08-01,Infosys,6891.99,6935.39,6835.18,6874.5,3019887
2024-08-01,TCS,6278.83,6319.15,6261.98,6279.78,2057627
2024-08-01,Wipro,303.47,310.05,302.52,306.54,3872677
2024-08-02,HCLTech,32157.34,32446.18,31820.73,32206.32,2621682
2024-08-02,Infosys,6743.12,6800.09,6698.5,6722.8,3574004
2024-08-02,TCS,6348.93,6414.53,6307.62,6354.35,2017098
2024-08-02,Wipro,308.29,308.66,304.49,308.03,4354529
2024-08-05,HCLTech,31254.15,31523.2,30686.19,30979.05,3363697
2024-08-05,Infosys,6597.86,6638.84,6521.86,6599.6,3270482
2024-08-05,TCS,6310.78,6381.61,6300.31,6313.0,2041580
2024-08-05,Wipro,303.26,304.99,301.08,303.91,3428659
2024-08-06,HCLTech,31275.74,31552.84,31240.08,31330.04,2251235
2024-08-06,Infosys,6751.11,6761.03,6709.67,6743.35,4185183
2024-08-06,TCS,6236.69,6301.5,6166.94,6238.75,1914708
2024-08-06,Wipro,308.25,313.68,305.24,311.26,3493139
2024-08-07,HCLTech,31809.83,32090.23,31660.26,31737.9,1637168
2024-08-07,Infosys,6785.79,6809.45,6741.89,6785.2,2533511
2024-08-07,TCS,6294.74,6315.34,6284.42,6296.29,1833223
2024-08-07,Wipro,311.94,312.26,309.97,311.73,4311081
2024-08-08,HCLTech,31455.35,31538.96,31320.1,31388.48,4377941
2024-08-08,Infosys,6822.14,6903.45,6781.37,6816.34,2232034
2024-08-08,TCS,6324.82,6341.26,6289.03,6328.57,2085237
2024-08-08,Wipro,317.03,318.46,314.49,315.52,3044717
2024-08-09,HCLTech,30708.63,31074.57,30667.17,30909.48,2714012
2024-08-09,Infosys,6838.05,6887.85,6820.89,6854.91,3439571
2024-08-09,TCS,6302.54,6320.59,6291.19,6297.53,1807607
2024-08-09,Wipro,319.45,320.46,315.16,317.05,4976940
2024-08-12,HCLTech,30545.06,30899.2,30274.44,30561.6,3038052
2024-08-12,Infosys,6890.87,6936.77,6857.26,6905.19,3782140
2024-08-12,TCS,6227.3,6287.2,6152.61,6212.55,1942632
2024-08-12,Wipro,322.6,329.77,320.81,327.56,3691340
2024-08-13,HCLTech,29806.83,29907.77,29345.08,29461.19,2221112
2024-08-13,Infosys,6933.61,6952.2,6866.78,6933.12,3388312
2024-08-13,TCS,6151.11,6243.24,6133.72,6175.0,1707523
2024-08-13,Wipro,317.05,320.93,314.56,318.51,4456684
2024-08-14,HCLTech,29215.88,29423.94,28954.65,29348.21,1979813
2024-08-14,Infosys,6799.58,6937.43,6746.32,6856.13,3660668
2024-08-14,TCS,6155.41,6244.86,6086.63,6175.81,2043674
2024-08-14,Wipro,315.15,318.86,311.68,317.89,4168921
2024-08-15,HCLTech,29549.86,29821.51,29214.17,29459.48,2681727
2024-08-15,Infosys,6970.28,6994.92,6886.36,6926.62,3554584
2024-08-15,TCS,6210.45,6271.48,6201.24,6244.75,2247876
2024-08-15,Wipro,311.18,314.61,310.05,312.46,5140407
2024-08-16,HCLTech,28817.53,29071.96,28622.73,28981.0,1745730
2024-08-16,Infosys,7048.19,7105.38,6914.48,6984.51,2379929
2024-08-16,TCS,6207.37,6270.95,6128.37,6190.45,1917005
2024-08-16,Wipro,303.8,305.43,300.53,301.15,2613415
2024-08-19,HCLTech,29264.05,29575.48,29215.56,29398.1,2464771
2024-08-19,Infosys,7113.06,7123.46,7100.54,7107.97,3385151
2024-08-19,TCS,6194.22,6236.95,6138.44,6189.33,1338395
2024-08-19,Wipro,294.31,299.18,291.7,295.66,5146838
2024-08-20,HCLTech,29256.51,29720.1,29129.0,29459.97,3189849
2024-08-20,Infosys,7283.04,7295.65,7189.42,7262.72,4164128
2024-08-20,TCS,6240.51,6303.23,6207.24,6230.58,2250655
2024-08-20,Wipro,301.06,302.48,300.76,301.97,5123900
2024-08-21,HCLTech,29723.43,29911.68,29548.27,29586.69,2843983
2024-08-21,Infosys,7327.34,7392.43,7282.07,7294.14,3311840
2024-08-21,TCS,6074.43,6144.75,6054.83,6101.84,2048655
2024-08-21,Wipro,300.23,304.9,297.31,301.8,4231429
2024-08-22,HCLTech,29313.97,29760.78,28991.22,29439.4,2735985
2024-08-22,Infosys,7150.02,7247.33,7074.42,7189.91,2462455
2024-08-22,TCS,6196.94,6213.08,6131.78,6162.19,1639679
2024-08-22,Wipro,303.7,307.35,297.9,300.61,4439563
2024-08-23,HCLTech,29951.23,30270.5,29634.97,29765.79,3684958
2024-08-23,Infosys,7375.55,7438.11,7262.93,7346.85,2993308
2024-08-23,TCS,6088.46,6111.57,6026.89,6100.15,2334508
2024-08-23,Wipro,300.43,306.93,297.4,304.81,4506720
2024-08-26,HCLTech,30248.08,30525.05,30186.24,30326.94,2802690
2024-08-26,Infosys,7246.89,7285.58,7174.34,7259.88,3576920
2024-08-26,TCS,6124.76,6195.38,6057.35,6121.52,1512043
2024-08-26,Wipro,304.37,308.03,303.76,305.44,3340351
2024-08-27,HCLTech,30191.27,30540.56,30141.33,30172.34,1776466
2024-08-27,Infosys,7362.02,7449.14,7282.66,7291.53,4582647
2024-08-27,TCS,6154.7,6189.68,6120.18,6138.16,2465090
2024-08-27,Wipro,307.13,309.55,306.13,308.81,4043547
2024-08-28,HCLTech,30574.79,30703.5,30277.46,30513.22,2523627
2024-08-28,Infosys,7265.39,7323.07,7216.07,7271.13,2163833
2024-08-28,TCS,6182.09,6231.46,6151.88,6201.34,1977184
2024-08-28,Wipro,307.24,312.1,305.07,310.59,4779317
2024-08-29,HCLTech,30618.73,30972.54,30378.97,30862.28,3821240
2024-08-29,Infosys,7263.23,7347.96,7162.38,7235.58,3439744
2024-08-29,TCS,6224.35,6265.75,6201.87,6235.07,1270453
2024-08-29,Wipro,315.79,316.74,312.17,313.61,2797624
2024-08-30,HCLTech,31091.5,31351.82,30689.5,31060.49,2443970
2024-08-30,Infosys,7298.62,7324.58,7247.56,7304.09,2655702
2024-08-30,TCS,6109.29,6140.87,6091.5,6105.85,2072619
2024-08-30,Wipro,307.54,313.36,304.37,311.05,4395145
2024-09-02,HCLTech,31870.09,32102.76,31682.67,31815.49,3774736
2024-09-02,Infosys,7395.21,7435.55,7290.95,7327.29,3542016
2024-09-02,TCS,6120.37,6190.11,6016.33,6065.53,1843947
2024-09-02,Wipro,316.02,320.53,314.11,316.93,4070261
2024-09-03,HCLTech,31686.55,31805.76,31462.41,31510.04,3190699
2024-09-03,Infosys,7358.36,7408.81,7312.9,7374.21,3599219
2024-09-03,TCS,6081.42,6091.69,6046.46,6075.65,1789215
2024-09-03,Wipro,309.9,310.47,308.13,310.05,4534724
2024-09-04,HCLTech,31193.6,31499.89,30894.98,31340.61,2396037
2024-09-04,Infosys,7339.74,7408.04,7290.13,7303.91,3054211
2024-09-04,TCS,6098.27,6112.35,6046.38,6067.49,1725646
2024-09-04,Wipro,308.07,311.52,307.14,309.53,3101578
2024-09-05,HCLTech,30893.01,31127.46,30758.61,31016.93,2094703
2024-09-05,Infosys,7309.32,7376.73,7243.01,7290.1,3630864
2024-09-05,TCS,6119.23,6178.51,6031.87,6096.04,1949755
2024-09-05,Wipro,312.23,318.48,309.98,315.66,3447203
2024-09-06,HCLTech,31449.96,31563.39,31203.12,31348.49,2782890
2024-09-06,Infosys,7236.69,7282.65,7214.97,7224.41,4019389
2024-09-06,TCS,6148.97,6192.28,6085.15,6141.85,1815043
2024-09-06,Wipro,314.39,316.53,312.88,314.73,3025471
2024-09-09,HCLTech,31460.75,31619.41,30900.55,31243.77,3352181
2024-09-09,Infosys,7215.32,7223.82,7150.11,7208.39,3096388
2024-09-09,TCS,6158.63,6192.76,6100.05,6177.85,1379621
2024-09-09,Wipro,310.75,314.4,308.89,312.24,3018975
2024-09-10,HCLTech,30865.26,31300.66,30639.05,30955.0,1896070
2024-09-10,Infosys,7179.1,7220.31,7141.09,7199.24,2449095
2024-09-10,TCS,6188.76,6197.3,6159.31,6168.14,2579410
2024-09-10,Wipro,326.97,328.92,324.01,325.31,4723147
2024-09-11,HCLTech,31506.94,32021.02,31336.68,31698.21,2663361
2024-09-11,Infosys,7281.87,7372.82,7259.26,7361.39,4255726
2024-09-11,TCS,6039.99,6089.6,5973.15,6068.56,1904606
2024-09-11,Wipro,334.74,337.27,331.08,333.65,3555579
2024-09-12,HCLTech,32474.97,32741.27,32102.93,32525.41,1728465
2024-09-12,Infosys,7372.65,7448.71,7330.71,7339.45,3776847
2024-09-12,TCS,6076.29,6099.79,6001.45,6045.72,1727646
2024-09-12,Wipro,338.55,339.14,331.01,334.43,3503701
2024-09-13,HCLTech,32229.1,32592.13,32102.82,32389.52,2429275
2024-09-13,Infosys,7140.76,7185.4,7061.19,7155.43,3581931
2024-09-13,TCS,6074.16,6081.18,6030.62,6070.33,1595939
2024-09-13,Wipro,328.79,331.09,328.16,328.56,4974963
2024-09-16,HCLTech,31850.16,31893.03,31748.84,31788.14,1867433
2024-09-16,Infosys,7312.81,7329.61,7225.17,7276.97,2786976
2024-09-16,TCS,5962.88,6033.17,5956.22,6012.86,2333323
2024-09-16,Wipro,317.84,319.95,315.54,316.66,3734436
2024-09-17,HCLTech,32468.81,32839.7,32353.89,32641.07,2909434
2024-09-17,Infosys,7327.78,7363.65,7257.57,7316.96,3897120
2024-09-17,TCS,6042.38,6104.04,5976.68,6048.87,1542586
2024-09-17,Wipro,319.92,321.61,317.22,320.65,4850294
2024-09-18,HCLTech,33026.31,33285.95,32820.42,32869.24,2265310
2024-09-18,Infosys,7342.94,7356.53,7236.08,7306.02,4814518
2024-09-18,TCS,6112.79,6176.42,6057.61,6100.21,2054319
2024-09-18,Wipro,331.5,333.78,325.07,327.95,3242738
2024-09-19,HCLTech,33109.9,33426.58,32894.0,33075.43,3277623
2024-09-19,Infosys,7292.77,7378.59,7210.88,7268.25,3123295
2024-09-19,TCS,6104.22,6175.25,6042.71,6108.78,1779651
2024-09-19,Wipro,330.22,332.23,328.8,330.2,3732363
2024-09-20,HCLTech,33299.13,33462.82,32799.64,33135.7,2333602
2024-09-20,Infosys,7112.48,7218.58,7073.05,7186.49,3261050
2024-09-20,TCS,5957.53,5989.04,5895.33,5944.13,1800497
2024-09-20,Wipro,319.88,322.5,318.55,320.09,3337291
2024-09-23,HCLTech,32390.67,33141.84,32010.82,32777.58,2291477
2024-09-23,Infosys,7374.88,7457.95,7297.72,7355.86,2586001
2024-09-23,TCS,5861.83,5904.07,5804.6,5877.55,1603895
2024-09-23,Wipro,322.01,324.33,317.95,320.91,4463230
2024-09-24,HCLTech,32319.45,32932.97,32038.16,32599.08,1882269
2024-09-24,Infosys,7350.01,7423.26,7322.24,7360.63,2771094
2024-09-24,TCS,5954.97,6051.27,5903.63,5979.52,1766646
2024-09-24,Wipro,316.72,319.74,314.46,318.01,3837843
2024-09-25,HCLTech,33129.35,33192.45,32551.88,32920.17,2811509
2024-09-25,Infosys,7244.18,7296.53,7157.1,7208.82,2581154
2024-09-25,TCS,5950.11,6007.77,5883.88,5951.45,2003528
2024-09-25,Wipro,317.83,321.89,316.15,318.83,4629824
2024-09-26,HCLTech,32609.22,33082.15,32430.07,32724.39,2868908
2024-09-26,Infosys,7255.23,7300.43,7213.63,7237.23,3284831
2024-09-26,TCS,5847.87,5888.29,5826.94,5847.29,2096374
2024-09-26,Wipro,331.19,332.82,329.53,330.06,4124173
2024-09-27,HCLTech,32697.1,33046.54,32555.53,32932.89,3137606
2024-09-27,Infosys,7361.29,7424.31,7261.23,7342.67,2989167
2024-09-27,TCS,5907.29,5936.27,5888.25,5913.78,1709205
2024-09-27,Wipro,336.21,338.3,331.93,334.67,2710412
2024-09-30,HCLTech,32915.48,33315.77,32826.72,32948.19,2964035
2024-09-30,Infosys,7347.89,7419.19,7299.36,7356.3,3447712
2024-09-30,TCS,5938.45,5965.38,5863.26,5915.54,1963955
2024-09-30,Wipro,339.3,341.23,336.6,338.03,3794223
2024-10-01,HCLTech,32511.47,32769.53,32261.5,32472.89,2817261
2024-10-01,Infosys,7249.05,7285.01,7223.16,7276.89,2677197
2024-10-01,TCS,5959.67,6015.5,5920.84,5975.65,2388912
2024-10-01,Wipro,337.45,339.76,334.97,337.62,2942350
2024-10-02,HCLTech,33201.04,33410.54,33048.44,33226.76,2929060
2024-10-02,Infosys,7177.47,7269.52,7119.79,7190.53,3094540
2024-10-02,TCS,5997.4,6039.16,5946.01,5991.49,1434220
2024-10-02,Wipro,340.6,343.93,336.97,340.02,4287034
2024-10-03,HCLTech,33589.32,33784.17,33439.23,33512.38,2988817
2024-10-03,Infosys,7057.85,7147.3,7043.78,7111.41,2644398
2024-10-03,TCS,6018.41,6025.34,5964.21,6017.13,1997493
2024-10-03,Wipro,337.52,340.49,333.44,335.48,4469742
2024-10-04,HCLTech,33730.59,33973.13,33296.79,33675.67,3117535
2024-10-04,Infosys,7224.02,7277.34,7182.31,7241.96,3322325
2024-10-04,TCS,6008.08,6107.37,5965.89,6037.61,1653658
2024-10-04,Wipro,336.38,339.21,335.11,338.71,4563436
2024-10-07,HCLTech,33992.49,34342.02,33865.72,33945.86,1915535
2024-10-07,Infosys,7190.8,7274.75,7115.12,7235.16,2308703
2024-10-07,TCS,6051.17,6120.92,5992.69,6076.37,1620298
2024-10-07,Wipro,337.39,339.56,336.26,337.39,3902911
2024-10-08,HCLTech,33330.84,33671.02,32808.81,33111.35,2370611
2024-10-08,Infosys,7047.54,7150.77,6980.97,7090.23,3298495
2024-10-08,TCS,6203.11,6249.52,6174.92,6202.88,2107177
2024-10-08,Wipro,326.25,333.07,323.39,332.28,2886006
2024-10-09,HCLTech,32887.79,33073.07,32830.28,32890.08,1879301
2024-10-09,Infosys,7125.76,7162.35,7060.04,7122.27,3026493
2024-10-09,TCS,6297.12,6318.07,6192.56,6257.94,1793370
2024-10-09,Wipro,338.62,341.67,333.4,337.04,4171229
2024-10-10,HCLTech,32193.48,32533.29,31974.62,32200.36,2778574
2024-10-10,Infosys,7149.56,7186.11,7089.48,7133.54,3317938
2024-10-10,TCS,6181.38,6239.58,6156.64,6170.12,1567977
2024-10-10,Wipro,322.03,327.46,318.24,323.62,4339344
2024-10-11,HCLTech,32389.54,32590.08,31990.64,32262.38,3602050
2024-10-11,Infosys,7093.41,7106.4,7051.45,7094.36,2299513
2024-10-11,TCS,6161.87,6251.9,6112.74,6195.46,2606488
2024-10-11,Wipro,318.79,322.82,315.66,320.32,3856597
2024-10-14,HCLTech,32503.28,32685.07,32299.33,32415.38,3110488
2024-10-14,Infosys,6992.43,7046.22,6984.57,7007.09,3647689
2024-10-14,TCS,6198.83,6272.67,6131.93,6259.86,2404074
2024-10-14,Wipro,323.47,325.39,321.0,323.72,4068977
2024-10-15,HCLTech,32341.34,32604.14,32282.08,32484.73,2302742
2024-10-15,Infosys,6889.76,6935.52,6837.39,6917.23,3014404
2024-10-15,TCS,6342.99,6390.85,6304.44,6328.36,1358914
2024-10-15,Wipro,332.06,332.66,327.29,330.77,2742059
2024-10-16,HCLTech,33015.2,33363.95,32766.69,33030.1,2876557
2024-10-16,Infosys,6997.63,7079.91,6946.22,7006.96,3342013
2024-10-16,TCS,6302.5,6356.36,6273.54,6304.42,1489233
2024-10-16,Wipro,338.48,340.06,331.66,333.42,4053338
2024-10-17,HCLTech,32418.95,32672.49,32102.52,32349.41,2787930
2024-10-17,Infosys,7002.45,7059.55,6995.04,7026.67,2201493
2024-10-17,TCS,6394.06,6459.22,6343.34,6371.11,2252044
2024-10-17,Wipro,326.04,331.48,322.55,329.24,3914223
2024-10-18,HCLTech,31901.75,32177.33,31760.37,31993.62,2724098
2024-10-18,Infosys,7064.08,7147.69,7046.37,7065.95,2495787
2024-10-18,TCS,6406.93,6445.71,6360.75,6424.72,1889235
2024-10-18,Wipro,327.02,332.29,325.14,328.77,3138511
2024-10-21,HCLTech,32098.72,32450.32,31933.8,32183.64,2003393
2024-10-21,Infosys,7040.33,7145.9,7032.32,7085.46,2959794
2024-10-21,TCS,6582.61,6652.74,6538.91,6575.35,2700027
2024-10-21,Wipro,330.8,333.0,327.83,330.32,4445749
2024-10-22,HCLTech,32086.88,32644.69,32038.7,32306.4,3382241
2024-10-22,Infosys,7133.02,7199.48,7085.12,7112.04,4213319
2024-10-22,TCS,6548.62,6588.42,6516.91,6531.19,2262373
2024-10-22,Wipro,338.0,343.57,337.03,339.55,3623502
2024-10-23,HCLTech,31275.25,31820.92,31142.22,31720.17,2054214
2024-10-23,Infosys,7053.97,7151.57,7046.62,7070.79,3555888
2024-10-23,TCS,6492.3,6514.86,6422.16,6501.46,2123446
2024-10-23,Wipro,346.86,348.61,342.8,345.04,4187559
2024-10-24,HCLTech,32199.99,32430.59,31855.18,32259.07,2416119
2024-10-24,Infosys,7063.05,7088.68,7012.47,7051.9,3284208
2024-10-24,TCS,6474.84,6497.55,6453.79,6483.54,1630317
2024-10-24,Wipro,350.28,351.01,348.62,350.65,4410122
2024-10-25,HCLTech,32987.04,33158.02,32871.39,32966.47,3149802
2024-10-25,Infosys,7176.34,7228.29,7105.03,7149.64,2659901
2024-10-25,TCS,6455.42,6475.92,6410.53,6454.91,2206561
2024-10-25,Wipro,352.83,355.62,349.1,350.87,4271882
2024-10-28,HCLTech,32988.55,33226.99,32785.71,33166.09,2412897
2024-10-28,Infosys,7280.46,7291.0,7228.21,7270.44,2564844
2024-10-28,TCS,6414.23,6440.59,6354.98,6403.27,1549596
2024-10-28,Wipro,343.44,345.15,340.83,343.97,3059151
2024-10-29,HCLTech,32695.04,32847.88,32200.79,32475.04,2641565
2024-10-29,Infosys,7187.03,7202.19,7140.08,7162.95,3382049
2024-10-29,TCS,6245.56,6286.2,6236.52,6245.84,2596582
2024-10-29,Wipro,336.34,337.57,331.6,335.18,3704222
2024-10-30,HCLTech,32383.29,32855.11,32064.91,32549.8,2662945
2024-10-30,Infosys,7081.65,7179.33,7033.78,7143.38,3681383
2024-10-30,TCS,6240.34,6297.98,6208.46,6221.23,2176188
2024-10-30,Wipro,331.17,333.57,327.83,333.17,6123822
2024-10-31,HCLTech,32853.67,32978.08,32645.2,32707.1,2634501
2024-10-31,Infosys,7199.01,7275.3,7127.35,7213.93,3336577
2024-10-31,TCS,6232.59,6260.73,6159.74,6241.67,1695844
2024-10-31,Wipro,341.34,343.67,335.56,337.2,5287794
2024-11-01,HCLTech,32651.37,32975.27,32339.74,32584.45,2660522
2024-11-01,Infosys,7411.11,7486.33,7345.85,7376.86,4504434
2024-11-01,TCS,6187.76,6287.77,6136.34,6213.71,2349218
2024-11-01,Wipro,330.41,335.21,327.41,333.96,4726563
2024-11-04,HCLTech,33562.27,33948.5,32943.93,33206.27,2713651
2024-11-04,Infosys,7550.49,7579.33,7500.91,7534.35,2791721
2024-11-04,TCS,6362.02,6379.68,6313.86,6322.52,3131312
2024-11-04,Wipro,335.71,341.24,333.36,337.21,4225591
2024-11-05,HCLTech,33241.4,33356.53,33048.45,33153.58,2639136
2024-11-05,Infosys,7518.92,7588.4,7408.77,7460.78,3316880
2024-11-05,TCS,6310.84,6370.88,6249.4,6322.87,1914820
2024-11-05,Wipro,329.26,335.61,327.67,332.22,3282756
2024-11-06,HCLTech,33904.8,34333.94,33859.39,34145.93,2173663
2024-11-06,Infosys,7628.16,7654.61,7546.71,7573.75,2280776
2024-11-06,TCS,6384.87,6468.07,6342.77,6396.31,2232740
2024-11-06,Wipro,329.87,332.81,324.6,328.21,3872255
2024-11-07,HCLTech,34701.96,34786.79,34167.96,34523.13,1906945
2024-11-07,Infosys,7586.52,7594.62,7541.25,7576.98,3337960
2024-11-07,TCS,6409.56,6476.0,6397.84,6410.88,1834517
2024-11-07,Wipro,337.57,339.22,335.49,336.42,3675931
2024-11-08,HCLTech,34946.9,35247.92,34454.98,34657.41,3174459
2024-11-08,Infosys,7662.26,7682.63,7616.46,7670.37,4293170
2024-11-08,TCS,6459.57,6512.07,6403.39,6458.21,2034433
2024-11-08,Wipro,338.28,341.49,334.94,340.88,3932815
2024-11-11,HCLTech,34803.74,35328.61,34745.66,35107.28,3203574
2024-11-11,Infosys,7709.94,7798.64,7669.46,7741.03,2598278
2024-11-11,TCS,6466.0,6531.31,6424.02,6473.88,1479494
2024-11-11,Wipro,340.93,343.78,337.66,338.79,2995161
2024-11-12,HCLTech,35980.54,36249.53,35604.11,35868.04,2781543
2024-11-12,Infosys,7607.05,7671.57,7530.97,7622.26,3787011
2024-11-12,TCS,6553.15,6569.74,6531.82,6553.51,1999788
2024-11-12,Wipro,332.08,333.96,328.49,333.55,4841351
2024-11-13,HCLTech,36475.81,36824.73,36135.45,36322.37,2776902
2024-11-13,Infosys,7657.3,7700.92,7578.13,7670.44,4268910
2024-11-13,TCS,6555.34,6563.41,6485.49,6556.16,2017507
2024-11-13,Wipro,339.9,341.89,336.04,339.07,2337305
2024-11-14,HCLTech,36245.84,36629.74,36177.62,36283.66,2165115
2024-11-14,Infosys,7741.89,7769.52,7699.84,7761.2,2787675
2024-11-14,TCS,6588.43,6626.49,6557.12,6584.81,2866084
2024-11-14,Wipro,345.59,346.14,342.14,344.24,4747965
2024-11-15,HCLTech,35525.54,36189.64,35377.82,35949.65,1596469
2024-11-15,Infosys,7727.07,7813.15,7681.28,7756.93,3513240
2024-11-15,TCS,6556.96,6618.94,6529.88,6605.83,1396747
2024-11-15,Wipro,347.46,350.49,346.82,347.99,4766155
2024-11-18,HCLTech,35337.55,35767.69,35175.17,35388.83,2473845
2024-11-18,Infosys,7744.66,7822.06,7642.49,7731.61,4388893
2024-11-18,TCS,6627.11,6659.82,6561.61,6587.97,1890744
2024-11-18,Wipro,348.65,351.14,345.62,346.65,6370397
2024-11-19,HCLTech,34102.17,34584.19,33852.41,34199.41,1778981
2024-11-19,Infosys,7638.99,7652.38,7535.19,7584.74,3350956
2024-11-19,TCS,6608.17,6634.12,6545.78,6611.24,2587703
2024-11-19,Wipro,339.35,341.98,338.4,339.66,3805077
2024-11-20,HCLTech,34540.12,34814.3,34095.8,34282.18,2697677
2024-11-20,Infosys,7674.78,7744.63,7553.61,7644.76,3745270
2024-11-20,TCS,6757.06,6831.93,6685.58,6744.71,1905592
2024-11-20,Wipro,340.07,343.08,336.16,339.34,3604909
2024-11-21,HCLTech,34080.95,34144.25,34006.76,34095.75,3374878
2024-11-21,Infosys,7651.07,7722.58,7579.22,7661.44,2244226
2024-11-21,TCS,6698.33,6799.33,6625.09,6727.48,1932624
2024-11-21,Wipro,347.22,349.04,344.49,347.82,4097445
2024-11-22,HCLTech,33867.15,34259.24,33596.6,33935.65,2298562
2024-11-22,Infosys,7606.96,7654.68,7545.04,7574.63,3605924
2024-11-22,TCS,6742.04,6819.63,6718.29,6752.05,1692988
2024-11-22,Wipro,337.94,343.19,336.79,341.94,4473889
2024-11-25,HCLTech,34328.09,34799.08,34018.56,34426.89,2325121
2024-11-25,Infosys,7553.56,7565.13,7516.02,7542.57,3548760
2024-11-25,TCS,6813.57,6888.47,6747.82,6828.02,1659682
2024-11-25,Wipro,341.73,343.91,340.01,342.0,3928463
2024-11-26,HCLTech,34426.61,34671.83,34145.53,34371.71,2126220
2024-11-26,Infosys,7552.74,7638.33,7531.97,7554.03,2454463
2024-11-26,TCS,6929.52,6948.2,6847.14,6897.51,1388156
2024-11-26,Wipro,350.04,355.05,348.5,351.98,3157196
2024-11-27,HCLTech,35304.34,35611.63,35234.62,35294.51,2623113
2024-11-27,Infosys,7497.78,7547.92,7423.79,7501.03,2638696
2024-11-27,TCS,6884.58,6907.86,6854.32,6897.29,1763506
2024-11-27,Wipro,352.9,353.7,346.95,349.81,4472738
2024-11-28,HCLTech,34875.8,35183.18,34801.32,35011.05,2582777
2024-11-28,Infosys,7492.42,7539.18,7459.64,7498.72,3610878
2024-11-28,TCS,6766.11,6821.54,6740.59,6749.97,1640951
2024-11-28,Wipro,345.79,352.52,344.18,348.77,3999474
2024-11-29,HCLTech,34581.61,34807.19,34143.48,34536.9,2120570
2024-11-29,Infosys,7360.48,7437.59,7278.47,7340.38,3012012
2024-11-29,TCS,6766.59,6835.15,6698.87,6780.47,2047777
2024-11-29,Wipro,342.8,344.09,336.94,340.16,3269566
2024-12-02,HCLTech,33840.1,34264.46,33735.77,33932.63,3120603
2024-12-02,Infosys,7462.02,7538.89,7405.88,7457.64,3996977
2024-12-02,TCS,6635.94,6679.06,6611.71,6645.41,1708496
2024-12-02,Wipro,343.37,344.59,340.4,343.76,2890202
2024-12-03,HCLTech,33843.53,34640.7,33695.21,34276.15,4463732
2024-12-03,Infosys,7433.71,7523.59,7358.73,7456.49,3405174
2024-12-03,TCS,6727.72,6774.67,6674.24,6732.93,1817076
2024-12-03,Wipro,339.84,342.42,337.73,338.97,6554013
2024-12-04,HCLTech,34945.75,35024.98,34533.29,34831.55,3298550
2024-12-04,Infosys,7332.25,7430.68,7264.36,7356.21,3236336
2024-12-04,TCS,6769.54,6812.73,6694.77,6742.21,1827056
2024-12-04,Wipro,326.54,330.71,325.05,329.39,4724222
2024-12-05,HCLTech,34638.38,34679.56,34205.83,34541.23,2543117
2024-12-05,Infosys,7148.95,7165.87,7127.62,7139.77,3092751
2024-12-05,TCS,6761.77,6826.89,6754.67,6802.14,1980826
2024-12-05,Wipro,322.93,325.33,320.65,323.56,4473499
2024-12-06,HCLTech,34062.18,34236.22,33653.82,34028.85,2537052
2024-12-06,Infosys,7238.99,7306.82,7191.84,7225.97,3392907
2024-12-06,TCS,6718.23,6776.19,6638.03,6746.13,1799381
2024-12-06,Wipro,323.19,325.09,319.64,324.54,3909068
2024-12-09,HCLTech,34688.73,34948.28,34503.25,34764.02,2346206
2024-12-09,Infosys,7262.42,7305.49,7213.61,7271.98,3757437
2024-12-09,TCS,6610.85,6688.79,6545.03,6651.53,1617351
2024-12-09,Wipro,319.43,321.38,314.52,315.22,4591890
2024-12-10,HCLTech,34051.51,34387.36,33645.78,34063.54,2336553
2024-12-10,Infosys,7253.27,7364.67,7181.9,7287.84,3560571
2024-12-10,TCS,6643.36,6717.06,6601.17,6666.16,2034602
2024-12-10,Wipro,305.91,308.58,304.4,307.24,3240855
2024-12-11,HCLTech,34685.96,34723.93,34472.97,34546.99,3149182
2024-12-11,Infosys,7399.96,7437.5,7296.0,7361.18,2940410
2024-12-11,TCS,6646.13,6739.86,6589.75,6663.14,2475998
2024-12-11,Wipro,312.4,313.29,307.78,310.13,4162741
2024-12-12,HCLTech,34164.3,34592.51,33819.52,34270.23,3176731
2024-12-12,Infosys,7467.52,7479.45,7382.65,7435.02,4100210
2024-12-12,TCS,6599.09,6678.66,6557.9,6632.74,2052052
2024-12-12,Wipro,311.8,313.43,308.1,309.51,4199197
2024-12-13,HCLTech,34605.04,34843.8,34321.98,34459.58,2057734
2024-12-13,Infosys,7387.86,7491.19,7314.78,7449.79,3649863
2024-12-13,TCS,6621.47,6696.82,6560.62,6636.8,1770360
2024-12-13,Wipro,306.44,309.34,302.98,304.25,3256936
2024-12-16,HCLTech,34729.48,35284.87,34336.76,34981.37,2797635
2024-12-16,Infosys,7466.4,7536.02,7381.56,7424.51,3456296
2024-12-16,TCS,6760.13,6870.37,6743.38,6803.17,1951343
2024-12-16,Wipro,301.16,305.13,299.42,302.28,3917310
2024-12-17,HCLTech,35242.74,35475.41,34841.82,35213.72,3247016
2024-12-17,Infosys,7378.39,7432.95,7366.49,7384.87,3259227
2024-12-17,TCS,6831.51,6868.86,6791.14,6853.45,1327132
2024-12-17,Wipro,315.24,316.8,310.7,311.67,3683051
2024-12-18,HCLTech,35071.26,35411.38,34737.74,35066.84,2424135
2024-12-18,Infosys,7425.62,7495.42,7341.23,7419.7,3536581
2024-12-18,TCS,6943.69,7000.52,6885.03,6917.48,1945009
2024-12-18,Wipro,322.79,326.57,316.29,318.73,3433238
2024-12-19,HCLTech,35933.49,36142.18,35484.15,35757.38,2492296
2024-12-19,Infosys,7578.68,7589.2,7491.3,7542.53,2218463
2024-12-19,TCS,6978.08,7022.06,6927.01,6969.21,1846101
2024-12-19,Wipro,318.63,319.39,314.5,317.89,3591335
2024-12-20,HCLTech,35739.57,36073.33,35619.52,35900.86,2988309
2024-12-20,Infosys,7583.09,7605.45,7456.15,7530.64,3358225
2024-12-20,TCS,7065.79,7117.35,7019.57,7061.62,1659398
2024-12-20,Wipro,321.43,325.72,317.89,322.37,2843181
2024-12-23,HCLTech,37649.04,38101.19,37420.09,37798.73,3005352
2024-12-23,Infosys,7694.99,7750.39,7621.93,7662.65,4442367
2024-12-23,TCS,7026.33,7058.59,7008.24,7048.56,1720693
2024-12-23,Wipro,321.11,326.65,319.12,322.85,4947367
2024-12-24,HCLTech,36654.34,37123.0,36603.66,36905.66,2832962
2024-12-24,Infosys,7702.22,7742.57,7636.92,7694.43,3343934
2024-12-24,TCS,6885.06,6994.34,6804.22,6918.45,1842457
2024-12-24,Wipro,313.42,315.71,311.17,312.49,5467157
2024-12-25,HCLTech,35926.43,36182.6,35610.15,36026.33,2735617
2024-12-25,Infosys,7682.55,7792.61,7646.89,7727.07,3253873
2024-12-25,TCS,6881.04,6985.06,6872.99,6905.78,2439123
2024-12-25,Wipro,301.61,302.11,299.92,301.49,3323535
2024-12-26,HCLTech,36575.86,36979.98,36447.02,36530.11,2810124
2024-12-26,Infosys,7883.31,8042.81,7839.91,7950.68,2840482
2024-12-26,TCS,6954.54,6962.71,6946.82,6955.49,2488199
2024-12-26,Wipro,296.73,300.03,295.35,296.39,4994277
2024-12-27,HCLTech,36192.54,36839.79,36053.52,36512.78,2459524
2024-12-27,Infosys,8137.22,8204.42,8086.01,8107.26,3531406
2024-12-27,TCS,6913.03,6936.13,6858.94,6894.15,1661169
2024-12-27,Wipro,285.47,289.58,283.31,287.9,3974472
2024-12-30,HCLTech,36839.19,37036.1,36703.05,36919.23,2079168
2024-12-30,Infosys,8316.26,8362.76,8193.79,8269.52,3077556
2024-12-30,TCS,6901.94,6922.52,6828.5,6882.35,1803143
2024-12-30,Wipro,289.18,290.02,288.4,289.12,3991848
2024-12-31,HCLTech,36463.99,36797.31,36003.56,36355.02,1904441
2024-12-31,Infosys,8160.14,8245.14,8126.82,8188.1,4157902
2024-12-31,TCS,6852.39,6918.13,6818.44,6838.79,1812358
2024-12-31,Wipro,288.15,291.26,284.79,286.08,3087110
2025-01-01,HCLTech,36363.56,36519.28,36166.93,36381.89,2928890
2025-01-01,Infosys,8394.16,8496.46,8357.91,8403.68,2692383
2025-01-01,TCS,6914.96,6983.57,6867.49,6931.04,2351506
2025-01-01,Wipro,289.57,291.22,287.26,288.09,3577797
2025-01-02,HCLTech,36628.53,36838.92,36363.12,36615.03,2656875
2025-01-02,Infosys,8373.13,8463.27,8332.13,8392.75,2923231
2025-01-02,TCS,6977.69,6998.28,6914.7,6977.15,2059057
2025-01-02,Wipro,289.43,292.07,288.49,290.19,4449788
2025-01-03,HCLTech,36069.82,36460.24,35950.98,36337.0,2847995
2025-01-03,Infosys,8346.78,8449.56,8298.75,8367.27,2837647
2025-01-03,TCS,7010.31,7087.26,6996.04,7017.41,2037462
2025-01-03,Wipro,293.42,295.76,290.96,293.62,3291114
2025-01-06,HCLTech,36437.05,36536.8,36266.7,36454.91,2202813
2025-01-06,Infosys,8187.64,8222.98,8090.95,8150.76,4618484
2025-01-06,TCS,7051.56,7090.52,6968.15,7056.03,2226430
2025-01-06,Wipro,285.9,291.72,282.49,288.55,3448558
2025-01-07,HCLTech,35771.61,35964.41,35529.42,35766.58,2653895
2025-01-07,Infosys,8187.78,8263.01,8110.65,8180.27,3080825
2025-01-07,TCS,7098.36,7141.44,7019.78,7052.95,1775113
2025-01-07,Wipro,289.84,292.96,287.39,291.05,3613482
2025-01-08,HCLTech,35936.14,36220.54,35823.43,35964.98,2641216
2025-01-08,Infosys,8064.46,8092.68,7996.46,8072.23,2867771
2025-01-08,TCS,7025.72,7101.99,6969.05,7064.83,2627215
2025-01-08,Wipro,285.29,288.99,284.24,285.91,2023519
2025-01-09,HCLTech,36728.03,36886.82,36385.36,36700.54,3357890
2025-01-09,Infosys,8200.54,8276.37,8063.61,8109.52,2106508
2025-01-09,TCS,6984.07,7036.31,6968.58,6989.24,1999302
2025-01-09,Wipro,290.56,291.4,287.82,289.41,4271433
2025-01-10,HCLTech,36016.1,36136.52,35802.09,36070.69,3082874
2025-01-10,Infosys,7946.97,8080.51,7896.89,7994.99,2666792
2025-01-10,TCS,6878.67,6921.88,6792.14,6852.47,1685335
2025-01-10,Wipro,294.34,297.96,292.02,295.66,4543455
2025-01-13,HCLTech,35342.84,35554.6,34925.09,35421.91,2242338
2025-01-13,Infosys,8185.87,8275.12,8146.28,8167.05,3556325
2025-01-13,TCS,6829.58,6888.77,6759.61,6861.19,1910221
2025-01-13,Wipro,297.4,301.37,294.26,299.34,4302569
2025-01-14,HCLTech,35834.88,36151.27,35701.87,36017.92,2876062
2025-01-14,Infosys,8182.92,8237.81,8127.79,8219.05,3553474
2025-01-14,TCS,6866.78,6919.74,6851.96,6880.72,2558785
2025-01-14,Wipro,299.63,301.0,295.56,298.2,4830071
2025-01-15,HCLTech,35531.02,35797.44,35172.35,35361.77,2239232
2025-01-15,Infosys,8439.18,8530.3,8349.32,8444.76,2809229
2025-01-15,TCS,6943.97,7032.01,6927.42,6955.56,1836972
2025-01-15,Wipro,300.28,302.08,299.5,301.08,3660092
2025-01-16,HCLTech,35567.39,35928.65,35170.06,35781.82,1541745
2025-01-16,Infosys,8344.77,8363.2,8288.98,8339.56,2840612
2025-01-16,TCS,7049.24,7100.27,7020.4,7054.2,2418285
2025-01-16,Wipro,291.16,293.22,288.93,292.7,5746160
2025-01-17,HCLTech,35838.97,36085.24,35426.41,35811.24,3671872
2025-01-17,Infosys,8524.08,8577.46,8397.76,8493.89,4641905
2025-01-17,TCS,7118.33,7233.47,7110.27,7154.2,1764871
2025-01-17,Wipro,284.86,285.97,282.51,283.41,3378178
2025-01-20,HCLTech,35922.04,36143.81,35379.07,35604.3,2412166
2025-01-20,Infosys,8300.97,8380.78,8278.44,8310.08,5487247
2025-01-20,TCS,7103.21,7153.3,7005.91,7089.9,1716031
2025-01-20,Wipro,286.46,288.89,284.17,285.63,3824391
2025-01-21,HCLTech,36541.77,36685.38,36259.33,36345.09,3200810
2025-01-21,Infosys,8316.04,8381.56,8240.31,8328.87,4027336
2025-01-21,TCS,7082.04,7149.01,7013.6,7067.19,2282032
2025-01-21,Wipro,291.88,293.45,288.49,292.26,3749601
2025-01-22,HCLTech,36915.0,37252.89,36620.58,36822.98,2277874
2025-01-22,Infosys,8254.38,8303.23,8181.85,8264.07,4371065
2025-01-22,TCS,7108.96,7139.03,7043.05,7097.59,1679259
2025-01-22,Wipro,285.06,288.26,281.98,285.69,4151846
2025-01-23,HCLTech,37015.56,37324.4,36694.47,36970.29,2212320
2025-01-23,Infosys,8180.73,8287.96,8111.22,8217.93,4560516
2025-01-23,TCS,7241.13,7331.4,7157.5,7261.01,2357626
2025-01-23,Wipro,286.29,289.33,284.51,285.6,3812861
2025-01-24,HCLTech,35853.31,36180.1,35717.19,35875.76,2330756
2025-01-24,Infosys,8187.1,8254.81,8097.69,8165.39,4983164
2025-01-24,TCS,7360.27,7389.03,7283.56,7358.26,2145714
2025-01-24,Wipro,288.68,291.18,285.11,287.71,3918494
2025-01-27,HCLTech,36078.95,36447.72,35967.02,36238.65,2734753
2025-01-27,Infosys,8084.12,8144.04,8064.52,8074.58,3012484
2025-01-27,TCS,7411.69,7441.75,7337.89,7432.71,1679386
2025-01-27,Wipro,284.76,287.56,283.07,284.38,3492437
2025-01-28,HCLTech,35658.64,35863.06,35414.53,35703.02,2693228
2025-01-28,Infosys,7966.4,8020.68,7878.99,7951.86,2684507
2025-01-28,TCS,7399.07,7427.33,7364.04,7406.83,1971626
2025-01-28,Wipro,282.71,284.78,282.19,282.5,3664148
2025-01-29,HCLTech,35696.86,35964.52,35491.92,35596.45,2872121
2025-01-29,Infosys,7905.94,7977.55,7854.58,7908.25,4617478
2025-01-29,TCS,7398.27,7407.43,7313.84,7348.26,1792107
2025-01-29,Wipro,284.39,288.73,281.44,285.48,2558546
2025-01-30,HCLTech,35672.38,36084.39,35226.21,35604.32,2354286
2025-01-30,Infosys,7911.42,7960.85,7857.89,7917.83,2638714
2025-01-30,TCS,7402.99,7487.51,7369.6,7400.76,2144577
2025-01-30,Wipro,284.9,288.57,282.04,285.88,4696329
2025-01-31,HCLTech,36708.98,36920.92,36500.95,36567.38,2621107
2025-01-31,Infosys,8067.52,8081.69,8015.27,8027.79,2604997
2025-01-31,TCS,7300.65,7415.94,7265.5,7328.01,2917440
2025-01-31,Wipro,286.0,287.61,284.79,286.31,3260556
2025-02-03,HCLTech,36661.4,36966.36,36010.69,36442.95,2196526
2025-02-03,Infosys,8089.62,8145.53,8030.23,8054.98,2616987
2025-02-03,TCS,7316.72,7385.39,7275.53,7312.57,1857081
2025-02-03,Wipro,279.45,283.67,276.8,281.15,3626118
2025-02-04,HCLTech,35701.73,35939.05,35454.77,35729.46,3488148
2025-02-04,Infosys,8215.95,8289.55,8077.26,8167.27,3117001
2025-02-04,TCS,7274.32,7321.35,7255.84,7305.36,2225323
2025-02-04,Wipro,278.95,283.21,278.57,280.85,3236015
2025-02-05,HCLTech,36512.21,36923.29,36046.76,36477.9,1999128
2025-02-05,Infosys,8035.09,8069.56,7986.65,8022.52,2151737
2025-02-05,TCS,7383.32,7491.95,7347.03,7411.26,2009800
2025-02-05,Wipro,278.55,281.29,276.62,278.71,4482723
2025-02-06,HCLTech,36515.15,37000.7,36176.77,36856.52,2205859
2025-02-06,Infosys,8025.34,8045.79,7937.32,7979.88,2402545
2025-02-06,TCS,7363.93,7455.96,7320.38,7388.12,2009646
2025-02-06,Wipro,278.58,279.84,273.59,276.85,3588091
2025-02-07,HCLTech,37673.07,37900.71,37158.95,37258.88,2388884
2025-02-07,Infosys,8033.2,8136.02,8008.45,8047.25,2825493
2025-02-07,TCS,7218.14,7261.89,7186.36,7228.25,1934997
2025-02-07,Wipro,270.48,275.85,267.87,274.04,2453827
2025-02-10,HCLTech,37973.41,38295.17,37840.44,38050.5,4192502
2025-02-10,Infosys,8072.73,8164.39,8008.52,8079.54,2519261
2025-02-10,TCS,7283.23,7330.75,7241.29,7261.76,1684828
2025-02-10,Wipro,273.1,276.7,271.1,273.78,4231027
2025-02-11,HCLTech,39111.98,39464.58,38902.43,38987.28,3030954
2025-02-11,Infosys,8035.88,8098.59,7922.51,7995.65,3957581
2025-02-11,TCS,7230.08,7289.94,7180.06,7216.92,2138650
2025-02-11,Wipro,269.87,273.04,268.05,269.41,3444732
2025-02-12,HCLTech,38433.41,38855.63,38086.74,38511.55,2191958
2025-02-12,Infosys,8113.72,8192.03,7995.01,8085.02,3204257
2025-02-12,TCS,7232.36,7241.51,7175.04,7220.46,1887774
2025-02-12,Wipro,271.17,272.52,266.9,269.35,3981348
2025-02-13,HCLTech,37696.13,38122.12,37588.49,37777.07,3064699
2025-02-13,Infosys,8023.19,8126.62,7965.56,8032.98,3591447
2025-02-13,TCS,7190.74,7262.7,7126.54,7215.68,1668937
2025-02-13,Wipro,270.52,272.24,264.33,267.47,4724356
2025-02-14,HCLTech,38189.64,38580.51,37851.27,38234.02,2882556
2025-02-14,Infosys,7922.94,8015.62,7890.99,7957.83,3513655
2025-02-14,TCS,7186.59,7264.05,7123.17,7198.85,2449739
2025-02-14,Wipro,262.48,264.13,261.66,262.91,3283085
2025-02-17,HCLTech,37871.16,38337.92,37475.24,38102.92,2746315
2025-02-17,Infosys,7997.13,8033.49,7982.89,8003.99,3070364
2025-02-17,TCS,7257.47,7279.75,7227.83,7251.25,2039998
2025-02-17,Wipro,256.91,259.2,253.35,253.74,3959502
2025-02-18,HCLTech,37561.68,38124.03,37354.0,38020.95,2988209
2025-02-18,Infosys,7981.2,8068.44,7949.85,8004.19,3899222
2025-02-18,TCS,7138.84,7195.06,7128.82,7152.99,1910810
2025-02-18,Wipro,258.74,259.11,256.67,258.0,3427948
2025-02-19,HCLTech,37651.74,38049.9,37128.72,37438.39,2630373
2025-02-19,Infosys,8011.64,8100.25,7891.77,7953.82,3502862
2025-02-19,TCS,7114.7,7169.77,7083.81,7120.94,2614723
2025-02-19,Wipro,262.73,265.75,259.64,261.39,4872606
2025-02-20,HCLTech,37857.13,38030.26,37346.49,37756.04,2690349
2025-02-20,Infosys,7925.91,7994.0,7808.09,7900.65,3002576
2025-02-20,TCS,7176.13,7241.37,7146.61,7166.16,1385319
2025-02-20,Wipro,255.81,259.35,254.87,257.53,4063667
2025-02-21,HCLTech,37810.0,38064.13,37458.96,37980.06,1905845
2025-02-21,Infosys,7774.71,7809.81,7760.16,7799.76,2285006
2025-02-21,TCS,7120.16,7210.74,7082.04,7127.99,2579798
2025-02-21,Wipro,261.36,262.4,258.59,260.62,3981571
2025-02-24,HCLTech,37992.8,38084.61,37816.33,37908.76,3469918
2025-02-24,Infosys,7728.8,7848.87,7688.05,7762.79,3551189
2025-02-24,TCS,7031.92,7104.57,6944.19,7026.92,1677172
2025-02-24,Wipro,257.22,257.58,254.65,255.77,3120873
2025-02-25,HCLTech,37341.03,37581.6,37033.73,37190.58,2377407
2025-02-25,Infosys,7840.35,7939.1,7774.96,7866.02,2486534
2025-02-25,TCS,7106.37,7162.06,7049.66,7070.81,2086428
2025-02-25,Wipro,253.17,256.09,250.18,254.27,4647518
2025-02-26,HCLTech,37709.43,38052.82,37449.53,37837.7,2030061
2025-02-26,Infosys,7870.82,7932.07,7813.2,7889.31,3452875
2025-02-26,TCS,7140.36,7197.24,7108.18,7144.23,1778080
2025-02-26,Wipro,247.67,253.65,246.7,251.77,4766976
2025-02-27,HCLTech,38062.84,38378.72,37837.69,37986.1,2350543
2025-02-27,Infosys,7975.28,8075.54,7910.13,7980.87,3250889
2025-02-27,TCS,7169.6,7224.34,7078.9,7143.01,1662873
2025-02-27,Wipro,250.67,252.84,247.97,250.44,3431733
2025-02-28,HCLTech,38789.54,39089.41,38345.25,38598.65,2369551
2025-02-28,Infosys,8068.5,8140.62,7981.87,8030.82,2437753
2025-02-28,TCS,7032.18,7081.38,6973.46,7019.8,2601074
2025-02-28,Wipro,252.95,255.01,250.01,253.29,4125020
2025-03-03,HCLTech,37228.96,37574.07,36801.53,37492.28,2215026
2025-03-03,Infosys,7940.21,8052.87,7908.95,7972.51,3369721
2025-03-03,TCS,7033.79,7078.06,7023.36,7066.38,2899071
2025-03-03,Wipro,253.53,255.22,249.76,251.39,4499176
2025-03-04,HCLTech,37634.33,37794.81,37311.45,37536.09,3037520
2025-03-04,Infosys,7892.39,7982.16,7767.53,7816.86,3324817
2025-03-04,TCS,6939.36,7023.95,6920.08,6963.49,1913438
2025-03-04,Wipro,248.94,250.88,248.15,249.79,6233194
2025-03-05,HCLTech,37242.01,37646.41,37031.39,37175.57,3159298
2025-03-05,Infosys,7700.49,7742.15,7660.47,7731.06,3327230
2025-03-05,TCS,6966.55,7046.89,6887.91,6984.87,2138794
2025-03-05,Wipro,251.97,253.88,249.25,253.09,4325467
2025-03-06,HCLTech,37553.65,37907.91,37112.01,37209.21,1757112
2025-03-06,Infosys,7624.53,7742.8,7557.42,7669.79,3295474
2025-03-06,TCS,6912.73,6977.37,6897.97,6931.37,2022926
2025-03-06,Wipro,251.44,254.26,250.08,253.3,3999672
2025-03-07,HCLTech,37822.43,38222.44,37307.74,37719.33,2345635
2025-03-07,Infosys,7656.15,7696.34,7580.09,7602.05,2808563
2025-03-07,TCS,6859.58,6934.08,6804.8,6861.53,2827091
2025-03-07,Wipro,249.57,251.84,247.83,250.56,3877394
2025-03-10,HCLTech,37855.02,37978.41,37721.47,37931.31,2379500
2025-03-10,Infosys,7735.84,7817.53,7643.35,7693.03,3601940
2025-03-10,TCS,6849.76,6907.28,6770.09,6836.51,1310641
2025-03-10,Wipro,255.85,258.29,251.2,251.59,3923780
2025-03-11,HCLTech,37902.69,38376.34,37784.07,37957.56,2512007
2025-03-11,Infosys,7778.27,7867.27,7688.43,7784.23,2788823
2025-03-11,TCS,6854.6,6888.8,6800.79,6827.55,2156684
2025-03-11,Wipro,253.53,256.66,252.3,256.07,4663442
2025-03-12,HCLTech,38359.94,38761.64,37713.25,37981.5,3657481
2025-03-12,Infosys,8007.64,8088.63,7940.06,7994.82,2581143
2025-03-12,TCS,6797.06,6805.33,6729.52,6790.47,1729309
2025-03-12,Wipro,258.75,263.04,256.91,260.94,3353107
2025-03-13,HCLTech,37113.8,37400.53,36888.19,37178.38,2209565
2025-03-13,Infosys,7936.74,8012.7,7894.6,7923.19,3662249
2025-03-13,TCS,6819.45,6840.31,6799.89,6829.03,1248514
2025-03-13,Wipro,254.65,255.1,252.46,254.74,4820276
2025-03-14,HCLTech,36832.71,37142.46,36534.54,36727.08,3553716
2025-03-14,Infosys,8082.63,8161.33,7986.75,8077.99,3859111
2025-03-14,TCS,6759.77,6837.38,6731.83,6804.25,1860864
2025-03-14,Wipro,252.04,252.41,246.07,248.92,2938927
2025-03-17,HCLTech,37282.97,37475.55,37008.38,37326.55,2525071
2025-03-17,Infosys,8190.58,8270.4,8160.39,8235.3,3612465
2025-03-17,TCS,6868.76,6910.55,6836.81,6867.23,2894339
2025-03-17,Wipro,254.58,255.6,251.52,253.4,4570221
2025-03-18,HCLTech,37279.06,37586.4,36812.73,37082.07,3560343
2025-03-18,Infosys,8128.9,8259.02,8053.6,8214.08,3070105
2025-03-18,TCS,6887.99,6907.52,6805.05,6887.43,1754067
2025-03-18,Wipro,254.53,255.78,251.05,252.05,4831976
2025-03-19,HCLTech,37907.91,38278.9,37632.41,37698.47,2443227
2025-03-19,Infosys,8233.44,8281.43,8215.29,8262.71,2171151
2025-03-19,TCS,6851.15,6872.27,6824.2,6847.21,2342691
2025-03-19,Wipro,241.65,242.98,239.93,242.24,4699844
2025-03-20,HCLTech,38153.29,38398.64,37941.0,38157.52,2386660
2025-03-20,Infosys,8452.84,8538.53,8301.6,8388.61,4303759
2025-03-20,TCS,6842.24,6866.41,6780.54,6797.0,2541823
2025-03-20,Wipro,236.96,241.62,236.54,239.05,4222265
2025-03-21,HCLTech,38574.32,38701.96,38229.82,38651.28,2588255
2025-03-21,Infosys,8450.36,8518.86,8359.72,8384.76,2164374
2025-03-21,TCS,6726.2,6790.67,6625.04,6699.96,1994927
2025-03-21,Wipro,236.47,238.17,235.85,237.14,4328723
2025-03-24,HCLTech,38771.8,39070.49,38570.24,38853.69,3366796
2025-03-24,Infosys,8364.04,8438.06,8319.41,8373.25,3597945
2025-03-24,TCS,6737.26,6801.16,6701.93,6720.62,2048767
2025-03-24,Wipro,235.6,237.24,234.46,235.79,3692316
2025-03-25,HCLTech,38313.87,38986.3,37855.09,38639.51,2683641
2025-03-25,Infosys,8279.37,8343.56,8183.15,8312.75,4880258
2025-03-25,TCS,6682.12,6737.34,6610.81,6702.4,1418908
2025-03-25,Wipro,239.06,241.91,238.74,239.04,3194094
2025-03-26,HCLTech,38599.63,38937.04,38442.14,38580.62,2711120
2025-03-26,Infosys,8092.43,8155.27,8023.38,8082.98,3297102
2025-03-26,TCS,6553.45,6583.05,6500.0,6564.04,1733104
2025-03-26,Wipro,234.74,235.95,234.32,235.06,4204846
2025-03-27,HCLTech,38966.97,39214.38,38699.99,38951.62,2953086
2025-03-27,Infosys,8107.22,8155.86,8060.69,8092.28,3391924
2025-03-27,TCS,6533.82,6550.28,6485.83,6535.77,2397792
2025-03-27,Wipro,239.93,241.81,238.78,239.04,4055568
2025-03-28,HCLTech,37681.98,38281.02,37364.95,37832.97,2180527
2025-03-28,Infosys,8046.48,8142.62,8018.12,8026.21,3452211
2025-03-28,TCS,6470.53,6499.06,6410.58,6486.35,2024419
2025-03-28,Wipro,239.19,242.48,238.47,240.27,4811608
2025-03-31,HCLTech,38177.14,38610.05,37908.89,38521.93,2781107
2025-03-31,Infosys,7842.27,8009.12,7833.84,7925.94,3329373
2025-03-31,TCS,6592.89,6627.86,6523.35,6582.5,2152468
2025-03-31,Wipro,233.39,235.7,231.04,234.76,3888558
2025-04-01,HCLTech,38316.66,38421.69,38223.22,38277.95,2293047
2025-04-01,Infosys,8075.37,8130.17,7936.94,7968.97,5120609
2025-04-01,TCS,6493.25,6502.99,6471.58,6485.95,2053978
2025-04-01,Wipro,231.65,233.8,230.52,233.41,4129202
2025-04-02,HCLTech,38319.48,38466.69,38002.65,38257.08,3489521
2025-04-02,Infosys,7871.58,7949.46,7780.99,7834.23,2703420
2025-04-02,TCS,6384.04,6435.87,6307.47,6405.96,3100452
2025-04-02,Wipro,235.81,238.1,232.93,235.51,4236675
2025-04-03,HCLTech,38315.4,38692.39,37796.61,38241.38,2827078
2025-04-03,Infosys,7906.79,7935.59,7856.71,7913.36,2636376
2025-04-03,TCS,6498.46,6573.69,6400.46,6474.01,1834997
2025-04-03,Wipro,235.84,236.82,233.15,235.68,4485154
2025-04-04,HCLTech,38061.43,38605.67,37853.11,38246.5,2986364
2025-04-04,Infosys,7938.54,7979.38,7850.1,7962.53,2997116
2025-04-04,TCS,6559.54,6602.72,6486.19,6557.42,2757237
2025-04-04,Wipro,238.94,240.02,234.81,237.3,4835640
2025-04-07,HCLTech,37649.18,38006.87,37490.46,37576.06,1729177
2025-04-07,Infosys,7960.55,8023.73,7853.05,7927.6,4532697
2025-04-07,TCS,6482.15,6583.05,6431.3,6517.55,2054120
2025-04-07,Wipro,237.12,238.44,234.04,234.82,3305366
2025-04-08,HCLTech,37650.14,38085.4,37603.69,37683.1,2994741
2025-04-08,Infosys,7941.42,8012.85,7836.38,7924.92,2851301
2025-04-08,TCS,6483.55,6500.31,6439.79,6484.6,2806637
2025-04-08,Wipro,235.4,237.53,234.27,237.19,4602663
2025-04-09,HCLTech,38187.34,38411.57,37815.45,38025.92,2509298
2025-04-09,Infosys,7818.96,7831.34,7764.12,7815.93,3487588
2025-04-09,TCS,6530.59,6556.38,6479.8,6524.81,1565415
2025-04-09,Wipro,235.55,237.99,234.07,235.52,3858122
2025-04-10,HCLTech,36804.45,37147.24,36692.62,36980.67,1950488
2025-04-10,Infosys,7905.37,7930.76,7843.51,7890.17,3964392
2025-04-10,TCS,6413.35,6486.54,6386.28,6393.73,2075241
2025-04-10,Wipro,246.27,249.18,244.85,246.59,4548589
2025-04-11,HCLTech,36546.46,36824.37,35971.05,36341.07,2649861
2025-04-11,Infosys,7907.86,7966.27,7850.71,7911.6,3739483
2025-04-11,TCS,6285.01,6324.53,6244.2,6291.7,1848565
2025-04-11,Wipro,238.51,243.38,238.06,240.83,5376237
2025-04-14,HCLTech,37101.9,37306.28,36405.8,36828.4,1919095
2025-04-14,Infosys,7953.71,7967.16,7899.86,7940.3,3922642
2025-04-14,TCS,6296.48,6347.69,6230.71,6280.08,2056574
2025-04-14,Wipro,252.0,253.6,251.09,252.84,2623787
2025-04-15,HCLTech,37246.89,37498.76,36803.35,37225.71,2937964
2025-04-15,Infosys,8016.63,8062.04,7965.68,7992.21,4249273
2025-04-15,TCS,6376.47,6451.31,6320.17,6372.71,2553902
2025-04-15,Wipro,251.05,254.0,246.64,248.59,5099714
2025-04-16,HCLTech,37486.01,37581.31,37220.39,37411.93,3463590
2025-04-16,Infosys,7946.31,7996.4,7853.9,7934.86,3403475
2025-04-16,TCS,6326.01,6397.1,6296.57,6352.27,2157411
2025-04-16,Wipro,253.37,256.49,251.23,254.38,3906406
2025-04-17,HCLTech,37229.56,37429.12,36864.22,37086.83,1817383
2025-04-17,Infosys,7805.13,7892.08,7729.45,7795.6,2920459
2025-04-17,TCS,6334.33,6390.37,6295.16,6362.63,2552884
2025-04-17,Wipro,256.95,260.19,255.66,258.24,3370976
2025-04-18,HCLTech,37303.65,37724.02,37137.06,37491.61,2584456
2025-04-18,Infosys,7936.2,7971.69,7853.75,7889.9,3295620
2025-04-18,TCS,6455.41,6499.64,6381.17,6432.63,1749102
2025-04-18,Wipro,254.01,256.37,252.93,254.1,3664862
2025-04-21,HCLTech,36809.1,36969.3,36720.04,36896.91,2515655
2025-04-21,Infosys,7906.55,7982.5,7859.83,7959.77,2990199
2025-04-21,TCS,6585.46,6596.0,6523.22,6560.69,1696522
2025-04-21,Wipro,258.39,260.79,254.99,256.91,3254405
2025-04-22,HCLTech,36891.21,37331.67,36594.41,36857.92,1746471
2025-04-22,Infosys,7886.8,7921.84,7859.35,7913.27,5298698
2025-04-22,TCS,6538.37,6552.99,6456.06,6531.72,2006452
2025-04-22,Wipro,254.19,256.1,252.08,254.68,4427316
2025-04-23,HCLTech,36583.29,36635.08,36111.33,36221.75,3123056
2025-04-23,Infosys,7957.72,7976.32,7899.61,7956.83,2876630
2025-04-23,TCS,6566.69,6573.78,6478.57,6535.82,1984598
2025-04-23,Wipro,256.21,258.11,253.74,256.0,3252202
2025-04-24,HCLTech,35960.64,36574.06,35901.18,36172.02,2946604
2025-04-24,Infosys,8057.92,8157.5,8018.09,8082.65,3524642
2025-04-24,TCS,6671.33,6742.89,6642.42,6649.16,1927021
2025-04-24,Wipro,253.08,258.65,250.57,256.74,5089397
2025-04-25,HCLTech,35973.91,36041.62,35317.25,35686.38,3899035
2025-04-25,Infosys,8185.22,8247.17,8098.2,8198.85,2370207
2025-04-25,TCS,6578.15,6633.3,6555.75,6564.0,1651065
2025-04-25,Wipro,256.12,256.4,253.31,255.2,4593662
2025-04-28,HCLTech,36065.13,36476.61,35712.28,36099.29,2871242
2025-04-28,Infosys,8192.75,8218.85,8093.05,8148.56,3286142
2025-04-28,TCS,6611.43,6658.83,6554.62,6630.44,2541812
2025-04-28,Wipro,253.64,253.93,251.98,253.29,4185915
2025-04-29,HCLTech,36346.79,36608.51,35940.1,36352.93,2180842
2025-04-29,Infosys,8004.37,8099.59,7960.11,8009.38,3021429
2025-04-29,TCS,6611.41,6634.11,6539.03,6575.45,1860006
2025-04-29,Wipro,256.35,257.93,253.69,254.92,2661966
2025-04-30,HCLTech,36314.1,36428.84,35931.9,36098.01,2881694
2025-04-30,Infosys,7828.53,7965.14,7756.15,7888.91,3663019
2025-04-30,TCS,6598.26,6654.44,6519.71,6587.12,2660097
2025-04-30,Wipro,247.95,252.68,247.61,250.89,3070325
2025-05-01,HCLTech,37053.84,37185.19,36300.54,36688.63,3361787
2025-05-01,Infosys,7850.71,7882.44,7764.7,7864.68,3682166
2025-05-01,TCS,6570.45,6651.56,6551.38,6578.44,2005103
2025-05-01,Wipro,246.61,249.25,245.24,247.08,3936389
2025-05-02,HCLTech,36311.32,36488.08,36041.11,36236.17,2369164
2025-05-02,Infosys,8011.3,8043.01,7929.32,8009.35,4248434
2025-05-02,TCS,6513.98,6555.71,6506.47,6527.7,2276941
2025-05-02,Wipro,252.98,255.33,248.79,251.45,3979512
2025-05-05,HCLTech,36461.76,36816.68,36188.97,36254.25,3083280
2025-05-05,Infosys,7946.47,8028.66,7893.94,7945.14,4181477
2025-05-05,TCS,6481.22,6510.63,6441.86,6475.98,2236001
2025-05-05,Wipro,252.59,255.37,250.6,253.48,4827149
2025-05-06,HCLTech,35817.85,36073.96,35601.65,35979.74,1623411
2025-05-06,Infosys,7912.52,7980.7,7855.22,7894.07,3157844
2025-05-06,TCS,6463.89,6565.56,6405.09,6498.0,1696033
2025-05-06,Wipro,247.76,248.78,245.82,247.68,2233981
2025-05-07,HCLTech,36298.46,36526.12,36041.05,36392.76,3492175
2025-05-07,Infosys,7857.13,7946.71,7776.54,7841.49,2649242
2025-05-07,TCS,6577.0,6648.21,6485.81,6562.52,2152409
2025-05-07,Wipro,242.71,245.24,241.87,243.34,3436522
2025-05-08,HCLTech,36517.26,37076.92,36307.18,36760.07,3051365
2025-05-08,Infosys,7792.79,7811.68,7714.98,7797.34,2712117
2025-05-08,TCS,6541.31,6633.52,6471.19,6560.99,2941188
2025-05-08,Wipro,233.68,235.15,231.91,234.25,4728987
2025-05-09,HCLTech,37380.94,37766.08,37020.59,37475.49,1563047
2025-05-09,Infosys,7763.12,7876.47,7671.79,7802.12,3399738
2025-05-09,TCS,6579.03,6606.83,6529.79,6571.36,2103220
2025-05-09,Wipro,239.97,242.36,237.5,238.21,3739118
2025-05-12,HCLTech,37663.06,37875.07,37375.98,37558.89,2806793
2025-05-12,Infosys,7674.81,7703.19,7628.53,7689.04,3302593
2025-05-12,TCS,6600.72,6626.94,6535.1,6611.58,2395046
2025-05-12,Wipro,239.12,242.64,237.99,241.28,3643084
2025-05-13,HCLTech,36110.72,36170.88,35671.65,36073.21,1747542
2025-05-13,Infosys,7775.42,7832.45,7710.49,7795.78,3369404
2025-05-13,TCS,6554.94,6598.72,6543.32,6560.4,2297453
2025-05-13,Wipro,236.62,239.26,234.86,236.7,2897496
2025-05-14,HCLTech,36200.35,36458.95,35830.11,35895.29,2300886
2025-05-14,Infosys,7779.06,7860.48,7746.2,7788.38,2875218
2025-05-14,TCS,6595.01,6638.87,6546.9,6610.75,2126669
2025-05-14,Wipro,239.96,240.54,239.23,239.58,4943131
2025-05-15,HCLTech,37102.66,37233.31,36403.17,36730.98,2978098
2025-05-15,Infosys,8053.34,8124.37,8014.24,8029.99,4265665
2025-05-15,TCS,6662.96,6737.83,6588.56,6666.35,2075999
2025-05-15,Wipro,249.89,252.08,247.31,248.41,3630247
2025-05-16,HCLTech,36580.51,36888.06,36170.12,36604.99,2530219
2025-05-16,Infosys,7937.61,7945.73,7894.16,7924.15,2383604
2025-05-16,TCS,6872.1,6881.74,6794.71,6831.32,2231357
2025-05-16,Wipro,241.55,243.12,241.08,241.74,4978027
2025-05-19,HCLTech,35556.94,35818.96,35305.03,35675.56,3342884
2025-05-19,Infosys,8111.48,8137.61,8074.09,8083.46,2843562
2025-05-19,TCS,6845.03,6899.61,6736.44,6815.23,2329849
2025-05-19,Wipro,240.65,241.23,238.52,239.19,5362581
2025-05-20,HCLTech,36146.5,36572.44,35558.29,35941.62,2633354
2025-05-20,Infosys,8213.2,8305.14,8158.96,8226.46,2579845
2025-05-20,TCS,6801.84,6876.45,6770.97,6794.25,1526098
2025-05-20,Wipro,232.6,234.34,231.46,232.68,5205525
2025-05-21,HCLTech,36473.27,36746.7,35935.93,36248.03,2580598
2025-05-21,Infosys,8244.96,8264.65,8151.07,8192.9,3069013
2025-05-21,TCS,6848.1,6929.07,6833.29,6848.64,2101408
2025-05-21,Wipro,236.98,237.77,234.76,236.8,3974150
2025-05-22,HCLTech,36000.44,36262.68,35881.02,35922.69,3238824
2025-05-22,Infosys,8184.3,8221.86,8092.15,8161.2,4106060
2025-05-22,TCS,6925.06,6981.5,6859.89,6906.66,1927707
2025-05-22,Wipro,236.64,237.63,235.58,236.51,3630821
2025-05-23,HCLTech,35965.09,36332.1,35540.49,35840.97,2430245
2025-05-23,Infosys,8082.36,8106.79,8015.8,8078.55,3021036
2025-05-23,TCS,6905.43,6984.49,6805.34,6880.89,1849364
2025-05-23,Wipro,235.92,237.34,234.66,234.95,3581693
2025-05-26,HCLTech,35556.03,35980.02,35168.92,35460.48,2586946
2025-05-26,Infosys,8018.24,8036.08,7975.18,7997.94,3265609
2025-05-26,TCS,6845.52,6876.02,6815.24,6863.44,2591767
2025-05-26,Wipro,236.85,238.03,234.77,236.04,5929635
2025-05-27,HCLTech,35590.94,36106.09,35555.34,35763.8,2656063
2025-05-27,Infosys,7982.41,8086.77,7915.26,8005.1,3654646
2025-05-27,TCS,6902.87,6938.74,6835.21,6904.55,1727228
2025-05-27,Wipro,232.18,235.05,231.38,233.81,3834022
2025-05-28,HCLTech,35622.27,36105.55,35426.32,35835.6,2565135
2025-05-28,Infosys,7943.73,8027.82,7919.41,8014.4,2992435
2025-05-28,TCS,6821.68,6868.47,6802.17,6860.95,1513149
2025-05-28,Wipro,232.58,233.83,230.04,232.26,4937833
2025-05-29,HCLTech,35289.9,35669.29,35239.55,35298.7,3279054
2025-05-29,Infosys,7849.02,7923.32,7840.66,7869.05,3454495
2025-05-29,TCS,6867.59,6948.58,6780.37,6843.34,2345011
2025-05-29,Wipro,234.34,234.62,231.2,233.55,4405150
2025-05-30,HCLTech,35302.89,35443.44,35153.8,35337.66,2275389
2025-05-30,Infosys,8121.66,8191.67,8001.71,8096.21,3364576
2025-05-30,TCS,6901.4,6976.83,6807.78,6856.65,1505414
2025-05-30,Wipro,233.27,234.45,229.19,231.13,3683960
2025-06-02,HCLTech,35068.11,35397.98,34605.47,35020.55,2202185
2025-06-02,Infosys,8081.41,8094.61,8068.21,8078.69,2552284
2025-06-02,TCS,6928.08,6937.15,6906.07,6926.33,1360100
2025-06-02,Wipro,227.87,230.55,226.11,229.33,3802602
2025-06-03,HCLTech,35766.31,36092.77,35360.61,35789.32,2102601
2025-06-03,Infosys,8088.17,8157.3,8049.67,8092.82,2916218
2025-06-03,TCS,6850.73,6905.01,6789.76,6896.74,2398397
2025-06-03,Wipro,229.6,231.32,226.75,228.82,5068140
2025-06-04,HCLTech,35984.41,36547.1,35677.34,36285.99,1694088
2025-06-04,Infosys,8011.45,8077.61,7947.26,8040.03,3435175
2025-06-04,TCS,6804.31,6838.58,6731.16,6791.27,2064507
2025-06-04,Wipro,228.84,230.78,227.66,229.34,4025088
2025-06-05,HCLTech,35896.93,36652.47,35716.18,36270.38,3498239
2025-06-05,Infosys,7956.55,8103.75,7916.18,8022.18,4135421
2025-06-05,TCS,6664.02,6708.71,6619.57,6683.02,2198314
2025-06-05,Wipro,232.26,232.94,230.09,231.98,3652936
2025-06-06,HCLTech,36490.14,36811.48,36163.61,36358.53,2171360
2025-06-06,Infosys,8043.72,8122.34,7954.21,7995.73,4134650
2025-06-06,TCS,6601.77,6683.83,6578.8,6615.58,1830632
2025-06-06,Wipro,233.0,236.33,231.69,234.58,3403893
2025-06-09,HCLTech,36806.59,37254.38,36754.31,36926.32,2478844
2025-06-09,Infosys,7996.49,8081.37,7924.92,8003.47,4865883
2025-06-09,TCS,6558.66,6576.79,6529.65,6545.73,1516289
2025-06-09,Wipro,228.46,228.8,227.16,228.48,4264427
2025-06-10,HCLTech,36843.16,37291.09,36669.22,36885.09,3550571
2025-06-10,Infosys,7995.75,8053.32,7934.79,8010.18,3526275
2025-06-10,TCS,6549.81,6613.32,6469.1,6544.56,1577734
2025-06-10,Wipro,234.97,236.07,232.23,234.5,3607453
2025-06-11,HCLTech,37226.26,37652.69,36867.84,37328.18,2527255
2025-06-11,Infosys,8073.4,8177.56,8019.29,8096.21,2946116
2025-06-11,TCS,6472.87,6528.86,6419.71,6482.83,1894034
2025-06-11,Wipro,233.48,236.75,231.21,234.91,4504477
2025-06-12,HCLTech,37988.81,38304.53,37733.8,38159.15,2881734
2025-06-12,Infosys,8169.64,8234.43,8039.35,8126.71,3159331
2025-06-12,TCS,6436.73,6483.14,6372.99,6449.91,1550638
2025-06-12,Wipro,235.82,237.67,232.41,233.67,6653375
2025-06-13,HCLTech,37774.4,38063.36,37538.55,37948.76,1956961
2025-06-13,Infosys,8234.67,8277.2,8186.28,8204.24,3128012
2025-06-13,TCS,6415.65,6432.35,6357.52,6413.1,2126670
2025-06-13,Wipro,227.84,230.75,225.26,230.06,4436710
2025-06-16,HCLTech,39080.87,39340.57,38808.21,38886.07,3439005
2025-06-16,Infosys,8178.63,8227.42,8128.18,8211.92,2949320
2025-06-16,TCS,6387.5,6472.33,6322.83,6395.74,1823313
2025-06-16,Wipro,239.43,240.56,236.96,238.62,5738025
2025-06-17,HCLTech,39638.4,39827.11,39198.06,39684.88,2537531
2025-06-17,Infosys,8283.91,8298.28,8213.57,8243.49,3454721
2025-06-17,TCS,6457.89,6531.03,6439.89,6480.5,2075401
2025-06-17,Wipro,245.37,250.65,243.81,249.15,3467133
2025-06-18,HCLTech,40002.11,40349.97,39713.84,39877.89,2120925
2025-06-18,Infosys,8223.46,8259.46,8211.91,8228.47,3487023
2025-06-18,TCS,6520.68,6565.59,6478.52,6527.52,2063032
2025-06-18,Wipro,257.43,259.27,255.75,257.85,4586375
2025-06-19,HCLTech,39835.43,40244.53,39478.75,39685.59,2120616
2025-06-19,Infosys,8315.77,8372.94,8217.9,8337.13,2530455
2025-06-19,TCS,6543.83,6577.09,6482.33,6536.83,2160861
2025-06-19,Wipro,259.38,261.6,256.12,258.6,5141892
2025-06-20,HCLTech,39934.26,40102.38,39687.44,39872.36,3645547
2025-06-20,Infosys,8368.27,8472.46,8292.33,8378.59,3978022
2025-06-20,TCS,6514.51,6589.63,6500.59,6518.17,2210113
2025-06-20,Wipro,261.57,263.96,257.37,260.4,5271205
2025-06-23,HCLTech,39948.41,40389.77,39608.04,39791.72,2312377
2025-06-23,Infosys,8344.41,8472.36,8316.22,8371.9,2216191
2025-06-23,TCS,6472.35,6566.46,6455.21,6501.24,1867063
2025-06-23,Wipro,267.5,268.07,265.21,267.68,5166260
2025-06-24,HCLTech,39410.68,39773.89,39108.71,39407.92,2130150
2025-06-24,Infosys,8316.03,8383.88,8270.91,8362.3,3060732
2025-06-24,TCS,6549.34,6614.33,6476.91,6528.97,2074958
2025-06-24,Wipro,266.32,269.18,265.05,266.73,4013288
2025-06-25,HCLTech,40025.48,40500.57,39444.91,39758.9,2384280
2025-06-25,Infosys,8387.96,8483.33,8331.51,8360.66,4026968
2025-06-25,TCS,6515.57,6623.14,6446.79,6572.02,2096666
2025-06-25,Wipro,270.51,273.39,267.74,269.54,4779222
2025-06-26,HCLTech,39407.73,39533.27,38951.38,39249.05,2623701
2025-06-26,Infosys,8365.35,8446.56,8293.97,8373.11,3613327
2025-06-26,TCS,6518.02,6597.47,6464.15,6527.19,1230436
2025-06-26,Wipro,272.48,275.5,269.67,270.86,3263428
2025-06-27,HCLTech,39303.15,39542.0,39050.79,39119.39,2680156
2025-06-27,Infosys,8398.66,8453.12,8336.25,8376.92,2979501
2025-06-27,TCS,6525.26,6566.09,6516.14,6538.02,2276074
2025-06-27,Wipro,283.04,283.5,278.3,280.6,5516364
2025-06-30,HCLTech,38818.7,39311.3,38365.88,38997.63,2841644
2025-06-30,Infosys,8340.46,8436.39,8237.78,8330.41,4744165
2025-06-30,TCS,6431.16,6487.38,6353.11,6428.16,2060885
2025-06-30,Wipro,285.84,291.26,282.41,288.17,3306412
2025-07-01,HCLTech,38364.12,38724.44,37975.43,38314.67,2724986
2025-07-01,Infosys,8436.27,8510.94,8389.22,8416.86,2930391
2025-07-01,TCS,6460.51,6495.72,6432.75,6449.09,2238837
2025-07-01,Wipro,287.32,288.49,284.3,287.69,5140354
2025-07-02,HCLTech,38379.07,39152.91,37968.03,38725.72,2959259
2025-07-02,Infosys,8437.9,8574.8,8396.99,8510.72,2144187
2025-07-02,TCS,6525.39,6574.98,6479.14,6502.27,1546166
2025-07-02,Wipro,291.87,297.33,290.06,295.93,4928351
2025-07-03,HCLTech,38924.81,39345.35,38551.95,38658.5,2461970
2025-07-03,Infosys,8673.32,8733.72,8575.74,8704.95,3503276
2025-07-03,TCS,6480.17,6572.53,6404.19,6494.73,1877596
2025-07-03,Wipro,293.61,297.69,292.21,296.15,4922092
2025-07-04,HCLTech,39305.42,39567.48,38863.1,39425.65,3935143
2025-07-04,Infosys,8672.92,8704.91,8559.35,8652.21,2242178
2025-07-04,TCS,6623.03,6701.38,6548.12,6610.8,1607759
2025-07-04,Wipro,292.19,294.75,290.45,293.49,6046083
2025-07-07,HCLTech,39255.39,39570.95,38904.51,39348.74,2358022
2025-07-07,Infosys,8685.28,8828.19,8648.59,8731.91,2709762
2025-07-07,TCS,6571.64,6615.27,6493.36,6567.59,2321160
2025-07-07,Wipro,293.83,295.07,290.92,292.23,4937083
2025-07-08,HCLTech,38921.63,39532.06,38668.33,39183.28,3407538
2025-07-08,Infosys,8557.6,8586.4,8490.26,8544.2,3624443
2025-07-08,TCS,6554.1,6637.72,6489.39,6589.53,1510021
2025-07-08,Wipro,292.36,294.09,288.88,293.25,3067850
2025-07-09,HCLTech,38740.74,38842.77,38692.14,38747.63,2306448
2025-07-09,Infosys,8589.54,8651.57,8497.45,8639.86,2918235
2025-07-09,TCS,6636.14,6708.28,6542.64,6596.53,1660994
2025-07-09,Wipro,288.85,291.76,287.92,289.38,4500845
2025-07-10,HCLTech,38775.62,39275.18,38628.85,38826.62,1954155
2025-07-10,Infosys,8500.85,8534.24,8429.06,8500.26,3594024
2025-07-10,TCS,6569.9,6677.9,6542.77,6599.75,2225563
2025-07-10,Wipro,287.48,289.6,284.09,286.93,2741275
2025-07-11,HCLTech,39258.12,39619.94,38511.17,38909.06,1862824
2025-07-11,Infosys,8467.56,8520.79,8343.13,8410.5,2538392
2025-07-11,TCS,6610.9,6674.13,6571.83,6602.17,1763450
2025-07-11,Wipro,278.63,281.98,277.08,279.81,3927756
2025-07-14,HCLTech,39540.39,39940.43,39170.66,39374.27,2762957
2025-07-14,Infosys,8481.79,8525.91,8384.35,8454.24,3799413
2025-07-14,TCS,6625.93,6637.31,6542.22,6617.8,1661081
2025-07-14,Wipro,272.49,277.79,270.26,275.93,3675952
2025-07-15,HCLTech,39371.2,39904.07,39038.07,39470.61,3280196
2025-07-15,Infosys,8336.49,8496.43,8243.7,8401.54,2281792
2025-07-15,TCS,6683.68,6714.08,6607.98,6677.88,2397654
2025-07-15,Wipro,276.04,278.29,272.96,277.34,4544250
2025-07-16,HCLTech,40375.24,40826.62,40010.3,40706.24,2065365
2025-07-16,Infosys,8365.27,8412.15,8279.76,8335.52,4165670
2025-07-16,TCS,6760.2,6844.28,6726.7,6770.74,2417392
2025-07-16,Wipro,282.62,284.94,280.49,282.83,3392925
2025-07-17,HCLTech,40572.6,41260.7,40185.86,41029.16,2181499
2025-07-17,Infosys,8360.98,8451.11,8272.35,8297.23,2909786
2025-07-17,TCS,6797.87,6862.13,6745.56,6780.18,2310725
2025-07-17,Wipro,288.62,290.99,285.53,287.77,3413357
2025-07-18,HCLTech,40324.42,40858.76,40114.5,40527.71,2808743
2025-07-18,Infosys,8479.44,8543.38,8328.45,8380.41,4346550
2025-07-18,TCS,6806.28,6902.5,6777.18,6839.81,2369998
2025-07-18,Wipro,289.88,290.72,289.48,290.26,4421740
2025-07-21,HCLTech,39725.17,40386.88,39287.87,39985.14,2598678
2025-07-21,Infosys,8313.82,8370.07,8222.43,8297.25,2704855
2025-07-21,TCS,6805.02,6863.24,6773.8,6806.43,1909480
2025-07-21,Wipro,283.43,286.79,281.94,282.63,5059397
2025-07-22,HCLTech,40416.16,40784.68,40177.15,40347.18,2312622
2025-07-22,Infosys,8254.6,8324.97,8201.66,8302.04,4702545
2025-07-22,TCS,6851.11,6901.51,6779.4,6863.29,1919814
2025-07-22,Wipro,280.15,282.22,276.59,278.52,4002099
2025-07-23,HCLTech,39808.65,39930.03,39402.74,39836.94,2013066
2025-07-23,Infosys,8289.69,8322.69,8237.78,8274.57,2642217
2025-07-23,TCS,6811.59,6863.24,6803.99,6826.14,1756864
2025-07-23,Wipro,279.75,281.99,276.37,277.78,6365573
2025-07-24,HCLTech,40235.11,40561.11,40003.5,40231.7,2765790
2025-07-24,Infosys,8422.96,8511.73,8297.0,8366.69,2235267
2025-07-24,TCS,6912.69,6981.11,6863.34,6903.36,2068229
2025-07-24,Wipro,283.19,285.25,280.71,282.89,3734599
2025-07-25,HCLTech,40612.67,40974.73,40467.42,40801.95,2962690
2025-07-25,Infosys,8456.06,8543.77,8405.72,8462.71,3227705
2025-07-25,TCS,7076.17,7106.12,6972.01,7052.2,1799605
2025-07-25,Wipro,278.31,282.72,276.86,280.31,4582485
2025-07-28,HCLTech,41425.2,41651.86,41196.57,41394.35,2868706
2025-07-28,Infosys,8325.02,8374.31,8192.55,8288.62,4095744
2025-07-28,TCS,7046.97,7114.79,6997.86,7054.59,1834063
2025-07-28,Wipro,272.32,276.73,271.53,274.47,4282533
2025-07-29,HCLTech,40672.68,41445.63,40274.28,40956.75,2613823
2025-07-29,Infosys,8374.07,8496.08,8333.25,8403.65,3748322
2025-07-29,TCS,6943.78,7006.19,6885.47,6926.72,2254948
2025-07-29,Wipro,279.93,284.73,277.2,281.97,3734983
2025-07-30,HCLTech,41534.62,41665.93,41212.16,41552.59,2105115
2025-07-30,Infosys,8365.73,8449.48,8278.38,8352.66,4037982
2025-07-30,TCS,6903.67,6974.71,6871.97,6902.59,2534648
2025-07-30,Wipro,276.63,279.29,273.78,278.51,5199555
2025-07-31,HCLTech,41975.62,42065.79,41700.54,41805.2,2768823
2025-07-31,Infosys,8299.57,8405.53,8240.59,8386.8,3763144
2025-07-31,TCS,6970.01,7021.22,6957.37,6989.63,2165820
2025-07-31,Wipro,273.33,274.1,269.98,273.16,3347553
