Customer_ID,Age,Annual_Income,Purchase_Frequency,Average_Order_Value,Recency_Days,Website_Visits_Monthly,Discount_Usage_Pct,Annual_Spend,City,Preferred_Channel
102374,33,51400,3.9,500,168,6,80.9,1932.3,Bengaluru,Website
107803,47,169200,14.2,3640,22,17,24.9,51613.73,Chennai,Mobile App
105124,29,84100,7.3,1320,64,16,56.1,9675.98,Delhi,Marketplace
106109,28,87600,9.7,1930,42,13,28.3,18696.83,Bengaluru,Mobile App
106012,38,57800,9.1,1770,67,9,57.9,16079.51,Hyderabad,Website
103828,28,71000,9.6,1630,37,10,48,15630.74,Chennai,Website
102408,38,57000,3.9,730,154,6,77.1,2881.05,Pune,Marketplace
105833,28,106600,8.4,1850,51,12,45.8,15553.13,Chennai,Website
107435,37,158300,20.4,4470,25,33,31.5,91230.16,Mumbai,Mobile App
105652,38,85600,6.9,1830,54,12,48.8,12542.24,Mumbai,Website
101689,32,49000,3.8,920,129,5,68.9,3472.16,Bengaluru,Marketplace
101594,34,57300,3.4,980,135,5,61.9,3315.65,Pune,Mobile App
103881,27,75900,10.6,1570,44,12,53.1,16729.97,Delhi,Website
106172,37,82800,10.4,1720,34,13,35,17942.87,Hyderabad,Marketplace
108548,27,149800,20.2,5080,12,33,23.6,102861.84,Delhi,Mobile App
101264,51,41600,3.1,1170,82,5,71.9,3640.52,Hyderabad,Website
105318,41,86200,11.1,1900,50,11,34.6,21070.74,Delhi,Website
101671,57,57500,3.2,960,118,6,72.7,3107.95,Bengaluru,Marketplace
106474,38,100200,7,2130,55,16,24.2,14866.18,Mumbai,Website
101375,44,68500,3,450,44,5,55.9,1351.14,Chennai,Website
102226,36,53500,4.4,900,114,6,70.2,3904.55,Pune,Website
105545,36,79600,7.1,1210,62,17,54.2,8618.68,Bengaluru,Website
103886,,53900,7.2,1870,59,12,40,13451.19,Pune,Mobile App
106489,35,79000,10.5,1840,52,11,43.1,19344.95,Hyderabad,Marketplace
101609,34,60200,4.2,930,155,4,57.5,3879.45,Delhi,Mobile App
108517,49,129300,18.2,3700,21,25,21.4,67353.66,Delhi,Website
102756,35,45800,4.2,830,131,3,76.1,3494.89,Mumbai,Website
100094,30,54200,3.7,930,170,7,55.3,3389.57,Mumbai,Website
106512,36,113400,17.1,4330,20,17,17.1,74046.14,Mumbai,Marketplace
105247,34,75900,9.4,1910,37,17,30,17891.61,Hyderabad,Marketplace
103947,24,86300,8.8,1830,58,16,49.4,16179.43,Mumbai,Marketplace
102267,37,58300,3.1,620,87,6,82.6,1921.25,Chennai,Mobile App
108029,38,162200,19.6,4830,24,22,12.3,94516.08,Pune,Marketplace
102447,35,39600,2.9,870,178,5,88.3,2498.63,Bengaluru,Mobile App
106022,31,85300,9.1,1990,58,10,49.9,18189.57,Delhi,Marketplace
104857,25,98200,8.6,2060,44,12,44.6,17677.66,Bengaluru,Website
100790,34,40400,4.5,760,138,7,71.2,3449.69,Bengaluru,Website
100081,43,70300,3.8,720,116,7,65.3,2775.76,Bengaluru,Website
102544,42,48800,4.2,760,125,5,61.2,3208.73,Chennai,Website
103419,43,68300,9.6,1800,43,18,48.5,17204.49,Mumbai,Marketplace
103435,37,67700,7.5,2010,56,15,55.9,15027.02,Delhi,Mobile App
100654,33,47200,4.2,880,109,6,80,3744.57,Bengaluru,Marketplace
106452,38,102900,8.8,1500,50,16,49.6,13271.79,Delhi,Website
104562,30,93000,9.9,2320,57,16,40,22924.68,Hyderabad,Mobile App
104774,31,74600,11,2270,52,12,40.2,24974.54,Pune,Mobile App
107189,43,141400,15.5,5180,20,25,35.7,80447.99,Hyderabad,Mobile App
101039,39,66200,4.4,790,188,7,62.2,3446.67,Mumbai,Website
101865,35,66600,3.5,820,66,5,61,2884.42,Pune,Mobile App
102707,38,55300,3.6,570,84,5,67,2075.49,Mumbai,Mobile App
105024,37,95500,7.3,2150,41,14,26.6,15731.24,Pune,Website
103297,37,89900,9.2,2190,40,10,36.8,20184.67,Pune,Mobile App
102084,37,62100,4.2,930,94,6,66.4,3900.29,Pune,Mobile App
102664,48,44600,3.2,900,155,6,77.9,2902.53,Bengaluru,Website
107677,45,129500,22.2,3070,21,27,14.1,67913.56,Chennai,Marketplace
107190,32,135200,14.5,3730,16,22,29.1,54017.59,Pune,Mobile App
105689,35,102800,8.8,1390,51,16,40.9,12272.15,Hyderabad,Website
104396,26,68300,7.3,1710,50,14,46.6,12408.66,Pune,Website
106135,25,86500,10.2,2020,55,15,43.6,20679.75,Bengaluru,Mobile App
104620,21,85600,7.5,1820,27,12,55.2,13645.07,Hyderabad,Website
104454,40,57500,7.6,1820,55,15,51.9,13775.85,Bengaluru,Mobile App
105310,30,74600,7.9,1940,39,15,43.9,15396.28,Mumbai,Marketplace
103020,37,94400,8.2,1880,44,14,43.1,15404.43,Bengaluru,Marketplace
105968,27,66900,8.5,1490,40,9,48.1,12657.58,Chennai,Mobile App
100319,32,55000,3.8,990,125,6,55.3,3710.28,Mumbai,Marketplace
100510,42,50300,4.4,590,127,5,71,2578.57,Chennai,Mobile App
101403,36,43700,2.8,810,135,4,66.2,2297.96,Bengaluru,Mobile App
102621,30,49900,3.5,790,81,6,65.3,2791.85,Chennai,Mobile App
106837,36,175900,15.8,3730,22,25,19.9,58880.75,Bengaluru,Website
105295,27,84500,7.8,1520,56,14,48,11825.7,Mumbai,Mobile App
104195,39,93900,7.8,2140,38,10,38.1,16562.1,Hyderabad,Marketplace
101627,45,58500,4.3,900,98,5,66.3,3852.59,Delhi,Mobile App
100737,33,50300,4.2,790,44,6,78.5,3312.63,Hyderabad,Marketplace
107538,51,150100,19,3130,15,22,14.2,59526.27,Hyderabad,Website
103784,31,67600,9.1,1920,77,10,48.5,17416.81,Mumbai,Marketplace
104984,33,76300,9,2360,40,10,37.6,21319.47,Hyderabad,Mobile App
104076,38,87200,7,1820,33,12,41,12729.71,Pune,Mobile App
104996,37,91900,9.5,1540,54,14,35.1,14676.78,Hyderabad,Marketplace
103839,44,67100,10.5,1490,63,13,40.5,15662.25,Delhi,Mobile App
104375,30,81300,8.4,2160,60,12,59.4,18146.83,Bengaluru,Website
105207,38,81900,8,940,48,15,44.1,7512.26,Chennai,Mobile App
102190,34,38300,3.1,710,109,6,76.9,2207.41,Bengaluru,Marketplace
102523,33,39200,3.9,670,156,7,58.7,2610.68,Delhi,Website
100625,40,49500,3.7,730,72,8,66.2,2670.87,Bengaluru,Mobile App
100249,50,59300,3.4,780,150,9,71.5,2638.59,Bengaluru,Marketplace
108081,42,133200,15.7,2890,16,31,23.8,45475.66,Delhi,Marketplace
100880,37,60700,4,960,144,8,74.5,3804.94,Mumbai,Mobile App
106856,48,116400,18.7,3440,15,26,3.7,64447.63,Delhi,Mobile App
100621,47,44800,3.4,680,154,6,81.6,2278.18,Chennai,Website
103525,34,71100,10.5,1420,56,13,45.5,14856.8,Chennai,Marketplace
108296,38,137800,15.3,3890,14,28,7.5,59434.78,Chennai,Mobile App
104694,40,88200,6.4,1870,30,16,34.2,12045.44,Hyderabad,Marketplace
107258,38,133600,15.1,4200,19,28,23.2,63600.82,Pune,Mobile App
106225,43,90600,9.6,1880,60,18,46.6,18037.56,Hyderabad,Mobile App
102908,39,50200,3.4,770,32,7,70.2,2621.65,Bengaluru,Marketplace
108608,40,159800,13.8,4780,14,14,23,65935.62,Pune,Website
100519,29,51800,4.2,940,102,6,66.8,3921.2,Delhi,Marketplace
102450,43,69100,3.4,720,156,4,88.9,2474.92,Bengaluru,Mobile App
107771,29,130200,16.2,3960,17,27,19.9,64157.75,Pune,Website
107453,36,133500,16.2,4030,19,25,16.7,65070.8,Delhi,Mobile App
104921,31,82700,9.6,1620,49,10,41.8,15586.42,Pune,Website
107492,34,116500,15,3150,26,29,27.5,47297.97,Bengaluru,Website
100268,30,58800,2.5,630,112,5,60.3,1591.58,Mumbai,Marketplace
100648,37,46200,2.7,960,130,8,59.9,2587.35,Delhi,Mobile App
105236,38,68700,10.6,2110,32,12,36.3,22389.86,Delhi,Mobile App
101663,29,61000,3.9,910,157,7,77.4,3489.69,Bengaluru,Marketplace
101035,38,64500,4.5,810,170,6,68.1,3665.46,Delhi,Marketplace
100583,37,55500,3.2,660,30,6,74.6,2101.59,Mumbai,Mobile App
106742,35,150900,15,5980,20,26,11.6,89907.88,Chennai,Website
105867,,54400,13.4,2170,34,12,46.8,29091.16,Hyderabad,Marketplace
106505,46,113600,14,3900,14,27,19.8,54652.75,Mumbai,Mobile App
102246,45,48900,3.6,790,161,6,73.7,2858.06,Chennai,Website
100089,40,47100,4.2,660,138,7,67.5,2798.92,Hyderabad,Website
101003,33,51500,2.9,810,125,4,78,2339.02,Mumbai,Marketplace
108376,45,139000,15.8,4590,20,23,3.3,72370.53,Hyderabad,Website
101730,38,58900,3.7,740,145,5,72.4,2764.79,Bengaluru,Mobile App
100677,34,48400,4.2,730,104,5,77,3080.37,Hyderabad,Marketplace
107708,48,139400,22,5290,24,26,2,116134.77,Bengaluru,Marketplace
104025,30,,10.8,1530,56,13,30.7,16509.73,Bengaluru,Website
103470,43,86200,6.7,1220,71,14,49.4,8247.62,Hyderabad,Marketplace
104323,24,75800,9.9,1490,31,12,44.9,14718.9,Chennai,Mobile App
103498,36,86400,6.4,1540,63,14,46.8,9801.4,Pune,Mobile App
101766,37,47500,3.3,710,91,8,60.4,2351.87,Delhi,Mobile App
101296,34,40500,3.7,930,119,5,65.1,3493.27,Chennai,Website
107279,44,167100,16.2,4290,16,19,15,69462.67,Delhi,Website
108833,44,123500,18.3,3010,17,12,13.6,54961.08,Mumbai,Mobile App
107088,37,145300,21.7,4090,17,27,25.5,88778.99,Hyderabad,Website
105369,38,91100,8.7,1410,57,11,51,12229.81,Bengaluru,Marketplace
102076,31,66000,3.7,860,139,8,71.5,3231.48,Hyderabad,Marketplace
108804,49,155700,15.5,4950,22,22,27.4,76917.4,Mumbai,Mobile App
106900,47,150600,19.2,3540,24,31,24,67899.38,Bengaluru,Marketplace
105246,40,72900,10.8,1910,18,13,39.7,20556.47,Bengaluru,Mobile App
104768,44,100500,8.4,1630,45,14,42.2,13591.73,Chennai,Website
108436,35,167200,19.7,4840,20,24,2,95279.42,Mumbai,Mobile App
106839,41,138700,11.7,3010,20,24,29.6,35262.75,Delhi,Mobile App
104792,21,62800,9.2,1390,39,13,49.3,12699.02,Bengaluru,Mobile App
103474,37,76000,8,2020,48,14,46.4,16084.75,Mumbai,Mobile App
100709,45,44200,4,820,142,6,50.9,3248.44,Delhi,Website
108205,43,175700,12.5,4220,11,33,10.7,52912.94,Hyderabad,Mobile App
100077,43,47800,2.9,740,131,7,62.6,2142.73,Bengaluru,Website
102685,34,54100,3,820,137,5,72.2,2490.74,Pune,Marketplace
101200,27,58400,3.9,950,104,5,75.9,3727.4,Hyderabad,Marketplace
104925,31,98300,7,1900,49,9,32.9,13236.47,Bengaluru,Mobile App
106831,36,175200,25.2,3780,28,21,30.3,95344.64,Bengaluru,Mobile App
107982,44,161400,17.7,4280,17,30,22.8,75780.83,Delhi,Marketplace
106061,39,97300,10.1,1560,39,14,45.4,15771.31,Mumbai,Mobile App
104904,30,78700,5,1630,68,9,35.1,8127.7,Pune,Mobile App
105609,40,78700,9.5,2130,62,15,49.2,20221.61,Pune,Mobile App
101919,39,40400,3.1,790,174,6,83.2,2433.68,Hyderabad,Website
106419,34,91100,8.2,1720,65,13,45.1,14118.77,Mumbai,Marketplace
106532,45,194700,24,3730,17,31,29.2,89609.29,Hyderabad,Marketplace
104772,29,58900,9,1010,60,20,43.5,9069.7,Pune,Marketplace
103483,35,77400,9.2,1110,52,10,44.3,10266.02,Delhi,Mobile App
106087,21,98900,8.9,1690,48,12,31.8,14996.25,Hyderabad,Marketplace
106006,33,101300,11.7,1870,75,15,59.5,21777.5,Chennai,Website
105471,27,101700,8.8,2370,49,12,47.6,20916.86,Hyderabad,Mobile App
100170,43,45200,3.9,980,102,4,64.3,3812.82,Hyderabad,Mobile App
106648,47,139400,14.2,4200,18,23,18.2,59389.68,Mumbai,Marketplace
100448,33,42700,3.9,820,117,5,71.9,3184.33,Delhi,Mobile App
107108,34,116800,17.5,3930,22,28,11.6,68834.89,Chennai,Marketplace
104217,,81200,5,1730,34,16,40.6,8703.33,Delhi,Mobile App
100593,42,51900,3.1,860,164,6,62.8,2646.28,Mumbai,Website
102240,34,43700,3.2,940,124,6,68.7,2985.71,Mumbai,Website
103544,35,89300,9.5,1470,41,12,54.7,14019.27,Chennai,Mobile App
102648,35,56500,3.2,900,184,7,66.9,2847.54,Hyderabad,Website
104373,28,93700,8.5,1930,59,11,32.7,16409.36,Bengaluru,Website
108122,38,160200,17.9,5290,22,23,19,94605.31,Delhi,Mobile App
104392,24,80500,7.1,2050,50,15,57.9,14516.77,Delhi,Marketplace
104330,26,86000,7.4,1920,63,13,51.9,14232.2,Mumbai,Website
103107,39,71100,7.2,2150,45,11,57.9,15546.35,Hyderabad,Website
104707,32,89600,10.8,1860,64,11,52.9,20037.1,Bengaluru,Marketplace
105598,23,83600,8.6,1560,53,12,46.3,13456.98,Bengaluru,Website
101920,26,46900,4.5,860,101,7,67.7,3825.87,Delhi,Website
102224,52,57700,3.7,910,129,5,65.5,3386.29,Pune,Marketplace
102493,38,44100,2.4,750,144,5,75.4,1770.16,Hyderabad,Mobile App
102971,32,51600,3.7,820,135,6,75.8,3088.11,Chennai,Mobile App
105683,29,78500,7.3,2070,70,12,36.9,15120.29,Pune,Mobile App
108961,39,163300,16.1,5160,18,30,24.6,83321.55,Delhi,Mobile App
102454,35,53300,3.9,1090,149,6,60.6,4284.48,Chennai,Mobile App
104185,27,98900,9.6,1730,30,17,54,16558.09,Hyderabad,Website
106376,29,83400,9,1530,47,9,45.3,13731.73,Pune,Mobile App
100096,29,42900,4.8,760,123,6,74.9,3661.43,Bengaluru,Mobile App
103890,26,96000,7.2,1670,56,16,42,12012.42,Bengaluru,Website
108705,35,152400,20.4,3190,26,26,20.9,65087.44,Bengaluru,Website
101128,35,42300,2.7,840,69,5,81.4,2293.73,Pune,Website
107802,38,162100,20,4270,19,27,23.5,85368.84,Bengaluru,Mobile App
103740,36,88500,7.8,1660,68,12,49.4,13036.04,Mumbai,Mobile App
105874,41,77300,8.6,2210,36,12,33.5,18974.38,Hyderabad,Marketplace
106224,40,85100,9.2,1780,62,17,50.5,16317.26,Delhi,Marketplace
101514,35,45300,2.7,820,106,7,76.8,2229.42,Mumbai,Marketplace
108497,54,124900,20.9,3670,24,27,19.9,76620.81,Pune,Marketplace
105131,31,97700,6.5,2340,78,17,39.5,15132.56,Bengaluru,Marketplace
107306,38,136800,17.8,3670,14,28,23.1,65187.46,Delhi,Website
100568,36,49100,2.3,690,178,6,66.2,1605.02,Bengaluru,Website
101794,38,59700,3.3,780,108,6,79.2,2567.83,Bengaluru,Mobile App
106612,37,108000,17,3930,17,25,25,66760.1,Pune,Marketplace
105352,26,106900,11.5,1770,42,12,49.7,20404.38,Hyderabad,Website
108350,39,126600,13.8,4170,11,30,11,57494.7,Bengaluru,Marketplace
106758,43,134800,14.4,4020,7,28,22.7,58039.4,Pune,Mobile App
102229,34,55600,4.1,580,94,6,69.8,2338.98,Bengaluru,Website
103186,37,77100,8.5,1640,48,13,48.2,13930.12,Mumbai,Mobile App
101643,40,56300,3,940,126,6,76.2,2834.58,Bengaluru,Website
108504,,116200,17,4450,18,24,16.8,75558.43,Mumbai,Website
101047,36,39800,4,780,99,4,67.9,3129.73,Bengaluru,Marketplace
105023,22,87300,8.7,1860,57,12,39.1,16249.54,Chennai,Website
100701,37,53300,3.3,810,134,6,69.2,2708.83,Chennai,Mobile App
108109,45,135300,18.5,4170,5,27,24.9,77172.62,Pune,Website
103657,40,92200,8.8,2080,71,14,43.5,18199.08,Hyderabad,Marketplace
106429,22,114600,11.9,1720,41,9,55,20376.72,Pune,Marketplace
102808,44,45300,2.7,830,148,8,75.9,2223.7,Delhi,Marketplace
104581,38,98500,9.6,1230,60,13,40.3,11818.21,Bengaluru,Marketplace
100120,42,62400,4.2,680,97,7,73.2,2882.86,Mumbai,Marketplace
108977,42,107600,11.5,4140,11,23,15.5,47597.04,Delhi,Marketplace
101019,51,55500,3.9,670,146,6,67.9,2622.67,Hyderabad,Website
101127,37,37900,3.6,820,119,6,81.3,2984.39,Chennai,Mobile App
103266,40,92800,9.3,2170,44,12,34.7,20071.67,Mumbai,Marketplace
106709,34,151700,17,4020,18,23,4.3,68539.5,Chennai,Website
105969,33,96600,8.6,1370,24,13,39.7,11768.35,Chennai,Mobile App
105965,29,98500,7.8,1380,47,12,38.3,10713.86,Bengaluru,Website
101836,37,55300,4.1,700,130,5,79,2859.71,Pune,Mobile App
103101,28,79600,10.3,2030,65,8,57,20841.63,Pune,Website
108998,,114800,17.5,4110,16,21,15.6,72090.17,Pune,Marketplace
108751,46,116000,19.5,3710,17,28,32.2,72506.97,Delhi,Marketplace
103523,38,65700,10.9,2130,56,12,38.7,23109.1,Mumbai,Marketplace
106382,29,83800,6.2,1650,43,13,49.8,10216.36,Delhi,Website
100762,40,55900,3.6,710,102,6,60.9,2582.27,Mumbai,Marketplace
107782,43,154000,17.8,5210,13,24,16.1,92857.25,Hyderabad,Mobile App
101211,44,52600,3.3,990,107,6,74.8,3228.26,Mumbai,Website
104435,29,80500,8.2,1690,20,12,37.7,13833.03,Chennai,Website
100316,47,52800,3.2,870,137,7,58.9,2784.13,Mumbai,Marketplace
103685,34,86300,9.3,1730,62,9,49.6,16112.93,Hyderabad,Mobile App
101373,38,57100,4.2,710,111,8,83.8,2956.57,Mumbai,Website
104012,34,85600,6.2,1760,55,16,54.4,10957.47,Mumbai,Marketplace
105472,26,88200,7.7,1880,52,16,47.4,14451.53,Delhi,Marketplace
103151,37,81800,8.4,1820,70,18,35.4,15185.7,Chennai,Marketplace
105242,40,66900,7.6,1680,50,15,51.9,12816.38,Hyderabad,Website
104968,33,101600,9.5,1980,38,12,49.9,18770.15,Chennai,Marketplace
103132,22,92800,7.3,1410,53,13,46.5,10232.51,Bengaluru,Website
101254,35,42800,4.4,830,57,5,63.1,3621.13,Pune,Website
106685,41,131500,16.1,3040,22,27,16.5,48992.27,Hyderabad,Marketplace
100361,41,38900,3.7,670,96,7,71.5,2457.91,Pune,Mobile App
104594,38,87000,9.2,1960,52,13,37.9,17953.45,Pune,Website
108954,55,155700,18.5,4420,16,26,11.9,81958.65,Mumbai,Website
101422,32,47000,4.1,590,103,5,55.5,2405.18,Pune,Website
103788,24,60200,8.4,710,31,15,44.1,5960.46,Delhi,Marketplace
101091,40,45800,2.7,900,135,5,52.7,2459.1,Bengaluru,Marketplace
108786,39,153200,16.2,3140,27,27,19,50860.96,Chennai,Website
106977,40,153400,20.4,3080,18,34,11.2,62850.7,Bengaluru,Website
101651,42,52000,2.9,770,122,6,72.5,2211.63,Pune,Website
102150,39,36800,3.5,900,72,6,83.4,3141.91,Pune,Mobile App
106587,48,148300,20.6,3610,15,34,2,74362.72,Hyderabad,Marketplace
104329,29,89500,7.8,2360,74,13,44,18530.1,Pune,Marketplace
104956,21,76200,11.2,2040,62,13,56.5,22778.22,Chennai,Website
102037,43,53800,4.2,830,95,8,66.9,3484.53,Pune,Mobile App
107161,51,161700,17.6,4290,23,23,25.6,75621.01,Hyderabad,Marketplace
102007,44,53600,4.1,950,128,7,64.6,3870.6,Hyderabad,Marketplace
107908,49,128600,16.5,4340,11,31,23.5,71356.87,Bengaluru,Website
102088,42,50600,3.3,820,162,6,77.5,2682.02,Chennai,Website
104952,39,71100,6.2,1450,49,14,43.9,9004.54,Mumbai,Website
105823,32,63400,7.6,1990,45,17,31.4,15135.01,Delhi,Mobile App
101069,37,44400,3.4,990,71,8,71.1,3321.67,Mumbai,Mobile App
100458,39,53000,3.3,860,109,9,76.2,2862.88,Bengaluru,Website
100213,34,46000,4.1,870,95,5,66.7,3588.53,Mumbai,Marketplace
100555,32,53400,3,940,119,6,83.8,2868.11,Delhi,Marketplace
102023,39,48400,3.1,770,140,5,72.4,2348.91,Mumbai,Marketplace
107273,34,108300,18.1,4570,26,22,19,82523.62,Delhi,Website
100922,43,58300,3.6,710,105,6,58.8,2536.44,Chennai,Marketplace
108921,33,170100,19.2,3380,13,22,35,64716.47,Delhi,Website
100765,30,51200,3,800,131,7,73.5,2411.68,Chennai,Mobile App
101340,38,37000,3,900,167,7,78.5,2740.04,Mumbai,Website
108587,39,132600,15.7,3730,24,25,21.7,58464.26,Hyderabad,Website
100108,41,49200,3.8,870,83,7,90,3283.03,Delhi,Mobile App
101596,30,53100,2.8,570,142,6,70.1,1570,Pune,Website
105066,33,87100,7.9,1680,47,11,53.4,13338.86,Chennai,Website
103887,36,84600,7.9,1640,61,14,51.4,12941.21,Mumbai,Website
107457,32,186200,18,3890,16,26,28.3,69932.06,Delhi,Marketplace
101319,35,48500,2,930,97,8,64.5,1821.82,Chennai,Marketplace
108754,35,170900,18.4,4070,16,23,18.6,74926.54,Bengaluru,Mobile App
102869,44,43800,2.7,510,117,4,72.5,1363.19,Delhi,Mobile App
106044,32,88100,10.1,1620,70,16,42.5,16388.61,Hyderabad,Marketplace
101942,38,48800,5.1,750,144,5,69.1,3839.74,Delhi,Mobile App
108748,50,170100,19.5,5790,11,13,6.4,112704.22,Delhi,Mobile App
100240,33,58600,1.8,640,120,6,71.6,1189.02,Chennai,Mobile App
101058,31,43300,2.3,790,60,6,81.2,1784.83,Mumbai,Website
106007,38,71500,11.4,1560,43,9,52.2,17849.07,Delhi,Mobile App
100223,36,45900,3.7,790,146,6,62.9,2886.05,Pune,Marketplace
108736,48,108600,11.9,3820,14,20,16.5,45538.01,Mumbai,Marketplace
106394,31,90600,12,1420,41,15,40.8,17017.37,Hyderabad,Mobile App
101154,42,42300,4.7,720,138,6,70.2,3406.92,Mumbai,Website
107024,39,116800,14.1,4550,13,30,13.2,64060.59,Pune,Website
101722,46,,3.5,810,91,7,81.3,2851.7,Hyderabad,Mobile App
100132,43,52800,4.6,740,152,6,68.6,3380.81,Mumbai,Marketplace
107621,,204400,19.3,4950,8,23,25.2,95798.7,Bengaluru,Website
108045,45,131700,15.2,4260,24,19,15.7,64897.5,Hyderabad,Marketplace
105830,38,74800,10.4,1400,70,13,39,14584.91,Chennai,Mobile App
107817,40,136100,13.4,5300,21,27,7.8,71036.24,Hyderabad,Website
108483,32,117300,14.7,4840,24,30,19.7,71335.51,Hyderabad,Website
101484,38,59000,3.5,1020,62,4,73.7,3515.69,Pune,Marketplace
104569,37,71800,8.1,1900,66,12,40.3,15470.12,Delhi,Mobile App
104743,44,70500,9.2,1680,49,12,48.9,15438.38,Chennai,Marketplace
102234,34,54100,4.4,530,144,4,79.8,2339.34,Pune,Mobile App
102692,30,40500,4.6,960,63,5,73.8,4424.74,Delhi,Marketplace
104542,32,76200,7.9,1690,46,13,58.9,13447.64,Bengaluru,Mobile App
103515,48,86800,11.2,2280,52,16,39.2,25535.41,Delhi,Mobile App
104211,46,85600,10,1720,47,10,38.5,17281.12,Hyderabad,Mobile App
102211,37,62200,3.2,710,130,6,58,2307.08,Pune,Mobile App
104133,22,116100,11,1810,67,11,51.8,19962.86,Hyderabad,Website
101795,43,52400,4.3,660,125,6,52.8,2838.34,Mumbai,Website
101196,38,52600,4,620,154,6,61.3,2449.87,Mumbai,Marketplace
101544,36,66300,3.3,720,99,6,68.1,2381.94,Bengaluru,Website
103520,35,69800,9.3,2370,35,11,31.4,21897.77,Mumbai,Marketplace
108643,37,143800,17.5,4110,16,30,22.2,71880.8,Chennai,Website
100961,33,50700,3.4,740,123,8,69.2,2513.59,Delhi,Website
108767,44,152600,16.7,4220,19,17,17.2,70690.28,Hyderabad,Marketplace
102482,32,43600,2.8,750,157,7,76.6,2076.98,Delhi,Mobile App
106070,40,79700,8.8,1830,47,13,47.3,16133.85,Chennai,Marketplace
101727,42,49200,3,840,105,6,73.7,2501.32,Pune,Marketplace
102322,34,53800,3.3,750,123,4,67,2443.68,Pune,Marketplace
102927,38,45200,2.7,1010,144,6,84.4,2737.04,Chennai,Website
106152,30,,7.4,1740,62,10,33.5,12834.29,Chennai,Website
108107,27,124200,18.3,4010,22,25,2.9,73479.03,Delhi,Mobile App
105506,42,114500,10.9,1570,74,11,48.3,17197.86,Pune,Marketplace
105101,31,75200,10.5,1350,66,15,53.4,14136.69,Bengaluru,Marketplace
103913,35,105500,12,2150,47,13,50.5,25728.3,Chennai,Mobile App
101088,38,66800,4.1,920,76,6,74.6,3709.45,Chennai,Mobile App
105602,29,74500,7.8,1900,38,14,44.6,14919.11,Chennai,Marketplace
104354,34,96000,9.1,1530,41,15,38.6,13961.8,Bengaluru,Marketplace
104867,36,59500,8.9,1820,60,12,60.5,16155.93,Mumbai,Mobile App
107890,44,148800,16.3,3470,20,17,19.3,56575.08,Chennai,Marketplace
101791,22,48000,2.6,730,144,7,73.3,1917.21,Bengaluru,Mobile App
102509,33,41400,2.7,550,124,6,77.6,1487.49,Hyderabad,Marketplace
108193,38,167500,21.4,3430,20,24,26.8,73550.79,Pune,Mobile App
103704,32,103900,7.9,1610,47,10,48.9,12691.39,Pune,Marketplace
108623,35,152700,17.8,3660,14,20,4.6,65244.79,Delhi,Website
102604,37,38800,3.9,740,114,5,72.4,2848.74,Mumbai,Mobile App
105427,31,83300,11.1,1670,40,14,50.3,18481.35,Hyderabad,Website
101150,31,56300,3.8,740,71,6,69.9,2819.6,Pune,Mobile App
104293,36,88600,10.1,1990,52,14,57.3,20055.62,Bengaluru,Website
104175,34,69400,7.8,1800,40,8,48.7,14037.05,Chennai,Website
101323,50,52200,3.1,940,114,5,71.8,2924.6,Chennai,Marketplace
101692,35,60800,4,890,86,7,81.1,3564.48,Mumbai,Website
105815,44,76900,7.6,1320,45,11,39.2,10069.21,Hyderabad,Mobile App
105642,41,51400,9.4,2290,65,10,54.6,21525.94,Mumbai,Mobile App
101503,42,48400,4,870,163,6,75.6,3427.01,Hyderabad,Mobile App
101560,25,56900,2.9,780,164,8,80.2,2273.6,Pune,Mobile App
104871,31,78400,10.6,1200,57,13,47.4,12689.28,Delhi,Marketplace
107050,42,182200,16,3860,21,21,29.3,61787.69,Chennai,Marketplace
105839,37,82600,7.9,1550,59,15,54.3,12276.1,Hyderabad,Mobile App
100322,38,61300,4.7,850,94,7,48.9,3976.3,Chennai,Mobile App
105459,36,74100,9.3,1560,41,16,46.8,14466.73,Pune,Mobile App
102437,43,37200,3.5,690,128,6,85.6,2373.23,Chennai,Marketplace
107101,46,153300,19.6,4140,19,33,18.4,81291.19,Chennai,Website
101072,32,54700,2.8,870,194,6,77.6,2434.4,Chennai,Website
105600,30,68700,10.4,1580,25,9,65,16401.17,Bengaluru,Mobile App
103602,32,86900,11.3,2090,56,16,48.8,23658.37,Mumbai,Website
108881,44,135000,12.7,3310,21,23,25.2,42017.8,Chennai,Marketplace
103078,31,99700,9,1810,47,14,44.2,16367.49,Pune,Mobile App
108933,45,176400,18.7,3320,22,22,12.3,62128.51,Pune,Marketplace
103083,38,88400,10.1,1140,44,16,42.9,11468.96,Mumbai,Mobile App
101607,31,33900,4.3,810,132,5,80.2,3518.44,Delhi,Website
101045,37,53500,3.6,840,129,4,79.2,3044.11,Mumbai,Website
103033,30,80200,6.3,1930,39,11,55.8,12182.76,Bengaluru,Website
108836,36,164800,18.9,3990,22,31,20,75408.99,Chennai,Marketplace
107880,50,131700,12.4,4140,23,24,26.1,51445.82,Mumbai,Mobile App
103778,35,81900,11.1,1900,43,9,52,21118.29,Hyderabad,Mobile App
106049,24,79700,10,2630,55,11,31.9,26254.03,Pune,Website
101316,39,53700,2.9,880,125,6,85.2,2555.91,Delhi,Marketplace
108317,48,142300,23.7,4520,20,23,14.9,107135.76,Delhi,Marketplace
107175,37,153300,18.6,4600,16,22,26.8,85533.32,Hyderabad,Mobile App
106262,30,74400,9.6,1620,55,8,40.7,15516.28,Chennai,Marketplace
106799,48,134200,22.6,4100,11,28,14.4,92580.89,Hyderabad,Website
101085,37,57700,4,820,57,4,71.9,3274.46,Mumbai,Website
101923,43,37600,4,880,138,6,82.3,3491.29,Hyderabad,Marketplace
104229,41,61800,9.5,1570,55,13,37.4,14860.14,Bengaluru,Website
108989,33,142700,21.6,4070,14,32,6.7,88087.87,Pune,Mobile App
103384,24,69000,11.1,1150,73,15,43.3,12742.41,Pune,Website
107383,53,149900,21.9,4300,17,20,26.8,94180.54,Delhi,Mobile App
101808,41,48300,3.5,810,136,7,70.6,2810.58,Chennai,Mobile App
104085,33,64300,8.8,1630,75,13,46.8,14383.66,Delhi,Website
107978,41,136500,19.4,3090,13,19,8.7,59886.92,Pune,Website
105552,35,102000,9.6,1430,58,16,44.9,13724.4,Pune,Website
107117,37,171900,18.3,4400,15,22,8,80394.79,Bengaluru,Website
104419,36,78100,5.5,1750,61,17,39.4,9655.13,Chennai,Mobile App
106337,29,87900,6.8,1540,42,12,45.1,10396.68,Pune,Mobile App
102303,50,61400,3.6,880,117,8,56.9,3188.57,Mumbai,Marketplace
105686,35,82000,7.4,2020,43,11,42.4,15018.44,Delhi,Marketplace
102068,49,50600,3.3,660,101,7,60,2190.8,Delhi,Marketplace
104818,25,88000,8.3,2160,44,10,47.4,17827.59,Bengaluru,Website
103690,25,92400,10.1,2060,55,16,42.3,20846.29,Mumbai,Mobile App
104307,37,83200,7.7,2130,57,14,43.7,16305.08,Hyderabad,Mobile App
106080,31,101200,5.7,1460,34,17,44.6,8246.79,Chennai,Mobile App
102901,31,59600,3.9,870,191,5,63.8,3399.75,Chennai,Website
106333,37,,8.1,1460,51,16,49.7,11918.2,Hyderabad,Mobile App
107176,42,178400,15.5,3030,26,21,18.5,47170.92,Chennai,Mobile App
108544,47,150900,13.1,3870,20,18,17.7,50749.5,Pune,Marketplace
105014,21,89400,7.1,2540,57,14,44.8,18121.56,Chennai,Marketplace
103718,34,77300,7.5,1620,68,14,34.1,12171.45,Delhi,Marketplace
103528,36,94300,8.4,2160,48,10,57.2,18209.47,Chennai,Website
104472,34,78700,10.2,1920,69,14,51.5,19502.36,Bengaluru,Website
106366,43,83100,6.3,1760,44,12,60.6,11083.41,Pune,Marketplace
100331,31,52100,4.5,980,132,7,75,4358.63,Pune,Marketplace
107720,40,161100,9.5,3860,15,23,24.2,36526.11,Pune,Mobile App
106183,39,101400,9.7,2420,49,13,47.3,23433.12,Chennai,Website
105271,37,105000,9.1,1730,62,16,42.8,15806.56,Delhi,Website
107155,30,133000,18.2,4260,19,30,39.8,77404.14,Pune,Mobile App
107380,33,129600,17.7,4100,17,26,18.3,72694.75,Hyderabad,Mobile App
104270,31,83100,12.5,2240,58,14,57.5,27935.83,Pune,Mobile App
108812,36,98900,13.4,4230,22,27,10.9,56612.89,Hyderabad,Website
107663,37,158300,19.1,4420,21,27,29.5,84703.59,Mumbai,Mobile App
108128,39,152800,24.1,4400,24,24,11.6,106091.24,Delhi,Mobile App
102255,23,55200,2.9,820,156,6,53.9,2378.98,Delhi,Website
102153,35,46400,4.9,890,128,7,72.4,4393.33,Delhi,Mobile App
108234,54,145800,16.1,4680,14,24,19.4,75196.04,Hyderabad,Mobile App
107132,46,152600,17.9,4560,6,33,2,81559.73,Hyderabad,Website
102628,32,41700,3.1,860,37,7,64.3,2655.92,Pune,Mobile App
100107,36,49200,3.5,950,110,7,66,3342.26,Mumbai,Marketplace
104344,32,88600,9.6,1890,40,13,42.4,18233.65,Pune,Mobile App
101314,47,32800,3.7,1020,102,7,65.1,3822.04,Hyderabad,Marketplace
102400,37,54600,3.3,930,150,7,72.5,3058.15,Delhi,Marketplace
108371,33,153000,18.6,3630,21,21,19,67349.51,Mumbai,Website
106316,32,53200,7.3,1410,57,11,44.2,10280.04,Pune,Marketplace
100015,37,50000,3.4,620,107,6,63.6,2074.46,Delhi,Mobile App
107376,36,157400,16.9,5200,15,25,27,87682.59,Delhi,Marketplace
101124,43,53800,4.2,750,92,5,48.9,3180.67,Chennai,Website
106953,37,151700,14.8,3340,29,17,22.7,49350.36,Bengaluru,Marketplace
103429,31,76400,6.1,2050,34,14,37.6,12589.97,Bengaluru,Website
100287,46,48700,3.9,1010,193,5,71.1,3973.23,Chennai,Mobile App
107232,44,145000,11.2,4500,21,22,18.3,50542.84,Delhi,Marketplace
107570,44,161200,15.1,5930,21,28,28.1,89720.96,Delhi,Marketplace
107289,44,103600,22.2,4770,15,31,24.4,105903.84,Delhi,Website
104353,36,103500,6.4,2130,63,8,42.4,13648.6,Bengaluru,Marketplace
104047,31,86700,8,1590,44,15,47.5,12805.31,Bengaluru,Marketplace
107182,39,172200,21.3,3360,18,25,25.6,71563.98,Chennai,Mobile App
101935,36,36300,3.9,740,40,4,74.5,2886.01,Hyderabad,Mobile App
107916,39,124800,16.2,4590,17,29,12.3,74255.27,Pune,Website
104448,35,75100,9.6,1460,40,13,42.5,14004.79,Mumbai,Mobile App
107224,40,153000,20.5,3490,23,25,7.4,71566.04,Hyderabad,Mobile App
104660,42,76100,9.7,2060,54,13,52.7,20051.19,Pune,Mobile App
106690,48,139800,15.6,5040,13,28,8.5,78651.08,Mumbai,Marketplace
100512,30,44900,2.9,730,115,8,74.5,2123.64,Pune,Marketplace
105767,44,105800,9.9,1870,72,13,42,18470.24,Mumbai,Mobile App
101570,32,56800,3.4,710,130,7,57.6,2426.51,Mumbai,Marketplace
105132,39,63600,7.1,1640,54,14,60.6,11668.45,Delhi,Mobile App
106621,48,160600,15.2,5600,12,24,27.9,85360.77,Mumbai,Mobile App
101781,33,47800,3.1,1100,118,8,72.7,3393.8,Chennai,Mobile App
101374,29,54800,2.7,840,150,9,95,2271.76,Chennai,Mobile App
104078,27,89500,9.2,1960,47,13,37.9,18134.17,Mumbai,Marketplace
108783,42,116600,19.3,4300,17,19,23,83060.53,Delhi,Website
103245,32,105300,9.3,1360,55,14,54.8,12619.67,Pune,Mobile App
108049,38,137700,14.2,4650,14,18,18.1,66254.89,Delhi,Mobile App
107298,36,144500,11,4080,18,21,31,44977.95,Pune,Website
104611,36,97400,10,2190,72,17,35.5,21912.53,Bengaluru,Marketplace
101350,33,39500,3.5,680,136,7,58.5,2381.91,Pune,Website
108152,39,148500,12.6,3810,18,21,21.1,48200.44,Chennai,Mobile App
103378,28,92900,10.9,1630,34,11,41.6,17786.83,Mumbai,Mobile App
105317,34,93000,9.6,970,37,13,46.3,9263.34,Bengaluru,Marketplace
104506,35,86500,8.9,1520,44,14,44.5,13563.73,Hyderabad,Mobile App
107048,38,158900,14.7,5260,11,24,13.3,77570.06,Bengaluru,Mobile App
102288,40,40400,3.8,990,144,6,69.9,3737.09,Mumbai,Marketplace
106089,42,85400,9.5,1880,57,13,37.9,17828.68,Bengaluru,Website
104424,29,82900,12.8,1230,64,14,45,15653.68,Delhi,Marketplace
101415,36,47100,3.6,930,207,5,71.8,3327.51,Hyderabad,Mobile App
100966,41,55200,3.6,710,122,7,75.8,2570.25,Chennai,Mobile App
103480,28,81100,8.6,1610,15,13,37.2,13859.49,Chennai,Marketplace
103317,29,100000,8.6,1240,53,8,33.4,10653.75,Hyderabad,Marketplace
106868,39,103500,18.1,3570,19,30,25.4,64657.71,Pune,Mobile App
105961,29,82100,8.1,1690,52,12,42.4,13743.78,Bengaluru,Website
102073,34,35500,4.3,800,85,7,66.8,3442.86,Mumbai,Mobile App
102514,24,40300,2.8,750,122,5,70.1,2132.08,Bengaluru,Marketplace
101528,43,49400,2.7,1040,108,5,85.1,2842.24,Mumbai,Website
102129,41,42600,3.4,1000,131,5,60.6,3421.85,Mumbai,Mobile App
101401,42,44800,3,730,79,5,85.6,2228.55,Hyderabad,Marketplace
100587,30,57200,4.2,710,98,5,57.2,3006.06,Mumbai,Website
106241,39,85400,10,1580,45,14,54.4,15907.05,Mumbai,Mobile App
104693,40,65600,9.3,1340,20,21,37.3,12418.82,Hyderabad,Marketplace
103376,39,100400,6.2,2200,52,13,53.8,13611.98,Pune,Mobile App
101993,41,47200,4.8,750,156,5,72.4,3567.79,Mumbai,Mobile App
108534,43,144900,19.2,3490,18,27,10.4,66812.76,Delhi,Mobile App
102405,43,,3.5,910,137,6,77.3,3190,Chennai,Marketplace
107452,50,169700,12,5810,15,37,16.2,69626.8,Mumbai,Marketplace
102856,34,39400,3.4,670,115,5,70.2,2293.09,Chennai,Marketplace
101615,34,42100,3.8,510,116,8,68.9,1940.76,Hyderabad,Marketplace
105935,35,69000,8.8,1830,69,16,53.6,16134.54,Mumbai,Marketplace
101407,34,48100,4.4,630,119,7,85.9,2765.25,Delhi,Marketplace
103648,32,68600,6.2,2080,54,12,59,12973.29,Mumbai,Mobile App
108618,44,139100,17.1,5250,24,21,20.8,89936.1,Chennai,Mobile App
103782,,73500,9.5,1570,26,10,40.6,14916.98,Delhi,Mobile App
100731,37,52000,2.1,940,86,6,76,1978.68,Pune,Website
106150,40,104000,7.5,1980,49,9,43,14863.88,Chennai,Mobile App
107732,48,167000,15.6,4670,12,25,26.4,72669.64,Delhi,Mobile App
107111,42,173100,17,4250,23,25,8.6,72280.89,Chennai,Website
103007,35,80200,9.7,2110,58,14,40.9,20545.45,Mumbai,Marketplace
104124,27,56000,7.2,1820,52,9,44.9,13052.73,Chennai,Mobile App
102349,37,35100,3.6,810,157,7,71.1,2910.77,Bengaluru,Website
108758,44,181800,16.6,2690,15,27,27.3,44657.57,Hyderabad,Marketplace
107417,38,158300,20.6,4400,24,27,19.4,90798.31,Bengaluru,Marketplace
104951,34,96500,6.2,2070,59,16,42.1,12814.15,Mumbai,Mobile App
104843,33,86300,6.4,2060,58,13,42.7,13191.46,Chennai,Marketplace
100669,45,52100,3.5,780,105,7,41.3,2716.76,Mumbai,Marketplace
108242,45,160100,15.5,4230,16,32,19.9,65410.88,Pune,Mobile App
102292,43,45000,3.7,840,97,5,78.4,3069.94,Mumbai,Website
102030,34,42800,4,820,97,5,79.2,3265.61,Pune,Website
107387,51,154600,15.3,4020,14,25,14.5,61302.78,Bengaluru,Website
105301,33,88800,9.9,1960,46,19,38.7,19484.76,Bengaluru,Website
101964,53,50800,3.7,730,92,7,70.6,2731.79,Hyderabad,Mobile App
108230,46,148000,18.8,5570,14,29,26.2,104359.4,Delhi,Mobile App
102276,31,70000,3,740,118,5,69.4,2212.88,Bengaluru,Marketplace
105837,29,86300,9.4,1870,43,11,45.7,17580.56,Mumbai,Marketplace
101878,36,57700,3.8,840,110,5,55.1,3224.02,Bengaluru,Mobile App
103170,39,98400,7,1460,36,15,45.7,10240.82,Delhi,Mobile App
102313,36,67700,4.3,650,173,6,66.1,2786.82,Mumbai,Marketplace
100624,40,61000,2.5,540,83,7,76.2,1344.74,Delhi,Mobile App
101056,49,50000,4.5,710,141,5,79.6,3197.28,Delhi,Website
106955,49,152200,19.6,3340,26,22,14.4,65565.79,Chennai,Marketplace
105764,26,89300,6,1870,52,14,24.7,11292.95,Mumbai,Marketplace
108123,38,161000,18,5240,14,27,2.9,94576.14,Delhi,Mobile App
100222,41,51700,3.5,950,92,6,77.8,3362.39,Delhi,Mobile App
102320,43,53200,4,910,115,6,66.6,3600.59,Chennai,Website
105781,42,87700,12.7,1600,46,10,53.8,20291.21,Pune,Mobile App
106467,29,59800,8.6,1750,42,14,33.7,15024.7,Mumbai,Marketplace
101431,40,60500,1.7,640,93,5,72.7,1073.04,Pune,Mobile App
106072,37,82400,8.1,1620,42,13,43.7,13171.7,Hyderabad,Marketplace
105077,40,82400,10.5,1560,60,12,53,16402.03,Delhi,Mobile App
104372,27,92000,7.4,1970,44,12,44.3,14484.04,Chennai,Mobile App
108950,39,160000,13.7,3210,17,25,16,43973.04,Bengaluru,Website
102474,37,41200,3.9,670,97,7,66.2,2652.76,Hyderabad,Mobile App
103086,43,61900,9.6,2330,58,19,45.7,22452.36,Hyderabad,Marketplace
104930,46,70400,7.1,1680,69,15,46.4,11899.89,Hyderabad,Mobile App
103123,21,82100,9,2290,63,12,49,20588,Delhi,Website
105419,35,93700,11.4,2220,51,15,45.4,25247.94,Delhi,Marketplace
101660,33,49200,2.6,930,115,5,63.4,2364,Pune,Website
104599,40,80300,10.6,1340,49,13,41.8,14149.71,Chennai,Marketplace
100764,41,,3.5,930,176,7,70.8,3275.54,Mumbai,Marketplace
102019,38,47400,4,930,110,9,80.2,3706.94,Mumbai,Mobile App
108907,44,131800,17,3720,20,26,8.6,63370.96,Mumbai,Marketplace
108766,27,179400,16.9,4160,13,29,34.5,70359.52,Mumbai,Marketplace
102575,34,53000,4.7,720,159,5,68.1,3381.8,Chennai,Mobile App
105390,27,89700,10.4,1390,64,15,48.6,14451.34,Bengaluru,Website
104236,34,81900,7.9,1670,50,8,26.6,13102.17,Chennai,Mobile App
106858,48,141500,24,3920,13,23,15.5,94250.26,Chennai,Marketplace
106637,46,174100,13.6,3220,13,20,12.6,43587.49,Chennai,Mobile App
105817,28,77100,8.3,1630,52,14,47.5,13515.45,Bengaluru,Website
107180,38,157200,18,4400,11,17,23.6,79213.27,Mumbai,Marketplace
108379,47,141900,18.4,4390,21,29,25.3,80989.26,Mumbai,Website
107178,33,169100,14.9,4520,16,23,16.9,67284.73,Bengaluru,Mobile App
105435,45,94200,11.7,1780,56,16,36.4,20835.48,Mumbai,Mobile App
105630,27,79500,9.1,1750,73,14,48.3,15981.96,Pune,Website
108224,43,157800,14.5,3170,19,21,21.2,45904.95,Chennai,Website
100305,38,48300,3.7,1010,142,5,83.6,3722.27,Delhi,Mobile App
103144,28,70800,5.1,2020,72,12,43.1,10337,Delhi,Mobile App
103210,30,80800,10.8,1630,44,11,45.8,17500.94,Hyderabad,Website
104487,42,80400,11.7,1430,43,14,42.5,16745.09,Delhi,Mobile App
108086,47,145100,22.1,4830,17,20,18,106663.58,Bengaluru,Mobile App
106697,42,153600,14,3920,18,28,14.2,54893.88,Mumbai,Marketplace
105163,37,102300,8.7,1860,59,15,35.6,16145.38,Hyderabad,Mobile App
103149,41,63500,11.1,1770,39,9,58.3,19644.73,Pune,Mobile App
102923,41,61300,3.2,760,143,7,64.2,2396.41,Mumbai,Marketplace
104360,25,86100,6.5,1750,54,13,51.8,11468.43,Mumbai,Website
106994,37,95800,19.2,3690,14,30,14.8,70763.6,Bengaluru,Marketplace
100564,30,42900,3,940,55,5,62.3,2806.7,Bengaluru,Marketplace
100829,40,55300,4.2,840,99,7,69.3,3532.4,Bengaluru,Mobile App
103099,35,78300,7.1,1320,40,7,47.3,9362.85,Mumbai,Marketplace
100734,41,51300,3.9,860,101,7,66.6,3313.87,Mumbai,Mobile App
100857,31,63500,4.5,600,63,6,64.6,2662.2,Bengaluru,Mobile App
103775,30,101600,4.8,1960,46,14,49.6,9346.02,Hyderabad,Marketplace
106287,33,65100,11.2,2110,45,15,34.5,23609.04,Pune,Website
102573,45,43700,3.7,820,121,7,66.2,3063.75,Hyderabad,Marketplace
101966,42,38800,2.4,1020,104,6,72,2423.74,Pune,Marketplace
107545,44,147900,13.7,3390,16,20,32.6,46614.01,Bengaluru,Marketplace
102111,40,44200,4,940,107,5,75.7,3795.13,Bengaluru,Website
104604,41,81700,7.8,1920,44,14,37.3,14978.44,Pune,Marketplace
106579,38,136600,17.8,4510,14,27,24.8,80178.52,Chennai,Mobile App
103249,36,96700,8.6,1690,61,14,44.1,14444.83,Delhi,Marketplace
105885,31,77600,9.3,1840,56,10,29.9,17128.36,Hyderabad,Website
102389,39,55700,3.1,610,104,5,78.2,1912.69,Bengaluru,Website
105523,43,79800,10.7,2030,44,17,52,21622.78,Mumbai,Marketplace
106783,45,152900,14,4040,23,25,37.8,56731.91,Delhi,Website
106602,30,146800,19.2,4730,14,23,30.5,90866.31,Hyderabad,Mobile App
108247,44,187200,12.7,3350,13,28,25.5,42416.41,Pune,Marketplace
104376,35,,9.8,1630,52,13,54.8,16011.89,Mumbai,Website
102889,45,49300,3.9,790,164,5,69.2,3122.49,Pune,Marketplace
105661,21,77400,9.8,1460,46,11,44.8,14268.57,Pune,Mobile App
106910,39,149500,20.2,4360,19,28,19,88215.88,Pune,Mobile App
103956,35,90800,11.9,1990,56,12,46.6,23683.52,Pune,Website
105445,34,100100,9.9,1930,79,12,52.8,18977.34,Chennai,Marketplace
100995,46,63200,4.8,800,105,6,75.7,3826.87,Hyderabad,Website
102755,32,52200,3,930,103,6,72.3,2781.16,Mumbai,Marketplace
104008,30,91000,10,1790,41,11,38.2,17827.52,Pune,Mobile App
106190,38,89400,9.7,1070,64,10,57,10390.42,Mumbai,Website
101163,34,58500,4.1,610,42,5,69.7,2516.39,Delhi,Marketplace
100038,41,57400,2.8,830,134,7,79.1,2353.14,Mumbai,Marketplace
107168,56,115500,14.6,3830,21,27,25.6,55843.44,Delhi,Mobile App
105938,43,62500,8.8,1670,62,11,53.9,14621.96,Delhi,Mobile App
100020,46,53800,3,760,144,5,71.8,2281.3,Hyderabad,Mobile App
108589,45,136000,21,4830,21,24,23.3,101379.12,Hyderabad,Mobile App
102550,41,51900,3.4,880,130,7,74.3,2986.66,Mumbai,Marketplace
101741,36,55200,3.2,480,85,7,64.1,1516.76,Mumbai,Mobile App
101113,44,42500,3.2,760,152,5,67.1,2410.6,Hyderabad,Marketplace
101841,37,63000,3.4,820,127,7,55.4,2756.53,Mumbai,Website
101023,44,48200,2.7,590,149,7,73.6,1565.69,Mumbai,Mobile App
100539,34,45500,2.8,900,186,6,64.6,2526.72,Pune,Website
105709,37,79200,9.6,1730,57,11,40.7,16680.01,Delhi,Website
101700,38,49200,4.6,1000,121,8,84.3,4597.02,Delhi,Website
103270,36,78900,9.1,1470,44,8,36.7,13307.96,Chennai,Mobile App
103904,40,63200,8.9,2170,43,14,44.4,19406.47,Pune,Marketplace
104324,24,100500,9,2250,58,15,47.7,20308.74,Delhi,Website
105941,45,96500,10.2,1370,51,15,51.1,13897.23,Mumbai,Marketplace
103734,42,78600,11.3,1510,46,15,32.1,17042.55,Chennai,Mobile App
104504,29,74500,8.6,1980,45,14,48,16997.67,Delhi,Mobile App
103464,28,94300,10,2260,31,15,48,22726.87,Chennai,Marketplace
101453,45,36700,4.5,870,142,5,75,3875.4,Delhi,Mobile App
100347,39,53500,3.6,830,149,6,78.3,2966.23,Hyderabad,Marketplace
104943,31,104100,9.6,1870,41,11,37.6,18029.49,Chennai,Marketplace
103591,38,82600,9,1940,45,13,43.4,17460.39,Mumbai,Website
106128,27,92500,10.9,1490,42,17,39.3,16269.94,Mumbai,Marketplace
106147,30,109500,9.7,1850,52,13,46.6,17880.31,Mumbai,Marketplace
103012,26,94100,11.7,1440,42,14,45.3,16864.01,Mumbai,Mobile App
108451,39,134400,17.8,3900,14,19,20.1,69306.43,Bengaluru,Mobile App
106461,26,50700,8.3,1640,40,15,40.7,13530.38,Hyderabad,Mobile App
103482,43,73300,8.8,1190,62,15,54.2,10501.7,Bengaluru,Mobile App
106576,44,143900,12.1,4270,15,19,25.8,51413.83,Chennai,Mobile App
106174,38,89500,9,2130,62,15,40.8,19275.02,Bengaluru,Mobile App
107153,50,143500,15.8,4500,17,31,11.2,71354.08,Delhi,Mobile App
108094,40,161400,19.9,4560,20,29,22.6,90692.44,Chennai,Website
105104,31,77100,6.7,1950,39,14,38.5,13077.15,Mumbai,Mobile App
103028,21,95900,9,1820,62,15,39,16367.36,Pune,Website
102623,36,51900,2.9,680,97,6,62.6,1937.82,Chennai,Mobile App
108351,28,160600,19.2,4350,20,30,29.2,83570.84,Delhi,Website
105021,35,81200,8.4,1940,46,14,35.6,16241.04,Mumbai,Marketplace
102969,42,45800,3.1,930,100,4,59.5,2910.72,Hyderabad,Website
103439,38,94200,10.3,1480,53,12,52.8,15318.11,Bengaluru,Mobile App
106518,38,61400,19.7,4090,22,17,12.6,80502.83,Mumbai,Marketplace
107704,33,155300,16.5,3730,13,33,19.7,61707.98,Delhi,Website
102922,38,44400,3.7,870,106,8,56,3236.08,Hyderabad,Marketplace
101079,42,59200,4.3,930,130,7,69.5,4022.47,Pune,Marketplace
106826,43,172100,16.9,4440,17,27,29.5,74972.97,Hyderabad,Marketplace
108593,38,169500,9.9,3670,25,16,32.4,36557.33,Hyderabad,Marketplace
104746,37,75200,10.4,1560,48,13,46.7,16171.47,Mumbai,Website
104831,26,95500,10.3,1750,23,10,55.3,18153.51,Mumbai,Website
102651,45,57700,3.6,750,112,7,70,2703.11,Bengaluru,Mobile App
107906,37,179200,20.5,3990,22,27,23.8,81963.27,Mumbai,Website
105877,46,108100,10.5,1900,59,11,47.5,20008.6,Hyderabad,Marketplace
108992,41,114200,18.3,6050,16,25,20.2,110706.66,Pune,Mobile App
100334,43,36400,4.4,570,132,5,77.5,2507.02,Delhi,Website
108854,46,144600,17.1,4000,9,26,12.7,68447.8,Bengaluru,Mobile App
108631,37,118900,16.3,4710,19,38,26.1,76782.12,Mumbai,Website
100933,42,50800,3.2,740,96,5,74.8,2372.51,Mumbai,Mobile App
105514,21,92800,8.7,1730,40,12,36.7,15144.01,Pune,Mobile App
106015,29,83000,8.8,1740,56,9,42.9,15255.25,Bengaluru,Website
103626,33,90800,10.5,1780,59,13,47.2,18753.33,Hyderabad,Marketplace
103396,35,102600,10.1,1720,68,7,40.6,17368.2,Delhi,Marketplace
107034,37,169800,19.8,3910,26,29,23.1,77671.34,Bengaluru,Mobile App
108817,35,173600,22.8,4110,17,29,31.1,93768.93,Chennai,Marketplace
104914,42,90000,6.3,1480,63,15,28.8,9347.56,Pune,Website
105622,29,51400,9.6,1650,69,12,49.2,15852.05,Bengaluru,Mobile App
101198,32,37800,3.9,740,83,5,65.8,2902.68,Delhi,Mobile App
103035,26,95300,9,1670,49,14,57,15091,Pune,Marketplace
102754,30,51400,3.2,910,135,6,80,2948.4,Delhi,Mobile App
108891,47,120600,15.5,4210,19,23,23.2,65269.01,Delhi,Marketplace
105588,26,89700,9.1,1180,61,15,44.8,10781.82,Chennai,Website
102390,42,61100,5.3,850,146,7,58.6,4472.2,Hyderabad,Mobile App
106367,30,95100,8.3,1970,44,14,50.3,16245.06,Chennai,Marketplace
104878,26,89600,7.6,1460,48,11,56.1,11056.57,Delhi,Website
106591,46,124000,18.9,4260,15,24,17.2,80677.14,Delhi,Website
101616,44,49500,2.4,940,110,6,68.7,2252.62,Mumbai,Marketplace
100024,43,74500,3.8,610,120,6,68.9,2335.53,Pune,Website
107368,42,163400,21,3330,16,34,20.9,69846.34,Hyderabad,Mobile App
107073,41,187000,14.8,4130,15,16,7.3,61270.1,Delhi,Website
107277,40,137000,7.1,4190,23,30,24.6,29598.68,Bengaluru,Website
100941,45,44100,2.6,520,119,5,58.6,1373.21,Mumbai,Marketplace
101011,43,59100,2.8,850,120,6,77.1,2352.89,Mumbai,Marketplace
108245,37,135000,14.9,3710,16,23,27.1,55242.68,Delhi,Mobile App
102064,37,37400,3.5,790,105,6,76.7,2730.15,Pune,Marketplace
106071,35,96400,8.8,1590,52,12,39.4,14030.58,Mumbai,Website
108418,35,150700,12.1,3370,13,25,17.1,40704.26,Delhi,Website
104398,21,92800,9,2430,51,15,40,21874.88,Hyderabad,Mobile App
102222,29,57000,3.5,980,138,8,70.5,3447.19,Chennai,Marketplace
104688,41,78000,10.3,1550,59,9,56.3,15902.44,Delhi,Website
108078,46,125500,16,4140,12,14,28.2,66251.06,Bengaluru,Mobile App
108129,44,119900,14.6,5640,17,26,25.5,82222.92,Delhi,Mobile App
104232,34,69400,13.2,1970,50,12,39.8,26098.22,Pune,Marketplace
100744,41,53000,3.7,860,166,5,69.6,3176.71,Delhi,Website
104242,21,80900,7.9,1930,41,14,42.7,15223.77,Bengaluru,Website
105468,35,63400,8.9,1450,40,11,42.2,12898.02,Mumbai,Mobile App
107737,41,127700,17.4,3270,28,24,13.6,56716.6,Bengaluru,Website
103650,33,84800,12.3,1550,64,17,46.7,19186.42,Delhi,Website
104081,35,80500,5.8,1160,64,13,49.9,6670.37,Bengaluru,Website
104732,31,93300,7.3,1800,49,16,40,13195.32,Chennai,Website
105647,35,76300,7.4,1670,56,13,45.4,12388.54,Chennai,Mobile App
100497,36,45200,2,750,147,7,73.4,1490.07,Mumbai,Mobile App
103003,31,91800,10.5,1640,41,11,36.3,17235.96,Bengaluru,Marketplace
104221,37,99100,10.3,1290,47,10,34.9,13265.2,Delhi,Marketplace
105350,38,101800,8.7,2110,61,12,47.9,18294.37,Chennai,Mobile App
107650,31,149600,20,4390,22,24,16.4,87992.66,Bengaluru,Mobile App
100034,46,56900,3.3,760,130,4,77.6,2497.71,Pune,Mobile App
102589,43,43300,3,700,71,6,77.2,2142.69,Delhi,Website
100051,40,55900,4.4,890,116,6,67.7,3941.33,Delhi,Website
106691,42,191700,15.9,4780,18,30,31.1,75987.91,Mumbai,Mobile App
106506,42,121200,20.9,3510,10,22,11,73344.59,Chennai,Marketplace
102363,37,47600,3.9,610,139,5,59.8,2357.33,Chennai,Website
102518,39,62300,3.7,670,155,4,62.9,2478.47,Bengaluru,Mobile App
101650,40,41600,3.6,680,108,6,79.5,2423.7,Hyderabad,Mobile App
102146,36,52700,4.2,900,118,4,71.7,3739.56,Hyderabad,Mobile App
100501,37,50600,3.6,640,131,7,82.1,2278.81,Mumbai,Marketplace
104673,36,96000,10.7,1920,60,14,36.2,20496.02,Hyderabad,Mobile App
105049,39,78400,10.2,2210,68,12,53.7,22541.84,Bengaluru,Marketplace
102511,23,42800,3.5,740,92,5,74.3,2596.26,Hyderabad,Website
105324,39,104300,7.4,2000,40,12,45.3,14745.1,Chennai,Website
103862,34,95500,7.5,1970,40,15,43,14854.18,Pune,Mobile App
103458,29,90200,9.5,2270,44,16,46.8,21672.75,Mumbai,Mobile App
103786,34,76600,8.2,2350,57,15,60,19169.12,Chennai,Website
102674,30,39900,4,600,115,6,63.9,2411.37,Bengaluru,Mobile App
107640,43,182200,8.3,4100,19,27,22.3,33917.86,Chennai,Website
103880,,95400,9.8,2110,36,11,33.3,20765.54,Delhi,Website
108305,36,184800,17.7,3970,16,22,23.2,70327.82,Bengaluru,Mobile App
105185,55,63100,11.5,1780,61,15,45.1,20446.27,Chennai,Marketplace
100246,38,46800,3.5,880,127,6,54.6,3103.32,Hyderabad,Website
100150,43,41100,4.1,720,63,6,82.1,2964.38,Delhi,Mobile App
108253,45,143600,11.8,4950,17,26,12.1,58580.13,Pune,Website
100186,31,56800,3.6,690,115,7,71.6,2487.13,Delhi,Mobile App
108139,41,135400,19.7,4170,21,24,25.7,82180.84,Bengaluru,Mobile App
107740,35,142200,14,4790,22,34,17.4,66858.74,Bengaluru,Website
108597,40,147900,18.8,3560,12,25,19.5,66881.23,Chennai,Mobile App
108863,54,89500,13.7,4010,19,27,2.9,54846.75,Mumbai,Marketplace
101672,43,60800,3.2,830,173,8,70.4,2672.17,Hyderabad,Website
100748,35,55000,2.9,1010,180,6,82.7,2893.31,Bengaluru,Mobile App
106943,41,173400,17.5,4060,20,19,18.1,71002.42,Hyderabad,Website
104695,31,104900,9.7,1500,47,17,47.1,14623.37,Chennai,Marketplace
108346,59,106200,19.8,3680,19,22,32.7,72995.23,Hyderabad,Marketplace
107032,35,147500,16.7,3240,25,25,15.1,54041.35,Delhi,Marketplace
103481,29,102800,8.2,1780,66,14,33.8,14620.12,Mumbai,Website
103162,36,106900,9.5,2120,61,13,47.4,20132.49,Mumbai,Marketplace
101418,39,47100,3.3,1000,101,4,73.2,3288.14,Delhi,Marketplace
102639,42,57300,4.1,820,75,7,82.6,3315.08,Pune,Website
100551,35,56100,3.8,970,160,6,63,3708.58,Bengaluru,Website
101315,39,68600,2.6,930,143,6,76.2,2417.87,Hyderabad,Mobile App
106330,36,91300,8.4,1760,36,13,50.8,14746.56,Delhi,Marketplace
101057,44,70000,3.2,1040,112,5,67.6,3352.38,Pune,Website
100018,38,56000,3,980,162,8,63,2926.43,Delhi,Mobile App
102603,42,45000,3,860,147,6,69.5,2533.27,Hyderabad,Website
105280,38,86000,7.9,1900,66,10,60,15087.77,Chennai,Website
104057,41,76300,11.6,2020,55,10,50.4,23417.57,Hyderabad,Mobile App
108966,46,124300,15.2,4730,15,18,19.6,71867.43,Pune,Mobile App
103735,37,90300,6.7,1170,51,13,43.1,7859.28,Bengaluru,Website
103640,37,74400,8.3,2020,66,13,30.1,16723.91,Mumbai,Marketplace
105621,28,125600,9,1120,30,13,34.1,10114.28,Pune,Marketplace
101143,35,42500,4.1,760,98,6,69.6,3122.14,Chennai,Mobile App
103296,40,91700,10.9,1470,52,11,46,16029,Hyderabad,Marketplace
106757,35,137600,17.5,3720,18,22,19.8,65242.31,Bengaluru,Website
104528,38,83500,11.4,1190,30,8,35.1,13623.65,Hyderabad,Mobile App
103616,47,88800,8.7,1740,68,13,54.4,15121.57,Pune,Mobile App
101731,35,38800,4.4,800,172,6,68.3,3487.6,Bengaluru,Website
104623,34,82000,7,1360,47,12,43.7,9447.26,Hyderabad,Website
106257,23,75900,9.3,1570,52,7,39.7,14691.64,Mumbai,Mobile App
101632,41,53400,2.7,880,132,5,72.3,2404.49,Chennai,Marketplace
105307,31,89700,9.6,1630,49,11,38,15632.66,Pune,Website
104794,28,99800,8.6,2140,43,17,42.5,18325.14,Hyderabad,Marketplace
108433,32,173900,22.1,3180,24,24,7.5,70165.48,Pune,Website
100169,35,55800,3.2,590,158,7,53.9,1887.91,Chennai,Marketplace
108543,51,135600,11.8,4490,21,22,10.4,52989.33,Chennai,Mobile App
102466,37,50100,3.9,1010,116,5,86.6,3886.87,Mumbai,Mobile App
108602,48,154500,19.9,4550,25,25,15.2,90331.06,Chennai,Website
106536,37,138800,12,4310,24,23,20.5,51646.59,Chennai,Marketplace
102273,37,42300,4.7,710,112,5,64.4,3318.97,Mumbai,Mobile App
106322,36,86200,9.5,2160,57,11,38.7,20576.87,Mumbai,Mobile App
105397,32,86400,8.8,1880,33,15,44.8,16472.82,Mumbai,Marketplace
102535,,56600,3.8,800,113,6,56.3,3065.73,Chennai,Marketplace
108417,52,145900,17.1,3990,15,24,9.4,68103.98,Mumbai,Mobile App
103606,35,69500,7.9,1700,60,11,40.3,13453.57,Delhi,Marketplace
104218,31,90200,10.8,1910,55,15,40.5,20558.34,Chennai,Mobile App
106740,46,170000,15.1,3390,19,25,21.9,50972.42,Bengaluru,Marketplace
100719,34,60400,3.6,810,139,6,69.2,2890.28,Delhi,Website
104523,25,67200,9.4,1910,38,11,33.6,18012.71,Hyderabad,Mobile App
101898,39,37000,3.6,640,92,5,76.3,2294.71,Pune,Mobile App
100488,45,37600,2.6,820,87,4,64.1,2152.32,Mumbai,Marketplace
102882,41,59100,3.2,800,117,6,79.2,2561.48,Pune,Website
105519,39,78100,6,1900,47,13,43.6,11487.64,Bengaluru,Website
104820,44,107700,9.6,1620,62,13,48.9,15665.78,Mumbai,Website
103092,30,91800,9.8,2040,62,13,47.6,20000.17,Mumbai,Mobile App
108432,47,161700,20.9,4730,22,30,15.7,98889.75,Mumbai,Mobile App
106598,46,170700,19,4440,15,29,17.1,84542.47,Chennai,Website
103128,36,77700,11.1,1370,58,16,41.7,15202.23,Mumbai,Marketplace
106194,31,132100,5.8,2220,78,10,37.1,12876.57,Delhi,Marketplace
106608,43,142000,21.3,4880,10,24,12.1,103830.69,Delhi,Website
108657,33,168500,16.7,4090,20,26,18.9,68389.16,Chennai,Website
108440,37,131000,13.6,4650,19,25,23.9,63185.74,Bengaluru,Marketplace
103298,29,78300,7.7,1280,64,12,36.5,9863.25,Chennai,Mobile App
102355,31,49800,3.1,790,136,4,74.6,2412.97,Mumbai,Website
107062,32,157800,16.1,4560,14,34,8.8,73245.17,Mumbai,Mobile App
105377,33,84100,8.6,1330,55,14,41.2,11413.31,Hyderabad,Marketplace
106108,42,94300,6,1800,49,15,48.7,10822.26,Mumbai,Website
104388,35,91000,8.5,1660,55,13,39,14016.65,Hyderabad,Website
105311,39,79700,8.4,1050,34,14,49.1,8842.63,Pune,Mobile App
108646,46,124700,24.6,3600,19,25,20.1,88573.77,Hyderabad,Mobile App
100354,39,46000,4.2,890,108,7,79.8,3736.74,Delhi,Mobile App
101510,35,39500,3.3,810,111,5,69.1,2629.26,Mumbai,Website
107986,51,158300,12.4,5380,18,35,29.2,66606.07,Bengaluru,Website
100484,24,56600,2.9,880,54,4,72.7,2583.97,Pune,Marketplace
107158,46,193300,14.2,4720,14,34,25.2,67079.79,Chennai,Mobile App
108742,45,126000,16.7,4650,17,27,25.5,77618.31,Bengaluru,Website
103414,34,95400,7.2,1450,73,10,41.9,10410.71,Pune,Marketplace
105203,35,81000,9.6,2280,69,14,50.8,21811.5,Mumbai,Mobile App
108995,32,134100,16,4220,11,21,24.2,67425.73,Mumbai,Website
107567,39,164100,16.4,4480,21,23,32.2,73255.08,Hyderabad,Mobile App
104075,38,76200,9.7,1970,63,13,33.8,19034.24,Hyderabad,Mobile App
108284,40,169200,16.6,2600,23,29,12,43132.1,Mumbai,Marketplace
105729,36,94200,11,1400,28,13,38,15394.94,Hyderabad,Mobile App
106486,37,81400,9.2,1160,50,18,41,10655.92,Bengaluru,Website
106792,55,142000,15.3,4150,23,22,6.6,63412.99,Pune,Website
105932,43,92500,8.8,1690,41,13,37.2,14802.31,Delhi,Mobile App
100454,39,50000,3,940,80,6,70.3,2823.64,Pune,Website
100767,38,38700,4.1,620,147,5,57.3,2529.12,Pune,Mobile App
101863,35,47300,4,860,143,5,78.6,3435.07,Chennai,Marketplace
101270,39,51400,4.1,650,93,5,58.1,2652.76,Pune,Marketplace
103873,38,84700,6.2,1790,64,19,42.1,11141.2,Mumbai,Mobile App
104656,37,91800,7.3,2110,60,11,39.5,15368.31,Bengaluru,Mobile App
100683,46,40100,3.5,790,101,6,65.2,2785.72,Pune,Website
102795,34,58300,3.3,810,158,5,76.2,2695.11,Pune,Website
107633,30,152200,15.6,5060,14,22,20.8,79035.24,Chennai,Marketplace
101571,43,47100,4.1,880,126,6,60.8,3611.21,Chennai,Mobile App
103434,33,104400,9.1,1810,35,17,46.1,16496.44,Chennai,Website
102599,32,46300,4.1,760,147,4,61.9,3083.89,Bengaluru,Website
108390,36,117600,16.8,3460,17,34,22,58108.19,Hyderabad,Marketplace
106355,37,97600,8.1,1450,52,16,34.9,11702.87,Hyderabad,Mobile App
108310,41,129200,18.2,3180,22,24,10.9,57849.15,Hyderabad,Website
108505,53,,16.4,4400,15,25,9.5,72057.25,Hyderabad,Website
102184,38,38500,4.2,1040,180,7,67,4332.39,Bengaluru,Website
101618,,53700,2.9,1060,99,6,58.4,3083.21,Chennai,Website
106081,34,71200,6.9,1620,8,13,58.6,11216.95,Delhi,Mobile App
101189,39,59800,3.1,690,127,6,78.6,2110.92,Pune,Mobile App
106496,30,99800,7.4,1500,45,14,48.6,11089.38,Chennai,Mobile App
106402,45,72800,8,2300,55,12,47.6,18300.4,Mumbai,Mobile App
104551,40,69400,8.5,1820,39,11,49.3,15450.61,Bengaluru,Website
101604,49,69400,3.7,1010,98,5,79.2,3789.35,Mumbai,Marketplace
101480,37,65900,1.6,620,129,6,78.4,1016.42,Mumbai,Mobile App
105844,23,82800,8.8,1890,48,13,41.1,16596.68,Mumbai,Website
104926,27,85000,9.6,1830,38,12,45.2,17508.46,Pune,Mobile App
105122,33,91500,6.8,1530,38,15,35.3,10358.21,Delhi,Marketplace
101738,32,52000,3.5,570,142,7,71.8,2007.86,Hyderabad,Marketplace
103663,41,73700,7.6,1590,65,13,41.6,12024.25,Pune,Marketplace
104540,31,76100,8.5,1770,55,9,56.3,14939.64,Pune,Website
101958,39,58300,4,780,99,5,83.1,3100.87,Hyderabad,Website
101077,38,54500,3.4,900,85,6,83.2,3071.44,Hyderabad,Website
101562,34,52400,4.2,910,87,7,67.3,3783.04,Mumbai,Website
100430,37,60300,3.1,750,180,5,65.6,2301.19,Bengaluru,Marketplace
101331,38,50400,4,990,126,6,54.2,3937.08,Pune,Marketplace
102716,52,41900,4,930,78,5,72.2,3698.81,Chennai,Mobile App
108047,40,148100,20.8,4940,16,16,20.3,102646.83,Chennai,Website
104011,35,93900,9.8,2330,28,18,39.8,22906.68,Pune,Website
105072,27,87300,10.9,1930,39,8,58.1,21060.35,Pune,Mobile App
106544,32,114200,20.2,3510,18,21,21.3,70906.14,Delhi,Website
106215,25,84800,10.3,1860,56,13,33.9,19156.2,Mumbai,Marketplace
102116,34,43500,2.9,930,121,5,73.6,2668.57,Delhi,Mobile App
100909,31,41600,2.9,740,97,6,54.4,2143.55,Pune,Mobile App
103545,43,103000,10,2100,36,13,39.9,20993.36,Delhi,Marketplace
108838,,133500,13.5,2960,19,27,28.9,39990.15,Hyderabad,Website
105308,31,66900,9.8,1370,66,14,34.2,13376.71,Hyderabad,Website
105671,27,73000,9,1850,56,11,51,16691.6,Hyderabad,Mobile App
100638,41,48000,3.9,840,119,7,76.3,3332.55,Bengaluru,Marketplace
105210,27,80600,6.6,1150,49,10,41.4,7562.69,Pune,Marketplace
106425,24,81300,8.6,2010,54,13,29.7,17196.01,Chennai,Mobile App
100234,34,43900,3.1,880,160,6,68.7,2761.29,Bengaluru,Website
102992,36,42100,2.7,680,115,7,82.8,1832.46,Bengaluru,Marketplace
102139,33,62700,2.7,690,103,7,71.7,1883.06,Pune,Mobile App
101157,39,47700,2.9,740,87,6,66.8,2126.87,Delhi,Mobile App
104422,39,,10.8,1950,55,11,45.6,21103.31,Delhi,Marketplace
102593,29,57400,4.6,840,123,7,81,3831.28,Bengaluru,Website
105964,32,116200,4,1630,43,16,41.8,6493.4,Bengaluru,Website
102606,39,49800,3.2,860,139,6,62.8,2765.06,Mumbai,Mobile App
107683,44,144600,20.9,3240,19,23,2.9,67624.13,Hyderabad,Website
101394,40,59400,2.4,910,157,5,61.1,2224.07,Bengaluru,Website
102421,39,45900,3,770,165,4,67.3,2318.82,Chennai,Mobile App
101513,34,63800,4,830,117,9,67.8,3286.43,Mumbai,Mobile App
108167,42,137600,18.3,3460,4,29,21,63393.52,Mumbai,Website
103965,39,80700,6.4,1830,41,12,43.4,11622.76,Pune,Mobile App
108055,36,122400,20.1,4650,17,23,25.3,93369.47,Hyderabad,Mobile App
101298,30,53500,3.7,940,133,5,67.4,3469.77,Delhi,Mobile App
102627,40,45900,3.4,710,141,7,73.7,2391.5,Pune,Mobile App
104170,34,76500,8.4,1620,37,15,54.9,13547.43,Bengaluru,Mobile App
108238,37,144100,20.8,5260,22,36,13.2,109247.79,Pune,Marketplace
101721,42,62600,3,780,109,7,75.3,2326.24,Bengaluru,Mobile App
106116,39,91600,8.4,2060,25,10,37.1,17364.69,Mumbai,Website
105660,41,110700,9.8,1970,71,13,31.4,19272.16,Bengaluru,Mobile App
108148,40,146000,12.1,4790,13,16,14.3,57747.08,Pune,Website
101447,37,40000,3.3,610,127,6,72.5,1971.84,Pune,Website
100102,35,61300,3.6,740,158,5,68.5,2688.9,Delhi,Mobile App
100320,41,35700,3.1,640,113,6,89.4,1950.57,Chennai,Marketplace
101740,47,40400,3.9,780,92,6,84.4,3035.81,Pune,Website
106054,31,91800,9.2,1670,61,13,62.1,15398.65,Hyderabad,Website
100626,44,55600,4.2,980,135,6,68.1,4135.88,Delhi,Website
105814,33,107200,10.3,1730,49,14,45,17942.63,Pune,Website
106188,29,62100,9.9,1840,62,14,28.9,18228.26,Delhi,Marketplace
104886,44,100800,7.4,1770,35,13,53.3,13124.84,Hyderabad,Website
105578,37,69000,10.1,2140,74,11,56,21487.09,Mumbai,Website
102413,50,52600,3.5,880,123,4,56,3104.16,Chennai,Website
107798,37,158000,18.9,4560,15,29,11.1,85894.02,Hyderabad,Marketplace
107154,43,158500,13.2,4330,20,29,27,57413.24,Pune,Mobile App
101223,41,55500,3.1,730,138,5,66.9,2250.92,Hyderabad,Marketplace
102958,41,48900,2.8,730,145,6,78.8,2040.95,Hyderabad,Website
106166,38,112600,10,2130,40,14,46.9,21248.38,Delhi,Marketplace
100335,31,42700,4.5,870,151,5,76.8,3857.13,Chennai,Marketplace
107131,42,122800,17.6,3990,16,29,17.9,70278.93,Delhi,Website
103937,47,72100,8.7,1730,52,9,33.8,15022.46,Bengaluru,Mobile App
101502,36,49600,4.3,540,138,5,69.9,2316.6,Pune,Website
107646,45,146100,17.5,4240,22,31,22.1,74273.15,Mumbai,Website
103499,35,98400,9.6,1390,54,10,49.1,13339.35,Delhi,Mobile App
100462,36,47100,3.5,780,156,6,61,2768.7,Bengaluru,Website
104249,38,98700,6.9,1500,62,14,41.5,10358.83,Mumbai,Mobile App
106250,30,78400,8.5,1880,35,12,38.8,15977.35,Hyderabad,Marketplace
101852,44,41100,3.2,810,133,6,62.6,2559.4,Mumbai,Marketplace
106126,31,92200,7.7,2080,57,13,45.2,16047.9,Bengaluru,Marketplace
108352,37,161400,18.5,4400,20,24,2,81336.16,Delhi,Website
100009,35,58200,4.1,690,111,6,77.8,2830.37,Chennai,Mobile App
103126,27,63500,9.3,1640,86,13,39.3,15266.95,Mumbai,Mobile App
100100,,51700,2.3,760,131,5,68.5,1734.74,Bengaluru,Marketplace
101929,32,41900,3.1,690,131,5,60.2,2117.93,Chennai,Mobile App
102612,31,45000,1.8,1030,141,5,69.8,1803.19,Delhi,Mobile App
106218,36,93100,6.4,1640,46,13,45.8,10477.57,Bengaluru,Website
107107,42,114200,21.9,3770,19,25,7.7,82430.79,Chennai,Marketplace
106921,29,179200,17.4,4220,15,22,18.7,73569.53,Bengaluru,Marketplace
107665,45,123500,17.3,4270,8,21,9.2,73789.2,Pune,Marketplace
107446,38,177700,15.7,4120,17,31,24.2,64584.32,Bengaluru,Mobile App
101329,47,58300,4.1,840,88,6,70.8,3421.09,Chennai,Website
100032,41,51000,4.3,780,109,5,63.9,3327.53,Pune,Website
108199,36,142200,19.7,2400,14,28,7.9,47350.39,Chennai,Marketplace
104043,30,79600,8.3,1640,49,15,44.7,13661.19,Pune,Website
103992,32,86000,9.9,1750,37,14,42.8,17344.22,Pune,Mobile App
101384,31,40500,3.5,780,164,5,81,2752.03,Mumbai,Mobile App
100867,37,41100,2.9,880,139,5,62.1,2505.74,Mumbai,Website
103207,39,91600,8.9,2420,43,16,34.2,21564.34,Mumbai,Marketplace
100759,30,51500,3.8,1020,97,5,62.8,3855.41,Hyderabad,Marketplace
107706,44,86700,15.8,3780,12,26,23.6,59876.54,Delhi,Mobile App
102214,41,62900,4.9,810,156,5,68.5,3976.97,Mumbai,Website
100541,31,50400,2.4,860,132,6,78,2072.15,Bengaluru,Mobile App
106453,36,100600,7.8,1720,35,12,40.7,13448.57,Pune,Marketplace
104716,39,91100,9.7,1820,37,13,53.7,17605.42,Delhi,Marketplace
107593,43,157100,17.3,4280,15,26,15.3,74029.09,Pune,Mobile App
105649,27,91800,5.9,1880,43,17,47.9,11072.26,Delhi,Website
105170,26,77600,6.9,1670,40,11,30.3,11515,Chennai,Marketplace
104892,42,89800,7.7,1880,40,16,48.6,14399.93,Mumbai,Marketplace
101769,36,57400,3.8,650,171,8,68.1,2516.79,Pune,Mobile App
105191,28,80600,9.7,1410,52,13,43.7,13624.34,Hyderabad,Website
108468,44,176800,12,5010,21,30,33,59896.85,Pune,Website
103379,30,89800,7.3,1210,70,14,53.1,8898.23,Delhi,Website
101053,38,41600,3.7,850,130,8,69.2,3150.99,Pune,Website
102003,32,44000,5.2,610,92,6,89.2,3134.21,Mumbai,Marketplace
102907,21,58900,4.2,850,95,5,66,3540.97,Mumbai,Mobile App
103785,29,99500,11.1,2380,40,12,47.9,26387.53,Bengaluru,Marketplace
105832,34,88100,8.4,1720,44,16,30,14399.97,Mumbai,Website
105279,40,71400,9.4,2050,73,9,45.8,19337.04,Mumbai,Marketplace
107984,30,134200,14.2,3710,23,24,23.5,52764.42,Pune,Website
107035,45,159400,16.4,3200,13,14,22.2,52435.12,Pune,Marketplace
101729,34,44900,3.9,860,104,5,74.6,3374.13,Delhi,Mobile App
104754,30,67800,10.3,1580,53,16,56.1,16244.53,Chennai,Marketplace
106604,40,140100,20.8,4450,26,31,32,92517.21,Chennai,Marketplace
108626,33,153700,17.6,4230,18,23,23.9,74210.31,Mumbai,Website
107200,43,144000,18.7,4020,22,26,11.4,75117.27,Mumbai,Marketplace
103816,34,80800,7.3,1990,71,11,37,14508.76,Chennai,Marketplace
102253,44,45900,2.8,700,84,7,84.3,1946.9,Bengaluru,Website
107291,35,161300,13.7,3410,15,21,21.6,46570.4,Hyderabad,Website
103425,28,75400,12.4,1990,55,11,51.2,24743.64,Chennai,Mobile App
107872,36,138400,19,4810,21,21,33.2,91292.63,Pune,Website
103079,45,59000,9.1,1700,33,13,41.1,15518.01,Pune,Website
105261,28,80400,6.8,1920,25,12,42.7,13077.59,Hyderabad,Mobile App
100602,33,59200,3.9,700,129,6,80.6,2729.44,Bengaluru,Marketplace
103781,33,101300,9.7,2320,54,8,38.4,22375.24,Pune,Marketplace
107966,52,145100,20.5,3500,20,29,26.6,71678.74,Chennai,Website
105065,35,82400,8.6,2070,41,11,50.2,17748.64,Bengaluru,Mobile App
102132,48,49500,3.8,1010,150,9,64.7,3822.75,Chennai,Mobile App
103796,49,94900,10.2,1830,38,12,43.2,18666.61,Delhi,Website
100812,30,57100,3.9,1130,122,8,55.1,4356.32,Delhi,Website
108636,51,144800,16.5,4950,19,22,24.6,81590.16,Hyderabad,Marketplace
102616,37,57900,3.9,900,152,4,78.5,3539.68,Chennai,Mobile App
101181,32,37100,2.5,620,131,6,67.8,1540.01,Chennai,Marketplace
101489,36,,2.8,670,124,6,72.8,1886.21,Chennai,Website
107935,40,152900,15.9,4010,15,20,20.1,63684.32,Hyderabad,Marketplace
103405,39,73200,10,2170,45,16,48.2,21719.3,Bengaluru,Mobile App
108203,40,124400,16.2,3700,8,33,17.1,59827.14,Bengaluru,Mobile App
106327,30,99500,9.6,1880,59,13,47.8,18135.62,Delhi,Website
108895,40,163700,13.7,5140,15,22,18.6,70562.49,Hyderabad,Marketplace
100466,38,47600,3.6,590,109,6,65.9,2119.65,Pune,Mobile App
107049,40,149500,21.1,4190,10,31,15.9,88408.86,Mumbai,Website
102665,35,49200,4,900,130,7,74,3562.33,Chennai,Marketplace
100292,38,54300,2.7,780,112,6,68.4,2128.8,Delhi,Mobile App
106042,42,58200,8.3,2010,52,12,46.8,16729.02,Pune,Website
104191,28,76000,7.7,1370,46,12,55.7,10557.6,Pune,Mobile App
105141,35,81500,10.9,1720,47,15,43.1,18708.51,Hyderabad,Website
102108,37,53000,3.2,1120,108,6,68.5,3603.39,Bengaluru,Website
107528,38,144900,17.5,3310,22,31,16.8,58034.54,Pune,Marketplace
101184,41,38500,4.1,1080,92,5,60.5,4420.7,Delhi,Marketplace
106663,54,157800,10.3,3790,16,25,23.7,38880.45,Mumbai,Marketplace
100619,37,51900,4.3,900,149,6,58.9,3865.29,Delhi,Website
108333,51,141700,14.3,5090,24,20,19.3,72867.95,Mumbai,Marketplace
105439,31,80500,10.3,1820,68,11,52.1,18765.51,Bengaluru,Website
105429,,80900,10.6,1750,47,13,37.4,18616.9,Chennai,Marketplace
107637,43,173200,15.4,3020,18,21,26.5,46435.05,Pune,Marketplace
102317,37,37400,3.6,990,119,3,73.1,3539.38,Hyderabad,Marketplace
102578,41,47400,3.1,980,149,5,66.5,3066.81,Delhi,Website
100595,43,52000,3,950,102,7,59.9,2843.77,Mumbai,Mobile App
107587,46,154800,13.6,4550,24,32,23.6,62046.49,Pune,Mobile App
107201,39,150500,19.3,5240,18,33,21,101375.83,Bengaluru,Website
102200,34,51400,2.7,930,131,7,83.5,2548.63,Hyderabad,Mobile App
101804,38,61200,3.8,780,142,5,67.6,2923.21,Hyderabad,Mobile App
103131,33,105400,10.3,2040,44,15,41.1,21056.12,Bengaluru,Website
108925,45,141400,18,5160,16,32,23.2,92713.41,Pune,Marketplace
105528,25,102100,10,1710,34,16,34.3,17043.37,Mumbai,Website
104171,31,113200,9.9,2080,53,16,35.9,20691.47,Bengaluru,Website
101955,32,70900,4,660,101,6,63.1,2646.62,Pune,Website
108385,53,151400,15.3,4050,19,33,30.7,61971.8,Bengaluru,Marketplace
105278,39,74500,11.1,1350,37,13,40.3,14998.07,Bengaluru,Website
102796,38,51900,3.1,880,159,7,69.7,2722.51,Pune,Mobile App
101579,50,49000,4,820,123,6,58.4,3319.6,Delhi,Website
106396,30,68200,8,1430,61,15,61.8,11383.05,Delhi,Website
103963,28,70600,7.2,2030,41,17,28,14571.91,Delhi,Website
103081,33,76400,11.2,1800,35,10,33.1,20176.43,Pune,Marketplace
106247,54,87700,9.1,1640,54,12,46.3,14983.59,Delhi,Mobile App
105563,32,74700,7.5,1940,50,14,46.2,14565.92,Bengaluru,Website
106446,34,89800,10.2,1420,45,15,52.9,14443.36,Pune,Marketplace
102898,37,49600,4,900,174,6,79.3,3599.75,Chennai,Website
100928,42,,4.8,690,110,6,66.6,3332.04,Delhi,Marketplace
103338,33,95000,8,1580,72,13,36.5,12560.4,Chennai,Marketplace
105047,27,82500,7.3,1740,54,19,28.1,12692.97,Hyderabad,Mobile App
106859,37,142400,17.3,4240,23,24,18.4,73425.82,Hyderabad,Website
102228,39,47600,3.2,710,143,5,70.8,2299.72,Delhi,Website
105304,24,85500,6.5,1340,50,14,39.6,8665.99,Hyderabad,Mobile App
106153,27,107100,8.9,1780,82,18,52.6,15784.37,Pune,Website
106721,51,183300,13.9,3760,24,22,21.3,52167.22,Hyderabad,Mobile App
101146,36,43900,3.4,820,109,6,83.4,2773.73,Pune,Mobile App
105895,33,83700,8.6,1670,58,13,48.5,14346.48,Pune,Mobile App
105197,30,76900,8.5,1640,36,17,40,13985.27,Bengaluru,Marketplace
101979,31,59500,3.2,680,122,6,65.1,2157.78,Bengaluru,Mobile App
105769,37,75900,7.8,2710,42,14,53.8,21100.86,Pune,Mobile App
104817,39,104300,6.1,2290,51,12,41.5,13899.94,Chennai,Marketplace
102549,38,57100,3.7,830,122,6,62.7,3039.87,Pune,Mobile App
107903,45,172700,19.2,4780,20,35,17.2,91581.89,Bengaluru,Website
103393,37,89400,11,1720,42,13,48.1,19016.59,Mumbai,Mobile App
101551,40,48100,3.4,680,152,5,68.9,2330,Bengaluru,Mobile App
108541,44,139900,14.5,4590,16,19,12.1,66479.95,Chennai,Marketplace
104470,39,109500,9,2490,55,13,40.5,22282.84,Chennai,Mobile App
104589,36,104800,10.1,2200,38,12,59.6,22084.66,Hyderabad,Website
103647,28,87500,9.3,1890,64,8,43.1,17559.52,Hyderabad,Marketplace
103103,43,99700,8,2060,60,13,51.7,16563.63,Delhi,Marketplace
103027,39,64000,7.4,1800,50,14,59.7,13284.42,Hyderabad,Mobile App
104406,41,100400,9.1,1830,57,14,34.8,16633.88,Mumbai,Website
105144,32,91100,11.3,1980,72,14,55.9,22492.19,Chennai,Website
103556,36,59100,9,1430,39,15,56.8,12824.81,Bengaluru,Marketplace
108902,38,131400,16.4,4870,24,23,26.3,80077.51,Chennai,Website
108641,30,123800,20.6,5170,15,27,12.3,106402.88,Delhi,Mobile App
101784,41,52100,4.6,720,65,8,74.1,3328.67,Chennai,Marketplace
107796,43,,14.6,5060,20,33,17.6,73764.44,Bengaluru,Mobile App
103333,30,65600,8.2,1830,23,14,38.2,14971.26,Chennai,Mobile App
104534,35,82100,9.4,1950,80,13,51.8,18255.24,Mumbai,Website
108028,43,157200,12.6,4600,25,20,22.7,58022.89,Mumbai,Marketplace
102689,39,47500,3.8,720,109,6,79.9,2737.27,Delhi,Website
108865,42,85000,18.6,4740,22,27,20.5,88395.59,Mumbai,Marketplace
100749,36,54000,4,920,83,6,60.1,3657.49,Delhi,Marketplace
103747,35,77500,11,1730,37,15,54.1,19136.48,Hyderabad,Website
104162,34,68800,8.2,1970,76,14,47.3,16235.85,Delhi,Mobile App
108955,43,144300,16.3,4220,20,21,2.2,68829.46,Delhi,Website
106588,40,158100,15.3,4200,11,30,22.1,64078.39,Pune,Marketplace
103002,31,75400,5.8,2070,55,10,36.5,11969.15,Delhi,Mobile App
101370,32,55700,3.1,870,70,7,63,2724.99,Mumbai,Marketplace
104205,32,82200,9.6,1570,86,13,47.6,15138.56,Mumbai,Marketplace
108708,43,125600,22.5,3420,25,22,15.1,76913.3,Hyderabad,Mobile App
108672,38,150500,21.7,4420,20,22,30,95942.66,Pune,Marketplace
106038,28,66400,10.4,1950,31,9,39.9,20221.5,Chennai,Mobile App
102919,38,43800,3.3,740,96,6,68.9,2405.52,Mumbai,Marketplace
105556,29,84500,9.4,1450,53,16,31.6,13638.52,Hyderabad,Mobile App
105771,30,46300,6.6,2020,28,15,47.2,13272.12,Mumbai,Website
107202,37,133200,15,3730,15,27,17.3,56124.28,Chennai,Website
107031,40,176800,19.4,4690,22,26,42.5,91187.42,Hyderabad,Website
105379,37,67800,8.9,2080,65,6,46,18544.19,Pune,Mobile App
104384,48,87900,9.8,1740,36,18,32.9,17125.29,Bengaluru,Marketplace
100665,37,49800,3.4,860,92,5,74.5,2904.95,Delhi,Website
102998,36,54000,4.1,900,26,6,72,3708.4,Hyderabad,Marketplace
100842,33,45900,4.2,640,91,5,66.2,2704.64,Hyderabad,Marketplace
106937,41,89200,19.9,3290,16,29,32.3,65554.26,Delhi,Marketplace
107533,37,157300,17.6,4530,17,20,3.7,79627.85,Delhi,Mobile App
100834,32,49600,2.7,830,98,4,61.1,2243.03,Mumbai,Website
105738,36,101000,9.5,1540,61,11,49.4,14606.54,Bengaluru,Website
100873,34,46400,2.9,800,117,7,70.7,2307.11,Chennai,Website
106454,37,60400,8.6,2000,48,15,44.2,17243.96,Hyderabad,Marketplace
107828,41,138600,14.1,3360,11,24,18,47346.79,Pune,Website
108930,46,124800,18.5,4320,18,32,24.2,79835.63,Hyderabad,Website
105584,21,76800,5.6,1680,71,13,48.8,9405.26,Delhi,Mobile App
102035,30,51000,4.1,840,131,6,66.9,3435.15,Delhi,Marketplace
107733,46,141700,20.2,4050,23,22,29.6,81603.22,Bengaluru,Mobile App
101946,42,48900,4.3,870,109,4,64.6,3694.32,Pune,Marketplace
101176,39,39500,3.2,830,122,7,67.6,2673.96,Delhi,Website
103795,34,74900,9.6,1770,54,11,36.9,17015.21,Mumbai,Marketplace
108059,41,119700,22.4,4150,14,27,9.6,93101.11,Chennai,Website
106219,35,85000,7.9,1830,57,16,46.7,14468.85,Mumbai,Mobile App
108761,31,147900,19.2,4140,20,22,14.6,79535.78,Delhi,Marketplace
105031,37,76900,9.5,1850,56,9,43.8,17620.92,Delhi,Website
103054,38,80300,8.4,1510,56,16,50,12723.2,Delhi,Website
104872,23,96400,11.1,2030,36,11,57.2,22523.08,Bengaluru,Mobile App
100412,42,50400,3.9,1050,94,6,71.9,4109.2,Pune,Marketplace
105251,40,100800,6.4,1900,43,13,49.8,12200.37,Pune,Website
102192,32,50100,4.7,720,104,7,68.7,3404.57,Bengaluru,Website
108997,45,108200,17.8,5030,19,25,36.1,89322.16,Pune,Mobile App
104251,25,93800,10,2060,51,14,42.4,20598.23,Bengaluru,Marketplace
104989,21,56400,11.4,1560,67,12,40.2,17805,Bengaluru,Marketplace
101148,47,43900,4.4,580,117,6,89.1,2535.81,Bengaluru,Mobile App
100605,39,47900,3,810,123,8,75.5,2404.16,Bengaluru,Mobile App
100031,47,35700,3.7,750,122,5,67.3,2782.43,Hyderabad,Mobile App
101673,36,43200,3.6,690,121,7,69.6,2480.87,Hyderabad,Mobile App
100264,35,40900,3.3,850,149,8,64.1,2817.94,Hyderabad,Website
105474,39,,10.9,1980,44,13,43.2,21530.39,Chennai,Marketplace
100248,38,52500,4.8,650,158,6,71.3,3141.25,Hyderabad,Mobile App
100853,31,69500,3.8,810,134,9,62.1,3064.8,Chennai,Mobile App
103026,34,93700,9.7,1530,67,14,39.5,14873.03,Hyderabad,Website
104314,29,64300,9,1550,64,15,39.9,13983.4,Chennai,Mobile App
100200,30,47700,3.5,870,73,5,76.4,3067.69,Mumbai,Mobile App
100533,31,57800,4.3,750,136,7,69.3,3257.79,Hyderabad,Website
102252,36,52000,3.8,810,109,6,67.8,3045.73,Bengaluru,Mobile App
101227,40,40400,3.8,870,87,6,67.3,3289.21,Pune,Marketplace
104928,27,95400,8.1,1920,60,14,43.9,15608.74,Delhi,Marketplace
105147,22,87400,8.8,2170,56,11,35.5,19026.15,Chennai,Mobile App
100456,29,41600,3.1,570,159,7,66,1755.07,Bengaluru,Website
105270,43,79900,12,1870,38,8,46,22472.62,Delhi,Website
107519,56,126000,14.9,5950,14,26,17.1,88996.33,Pune,Mobile App
107157,43,173000,19.9,4420,13,28,19.8,87866.11,Delhi,Mobile App
102457,37,48500,4,770,110,5,61.5,3058.4,Pune,Mobile App
108099,46,137300,12.1,3680,21,15,21.3,44723.65,Mumbai,Mobile App
103949,30,96900,7,1970,34,15,53.5,13775.01,Chennai,Marketplace
107294,27,146900,21.5,5150,22,20,37,110569.94,Mumbai,Mobile App
104697,21,84700,11.5,1480,41,13,36.8,17004.92,Chennai,Marketplace
104828,33,91200,5.6,2160,37,14,42,12170.39,Bengaluru,Marketplace
105982,38,83800,3.5,1810,34,15,35.4,6378.97,Pune,Mobile App
107689,44,139400,15.9,4170,23,27,11.7,66364.27,Chennai,Mobile App
105319,37,75300,7.3,1820,56,15,41.9,13274.64,Chennai,Marketplace
104588,41,81700,8.7,1340,74,12,44.8,11596.82,Bengaluru,Mobile App
102222,29,57000,3.5,980,138,8,70.5,3447.19,Chennai,Marketplace
103982,34,76100,7.5,1490,43,12,35.5,11208.73,Hyderabad,Marketplace
104882,28,93000,5.5,1790,42,14,42.9,9797.98,Pune,Marketplace
105890,40,81100,5.7,1740,63,13,47.4,9988.52,Bengaluru,Website
106349,39,60800,7.6,1500,51,16,40.3,11420.58,Hyderabad,Mobile App
101746,36,54000,4.4,840,139,6,66.3,3722.43,Pune,Marketplace
104030,40,77100,9,1420,43,16,34.4,12811.83,Chennai,Marketplace
100218,38,49000,4.3,750,109,6,66.8,3250.22,Chennai,Marketplace
101006,49,,2.6,700,57,6,70.6,1830.73,Delhi,Website
105118,44,90900,9.2,2030,54,12,39.8,18758.18,Mumbai,Marketplace
102378,26,50100,2.7,460,97,7,81.4,1230.09,Mumbai,Website
103406,27,73600,5.4,2240,36,13,56.2,12045.83,Delhi,Mobile App
106533,47,153200,15,4910,21,23,16.9,73639.76,Delhi,Marketplace
105594,39,67000,8.8,1560,39,12,41.7,13630.88,Mumbai,Website
107485,41,144200,17.7,5540,15,29,25.5,98191.33,Pune,Website
108409,34,181500,19.6,4810,21,24,16.1,94319.94,Hyderabad,Marketplace
106887,46,115600,20.4,3940,21,26,25.8,80262.51,Pune,Mobile App
100676,34,43500,3.7,640,120,7,71.7,2361.41,Chennai,Website
105650,36,62000,7.8,1390,50,12,53.6,10838.71,Delhi,Marketplace
102983,33,54200,4.5,770,113,8,70.1,3465.58,Hyderabad,Mobile App
106728,45,108800,20.9,4810,18,26,28.3,100711.24,Pune,Mobile App
101747,40,39200,3.9,970,127,7,57.6,3756,Bengaluru,Mobile App
100230,42,40700,3.9,850,109,7,78.6,3357.97,Hyderabad,Website
104152,36,81100,10.5,1790,38,15,47,18763.5,Hyderabad,Marketplace
104192,30,75200,10.3,1390,64,9,44.4,14331.05,Delhi,Marketplace
107617,36,161400,15.3,4850,15,24,15.6,74431.17,Pune,Marketplace
103061,26,101500,7,2060,61,11,39.6,14325.31,Hyderabad,Mobile App
103124,33,101700,10.7,1810,66,10,39.9,19391.53,Hyderabad,Mobile App
106808,40,164900,17.4,3010,24,29,22.1,52440.06,Pune,Website
106941,38,141900,14.5,4430,18,31,10.9,64165.13,Hyderabad,Mobile App
101845,,49600,3.5,780,89,7,75.1,2723.7,Hyderabad,Website
104418,36,90400,6.5,1440,49,11,36.1,9278.6,Hyderabad,Marketplace
104568,48,89400,8.5,1260,57,11,49.9,10771.95,Chennai,Mobile App
107229,29,118100,17.3,4160,22,28,13,71999.39,Hyderabad,Mobile App
103015,30,81200,7.5,2040,58,8,50.5,15384.95,Mumbai,Mobile App
105763,29,58600,6.8,1870,43,12,40.8,12676.77,Chennai,Mobile App
103743,40,91500,10.3,2260,61,13,38.5,23351.79,Pune,Marketplace
103662,33,86500,7.9,1170,50,17,29.8,9279,Mumbai,Website
101742,38,54400,3.3,980,109,5,79.5,3237.17,Delhi,Mobile App
102863,42,60700,2.8,840,104,7,62.8,2362.67,Mumbai,Marketplace
103834,24,106500,8.8,2400,41,14,47.4,21054.83,Bengaluru,Website
107781,45,146800,16.9,4100,14,28,12.2,69138.19,Chennai,Website
100338,38,45700,3.2,790,110,7,65.7,2540.84,Mumbai,Website
107476,39,153500,17.4,4710,16,34,13.5,82115.84,Chennai,Website
107886,34,131100,16.3,4020,11,20,24.7,65514.99,Hyderabad,Marketplace
101288,29,41400,4.1,950,153,5,68.2,3925.75,Pune,Mobile App
107950,37,153300,16,3210,12,31,25.9,51400.88,Hyderabad,Mobile App
105868,21,94800,10.8,1960,62,15,52.5,21134.7,Pune,Mobile App
102134,28,37800,4.2,620,159,5,80.7,2633.14,Pune,Marketplace
106797,39,175900,15.9,5120,15,16,9.1,81250.38,Mumbai,Website
102167,43,34800,3.6,840,110,6,71.5,2986.7,Chennai,Website
100097,34,70500,3.4,950,99,6,84.2,3257.56,Bengaluru,Marketplace
107458,35,135700,20.4,4950,21,27,27.7,101023.58,Delhi,Marketplace
102771,46,45200,2.9,960,133,5,58.5,2801.28,Delhi,Marketplace
108134,36,174600,18.5,4280,19,34,29.9,79236.16,Pune,Website
106582,34,142600,20.2,3900,4,29,30.7,78866.01,Chennai,Website
106825,38,154800,18,3880,11,26,16.1,69941.69,Chennai,Mobile App
107730,37,109600,11.2,5290,10,24,14.9,59360.37,Pune,Website
108964,37,166600,18.7,4410,6,25,18.7,82341.22,Mumbai,Mobile App
108306,42,156900,14.7,5150,21,18,17.5,75865.76,Hyderabad,Mobile App
106371,36,111800,8.6,1590,49,16,44.7,13731.25,Chennai,Website
101018,30,51700,1.5,840,120,6,70.4,1221.73,Mumbai,Marketplace
103893,38,82600,12.1,1860,65,16,40.8,22485.24,Chennai,Marketplace
108458,35,140200,13.9,4230,13,21,30.9,58672.29,Delhi,Mobile App
106795,43,134300,15.4,3390,18,25,22.3,52078.93,Hyderabad,Mobile App
103273,42,52100,6.7,2130,51,12,36.7,14247.95,Hyderabad,Marketplace
100351,35,49100,3,840,121,7,60.3,2540.15,Hyderabad,Mobile App
105313,40,85400,10,1880,54,13,47.8,18803.14,Chennai,Mobile App
102125,36,49300,2.6,1020,109,6,69.3,2607.14,Pune,Marketplace
106677,37,169700,17.8,4850,14,24,33.6,86252.39,Bengaluru,Marketplace
107382,40,140000,21.9,4360,25,23,22.9,95462.09,Hyderabad,Mobile App
107613,50,103000,15.1,4420,21,22,28.5,66809.48,Mumbai,Mobile App
103300,22,82200,9.6,1860,36,13,54.7,17915.36,Bengaluru,Website
102496,39,49300,3.1,980,109,6,70.5,3018.4,Mumbai,Website
105267,29,68300,9.1,1960,50,11,31.3,17771.89,Pune,Mobile App
103932,34,85800,8.3,1840,41,12,45.1,15304.31,Mumbai,Mobile App
107384,48,95400,17.6,3960,22,21,20.9,69781.11,Bengaluru,Website
103154,22,64400,6.4,1690,63,16,42.6,10843.07,Hyderabad,Mobile App
102708,31,40500,3.2,790,89,7,63.7,2505.49,Pune,Mobile App
106907,52,180300,21.3,3400,18,31,13.2,72469.81,Hyderabad,Marketplace
100743,40,44100,2.6,770,127,5,45.5,1983.77,Delhi,Mobile App
100181,38,49800,3.9,760,141,6,61.5,2936.93,Hyderabad,Website
101116,36,42700,4,720,144,6,83.1,2847.72,Pune,Website
103096,29,81200,7,2530,41,12,49.8,17688.58,Pune,Website
100350,29,49000,3.2,770,114,5,68.6,2459.88,Chennai,Website
107896,42,131100,12,4600,28,35,19.5,54988.53,Delhi,Website
103255,35,76900,8.8,2110,60,14,50.1,18549.23,Bengaluru,Website
103791,34,60200,9.3,1880,62,10,46.8,17421.33,Pune,Website
107532,42,117300,18.9,5150,22,23,27.7,97557.34,Hyderabad,Marketplace
108779,37,153300,17.3,4700,18,25,22.5,81275.75,Pune,Marketplace
106522,39,147800,13.8,3920,19,21,41.2,54198.62,Mumbai,Marketplace
100082,29,31400,2.7,630,110,8,67.9,1704.38,Bengaluru,Website
105956,36,69700,8.7,1650,21,11,51.1,14405.17,Hyderabad,Mobile App
106724,30,,19.1,2490,19,22,24.4,47514.21,Hyderabad,Mobile App
106736,47,113400,16.1,3890,15,22,17.8,62644.57,Pune,Website
100832,33,66100,3.3,660,90,6,56,2169.62,Bengaluru,Mobile App
105744,33,74900,6.6,2050,48,13,54.8,13491.06,Mumbai,Marketplace
108782,32,142700,21.5,3640,21,17,22.8,78167.23,Mumbai,Mobile App
108946,48,155600,20.8,4460,10,20,24.5,92772.28,Bengaluru,Marketplace
106473,36,97800,9.7,2030,49,9,49,19796.36,Bengaluru,Marketplace
104320,29,86800,11.1,1730,48,12,37.9,19130.65,Bengaluru,Mobile App
101427,39,30900,2.8,720,156,5,71.4,2019.7,Bengaluru,Marketplace
107077,38,136700,15.4,4130,24,25,19.3,63466.86,Hyderabad,Mobile App
106227,33,90400,5.8,1600,49,16,43,9307.46,Mumbai,Mobile App
104598,35,91200,7.3,2170,50,15,52,15846.36,Bengaluru,Mobile App
105091,39,112200,6.9,1970,68,7,46.9,13526.31,Hyderabad,Marketplace
102693,35,44600,3.4,930,161,7,82.4,3186.37,Bengaluru,Marketplace
102442,37,52000,3.6,890,119,8,69,3203.15,Pune,Mobile App
107573,42,128000,18.3,3630,14,31,10.3,66512.14,Pune,Website
107123,39,170600,17.1,5000,15,24,11.9,85580.53,Delhi,Marketplace
104265,28,97300,9.7,1300,58,15,56.1,12694.79,Mumbai,Marketplace
102112,39,49000,4.4,1000,116,4,68.3,4419,Chennai,Website
107234,47,113000,15.9,4260,19,23,16.8,67615.8,Bengaluru,Mobile App
100711,35,56300,4.4,770,135,3,66.5,3346.19,Mumbai,Mobile App
101278,33,44000,2.8,560,133,8,86.4,1597.46,Delhi,Marketplace
102945,34,46500,3.2,720,150,7,63.6,2283.74,Delhi,Website
103140,37,114600,6.9,1520,52,12,36.6,10493.82,Bengaluru,Website
106688,45,127500,12.8,4500,16,17,9.6,57746.03,Bengaluru,Marketplace
104475,28,74200,9.4,1790,39,14,50.9,16870.46,Mumbai,Website
105387,33,58800,7.3,2240,52,11,55.9,16283.15,Delhi,Website
102580,37,42000,3.1,760,99,8,70.9,2340.92,Bengaluru,Mobile App
107430,51,170600,12.9,5120,26,23,27.6,66286.37,Pune,Website
108898,44,139000,15.8,3660,17,24,2,57841.41,Bengaluru,Website
106898,41,133500,12.7,6660,13,21,18.7,84245.59,Pune,Website
106504,43,151600,16.3,4200,23,21,21.6,68472.61,Delhi,Website
105847,28,86200,8.7,1960,52,10,28,17007.39,Chennai,Mobile App
101140,44,45700,4,770,98,5,64.7,3089.35,Chennai,Marketplace
108025,43,135600,14.7,4140,24,13,22.5,60931.16,Mumbai,Mobile App
102151,37,64100,3.1,660,166,4,61.9,2063.25,Mumbai,Website
102749,30,64300,3.8,730,95,4,67.5,2799.68,Pune,Marketplace
105269,32,84000,7.2,2180,46,12,40.5,15787.79,Pune,Marketplace
108611,37,158800,22.1,4320,26,28,24.4,95605.95,Bengaluru,Mobile App
104699,30,83000,9.8,1980,51,9,35.2,19280.26,Hyderabad,Website
107899,43,133000,23,4360,15,27,6.7,100334.19,Pune,Mobile App
100173,39,49800,3.4,750,120,7,63.6,2542.23,Delhi,Mobile App
107825,34,189400,14.8,4770,26,25,30.1,70547.37,Hyderabad,Website
100040,34,44500,3.7,870,101,7,74.4,3259.85,Bengaluru,Mobile App
106051,33,91000,10.3,1960,48,16,47.4,20234.1,Pune,Mobile App
101733,31,46300,4.6,780,82,4,78.2,3602.77,Bengaluru,Website
106064,37,88100,7.3,2060,70,10,46.2,15078.42,Mumbai,Website
106662,40,151600,16.6,4020,15,31,9.1,66813.1,Delhi,Marketplace
106339,28,79600,9,1950,59,9,43.5,17509.1,Mumbai,Mobile App
102860,41,40800,3.2,600,65,6,76.5,1935.41,Bengaluru,Marketplace
106731,37,125500,19.4,4770,12,20,9,92670.13,Chennai,Marketplace
108188,35,128700,12.1,4380,18,23,13.3,53166.88,Hyderabad,Website
105485,30,89400,8,2160,59,13,44.1,17184.26,Hyderabad,Marketplace
108574,46,164100,17.8,3620,16,20,15.5,64573.65,Hyderabad,Website
102345,28,45900,3.9,780,101,8,75.2,3028.72,Pune,Website
103871,53,102500,8.1,1680,40,10,59.8,13633.29,Pune,Website
104202,26,60800,8.7,1610,52,12,45.5,13965.56,Chennai,Marketplace
105334,40,90300,10.2,2050,40,9,47.2,20998.1,Delhi,Website
106537,42,166500,8.2,5220,17,24,22.5,42581.72,Mumbai,Website
100534,51,62800,3.8,600,101,6,78.8,2298.91,Chennai,Website
103152,32,87900,9.8,1980,50,12,39,19484.87,Delhi,Mobile App
102304,35,45600,4.2,780,92,4,66.4,3301.17,Mumbai,Marketplace
107854,43,150400,13.5,4170,26,19,14,56106.85,Bengaluru,Website
100066,37,46100,3,730,45,7,73.1,2174.58,Hyderabad,Marketplace
104995,41,89700,10,2430,50,13,40.8,24152.14,Chennai,Marketplace
102826,36,53000,3.3,860,115,6,82.7,2867.53,Bengaluru,Mobile App
100355,39,29700,4.8,900,179,7,80.3,4255.82,Hyderabad,Marketplace
106154,27,103700,6.5,1800,53,15,49,11807.16,Hyderabad,Mobile App
101517,36,38900,3.5,520,157,7,66.5,1829.71,Pune,Mobile App
108342,46,149700,16.8,4640,13,26,20.3,78109.34,Delhi,Marketplace
105737,37,103300,8.4,1560,51,9,36.4,13132.03,Chennai,Marketplace
106503,45,147300,18.7,4530,10,21,22.3,84987.06,Bengaluru,Website
108813,44,164200,18.6,3870,14,20,19.5,72090.41,Mumbai,Marketplace
105886,29,70800,9.9,2110,51,14,49.4,20929.75,Hyderabad,Mobile App
100473,36,52700,3.7,930,111,6,56.3,3403.29,Mumbai,Marketplace
106163,34,76600,10.5,1640,54,13,46.3,17319.92,Delhi,Mobile App
105611,25,71000,7.3,1250,52,14,39.9,9092.34,Chennai,Mobile App
108450,46,154400,20.2,4020,14,18,36.4,81105.43,Hyderabad,Mobile App
104061,29,74400,6.7,1760,41,17,43.1,11761.45,Bengaluru,Mobile App
107461,50,179700,12.2,3690,24,31,8.7,45131.68,Pune,Website
101624,50,52000,3.4,750,156,5,63.6,2552.06,Bengaluru,Marketplace
100869,40,47700,3.3,820,99,6,89,2656.66,Chennai,Website
103398,32,68300,6.6,2100,44,10,37.3,13935.55,Chennai,Marketplace
100324,43,43600,4,940,136,7,73.4,3741.26,Bengaluru,Marketplace
105897,32,76300,8.8,1690,63,7,43.6,14865.86,Hyderabad,Website
104177,42,103700,11.2,1970,39,11,55.6,22003.16,Delhi,Marketplace
104123,35,116900,8.8,1960,36,12,44.3,17291.16,Bengaluru,Marketplace
106788,56,120600,16.7,4210,24,25,10.4,70493.01,Chennai,Website
104335,36,98200,7,2020,52,12,36.2,14063.62,Bengaluru,Marketplace
108084,41,116100,16.6,4420,24,20,23.4,73437.37,Delhi,Website
108420,47,125300,21.3,3650,19,32,25.2,77698.43,Bengaluru,Website
107883,50,149800,19.7,4550,18,22,19.9,89801.85,Pune,Mobile App
101559,27,43500,3,790,138,6,68.8,2375.67,Chennai,Mobile App
101076,43,34200,4,760,112,6,84.7,3048.43,Mumbai,Website
108012,40,145300,17.1,4570,9,30,7.9,78014.4,Pune,Website
108183,49,178900,17.7,2840,12,20,10.7,50406.04,Bengaluru,Marketplace
108904,37,176900,15.7,3120,11,25,25.6,48855.2,Mumbai,Website
107717,44,114700,11.4,4160,14,22,28,47486.3,Delhi,Marketplace
104609,33,80300,9.4,1190,56,17,46.6,11108.9,Bengaluru,Website
103627,42,60400,10.7,2180,43,9,56.9,23241.74,Hyderabad,Mobile App
104686,28,83600,9.4,2100,36,12,52.2,19759.39,Mumbai,Mobile App
105010,36,56600,7.9,1560,44,14,56.4,12269.83,Pune,Mobile App
107296,46,184500,20.1,3200,23,29,14.7,64287.74,Delhi,Website
101473,37,46900,3.5,850,90,7,83.1,3004.01,Hyderabad,Marketplace
100074,25,32200,3.5,1010,130,6,76.6,3562.82,Bengaluru,Marketplace
101996,42,40200,4.3,650,103,4,84.6,2811.23,Chennai,Mobile App
107904,39,136200,12,4340,14,33,24.5,51923.29,Bengaluru,Website
104036,41,78600,10,1690,67,17,44.8,16823.08,Pune,Mobile App
103772,34,103500,9.5,1100,58,13,46.1,10460.09,Hyderabad,Mobile App
107504,42,135200,17.6,5710,21,26,27.1,100735.03,Pune,Marketplace
108044,43,140200,15.6,4210,23,20,24,65680,Hyderabad,Mobile App
107792,36,74500,14.8,3840,22,27,19.5,56918.57,Delhi,Mobile App
106192,34,84200,8.5,910,33,8,45.5,7798.78,Hyderabad,Website
101576,44,58700,3.5,850,102,3,73.2,2978.91,Chennai,Marketplace
102642,32,34500,3.7,850,127,7,65.4,3109.44,Chennai,Mobile App
104536,40,90000,10.5,1020,55,14,46.6,10800.58,Delhi,Website
101598,39,45100,3.7,820,135,5,71.6,3038.21,Delhi,Marketplace
104994,41,79100,8.4,1510,54,14,24.8,12767.87,Chennai,Mobile App
108215,39,159000,15.1,4520,26,27,17.7,68331.95,Chennai,Marketplace
107459,34,148500,23.7,4090,23,28,19.1,97014.42,Hyderabad,Website
106492,32,66300,9.8,1440,38,11,38.7,14115.02,Hyderabad,Mobile App
101220,44,46700,3.9,950,110,8,56.2,3654.25,Hyderabad,Marketplace
107081,50,190900,17.2,3150,18,24,32.8,54001.97,Bengaluru,Mobile App
102261,34,64000,3.1,550,55,5,76.5,1742.01,Hyderabad,Website
103970,37,43000,9.6,1660,47,13,52.6,15930.7,Bengaluru,Mobile App
101748,34,33400,4.3,830,141,6,65.9,3572.37,Chennai,Website
103974,33,81200,7.6,1870,66,12,48,14262.93,Hyderabad,Mobile App
102143,43,24800,3.8,760,73,5,64.5,2898.44,Pune,Marketplace
100450,35,56500,3.8,960,89,5,62.4,3613.41,Hyderabad,Marketplace
102128,25,51100,4.3,640,110,6,78.6,2705.12,Chennai,Mobile App
107655,48,148200,18,4430,18,19,12.6,79982.37,Bengaluru,Mobile App
104274,37,83400,7.4,1740,59,10,41.1,12916.67,Chennai,Marketplace
103394,44,81700,8,1990,59,13,30.4,15879.8,Delhi,Marketplace
100178,35,51100,4,960,116,6,70.1,3828.25,Mumbai,Marketplace
100133,40,56400,3.6,870,82,7,76.2,3136.78,Chennai,Marketplace
101719,33,52700,3.7,850,83,7,90,3165.47,Mumbai,Website
102883,32,52700,4,980,88,6,62,3886.07,Hyderabad,Website
106673,33,130000,15.2,3780,12,18,18.9,57593.14,Bengaluru,Website
100001,47,54000,3.4,880,166,6,68.1,3013.26,Chennai,Mobile App
102472,32,63000,3.8,600,83,6,72.7,2294.46,Bengaluru,Website
107843,44,158100,17.2,5130,19,29,5.1,88529.06,Pune,Website
105607,36,83200,6.6,1910,43,14,66.5,12681.12,Chennai,Marketplace
103689,35,93100,9.9,1450,52,9,47.8,14317.71,Hyderabad,Mobile App
105638,29,80100,12,1910,71,15,43.2,22876.41,Hyderabad,Mobile App
108250,42,139500,18.1,4040,19,20,16.7,73139.48,Hyderabad,Marketplace
107087,34,175600,16.4,3430,13,30,21.9,56206.44,Mumbai,Mobile App
104585,30,73700,8.6,1420,49,14,36.7,12235.17,Delhi,Mobile App
101430,29,50800,4.3,730,150,6,60.1,3148.77,Hyderabad,Marketplace
103257,39,79400,9.2,1700,38,15,58.3,15540.83,Mumbai,Marketplace
105984,35,84000,7.6,1690,38,17,43.9,12911.18,Bengaluru,Mobile App
107443,47,161900,13.4,3840,17,29,24.9,51305.19,Chennai,Mobile App
105138,33,82500,9.8,1570,51,12,43.4,15333.67,Chennai,Mobile App
102500,26,39300,3.3,930,92,5,70.6,3094.2,Delhi,Marketplace
106730,60,137900,16.2,2260,16,21,13.2,36557.9,Hyderabad,Website
100409,40,46600,4.3,850,158,7,53.1,3645.64,Chennai,Website
104561,31,87700,12.1,1910,42,11,58.3,23149.08,Pune,Mobile App
104780,50,63500,8.5,1860,71,13,68.1,15809.52,Mumbai,Website
101028,43,49300,2.1,770,145,5,64,1630.59,Chennai,Mobile App
100158,37,39500,2.4,640,155,4,79.9,1558.73,Hyderabad,Mobile App
100389,27,48500,3.7,790,157,4,71.1,2929.47,Bengaluru,Marketplace
102615,40,35100,3.9,910,159,7,91.1,3593.28,Bengaluru,Marketplace
102026,36,61700,3.8,710,113,6,67.8,2712.06,Chennai,Mobile App
108194,37,187400,21.1,2810,19,19,24.7,59355.16,Mumbai,Mobile App
101666,32,47400,3.5,700,93,6,58,2431.41,Mumbai,Marketplace
107437,43,91900,20.8,4260,16,26,28.2,88627.81,Delhi,Mobile App
106729,38,152800,22.2,4400,15,26,7.5,97399.77,Pune,Website
100713,42,55000,3.2,1080,165,7,54.5,3506.93,Hyderabad,Mobile App
105059,35,78600,5.7,1720,64,15,43.2,9744.95,Bengaluru,Mobile App
100511,32,57700,3.4,900,128,5,72.5,3002.17,Hyderabad,Marketplace
101062,34,63600,2.9,880,113,3,73.1,2556.76,Chennai,Mobile App
103845,30,87800,9.7,1600,65,13,51.6,15589.88,Delhi,Mobile App
105666,40,94200,10.6,2270,39,8,43,24073.05,Hyderabad,Marketplace
106631,40,128900,8.6,4330,21,28,18.4,37151.52,Hyderabad,Marketplace
106238,37,95700,8.6,1680,52,16,53.5,14394.71,Pune,Marketplace
106761,40,135200,16.3,2540,25,25,15.2,41471.42,Hyderabad,Marketplace
106085,28,126800,7.8,1990,61,12,38.7,15456.4,Chennai,Mobile App
106818,39,174300,20.8,3900,18,23,24.4,80915.44,Bengaluru,Website
104129,32,81800,3.6,1530,37,10,41.9,5548.41,Chennai,Marketplace
105255,30,81200,8,1630,56,13,55.1,13099.75,Bengaluru,Mobile App
105494,31,72400,7.8,1410,25,14,39.1,11031.15,Delhi,Website
107479,37,168100,19.9,4560,21,19,5.1,90503.18,Chennai,Marketplace
103356,28,109800,9.2,1040,40,15,50.2,9630.69,Hyderabad,Mobile App
108276,38,177200,20,4350,16,31,20.5,87052.7,Delhi,Marketplace
107318,37,142700,18.2,4700,18,25,9.5,85470.15,Bengaluru,Marketplace
107581,42,128900,14.2,4370,26,18,26.9,62011.65,Mumbai,Website
105268,26,97600,10.2,1420,48,15,42.4,14547.66,Delhi,Marketplace
105805,35,78500,9.3,1600,61,13,45.8,14938.77,Hyderabad,Mobile App
102133,48,47100,3.1,740,121,6,73.4,2308.64,Pune,Website
108061,38,140500,17.1,3750,13,20,30.3,64308.78,Chennai,Marketplace
105093,35,56800,8.2,1910,56,15,41.9,15700.04,Bengaluru,Mobile App
105565,43,73300,8.5,1600,42,13,49.5,13653.73,Pune,Marketplace
108349,47,130800,19.5,5070,22,34,26,98917.38,Bengaluru,Mobile App
104764,33,87800,9.2,2090,37,13,42.2,19283.35,Chennai,Mobile App
104533,30,57300,9.4,2050,53,18,55.5,19208.58,Pune,Marketplace
106847,39,176200,11.7,3710,21,22,23.2,43394.5,Bengaluru,Mobile App
100795,45,59900,3.1,860,129,8,49.9,2686.19,Hyderabad,Website
102649,44,45700,3.4,660,126,8,72.6,2210.84,Hyderabad,Marketplace
102761,34,53900,2.8,650,124,5,68.9,1789.23,Chennai,Website
102827,25,64000,3,580,131,5,74.6,1727.94,Delhi,Mobile App
103915,33,94200,7.9,1410,52,16,38.6,11127.65,Mumbai,Marketplace
100252,36,55400,3.4,700,100,6,63.7,2393.89,Hyderabad,Mobile App
105529,31,106600,9.1,2360,60,12,46.1,21454.67,Chennai,Marketplace
104386,27,84700,6.2,1790,46,13,42.3,11172.16,Mumbai,Mobile App
103848,39,97800,9.8,1860,68,13,46,18211.5,Delhi,Mobile App
105339,30,98400,6.4,1940,66,11,50.6,12462.78,Chennai,Mobile App
102311,32,45200,3.2,800,118,8,68.5,2515.19,Bengaluru,Marketplace
103397,39,114100,9.3,1930,54,16,41.6,17902.97,Hyderabad,Marketplace
108101,41,129100,14,5230,25,36,19.5,73358.03,Hyderabad,Marketplace
103155,29,94900,9.8,1420,66,16,53.2,13949.07,Hyderabad,Mobile App
101234,27,48100,3.1,1030,181,8,68.5,3238.66,Chennai,Website
108206,43,108600,17.1,4160,22,22,28.7,70871.87,Bengaluru,Mobile App
106650,35,116000,18.2,4280,18,21,13.3,77883.7,Hyderabad,Mobile App
102652,45,61200,3.8,830,152,6,67.3,3150.91,Bengaluru,Mobile App
106119,29,104900,8.2,2000,57,16,45.9,16328.19,Bengaluru,Mobile App
107030,46,146800,17.3,3760,20,33,15.8,64950.13,Hyderabad,Marketplace
106771,50,150500,12.2,4280,23,18,9.5,52256.26,Pune,Marketplace
107360,37,130500,18.1,4450,12,20,22.2,80601.73,Pune,Marketplace
103315,30,106100,12.4,2290,57,17,37.3,28304.1,Mumbai,Website
102158,29,37500,2.6,850,133,6,84.9,2250.98,Chennai,Mobile App
104520,37,84700,8,1690,45,13,42.5,13460.15,Pune,Website
104292,21,94100,9.3,1930,49,15,57.9,18027,Bengaluru,Marketplace
104052,23,77900,8.6,1680,56,14,48.6,14424.55,Pune,Marketplace
104316,24,79200,9.3,1580,31,11,53.6,14660.83,Hyderabad,Website
103885,31,80300,9.6,1410,45,12,63.8,13564.45,Chennai,Website
103721,33,84600,11.4,1760,55,14,45.8,19987.41,Pune,Mobile App
106443,34,85900,8.6,1650,55,15,24.7,14264.37,Delhi,Mobile App
103529,34,72200,8,1840,47,14,42.9,14756.03,Mumbai,Mobile App
101397,42,52700,3.3,710,57,6,67.3,2350.45,Delhi,Mobile App
104203,22,91800,9.9,2020,47,14,41.1,20119.1,Hyderabad,Marketplace
103065,33,102000,9.8,1440,28,12,30.2,14143.32,Mumbai,Website
101043,40,51000,2.6,1010,131,5,60,2603.67,Delhi,Website
100612,35,56400,3.9,930,130,7,67.6,3655.59,Mumbai,Mobile App
102178,43,46800,4.3,820,143,5,72.8,3558.75,Mumbai,Mobile App
106745,42,202300,13,4180,13,15,37,54380.21,Pune,Marketplace
101881,41,42100,4.2,830,177,7,73.9,3529.32,Pune,Marketplace
105715,36,105300,7.5,1560,62,14,43,11698.85,Bengaluru,Marketplace
103459,31,91200,7.4,1130,44,14,49.3,8398.28,Bengaluru,Website
107365,34,152000,10.7,5470,16,20,15.8,58701.2,Mumbai,Website
104023,29,70400,8.8,2210,28,15,43.3,19396.23,Chennai,Mobile App
105756,38,81900,12,1530,33,14,50.7,18330.46,Hyderabad,Mobile App
108607,45,160700,15.3,3500,21,27,14.7,53643.15,Mumbai,Website
104241,40,68900,11.1,2050,55,10,59.3,22833.55,Bengaluru,Website
106228,41,83800,10.6,1630,47,17,61.5,17280,Bengaluru,Marketplace
104405,35,92200,9.5,2050,60,17,50.5,19549.88,Bengaluru,Mobile App
100504,48,54100,3.9,770,121,6,69.2,2985.57,Mumbai,Mobile App
103004,29,85900,8.8,1900,52,14,48.6,16643.31,Mumbai,Website
100275,35,45800,3.6,910,101,8,54.8,3305.46,Chennai,Website
101346,36,49300,3.3,930,121,5,58.8,3092.4,Chennai,Website
105329,37,102900,8.2,1660,59,10,47.7,13572.87,Bengaluru,Website
103625,30,115400,9.8,1830,64,17,61.6,17963.99,Pune,Mobile App
103166,37,107500,9.5,1820,46,13,23.6,17288.25,Bengaluru,Marketplace
102376,36,56000,3.3,900,126,8,78.7,3020.85,Chennai,Website
106775,36,118200,18.4,5100,18,26,11.8,93976.77,Delhi,Website
103870,35,108700,8.3,1970,77,11,52.3,16270.53,Chennai,Website
106829,45,136700,13.3,4500,15,25,9.7,59719.46,Chennai,Marketplace
102679,39,43100,3.1,930,124,8,79.4,2896.48,Pune,Mobile App
105678,31,82600,9.7,1670,45,15,48.3,16221.2,Bengaluru,Marketplace
103980,27,86200,6.8,1850,50,18,50.3,12570.92,Pune,Mobile App
100684,33,45000,4.1,1100,139,6,73.6,4512.56,Mumbai,Mobile App
108366,33,116100,11.9,3440,19,32,25.6,40974.11,Bengaluru,Marketplace
101558,36,41500,2.8,710,94,5,67.4,1973.11,Delhi,Website
100998,44,59600,3.5,780,83,4,69.1,2768.05,Bengaluru,Mobile App
104128,38,82700,11.8,1570,51,11,38.4,18592.38,Chennai,Mobile App
101776,32,61400,2.8,950,179,6,52.6,2638.95,Hyderabad,Marketplace
101177,45,45700,3.9,750,138,5,63.4,2927.36,Pune,Mobile App
101347,37,43700,3.7,810,143,5,64.7,2979.79,Bengaluru,Marketplace
105465,29,101500,7.6,1490,44,13,45.9,11238.57,Bengaluru,Mobile App
100745,28,51100,3.9,820,92,7,70,3189.79,Delhi,Mobile App
107774,42,172000,18,4350,15,21,19.6,78255.73,Mumbai,Website
104514,25,80900,9.8,1830,40,13,30.1,17940.33,Bengaluru,Website
102334,37,59600,3.7,850,141,7,64.3,3150.78,Mumbai,Marketplace
104416,29,83700,6.8,1710,53,13,38,11584.02,Delhi,Website
105573,36,102900,10.8,2180,50,12,47.4,23426.41,Mumbai,Marketplace
103519,35,73000,8.1,1730,63,13,48.9,14110.41,Mumbai,Marketplace
102274,35,55600,3.6,700,120,5,79.5,2531.09,Pune,Website
105193,39,70100,7.5,1800,43,16,54.4,13516.89,Mumbai,Mobile App
106160,28,96000,11.2,1550,54,19,46.9,17414.62,Mumbai,Marketplace
106143,40,100400,12.2,2030,79,15,50,24828.97,Pune,Website
106203,,71000,9.7,1350,66,12,53.8,13100.37,Mumbai,Mobile App
105020,35,103800,9.3,1170,59,10,39.3,10894.31,Pune,Mobile App
100694,31,48400,4.6,500,154,7,83.1,2302.1,Chennai,Website
100486,44,48100,2.6,830,74,6,67.5,2153.69,Hyderabad,Website
103275,34,72100,10,1960,59,17,42.8,19615.63,Chennai,Website
105852,34,106200,8,2030,51,11,52.8,16302.15,Delhi,Website
100983,36,44500,3.8,970,155,5,80.3,3672.3,Chennai,Mobile App
105275,29,84000,11.3,1690,39,15,37.2,19074.32,Delhi,Mobile App
100080,37,53500,4.7,970,168,5,62.1,4555.48,Pune,Website
108064,39,136900,11.5,4370,15,29,30.9,50340.22,Delhi,Mobile App
106625,40,143400,18.5,4960,11,24,26.8,91559.99,Mumbai,Mobile App
108691,38,142700,15.1,3890,20,22,30.6,58600.96,Delhi,Mobile App
107268,41,159500,18.5,3800,20,23,33,70250.72,Mumbai,Website
102247,45,45400,3.7,600,138,6,73.3,2185.56,Mumbai,Marketplace
106562,42,140300,13.5,4830,22,30,2,65370.46,Delhi,Mobile App
106525,39,141400,15.8,5460,19,25,19.5,86321.16,Bengaluru,Website
108300,42,117700,20,5160,26,32,39.3,103286.43,Hyderabad,Website
105889,36,88700,11.4,1250,37,11,38.5,14231.37,Delhi,Website
105548,33,108500,11.1,1900,49,12,37.7,21233.62,Hyderabad,Website
100446,38,53500,4.4,840,141,8,61.1,3668.8,Pune,Website
103018,33,86000,9.9,1500,20,13,47.1,14790.9,Chennai,Website
103284,36,70800,8.1,1970,48,10,53.3,15943.93,Bengaluru,Mobile App
107186,47,159200,16.5,4340,18,26,37.1,71653.17,Hyderabad,Mobile App
104510,34,91100,12.9,1860,43,13,56.1,23900.27,Mumbai,Mobile App
104614,24,107400,8.2,2200,57,13,46.8,18049.77,Chennai,Mobile App
103209,,86400,9.9,2220,48,12,36.3,21992.22,Hyderabad,Mobile App
102289,38,60800,3.2,670,135,8,71.9,2155.6,Pune,Mobile App
107592,44,127800,19.1,4510,17,24,16.3,86035.74,Pune,Marketplace
101569,44,65400,3.4,780,91,6,81.1,2684.08,Bengaluru,Mobile App
103208,38,104500,10.9,1710,32,11,39.5,18561.26,Delhi,Website
101617,41,,3.5,650,204,6,73,2274.91,Hyderabad,Marketplace
108665,37,,16.5,3580,20,28,29.3,58955.79,Chennai,Mobile App
100069,33,55100,2.5,790,84,5,70.4,1941.84,Mumbai,Website
107615,44,136700,12.1,4480,14,25,28.7,54133.58,Chennai,Marketplace
100049,33,67500,3,690,102,4,65.8,2071.16,Delhi,Marketplace
101054,40,40600,3.2,820,113,6,67,2601.08,Pune,Mobile App
104318,30,87200,8.2,2040,33,16,51.6,16806.82,Mumbai,Website
103150,35,79500,10.5,1630,48,15,43.7,17051.15,Mumbai,Website
108427,41,148500,19.1,3950,19,24,32.4,75568.79,Bengaluru,Website
108095,37,127000,22.4,5320,24,23,19,119051.52,Delhi,Mobile App
103461,35,88700,9.6,2250,74,9,43.6,21743.63,Pune,Marketplace
108384,38,154300,13.1,4410,18,21,23.3,57507.96,Mumbai,Mobile App
106204,34,88700,6.9,1800,52,13,47,12384.59,Hyderabad,Marketplace
104565,30,95400,10.9,2220,52,13,56.8,24080.09,Chennai,Marketplace
105314,49,119200,10.6,2020,51,16,59.9,21486.39,Chennai,Website
101468,36,57700,5.2,640,126,5,61.3,3358.53,Chennai,Mobile App
105283,37,101200,7.3,1240,59,12,36.9,9096.28,Pune,Website
105757,36,73100,7.6,1830,69,12,41.8,13977.69,Mumbai,Mobile App
100394,38,55900,3.6,730,109,6,68.5,2605.63,Hyderabad,Marketplace
104092,43,89500,11.6,2160,45,15,49.6,25173.23,Mumbai,Mobile App
100231,35,51500,3,920,123,4,62.8,2738.75,Pune,Mobile App
101321,45,59600,3.3,970,99,7,84.5,3208.5,Delhi,Website
100042,37,41100,4.3,800,140,6,72.6,3469.58,Hyderabad,Marketplace
104247,25,89500,7.1,1670,58,13,41.6,11914.7,Chennai,Marketplace
104993,34,90500,9.4,940,45,13,46.3,8878.56,Bengaluru,Marketplace
107955,39,144700,16.7,4210,27,22,26.6,70060.06,Delhi,Mobile App
103001,33,67400,11.1,2170,54,12,49.3,24078.7,Delhi,Website
101833,41,50400,2.5,860,96,5,63.3,2105.73,Hyderabad,Mobile App
101531,31,55000,4,550,108,7,72.2,2196.68,Pune,Marketplace
108840,40,,17.7,4250,22,21,14.6,74934.29,Delhi,Marketplace
102516,43,65100,3,780,131,7,75.4,2389.28,Hyderabad,Mobile App
107172,37,112300,20.2,3280,17,25,23.6,66340.47,Hyderabad,Marketplace
105364,32,52800,12.9,2010,37,15,48,26076.96,Hyderabad,Website
101324,35,52700,3.4,880,158,7,80.8,3048.48,Pune,Marketplace
108494,45,179500,17.3,3680,17,25,29.6,63445.88,Mumbai,Marketplace
102359,37,44600,3.6,730,98,5,74,2650.12,Delhi,Mobile App
102250,33,56100,3.7,870,124,4,65.3,3266.57,Chennai,Marketplace
101492,36,35000,3.5,820,138,6,67.1,2889.11,Hyderabad,Mobile App
106127,38,93700,10.7,1610,48,15,34.4,17305.39,Mumbai,Website
102730,43,68400,3.6,680,140,7,76.8,2460,Delhi,Mobile App
100062,38,47500,4,670,121,7,62.2,2718.68,Mumbai,Website
104378,43,88900,8.9,1740,36,11,45.8,15431.24,Chennai,Website
108283,39,175100,18.7,3680,25,26,6.6,68980.02,Delhi,Website
105787,35,,6.6,1550,61,15,48.3,10273.79,Hyderabad,Mobile App
105285,35,89600,5.9,1570,40,14,44.6,9179.19,Chennai,Website
100403,38,36500,2.2,1000,153,8,70.1,2192.83,Delhi,Marketplace
100333,34,,4.8,870,132,8,72.1,4125.27,Bengaluru,Website
107471,51,148100,16.5,4750,20,28,9.6,78426.76,Delhi,Website
101010,31,39800,3.4,680,127,5,70.6,2306.25,Chennai,Marketplace
101169,31,55700,3.3,600,114,7,84.4,1941.04,Hyderabad,Website
107156,46,174900,17.8,5590,14,26,16.9,99582.54,Bengaluru,Mobile App
107918,50,145500,17.2,4190,16,30,25.9,72008.12,Pune,Mobile App
107934,48,154500,18.1,4670,12,24,14.8,84320.79,Hyderabad,Website
105221,43,84600,9.3,2300,70,14,28.6,21443.02,Chennai,Mobile App
104709,28,67300,11.3,1550,61,11,49.9,17483.92,Pune,Mobile App
107214,48,79500,18.8,3580,13,22,17,67211.01,Delhi,Mobile App
108104,38,183800,16.7,4970,15,21,25.7,82810.46,Pune,Mobile App
101938,36,49600,3.3,880,157,6,72.1,2927.49,Mumbai,Marketplace
101439,35,45300,3.4,560,135,5,70.8,1925.85,Pune,Website
106830,44,147000,17.2,4010,17,30,14.8,68811.49,Delhi,Website
104002,28,75500,9,1990,78,9,40.6,17897.98,Bengaluru,Mobile App
103746,27,72500,11.2,1790,43,9,40.4,20113.12,Chennai,Mobile App
101335,35,62300,2.2,760,142,6,61.1,1669.18,Delhi,Mobile App
102884,51,46600,3.6,590,87,7,65.5,2081.75,Hyderabad,Marketplace
105098,44,72700,10,1680,59,12,58.3,16912.86,Mumbai,Marketplace
108926,34,164800,15.2,4440,11,20,28,67560.35,Pune,Marketplace
104327,41,94600,8.4,1720,57,12,42.9,14393.79,Chennai,Mobile App
108443,45,138500,18.6,4110,15,23,18.7,76403.3,Pune,Marketplace
108927,48,143000,19.1,5050,22,25,18.7,96508.71,Bengaluru,Website
102841,41,46200,4.2,1050,109,6,78.5,4436.59,Chennai,Website
102985,40,50000,3.8,860,92,6,70.3,3304.03,Pune,Mobile App
105406,25,111000,12.5,1710,42,10,46.2,21361.49,Chennai,Marketplace
100707,36,58600,4.1,580,111,6,57,2419.47,Bengaluru,Website
107700,52,,18.6,4810,17,26,19.5,89266.5,Pune,Marketplace
105497,25,82000,10.1,1800,49,13,44.7,18252.35,Bengaluru,Website
103575,,75600,10,2030,80,17,49.4,20354.25,Delhi,Mobile App
107431,35,167300,15.3,5020,12,23,11.2,76848.09,Bengaluru,Website
104966,37,72800,8.2,1670,41,12,56.5,13735.63,Chennai,Mobile App
108935,37,112200,13.1,4640,14,21,17.6,60786.66,Bengaluru,Marketplace
106261,32,107400,7.9,1200,48,13,37.3,9481.9,Bengaluru,Marketplace
101563,36,46600,3.1,830,133,5,67.5,2532,Hyderabad,Marketplace
107396,41,163800,15.1,4840,24,19,18.9,73032.83,Delhi,Website
108917,34,132800,14.8,3670,19,21,18.8,54125.47,Bengaluru,Mobile App
104421,35,86200,5.7,1700,47,14,49.5,9632.03,Mumbai,Website
100697,32,52200,2.9,800,104,6,67,2295.88,Hyderabad,Website
101104,28,57900,3,660,117,6,78.5,2013.67,Bengaluru,Marketplace
100474,26,56800,3.6,660,111,5,62.8,2347.71,Bengaluru,Website
100380,34,46200,2.1,760,155,5,61.4,1619.33,Delhi,Website
108013,45,120000,17.4,3830,14,23,24.5,66674.23,Pune,Mobile App
105930,32,48400,11,2180,33,12,48.4,23924.23,Chennai,Website
104640,32,83800,11.8,2060,59,18,47.8,24336.15,Chennai,Mobile App
104788,32,86800,8.5,2050,68,13,52.6,17502.72,Bengaluru,Mobile App
107856,36,131700,16.5,4980,26,34,17.4,82439.83,Bengaluru,Marketplace
107290,49,138800,17.2,3740,17,22,14.9,64353.02,Mumbai,Marketplace
103617,30,98700,9.7,1890,53,12,36.8,18292.14,Mumbai,Mobile App
107632,38,136500,18.3,4610,27,27,11.6,84204.32,Mumbai,Mobile App
100382,35,59200,3.8,780,130,8,69.8,2917.15,Hyderabad,Website
105864,43,68300,7.3,1700,61,10,50.9,12422.36,Chennai,Marketplace
106217,33,88000,8.6,2060,39,13,45.4,17776.39,Hyderabad,Website
107375,38,153400,14.1,4980,19,20,12.2,70157.41,Chennai,Marketplace
104339,21,84100,10.7,1720,35,12,35.4,18435.09,Pune,Mobile App
107976,38,143500,15.8,4240,21,25,20.1,67121.51,Mumbai,Website
102095,41,66900,3.2,710,106,6,81.5,2245.96,Chennai,Marketplace
102772,39,46200,3.2,750,124,7,73.5,2425.07,Pune,Website
106692,37,145600,17,4650,23,24,34.3,79213.96,Delhi,Mobile App
100059,37,49500,4.1,670,135,5,63.7,2763.86,Mumbai,Website
105165,25,88200,11.5,2070,56,13,45.6,23778.26,Chennai,Mobile App
106059,39,90300,8.1,1600,36,15,53.1,13019.84,Bengaluru,Website
105096,31,85000,5.3,2200,58,12,52.6,11678.29,Chennai,Website
106212,43,71400,8.2,1800,75,14,54,14785.83,Bengaluru,Marketplace
105595,42,73700,8.2,1590,43,14,46.6,12966.9,Pune,Marketplace
108846,41,135000,17.4,4350,20,22,23.4,75576.69,Chennai,Mobile App
104765,35,85700,8.6,1900,30,13,39.5,16277.66,Mumbai,Marketplace
104254,33,64200,8.7,1840,56,15,53.3,15896.5,Bengaluru,Website
101194,41,57800,3.6,750,146,8,47.6,2719.98,Delhi,Website
107713,33,134700,21.2,4690,21,30,17.5,99430.81,Chennai,Marketplace
100859,36,46800,3.5,840,181,7,74.8,2920.09,Delhi,Marketplace
104429,24,101700,8.1,1530,42,13,43.2,12417.33,Mumbai,Mobile App
105829,31,70800,7.3,1540,54,12,33.5,11307.74,Chennai,Marketplace
108915,41,143300,15.8,2950,25,21,25.8,46717.79,Chennai,Website
106667,28,110400,16.4,4160,14,28,21.9,68117.86,Pune,Marketplace
101537,40,57800,3.2,900,143,6,66.6,2842.54,Chennai,Website
100746,36,51700,2.5,830,158,6,70.6,2099.2,Delhi,Marketplace
105553,27,85200,6.7,1810,56,16,59.5,12076.11,Bengaluru,Mobile App
106514,42,141500,10.8,4140,18,15,30.5,44632.4,Bengaluru,Website
106424,43,95000,7.5,1950,55,13,56.5,14649.51,Mumbai,Mobile App
104662,36,73700,7.6,1760,45,11,46.1,13280,Pune,Mobile App
102099,34,42100,3.3,890,96,6,65.8,2914.78,Mumbai,Website
103594,34,63000,7,2060,56,18,44.3,14310.78,Bengaluru,Website
103853,34,85300,6.1,1640,55,13,42,10024.03,Delhi,Mobile App
108872,44,149500,15.9,3910,18,33,15.4,62213.92,Hyderabad,Website
104687,22,82700,6.7,1410,36,12,41.3,9401.2,Delhi,Marketplace
104395,30,88500,6.9,1950,70,12,46.6,13417.63,Mumbai,Marketplace
108585,44,134500,18.2,4460,7,23,27.6,81147.4,Bengaluru,Mobile App
106062,30,96600,6.1,1530,63,11,31.6,9285.8,Bengaluru,Website
105673,32,74500,8.6,2110,47,12,42.8,18170.62,Pune,Mobile App
103773,41,101800,10.3,1770,67,15,57.5,18180.85,Delhi,Mobile App
106559,47,135800,28.5,5190,5,25,15,147704.37,Hyderabad,Mobile App
101657,26,58000,4.3,780,102,5,66.1,3332.21,Delhi,Mobile App
104223,31,65300,8.2,2040,40,10,39,16727.08,Mumbai,Website
101534,45,37700,3.9,860,103,5,65.9,3341.78,Pune,Mobile App
104822,39,66400,10.2,1830,43,13,30.8,18621.59,Bengaluru,Mobile App
103510,32,99900,10,2140,41,12,51.6,21294.67,Hyderabad,Marketplace
102886,34,36800,3.9,1010,89,5,56.8,3874.78,Chennai,Marketplace
105229,33,83900,7.6,1750,44,11,36.5,13225.71,Mumbai,Website
101732,32,55100,4.3,850,122,6,77.2,3623.21,Hyderabad,Website
102009,35,62500,3.9,790,134,6,67.3,3088.1,Hyderabad,Mobile App
102165,38,53400,3.7,890,142,6,68.9,3337.11,Pune,Marketplace
103129,41,71600,8,1980,49,9,47.6,15909.5,Pune,Website
105772,21,100700,9.3,1720,39,13,48.8,16012.87,Mumbai,Mobile App
106689,30,162600,19.4,3960,23,36,14.8,76766.82,Mumbai,Mobile App
100215,35,53000,3,950,86,6,74.2,2860.91,Bengaluru,Website
106790,41,155100,17.5,3270,12,24,30.1,57147.23,Chennai,Mobile App
101963,26,46900,4.1,800,90,7,60.7,3241.41,Pune,Mobile App
106974,47,139000,16,4260,20,23,21.5,68190.08,Pune,Website
100863,32,49600,4.5,680,107,8,72.6,3075.94,Delhi,Website
100004,42,38600,3.8,910,111,6,70.8,3411.11,Mumbai,Mobile App
104710,30,99100,9.8,1940,56,14,41.1,19048.71,Mumbai,Website
107231,43,152100,15.2,3960,19,38,22.6,60188.73,Hyderabad,Mobile App
107408,35,123800,22.1,4200,19,24,22.8,92993.63,Pune,Mobile App
101702,34,61000,4.1,680,86,6,63.5,2788.51,Chennai,Mobile App
100182,31,41900,3.3,690,89,4,86.4,2264.8,Chennai,Website
101619,38,63900,2.9,630,166,7,73.5,1813.18,Delhi,Website
105423,34,77900,11.3,1940,60,16,58.1,21835.28,Hyderabad,Marketplace
106099,31,90200,10.1,1650,35,8,46.2,16627.88,Pune,Website
107098,43,141200,15.5,4490,20,24,23.2,69602.85,Bengaluru,Marketplace
103108,38,79900,9.4,1910,54,10,51.8,17890.79,Bengaluru,Marketplace
108337,46,150900,18.3,4130,17,24,3.6,75436.31,Bengaluru,Marketplace
107372,49,156800,20.9,4400,15,22,25.8,91932.19,Pune,Website
101982,44,54200,3.2,650,139,5,67.2,2103.83,Mumbai,Website
106450,37,75800,7.4,1570,47,15,45.6,11691.39,Pune,Website
108130,27,165100,16.6,4320,23,23,17.6,71629.31,Chennai,Website
102813,36,45000,4.2,730,95,7,54.6,3045.28,Delhi,Mobile App
108370,42,143400,11.9,4690,17,30,10.8,55702.75,Bengaluru,Website
107515,38,138200,12.5,3620,17,22,31,45430.8,Mumbai,Mobile App
100071,42,48300,3.6,860,139,7,68.8,3088.49,Chennai,Mobile App
100545,35,46400,3.6,1050,62,6,55.3,3771.39,Chennai,Website
103306,36,98700,11.1,1920,62,14,36.8,21185.75,Chennai,Mobile App
100836,31,59000,4.3,780,53,4,68,3320.41,Mumbai,Website
102727,35,34000,2.8,700,170,6,72.2,1968.39,Pune,Mobile App
106027,39,74800,10,1870,49,13,47,18722.7,Bengaluru,Mobile App
106416,34,76800,8.1,2210,44,15,45.1,17761.58,Pune,Website
104819,27,86400,7.1,1700,74,15,57,12117.63,Hyderabad,Mobile App
108739,43,131500,20,4410,16,28,32.6,88504.45,Delhi,Website
100368,53,46800,2.8,870,146,4,71.3,2444.3,Chennai,Website
107744,36,187200,14.1,4050,6,22,21.3,57071.56,Hyderabad,Website
103264,26,89800,7.7,1900,30,10,29.2,14691.74,Chennai,Website
108513,33,129400,12.2,3410,19,23,9.2,41665.53,Delhi,Website
105582,33,85400,8.9,1720,43,15,48.7,15213.64,Delhi,Mobile App
100878,46,52500,3.1,870,162,7,71.2,2716.8,Chennai,Website
107750,37,141300,18,4590,15,30,13.2,82525.17,Delhi,Marketplace
108311,32,163600,24.2,4720,13,22,27.4,114182.3,Pune,Marketplace
108798,37,185500,16.2,4810,16,27,28.5,77905.31,Delhi,Mobile App
104605,37,64900,10.9,2250,35,14,42.6,24461.44,Delhi,Website
107833,44,147200,18.5,3980,17,25,16.7,73544.38,Mumbai,Mobile App
104740,30,90100,9.8,1600,46,11,41.5,15682.13,Delhi,Mobile App
105325,37,104500,9.4,1620,59,12,42.7,15249.36,Pune,Mobile App
103899,32,112300,10.9,1390,55,16,48.3,15248.35,Chennai,Marketplace
108744,39,171800,17.2,3850,23,28,19.4,66203.55,Mumbai,Mobile App
101545,37,47500,4.5,810,116,6,75.4,3674.77,Chennai,Website
107097,61,117000,12.6,4840,11,24,15.6,61257.97,Delhi,Website
107389,50,171800,15.4,4540,26,34,15.2,69954.72,Bengaluru,Website
108456,38,128900,14.8,4230,19,17,21.7,62480.22,Pune,Marketplace
104991,31,102100,7.8,1850,59,15,48.3,14359.46,Chennai,Marketplace
107085,48,161400,18.6,4200,19,21,20.8,78083.52,Pune,Website
107800,39,163100,17.3,3660,19,23,20.4,63229.43,Mumbai,Website
101433,39,43900,2.6,790,175,5,84.4,2067.85,Delhi,Website
104216,33,85600,7.4,1690,61,10,38.3,12509.33,Delhi,Website
108334,40,153800,19.7,4110,22,28,33.4,81156.09,Hyderabad,Marketplace
104368,31,87100,10.8,1980,53,12,58.1,21311.29,Hyderabad,Mobile App
105036,39,58400,10.4,1580,32,13,48.5,16325.92,Delhi,Marketplace
104619,42,68400,8.9,2220,54,13,33.2,19678.62,Hyderabad,Marketplace
102089,40,44200,4.3,750,96,6,69.2,3192.41,Pune,Marketplace
101771,42,58000,3.5,740,115,4,68.5,2622.43,Pune,Website
102302,36,44500,4.2,620,125,6,67.8,2619.29,Hyderabad,Marketplace
102517,37,50700,2.9,890,84,3,55.6,2557.82,Bengaluru,Marketplace
102465,36,,3.9,370,101,4,73.2,1439.8,Chennai,Mobile App
104383,24,73400,5.3,2010,43,14,40.7,10584.68,Pune,Website
108359,37,147100,20.1,4790,22,24,36.9,96419.09,Pune,Mobile App
105591,38,79400,9.8,1530,30,15,42.2,15038.59,Chennai,Website
102499,37,38900,4.3,810,104,4,59.8,3463.49,Hyderabad,Mobile App
100219,50,53100,3.1,910,135,6,71.2,2779.49,Delhi,Marketplace
105518,44,77300,10.4,1630,32,13,48.4,16894.4,Mumbai,Marketplace
108348,48,119200,22.2,3770,17,27,11.3,83743.8,Hyderabad,Marketplace
104880,46,93900,9.9,1530,24,13,46.8,15063.95,Delhi,Marketplace
107302,44,113900,13.3,3440,18,21,2,45824.35,Bengaluru,Website
101245,42,45200,3.2,610,97,5,72.5,1962.24,Bengaluru,Website
104127,37,90600,7.6,2080,42,10,53.4,15781.33,Delhi,Website
105287,37,101200,7.9,1820,44,16,54,14337,Mumbai,Marketplace
107498,51,189600,18.3,4970,17,25,20.3,90795.16,Hyderabad,Marketplace
106540,37,172700,10.2,3850,17,19,36.1,39318.45,Delhi,Mobile App
101644,32,63700,3.4,690,117,6,81.2,2314.61,Mumbai,Marketplace
107557,45,130600,10.7,5460,17,30,21.1,58698.9,Mumbai,Website
107143,55,166600,13.7,3930,25,23,15.7,53846.57,Bengaluru,Mobile App
100577,42,50800,3.3,750,147,7,68,2464.05,Bengaluru,Marketplace
104696,30,,7.6,1990,40,8,43.3,15143.28,Mumbai,Marketplace
107199,27,153300,16,4360,12,18,24.6,69515.97,Hyderabad,Marketplace
101167,32,47500,3.4,940,112,7,72.8,3159.08,Bengaluru,Marketplace
102859,35,49000,2.6,750,66,6,82,1931.59,Mumbai,Mobile App
102587,31,54500,2.8,820,71,4,79.6,2309.32,Mumbai,Mobile App
100416,40,33900,4.5,900,160,5,63.7,4093.14,Hyderabad,Mobile App
103008,39,91300,12.9,2030,50,12,59.5,26080.27,Mumbai,Mobile App
108273,35,102500,11.9,3450,17,24,2.8,41022.21,Bengaluru,Mobile App
102997,44,48500,4.2,690,119,6,65.3,2877.85,Mumbai,Website
100760,34,60700,3.5,740,127,8,59.6,2612.2,Chennai,Website
101386,41,40900,3.8,1010,122,4,90.2,3820.74,Bengaluru,Mobile App
104826,42,106900,8.1,2290,56,12,37.2,18576.84,Chennai,Mobile App
101202,47,45800,3.6,850,89,4,75,3074.18,Bengaluru,Marketplace
106021,27,97700,8.7,1660,39,15,41.7,14424.34,Mumbai,Website
105340,36,81000,10,2050,58,11,47.3,20482.7,Delhi,Marketplace
107227,41,167900,19.6,4440,20,24,20.4,87121.06,Pune,Website
106791,48,155200,22.6,2850,18,20,27.9,64331.31,Bengaluru,Website
107874,38,,21.4,5100,17,26,34.1,108995.85,Mumbai,Mobile App
104735,25,97100,6.2,1950,40,14,44,12069.02,Delhi,Website
104285,42,97400,8,1780,50,11,36.2,14182.68,Hyderabad,Mobile App
103800,42,91100,8.4,2080,39,11,43.8,17419.95,Mumbai,Mobile App
103950,35,101600,9.2,1790,52,15,46,16464.26,Pune,Website
100783,33,51200,3.1,1060,131,6,72.1,3283.89,Hyderabad,Mobile App
102115,48,53200,3.9,800,158,5,77.7,3108.2,Delhi,Website
100329,29,49500,3.1,820,112,8,76.5,2572.72,Bengaluru,Website
105670,30,78700,10.2,2580,48,15,58,26234.49,Hyderabad,Website
104852,,86500,10.3,1910,66,12,51.2,19623.12,Chennai,Marketplace
104757,32,60900,9.6,1610,39,16,43,15511.07,Hyderabad,Marketplace
105560,38,95300,9.9,2100,67,9,42.1,20823.74,Delhi,Mobile App
107151,,122000,23.1,3560,18,27,18.2,82173.56,Mumbai,Mobile App
108466,44,151900,15.6,4750,22,28,17.8,74056.88,Delhi,Mobile App
101112,41,48800,2.6,860,103,4,64,2205.1,Mumbai,Website
104049,38,103600,8.6,1720,44,11,42.9,14787.38,Chennai,Website
107438,55,150800,19.3,4090,24,19,17.7,79065.68,Pune,Website
107757,43,160100,11.3,3220,11,25,23.6,36337.06,Hyderabad,Website
105063,35,110400,5.6,1510,41,10,45.9,8481.18,Hyderabad,Mobile App
101282,30,61900,3.7,880,151,6,71.5,3207.57,Hyderabad,Mobile App
100972,33,47100,3.4,900,139,6,71.7,3024.37,Delhi,Website
108584,42,119100,17,4230,16,20,29.9,72019.24,Hyderabad,Mobile App
104478,33,,9.2,1810,66,16,45,16615.76,Mumbai,Mobile App
102767,47,44100,2.5,870,155,5,64.2,2162.8,Mumbai,Website
102485,34,64700,2.9,1050,115,6,73.2,3028.72,Mumbai,Mobile App
105245,29,98400,8.6,2170,68,12,55.7,18727.23,Bengaluru,Mobile App
104802,43,87900,8.8,1780,47,16,41.7,15700.24,Chennai,Mobile App
100971,32,57800,4.1,840,104,7,74.1,3422.45,Pune,Website
104575,38,,12,1830,43,14,28.2,21960,Hyderabad,Mobile App
104668,42,89100,10.9,1720,35,14,41.2,18763.71,Chennai,Website
106759,44,102400,16.2,5350,15,35,24.4,86664.65,Mumbai,Mobile App
107265,32,157800,16.2,4210,14,20,21.6,67982.4,Chennai,Website
106177,39,76600,10.3,2020,76,13,47.2,20875.43,Mumbai,Mobile App
103455,45,72800,10.1,1940,60,10,50.9,19515.39,Hyderabad,Website
107664,,152900,19.6,4760,17,19,31.9,93093.83,Chennai,Marketplace
107686,38,114500,15.9,4100,10,26,18,65230.81,Bengaluru,Marketplace
101283,38,59200,3.8,930,133,6,70.6,3508.73,Chennai,Mobile App
102847,38,55700,3.4,770,112,6,75.2,2618.76,Mumbai,Mobile App
103716,39,92800,8.8,1650,58,15,40,14623.09,Hyderabad,Mobile App
105824,33,79000,11,1600,30,14,48.6,17654.43,Pune,Website
104272,29,90100,8.3,2040,35,11,47.4,17018.65,Chennai,Website
101438,41,46800,3.5,760,145,6,94.7,2682.8,Delhi,Marketplace
102215,39,41200,4.1,990,214,7,63,4113.37,Pune,Mobile App
108690,49,143000,16.2,4210,22,28,22.6,68103.07,Delhi,Marketplace
100112,48,58200,4.7,910,153,6,71.3,4230.93,Hyderabad,Mobile App
105850,24,90200,8,2130,47,10,59.5,17039.7,Pune,Marketplace
102725,31,51500,3.7,890,172,7,74.1,3238.91,Chennai,Mobile App
107751,39,121200,20.9,4240,18,20,16.4,88853.89,Bengaluru,Mobile App
103106,41,71700,8,2190,49,10,42.9,17544.46,Bengaluru,Website
107385,37,165900,19.2,3440,18,32,16.1,66143.38,Mumbai,Website
108879,37,123500,17,3840,20,22,36.2,65157.69,Bengaluru,Marketplace
107948,50,112700,17.5,3270,26,20,27.8,57176.65,Chennai,Website
103541,39,71800,6.6,1960,47,14,54.8,12871.45,Hyderabad,Mobile App
103095,28,78000,8.2,1620,63,17,45.7,13334.31,Bengaluru,Website
106969,50,104800,13.2,4820,15,25,32,63556.84,Mumbai,Marketplace
102216,35,70200,3.3,870,84,5,60.5,2851.23,Pune,Marketplace
103919,34,77900,6.9,2050,63,12,35.9,14070.39,Hyderabad,Marketplace
101299,49,,4.1,650,158,6,60.3,2659.07,Bengaluru,Marketplace
102887,25,39700,3.5,750,130,8,69,2655.36,Hyderabad,Mobile App
100741,43,54500,3.5,790,167,7,54.1,2765.77,Hyderabad,Marketplace
103820,34,81200,10.5,1710,41,13,56.8,18021.62,Chennai,Marketplace
107901,38,142600,16,4590,19,18,16.5,73608.99,Mumbai,Website
103038,32,76100,6.1,2030,67,15,45.8,12324.99,Hyderabad,Marketplace
106851,33,161300,17.8,2480,16,20,27.8,44173.22,Delhi,Website
104122,31,85900,8,2250,43,12,41.9,18090.07,Hyderabad,Website
107338,46,191900,19,3590,23,30,19.2,68294.19,Hyderabad,Website
105337,26,70500,9.2,1920,45,8,40.3,17682,Mumbai,Website
103729,34,72000,5.9,2190,42,12,52.2,12933.62,Hyderabad,Website
104491,35,73700,8.2,2240,66,15,45.3,18281.51,Mumbai,Marketplace
105061,30,94700,10.9,1790,39,13,39.7,19435.57,Bengaluru,Website
108405,34,117700,17.2,3720,16,28,5.9,64022.73,Delhi,Mobile App
106812,38,112900,13.6,5110,11,22,16.4,69335.15,Mumbai,Marketplace
107714,34,150000,13.9,4830,21,25,10.4,67018.22,Mumbai,Website
108133,44,183900,13.6,4130,15,33,5.4,56139.31,Bengaluru,Mobile App
100436,37,47400,3.6,630,108,6,66.4,2270.6,Hyderabad,Mobile App
101889,36,67600,3.9,820,135,6,80.4,3181.44,Chennai,Website
106034,26,78500,9.8,1900,49,14,33.4,18686.49,Delhi,Website
100309,48,49400,3.3,770,141,4,67,2572.42,Chennai,Marketplace
108860,44,110300,19.5,3280,19,23,18.7,63914.77,Hyderabad,Mobile App
105028,40,77900,9.3,1850,45,10,57.6,17180.32,Bengaluru,Mobile App
104149,28,98000,12.2,1590,46,12,62.2,19392.44,Hyderabad,Marketplace
100088,37,50200,3.6,780,135,5,67.2,2790.34,Chennai,Website
103353,28,109700,9.2,1750,34,13,35.6,16188.11,Pune,Website
108279,42,133200,17.5,4220,27,29,19.8,73715.13,Delhi,Mobile App
100402,39,50600,3.7,420,157,5,88.1,1542.4,Pune,Website
108063,26,166200,16.7,3800,18,24,23.7,63348.88,Mumbai,Marketplace
101021,42,46800,3.2,880,73,5,72.7,2827.14,Pune,Mobile App
100882,53,50500,3.1,810,145,6,80.8,2533.62,Delhi,Mobile App
104248,29,105400,8,2080,45,10,48.2,16540.03,Delhi,Website
106548,42,120400,17.8,4530,18,27,21.1,80483.56,Delhi,Mobile App
105765,38,78400,8.3,1870,60,14,51.2,15502.11,Bengaluru,Marketplace
106702,40,111900,17.5,4020,14,24,13.4,70179.96,Mumbai,Website
102305,41,43200,3.1,720,110,4,58.8,2220.23,Chennai,Website
105188,37,100600,7.9,1790,67,10,36,14150.89,Hyderabad,Mobile App
107353,42,143200,19.6,3920,16,20,13.4,76690.68,Delhi,Marketplace
106727,32,115600,12.3,4770,15,28,33.7,58800.53,Delhi,Website
100258,32,57100,3.7,680,101,6,77.6,2518.87,Mumbai,Mobile App
108960,49,120200,20.1,4690,16,25,38.4,94098.36,Hyderabad,Marketplace
100289,34,59600,2.9,740,134,7,68,2134.18,Pune,Mobile App
106346,39,59700,12.3,1790,72,11,52.9,21976.49,Delhi,Website
106852,40,156500,18.2,4200,16,23,28.7,76310.54,Hyderabad,Website
106914,33,156200,16.2,4890,24,23,26.8,79340.42,Delhi,Marketplace
104602,31,105600,6.5,2040,73,12,43.4,13362.36,Chennai,Mobile App
103821,36,,9,1330,68,16,38.2,11909.65,Delhi,Mobile App
107550,35,144000,13.1,4440,23,16,36.3,58237.72,Delhi,Mobile App
104634,34,103400,9.2,1570,66,12,48.6,14394.05,Pune,Mobile App
107835,47,96600,16.3,4230,11,26,14.2,68851.05,Pune,Website
101916,44,48800,3.7,860,117,6,68.8,3176.16,Chennai,Mobile App
100738,41,46900,1.9,790,96,8,70.8,1484.16,Hyderabad,Marketplace
108569,39,127300,15.1,4860,17,30,13.7,73209.54,Chennai,Mobile App
103835,31,104300,7.9,2300,57,14,39.3,18244.86,Bengaluru,Website
106439,33,44600,9.2,1510,36,14,46.7,13840.32,Hyderabad,Mobile App
101818,31,56000,3.5,980,110,7,67.6,3404.91,Chennai,Mobile App
104382,34,97500,9.6,1780,45,10,46.1,17144.01,Mumbai,Marketplace
100544,35,36300,3.6,640,106,8,69.6,2300.45,Pune,Website
108202,34,140500,17.8,3800,22,20,17,67780.35,Pune,Mobile App
102752,39,52700,3.9,850,129,6,86.1,3282.98,Bengaluru,Marketplace
106935,38,148700,18.6,3830,24,32,24.2,71372.89,Chennai,Website
107364,37,177200,18.3,3600,16,24,16.7,65848.11,Pune,Website
106992,38,181200,19.1,4180,16,29,15.9,79719.87,Chennai,Website
108795,41,169900,19,3880,11,20,22.4,73777.27,Delhi,Website
101840,36,48500,3.9,820,150,6,56.1,3227.23,Pune,Mobile App
104417,32,86900,11.9,1910,68,12,43.5,22727.69,Mumbai,Mobile App
102885,38,59700,3.7,640,145,6,62.7,2372.68,Chennai,Marketplace
102610,36,60200,3.1,510,130,7,57.2,1547.93,Chennai,Website
108722,38,120600,17.1,5410,21,24,26.2,92745.05,Hyderabad,Website
102821,30,40700,3.8,870,149,7,69.5,3325.4,Mumbai,Website
103990,33,105200,4.3,1700,63,9,34.4,7356.78,Mumbai,Marketplace
100801,46,39700,4.4,860,113,5,63.4,3822.5,Bengaluru,Marketplace
106267,37,84500,9.7,2100,41,13,34.8,20407.86,Hyderabad,Website
101406,38,43500,3.8,840,150,7,76.4,3157.64,Pune,Website
100057,36,46100,4.3,930,130,6,76.4,4017.92,Mumbai,Website
104856,31,98100,7.3,2030,47,13,30.9,14830.25,Delhi,Marketplace
100070,47,46900,4.1,730,145,5,74.2,3001.91,Chennai,Marketplace
105455,29,99900,6.7,1980,41,14,56.3,13299.1,Bengaluru,Mobile App
100712,24,61900,3.7,860,133,6,82.3,3235.13,Mumbai,Website
105740,32,67800,11.6,1570,68,11,47.9,18188.98,Pune,Mobile App
100266,43,61800,3.4,670,43,6,89.3,2257.65,Pune,Marketplace
101587,28,53200,2.8,690,97,8,56.6,1904.63,Bengaluru,Website
102888,40,48100,2.9,640,131,8,68,1868.61,Chennai,Marketplace
108866,32,169800,20.7,4340,24,25,36.9,89927.1,Delhi,Website
105216,37,52300,9.7,1670,58,13,53.7,16189.87,Chennai,Website
101075,40,54100,3.1,1010,97,7,71.5,3133.6,Hyderabad,Website
106427,33,80500,7.6,1900,39,11,49,14458.96,Hyderabad,Website
104718,36,92800,7.9,1850,20,13,29.2,14629.08,Delhi,Website
106768,42,164900,18.3,3310,20,25,17.8,60525.82,Bengaluru,Marketplace
106211,29,97300,11.3,1340,45,10,48.4,15129.9,Bengaluru,Marketplace
105194,33,95700,10.1,1960,76,14,30.8,19791.68,Delhi,Website
108164,47,101800,18.1,5410,12,23,33,97889.62,Hyderabad,Mobile App
103299,34,111900,10.5,1740,43,16,52.1,18314.27,Pune,Mobile App
104964,29,,7.2,1550,54,13,39.5,11158.15,Delhi,Marketplace
103423,33,110700,10.4,1780,37,13,44.5,18461.96,Mumbai,Marketplace
104380,39,87700,7.3,2000,56,15,42,14636.19,Hyderabad,Mobile App
102058,49,42500,3,850,115,6,71.7,2563.67,Bengaluru,Marketplace
105883,31,74700,8.9,1710,45,13,31,15207.65,Delhi,Website
103313,41,89200,9.2,1970,56,9,48.4,18189.9,Bengaluru,Website
107654,47,171200,10.9,5080,19,25,12.8,55599.31,Mumbai,Website
103046,39,87700,8.6,1620,49,16,46.3,14027.46,Mumbai,Mobile App
102836,29,41100,3.6,670,138,4,67.4,2446.54,Hyderabad,Website
104538,33,77300,10.1,2020,50,13,46.3,20413.68,Bengaluru,Website
107244,60,137500,9.8,4000,21,18,17,39352.6,Bengaluru,Marketplace
107723,39,173500,14.8,3610,23,28,27.9,53518.18,Pune,Mobile App
105599,42,95100,9.8,1860,73,19,37.5,18161.8,Chennai,Mobile App
100679,,42000,3.5,820,113,4,92.1,2861.29,Bengaluru,Marketplace
108184,39,148900,19.9,4010,17,22,19.1,79879.5,Mumbai,Website
101330,42,35700,3.4,550,97,5,68.8,1849.06,Bengaluru,Marketplace
108233,50,143600,19.2,4320,16,23,17.9,82830.83,Pune,Mobile App
101685,41,32200,4.5,790,133,8,62,3511.85,Bengaluru,Website
108704,44,138300,16.8,3960,21,22,16.8,66513.1,Delhi,Mobile App
106408,39,89000,10.1,2150,59,11,51.5,21853.52,Delhi,Mobile App
101778,40,69300,2.8,830,116,6,63.1,2347.84,Delhi,Marketplace
107348,32,154200,16.8,5340,21,24,12.3,89732.61,Pune,Website
100752,32,46400,2.8,990,111,5,71.5,2815.41,Pune,Mobile App
106166,38,112600,10,2130,40,14,46.9,21248.38,Delhi,Marketplace
103350,43,80000,10.7,2320,47,13,49,24734.43,Mumbai,Mobile App
104845,41,82300,6.1,2020,47,14,40,12284.09,Bengaluru,Website
104884,34,77600,7.7,1860,74,12,53.3,14413.49,Chennai,Marketplace
100477,37,54700,3.2,830,113,6,67.4,2698.81,Hyderabad,Marketplace
108560,46,144000,14.9,4780,25,30,11.9,71234.45,Pune,Website
106206,27,70000,7,2170,65,13,39.1,15211.81,Bengaluru,Website
103039,38,108700,8.6,1500,63,12,31.6,12824.7,Bengaluru,Marketplace
100212,44,49400,3.8,770,129,6,59.4,2929.17,Mumbai,Website
100469,27,58900,2.3,940,118,6,62.4,2149.04,Mumbai,Marketplace
101546,36,47300,2.8,910,169,5,57.4,2530.89,Mumbai,Marketplace
105112,32,96600,7.8,1470,44,13,39.9,11508.8,Mumbai,Marketplace
107497,40,141600,20.7,3340,19,22,33.1,69202.38,Bengaluru,Mobile App
108678,39,132400,16.1,4020,17,24,13.5,64681.73,Chennai,Marketplace
105816,38,84700,11.1,1700,43,12,37.1,18844.76,Bengaluru,Website
107763,43,96200,17.7,3860,18,26,21,68204.24,Bengaluru,Website
103985,42,98500,7.7,1630,51,13,48.7,12630.11,Chennai,Website
101026,32,47800,3.5,750,221,7,66.7,2630.31,Delhi,Marketplace
108042,45,126600,22,5240,20,21,8.1,115601.52,Chennai,Marketplace
106305,34,92400,9.2,1810,57,13,37.7,16597.11,Bengaluru,Mobile App
106235,38,72500,6.8,2050,52,13,64.2,14057.88,Mumbai,Marketplace
102719,35,52300,3.1,840,129,7,73.6,2616.63,Pune,Website
101471,41,50600,3.4,930,81,4,68.3,3198.85,Bengaluru,Marketplace
108089,47,131800,20,3840,9,29,15.1,76763.44,Delhi,Marketplace
107114,35,,24.5,6060,17,26,16.6,148195,Hyderabad,Marketplace
106552,38,134400,16.5,5300,22,31,24.9,87582.25,Bengaluru,Marketplace
107355,30,117900,12.6,2990,16,35,28.5,37555.16,Pune,Marketplace
100774,35,37300,3.4,920,64,8,60.8,3096.89,Mumbai,Website
108821,38,140700,15.3,3640,29,20,5.4,55745.47,Hyderabad,Marketplace
102914,43,53700,3.5,890,156,7,72.9,3072.33,Bengaluru,Website
108976,53,148400,15.7,3390,18,14,27,53356.01,Hyderabad,Website
105230,30,93400,9.2,1520,77,11,49.9,13978.85,Mumbai,Marketplace
100642,39,48900,3.9,710,112,6,71.2,2803.08,Bengaluru,Website
105045,42,83000,9.8,1850,43,12,43.5,18148.96,Chennai,Mobile App
100197,36,28300,3,820,130,5,71.1,2457.03,Hyderabad,Mobile App
108947,40,133200,14.3,3700,16,22,6.4,53012.47,Delhi,Mobile App
101156,41,46400,4.2,860,116,5,67.3,3616.13,Mumbai,Website
101145,,58700,2.8,610,66,4,78.6,1729.04,Pune,Mobile App
107210,43,109700,17.6,3910,11,22,21.6,68601.23,Delhi,Mobile App
101109,43,52000,3.4,600,116,6,75.1,2050.66,Delhi,Website
107770,47,135500,20.5,4920,14,26,23.5,100886.62,Bengaluru,Marketplace
103549,36,74100,9.8,1660,48,11,61.6,16323.33,Chennai,Website
101421,41,60600,1.8,1000,118,6,61.5,1807.87,Delhi,Mobile App
102524,37,44200,3.9,720,152,7,83.4,2814.76,Mumbai,Marketplace
107922,51,127000,17.9,3330,16,28,27.2,59780.24,Pune,Website
105354,36,96200,7.1,1910,58,16,43.9,13508.56,Mumbai,Website
103000,42,36700,3.9,1010,91,5,76.4,3990.58,Chennai,Mobile App
108278,41,168200,21.4,4390,20,29,29.3,93741.15,Hyderabad,Mobile App
106179,44,92400,10.5,1100,41,12,50.3,11588.16,Hyderabad,Mobile App
101759,35,41900,3.7,710,129,6,78.7,2656.5,Hyderabad,Mobile App
100958,42,55600,3.7,630,113,6,80.4,2334.67,Hyderabad,Marketplace
106319,28,84400,14,1310,79,12,35.9,18379.74,Bengaluru,Mobile App
101681,37,47300,4.2,780,103,6,70.9,3237.24,Chennai,Marketplace
105580,44,98700,7.1,1450,45,16,30.5,10315.68,Hyderabad,Mobile App
100634,35,50000,4.1,570,129,5,80.4,2349,Chennai,Website
108529,35,96000,14.8,4830,18,30,22,71477.8,Pune,Mobile App
107053,34,168000,18.2,4240,16,21,23.3,76916.67,Delhi,Mobile App
103460,38,88200,7.6,1640,33,8,33,12542.99,Delhi,Mobile App
101262,48,41000,3.2,850,111,7,71.9,2712.89,Bengaluru,Website
100119,36,56700,3.2,710,142,6,71.9,2255.43,Bengaluru,Mobile App
106596,41,150800,18.1,4140,15,16,7.5,74922.77,Pune,Mobile App
105479,28,,10.4,1860,41,16,35.3,19339.18,Bengaluru,Mobile App
104268,38,73900,9.7,1760,51,14,35,17153.54,Delhi,Mobile App
105842,37,112600,9.7,1650,29,13,35.3,15973.2,Hyderabad,Mobile App
102681,39,49600,3.4,730,123,7,89.1,2483.04,Bengaluru,Website
107413,41,162100,13.4,3750,20,26,11.6,50475.13,Hyderabad,Marketplace
105958,40,61300,6.9,1850,36,15,52.6,12791.92,Bengaluru,Mobile App
105058,40,97800,13.2,2000,55,12,41,26469.73,Mumbai,Website
106074,38,102800,8.5,1590,40,9,45.7,13480.69,Hyderabad,Marketplace
107509,32,139100,20.1,5530,14,20,10.6,110980.47,Chennai,Mobile App
103380,32,66200,8.5,1550,39,12,42.3,13208.92,Hyderabad,Marketplace
108210,51,118600,17.8,4090,26,23,19.8,72690.5,Mumbai,Mobile App
105345,32,78200,11.8,2060,46,12,36.7,24339.77,Delhi,Mobile App
102817,41,47400,3.1,580,161,5,72.8,1813.24,Pune,Marketplace
107501,41,160300,20.9,3250,13,32,32.2,68074.06,Hyderabad,Marketplace
108465,36,153700,15.9,4450,14,20,13.4,70662.61,Hyderabad,Marketplace
101173,44,65000,2.7,600,110,7,73,1628.97,Delhi,Website
102277,43,47200,3.9,1010,132,7,70.9,3940.46,Chennai,Website
102834,,61400,4.1,930,135,6,76.4,3840.27,Chennai,Website
102440,46,54600,2.4,750,131,7,71.9,1820.69,Hyderabad,Marketplace
104464,36,65600,11.1,2110,41,13,40.9,23393.37,Pune,Mobile App
107112,43,160900,17,4170,15,36,26.6,71028.24,Chennai,Website
100093,35,39700,3.6,590,137,8,75.7,2107.51,Mumbai,Website
105448,30,85400,8.5,2210,64,14,25.2,18729.95,Pune,Website
104103,34,65700,9.1,2000,63,14,38.5,18099.58,Mumbai,Marketplace
103280,,80300,10.4,1880,62,18,43.9,19526.05,Mumbai,Marketplace
108043,40,114200,14.6,4260,15,22,12.3,61963.89,Chennai,Mobile App
102166,37,54500,3.3,690,143,6,62.1,2246.54,Mumbai,Marketplace
108733,33,139300,17.2,3860,19,20,5.5,66308.86,Pune,Mobile App
104853,37,90100,9.3,1830,33,11,51,16914.57,Bengaluru,Website
106312,34,79500,9.6,1560,76,15,42.4,14972.73,Hyderabad,Mobile App
105019,30,95500,10.5,1900,51,12,38.7,19982.24,Mumbai,Marketplace
105254,33,103600,12.4,2430,42,11,61.2,30044.29,Hyderabad,Marketplace
102532,38,51600,2.7,930,97,6,71.8,2517.74,Hyderabad,Website
103694,29,48700,11.6,2130,50,12,31.1,24572.55,Hyderabad,Mobile App
100816,26,60100,4.1,850,99,6,74.5,3469.49,Pune,Website
107067,37,140000,19.1,6080,18,29,11.1,115899.22,Chennai,Marketplace
106428,41,85800,8.8,2030,63,19,37.8,17743.35,Delhi,Marketplace
108486,42,187300,18.4,5020,22,26,28,92550.97,Hyderabad,Marketplace
105228,23,107700,10.5,1910,65,13,49,19981.75,Mumbai,Mobile App
105404,38,84400,5.8,1660,51,10,55.6,9543.35,Bengaluru,Mobile App
105669,41,81100,11.3,1660,51,7,44.4,18776.69,Bengaluru,Marketplace
100180,33,44300,3.5,690,125,6,63.1,2433.08,Delhi,Mobile App
108345,53,123300,14.4,4510,30,23,6.6,64886.16,Mumbai,Marketplace
106362,29,60600,8.7,2160,68,10,70.1,18803.44,Chennai,Mobile App
102484,,53000,3.7,840,92,7,58.1,3110.42,Hyderabad,Website
103986,46,83600,5.9,1550,44,8,28.9,9165.52,Delhi,Website
101158,39,37100,3.7,990,116,5,76.6,3690.97,Pune,Mobile App
106520,39,169900,15.5,5040,20,34,12.3,78180.42,Hyderabad,Mobile App
101533,34,46900,2.7,1100,157,8,79.7,2918.25,Delhi,Mobile App
108216,39,105900,18.8,5490,22,29,16.5,103285.2,Bengaluru,Website
101536,28,47100,4.5,920,136,5,76,4130.38,Mumbai,Website
106121,34,94100,10.8,2000,52,12,40.8,21513.9,Delhi,Mobile App
104100,47,72900,7.1,1680,56,15,36.4,11958.4,Mumbai,Marketplace
106066,40,57400,7.3,1450,55,11,32.8,10609.06,Bengaluru,Marketplace
107549,43,156000,20.2,4540,19,23,37.8,91543.71,Pune,Website
106460,40,96500,7.6,1810,62,12,41.6,13702.35,Pune,Website
108757,34,138600,21.2,4020,16,27,22.4,85364.76,Chennai,Marketplace
101481,42,42400,3.2,680,113,4,63.6,2156.57,Mumbai,Marketplace
103754,26,95200,9,1820,53,10,55.4,16361.25,Pune,Mobile App
108830,40,123300,17.6,3540,15,18,24,62320.26,Chennai,Website
108970,29,155800,18.8,5100,20,18,22.2,96183.54,Mumbai,Mobile App
102677,33,50500,2.2,910,143,6,73.8,1995.38,Delhi,Website
101953,37,39900,3.4,860,86,5,68.8,2866.1,Hyderabad,Mobile App
104982,42,83200,7,2090,64,12,33.9,14547.42,Mumbai,Marketplace
102895,33,50000,3.7,670,81,6,69.7,2487.11,Chennai,Mobile App
101164,37,46300,3.1,750,131,5,69.9,2290.73,Chennai,Marketplace
108851,35,192000,14.2,4570,16,29,23,65096.2,Chennai,Website
104986,42,100900,8.7,2490,66,17,68.1,21571.5,Delhi,Website
105166,35,69600,6.8,1670,45,12,48.8,11375.56,Bengaluru,Marketplace
103687,32,91600,8.6,2200,47,15,36.4,18883.15,Mumbai,Mobile App
104240,30,88800,9.6,1710,39,13,54.9,16438.27,Bengaluru,Marketplace
103323,35,99700,8.1,1640,58,11,49.7,13175.44,Mumbai,Mobile App
101599,33,49500,3.6,880,58,7,76.7,3168.42,Delhi,Marketplace
108332,39,145900,17.5,4300,22,18,18.8,75325.49,Pune,Website
100301,,53200,3.5,810,92,6,73,2828.94,Delhi,Marketplace
104349,26,84500,8.3,2130,32,18,50.9,17724.01,Chennai,Mobile App
106627,41,140000,15.7,3670,18,30,30.5,57480.7,Mumbai,Website
106086,23,92600,10.6,1600,53,16,47,17030.76,Bengaluru,Mobile App
106913,41,175700,15.8,4800,20,25,21.6,76023.86,Chennai,Website
108797,37,141900,16.5,3640,16,25,17.1,59983.23,Bengaluru,Website
101360,39,56300,3.9,570,184,6,57.6,2234.15,Hyderabad,Mobile App
102698,43,38600,3.8,1090,151,7,70.8,4110,Delhi,Website
102570,41,55100,2.5,720,111,7,58,1785.25,Delhi,Mobile App
104608,39,75900,10.4,2070,57,15,38.6,21544.87,Chennai,Mobile App
100487,36,45700,4.2,820,91,8,75,3431.11,Pune,Website
104724,42,76100,6.2,1450,44,11,44.7,9033.02,Hyderabad,Website
107787,42,141900,12.9,3930,16,28,15.3,50727.37,Pune,Mobile App
101153,39,46200,2.7,980,121,8,70.7,2594.06,Bengaluru,Marketplace
104031,27,101700,10.9,1510,55,13,52.5,16429.19,Hyderabad,Website
104099,33,93400,11.3,2040,50,9,55.8,23154.72,Mumbai,Mobile App
106356,26,73800,7.9,1360,51,16,48.5,10776.59,Chennai,Mobile App
108760,44,126200,14.3,4720,13,22,28.3,67372.44,Pune,Marketplace
106744,49,154700,18,3500,9,32,17.5,63023.76,Hyderabad,Marketplace
106701,42,114600,19,4300,17,31,21.8,81893.83,Delhi,Marketplace
100666,34,57800,3.6,680,118,7,57.1,2442.21,Chennai,Mobile App
103173,35,74300,9.6,1770,52,16,35.1,17037.39,Chennai,Mobile App
105894,33,60900,8.4,1630,45,16,34.8,13793.18,Pune,Website
100643,41,60800,3.9,820,76,7,81.1,3252.43,Pune,Mobile App
100177,50,60400,4.5,800,97,6,64.6,3605.37,Pune,Mobile App
108948,39,132100,17.3,4030,19,22,14.9,69700.99,Delhi,Website
103032,32,91600,9,1800,42,10,42.3,16196.72,Hyderabad,Website
100787,37,39000,4,930,89,5,78.6,3690.92,Hyderabad,Mobile App
105156,41,56500,9.3,1690,79,14,52.4,15706.28,Delhi,Mobile App
103996,28,71700,10.7,1980,37,16,42.4,21109.24,Bengaluru,Marketplace
102956,30,48800,2.1,790,67,5,74.2,1663.22,Delhi,Marketplace
100092,31,49000,4.6,810,96,8,74.9,3708.84,Chennai,Website
108069,44,157700,18.7,3550,21,18,21.3,66555.54,Hyderabad,Mobile App
104642,35,82000,6.5,1690,55,13,48.8,11007.05,Hyderabad,Mobile App
107217,48,137800,18.1,3560,16,30,19,64310.94,Hyderabad,Marketplace
101972,41,42100,3.4,720,126,6,70.5,2412.68,Hyderabad,Mobile App
100531,47,43300,3.7,840,130,6,68.6,3143.73,Pune,Mobile App
100997,36,44100,2.7,660,114,7,68.4,1762.46,Chennai,Marketplace
108424,43,,15.3,5260,9,29,16.6,80579.21,Chennai,Marketplace
103551,36,85900,8.4,1720,45,11,54.1,14528.29,Delhi,Marketplace
101428,41,60400,3.3,770,147,5,73.2,2532.95,Chennai,Website
104413,31,84000,9.9,2240,50,11,36.8,22212.76,Chennai,Mobile App
104895,44,110800,8.1,1790,70,9,49,14526.68,Pune,Marketplace
104773,39,106800,9.3,1390,55,9,30,12984.93,Hyderabad,Marketplace
102871,39,39200,2.7,590,129,7,58.6,1585.17,Bengaluru,Mobile App
104833,40,74400,10.3,1400,58,14,35.8,14418.88,Delhi,Mobile App
103034,38,95200,8.6,1680,39,9,51.2,14415.82,Hyderabad,Marketplace
103711,35,96800,8.2,1750,62,16,32.6,14271.08,Delhi,Website
102459,46,43900,3.7,790,86,6,73.7,2910.77,Chennai,Marketplace
108218,47,135400,14.9,2510,10,20,32.7,37479.66,Mumbai,Mobile App
105796,48,74200,7.7,1940,59,19,52.1,14973.08,Delhi,Website
103783,31,79400,6.8,1960,92,12,48.6,13270.29,Pune,Marketplace
102778,46,60900,4,470,140,6,69.8,1893.19,Pune,Marketplace
100695,38,48600,3.9,790,76,6,78.4,3090.14,Chennai,Website
104615,35,80700,10.8,1590,47,16,52.1,17115.17,Mumbai,Website
101739,38,39200,3.5,840,160,5,86.7,2951.39,Hyderabad,Website
100168,34,39500,3.3,670,135,6,55.6,2197.84,Chennai,Website
103951,40,89900,8.7,2240,57,16,42.9,19390.57,Bengaluru,Mobile App
107238,47,145000,15.7,4640,18,28,28.6,72688.7,Mumbai,Marketplace
105119,32,99200,8.9,2100,52,16,42.5,18683.42,Delhi,Marketplace
108401,36,126900,19.5,4210,18,25,11.6,81958.99,Pune,Website
104059,36,89700,7.3,1530,32,12,51.5,11168.15,Pune,Mobile App
108251,42,158100,17.8,4110,26,23,27.7,73166.13,Hyderabad,Marketplace
106873,42,180400,16.5,4440,13,29,17.9,72982.16,Bengaluru,Website
104849,37,70600,8.9,1580,47,11,53.1,14005.01,Pune,Website
105695,44,60700,9.5,1890,43,14,47,17841.94,Hyderabad,Mobile App
106466,29,89200,7.6,1930,45,14,45.2,14660.25,Delhi,Marketplace
102953,32,43500,2.4,680,152,6,70.7,1610.83,Chennai,Marketplace
105957,40,70000,9.5,1990,24,13,48.2,18797.84,Hyderabad,Website
104040,28,80600,9.3,1810,52,10,45.5,16831.61,Bengaluru,Website
106999,37,188400,21.5,4740,22,36,26.3,102034.56,Bengaluru,Marketplace
103468,28,54300,8.1,2260,63,12,45.8,18346.49,Bengaluru,Website
100101,30,55300,4,790,100,8,72.7,3164.76,Hyderabad,Mobile App
103709,32,67400,9.3,2140,38,10,59.4,19844.68,Bengaluru,Marketplace
104739,32,109100,10.5,1950,35,11,48.6,20387.44,Bengaluru,Marketplace
105129,40,93400,10.2,1820,47,14,36.7,18462.12,Delhi,Marketplace
108853,39,157300,15.8,3500,8,22,21.2,55387.51,Chennai,Website
105663,31,75500,11.5,1750,40,14,36.2,20219.07,Bengaluru,Marketplace
108330,49,162000,14.6,5020,17,17,16.5,73322.61,Delhi,Website
107743,46,158800,17,3880,10,26,18.9,65976.98,Mumbai,Marketplace
101466,33,53600,3.7,910,108,7,66.6,3341.66,Chennai,Mobile App
106129,25,79200,10.9,1420,37,12,65.7,15534.27,Hyderabad,Website
101745,45,35400,4.5,760,97,7,81.9,3416.75,Hyderabad,Website
104632,34,81500,7.2,2120,45,16,33.4,15344.79,Pune,Mobile App
104938,23,107000,11.1,1480,56,16,56.2,16470.36,Pune,Mobile App
107754,41,169600,15.4,4770,15,22,8.8,73554.48,Pune,Website
104658,30,76600,7.6,1870,60,15,37.9,14102.24,Chennai,Website
102933,43,49700,4,780,106,7,65.8,3078.13,Chennai,Mobile App
108329,51,105500,13.4,4410,20,23,27.8,59187.11,Pune,Mobile App
102583,23,58600,2.5,860,117,8,73,2135.13,Hyderabad,Website
105559,42,88400,8.2,1660,69,15,39.7,13642.88,Mumbai,Mobile App
104332,36,96700,7.8,2010,32,15,41.1,15625.68,Bengaluru,Website
108507,32,130200,15.5,5540,20,23,14.4,86041,Hyderabad,Marketplace
102122,52,43800,3.7,580,104,7,66.9,2128.67,Delhi,Mobile App
107539,40,120900,16.3,2850,22,29,38.3,46399.33,Bengaluru,Marketplace
107898,33,117700,20,4810,14,27,16,96233.2,Bengaluru,Mobile App
107926,43,112200,22.2,3580,18,30,19.3,79522.59,Delhi,Website
104997,33,85300,9.5,1920,68,9,32.6,18198.3,Delhi,Mobile App
103232,24,73900,9.7,1850,38,16,35.4,17909.51,Hyderabad,Marketplace
108368,44,153800,15.5,4350,16,20,18.4,67475.18,Mumbai,Mobile App
101204,37,37800,4.6,630,114,6,47.5,2892.53,Hyderabad,Mobile App
102522,35,59600,3.5,550,137,6,76.8,1923.92,Chennai,Marketplace
101927,35,45200,4.6,600,160,5,81.6,2758.18,Pune,Marketplace
106052,45,61400,11.4,2150,45,12,36.4,24574.19,Hyderabad,Website
105819,36,86800,7.9,2090,62,15,50.4,16523.11,Delhi,Marketplace
108939,34,105100,21.1,3770,23,25,3.1,79564.39,Chennai,Marketplace
102629,28,48700,3.5,980,155,7,58.6,3464.99,Pune,Mobile App
103933,38,74300,9.1,1750,63,16,34,15968.88,Delhi,Website
103413,21,91800,10.4,1940,44,16,51.7,20081.75,Delhi,Marketplace
100806,42,56000,3.4,680,109,8,69.6,2293.97,Mumbai,Marketplace
103449,39,70900,10,1680,51,15,53,16779.7,Pune,Mobile App
106840,46,160500,19.8,4920,19,23,19.1,97160.65,Pune,Website
106904,50,147300,13.7,5170,18,26,17.8,70719.57,Bengaluru,Mobile App
104276,41,118000,8.2,1840,67,13,37.6,15105.62,Delhi,Mobile App
108944,48,130000,13.5,3740,26,36,17.3,50453.54,Delhi,Website
101243,39,56600,2.9,720,164,6,58.2,2112.46,Chennai,Marketplace
107938,52,210000,18.3,3250,20,24,24,59333.12,Bengaluru,Mobile App
104508,21,60700,11.2,1890,31,19,40.6,21254.49,Delhi,Website
100548,33,35500,4.1,880,49,8,72.4,3642.42,Pune,Marketplace
100027,45,48300,3.2,720,96,3,67.9,2310.83,Bengaluru,Website
106860,38,135200,14.6,4610,18,23,15.1,67268.47,Pune,Mobile App
103892,31,70400,12.7,1570,48,14,30.1,19995.44,Bengaluru,Website
106719,45,180800,17.4,4020,12,25,26.4,69860.77,Chennai,Mobile App
101303,35,55100,4.1,810,109,6,82.9,3266.74,Delhi,Mobile App
105274,27,118500,9.6,1530,56,14,38.6,14594.61,Pune,Marketplace
105825,30,89900,10.3,1890,45,20,61.4,19406.18,Hyderabad,Mobile App
101222,30,40000,3.2,860,122,6,66.1,2807.93,Bengaluru,Website
107761,34,138000,14.6,4230,18,25,18.5,61945.55,Mumbai,Marketplace
100438,38,50800,4.2,980,111,3,67.1,4131.46,Delhi,Website
103045,34,97400,7.9,1620,52,12,48.3,12857.87,Delhi,Mobile App
103134,45,95800,10,1540,58,14,57.5,15324.3,Bengaluru,Marketplace
106056,29,64900,6.2,1540,50,13,35.5,9521.2,Bengaluru,Website
107789,33,141300,13.7,4010,26,28,15.3,55015.03,Hyderabad,Website
103438,38,72100,9.5,2040,57,12,35,19378.17,Pune,Website
107673,33,136400,16.7,3890,17,19,15.2,64873.29,Hyderabad,Website
108244,49,150800,20.6,4510,19,30,17.4,93110.17,Hyderabad,Mobile App
107287,46,102500,18.8,4640,20,24,17.4,86966.31,Pune,Website
100327,43,43600,3.5,960,106,6,70.5,3316.02,Hyderabad,Marketplace
101040,37,44700,3.4,850,136,6,73.9,2900.15,Chennai,Marketplace
106244,34,111000,8.3,1640,70,11,52.5,13500.49,Delhi,Marketplace
106798,35,151100,18.3,3490,20,28,20.4,63994.75,Delhi,Website
101871,40,43000,4.1,810,104,5,76.8,3309.06,Pune,Website
102865,21,56700,2.6,870,168,6,76.8,2300.13,Hyderabad,Website
100535,29,34900,3.1,1050,128,7,62.8,3279.56,Delhi,Marketplace
102729,39,45100,3.4,1000,132,4,55.4,3376.9,Chennai,Website
105953,39,87300,11.3,1530,56,12,54.9,17346.24,Mumbai,Mobile App
100586,33,41600,4.1,890,151,8,60.6,3652.22,Bengaluru,Website
108952,41,158100,14.9,4320,14,21,18.4,64511.38,Chennai,Website
101704,24,35900,2.8,860,54,8,55,2423.12,Chennai,Website
108516,45,200400,15.8,3650,20,28,5.6,57598.28,Chennai,Marketplace
104513,29,97100,8.1,1880,49,11,26.6,15183.09,Chennai,Website
100492,52,50400,3.3,790,115,5,61.8,2596.36,Chennai,Marketplace
102338,34,53800,3.2,950,162,6,71.2,3027.72,Delhi,Marketplace
103017,34,98100,8.5,1540,50,8,50,13099.45,Bengaluru,Website
103654,39,78000,9,2040,30,14,33.7,18358.09,Hyderabad,Website
106570,39,65600,15.5,3800,8,25,9.2,58794.15,Delhi,Website
107878,34,106300,15.4,4070,16,28,35.4,62754.5,Pune,Marketplace
103535,25,86600,9.2,1500,23,11,50.2,13794.15,Hyderabad,Website
101917,38,65600,3,1010,77,4,68.8,3062.47,Mumbai,Website
107040,36,148000,11.5,4510,16,24,25.5,51855.46,Mumbai,Mobile App
106764,58,143400,22.4,4170,14,27,27.2,93611.26,Delhi,Mobile App
106329,34,74400,9.2,1650,52,13,35.2,15141.65,Hyderabad,Marketplace
106928,54,152600,12.6,3680,22,19,28.8,46517.1,Pune,Mobile App
105664,36,81200,6.1,1490,54,15,28.9,9087.52,Mumbai,Mobile App
103750,36,75500,10.1,1880,64,12,47.1,18904.72,Bengaluru,Marketplace
100398,32,54200,4.7,780,76,6,64.6,3682.19,Hyderabad,Mobile App
101318,28,53200,3.9,1040,120,6,65.4,4016.13,Chennai,Mobile App
102934,44,58800,3.5,810,103,6,85.9,2804.59,Mumbai,Mobile App
100122,40,47900,3.4,630,77,7,58.1,2135.13,Hyderabad,Marketplace
105983,37,77800,11.2,1480,63,16,53.4,16547.52,Mumbai,Marketplace
101567,34,52200,3,920,125,6,84.1,2748.91,Bengaluru,Website
101985,38,45900,4.1,1060,88,6,92,4393.17,Delhi,Marketplace
106605,42,136300,14.9,3020,21,21,34.5,44925.8,Delhi,Marketplace
102174,35,54900,3.8,720,145,5,71.2,2711.29,Chennai,Marketplace
107146,42,129000,16.7,5290,12,24,25.2,88480.37,Bengaluru,Marketplace
107304,35,162700,14.4,4310,20,25,15.9,61916.27,Bengaluru,Website
100574,33,,3.9,710,100,5,68.4,2796.21,Bengaluru,Website
108344,34,156600,14.9,4240,12,24,28.7,63222.72,Bengaluru,Marketplace
108315,38,190000,13.9,4550,13,22,24.9,63146.47,Hyderabad,Marketplace
106502,40,177300,20.5,4630,17,31,25,94935.94,Delhi,Mobile App
103618,35,80600,9.4,1850,58,14,52.4,17344.99,Bengaluru,Website
101408,34,41100,3.8,940,77,5,71.8,3593.86,Delhi,Mobile App
100536,40,40200,2.2,790,102,5,69.5,1752.15,Mumbai,Marketplace
108219,30,129900,19.7,4030,17,31,2.6,79450.87,Hyderabad,Website
105770,32,81600,11.5,1660,43,16,42.1,19104,Pune,Website
101435,41,29500,3.3,740,105,6,68,2468.21,Mumbai,Website
103962,41,72300,7.8,2490,36,12,59.7,19523.19,Bengaluru,Website
101868,34,57600,3.6,720,71,6,74.1,2586.03,Hyderabad,Mobile App
101455,47,43200,4.6,770,90,6,59.6,3553.19,Delhi,Marketplace
108319,37,100400,20.3,4860,20,13,20.8,98712.02,Bengaluru,Marketplace
104515,35,83700,9.7,1810,62,13,55.4,17617.01,Bengaluru,Marketplace
101821,36,64400,3.8,820,117,6,71,3101.92,Bengaluru,Mobile App
100052,39,41200,3.7,960,127,5,83.1,3508.24,Bengaluru,Mobile App
105181,33,108900,7.1,1880,40,10,43.2,13244.09,Bengaluru,Website
107426,29,147900,17.2,4620,16,18,11.9,79250.03,Mumbai,Mobile App
100470,32,50900,4,920,131,7,76.1,3681.7,Hyderabad,Mobile App
104197,30,94800,6,1870,34,11,47.9,11160.12,Bengaluru,Mobile App
103214,21,74600,6.6,1700,63,13,49.1,11213.95,Bengaluru,Website
104862,30,87500,10,1750,58,12,54,17444.53,Mumbai,Website
104055,33,109200,9.7,1770,63,11,35.8,17211.77,Delhi,Marketplace
101859,47,55000,3.3,1000,135,5,72.6,3316.99,Mumbai,Marketplace
107423,36,110000,16.4,4620,21,20,11.9,75954.1,Chennai,Mobile App
100866,49,41500,2.6,710,90,4,70.8,1841.15,Pune,Marketplace
105836,42,87800,7.5,1600,69,11,55.8,12012.4,Bengaluru,Marketplace
104186,31,95000,9.7,2380,43,15,37.8,23161.85,Chennai,Website
107071,38,142700,17.8,4510,19,10,19.6,80226.45,Mumbai,Website
105974,35,73700,10,1590,47,12,44.9,15875.9,Delhi,Website
105408,36,75200,7.1,1730,51,13,52.2,12238.84,Hyderabad,Mobile App
100426,38,55500,3.6,930,153,5,63.5,3384.83,Bengaluru,Website
100189,36,56200,4.2,880,134,6,43.2,3707.11,Hyderabad,Website
104708,33,85000,11.6,1860,60,16,55.7,21623.99,Chennai,Website
103025,30,88700,9.6,1870,53,16,30.6,17869.71,Hyderabad,Website
100229,43,49500,3.1,990,99,6,76.2,3095.32,Delhi,Mobile App
108648,35,165100,19.3,5500,18,21,14.9,106171.51,Pune,Website
101042,41,60200,3.2,660,145,4,77.9,2129.05,Chennai,Website
108488,41,132900,19.1,3040,21,30,25.3,58028.1,Bengaluru,Mobile App
102717,40,50100,4.3,660,109,6,80,2850.38,Chennai,Marketplace
103814,31,82400,9.1,1600,39,12,52.6,14604.43,Chennai,Marketplace
101906,47,35900,3.3,720,68,4,67.5,2412.74,Pune,Website
107820,41,119900,21.8,4100,24,24,14.3,89561.02,Hyderabad,Marketplace
100802,32,51100,3.9,690,77,4,68.3,2663.23,Delhi,Mobile App
101488,43,55100,4.2,740,184,7,48.7,3144.73,Pune,Marketplace
105139,22,74000,7.3,2150,41,11,37.1,15739.18,Hyderabad,Marketplace
101129,37,48900,3.7,980,108,8,85.9,3602.17,Chennai,Website
104104,36,89800,5.7,2090,43,13,40.4,12039.17,Mumbai,Mobile App
102209,40,48000,4.7,1130,135,6,71.3,5282.49,Chennai,Website
102881,34,36000,4,670,58,8,63.1,2658.56,Hyderabad,Website
107863,35,155900,18.2,5490,17,20,19,99878.81,Bengaluru,Mobile App
102819,44,33900,3.1,680,141,7,71.7,2110.92,Mumbai,Marketplace
103146,41,65400,10,1810,29,13,39,18122.74,Hyderabad,Marketplace
108040,41,120200,19.3,5170,22,31,28.6,99526.83,Delhi,Mobile App
108664,40,174900,16,3830,24,24,22.2,61366.3,Delhi,Marketplace
102145,42,43600,3.5,670,151,4,68.9,2330.78,Bengaluru,Mobile App
107873,44,109500,17.4,3400,23,20,12.8,59123.19,Mumbai,Website
101633,42,55200,4.4,1040,83,6,69.6,4570.9,Bengaluru,Marketplace
103072,34,103300,10,1710,61,13,47.5,17159.16,Delhi,Website
106902,43,169600,16.7,2980,16,24,27.6,49705.74,Delhi,Website
100157,43,58300,3.2,590,151,6,72,1868.34,Hyderabad,Marketplace
103334,22,75500,10,1290,34,17,35,12892.48,Chennai,Website
106577,32,159700,17.6,3820,26,28,13.4,67429.65,Delhi,Marketplace
103246,36,85200,7.4,1770,39,13,36.9,13148.58,Mumbai,Website
107603,48,143400,11.9,4570,16,21,13.1,54353.71,Pune,Website
104468,21,95600,10.8,1690,49,11,47.1,18186.5,Chennai,Marketplace
102373,49,43500,3.9,820,118,6,63.2,3178.06,Hyderabad,Marketplace
106315,34,89100,8.9,2030,25,12,57,17974.76,Delhi,Website
106286,37,69300,8.9,1620,41,14,36.9,14473.06,Pune,Marketplace
102684,38,46300,3.9,960,132,7,73.2,3736.32,Delhi,Website
106554,43,191000,16.4,2610,15,25,3.4,42845.75,Mumbai,Marketplace
104367,39,104100,7.9,1830,64,10,43.9,14472.99,Mumbai,Mobile App
103056,24,63800,7.9,2810,58,10,34.1,22113.12,Hyderabad,Mobile App
106569,43,129800,14.2,4920,10,30,16.4,69994.95,Mumbai,Website
107624,37,122300,13.2,4570,13,23,11.8,60171.32,Pune,Website
102993,41,45700,3.5,740,125,5,67.9,2586.21,Hyderabad,Website
100848,56,61200,2.7,610,158,4,68.4,1630.79,Pune,Marketplace
107759,38,124500,18,4200,21,25,16.5,75716.75,Mumbai,Mobile App
103071,23,102700,9,1420,60,11,45.8,12819.5,Bengaluru,Mobile App
108778,35,136700,16.2,3460,30,29,11.2,56210.65,Mumbai,Marketplace
100757,36,50600,4.1,1140,138,6,75.8,4719.05,Pune,Website
102763,29,51400,3,870,136,6,59.7,2596.72,Pune,Website
105258,36,99200,8.4,1760,34,16,57.8,14724.99,Hyderabad,Mobile App
103762,32,82000,8.1,1860,50,13,45.1,14995.38,Chennai,Marketplace
108943,37,132000,16.7,4840,17,28,24.6,80870.65,Bengaluru,Marketplace
102062,27,69600,3.8,810,155,6,64.9,3108.2,Mumbai,Mobile App
100550,24,53000,4,820,113,6,59,3221.15,Pune,Marketplace
104004,33,89800,6,1900,57,18,33.9,11466,Pune,Mobile App
108190,52,140600,15.1,4770,18,27,34.2,72143.31,Pune,Website
108032,42,155000,22.8,4210,15,32,21.9,95707.97,Hyderabad,Marketplace
104915,51,98300,10,1460,27,13,54.7,14538.81,Chennai,Marketplace
106682,45,132700,16.6,3180,20,19,16.7,52836.92,Delhi,Website
101260,38,28500,3.6,990,201,4,81.3,3591,Hyderabad,Mobile App
107554,44,149100,22.3,4090,14,28,17.5,91210.59,Hyderabad,Marketplace
108147,38,132200,17.2,4160,15,26,22.5,71429.6,Hyderabad,Mobile App
107616,45,133700,17.6,3940,7,20,19.9,69390.79,Mumbai,Website
101025,28,54700,3.8,700,166,6,86.1,2654.06,Pune,Website
100753,42,58100,3.5,820,88,6,66.6,2909.59,Delhi,Marketplace
108671,52,183400,19.2,3720,30,22,20.5,71510.47,Pune,Website
106995,49,176900,16.9,4330,18,20,25,73376.59,Hyderabad,Marketplace
101952,36,44400,3.2,680,109,6,66.3,2130.72,Hyderabad,Mobile App
105256,29,95200,8.3,1730,48,14,42.3,14323.84,Delhi,Website
100352,44,58700,4,990,118,5,64.4,4004.18,Bengaluru,Website
101512,44,52000,2.5,630,137,6,69.4,1578.59,Chennai,Website
105752,34,70200,7.4,2120,37,10,46.7,15681.68,Chennai,Marketplace
104056,28,86700,7.2,2460,77,13,38.8,17783.14,Chennai,Marketplace
102456,32,56800,3.8,840,120,7,69.3,3201.43,Pune,Website
100702,36,57800,3.4,900,122,5,71.5,3048.71,Hyderabad,Marketplace
106301,36,93900,8.9,2490,53,12,60.3,22134.07,Hyderabad,Website
102710,32,45100,3.2,850,116,8,74.7,2756.54,Mumbai,Website
100562,28,49400,2.7,840,95,7,69.7,2298.47,Mumbai,Mobile App
102319,44,30000,3.6,990,100,4,69.8,3556.61,Bengaluru,Marketplace
102486,34,34900,3.9,810,157,4,74,3135.87,Hyderabad,Website
108460,41,172800,16.4,3830,21,28,21.5,62628.22,Mumbai,Mobile App
105904,29,108100,9.1,2030,60,11,33.4,18567.8,Hyderabad,Marketplace
105629,37,54200,9.1,2040,43,14,48.8,18635.33,Hyderabad,Marketplace
108392,45,,17.9,5070,18,24,20.6,90795.83,Delhi,Marketplace
101048,38,51400,4.6,730,138,6,68.4,3368.55,Pune,Marketplace
106384,33,55800,7.4,1730,44,13,35.4,12790.32,Delhi,Marketplace
100415,37,49500,3.7,790,149,6,54,2922.37,Hyderabad,Website
105648,35,86100,7.2,1900,57,13,48,13705.05,Bengaluru,Mobile App
105226,39,78000,6.2,1570,55,17,42.5,9762.54,Hyderabad,Website
108079,28,149600,17.9,5260,19,22,24.1,94216.38,Bengaluru,Website
103412,52,59000,10.7,2240,60,12,40.4,23884.55,Bengaluru,Marketplace
105954,26,84000,9.4,2080,73,13,58.8,19557.11,Bengaluru,Mobile App
101470,41,61100,3.4,790,133,7,72.3,2692.64,Pune,Marketplace
103769,39,79500,7.4,1690,67,11,49.9,12402.41,Bengaluru,Mobile App
106280,40,73300,9.2,1780,45,14,41.3,16462.35,Hyderabad,Mobile App
107589,43,113600,18.7,5280,17,22,18.4,98666.28,Bengaluru,Marketplace
104077,31,75300,7.3,2700,25,15,53,19692.68,Hyderabad,Website
101584,39,36700,3,730,104,6,72.4,2217.3,Hyderabad,Mobile App
101413,39,48800,4.3,770,113,8,70.4,3292.65,Hyderabad,Mobile App
106189,37,47800,12,1890,41,11,50,22562.78,Delhi,Mobile App
102803,33,57100,3.7,800,163,5,56.8,2951.91,Pune,Marketplace
101723,39,65600,3.5,790,125,7,58.5,2733.2,Pune,Website
102949,45,53700,3.5,890,108,6,63.2,3098.73,Bengaluru,Website
103318,33,71300,10.8,1370,69,11,35,14832.1,Delhi,Website
101508,38,46600,2.9,700,160,5,58,2030.34,Bengaluru,Mobile App
104281,31,89800,9.3,1840,58,8,44.2,17052.89,Bengaluru,Website
108232,42,181400,20.1,5340,20,23,25.1,107057.93,Pune,Website
101322,26,50800,2.8,770,76,7,67.2,2135.02,Pune,Mobile App
100843,43,34500,2,840,135,8,71.3,1686.5,Bengaluru,Mobile App
101147,36,43300,2.7,900,118,6,61.1,2462.67,Chennai,Website
105900,30,108000,7.8,1980,37,12,48.3,15407.09,Hyderabad,Website
108017,41,149200,16.6,4020,14,31,21.5,66630.6,Hyderabad,Website
100464,40,53000,4.3,940,146,6,65.4,3991.54,Mumbai,Website
103981,30,99800,6.6,1830,43,11,55.7,12170.29,Pune,Mobile App
102577,37,51000,3.1,540,156,7,71.2,1696.76,Mumbai,Marketplace
106811,48,118200,17,3490,16,16,26.2,59262.55,Bengaluru,Website
108537,45,135300,13,3510,20,30,13.6,45637.77,Hyderabad,Website
103088,36,96000,10.2,1780,40,16,34.7,18107.29,Bengaluru,Website
103533,37,77000,8.4,1630,48,16,34,13698.89,Chennai,Marketplace
107074,47,121000,20,3830,25,28,19.7,76693.08,Delhi,Website
100379,44,46700,4.7,870,80,7,57.6,4085.45,Delhi,Website
106654,44,130100,18.1,2670,17,23,27.4,48240.92,Hyderabad,Mobile App
101336,31,52400,2.3,780,130,7,52,1797.88,Mumbai,Marketplace
101224,43,66400,3.8,860,84,8,66.8,3211.35,Chennai,Mobile App
108445,50,129700,18.7,3750,17,25,13.4,69984.68,Chennai,Mobile App
108590,49,127500,20.4,4330,16,19,20.1,88177.65,Hyderabad,Website
104088,33,90200,10,1960,37,9,47,19618.63,Delhi,Website
107106,28,114700,18.7,3700,21,30,26.7,69048.04,Hyderabad,Mobile App
101812,40,48000,3.6,650,105,6,68.3,2351.58,Bengaluru,Mobile App
108713,34,139800,13.5,3720,16,26,15.7,50133.24,Pune,Mobile App
104462,32,110100,8.9,2190,43,11,52.8,19523.36,Delhi,Website
103366,29,88800,10.1,1390,46,10,46.2,13953.13,Hyderabad,Website
101895,39,53200,4.4,830,154,6,62.3,3626.28,Pune,Website
105380,37,91500,9.7,1960,13,9,48.6,18918.97,Delhi,Marketplace
106993,45,148400,16.2,4260,18,25,15.8,69111.05,Mumbai,Website
102555,41,56200,3.6,870,162,6,66.8,3111.42,Bengaluru,Mobile App
104126,32,91900,9.2,1900,57,16,38.7,17392.68,Hyderabad,Marketplace
106889,43,162900,13.9,4590,18,20,6.9,63668.94,Pune,Mobile App
103329,37,94900,8.8,1770,40,11,55.4,15548.01,Pune,Marketplace
101190,22,52000,4.9,750,109,5,66.1,3650.05,Chennai,Marketplace
107109,43,141000,21,5670,22,28,29.3,119253.73,Mumbai,Marketplace
100899,42,33100,3.8,750,101,6,69.5,2851.21,Hyderabad,Marketplace
108088,48,195700,16.3,4430,11,30,23.3,72160.23,Chennai,Marketplace
105993,35,92700,11.7,1170,27,17,39.8,13719.3,Chennai,Mobile App
104302,28,70900,7.5,1740,33,13,39.4,12988.86,Hyderabad,Marketplace
105841,34,71000,10.4,1970,41,12,40.5,20434.82,Pune,Mobile App
108770,44,123900,17.9,3090,25,23,15.4,55314.83,Chennai,Mobile App
107992,34,147100,9.8,5690,23,26,26.8,55762.92,Hyderabad,Mobile App
102596,42,61800,2.9,640,155,7,77.8,1850.78,Chennai,Mobile App
107999,40,140900,16.8,4010,15,28,27.5,67357.87,Pune,Website
108565,39,163600,22.3,4540,22,29,27,101104.44,Pune,Marketplace
108551,39,173800,18.2,3720,18,24,16.9,67669.38,Delhi,Website
101031,36,54100,3,710,153,7,54.9,2108.25,Hyderabad,Marketplace
103456,48,84400,7.3,1780,81,15,28.9,13071.76,Mumbai,Website
103502,34,91600,9.8,2250,42,12,42.3,22068.01,Hyderabad,Website
108563,46,123600,12.1,3310,23,32,18.5,40269.95,Mumbai,Mobile App
107541,49,137000,19.5,4550,14,22,34.7,88583.58,Delhi,Mobile App
101756,40,63100,3,740,113,5,49.6,2222.38,Pune,Marketplace
105581,38,80500,8.5,1650,41,12,40.3,14044.54,Chennai,Website
100232,36,62000,4,840,122,9,67.6,3364.43,Chennai,Marketplace
106171,30,78700,8.7,1490,64,8,45.5,12898.57,Chennai,Mobile App
102996,46,54500,3.2,730,143,5,69.8,2335.66,Bengaluru,Marketplace
105508,36,83400,7.9,1430,66,10,38.7,11378.25,Bengaluru,Website
102955,31,55300,3.2,710,103,5,84.7,2258.7,Chennai,Website
106836,48,194600,19.9,4520,18,22,30.2,89887.87,Chennai,Mobile App
102479,47,45700,3.4,700,142,6,75.7,2394,Bengaluru,Website
102318,43,35400,4.5,1060,107,6,76.5,4788.21,Delhi,Marketplace
105103,44,103400,7.5,2220,43,10,56,16695.21,Hyderabad,Website
101516,26,49100,3.4,1060,114,5,73.6,3632.16,Bengaluru,Marketplace
100217,45,53300,3.3,890,177,6,62.2,2966.63,Chennai,Marketplace
108146,38,152400,13.2,3950,14,27,29.2,52274.96,Pune,Mobile App
102264,39,45600,3,630,124,6,73.1,1886.28,Mumbai,Marketplace
107772,41,149800,20,5350,16,25,10.6,107018.31,Bengaluru,Mobile App
107838,35,140700,15.1,5290,14,32,6.8,79924.46,Hyderabad,Mobile App
103291,35,108800,8.5,2050,24,13,41.2,17438.21,Hyderabad,Mobile App
100894,40,34600,3.7,870,171,7,85.4,3227.88,Chennai,Website
102940,38,48800,3,980,129,5,71.1,2932.22,Delhi,Mobile App
101851,37,51300,4.1,910,131,7,80.2,3771.89,Delhi,Marketplace
107150,39,134700,16.8,3490,21,22,21.9,58654.02,Hyderabad,Website
103466,34,86700,11.2,1170,47,14,35.4,13161.63,Hyderabad,Marketplace
100325,37,47900,3.7,880,131,7,78.6,3286.79,Chennai,Mobile App
101216,44,48300,2.5,1060,146,9,73.1,2603.74,Mumbai,Mobile App
105575,41,97700,13.3,1700,64,14,38.9,22583.55,Bengaluru,Website
104998,21,89900,7.7,1560,58,13,53.7,11920.58,Delhi,Website
101130,32,45400,3.7,900,137,4,66.3,3325.43,Bengaluru,Marketplace
104225,35,86900,7.7,1690,19,16,55.7,13041.89,Mumbai,Website
103888,44,73100,9.4,1920,63,14,46.8,18075.74,Mumbai,Marketplace
104685,31,95900,10.7,2280,59,14,64.1,24369.08,Mumbai,Marketplace
100209,32,53900,3,720,151,6,66.8,2129.05,Hyderabad,Website
105332,36,95900,8.4,1680,44,16,53.6,14101.05,Chennai,Mobile App
100799,32,49700,3.4,760,105,9,76.5,2608.79,Hyderabad,Website
108211,40,155300,20.7,4100,17,27,25.9,84614.25,Hyderabad,Website
100735,35,65700,3.2,680,120,6,71.6,2194.14,Hyderabad,Mobile App
104113,30,90400,9.1,2220,61,14,63.4,20190.94,Chennai,Website
108914,42,154100,19.5,3750,20,22,20.6,73267.42,Delhi,Marketplace
101175,45,37300,3.9,870,102,6,68.7,3377.08,Bengaluru,Mobile App
107239,47,157800,14,3240,22,24,25,45291.04,Pune,Mobile App
104731,37,79800,9.1,1490,39,17,56.2,13491.73,Bengaluru,Mobile App
101832,37,56700,3.7,850,131,6,50.9,3164.49,Hyderabad,Website
106464,41,94100,7.7,1850,38,14,42.6,14333.02,Hyderabad,Marketplace
104340,40,84300,8.7,1950,66,11,24.9,16995.12,Pune,Mobile App
106385,30,97500,10.2,1630,69,13,47.6,16584.1,Delhi,Marketplace
108087,41,116000,12.4,4370,9,24,23.3,54297.87,Pune,Mobile App
100199,42,61900,3.3,800,98,3,77.1,2654.25,Mumbai,Marketplace
107832,43,148600,13.9,3840,19,23,23.9,53559.49,Hyderabad,Mobile App
104610,31,86000,8.9,1750,33,13,35.4,15574.83,Delhi,Website
101098,44,41700,4,810,153,7,66.4,3254.42,Hyderabad,Mobile App
100549,45,53400,4.2,750,101,7,68.8,3140.16,Mumbai,Marketplace
104345,32,73400,9.2,1570,45,12,40.6,14364.04,Mumbai,Marketplace
106162,35,91100,8.1,1810,44,16,49.3,14607.82,Chennai,Website
103310,34,63400,10.5,1490,72,9,42.6,15624.84,Pune,Website
103147,24,64500,11.3,2780,52,14,57,31505.51,Hyderabad,Mobile App
102315,46,46200,3.7,570,113,9,61.3,2098.82,Pune,Mobile App
105392,31,89300,8.2,1670,66,12,44.4,13597.08,Bengaluru,Marketplace
104027,39,61400,6,2040,37,19,40.8,12237.34,Mumbai,Marketplace
104900,36,80200,8.9,1620,41,16,60.1,14516.35,Bengaluru,Marketplace
103205,33,67000,4.7,1940,62,15,43.8,9207.27,Hyderabad,Marketplace
106642,39,151500,19.6,4460,19,21,18.1,87640.36,Hyderabad,Mobile App
106364,40,74700,10.9,2490,64,13,40.3,27079.07,Pune,Website
100617,42,49400,4.1,620,123,7,69.3,2584.86,Bengaluru,Website
101119,44,47000,2.4,950,112,6,88.5,2321.68,Chennai,Website
100938,32,54000,4.2,770,61,6,75.2,3282.28,Chennai,Website
100623,32,41300,3.1,560,138,6,65.5,1776.72,Hyderabad,Mobile App
106765,41,123000,6.2,4940,9,23,20.2,30567.89,Bengaluru,Website
103203,33,81800,6.4,1410,45,10,51.4,9094.82,Pune,Website
107507,42,166600,19.4,4790,12,17,21.7,92791.81,Mumbai,Website
104033,40,88800,9.3,1820,72,17,38.4,16905.59,Hyderabad,Marketplace
103724,29,77900,9.3,1980,63,13,55,18388.48,Hyderabad,Website
102964,50,68000,3.9,1040,129,7,57.1,4066.09,Chennai,Marketplace
103938,34,94900,10.4,1450,49,12,43.7,15111.33,Chennai,Mobile App
108365,40,172800,20.5,4190,19,29,16.7,85825.31,Bengaluru,Website
108377,42,185700,19.5,4380,14,25,18.4,85275.56,Delhi,Marketplace
102202,38,58900,3.1,680,58,5,78.4,2141.58,Chennai,Website
101161,45,45400,4.1,850,166,6,61.7,3487.19,Delhi,Mobile App
102868,40,53600,3.5,780,116,6,62.5,2757.74,Mumbai,Website
108750,34,157900,13.1,4640,21,28,22.9,61027.72,Pune,Website
105060,33,80000,13.3,1940,64,15,29.1,25729.9,Hyderabad,Marketplace
106318,34,103700,10.9,1880,56,14,45.3,20545.57,Mumbai,Website
100479,34,41900,4.6,700,130,7,66.5,3220.04,Mumbai,Mobile App
101353,38,43300,3,970,139,6,73.8,2874.13,Chennai,Mobile App
102909,45,47600,3.9,790,67,6,74,3098.25,Chennai,Mobile App
105590,34,98500,10.8,1950,48,15,48.1,21079.39,Bengaluru,Marketplace
108682,40,142400,19.9,5370,13,21,15.9,106555.87,Bengaluru,Marketplace
103621,35,70000,7.9,1970,59,10,49.7,15563.36,Mumbai,Website
104150,24,,7.8,1640,42,15,38.6,12781.27,Bengaluru,Marketplace
101034,38,71600,2.8,650,155,8,58.1,1819.75,Chennai,Marketplace
103615,34,103600,9.6,1300,55,11,38.7,12475.86,Mumbai,Marketplace
104719,27,82100,7.9,1700,31,17,34.7,13317.16,Mumbai,Mobile App
108287,46,126900,18,3460,17,32,13.5,62216.55,Mumbai,Marketplace
103411,29,69000,6.9,2100,63,14,44.6,14557.26,Mumbai,Mobile App
104351,39,80900,8.4,1210,56,13,54.5,10154.13,Hyderabad,Marketplace
103906,38,55400,9.5,1620,34,13,45.6,15318.02,Mumbai,Mobile App
108975,49,166000,22.3,4320,17,23,21.1,96155.01,Delhi,Website
108856,44,133900,14.5,3970,20,25,12.7,57587.27,Mumbai,Mobile App
107543,38,142700,15.6,3230,15,20,22.2,50346.78,Mumbai,Website
101426,29,45400,3.2,920,86,6,69.2,2975,Chennai,Website
102645,46,44400,2.9,820,76,7,77.3,2370.43,Hyderabad,Mobile App
101872,47,44400,3.5,820,67,6,60.2,2919.19,Mumbai,Marketplace
104304,45,94800,10,1920,58,14,67.4,19229.73,Bengaluru,Marketplace
108666,30,169800,13.4,4260,15,31,17.4,57053.42,Chennai,Mobile App
105911,26,78400,10.5,1970,44,16,41.6,20710.47,Delhi,Marketplace
100528,30,50600,3.4,940,97,8,63.6,3240.18,Delhi,Mobile App
107996,51,172400,12.9,3590,16,20,34.5,46251.68,Delhi,Mobile App
106786,50,123900,18.5,4670,26,23,22.7,86186.26,Chennai,Website
103287,40,,12.4,1670,55,10,41.5,20686,Chennai,Website
100221,43,37100,4,930,94,6,77.2,3729.17,Pune,Website
108285,42,169600,18.8,4600,17,21,11.9,86679.39,Chennai,Website
103539,32,85600,8.9,1600,32,13,45.1,14199.64,Mumbai,Marketplace
103708,39,122900,11.8,2010,56,16,55.7,23827.52,Delhi,Mobile App
103285,34,114700,8.5,1280,23,19,29.7,10912.17,Chennai,Marketplace
102877,37,52500,4.6,660,86,4,58.9,3043.57,Chennai,Website
102699,26,54400,3.9,730,101,6,74.5,2829.11,Bengaluru,Mobile App
106417,49,100900,9.4,1600,64,12,52.8,15037.44,Delhi,Website
106208,30,80700,7.7,1920,42,12,50.8,14746.94,Bengaluru,Marketplace
104706,29,,8.9,1810,56,14,47.5,16209.68,Mumbai,Mobile App
105698,40,89800,9.3,2070,37,14,44.2,19145.59,Pune,Mobile App
104903,31,86000,10.1,1590,52,15,58.1,16024.39,Mumbai,Mobile App
102392,34,48500,3.3,760,112,7,77.6,2539.31,Hyderabad,Mobile App
102987,32,54200,4,710,145,5,59.3,2807.23,Hyderabad,Mobile App
108689,37,148300,13.6,2810,13,24,25.2,38032.2,Mumbai,Mobile App
101984,36,42000,3.6,590,141,5,79,2136.52,Hyderabad,Website
106711,47,158400,18.7,4200,12,20,17.1,78481.38,Chennai,Website
101555,35,43500,2.4,660,161,7,72.3,1574.4,Delhi,Marketplace
108201,45,121200,18.7,3260,17,25,26.3,60813.1,Mumbai,Mobile App
107949,38,169100,23.2,3320,21,24,23.8,76954.3,Hyderabad,Mobile App
104102,34,93300,11.7,2140,46,12,51.4,24970.23,Chennai,Mobile App
103530,41,83200,13.1,1910,49,12,43.3,24993.98,Mumbai,Website
103818,38,77200,10,1690,44,11,42.1,16889.53,Mumbai,Marketplace
101678,38,67800,3.2,710,140,4,65.6,2293.71,Hyderabad,Website
107129,41,150000,18.6,2790,16,30,23.2,52006.49,Hyderabad,Mobile App
103066,35,118300,8.9,2070,60,16,43,18386.65,Hyderabad,Mobile App
100902,39,50800,3.5,940,86,6,73.5,3299.97,Bengaluru,Website
102297,44,48800,3.7,810,71,7,70.8,3033.09,Bengaluru,Mobile App
104683,43,96600,10.4,2040,58,10,43.4,21262,Delhi,Mobile App
100297,31,48400,3.2,800,123,5,66,2574.01,Hyderabad,Mobile App
107671,41,142100,18,3120,15,26,19.5,56151.78,Chennai,Website
100058,32,36700,2.2,790,81,7,72.9,1732.94,Hyderabad,Mobile App
105862,38,89100,9.1,2060,64,11,43.6,18800.79,Chennai,Mobile App
104512,33,76400,7.5,1470,43,14,54.8,10996.81,Bengaluru,Website
107018,24,162400,25.2,3760,15,14,26.1,94906.36,Bengaluru,Mobile App
105415,36,82300,6.6,1440,71,11,53.8,9446.49,Mumbai,Marketplace
104140,,77800,8,2060,59,9,41.9,16401.57,Bengaluru,Website
105432,48,79700,10,1950,62,10,40.7,19439.57,Hyderabad,Marketplace
103686,40,98700,7.2,1500,50,13,43.5,10712.52,Hyderabad,Mobile App
106199,31,83500,7.6,1780,52,9,47.6,13427.11,Pune,Mobile App
100296,35,50300,3.6,830,152,8,77.7,3000.81,Delhi,Mobile App
102581,26,53600,4.5,750,122,6,67,3414.59,Bengaluru,Mobile App
103091,38,76500,9.9,2410,59,11,44.8,23828.38,Hyderabad,Marketplace
105315,34,111300,10.7,2090,45,14,31.9,22426.83,Mumbai,Mobile App
100649,38,48700,3.1,800,144,7,72,2511.57,Chennai,Website
101371,43,44900,3.3,640,131,7,67.1,2090.6,Mumbai,Mobile App
105665,32,100600,11.1,1820,44,10,60.7,20143.14,Hyderabad,Marketplace
104181,41,60100,6.1,1780,43,18,43,10865.32,Chennai,Mobile App
105640,29,92800,9.2,1950,61,14,37.3,17857.07,Hyderabad,Mobile App
104336,38,73100,9.8,2380,56,14,56.8,23416.1,Bengaluru,Mobile App
105351,37,95400,7.4,1760,43,14,56.8,13079.82,Delhi,Marketplace
100682,41,52000,4.8,880,76,5,75.5,4204.31,Mumbai,Mobile App
100435,35,47200,3.9,790,78,7,92,3032.28,Chennai,Website
105266,26,82100,7.2,1680,38,11,54.1,12114.49,Chennai,Marketplace
107887,45,162500,15.5,4710,18,17,24,72880.6,Pune,Marketplace
101490,35,55100,3.4,760,151,6,78.2,2536.15,Bengaluru,Marketplace
100813,38,47100,4,940,128,6,69.7,3781.24,Mumbai,Website
101883,35,49500,3.3,860,128,6,57.5,2872.21,Bengaluru,Mobile App
104679,22,93700,10.2,1440,35,14,46.6,14691.85,Pune,Website
102944,43,54400,3.2,800,162,7,72.4,2542.89,Chennai,Mobile App
101941,41,51200,3.1,880,143,6,67.4,2731.55,Delhi,Mobile App
107979,,117300,21.6,5420,22,24,14.7,117011.8,Mumbai,Marketplace
107991,35,154700,17.1,3130,17,26,29.3,53542.69,Bengaluru,Marketplace
107551,34,120500,20.4,2840,19,29,23.2,57958.38,Hyderabad,Mobile App
101182,41,63300,3.2,550,87,6,69.2,1774.82,Hyderabad,Website
101376,41,52100,3.5,760,168,4,73.5,2642.75,Bengaluru,Marketplace
106932,34,146800,12,4400,17,32,22.2,53054.36,Hyderabad,Website
104114,44,82400,7.7,2050,40,14,47.3,15812.15,Delhi,Mobile App
100627,42,45600,3.5,900,124,6,74,3165.13,Hyderabad,Mobile App
103115,32,79300,8.7,1740,44,8,43.4,15138.5,Bengaluru,Mobile App
101670,30,54800,3.6,690,134,7,71.5,2501.17,Hyderabad,Website
102113,44,55400,3.4,640,60,7,75.8,2194.93,Mumbai,Mobile App
107679,32,129800,15.3,5050,12,33,26.1,77474.75,Hyderabad,Website
106635,43,152000,18.5,4380,18,21,14.3,80848.14,Chennai,Marketplace
108036,46,120300,16.2,4100,17,27,25.7,66475.48,Mumbai,Website
100085,44,46400,2.2,620,164,6,79.3,1332.73,Mumbai,Website
107310,35,129500,22,3490,16,21,13.5,76811.17,Bengaluru,Marketplace
105999,41,87000,8.4,1660,61,18,55.4,13943.94,Mumbai,Website
102284,56,38600,3.5,1020,157,6,76.5,3613.18,Bengaluru,Mobile App
107416,31,173300,16.1,5540,17,29,16.8,89022.06,Delhi,Marketplace
106985,43,147100,17.4,4350,23,26,20.7,75924.54,Delhi,Marketplace
100419,38,51600,2.9,600,128,7,73.8,1763.34,Chennai,Website
104231,30,108400,9.2,1870,54,16,53.4,17233.57,Bengaluru,Website
102875,35,49300,3.1,830,108,6,73.7,2620.53,Mumbai,Marketplace
102358,33,45100,3.8,780,136,6,69.6,2950.99,Hyderabad,Mobile App
106110,41,83900,8.5,2180,75,13,48,18584.12,Hyderabad,Website
101367,,,4,780,134,7,76.3,3113.08,Bengaluru,Marketplace
100294,38,65000,2.8,750,141,7,67.6,2110.44,Hyderabad,Marketplace
107001,28,162100,18.5,4070,11,25,24.4,75077.9,Pune,Website
108535,41,129900,18.6,4190,15,24,15.3,77925.51,Pune,Website
101507,33,54300,4,790,110,6,88.1,3162.63,Mumbai,Marketplace
108098,34,164300,22.4,5080,19,22,17.1,113986.76,Hyderabad,Mobile App
105975,29,92900,10.5,2090,50,10,52.8,22072.08,Pune,Website
101635,32,41900,3.6,710,84,6,67.1,2574.05,Delhi,Mobile App
103211,37,72200,7.4,1700,34,15,45.2,12558.8,Pune,Mobile App
104020,,78200,8,1880,51,8,52.5,15021.36,Mumbai,Mobile App
106055,39,85300,5.9,1650,63,14,44.4,9765.88,Chennai,Website
108221,40,141400,8.6,3090,17,26,14.1,26508.86,Pune,Marketplace
101564,46,38200,2.9,660,77,7,55.6,1934.87,Chennai,Mobile App
107447,42,172300,18.2,3530,18,33,18.8,64277.89,Bengaluru,Marketplace
108070,45,166300,12.6,5490,21,22,15.4,69428.94,Mumbai,Website
101980,31,49700,3.9,940,82,6,64.2,3687.41,Hyderabad,Marketplace
101884,46,40800,3.7,1030,104,7,72.4,3829.95,Chennai,Mobile App
100439,40,50400,3.8,640,119,6,65.8,2420.5,Pune,Website
107029,47,186400,12.5,3470,12,27,23.3,43488.84,Bengaluru,Website
104669,26,90400,11.2,1790,54,14,48,20045.54,Hyderabad,Mobile App
106341,36,90500,8.4,1850,38,11,55,15493.82,Delhi,Marketplace
108142,42,137600,18,3530,18,23,15.7,63426.47,Delhi,Website
102281,35,50300,3.6,830,119,6,60.4,2959.87,Hyderabad,Website
108550,32,95000,17,3840,11,24,23.8,65425.22,Bengaluru,Marketplace
102743,36,44700,3.1,780,169,5,64.5,2442.55,Mumbai,Marketplace
104387,31,72400,7.8,1560,63,11,56.4,12096.84,Pune,Mobile App
100374,46,52300,3.5,630,130,5,76.2,2194.04,Delhi,Website
106508,48,171900,17.3,4180,19,23,34.4,72161.32,Bengaluru,Marketplace
102586,42,43400,2.7,870,154,8,71.6,2367.81,Pune,Marketplace
108062,38,159000,9.9,3010,13,22,19.9,29680.43,Hyderabad,Marketplace
108286,48,145200,23.2,5020,18,30,20.3,116448.92,Hyderabad,Mobile App
107634,50,167900,15.1,3810,24,27,23.3,57523.19,Mumbai,Mobile App
108414,44,176600,13.3,3760,14,23,21.7,49786.85,Chennai,Marketplace
101785,37,56300,3.3,710,92,5,74,2337.32,Mumbai,Mobile App
105333,37,83800,7.8,1790,41,14,52.6,14010.23,Bengaluru,Marketplace
104971,33,99700,5.2,2050,62,15,47.2,10573.75,Bengaluru,Website
105403,38,87300,7.4,1880,58,13,56.4,13935.18,Bengaluru,Marketplace
105951,41,94000,8,1450,28,10,54.4,11624.61,Pune,Marketplace
103935,31,112600,10.8,1990,57,14,30.9,21490.12,Mumbai,Marketplace
107052,35,110800,14.4,4820,24,23,9.8,69361.74,Mumbai,Website
102866,33,42300,4,650,157,8,62.7,2621.18,Delhi,Marketplace
103807,40,82600,8.1,1640,36,10,34.3,13370.54,Delhi,Marketplace
107518,47,153200,17,4320,18,27,18.9,73284.97,Delhi,Website
108222,29,127700,17.5,4430,15,21,21.7,77384.95,Mumbai,Mobile App
107203,39,159200,15,2880,10,21,20.4,43300.75,Mumbai,Website
107614,43,165100,12.2,4500,22,28,20.7,55083.42,Bengaluru,Website
103946,25,105000,13.1,1810,40,11,51.2,23772.79,Mumbai,Website
105126,35,64300,9.6,1870,49,9,57,17941.08,Bengaluru,Website
105322,37,92200,6.7,1790,68,15,33.7,11917.48,Hyderabad,Website
101542,37,53500,4.7,850,150,8,71.7,3937.94,Bengaluru,Website
104922,46,65400,11.6,1820,47,14,25.9,20990.5,Chennai,Mobile App
100323,41,54400,4.9,830,92,6,63.7,4076.37,Pune,Mobile App
102032,44,28000,3.4,680,116,8,66.4,2298.34,Bengaluru,Website
100994,36,58800,3.4,780,89,6,88.7,2648.27,Hyderabad,Website
104377,37,76800,10.3,1670,64,16,45.6,17275.85,Pune,Mobile App
107611,37,128600,17.9,3990,14,20,2.1,71347.53,Bengaluru,Marketplace
106120,36,89000,7.9,2260,86,14,51.7,17870.26,Hyderabad,Mobile App
105004,33,91100,13.2,1800,46,12,49.9,23862.13,Mumbai,Mobile App
106378,39,90400,10.1,2130,65,13,48.7,21469.61,Mumbai,Marketplace
102185,50,46800,3.8,980,106,5,57.1,3689.54,Delhi,Marketplace
100111,38,42800,4.1,770,123,7,70.3,3167.33,Bengaluru,Website
104054,32,91000,9.1,2070,40,13,36.8,18749.22,Hyderabad,Website
105651,33,91300,8.2,2040,47,11,49.2,16675.82,Chennai,Website
101080,38,48400,3.6,920,123,7,57.7,3331.36,Bengaluru,Marketplace
102227,34,48200,3.9,420,119,7,78,1634.66,Chennai,Website
108835,41,151300,23.3,4190,21,24,6.5,97563.09,Hyderabad,Website
108240,32,147100,16.7,4180,18,28,12.9,69826.26,Bengaluru,Marketplace
102706,42,40300,4,830,76,5,83.8,3341.69,Delhi,Website
108364,46,137900,16.1,3630,15,19,36.3,58555.78,Hyderabad,Mobile App
102880,,52100,4.8,1080,82,6,71.6,5138.24,Mumbai,Marketplace
101165,37,49400,3.8,950,171,5,54,3652.07,Hyderabad,Marketplace
102861,41,63100,3.7,830,112,6,66.6,3023.71,Pune,Website
101451,47,58900,1.7,760,159,5,84.1,1321.16,Bengaluru,Website
107508,41,176000,14.8,3490,16,20,20.8,51549.79,Chennai,Marketplace
106789,36,133400,13.9,4350,17,27,14.7,60276.46,Hyderabad,Marketplace
106168,46,79600,8.3,1830,57,11,38.9,15137.42,Mumbai,Marketplace
108888,38,158000,16.8,4550,20,23,8.7,76483.23,Pune,Marketplace
107511,41,159800,20.2,3470,21,20,16.9,70124.56,Hyderabad,Website
105799,36,68300,11.9,2120,46,16,34.1,25243.25,Hyderabad,Website
106565,47,145200,15.2,4710,19,31,26.5,71759.41,Hyderabad,Website
106713,38,109100,16.7,5140,18,27,26.2,85671.54,Delhi,Website
106527,50,126600,12.8,4850,28,23,5.6,62349.37,Delhi,Marketplace
108649,42,105200,15.5,4620,17,25,30.3,71423.52,Pune,Website
102848,38,39100,3.8,1040,150,6,67.2,3951.62,Bengaluru,Mobile App
108077,36,131800,15.4,4010,18,28,19.5,61591.7,Mumbai,Mobile App
105677,29,90900,5.9,1810,36,14,43.5,10742.2,Pune,Website
101515,39,60500,2.5,700,123,6,87.1,1753.55,Chennai,Marketplace
102314,39,50500,3.7,850,123,7,71.7,3148.74,Delhi,Marketplace
108256,39,121600,18.3,4180,8,23,26.7,76765.15,Delhi,Website
101452,40,46200,2.8,710,83,5,80.7,1978.14,Chennai,Mobile App
102021,27,41200,3.3,730,155,6,74.3,2389.09,Mumbai,Website
108759,40,115400,16.5,3270,18,20,25.3,53779.81,Pune,Mobile App
105376,37,79100,9.6,1730,57,13,37.1,16733.93,Pune,Marketplace
107134,48,159100,21,4100,23,25,25.1,86075.62,Hyderabad,Mobile App
108624,48,161200,15.2,4160,14,26,30.4,63063.67,Pune,Marketplace
100839,26,36400,4.1,860,136,5,68.5,3561.55,Hyderabad,Marketplace
108953,41,167100,16.8,4410,18,28,22.7,73923.89,Bengaluru,Mobile App
102375,40,48100,4.1,690,101,8,70.4,2839.43,Delhi,Website
108415,39,140700,17,3280,26,27,34.8,55726.11,Hyderabad,Marketplace
108566,41,155300,14.2,2940,20,27,19.5,41817.49,Delhi,Marketplace
107164,39,171300,18.2,4610,14,23,14.6,83618.75,Bengaluru,Mobile App
103843,35,83400,5.8,2050,66,14,29.7,11947.89,Pune,Marketplace
105633,33,79200,6.1,1350,84,12,42.6,8199.21,Chennai,Website
107424,36,133200,18.2,5740,20,24,18.1,104510.87,Hyderabad,Website
100451,42,41000,2.2,1010,170,7,63.5,2239.44,Mumbai,Mobile App
104479,31,75400,8.3,1560,63,12,49.4,12925.25,Chennai,Marketplace
101715,,42500,3.3,850,99,6,69.1,2787.69,Chennai,Mobile App
107046,40,181400,17,4820,27,25,18.6,81857.08,Delhi,Mobile App
106483,40,90900,9.5,1540,32,14,50.6,14643.63,Hyderabad,Marketplace
100340,45,46900,5,650,88,5,67.6,3275.2,Chennai,Marketplace
103661,32,101000,10.1,1420,40,16,44.8,14419.21,Hyderabad,Mobile App
108673,49,159200,18.9,4900,15,26,18,92522.9,Chennai,Website
108564,41,122800,16.9,3480,20,23,7.1,58747.67,Mumbai,Marketplace
108913,28,198000,14.2,4350,15,23,14,61948.84,Hyderabad,Mobile App
102671,42,34200,3.2,800,143,5,82.6,2598.9,Pune,Website
101420,31,46600,3.3,840,55,6,56.6,2812.81,Chennai,Marketplace
100035,41,67000,4.2,610,105,7,64.3,2513.19,Hyderabad,Website
107980,48,149600,16.7,5130,21,22,24.2,85701.61,Mumbai,Marketplace
105674,34,71500,9.2,1720,41,11,47.1,15877.7,Mumbai,Mobile App
104374,37,92800,10.3,2160,57,14,44.6,22333.48,Hyderabad,Mobile App
104661,36,63700,9.5,1770,36,16,45.5,16930.56,Pune,Website
101411,38,65900,3.8,770,96,7,77.9,2906.99,Pune,Website
103837,33,57000,10.9,1540,52,14,46.7,16779.13,Hyderabad,Mobile App
102171,36,47600,4,860,144,6,73.1,3435.42,Pune,Mobile App
106927,41,106000,9.1,4270,13,15,17.3,38692.47,Chennai,Website
100890,33,56300,3.3,670,84,8,69.8,2217.34,Pune,Mobile App
108482,38,112900,17.1,4250,22,30,19.1,72767.06,Chennai,Website
106350,38,95200,10.8,1680,57,11,42.3,18029.94,Bengaluru,Mobile App
105926,35,92300,9.7,1910,53,11,45.4,18466.8,Mumbai,Website
102245,36,66900,3.8,630,91,4,69,2412.86,Bengaluru,Mobile App
104342,26,61800,9.2,1770,54,14,31.5,16323.89,Bengaluru,Website
103465,25,67800,7.4,1760,23,13,54.5,12967.82,Chennai,Website
103536,42,73400,7.3,1420,42,15,47.2,10360.7,Mumbai,Marketplace
108540,38,149300,20.6,4620,20,25,20.2,95004.97,Chennai,Website
105734,35,87400,9.3,1870,62,12,44.5,17288.73,Bengaluru,Marketplace
100433,29,39200,3.8,940,178,8,74.4,3593.74,Mumbai,Marketplace
101655,44,38200,3.3,800,69,7,76.1,2628.14,Pune,Website
100179,40,42200,2.7,890,155,6,66.5,2362.64,Mumbai,Website
104048,26,77600,14.3,2180,58,13,40.1,31115.77,Mumbai,Mobile App
103308,30,75800,10.8,1450,60,9,52.9,15734.01,Pune,Mobile App
107379,39,159300,24.2,4380,16,19,24.4,106000.42,Hyderabad,Website
108314,35,140200,15.3,4080,20,29,33,62605.77,Bengaluru,Marketplace
101887,30,60400,2.6,750,105,6,59.9,1919.07,Mumbai,Mobile App
105160,30,82700,9.4,1450,71,12,50.1,13631.07,Bengaluru,Marketplace
101787,39,41000,3.2,740,153,5,60.7,2339.75,Hyderabad,Website
103943,33,89700,10.1,2050,51,11,45.9,20690.24,Hyderabad,Website
103401,37,61100,8.9,1860,42,11,35.4,16533.27,Bengaluru,Website
105361,26,86400,8.7,2090,54,7,52.9,18286.78,Pune,Website
102182,50,44600,3,980,150,6,63,2987.6,Pune,Mobile App
104003,39,106900,10.6,1230,61,12,40.2,12968.55,Bengaluru,Website
108735,37,177900,18.3,4120,24,23,16.9,75208.34,Pune,Website
102070,40,40800,4.7,700,94,7,70.6,3312.99,Bengaluru,Website
105667,39,77300,7.6,1440,51,14,43.6,10872.38,Mumbai,Marketplace
108762,44,138600,19,5130,11,29,12.1,97312.73,Delhi,Mobile App
103917,32,78200,11.1,1920,36,13,45.9,21349.11,Pune,Website
100881,30,37900,3.8,720,87,4,68.3,2776.5,Delhi,Mobile App
103961,32,65800,10.9,1570,42,10,41.8,17161.7,Bengaluru,Mobile App
104924,35,75800,8.1,1780,46,13,58,14392.04,Mumbai,Mobile App
103261,26,73800,9.3,1280,40,11,58.4,11833.25,Pune,Website
106726,44,84500,14.5,4800,14,27,28.6,69444.73,Chennai,Marketplace
104158,33,97700,9.9,1590,50,11,51.1,15765.68,Delhi,Marketplace
108195,39,127700,23.7,4880,21,29,24.7,115697.6,Hyderabad,Marketplace
104356,38,86300,9.9,1560,57,13,37.3,15506.59,Mumbai,Website
102918,42,61400,3.4,890,156,6,72.9,2991.17,Chennai,Website
107356,37,116400,17.3,4040,16,18,13,70065.6,Mumbai,Marketplace
101707,47,43800,3.9,520,120,7,80.5,2049.64,Bengaluru,Mobile App
101159,38,42200,2.7,790,103,7,75.4,2139.93,Mumbai,Marketplace
102307,39,66500,3.2,740,140,7,67.3,2333.4,Mumbai,Mobile App
107228,41,148800,16.7,5020,15,26,30.7,83738.63,Delhi,Mobile App
107729,37,127500,14.7,4400,17,23,7.7,64569.68,Mumbai,Marketplace
105383,35,67400,8.6,1960,31,15,42.9,16821.29,Hyderabad,Website
107020,26,139100,11.5,5550,23,19,16.8,64075.67,Pune,Website
106302,42,107100,7.3,1980,35,17,43.9,14458.47,Delhi,Website
108470,44,116300,19,3980,17,27,26.6,75332.47,Chennai,Marketplace
108208,40,134900,15.2,3620,20,28,14.1,54905.65,Bengaluru,Website
102946,27,48900,4.4,850,151,5,66,3731.16,Hyderabad,Website
106555,41,176400,19.8,3610,17,33,3.6,71592.96,Chennai,Website
101565,36,56000,3.4,670,84,6,64.9,2272.07,Delhi,Mobile App
101783,32,50700,3.4,840,123,6,72.9,2829.59,Delhi,Mobile App
103678,34,84400,11.5,2010,70,13,38.2,23114.54,Delhi,Marketplace
103838,31,68100,9.7,1740,49,14,46.1,16846.69,Mumbai,Mobile App
103182,26,95300,9.4,2100,45,13,57.3,19796.77,Hyderabad,Marketplace
100905,31,63500,3.3,790,119,6,62.4,2599.45,Pune,Website
108729,42,136700,19.7,3580,16,29,27.9,70541.26,Bengaluru,Marketplace
108684,42,114400,20,4170,18,26,20.5,83312.23,Mumbai,Website
107407,38,128100,16.7,4430,27,30,29.4,74023.97,Bengaluru,Website
106684,47,130400,17.2,4760,18,26,18.9,81833.1,Bengaluru,Website
102081,37,,3.9,940,117,6,74.3,3690.74,Mumbai,Website
101566,42,57800,3.7,1080,154,5,88.7,4042.45,Pune,Website
104846,26,91100,6.3,1660,46,18,44.4,10426.16,Pune,Website
104723,40,113500,13.4,2050,42,11,51.2,27569.11,Chennai,Marketplace
105966,40,83200,9.9,1250,37,16,40.8,12361,Delhi,Website
103579,40,63400,9.5,2020,54,15,40.3,19228.24,Bengaluru,Mobile App
105015,46,111400,7.1,1680,46,17,44.8,11962.89,Mumbai,Marketplace
106909,44,132300,19.8,4020,17,25,13.3,79711.03,Chennai,Marketplace
106028,21,96300,8.3,1590,36,10,46.2,13253.56,Pune,Mobile App
105214,31,102400,9.5,1680,34,15,54.8,16013.66,Chennai,Website
101114,41,47600,3.3,760,111,7,80.3,2534.41,Hyderabad,Marketplace
102647,43,47000,3.4,430,127,6,60.9,1458.45,Chennai,Website
103167,27,104700,11.5,2090,46,15,47.4,23953.04,Mumbai,Website
105794,26,75500,9.6,1660,76,13,28.4,15940.11,Pune,Mobile App
104130,37,70500,7.2,2330,71,9,62.1,16906.77,Bengaluru,Mobile App
108536,42,178100,15.7,4360,21,29,15.8,68547.59,Delhi,Marketplace
102301,53,71100,3.7,860,76,6,77.5,3161.63,Hyderabad,Website
105675,34,82400,8.9,1600,60,11,52.5,14229.24,Bengaluru,Marketplace
100255,33,37700,3.4,810,121,4,79.6,2767.71,Delhi,Marketplace
108707,40,139300,14,4200,29,33,16,58988.57,Hyderabad,Website
107390,39,158100,13.6,3360,22,27,22.9,45696.43,Pune,Website
103347,42,82800,7.3,1740,50,14,61.1,12660.89,Bengaluru,Mobile App
105726,24,71400,7.7,1610,48,13,45.4,12314.57,Mumbai,Website
105713,29,67600,9.2,1970,29,15,39.5,18110.55,Pune,Marketplace
108397,44,108100,9.2,3910,23,27,18.4,36024.43,Chennai,Mobile App
105810,33,80000,8.8,1980,14,15,33.3,17413.42,Mumbai,Website
105441,33,94500,10.4,1320,41,15,34.9,13773.55,Delhi,Website
102590,40,47900,3.9,640,120,7,64.9,2511.41,Delhi,Website
106546,41,140200,17.3,3140,24,17,37.1,54313.11,Mumbai,Mobile App
100304,32,60000,4,650,145,8,61,2619.39,Hyderabad,Website
105158,34,59200,7.9,1840,45,13,52.4,14450.48,Chennai,Mobile App
103183,30,87700,9,1910,72,12,45.3,17139.23,Pune,Marketplace
105232,40,81100,8.5,2050,57,16,39.2,17518.51,Hyderabad,Marketplace
105685,40,74700,11.4,2260,41,9,41.3,25730.56,Delhi,Mobile App
103051,40,62400,6.6,2020,49,11,46.6,13215.3,Pune,Mobile App
101437,34,58800,3.2,870,104,5,74.4,2800.24,Mumbai,Website
103064,32,87000,9.4,1380,47,11,38.8,12870.55,Pune,Website
106822,41,134500,18.2,4220,18,27,9.1,76716.23,Delhi,Mobile App
100377,43,44100,3.3,620,133,6,72.1,2065.15,Bengaluru,Marketplace
101870,45,55300,3.2,1080,83,5,72.9,3498.2,Delhi,Website
108157,,156900,14.2,3430,23,28,42.1,48600.93,Bengaluru,Marketplace
107432,44,164700,14.9,4010,8,30,19.2,59864.94,Mumbai,Marketplace
108135,,152800,15.2,4350,23,27,10.9,66330.53,Mumbai,Website
101659,37,54100,4.1,860,98,5,83.1,3583.57,Bengaluru,Website
100756,35,56600,3.4,800,143,7,81.7,2769.2,Pune,Marketplace
106924,42,117900,17.5,5160,17,27,26,90439.45,Hyderabad,Website
104393,44,80900,7.8,1770,45,15,49.5,13712.4,Bengaluru,Marketplace
108829,46,164000,15.4,5130,18,22,11.9,79115.96,Chennai,Mobile App
100291,33,53800,3.4,680,130,8,72.5,2322.98,Delhi,Mobile App
102237,45,56800,4.3,840,103,7,79.1,3605.97,Delhi,Website
104044,28,91200,8.5,1490,63,16,56.4,12765.26,Bengaluru,Website
103258,40,88300,4.8,1720,62,15,37.3,8352.16,Chennai,Website
102119,27,52800,2.8,640,183,8,66.4,1809.42,Chennai,Website
108680,47,148700,13.2,4880,25,25,22.5,64255.94,Pune,Marketplace
105653,34,88300,9.5,2060,60,13,43.5,19671.37,Pune,Website
100502,46,70000,3.8,720,102,7,65.6,2690.46,Pune,Website
105742,30,75500,8.4,1490,50,13,29.5,12483.83,Bengaluru,Mobile App
108056,43,149700,19.7,4320,18,29,25.5,84862.79,Chennai,Marketplace
107848,38,159000,19.5,3720,16,20,18,72545.58,Mumbai,Website
101540,37,50800,4.3,700,99,6,84.3,3042.21,Chennai,Website
106283,39,103100,9.6,1590,46,15,35.1,15207.39,Hyderabad,Website
101212,43,61800,3.4,750,63,8,72.9,2510.3,Delhi,Website
107600,37,116100,14.5,4200,17,25,19.9,60936.25,Hyderabad,Marketplace
108983,27,162100,18,3840,13,27,6.7,69080.83,Chennai,Mobile App
100673,36,60000,3.7,900,145,5,70.4,3360.76,Hyderabad,Website
108058,39,122000,13.5,4150,13,22,27,56189.07,Hyderabad,Marketplace
105225,34,66500,9.7,1640,70,15,46,16001.19,Hyderabad,Website
106111,32,66300,10.2,1660,63,9,51.1,16991.54,Mumbai,Website
102961,38,47800,3.2,910,94,8,73.3,2903.26,Pune,Mobile App
105172,34,98400,11.1,1930,61,13,48.6,21528.05,Bengaluru,Marketplace
107678,42,159900,14.4,4030,15,24,15.7,58231.71,Delhi,Website
101465,40,50100,2.7,850,145,5,75.3,2317.81,Chennai,Website
104141,40,90200,8.1,1200,47,14,62.7,9767.44,Mumbai,Mobile App
107762,37,145900,15.3,4620,14,22,11.7,70596.85,Delhi,Mobile App
101193,39,48700,3.5,750,194,6,65.6,2671.12,Mumbai,Mobile App
103044,36,100700,9.2,1480,57,11,44.3,13697.86,Delhi,Marketplace
102265,38,57000,2.9,840,125,7,62.4,2450.52,Hyderabad,Marketplace
100422,35,58700,4.4,830,143,4,78.5,3663.48,Pune,Marketplace
100506,42,45100,2.9,830,118,5,66.2,2376.79,Delhi,Mobile App
106556,49,135100,11.1,4060,23,25,24.1,45227.05,Bengaluru,Website
102624,39,58500,4,800,100,7,74.7,3215.77,Mumbai,Marketplace
101583,41,49700,3.7,740,124,7,73.3,2724.81,Hyderabad,Website
100507,36,49500,3.2,1020,175,5,61,3201.46,Mumbai,Marketplace
104116,39,92000,8.3,1960,68,10,60.8,16276.04,Chennai,Mobile App
102406,34,46100,2.9,810,104,6,67.7,2319.22,Delhi,Mobile App
105431,38,77300,10.5,1500,24,16,34.7,15751.09,Bengaluru,Mobile App
103133,39,86400,11.5,2210,57,12,53.6,25493.75,Mumbai,Website
100622,37,49400,3.3,800,157,4,84.1,2634.37,Pune,Mobile App
102127,35,44600,4,850,118,5,78.7,3372.34,Hyderabad,Marketplace
106651,45,129300,17.2,4630,25,19,15.7,79720.87,Pune,Website
107692,40,140700,20.6,4530,12,26,20.3,93330.3,Mumbai,Website
104206,24,76000,6,1890,45,15,40.9,11438.97,Chennai,Website
103143,42,65600,8.4,1420,40,13,38,11896.91,Mumbai,Marketplace
104163,28,75400,10.6,1760,50,14,40,18707.72,Hyderabad,Marketplace
100348,43,47600,3,780,148,6,72.7,2336,Pune,Marketplace
100798,43,49700,2.3,800,72,5,62.8,1820.19,Chennai,Mobile App
108613,44,139800,15.7,4170,16,35,19.2,65342.2,Mumbai,Website
102830,35,41500,2.4,1020,168,5,73.6,2405.36,Pune,Website
104557,36,82300,8.2,2390,57,15,49.2,19671.8,Bengaluru,Marketplace
103940,27,80000,10.1,1810,51,15,36.2,18169.72,Pune,Marketplace
108410,48,160100,18.5,4500,17,30,15.7,83393.06,Pune,Mobile App
107595,36,150300,18.5,4920,17,21,12.6,90800.57,Mumbai,Mobile App
108719,39,140000,17.2,5190,21,20,19.5,89351.4,Delhi,Website
100313,35,62000,3.5,630,133,4,83,2221.57,Hyderabad,Marketplace
105907,49,96400,10.9,2080,73,12,34.7,22521.41,Pune,Mobile App
100747,48,57800,3.5,890,55,6,64.9,3107.69,Bengaluru,Mobile App
100791,34,52800,3.7,850,136,7,65.2,3132.62,Delhi,Website
102477,37,56500,3.9,850,98,6,76.3,3292.09,Delhi,Mobile App
102025,37,59600,2.9,470,140,7,75.4,1385.45,Pune,Website
103669,38,107100,10.3,1840,52,13,59.5,18902.58,Chennai,Marketplace
102571,38,46800,2.7,700,88,4,62.8,1853.52,Bengaluru,Website
107213,40,170100,13.2,4790,15,32,9,63266.32,Hyderabad,Marketplace
107064,31,127500,18.5,4990,14,14,22,92491.02,Chennai,Mobile App
107147,44,131800,17,4070,20,24,5,69226.94,Delhi,Marketplace
105437,34,79900,10.3,2120,38,10,38.6,21865.44,Delhi,Website
106683,38,111300,14.3,4890,24,25,27.4,69731.95,Hyderabad,Mobile App
108630,40,127400,16.5,4530,15,31,30.2,74496.55,Chennai,Website
100260,39,51200,2.3,650,126,6,75.9,1500.22,Delhi,Marketplace
102164,42,52500,3.9,780,161,6,67.6,3023.33,Hyderabad,Mobile App
108266,32,128500,15.6,4230,20,30,6,66071.43,Bengaluru,Website
100381,36,37800,1.7,740,137,7,66.3,1273.51,Delhi,Marketplace
104935,37,,10.3,1850,63,11,44.9,19169.46,Delhi,Mobile App
104246,34,70300,5.6,1550,54,10,48.4,8712.16,Chennai,Marketplace
101913,42,51400,3.6,580,131,7,79.2,2089.14,Bengaluru,Mobile App
105732,35,71800,9.3,2030,45,14,44,18807.55,Delhi,Marketplace
100600,32,41900,3.2,770,151,5,60.4,2471.55,Delhi,Website
100046,41,48700,3.1,610,168,7,75.2,1911.28,Delhi,Marketplace
101445,39,62100,1.6,870,142,7,69.5,1411.2,Bengaluru,Website
101653,47,45600,4,560,104,5,56.9,2257.61,Bengaluru,Website
102700,44,51600,3.4,1020,101,6,75.3,3478.47,Mumbai,Mobile App
107960,40,144600,18,5750,22,24,16.1,103495.03,Chennai,Marketplace
101894,35,55000,4,620,152,6,83.4,2471.96,Delhi,Marketplace
101945,38,51100,2.6,870,107,7,75.1,2304.91,Bengaluru,Marketplace
102407,30,49100,4.1,930,33,7,70.2,3803.43,Mumbai,Mobile App
107283,48,132500,17.2,3870,21,27,24.9,66382.71,Delhi,Mobile App
108819,43,166300,17.7,3630,16,24,17.5,64314.3,Hyderabad,Website
106423,35,90500,9.5,1740,59,12,44.4,16572.16,Delhi,Mobile App
101967,50,48200,3.2,960,91,5,71.4,3053.37,Chennai,Website
103019,31,93400,9.1,1900,51,15,40.5,17373.69,Hyderabad,Website
107542,36,154500,20.6,5050,21,32,21.3,104067.76,Hyderabad,Marketplace
105149,34,76400,8.2,1530,27,15,51.4,12596,Hyderabad,Mobile App
106926,42,111300,18,4580,14,25,2,82462.31,Chennai,Mobile App
101601,38,35600,4.1,750,150,7,66.6,3087.57,Mumbai,Mobile App
106041,28,96300,7,1670,44,15,43.9,11738.32,Hyderabad,Website
101393,32,59200,3.3,830,149,7,79,2755.48,Pune,Mobile App
107920,37,104500,21.7,4980,13,21,15.5,108334.86,Hyderabad,Website
105509,37,64400,10.2,2190,49,13,49.6,22350.99,Chennai,Marketplace
107299,38,138000,20.7,3300,17,24,25.1,68221.86,Mumbai,Website
106122,45,89700,10,1860,75,14,56.6,18588.28,Chennai,Marketplace
103400,24,110800,14.1,1490,49,13,45,20960.83,Chennai,Mobile App
100427,41,47800,3.3,820,151,6,77.5,2720.85,Chennai,Website
105800,36,97700,10.4,2080,75,14,46.5,21661.07,Bengaluru,Website
108161,39,147400,13.2,3290,20,24,20,43469.05,Delhi,Website
100411,37,52900,3.6,690,99,7,81.5,2469.4,Chennai,Mobile App
108212,46,155500,16.9,3010,19,22,12.9,50745.03,Bengaluru,Mobile App
108021,54,156800,14.9,5140,22,32,16.9,76686.25,Mumbai,Mobile App
103681,30,50300,7.7,1920,61,16,45,14858.7,Pune,Mobile App
102487,39,52600,2.1,780,115,7,65.3,1627.98,Delhi,Mobile App
104437,33,118700,7.2,1230,61,15,30.5,8805.61,Pune,Mobile App
100780,37,62200,3,840,133,6,69.6,2509.95,Delhi,Marketplace
107043,45,172300,19.6,3920,13,33,30.3,76738.31,Pune,Mobile App
104058,34,66400,11.9,1820,54,14,50.6,21706.85,Delhi,Website
105991,40,88500,8.6,2300,61,15,47.2,19702.17,Delhi,Website
100211,40,52900,3.1,850,97,5,74.5,2644.72,Hyderabad,Mobile App
102488,31,38600,3.6,790,108,7,77.9,2829.48,Delhi,Mobile App
106383,42,101900,8.3,1850,48,10,38.6,15424.51,Bengaluru,Website
104399,27,93400,9.6,1660,83,12,45.4,15896.58,Delhi,Marketplace
107448,44,149300,21.8,4630,16,23,12.6,100862.98,Mumbai,Website
105113,37,74300,8.9,1300,48,13,44.3,11559.66,Bengaluru,Website
101050,45,49200,3.2,920,106,6,59.7,2937.66,Delhi,Website
108140,46,165100,17.6,4400,28,19,11.2,77601.18,Delhi,Marketplace
106313,30,92700,9.4,1550,47,16,36,14536.46,Hyderabad,Mobile App
108185,45,193200,18.4,3970,20,23,26,73019.9,Bengaluru,Website
104234,26,91100,10.7,2390,49,15,52.6,25528.32,Bengaluru,Website
108617,39,134300,15.4,3680,18,28,12.5,56840.02,Pune,Mobile App
105168,39,74900,8.6,1780,52,10,55.5,15372.12,Mumbai,Marketplace
101973,43,59800,5.1,870,125,5,61.6,4475.81,Chennai,Mobile App
105970,33,89500,8.8,1760,34,13,54.7,15417.24,Chennai,Website
102100,44,49000,3.7,760,153,6,72.1,2833.65,Bengaluru,Marketplace
101500,36,38000,2.7,680,156,4,54,1850.52,Delhi,Marketplace
101110,33,45900,3.3,620,127,5,73.5,2033.92,Pune,Marketplace
103036,44,94000,6.3,1510,43,13,54.5,9567.08,Mumbai,Mobile App
104861,38,91200,10.4,2340,44,13,34.8,24371.49,Pune,Website
100653,30,45200,3.6,850,180,7,83.9,3034.47,Chennai,Mobile App
108192,42,136500,25.5,3650,21,20,29.6,92954.29,Chennai,Marketplace
102733,30,51000,4,530,116,7,72.3,2135.29,Mumbai,Marketplace
100243,45,41400,3.7,1070,92,3,67.7,3889.78,Mumbai,Marketplace
101796,39,66800,2.2,860,112,6,77.9,1847.52,Pune,Website
101703,50,62100,4.1,890,89,4,79.8,3617.62,Chennai,Marketplace
103995,21,90300,10.5,2280,47,15,36.7,23842.6,Bengaluru,Website
108490,36,160000,18.2,3880,18,27,16.3,70653.28,Chennai,Website
108571,32,174600,16.5,3660,18,34,15.6,60267.51,Bengaluru,Marketplace
101499,40,52800,3.3,860,164,7,76.5,2838.97,Chennai,Mobile App
102757,49,62900,3.3,920,161,6,72.1,3050.12,Hyderabad,Mobile App
103568,26,82900,8.5,1730,49,14,50.2,14752.44,Hyderabad,Marketplace
108791,44,133200,13.9,4320,20,32,9.3,59917.75,Hyderabad,Marketplace
102179,36,43000,4.4,720,151,6,56.6,3135.2,Delhi,Website
105624,29,90700,8.9,2200,46,15,48.1,19651.06,Chennai,Marketplace
104907,35,81900,8.5,1360,55,10,57.4,11569.75,Pune,Marketplace
107907,37,185000,17.9,3970,17,16,20.2,71231.35,Bengaluru,Marketplace
104973,29,72400,8.1,1650,44,12,47.8,13318.02,Mumbai,Mobile App
104289,36,68900,8.6,2010,50,12,39.1,17240.1,Chennai,Mobile App
100706,47,54300,1.7,970,143,4,65.1,1670.56,Hyderabad,Mobile App
101873,24,30300,3.3,790,137,7,80.3,2616.15,Pune,Mobile App
105510,37,82000,8.8,1680,28,15,39.3,14752.63,Hyderabad,Mobile App
108929,42,153900,19.7,3830,17,29,15.9,75340.15,Hyderabad,Mobile App
108627,45,140600,18.6,4690,22,30,2,87435.77,Hyderabad,Marketplace
105863,32,92900,9.4,1570,33,14,39.3,14785.31,Mumbai,Website
108461,38,150800,23.1,5310,13,26,27.2,122377,Mumbai,Marketplace
108428,31,175200,8.9,3740,23,23,20.7,33259.04,Pune,Marketplace
106351,36,64600,9.1,1690,57,15,42.3,15430.46,Hyderabad,Website
108824,24,126400,22.4,3940,22,24,18.1,88311.86,Chennai,Website
108225,35,117600,21.4,4170,23,34,21.6,89196.45,Delhi,Marketplace
106854,44,91200,24.4,3180,14,31,18.5,77477.17,Mumbai,Mobile App
100566,33,58500,3.4,680,107,6,72.8,2314.49,Hyderabad,Mobile App
105804,43,94000,10.7,1560,52,11,56.8,16606.79,Pune,Marketplace
108906,39,128800,20,3600,21,23,14,71989.39,Hyderabad,Website
108125,33,114200,16.4,4250,18,31,13,69806.66,Mumbai,Marketplace
102988,47,43400,3.4,760,131,5,78.8,2607.44,Delhi,Mobile App
100641,44,45900,3,820,109,5,58.9,2476.95,Delhi,Marketplace
103659,30,80600,7.6,1520,45,11,49.1,11622.03,Mumbai,Marketplace
107823,49,130000,14.2,4220,21,23,25,59867.07,Bengaluru,Mobile App
102779,35,60200,4,910,68,8,63.8,3611.4,Chennai,Marketplace
100508,21,43500,4.5,900,146,4,60.8,4068.42,Bengaluru,Website
107169,39,152500,16.5,4210,21,20,25.2,69451.03,Mumbai,Website
101965,38,56600,4.1,760,116,6,76.6,3143.69,Hyderabad,Marketplace
106530,40,155200,16.8,3850,17,31,14.5,64866.66,Chennai,Website
101535,39,49800,2.9,990,92,6,80.6,2850.1,Bengaluru,Website
100326,36,63000,2.2,780,113,8,72.7,1696.46,Pune,Marketplace
106353,31,85400,9.3,1970,31,13,55.6,18353.91,Bengaluru,Mobile App
102339,27,44000,2.6,850,134,8,66.5,2231.77,Chennai,Marketplace
103444,30,91800,8.2,1930,85,13,33.4,15895.43,Pune,Website
105572,34,82900,11.4,1880,33,13,40.3,21422.75,Hyderabad,Mobile App
106861,37,161900,15.9,4300,16,17,21.7,68261.26,Chennai,Marketplace
102238,42,50400,3.8,970,126,6,77.8,3717.69,Mumbai,Mobile App
106523,43,142300,18.8,5490,9,21,32.3,103300.26,Delhi,Mobile App
104627,31,82600,8.6,1770,53,12,32.2,15233.43,Delhi,Marketplace
105382,37,96600,6.6,1920,50,16,41.8,12707.46,Delhi,Marketplace
108727,34,185600,11.9,5530,7,24,24.3,65754.57,Bengaluru,Marketplace
103827,29,89800,7.2,1580,30,11,43.3,11341.75,Bengaluru,Marketplace
103609,37,71400,9.7,2040,40,18,57.2,19869.27,Bengaluru,Mobile App
100865,37,43800,4.2,600,113,4,77.5,2508.06,Pune,Mobile App
104750,21,96200,10.9,1920,50,13,34,20968.57,Pune,Marketplace
108262,44,142500,16.3,4370,8,19,15.4,71383.61,Bengaluru,Marketplace
103127,45,92200,7.8,1670,31,13,45.5,12992.38,Bengaluru,Website
108974,46,150100,20.8,4960,20,27,18.3,103227.31,Chennai,Mobile App
102816,36,54900,2.4,710,115,6,77,1673.24,Chennai,Mobile App
105917,29,70500,10.4,2070,49,11,31,21447.87,Hyderabad,Mobile App
104962,37,86900,9.9,1900,30,14,48.5,18779.77,Delhi,Website
100372,32,56800,3.1,760,153,6,76.7,2335.72,Mumbai,Marketplace
107661,47,171300,15,4150,13,32,22.1,62131,Pune,Marketplace
104635,34,106600,6.7,1380,53,12,46,9332.09,Pune,Website
108874,42,129500,16,3930,23,32,18.1,62945.83,Hyderabad,Website
102543,24,48000,3.1,810,126,7,76.4,2479.34,Delhi,Website
107773,36,160100,17.4,3260,18,19,26.3,56645.39,Mumbai,Website
107822,30,181100,14.8,2870,19,35,12.4,42543.39,Hyderabad,Marketplace
106976,36,144500,21.1,4260,9,31,38.7,89928.87,Pune,Mobile App
106197,41,96300,9.3,1900,58,13,42.3,17697.95,Delhi,Marketplace
108834,43,165700,20.4,4300,19,24,38.7,87683.66,Pune,Website
102365,38,52000,2.4,780,99,5,72.1,1877.3,Mumbai,Marketplace
105585,30,83000,9.7,2040,37,17,38,19898.71,Pune,Marketplace
101361,45,48000,3.8,720,72,6,60.9,2705.34,Mumbai,Website
100912,43,68200,4.2,990,121,6,64.6,4158.11,Bengaluru,Mobile App
108119,42,137600,19.1,4070,16,26,36.4,77631.95,Chennai,Marketplace
107891,45,147200,21.7,3950,20,27,19,85766.12,Bengaluru,Website
105284,24,58200,11.6,1740,34,13,48.9,20146.6,Chennai,Mobile App
108969,50,146500,12.9,4870,13,22,15.7,62953.98,Hyderabad,Marketplace
105779,31,84500,9.3,2470,47,15,37.2,22937.73,Hyderabad,Mobile App
103945,36,76800,7.5,1710,42,13,57.8,12850.19,Chennai,Mobile App
100965,44,53300,3.2,690,111,7,67.3,2202.42,Pune,Mobile App
103972,37,69500,9.1,2040,57,7,30.3,18636.52,Mumbai,Marketplace
101424,42,52400,2.9,820,91,4,73.6,2345.51,Mumbai,Mobile App
100123,40,39400,4.2,610,179,8,66.9,2595.45,Chennai,Marketplace
100480,40,45600,3.3,780,108,5,66.8,2555.45,Chennai,Marketplace
100663,41,43700,3,800,56,4,67.5,2418.78,Pune,Mobile App
108126,43,99800,15,3560,19,27,30.7,53389.96,Hyderabad,Website
108159,35,144100,15,5600,19,21,28.4,84173.13,Delhi,Marketplace
107857,42,145300,14.3,3920,18,23,25.9,55814.15,Hyderabad,Website
107731,41,182100,9.6,3150,22,26,26.9,30223.03,Bengaluru,Marketplace
102989,34,68100,3.5,760,107,6,76.1,2651.78,Mumbai,Marketplace
103195,40,68600,10.8,1630,33,17,52.4,17680.17,Hyderabad,Mobile App
102777,46,51900,3.4,920,93,7,67,3141.49,Pune,Website
100440,41,39200,4.2,710,180,5,77.9,3004.21,Pune,Website
101380,32,40800,2.9,1060,90,6,76.7,3107.88,Pune,Mobile App
106136,33,71900,9.4,1540,62,14,52.2,14520.76,Pune,Marketplace
105467,29,85800,8.1,1760,47,16,44.9,14235.62,Hyderabad,Mobile App
108679,47,235900,11.8,4480,17,21,24.7,52676.55,Bengaluru,Website
104721,35,82400,8.8,1570,64,15,51.3,13798.92,Delhi,Mobile App
101444,41,55900,3.4,810,61,7,70.1,2734.08,Chennai,Marketplace
105389,36,95400,8.7,2100,53,15,39,18280.99,Bengaluru,Website
106748,46,175000,13.8,4040,15,29,24.4,55626.62,Delhi,Marketplace
101478,34,,4.8,600,71,7,71.8,2878.96,Pune,Mobile App
102040,36,51200,4.2,720,117,6,75.7,3059.01,Hyderabad,Website
101174,38,46900,4,790,67,6,62.2,3163.2,Pune,Mobile App
108191,52,149400,16.6,4780,13,27,22.5,79516.89,Pune,Website
106001,36,81500,3.7,1630,45,14,49.4,6082.89,Pune,Mobile App
107727,38,103700,17.3,4230,28,21,12.9,73193.72,Hyderabad,Mobile App
103804,40,93500,9.9,1750,32,17,46.6,17359.37,Hyderabad,Marketplace
105148,38,74600,7.4,2360,29,9,51.5,17540.1,Hyderabad,Mobile App
104363,,82900,10.1,1480,38,14,51.6,14985.1,Bengaluru,Website
102894,42,35700,3.5,890,108,5,69.3,3127.24,Delhi,Mobile App
102670,34,61900,3.5,840,110,4,70,2951.25,Hyderabad,Marketplace
106647,30,145100,17.7,4080,24,26,27.3,71944.41,Pune,Marketplace
100280,34,53700,3.2,790,183,6,67.1,2552.59,Bengaluru,Website
103860,45,99900,10.1,1580,50,13,56.1,15914.74,Mumbai,Website
107095,35,130100,15.1,3990,11,25,42.8,60311.92,Hyderabad,Mobile App
104948,40,97500,10.2,2080,56,10,36.3,21272.75,Chennai,Website
102572,44,64300,4,680,135,6,61.9,2682.48,Hyderabad,Website
105687,36,71500,8.9,2490,47,13,36.1,22184.69,Delhi,Website
101102,45,57400,2.7,1010,150,5,71.7,2725.28,Bengaluru,Marketplace
100569,27,51700,3.3,770,143,5,85.6,2554.41,Delhi,Website
101695,27,61300,3.1,910,113,5,63.1,2816.96,Bengaluru,Marketplace
107486,54,132300,18.2,3670,20,24,17.5,66574.19,Mumbai,Website
107013,35,125300,14.3,3580,12,19,23,51146.95,Bengaluru,Website
104483,29,82400,9.1,2170,53,11,39.7,19689.26,Chennai,Website
107728,51,206600,19.6,2920,11,26,17.5,57354.86,Delhi,Marketplace
105489,36,67200,9,1780,48,14,49.4,15986.21,Mumbai,Marketplace
100578,34,56900,3.3,810,80,7,53.9,2682.37,Pune,Website
100060,45,41700,3.5,510,117,6,74.1,1795.69,Chennai,Marketplace
103111,29,95100,9,1810,72,15,46.2,16348.59,Mumbai,Mobile App
100788,45,43000,3.7,720,125,6,67.4,2637.27,Hyderabad,Website
104280,47,86200,9,1880,68,15,46.9,16846.84,Hyderabad,Marketplace
104310,23,98000,7.4,1550,71,10,48.8,11524.33,Delhi,Marketplace
103239,31,77800,9.1,1820,61,13,35,16531.77,Hyderabad,Website
107977,44,87200,13.1,4040,24,14,19.7,53030.34,Hyderabad,Marketplace
107475,38,123900,16.6,3620,28,17,2,60160.57,Bengaluru,Website
103382,35,,7.7,1920,50,9,49.1,14735.87,Pune,Website
105838,35,74300,11.4,1800,51,15,37.8,20574.04,Delhi,Marketplace
104624,46,93200,11.5,1820,73,14,47.8,21021.09,Delhi,Mobile App
104305,45,89200,9.5,1340,37,13,53.9,12723.85,Bengaluru,Mobile App
107004,26,118100,14.2,3800,17,28,17.4,53960.65,Hyderabad,Mobile App
104756,27,98100,7.7,1440,50,12,34.6,11144.1,Bengaluru,Mobile App
103768,30,95200,11.4,1750,44,10,37.7,20014.78,Delhi,Mobile App
100336,42,57100,2.6,940,95,5,61.9,2451.66,Hyderabad,Marketplace
107612,32,144700,15,4480,15,21,5.8,67305.29,Chennai,Marketplace
104652,34,83300,9.1,2090,56,15,26.8,18983.79,Pune,Mobile App
106202,22,,7.7,1500,43,12,48.2,11594.59,Pune,Marketplace
108102,41,162900,12.1,4760,14,30,16.3,57684.44,Hyderabad,Marketplace
100468,45,54700,3,850,126,7,63.3,2528.62,Delhi,Mobile App
100185,43,52600,3.1,650,119,5,55.8,1986.07,Bengaluru,Marketplace
103693,44,106600,7.9,1990,38,12,44.7,15730.07,Pune,Marketplace
103756,35,75400,5.7,1850,42,10,46.6,10649.16,Mumbai,Mobile App
100421,31,50400,3.9,840,125,7,71.5,3312.77,Hyderabad,Website
102351,42,39600,2.8,750,80,4,60.9,2113.88,Mumbai,Website
100554,33,47300,4.3,920,93,5,72.8,3952.23,Delhi,Mobile App
101398,33,54300,3.5,1050,170,6,63.6,3717.42,Hyderabad,Marketplace
101385,31,52600,3,610,61,8,67.6,1816.21,Chennai,Website
104863,43,71900,8.5,1800,31,11,39.7,15345.28,Delhi,Website
105604,27,71700,10.1,1830,40,15,33.7,18552.97,Chennai,Website
101761,39,,3.4,730,83,5,76.5,2452.15,Delhi,Marketplace
103543,30,86900,9.5,2110,43,15,52.2,20119.31,Bengaluru,Marketplace
100298,30,46500,3.4,890,128,7,64.2,3051.99,Mumbai,Mobile App
100444,41,42000,4.2,680,142,8,68.6,2850.95,Delhi,Mobile App
100778,36,49500,2.6,850,145,5,72.3,2212.45,Hyderabad,Marketplace
101120,34,44700,3.4,690,134,6,80.8,2329.94,Pune,Marketplace
104005,36,92600,8.3,1790,42,19,37.7,14819.6,Pune,Mobile App
106867,39,95300,17,4690,24,23,23.8,79805.78,Delhi,Mobile App
103644,39,90300,10.3,1580,33,15,48.7,16237.96,Chennai,Mobile App
101922,40,50300,3.5,850,135,4,69.1,2957.47,Delhi,Mobile App
100656,37,43300,3.5,990,111,7,77,3435.81,Mumbai,Website
108026,43,143600,16.8,4450,19,17,27.4,74901.45,Pune,Marketplace
102230,38,57300,4.2,780,177,7,64.5,3287.55,Pune,Marketplace
104631,23,86100,10.2,1710,47,13,54,17430.71,Delhi,Mobile App
102843,33,47400,2.5,850,168,5,88.8,2111.07,Delhi,Website
102538,36,34000,3.8,890,130,7,83.1,3368.64,Hyderabad,Mobile App
108459,37,139000,13.7,3570,22,27,22.3,48954.64,Bengaluru,Website
106814,47,130200,18.6,5070,7,32,28.5,94241.62,Bengaluru,Marketplace
102541,42,60100,3.3,670,88,7,70.2,2223.19,Hyderabad,Marketplace
108016,44,162200,16.5,4570,17,27,28.3,75258.11,Mumbai,Mobile App
105215,24,73900,10.6,1720,72,18,53.3,18354.89,Chennai,Mobile App
102458,31,58200,3.5,630,130,6,77.2,2191.72,Chennai,Website
102579,40,42600,3.7,1030,130,7,63.3,3827.59,Delhi,Website
107629,43,144600,16.6,4410,15,27,18.5,73143.72,Bengaluru,Mobile App
105366,36,72300,8.5,1810,62,12,52.1,15418.15,Mumbai,Mobile App
107888,38,131600,19.4,4500,11,29,21.3,87520.95,Delhi,Website
102759,37,46000,3,830,77,4,66.3,2480.9,Bengaluru,Website
108706,28,130200,16.7,4290,13,24,14.5,71729.75,Chennai,Mobile App
105818,41,60900,9.9,2370,62,14,30.5,23435.37,Chennai,Marketplace
100559,43,40700,2.7,600,140,7,84.8,1599.82,Mumbai,Mobile App
100321,25,48800,3.1,710,99,6,73.6,2206.23,Chennai,Mobile App
103040,34,82000,6.8,1590,41,15,37,10872.83,Delhi,Marketplace
101372,28,48800,4.4,720,114,8,81.6,3201.08,Delhi,Marketplace
104166,47,77500,8.5,2080,55,13,45.1,17772.71,Chennai,Mobile App
100908,47,43800,3.2,840,134,3,78.2,2709.21,Delhi,Marketplace
107367,39,156200,20.2,4350,16,26,16.4,88028.99,Bengaluru,Mobile App
101434,33,49300,4,760,120,6,47.5,3027.81,Delhi,Mobile App
107844,59,195000,21.9,4250,28,31,16.2,93198.22,Mumbai,Marketplace
105426,31,100600,8.4,1760,34,14,44.5,14812.36,Bengaluru,Mobile App
107293,39,124700,10.5,3890,12,19,16.6,40835.68,Pune,Mobile App
107342,46,129900,22.9,5400,15,28,20.3,123939.36,Delhi,Website
104937,27,98500,8.9,1770,33,16,57.3,15701.92,Bengaluru,Website
103160,31,74000,7.2,1920,52,13,40,13796.02,Mumbai,Marketplace
106984,41,155000,16.5,4510,14,31,32.3,74437.35,Pune,Website
100927,32,48800,2.8,990,96,6,68.6,2743.32,Chennai,Mobile App
104979,39,92600,8.8,2130,50,13,41,18823.14,Chennai,Website
102471,40,47100,3.9,660,132,7,68.8,2578.54,Delhi,Mobile App
100016,41,53200,3.5,800,145,5,63.9,2779.97,Delhi,Marketplace
100144,42,51600,3.3,920,156,5,74.8,3089.87,Delhi,Marketplace
107370,39,118400,15.4,3580,16,33,10.3,55203.02,Pune,Marketplace
102364,33,56000,3.6,990,67,6,69.7,3602.56,Chennai,Marketplace
107648,38,168200,15.1,3950,20,23,5.9,59666.74,Mumbai,Mobile App
107025,36,166500,17.9,3750,18,26,10.8,67206.15,Chennai,Website
101162,38,45400,3.8,910,197,5,70.1,3489.5,Pune,Website
108514,44,129600,13.1,4340,19,24,23.6,56809.01,Delhi,Website
103383,21,68500,10.8,1620,73,12,53.3,17511.02,Hyderabad,Mobile App
104190,35,109700,8.6,1790,35,16,49.7,15354.48,Delhi,Website
104776,25,70900,9.1,1750,41,17,32.8,15822.83,Delhi,Mobile App
101205,42,51000,3.9,950,75,6,73.6,3708.83,Hyderabad,Mobile App
104334,30,75200,11.2,2020,56,11,40.8,22554.76,Mumbai,Marketplace
101363,44,38800,3,660,109,6,62.6,1979.63,Mumbai,Marketplace
107333,31,180600,14.2,4140,16,25,24,58914.67,Pune,Website
101213,51,45200,3.7,970,66,6,56.6,3615.09,Bengaluru,Website
101877,41,34700,3.8,910,146,5,70,3467.73,Mumbai,Website
108046,31,163000,13.4,4760,15,27,25.7,63729.01,Chennai,Website
108220,42,181800,17.4,5450,12,26,13.7,94970.96,Pune,Website
107445,44,153100,20.5,5060,17,21,10.8,103867.32,Chennai,Mobile App
107656,21,127000,18.5,3920,13,32,26.6,72408.97,Chennai,Marketplace
108038,37,167100,20.3,5310,14,35,18.1,107614.92,Hyderabad,Mobile App
104337,32,85300,6.7,1680,69,9,50.9,11318.89,Bengaluru,Marketplace
101171,40,40200,2.9,1020,132,6,68,3002.05,Pune,Website
100580,26,68200,4,910,85,6,63.6,3655.93,Pune,Mobile App
102183,37,52800,3.5,900,92,8,63.4,3155.71,Delhi,Marketplace
104690,27,77900,7.6,1500,54,13,50,11415.15,Hyderabad,Marketplace
103321,40,85600,8.9,1480,31,14,46.5,13147.18,Delhi,Website
105107,36,91000,10.9,1660,59,15,32.7,18082.23,Chennai,Website
101834,38,60100,2.8,760,156,6,65.7,2128.09,Delhi,Marketplace
106762,46,123400,13.4,4330,14,22,38.1,58277.72,Mumbai,Marketplace
101826,34,39000,2.4,780,74,5,69.6,1876.16,Bengaluru,Marketplace
106500,30,99000,9.8,2080,66,11,52.4,20317.98,Mumbai,Marketplace
101860,33,54300,3.6,970,120,6,57.4,3525.47,Delhi,Marketplace
107104,40,128800,17.8,5840,8,35,33.9,103644.04,Pune,Marketplace
103847,32,101700,6.7,2050,33,17,49.6,13673.43,Chennai,Mobile App
102686,41,55100,3.5,690,140,7,77.3,2418.25,Delhi,Mobile App
105153,24,,9.2,930,47,16,33.8,8608.92,Hyderabad,Website
104909,28,88200,8.8,2080,33,13,43.5,18193.59,Hyderabad,Website
104554,38,95200,7.9,1800,52,9,51.6,14248.03,Hyderabad,Marketplace
103122,49,70000,6.9,1940,53,13,41.2,13339.47,Delhi,Website
100388,45,64500,3.3,840,125,7,68.1,2765.67,Hyderabad,Mobile App
106297,39,62200,8.1,1440,39,14,51,11720.32,Delhi,Mobile App
101033,33,56700,4,620,177,5,67.9,2472.55,Chennai,Marketplace
106352,31,82100,8.6,1970,48,9,35.4,16896.81,Pune,Mobile App
102489,33,41900,4.1,1010,141,6,76.2,4118.09,Chennai,Website
102287,39,52300,4.3,810,113,7,63,3499.91,Delhi,Website
103188,28,53900,7.5,1800,52,13,44.7,13571.91,Bengaluru,Website
102630,45,,3.4,910,109,6,64.9,3091.42,Hyderabad,Mobile App
108911,40,139900,13.7,4000,20,21,20.9,54696.11,Pune,Website
103571,33,90100,6.8,1570,61,8,47.3,10715.68,Pune,Marketplace
103059,42,84200,8.8,1610,47,9,54.6,14102.22,Hyderabad,Marketplace
103442,37,48600,8.9,2160,29,10,46.6,19225.01,Pune,Mobile App
100932,38,62800,3.5,700,96,6,75,2417.38,Chennai,Website
103922,34,69800,8.7,1570,51,13,49,13733.41,Delhi,Mobile App
100692,46,50100,3.4,720,130,8,73.7,2411.9,Pune,Marketplace
106256,32,78000,11,920,53,12,49.3,10032.35,Hyderabad,Mobile App
101892,36,42200,3.3,750,64,7,80.5,2449.45,Bengaluru,Website
102269,39,44400,2.9,780,144,6,84.5,2248.95,Pune,Website
105396,40,87700,9.7,1840,69,10,43.2,17777.73,Chennai,Marketplace
100830,41,42400,3.9,700,153,7,87.4,2730.15,Pune,Website
104484,37,59600,10.3,1530,48,15,38.8,15734.22,Delhi,Mobile App
107827,32,135800,12.9,4030,19,28,21.3,52221.54,Bengaluru,Marketplace
103722,31,61200,9.1,2160,55,8,36.6,19676.73,Mumbai,Mobile App
108521,44,,20.2,3370,16,29,33.8,67891.05,Bengaluru,Mobile App
100045,43,38400,2.6,710,114,6,81.8,1850.32,Chennai,Marketplace
103102,27,108200,6.5,1970,55,14,41.1,12782.99,Mumbai,Mobile App
104255,32,57400,9.3,1930,39,12,49.5,17839.5,Chennai,Mobile App
103013,47,84400,6.5,1950,38,10,36.4,12623.02,Delhi,Marketplace
103488,36,100700,10.7,2350,46,13,52.3,25182.33,Delhi,Mobile App
108777,35,136300,22.8,4320,21,25,41.5,98413.9,Hyderabad,Mobile App
100224,35,47200,4.4,770,162,7,67.1,3368.81,Hyderabad,Mobile App
102966,35,47100,3.1,620,129,6,78,1944.67,Hyderabad,Marketplace
101188,42,41300,3.9,770,107,8,58.2,2968.5,Mumbai,Website
106118,39,88300,8.4,1930,39,15,46.7,16159.52,Pune,Mobile App
100838,43,47300,2.3,860,151,6,84,1943.99,Chennai,Marketplace
103430,42,89300,11.4,2290,72,13,45.8,26106.47,Delhi,Website
101684,44,44200,3.6,850,111,6,54.6,3018.78,Pune,Marketplace
107352,41,139800,16.9,5260,20,27,27.5,88998.51,Pune,Mobile App
103060,21,97800,8.3,1620,56,11,54.1,13370.68,Pune,Mobile App
107816,33,127400,19.3,2870,21,23,15.5,55449.01,Chennai,Website
106980,40,172000,18.8,4460,17,21,22.2,83651.51,Delhi,Marketplace
100064,47,57100,2.9,800,191,7,66.5,2358.27,Bengaluru,Website
103093,35,83900,10,1830,43,12,48.7,18286.56,Bengaluru,Marketplace
100618,48,47700,4.3,960,157,6,81.2,4081.55,Chennai,Marketplace
105043,23,85400,11.6,1940,64,15,47.8,22495.72,Bengaluru,Website
106399,22,98900,6.2,1560,62,13,49,9659.63,Delhi,Mobile App
100228,44,49100,3.1,910,124,7,71.6,2849.77,Pune,Marketplace
105068,33,82200,6.4,1530,57,13,45.7,9872.37,Delhi,Mobile App
107894,47,172200,13.7,4080,18,35,24.7,55629.82,Pune,Website
106175,31,93500,10.1,1100,57,13,48.5,11129.36,Pune,Website
103196,27,90000,6.7,1920,64,12,43.3,12948.73,Bengaluru,Mobile App
103707,36,100800,4.9,1360,48,15,46,6671.88,Delhi,Marketplace
106774,45,158700,16.6,4530,16,22,21.4,74938.28,Hyderabad,Marketplace
108024,29,83300,22.5,5460,17,21,27.4,122936.08,Hyderabad,Website
100970,39,48600,3.6,820,103,5,66.4,2928.53,Mumbai,Marketplace
101806,31,35700,3.5,900,104,6,78.9,3205,Mumbai,Website
102448,35,59700,3.1,590,146,6,67.6,1813.26,Hyderabad,Website
100926,42,46100,3.7,780,161,5,83.9,2885.98,Hyderabad,Website
106809,55,152300,11.8,3580,12,35,35.6,42396.74,Delhi,Mobile App
108775,41,129400,17.7,4040,19,23,32.7,71431.43,Delhi,Website
105222,27,,9.1,1770,57,13,41.4,16026.9,Chennai,Marketplace
108394,46,137000,21.7,4700,15,19,11.2,102321.04,Delhi,Mobile App
104887,27,82900,6.3,2210,51,11,31.9,14049.47,Mumbai,Marketplace
102852,40,44200,4.6,770,121,7,76.9,3581.27,Bengaluru,Website
104039,28,93300,9.2,1620,55,13,49,14924.91,Delhi,Marketplace
104193,34,80000,10.9,1540,19,13,58.2,16829.94,Pune,Marketplace
101861,32,51900,3.7,900,120,7,60.7,3364.34,Mumbai,Website
104976,,77900,9.6,1190,41,11,50.5,11523.23,Mumbai,Marketplace
107801,50,152700,19.9,4150,22,19,32.8,82581.47,Hyderabad,Mobile App
108261,41,120000,15.8,6170,21,26,17.9,97432.9,Bengaluru,Marketplace
107929,38,166000,21.1,5050,13,26,8.9,106557.43,Bengaluru,Website
104650,40,86500,9.1,1660,67,17,36.1,15084.13,Bengaluru,Mobile App
100253,37,50200,3.9,740,113,8,70,2876.46,Mumbai,Website
103863,34,88300,9.8,1830,60,12,42.5,17874.32,Chennai,Website
106390,34,83300,11.2,2060,52,17,48.1,22954.37,Hyderabad,Mobile App
101790,42,45000,3.4,790,80,6,74.6,2653.52,Hyderabad,Marketplace
106782,32,143800,16.7,5180,15,27,11.5,86398.65,Pune,Mobile App
102060,32,46200,3.5,620,139,5,76.4,2193.35,Mumbai,Marketplace
105169,30,70900,7.7,2020,41,13,49.6,15613.55,Chennai,Website
103048,26,93700,7.8,2110,51,16,56.3,16377.04,Chennai,Website
107871,46,132700,15.4,4550,18,25,29.5,69870.54,Pune,Mobile App
105875,29,79800,7.7,1260,46,13,47.9,9747.06,Bengaluru,Website
101903,55,60800,3.8,710,157,8,63.5,2699.39,Hyderabad,Mobile App
102751,35,61500,2.5,1080,116,5,76.9,2725.42,Bengaluru,Marketplace
103335,33,73400,8.7,1770,58,11,29.1,15347.53,Bengaluru,Mobile App
102120,26,59700,4.2,720,128,6,76,2979.85,Bengaluru,Website
102389,39,55700,3.1,610,104,5,78.2,1912.69,Bengaluru,Website
104517,43,67800,10.1,2150,43,16,45,21809.83,Hyderabad,Mobile App
108197,41,144400,11.7,4490,9,25,22.7,52534.28,Delhi,Marketplace
102690,37,30300,4.3,820,75,5,74.7,3551.07,Delhi,Mobile App
108640,38,167400,27.7,4070,11,26,21.2,112896.19,Mumbai,Website
104300,30,89200,8,1540,53,16,43.2,12210.99,Mumbai,Marketplace
101924,46,45100,2.6,770,124,7,76.5,2043.41,Bengaluru,Marketplace
106754,39,130100,10.8,3710,16,30,13.1,40119,Hyderabad,Website
100076,43,52000,2.8,700,165,6,67.2,1955.83,Chennai,Mobile App
102346,51,49000,3.4,750,128,7,67,2529.5,Delhi,Mobile App
102352,46,39800,4,820,108,7,50.6,3311.65,Hyderabad,Marketplace
105227,45,76900,8.8,1770,53,15,58.1,15622.35,Pune,Website
100431,45,48100,4,760,77,6,79.7,3056.4,Chennai,Website
105286,38,83300,8.1,1960,51,14,47,15884.08,Chennai,Website
104415,36,94700,11.1,1980,42,14,48.3,21920.46,Pune,Marketplace
108037,42,137100,14,2960,26,26,32.4,41250.1,Pune,Website
105458,37,92300,9,2320,53,16,54.9,20868.95,Mumbai,Mobile App
108485,57,167800,15.2,4770,21,22,17.5,72403.52,Hyderabad,Mobile App
105410,45,83000,9.9,1820,50,15,33.8,17935.42,Chennai,Mobile App
103542,38,105600,10.4,1490,65,12,40.1,15545.23,Mumbai,Marketplace
106585,49,166300,11.4,4110,19,30,8.5,46799.41,Hyderabad,Marketplace
106704,31,120500,14.9,4890,12,20,16.2,72682.72,Mumbai,Mobile App
103446,31,76700,11.3,2020,42,11,40.2,22796.37,Hyderabad,Mobile App
106182,31,100300,9.1,1750,55,14,59.7,15893.8,Hyderabad,Mobile App
100241,42,37400,2.8,650,124,8,87.9,1805.71,Bengaluru,Marketplace
100784,42,46900,4.1,1010,114,6,68.1,4082.94,Delhi,Mobile App
101355,33,42600,3.2,610,136,6,56.4,1917.79,Chennai,Mobile App
103067,30,83000,8.8,1470,47,14,53.8,12856.06,Pune,Mobile App
104618,31,88100,10.2,1850,27,13,34.6,18802.87,Pune,Marketplace
100978,,52600,3.4,710,118,5,58.7,2451.58,Hyderabad,Marketplace
100810,39,53100,2.4,680,87,7,76.4,1637.5,Hyderabad,Marketplace
102169,39,42200,3.3,1200,73,5,58.7,3983.6,Chennai,Mobile App
104333,33,89600,6.5,1580,31,10,51.9,10249.74,Pune,Mobile App
104646,41,77900,12.3,1550,45,12,39.9,19043.92,Delhi,Website
101600,38,60000,2.9,820,124,6,73,2344.77,Hyderabad,Website
102942,39,41200,3.5,840,95,6,53.6,2966.4,Pune,Marketplace
103593,28,57300,10.2,2040,45,10,52.4,20709.4,Bengaluru,Website
103705,33,77000,11.4,1810,82,11,47.9,20623.69,Pune,Mobile App
106996,41,145000,17.5,4500,17,22,21,78861.51,Hyderabad,Marketplace
100685,38,29000,2.7,880,56,7,78.3,2362.71,Delhi,Website
105071,30,68500,6.5,1770,69,17,37.7,11577.72,Mumbai,Marketplace
106164,21,84600,8.6,1900,56,13,34.5,16397.12,Hyderabad,Marketplace
101621,41,54200,3.7,760,125,4,70.4,2761.91,Bengaluru,Website
104160,33,76900,11.6,2500,48,14,44.4,28920.95,Hyderabad,Mobile App
101483,48,36700,2.9,670,142,5,68.4,1961.49,Pune,Website
102147,45,44600,4.3,810,142,8,78.9,3450.75,Chennai,Mobile App
101802,37,33700,3.8,820,111,5,86.4,3110.32,Hyderabad,Mobile App
102096,37,55700,3.3,800,94,6,62.4,2694.01,Delhi,Marketplace
104919,26,97400,9.4,1840,75,13,50.9,17311.52,Bengaluru,Website
101358,44,54200,3.7,810,112,5,70.5,2945.11,Bengaluru,Marketplace
106516,48,149500,15.1,4920,22,23,30.4,74426.35,Mumbai,Marketplace
104957,31,91200,10.7,1690,40,16,47.5,18067.42,Pune,Website
103998,33,89000,9,1500,58,12,44.8,13470.96,Delhi,Website
104199,30,89400,7,1510,27,14,42.1,10529.23,Chennai,Website
103667,33,93100,11.6,2110,63,9,39.4,24405.6,Mumbai,Marketplace
104587,39,97500,9.9,2300,58,13,44.3,22746.5,Hyderabad,Website
105639,44,92700,8.9,1480,50,15,33.4,13156.18,Bengaluru,Website
104412,37,81400,9.2,2130,49,13,46.4,19544.58,Mumbai,Marketplace
101610,39,46200,3.7,830,114,7,68.2,3046.1,Hyderabad,Mobile App
105385,29,81300,10.4,1260,49,13,41.3,13166.32,Hyderabad,Marketplace
100495,49,49800,3.4,660,72,6,64.9,2278.2,Hyderabad,Website
103978,40,97900,8.9,2030,32,14,39.5,18001.4,Bengaluru,Website
103320,46,51600,7.6,1490,51,8,45.4,11288.34,Pune,Mobile App
103699,28,86500,10,1860,39,13,39.5,18651.5,Chennai,Website
102018,48,71300,3.5,720,71,4,63.3,2509.41,Chennai,Marketplace
104873,36,111100,9,2080,66,12,32.2,18697.47,Bengaluru,Mobile App
102329,31,64800,3.9,880,105,5,76.2,3402.99,Chennai,Mobile App
100030,38,59100,3.3,900,97,6,66.1,2961.83,Delhi,Website
105759,37,67100,8.6,1840,44,15,57.5,15735.41,Pune,Website
104369,36,96200,11.3,2110,34,13,41.2,23836.16,Pune,Mobile App
108850,42,140500,17.2,3320,19,25,20.2,57285.18,Pune,Marketplace
103119,32,85400,8.2,1880,60,13,41.3,15524.35,Chennai,Marketplace
101093,35,48300,3.3,830,98,6,68.4,2746.81,Bengaluru,Marketplace
103247,43,62100,7.2,2000,66,15,51.1,14361.04,Pune,Mobile App
100125,32,48200,3.5,830,59,6,64.5,2907.36,Mumbai,Website
105205,51,87900,7.1,1260,33,16,35.7,8917.43,Bengaluru,Website
107196,49,171800,19.2,4340,19,26,32.6,83200.22,Mumbai,Marketplace
104296,41,111400,8.4,1610,32,7,30.4,13509.67,Pune,Mobile App
106026,31,84400,7.1,2140,67,10,34,15198.03,Chennai,Marketplace
108880,45,166100,13.4,3030,32,27,10.6,40422.13,Chennai,Marketplace
102299,47,52300,3.5,890,92,7,71.1,3091.31,Hyderabad,Website
106707,49,153200,16.9,4250,16,26,35.6,71807.54,Hyderabad,Mobile App
101554,37,48500,4.4,760,120,7,60.1,3339.02,Chennai,Website
108295,50,133700,13.2,5430,25,25,8.5,71547.38,Mumbai,Marketplace
103342,33,83000,8.4,1600,64,14,51,13376.22,Delhi,Website
100599,42,70700,4.3,830,111,6,60,3549.91,Bengaluru,Website
102124,42,35100,4.1,810,147,6,68.1,3307.25,Delhi,Mobile App
107470,35,118800,21.6,3200,17,26,11.8,69258.1,Mumbai,Marketplace
101417,39,46400,3.8,900,109,5,75.7,3465.3,Pune,Mobile App
104767,33,83800,7.9,1610,39,12,45.6,12753.37,Pune,Website
105748,27,80800,10.8,1900,54,10,46.6,20622.05,Bengaluru,Website
105747,35,97800,10.4,1610,48,13,42.6,16691.04,Delhi,Mobile App
107194,31,156500,16.9,4430,14,22,19.5,74790.08,Hyderabad,Mobile App
105711,41,51800,4.8,1630,46,15,41.2,7814.31,Pune,Website
107946,35,156700,14.5,4170,19,22,24.5,60427.25,Bengaluru,Website
104763,35,90500,10.5,1720,48,13,39.7,18120.89,Mumbai,Marketplace
102198,29,45600,3.7,930,103,7,67,3416.73,Bengaluru,Marketplace
107136,46,121300,17.3,5460,21,25,14.9,94598.7,Bengaluru,Website
103363,27,90300,7.3,1470,53,12,52.1,10706.37,Delhi,Marketplace
106549,41,147500,16,5220,28,32,20.2,83521.37,Bengaluru,Website
100726,39,43400,3.5,950,130,5,54.9,3350.61,Chennai,Website
106139,35,79100,7.1,2380,55,10,43,16952.41,Bengaluru,Marketplace
104068,31,63300,9.8,1660,35,13,48.6,16218.33,Mumbai,Mobile App
100809,32,53200,4.3,810,93,7,75.3,3525.68,Delhi,Website
103942,23,56300,8.6,2220,14,13,47,19122.88,Bengaluru,Website
106746,43,158300,11.5,4510,20,32,10.2,51875.34,Mumbai,Marketplace
100959,51,54400,3.1,670,105,7,67.1,2065.91,Hyderabad,Mobile App
105357,26,112500,11.9,1140,57,11,50.2,13531.56,Chennai,Marketplace
105220,28,103600,6.6,2010,34,14,53.1,13269.74,Mumbai,Marketplace
104702,21,82500,10.2,1910,48,12,37.7,19432.1,Mumbai,Website
100811,47,58500,3.3,960,135,5,81.4,3211.87,Chennai,Website
108726,36,114600,18.5,3860,18,30,11,71373.66,Chennai,Marketplace
100835,44,53800,3.1,770,134,7,61.4,2352.67,Pune,Mobile App
106766,43,147800,17.6,4260,19,24,31.2,75101.58,Pune,Website
102424,48,60800,2.7,810,122,6,67.7,2216.5,Mumbai,Mobile App
106000,30,73700,9.7,1800,63,16,41.3,17432.17,Mumbai,Website
103856,30,105400,7.1,2090,70,10,48.5,14867.44,Mumbai,Website
101236,46,58200,4.3,810,151,6,77,3503.48,Delhi,Marketplace
101226,38,39100,3.8,930,113,6,68.6,3496.67,Chennai,Mobile App
106444,24,58000,8,1980,46,12,58.3,15760.86,Pune,Website
106479,28,85700,7.6,1670,47,14,35.2,12718.94,Hyderabad,Website
106310,27,112500,9.2,1920,52,16,48.9,17737.5,Bengaluru,Website
108158,47,145500,21.4,4280,16,23,26.3,91421.37,Chennai,Website
104120,37,91900,9.7,2150,47,13,41.8,20995.15,Delhi,Website
103218,41,90400,10.8,1310,31,13,34.9,14243.37,Pune,Website
106030,30,86600,7.8,2030,52,11,47.2,15794.02,Hyderabad,Website
100288,45,43200,2.9,700,157,7,68,2007.56,Mumbai,Website
104029,35,114500,9.1,2290,65,12,34.6,20875.16,Hyderabad,Mobile App
102967,43,50700,3.3,730,64,5,75.7,2371.23,Hyderabad,Mobile App
103165,27,93800,11.7,2130,42,12,53.1,24937.56,Mumbai,Mobile App
108959,37,105500,11.4,4870,26,25,20.7,55561.44,Hyderabad,Website
105372,38,107600,6.5,1580,67,13,48,10300.45,Pune,Mobile App
106817,37,144100,20.7,5870,22,30,12.5,121500.74,Mumbai,Marketplace
101658,34,44200,3.4,840,134,6,46.5,2894.07,Pune,Marketplace
101976,45,52000,4.1,630,137,3,53,2546.92,Delhi,Marketplace
102398,38,58300,2.8,700,75,6,74.8,1987.14,Hyderabad,Marketplace
100453,50,42200,4.1,840,113,5,64.2,3485.49,Mumbai,Mobile App
106490,31,98900,8.4,1780,52,12,47.6,14988.02,Pune,Marketplace
105749,35,76900,9,2000,72,14,63.2,18046.94,Mumbai,Mobile App
107752,37,124000,20.5,4870,20,21,25,99762.13,Mumbai,Website
106524,48,133900,17.6,4210,12,32,15,74018.35,Mumbai,Mobile App
102620,37,32500,2.8,670,79,6,82.6,1861.77,Chennai,Website
100423,32,50000,3,840,119,5,87.7,2556.16,Delhi,Website
104901,31,48600,9.5,1320,41,15,46.3,12544.82,Hyderabad,Marketplace
101221,35,58200,4.2,670,83,5,80.7,2847.37,Mumbai,Marketplace
102930,32,57000,4.6,760,91,6,67,3477.49,Bengaluru,Website
100658,40,40900,3.9,580,61,5,73.7,2250.18,Hyderabad,Marketplace
103302,41,61000,11.1,770,53,9,54.5,8475.33,Mumbai,Marketplace
104727,39,95100,10.4,2020,69,14,57.4,20964.92,Mumbai,Mobile App
102846,37,57300,3.8,760,106,5,79.5,2927.1,Hyderabad,Marketplace
103024,41,70300,7.5,1600,37,13,40.6,12047.42,Bengaluru,Mobile App
106058,23,83800,9.8,1420,47,14,51.6,13991.01,Mumbai,Marketplace
108700,41,191300,16.3,3540,22,21,12,57594.79,Delhi,Mobile App
101002,38,50700,2.9,740,138,5,71.8,2163.62,Chennai,Marketplace
100103,40,59800,4,460,142,6,78,1856.93,Bengaluru,Marketplace
102419,36,44000,3.5,610,167,8,70.6,2095.9,Delhi,Marketplace
106398,43,103100,9.2,1550,58,16,72.8,14222.65,Chennai,Marketplace
106156,33,75800,8.7,1910,67,18,41.8,16540.49,Pune,Marketplace
106828,29,160700,13.4,3980,15,28,30.1,53397.71,Mumbai,Website
101581,37,47100,3.2,830,133,6,61.4,2683.67,Mumbai,Mobile App
104095,25,93900,10.2,1860,62,15,40,19016.74,Delhi,Website
102207,41,42200,4.8,970,115,7,71,4611.7,Pune,Mobile App
100171,23,51300,3.5,860,156,7,58.1,2997.39,Pune,Marketplace
107285,33,133800,9.5,4040,18,22,20.8,38308.72,Mumbai,Website
100136,26,59300,3,700,115,7,65.3,2119.92,Hyderabad,Website
100758,41,69100,4,910,86,5,67.3,3604.64,Hyderabad,Marketplace
105551,40,70800,9.2,1740,73,12,43.6,16117.33,Hyderabad,Website
101311,36,60200,4,930,191,6,81.5,3722.93,Delhi,Mobile App
101218,35,59000,2.8,850,157,6,69.2,2392.01,Hyderabad,Website
102285,34,57100,3.6,890,140,6,61.8,3193.37,Hyderabad,Website
107868,38,106700,21.3,5590,22,23,23.7,119022.43,Chennai,Website
102906,30,50200,4.2,1030,153,7,78.5,4293.47,Delhi,Website
103622,32,72500,9.1,1870,45,14,34.7,17036.33,Pune,Marketplace
103590,29,93900,10.8,2130,58,12,49.5,22878.75,Mumbai,Mobile App
105634,33,86500,7.3,2280,42,17,51.4,16595.3,Pune,Website
101936,38,40900,3.1,770,171,8,54.2,2369.26,Chennai,Marketplace
106395,23,78800,7.4,2620,41,12,39.5,19342.39,Hyderabad,Website
106379,26,108300,8.4,1930,63,17,48.1,16265.36,Pune,Website
104079,35,81700,9,1720,30,13,44.8,15515.76,Mumbai,Marketplace
100808,53,53100,3.9,540,93,6,75.6,2127.63,Pune,Marketplace
102046,32,55600,2.9,770,126,6,58.7,2213.95,Pune,Mobile App
105574,37,105300,11.3,1900,50,13,51,21424.43,Mumbai,Marketplace
100463,40,39200,3.6,810,174,5,88.4,2949.01,Hyderabad,Marketplace
102928,33,43500,2.8,870,132,6,71.6,2460.17,Chennai,Marketplace
101957,,54500,2.9,580,131,4,62,1702.08,Pune,Marketplace
102446,31,51100,3.6,720,120,7,63.9,2588.29,Mumbai,Mobile App
104752,33,62400,11.7,1970,38,13,41.6,23103.88,Chennai,Website
108552,37,117000,14.9,3900,16,25,21.4,58303.93,Bengaluru,Website
104975,40,74000,10.9,2090,36,12,55,22827.37,Pune,Marketplace
103236,32,106300,6.1,1460,49,10,35.7,8950.54,Bengaluru,Mobile App
100800,36,71100,3.4,720,121,7,64.8,2444.08,Mumbai,Mobile App
102403,45,52800,3.2,590,70,5,70.8,1912.24,Chennai,Marketplace
106047,32,63500,9.4,2020,59,13,42.1,18964.72,Hyderabad,Website
101074,30,57700,3.5,780,82,7,60.9,2737.59,Bengaluru,Marketplace
107643,35,143100,21.2,4430,16,20,23.9,93946.15,Delhi,Marketplace
105309,41,90500,10.8,1660,43,12,40,17865.97,Chennai,Mobile App
100145,33,60300,3.3,820,89,5,56.9,2719.7,Delhi,Mobile App
106640,41,151600,20.5,4220,18,28,34.2,86450.1,Pune,Marketplace
101341,37,54500,3.3,780,125,4,77.6,2579.31,Mumbai,Website
104664,45,83200,9.4,1280,72,14,48,12002.59,Pune,Marketplace
107170,46,127900,14.2,4750,16,12,26.1,67565.72,Hyderabad,Marketplace
102092,33,55000,3.5,730,110,7,76.6,2598.04,Hyderabad,Marketplace
106125,33,70600,10.9,1740,49,16,58.5,18905.44,Pune,Mobile App
105453,25,76300,7.8,1920,56,16,43.3,14886.41,Delhi,Mobile App
105827,38,64000,9.6,2090,61,15,37.2,19968.55,Hyderabad,Website
105502,28,86200,5.7,1850,72,13,30.5,10536.82,Pune,Website
105858,47,100100,9.7,1330,58,11,55.9,12953.53,Mumbai,Mobile App
105995,36,78600,8.3,1610,41,16,56.3,13416.18,Pune,Mobile App
103574,33,84900,3.3,1600,58,13,52,5231.64,Delhi,Website
104766,45,97300,9.3,1840,50,9,33,17110.04,Mumbai,Mobile App
105538,44,81900,10.2,1950,20,12,35.2,19776.72,Mumbai,Website
101004,36,50700,3.8,760,130,7,86.2,2880.23,Mumbai,Mobile App
104394,45,94800,7.8,2110,30,14,31.1,16565.04,Hyderabad,Website
106207,44,94800,9.2,1850,67,15,28.4,17096.82,Mumbai,Mobile App
105876,28,62500,9.9,1900,27,12,54.3,18754.41,Delhi,Website
104238,29,92800,7.9,1780,68,12,54,14045.82,Pune,Marketplace
103471,33,90400,8.6,2150,43,16,35.6,18499.79,Delhi,Mobile App
104295,35,121400,10,2020,60,11,43.9,20281.07,Mumbai,Mobile App
100556,30,51700,3,540,84,7,75.8,1644.54,Pune,Website
104923,33,85300,9.6,1790,60,16,37.8,17224.8,Pune,Website
108372,42,154900,17.2,3810,17,30,11,65493.1,Bengaluru,Marketplace
108243,43,140900,16.2,5410,10,22,25.7,87754.16,Pune,Mobile App
101486,47,47500,4.4,790,113,6,72.8,3460.71,Delhi,Mobile App
108383,36,154400,19.5,4520,17,31,13.1,87942.89,Bengaluru,Website
101273,42,45500,4.1,870,97,6,59.2,3580.07,Hyderabad,Website
107799,51,143300,14.5,3710,19,23,18.9,53831.6,Hyderabad,Website
101412,31,45500,4.3,690,179,5,59.8,2977.61,Pune,Marketplace
108447,44,146500,20.1,3160,21,20,25.9,63549.74,Chennai,Marketplace
100754,40,43900,3.5,670,152,7,80.5,2313.1,Delhi,Mobile App
101472,37,51200,3.6,890,106,7,78.8,3237.19,Bengaluru,Marketplace
106846,43,143600,15,3120,15,24,12.3,46666.2,Delhi,Mobile App
107699,37,164400,19.3,4200,20,35,25.9,81041.51,Mumbai,Marketplace
103882,33,76400,8.2,2160,63,11,56.9,17725.92,Hyderabad,Mobile App
105835,35,69600,8.2,1410,46,14,48,11514.21,Delhi,Mobile App
103077,21,87600,9.3,1840,51,10,41,17018.08,Bengaluru,Website
106406,48,80900,10.5,1520,54,12,42,15997.7,Mumbai,Marketplace
106487,34,87600,8.2,2020,65,11,38.5,16566.58,Delhi,Marketplace
103289,41,100100,10.6,2110,34,14,43.7,22456.63,Chennai,Website
104920,29,85000,7.9,1620,49,11,52.5,12883.37,Bengaluru,Marketplace
104157,39,87100,10,2400,49,11,49.3,23987.4,Chennai,Website
100982,37,56300,3.7,820,121,4,67,3030.89,Chennai,Website
108270,43,150200,20,4490,20,16,18.1,89880.2,Bengaluru,Website
104142,38,87600,10.2,1720,46,16,41,17451.95,Mumbai,Mobile App
102723,24,69300,3.9,680,129,6,58.9,2678.24,Pune,Marketplace
108448,50,90600,12,3750,13,27,36.6,45062.25,Hyderabad,Marketplace
101269,34,52000,3.7,700,123,5,58.8,2595.62,Pune,Website
102463,38,42500,2.6,730,136,6,84.3,1855.65,Delhi,Mobile App
107676,38,145600,17.2,4040,20,36,18.4,69254.46,Chennai,Marketplace
100269,37,40100,2.6,820,122,6,72,2114.68,Chennai,Marketplace
103581,42,81800,8.9,1660,43,10,45.4,14788.59,Pune,Website
100655,37,52500,4.8,620,156,6,76.7,2983.04,Chennai,Marketplace
106251,28,64700,9.7,1800,53,15,43.1,17559.13,Bengaluru,Marketplace
108041,46,119200,13.2,4450,25,28,12.3,58998.67,Bengaluru,Mobile App
108495,37,155500,19.6,4920,14,23,25.5,96407.24,Bengaluru,Marketplace
103598,30,80500,9,1660,47,13,33.4,15024.4,Mumbai,Website
102414,38,50000,3.9,810,128,6,74.3,3204.25,Delhi,Marketplace
108246,33,167100,15.5,4620,16,33,23.5,71601.46,Chennai,Mobile App
102822,32,45500,2.3,910,87,4,78.2,2115.55,Mumbai,Mobile App
100429,41,42100,2.5,960,133,3,62.1,2386.95,Delhi,Website
100590,57,54900,2.3,940,127,6,71.9,2116.4,Delhi,Website
100496,35,49400,2.3,910,103,6,78.1,2119.86,Chennai,Mobile App
104072,36,71800,7,2060,45,14,48.8,14442.02,Delhi,Mobile App
104253,31,81700,9.1,1880,43,13,35.6,17207.18,Mumbai,Mobile App
105399,46,109400,7.5,1580,49,12,41.3,11918,Bengaluru,Website
105899,35,83300,6.3,1590,49,18,48,10100.44,Chennai,Mobile App
106193,24,94500,11,2320,28,9,36,25552.71,Mumbai,Mobile App
106391,21,98300,9.9,2360,50,7,48.1,23419.42,Delhi,Mobile App
100529,50,54700,3.6,890,175,7,71.2,3212.69,Bengaluru,Mobile App
101809,32,63200,4,740,80,4,80.5,2971.21,Mumbai,Website
104825,32,88900,12.7,2220,50,14,44.1,28270.39,Bengaluru,Mobile App
102056,27,66600,3.5,740,129,6,66.3,2551.14,Hyderabad,Marketplace
101232,36,34200,3,770,94,6,78.6,2307.33,Chennai,Marketplace
102029,45,51000,3.7,940,128,5,73.4,3509.45,Hyderabad,Website
105524,41,109100,7.2,1570,48,17,58.9,11342.55,Delhi,Website
100678,37,55200,3.5,960,124,8,80.1,3313.45,Chennai,Website
107140,30,146000,20.2,3480,24,21,41.6,70441.98,Mumbai,Marketplace
106632,42,150700,9.9,5140,16,19,16.9,50831.49,Pune,Mobile App
108092,46,187300,14.4,4520,20,28,25.7,64897.23,Pune,Website
108435,43,159700,16.9,4590,13,32,24.2,77324.56,Bengaluru,Website
107736,37,156800,19,4520,17,22,27.3,86164.41,Mumbai,Mobile App
102742,47,59500,2.4,830,116,7,69.6,2011.53,Delhi,Website
107756,40,133300,15.3,3050,19,30,9,46773.64,Bengaluru,Marketplace
104051,39,81500,10.2,2090,45,15,53.3,21292.62,Pune,Marketplace
108367,34,135500,12,5440,20,22,22.8,65403.45,Mumbai,Marketplace
102433,36,43800,2.9,840,121,7,74.4,2412.12,Hyderabad,Website
105120,36,90800,8.3,1680,57,13,53.7,13923.79,Mumbai,Mobile App
105000,42,69200,10.9,1650,58,12,62.7,17986.61,Pune,Mobile App
100552,23,49400,3.8,910,100,6,61.5,3503.36,Pune,Marketplace
105050,25,101400,8,1870,54,13,43.8,14958.14,Bengaluru,Website
104082,36,69400,12.6,1620,48,13,52.9,20389.37,Hyderabad,Marketplace
106781,48,163100,18.8,4460,18,25,15.6,83802.42,Pune,Mobile App
101612,45,49400,3.1,990,123,6,72.1,3091.85,Bengaluru,Marketplace
108057,43,127800,15.3,4080,22,18,22.2,62460.16,Hyderabad,Marketplace
105240,42,79400,7.8,2280,64,12,49.7,17760.7,Chennai,Website
108274,48,109800,16.5,3850,19,25,16.3,63450.32,Pune,Marketplace
104848,27,82100,8.2,2060,70,12,36.2,16848.27,Chennai,Marketplace
100674,39,58400,4.4,610,80,4,64.4,2638.52,Mumbai,Marketplace
107223,45,127700,18.6,4170,24,20,18.7,77601.83,Chennai,Marketplace
105418,32,83500,8,1920,71,14,49.9,15320.78,Delhi,Website
103947,24,86300,8.8,1830,58,16,49.4,16179.43,Mumbai,Marketplace
108023,25,175600,20.3,3840,15,20,27.1,78084.95,Mumbai,Website
107687,56,176300,17.2,5050,16,21,20.6,86565.72,Chennai,Mobile App
104488,30,83400,9.4,1710,37,14,55.9,16118.95,Chennai,Mobile App
100606,46,42400,3.7,770,102,5,82.1,2837.96,Chennai,Website
104439,33,74800,11.4,1150,64,12,38.9,13170.22,Bengaluru,Marketplace
104940,37,81700,12.2,2050,55,12,40.6,24886.12,Mumbai,Marketplace
105811,45,108000,9,1860,36,10,57.4,16697.14,Chennai,Mobile App
101469,41,63000,3.3,590,130,6,70.8,1918.77,Hyderabad,Marketplace
107263,32,149100,14.1,2840,12,22,23.2,40090.26,Hyderabad,Website
101983,41,53400,3.7,880,126,5,67.2,3264.07,Mumbai,Mobile App
104813,32,101900,9,1620,32,12,47.9,14551.26,Chennai,Website
100891,35,56900,3.4,810,161,6,82.4,2785.51,Delhi,Mobile App
103993,34,69600,12.7,1920,47,11,37.6,24371.47,Pune,Marketplace
106065,36,46600,7.4,2270,85,15,42.3,16797.12,Delhi,Mobile App
100844,49,48400,4.6,1120,129,4,62.4,5111.9,Mumbai,Marketplace
102156,44,46300,3.4,950,123,6,67.7,3283.42,Mumbai,Mobile App
107610,36,160900,13.8,4770,12,21,18.3,65612.67,Hyderabad,Marketplace
108825,42,107500,17.1,4730,22,25,17.1,80708.74,Bengaluru,Website
102078,45,45900,3.5,750,170,7,73.5,2589.39,Chennai,Marketplace
105615,42,89000,10.3,1540,47,11,53.9,15864.4,Pune,Website
105034,38,81400,9.5,2080,77,11,52.6,19883.62,Chennai,Mobile App
105505,39,77000,5.2,1570,61,10,40.2,8207.32,Bengaluru,Website
103521,35,86100,7,1760,49,17,42.6,12335.75,Bengaluru,Marketplace
104722,23,63300,8.5,1930,53,10,42.4,16397.99,Pune,Mobile App
102800,46,39100,3,770,123,6,64.7,2274.38,Hyderabad,Website
106401,34,94500,10.4,2070,42,13,50.4,21521.55,Bengaluru,Mobile App
100585,41,44900,4.5,690,121,7,56.9,3140.79,Bengaluru,Mobile App
103269,35,88700,8.1,1880,39,11,60,15295.42,Bengaluru,Mobile App
108586,50,168700,23.8,3910,19,37,17.3,93095.96,Chennai,Website
104042,34,69400,8.4,1760,54,10,58,14815.71,Delhi,Website
105466,31,75000,12.2,1610,43,12,48.6,19624.82,Delhi,Website
104148,31,85200,10.7,1780,52,13,42,19100.32,Bengaluru,Mobile App
104555,37,95000,9.4,2450,39,13,43.9,23079.1,Mumbai,Website
107626,51,,21.7,4760,18,31,17.1,103402.78,Chennai,Marketplace
106448,39,91300,5.8,1720,68,13,52.4,9955.6,Mumbai,Mobile App
103910,35,82300,11.5,2080,60,13,37.4,23978.57,Bengaluru,Marketplace
104511,39,89000,8.7,1420,53,11,35.2,12279.34,Hyderabad,Website
105857,35,85700,11.6,1900,53,10,58.7,22021.51,Bengaluru,Website
106855,40,134800,17.5,3920,22,25,20.1,68607.67,Delhi,Marketplace
104408,32,76400,8.8,1890,68,15,46.8,16693.65,Pune,Website
108855,45,158200,14.4,4310,10,33,18.1,62028.17,Bengaluru,Marketplace
102551,42,58000,3.1,880,121,8,68.3,2675.67,Bengaluru,Website
106951,46,148300,12.4,4590,21,27,23,56750.74,Delhi,Marketplace
104507,34,75600,7.5,1320,73,14,40.8,9846.76,Mumbai,Mobile App
100345,43,45800,3.6,820,122,6,64,2959.18,Delhi,Marketplace
102186,40,45800,2.4,740,108,6,71.9,1787.97,Chennai,Website
105029,32,95700,11.7,2340,60,10,47.8,27445.16,Pune,Website
107056,36,171900,19.9,4690,20,27,29,93387.6,Hyderabad,Marketplace
105702,28,79800,12,2040,43,16,41.8,24617.53,Pune,Mobile App
108100,43,189400,20.7,4550,11,14,15.6,94043.48,Bengaluru,Mobile App
108732,34,141000,19,2900,12,26,18,55141.36,Delhi,Website
100872,39,44600,3.3,800,108,5,64,2657.71,Hyderabad,Mobile App
108923,40,149700,8,4330,10,26,37.7,34460,Mumbai,Website
107625,56,132500,16.3,4310,13,20,36.8,70019.2,Hyderabad,Marketplace
104897,35,58500,7.1,1480,42,12,46.3,10547.95,Pune,Website
104801,21,95300,5.1,1610,59,15,41.3,8267.1,Hyderabad,Mobile App
100091,30,57600,3.3,750,128,6,70.3,2469.34,Mumbai,Marketplace
104837,36,105900,10,1520,59,15,53.7,15153.79,Chennai,Marketplace
105199,30,68800,8.5,1910,55,13,40,16153.37,Hyderabad,Mobile App
106112,40,103500,10.5,1580,62,14,39.3,16626.03,Mumbai,Website
103934,33,96100,7.8,1550,61,14,44,12039.1,Hyderabad,Marketplace
107303,39,144600,20.5,4450,14,21,11.6,91431.18,Pune,Marketplace
106661,39,116100,17,2700,14,24,13.9,45827.32,Delhi,Mobile App
106393,32,109800,6.8,2280,47,10,48.9,15469.04,Mumbai,Website
102118,39,50700,2.8,860,139,5,69.5,2371.33,Pune,Website
102938,30,48600,3.3,720,118,6,76,2363.48,Chennai,Mobile App
105213,39,90300,7.3,1580,50,11,46.2,11492.04,Mumbai,Mobile App
107482,52,135100,14.4,4550,17,26,17.2,65587.34,Delhi,Marketplace
102837,32,53900,3.6,930,157,7,65.3,3313.86,Chennai,Marketplace
103097,39,85300,10,1780,49,16,48,17770.39,Chennai,Mobile App
105636,32,106000,7.8,1530,57,13,30.5,11950.21,Pune,Mobile App
104299,34,75100,11.5,1780,48,13,52.3,20573.52,Bengaluru,Mobile App
100948,46,47900,2.9,830,116,5,55.2,2418.16,Bengaluru,Marketplace
102926,37,43000,3.1,960,94,5,81.5,2959.83,Chennai,Website
105539,35,81500,7.4,1830,49,13,49,13541.53,Pune,Website
103215,41,87000,11.2,1490,55,12,43,16593.81,Delhi,Website
104428,40,98900,8,1610,51,15,38.7,12951.58,Pune,Marketplace
107651,43,157200,22,4580,23,29,15.5,100553.22,Mumbai,Website
100884,26,47600,3.5,940,125,4,78.8,3261.19,Chennai,Website
107397,26,161600,17,4890,24,30,16,83239.81,Mumbai,Mobile App
105701,32,73800,8.8,2060,48,11,52.4,18189.88,Hyderabad,Website
106004,39,73800,5.4,1600,68,16,35,8601.81,Chennai,Website
105708,27,94200,9,2100,52,10,41,18928.03,Mumbai,Mobile App
100628,44,49500,2.5,770,46,4,55.4,1929.45,Delhi,Website
101457,32,43000,3.1,860,69,6,63.6,2666.68,Pune,Mobile App
108629,,196600,17.4,4000,17,28,25.2,69428.59,Pune,Marketplace
107276,39,132200,24.6,4480,20,24,25.9,110337.58,Pune,Marketplace
106593,36,156900,16.1,4240,29,21,17.2,68266.64,Pune,Mobile App
105567,36,90100,8.9,1600,54,17,47.5,14200.33,Chennai,Marketplace
106102,38,94600,5.9,1740,54,13,55.8,10300.71,Mumbai,Marketplace
106575,42,186200,16.5,3630,17,25,24.9,59842.25,Bengaluru,Mobile App
108660,43,162800,16.1,3920,21,25,27.6,63228.7,Delhi,Marketplace
107061,41,120500,12,4160,15,17,21.4,49788.21,Pune,Website
107163,40,104200,15.7,4020,14,32,4.6,62932.82,Mumbai,Website
102416,41,31900,3.9,600,102,6,63.3,2344.12,Bengaluru,Mobile App
108034,41,135700,16.1,3730,19,25,24,60248.86,Pune,Mobile App
107469,36,119000,14.9,4760,13,21,25.7,70805.22,Pune,Website
107884,32,177800,15.8,3910,19,22,19.3,61777.42,Bengaluru,Website
106124,43,63000,8,2020,61,9,37,16129.44,Bengaluru,Website
106629,36,148900,20.9,5090,18,24,17.9,106132.04,Pune,Mobile App
107939,36,116900,16.1,3960,20,21,26.3,63577.12,Mumbai,Website
102900,39,36900,3.7,770,126,7,76.2,2840.11,Hyderabad,Website
100434,36,51100,3.8,720,137,4,78.2,2710.59,Pune,Marketplace
102399,33,53900,3.6,900,99,7,61.8,3210.65,Hyderabad,Marketplace
102210,47,61700,3.1,840,129,5,72.2,2569.01,Pune,Marketplace
101711,31,42000,2.2,680,131,5,79.1,1469.66,Pune,Mobile App
103354,39,88200,9.5,1460,42,11,36.8,13858.75,Hyderabad,Website
108499,42,166800,16.2,4110,20,21,15.9,66364.98,Pune,Mobile App
106563,45,201300,20.4,2920,16,23,25.8,59518.07,Bengaluru,Website
100105,28,52300,2.2,560,111,6,76,1228.16,Pune,Website
105788,39,61200,8.9,1700,68,10,48.1,15094.12,Chennai,Marketplace
101187,51,49600,3,870,138,5,79.9,2616.17,Bengaluru,Marketplace
104869,40,63200,10.2,1580,52,15,49.4,16122,Pune,Website
103185,36,91400,8.3,1410,35,10,60,11649.7,Mumbai,Mobile App
108842,31,140500,12,3910,20,20,29.9,46939.36,Chennai,Mobile App
104865,39,,9,1600,54,16,38.5,14408.21,Hyderabad,Website
107090,37,143000,15.1,4460,30,33,11.9,67340.28,Mumbai,Website
108527,44,109800,16.9,4590,21,30,29.6,77499.31,Hyderabad,Mobile App
108928,36,142500,17,4310,18,29,32.5,73164.54,Chennai,Mobile App
100152,39,52600,4.4,790,103,6,73.8,3462.16,Chennai,Website
103283,36,85400,10,1170,59,18,55.7,11700.28,Bengaluru,Website
106205,26,97800,8.2,1950,46,15,33.8,15994.85,Chennai,Mobile App
105041,27,72800,10,2220,57,12,53.2,22283.58,Hyderabad,Mobile App
100916,31,55600,2.8,810,162,5,72.7,2266.19,Chennai,Website
101306,44,56600,2.9,800,117,4,71.3,2315.16,Delhi,Website
104933,25,64400,7.1,1590,52,14,38.2,11258.42,Hyderabad,Website
103050,34,88800,8.8,1830,40,12,43.7,16208.23,Delhi,Marketplace
108322,37,144000,20.3,3600,14,26,9.2,73152.53,Pune,Mobile App
106409,36,83600,11,2070,52,11,48.3,22737.47,Hyderabad,Mobile App
108595,44,131000,15.9,4710,10,25,20.9,75052.52,Pune,Website
107075,42,139700,16.3,3410,13,25,16.5,55783.8,Delhi,Website
105795,26,72800,6.7,1440,70,9,39.1,9691.68,Bengaluru,Mobile App
105130,35,89800,8.8,2050,50,11,55.6,18165.36,Mumbai,Marketplace
106005,49,77500,7,1900,48,14,48.7,13225.4,Mumbai,Mobile App
106511,29,154500,14.7,5010,26,15,24.2,73767.24,Chennai,Marketplace
102797,41,51600,2.8,650,48,6,70.3,1829.09,Hyderabad,Website
102702,38,49300,3.7,720,150,5,62.9,2683.46,Chennai,Marketplace
101399,39,62800,3.8,530,137,5,59.4,2006.31,Bengaluru,Mobile App
102520,42,46100,4.2,760,168,5,62,3164.45,Pune,Website
103359,32,95100,6.7,1560,41,13,42.2,10439.44,Bengaluru,Website
105688,44,97000,8.1,1520,75,11,64.1,12306.68,Chennai,Marketplace
100184,28,36700,3.7,1000,154,5,72.4,3752.18,Pune,Website
107330,44,155600,17.5,4180,21,24,22.8,72940.16,Bengaluru,Mobile App
100367,39,48000,3.2,590,100,5,62,1877.35,Bengaluru,Mobile App
108814,46,143100,20.5,4730,25,28,2,97098.98,Pune,Mobile App
104303,37,88200,11.7,1370,43,14,37.2,16012.12,Delhi,Website
106040,29,114000,10.7,1280,70,12,46.5,13673.77,Bengaluru,Website
106149,45,63800,7.8,1650,63,16,50.8,12810.3,Mumbai,Website
102418,37,52400,3.5,990,78,6,72.8,3499.87,Chennai,Mobile App
104093,21,100800,8.5,1750,25,19,43.2,14870.69,Hyderabad,Marketplace
100472,38,58700,3.6,1060,128,6,72.6,3784.02,Chennai,Website
100968,30,47400,3.2,690,68,6,73.6,2185.93,Pune,Marketplace
106583,44,175800,15.1,5050,10,21,17.9,76094.79,Pune,Mobile App
106498,36,80800,10.6,1410,47,11,59.3,14867.05,Mumbai,Mobile App
102657,39,58100,3.6,1010,89,5,62.8,3604.9,Mumbai,Website
106821,25,137800,9.7,2840,21,25,13.5,27720.44,Pune,Mobile App
100210,38,53400,3,830,126,6,74.2,2508.31,Pune,Marketplace
101962,40,62900,3.9,720,111,7,71.1,2801.02,Mumbai,Website
100897,39,48400,5.5,800,86,6,69.6,4362.89,Delhi,Mobile App
107467,43,180200,19.3,4500,17,25,16.4,87124.65,Mumbai,Marketplace
103858,26,60400,9.8,1170,28,11,46.7,11482.37,Pune,Marketplace
106023,34,78100,7,1910,57,12,36.2,13301.7,Delhi,Website
101774,29,49000,3.8,780,98,9,72.2,2936.13,Mumbai,Mobile App
105174,46,85600,10.6,2400,55,11,44.9,25422.21,Bengaluru,Mobile App
102300,38,49000,2.2,920,116,6,58.1,2051.76,Hyderabad,Marketplace
101210,37,30400,4.4,780,73,6,65.5,3486.86,Hyderabad,Marketplace
105272,23,45000,7.5,1170,42,13,40.3,8781.38,Chennai,Marketplace
105610,38,85400,8.9,1900,43,10,37.8,16885.65,Delhi,Website
100063,48,37100,3.6,700,77,5,61.3,2551.29,Bengaluru,Mobile App
101271,40,46800,3.6,750,98,5,68.8,2681.62,Hyderabad,Website
101252,40,54800,2.9,740,130,7,79.4,2172.59,Chennai,Marketplace
103177,35,57900,8.4,2270,41,12,45.1,19185.79,Bengaluru,Mobile App
104804,37,76300,11.4,1530,37,14,39.4,17465.72,Hyderabad,Marketplace
106275,24,110600,7.4,2390,23,11,36,17652,Mumbai,Website
107472,,153800,16.2,4140,29,24,17.1,67011.87,Bengaluru,Website
104013,51,72800,6.6,2160,41,14,44,14334.06,Mumbai,Marketplace
101293,27,57100,4.8,920,63,5,68.4,4424.96,Chennai,Marketplace
105936,21,73200,10,2190,43,13,55,21817.77,Chennai,Marketplace
105293,30,78400,11,1870,45,14,53.3,20431.06,Delhi,Mobile App
103371,29,110500,6.7,2100,49,12,46.1,14096.82,Pune,Mobile App
105571,42,82400,8.2,2230,67,12,53.3,18274.29,Pune,Marketplace
103290,,62500,5.8,1540,27,11,49.4,8923.93,Mumbai,Marketplace
106475,38,90800,11.2,1930,41,12,45.5,21663.72,Bengaluru,Marketplace
103652,32,74600,9.9,1440,51,12,37.8,14267.99,Hyderabad,Marketplace
103316,33,97700,6.2,1860,33,11,50.9,11577.65,Delhi,Marketplace
104105,37,75700,10.4,1480,45,11,40.2,15409.71,Bengaluru,Marketplace
100293,34,47100,3.2,680,134,6,66.4,2181.18,Delhi,Mobile App
106157,51,71500,12.4,1550,48,14,27.9,19296.06,Pune,Mobile App
105618,41,69300,10.7,1800,62,15,42.5,19200.44,Chennai,Marketplace
101052,38,47800,3.9,740,136,5,73.1,2918.31,Delhi,Mobile App
102232,34,50300,4.6,500,162,9,71.5,2306.55,Pune,Website
105655,21,102800,10.8,1600,36,13,35.1,17250.47,Hyderabad,Mobile App
104657,29,75500,7.4,2030,59,13,39.6,15093.41,Delhi,Marketplace
100273,45,53500,2.9,960,93,5,70.5,2733.53,Mumbai,Mobile App
102043,34,46100,3.6,750,141,6,57.9,2676.03,Delhi,Marketplace
105212,52,73700,7.1,2030,53,17,36.2,14467.47,Pune,Website
103957,34,114400,9.2,1810,48,14,44.7,16643.07,Bengaluru,Mobile App
104210,41,82000,7.5,2070,51,12,46.5,15444.15,Delhi,Mobile App
100104,29,49800,3.2,650,198,5,64.6,2089.81,Chennai,Mobile App
101087,28,41400,2.5,990,144,7,68.3,2500.28,Delhi,Mobile App
104711,32,106400,11.8,1870,47,13,44,21966.41,Pune,Website
107858,29,122400,18.7,3420,19,32,21.1,63863.11,Bengaluru,Marketplace
105145,32,78000,10.9,1500,62,12,45.8,16401.05,Delhi,Marketplace
104583,21,77000,7.8,2330,56,8,35,18142.22,Pune,Website
102904,38,52400,3.8,860,90,5,74.1,3224.92,Bengaluru,Marketplace
108889,43,127300,16.8,4850,13,22,18.2,81536.79,Bengaluru,Website
107063,43,152600,20.8,4470,19,22,28.7,92873.35,Mumbai,Mobile App
104086,36,102000,10.7,1690,59,15,52.6,18086.42,Delhi,Website
108715,41,175400,20.4,4340,15,28,27.2,88755.57,Bengaluru,Website
106264,41,84400,8.8,1930,51,13,40.1,17041.85,Hyderabad,Website
106644,38,174700,13.3,5110,15,24,16.8,67977.41,Mumbai,Marketplace
108965,44,139000,17.1,4400,23,22,11,75447.58,Bengaluru,Marketplace
104473,37,86400,8.3,1660,34,10,27.6,13851.68,Chennai,Website
108887,39,188600,19.3,3910,17,32,26.9,75455.1,Mumbai,Marketplace
105007,27,93600,7.1,1720,61,10,41,12246.55,Pune,Mobile App
100614,27,45300,3.4,800,48,6,61.9,2709.6,Pune,Marketplace
104451,39,102700,6.5,1580,66,14,39.3,10264.29,Bengaluru,Website
106769,42,113600,18.4,3770,14,26,11.5,69449.69,Pune,Website
106063,31,76300,7.8,1880,47,12,35.9,14625.47,Chennai,Marketplace
105493,30,88400,7.8,1400,40,11,44.8,10891.58,Delhi,Website
103479,31,77600,7.8,2160,50,11,41.1,16804.41,Delhi,Mobile App
105762,31,88700,10.1,1730,62,14,45.7,17480.19,Bengaluru,Marketplace
101749,29,31300,3.1,860,128,6,66.6,2621.07,Mumbai,Marketplace
100733,39,47800,2.7,850,131,7,70.5,2281.86,Delhi,Website
107536,41,81800,19,4350,18,24,20.4,82428.28,Mumbai,Mobile App
107909,48,122800,18.1,4180,14,20,26.6,75730.08,Mumbai,Website
103911,42,74700,8.8,1710,35,11,47.9,15076.48,Mumbai,Mobile App
106158,31,79600,10.7,1620,45,15,53.4,17365.79,Hyderabad,Marketplace
102911,36,45100,4,700,138,8,80.7,2760.14,Mumbai,Website
108255,37,175100,16.7,5130,18,22,19.3,85810.08,Chennai,Mobile App
102663,41,44300,3.6,790,158,6,71.6,2834.71,Mumbai,Marketplace
105420,41,69600,10,1800,51,13,46.3,18019.33,Chennai,Marketplace
107882,31,170500,24.5,4110,12,32,23.7,100647.46,Mumbai,Website
104014,30,91000,7.2,1680,46,14,46.6,12177.73,Bengaluru,Marketplace
103114,31,77600,9.5,1820,33,13,52.7,17354.59,Delhi,Mobile App
103304,33,97100,11.1,2190,65,16,44.3,24347.5,Bengaluru,Mobile App
102155,41,63800,3.9,590,102,4,76.4,2311.14,Hyderabad,Website
101345,39,55900,3.5,660,86,5,61.4,2294.65,Bengaluru,Website
108875,47,153300,19.5,5300,19,31,28.9,103214.74,Mumbai,Marketplace
103262,40,90400,7.2,2050,71,14,47,14729.63,Hyderabad,Mobile App
108573,32,161400,18.8,4020,26,28,25.7,75780.26,Hyderabad,Mobile App
104032,48,79500,7.1,1810,80,14,41.1,12819.39,Mumbai,Website
105260,37,78300,10.6,1810,69,13,33.4,19304.61,Delhi,Mobile App
100953,,41100,3.3,750,120,6,71.3,2516.99,Pune,Mobile App
106940,29,167200,16.7,4160,28,25,33.1,69387.59,Pune,Marketplace
103022,32,67400,8.2,1620,35,16,38.1,13269.81,Pune,Mobile App
103309,37,79300,9.1,1950,66,12,40.1,17638.84,Chennai,Website
101505,30,49300,2.8,710,147,6,78.2,1968.19,Mumbai,Marketplace
104519,43,81900,8.5,2410,72,16,59.4,20436.69,Mumbai,Website
101807,34,61900,2.7,830,154,5,78.3,2260,Hyderabad,Website
105051,40,68100,9.5,1770,73,15,43.9,16761.83,Hyderabad,Marketplace
107563,40,130000,15.5,3610,7,28,30.7,56008.14,Chennai,Website
103792,39,77300,8.9,1610,57,15,35.8,14267.41,Delhi,Marketplace
101122,37,44600,2.6,790,125,6,80.6,2063.57,Chennai,Marketplace
105558,22,82000,10.9,1470,43,11,39.9,15982.71,Bengaluru,Website
108594,49,150100,12,4350,25,23,16.1,52142.28,Mumbai,Website
106222,30,,9.7,1790,76,14,46.6,17428.38,Mumbai,Mobile App
104783,31,62200,10,1690,63,13,51.7,16841.56,Chennai,Marketplace
106833,48,103400,17.8,4590,13,30,40.2,81625.35,Chennai,Marketplace
107011,45,163500,17.7,4340,14,28,7.6,76826.86,Bengaluru,Marketplace
105931,37,69900,11.1,2130,84,15,37.2,23545.13,Hyderabad,Mobile App
106413,36,82900,9.4,2510,26,13,54.2,23645.72,Bengaluru,Website
101849,26,54000,2.9,520,100,6,69.1,1489.95,Chennai,Marketplace
100417,38,56200,3.1,820,115,7,75.8,2532.08,Pune,Website
102974,26,41400,5,890,89,6,67.7,4418.88,Pune,Website
105826,33,76800,10.5,2010,48,15,47.9,21086.7,Delhi,Mobile App
102432,42,43900,3.5,680,96,6,91,2349.33,Bengaluru,Website
102519,41,55700,3.6,860,104,5,81.7,3072.25,Bengaluru,Marketplace
100565,31,48300,3.7,890,128,7,69.4,3321.68,Bengaluru,Website
102527,39,44700,3.4,760,167,5,79.4,2582.22,Hyderabad,Website
105848,37,95400,10.7,2040,64,15,60.5,21785.11,Hyderabad,Mobile App
104526,34,93100,6.8,1450,50,18,42.5,9935.96,Hyderabad,Mobile App
103252,27,71200,7.8,1970,45,11,33.2,15331.16,Mumbai,Mobile App
101225,49,50500,2.7,760,162,6,69.8,2069.53,Chennai,Mobile App
100143,36,56700,4.6,670,107,4,77.4,3126.48,Delhi,Marketplace
104881,29,103300,7.6,1650,59,12,56.4,12574.7,Pune,Marketplace
101491,45,53600,2.8,790,145,6,62.4,2178.99,Pune,Mobile App
107647,34,170900,17.5,4250,22,22,9,74271.27,Bengaluru,Marketplace
104101,31,73800,10,1780,53,9,32.4,17735.81,Bengaluru,Mobile App
101591,35,59700,4.2,780,109,5,68.5,3283,Hyderabad,Marketplace
106438,34,94200,9.8,1460,51,16,48.2,14333.83,Pune,Website
104814,41,93900,8.7,2170,55,17,45.5,18896.44,Delhi,Marketplace
102654,41,54100,4.2,840,95,5,71.7,3558.77,Pune,Mobile App
102005,25,50600,3.6,940,165,5,72.8,3415.82,Chennai,Mobile App
101195,39,56500,3.5,800,135,7,61.8,2781.57,Delhi,Marketplace
106526,38,157300,15.4,4400,21,25,18.3,67904.67,Delhi,Marketplace
103410,39,81400,8.2,2560,38,11,47.6,21047.33,Chennai,Mobile App
101118,43,49800,3.5,810,155,8,64.5,2835.64,Mumbai,Marketplace
105906,30,86500,7,2030,51,14,39.6,14173.13,Bengaluru,Marketplace
101757,28,57700,2.9,610,133,6,56.2,1780.01,Chennai,Marketplace
100498,27,39800,3.7,1040,85,7,75,3828.58,Mumbai,Mobile App
107466,44,147200,12.7,3390,24,32,2.3,43250.6,Delhi,Mobile App
100013,44,52300,4.1,720,111,4,68.2,2934.35,Mumbai,Marketplace
100871,37,40600,3.6,850,107,6,76.8,3092.67,Hyderabad,Website
103358,35,98100,11,1910,35,17,25.6,21092.7,Pune,Mobile App
100913,46,54400,3.1,930,119,4,64.6,2879.88,Delhi,Mobile App
103583,28,90700,7.6,1350,46,14,36.5,10309.87,Pune,Marketplace
100722,33,47400,3.6,590,177,6,75.6,2149.24,Bengaluru,Website
108818,45,128800,14,4170,17,22,18.6,58334.65,Pune,Marketplace
108978,40,151000,19.3,4340,18,26,28.7,83685.9,Mumbai,Marketplace
107173,,142800,20.6,3710,18,35,18.6,76579.36,Pune,Marketplace
108658,46,152700,12.4,4850,20,29,20.4,60085.04,Mumbai,Marketplace
105365,36,84500,7.9,1640,50,9,49,12910.48,Delhi,Website
101497,35,53600,3.5,960,80,7,68.1,3356.39,Hyderabad,Mobile App
107269,35,138400,18.6,3790,20,15,10,70336.52,Mumbai,Website
101521,37,51900,4.7,690,121,7,72,3204.98,Chennai,Mobile App
106220,33,90900,9,1420,32,10,47.1,12827.04,Chennai,Marketplace
106300,41,58900,7.9,1140,37,14,51,9056.32,Hyderabad,Website
102747,35,53100,2.6,670,110,4,75.7,1751.73,Bengaluru,Marketplace
104595,27,82400,9.6,1610,44,18,47.5,15367.67,Hyderabad,Mobile App
104672,33,81100,6.1,1530,37,9,48,9364.8,Bengaluru,Website
100315,28,56800,4.1,770,158,6,76.2,3172.99,Pune,Marketplace
106916,41,126300,16.9,4170,20,20,11.3,70703.96,Bengaluru,Website
108419,38,132800,20.2,4130,23,30,27.7,83428.09,Bengaluru,Mobile App
107607,41,176800,20,4050,24,22,16.5,80800.63,Bengaluru,Mobile App
103351,40,72100,11.3,2200,33,12,51.7,24884.69,Chennai,Mobile App
100109,46,50900,2.4,820,120,6,77.6,1991.41,Delhi,Mobile App
101755,33,53900,3.9,690,118,6,70.6,2696.31,Hyderabad,Website
106920,47,111900,10.1,3600,18,19,8.7,36372.65,Hyderabad,Marketplace
101352,36,34400,2.9,690,142,5,71.6,1979.35,Bengaluru,Mobile App
103130,37,63500,10.1,1620,47,15,59,16361.8,Delhi,Marketplace
107250,45,140600,19.8,4420,14,23,23.9,87703.66,Chennai,Marketplace
105557,28,89800,9.6,1640,60,13,33.4,15731.37,Chennai,Website
105457,31,83800,8.4,1380,39,16,42.4,11672.95,Hyderabad,Marketplace
103969,31,70000,10,1560,49,12,51.5,15712.29,Delhi,Mobile App
100481,48,31300,2,880,159,5,86.8,1761.44,Mumbai,Marketplace
108478,36,135400,12.5,3980,18,18,23.4,49645.05,Mumbai,Marketplace
101974,42,49800,3.5,830,133,7,60.1,2921.51,Mumbai,Mobile App
100337,40,56800,2.7,870,139,5,74.7,2371.35,Hyderabad,Mobile App
102765,51,37900,3.3,810,150,7,71.2,2688.45,Pune,Marketplace
106196,38,85000,8.6,2020,37,13,30.4,17312.33,Pune,Mobile App
106946,39,112700,15.4,5080,12,22,22.7,77988.43,Pune,Marketplace
108864,44,139200,22.2,3370,22,18,13.6,74759.42,Chennai,Mobile App
102986,35,52300,3.4,640,108,8,67.1,2161.78,Hyderabad,Mobile App
104576,36,93300,10.2,1870,63,15,51.2,19121.73,Bengaluru,Marketplace
107702,39,138900,19.9,4390,24,24,28.5,87424.57,Mumbai,Mobile App
100525,,49200,2.8,630,178,6,77.5,1772.2,Mumbai,Marketplace
104297,38,77200,7.7,2050,46,14,50.4,15740.12,Delhi,Website
103478,37,63200,9.2,2340,64,16,43.9,21495.19,Hyderabad,Website
106877,28,105600,14.4,4240,16,18,20.4,61211.19,Pune,Marketplace
103559,32,,11.4,2030,59,14,46,23214.51,Chennai,Website
106050,35,85100,9.9,2210,63,15,55.7,21768.48,Pune,Mobile App
102810,39,42400,3.2,860,60,7,89,2771.23,Mumbai,Website
100725,42,57900,4.2,700,93,5,82.8,2910.75,Pune,Mobile App
100766,47,59800,3.2,900,141,7,66.8,2899.9,Mumbai,Website
108547,30,165000,17.6,3840,23,28,24,67604.34,Chennai,Mobile App
104902,28,77700,9.3,1680,37,10,31.2,15578.42,Delhi,Mobile App
105530,34,70100,9.6,1980,38,13,44.3,18980.09,Hyderabad,Website
106760,47,150600,13.2,4690,15,18,18.5,62059.94,Hyderabad,Marketplace
100308,41,54700,4.7,870,91,7,78.5,4117.9,Hyderabad,Marketplace
103774,38,80200,9.8,1590,32,15,55.1,15639.27,Bengaluru,Marketplace
103909,33,74400,10.5,1650,15,12,42.7,17211.46,Chennai,Website
101279,32,53400,3.5,640,103,6,72,2272.96,Pune,Marketplace
100349,45,48700,3.6,690,150,6,70.6,2490.28,Chennai,Website
104809,37,95500,9,1610,84,11,47.5,14458.58,Bengaluru,Marketplace
107670,37,170400,13.7,3950,24,23,17.1,54107.25,Pune,Website
104505,40,80000,6.8,2160,56,11,47,14748.73,Delhi,Marketplace
106848,34,155100,13.8,2950,16,17,19.5,40795.11,Pune,Marketplace
108576,38,102200,18.1,4380,19,24,14.3,79152.57,Mumbai,Mobile App
101792,37,43700,3.6,800,83,6,57.4,2889.13,Hyderabad,Website
105121,23,85700,9.8,1650,49,10,51.3,16176.37,Chennai,Website
105326,30,93000,8.5,1330,68,19,42.3,11215.74,Hyderabad,Marketplace
103683,30,100700,7.4,1650,36,15,44.6,12225.89,Pune,Marketplace
106609,40,129500,20.6,4610,15,25,23.1,95156.12,Pune,Marketplace
107086,44,108200,13.3,3310,19,31,6.1,44147.36,Delhi,Website
102054,37,45600,4,770,165,6,61.3,3108.95,Bengaluru,Mobile App
102233,36,52000,3.2,710,129,7,73.6,2294.76,Chennai,Website
108570,49,157000,15.8,4670,22,27,14.4,73569.99,Delhi,Marketplace
100072,35,48500,3.7,750,105,6,73.2,2774.42,Bengaluru,Website
104465,42,92100,8.8,1450,58,17,45.9,12811.84,Chennai,Website
102760,34,50800,3.7,750,148,6,68.4,2755.18,Mumbai,Website
105022,38,75200,5.9,2110,31,17,48.4,12525.03,Bengaluru,Website
108991,42,133700,17.8,3860,17,29,31.1,68663.4,Mumbai,Mobile App
105564,30,73100,10.6,1940,35,11,45,20626.2,Chennai,Mobile App
105682,30,,9.8,1800,33,12,31.6,17658.55,Hyderabad,Mobile App
105083,33,54700,8.8,1740,42,15,41.4,15289.89,Hyderabad,Mobile App
106581,42,169200,13,3860,17,33,6.2,50117.1,Hyderabad,Website
102806,37,42800,3.6,710,88,6,72.4,2530.23,Hyderabad,Website
101261,34,33500,3.7,880,102,5,88.1,3259.05,Pune,Mobile App
101667,40,41100,3.1,990,191,4,78.3,3053.27,Mumbai,Mobile App
105040,30,103800,8.3,1770,37,12,46.6,14807.83,Hyderabad,Marketplace
104263,37,82700,6.9,2250,47,5,46.6,15585.84,Pune,Marketplace
108740,40,164700,18.1,3410,26,25,17.4,61666.08,Delhi,Marketplace
105235,30,79200,11.8,2070,59,14,50.9,24342.59,Pune,Website
104348,29,117900,8.7,1540,47,15,59.6,13317.97,Bengaluru,Website
102168,54,37400,4.9,710,165,5,66,3425.45,Bengaluru,Marketplace
101446,43,57900,4,910,94,6,69.3,3601.66,Pune,Marketplace
104230,32,79300,9.4,2180,39,13,41,20558.74,Chennai,Marketplace
102534,35,46100,3.2,900,118,7,74,2882.92,Hyderabad,Website
105840,37,85100,11.9,2360,55,13,47.3,28150.67,Bengaluru,Website
101696,43,54300,2.4,960,113,5,77.8,2264.11,Chennai,Mobile App
102893,41,43000,2.5,750,100,5,61.7,1906.23,Delhi,Website
105859,46,68900,8.2,1670,65,13,47.4,13714.17,Delhi,Marketplace
101096,46,38300,2.7,870,142,4,56.1,2351.66,Bengaluru,Website
107414,43,158300,14.2,4320,14,23,31.1,61295.02,Bengaluru,Mobile App
107530,41,86300,19.3,3050,7,28,21,58692.58,Delhi,Website
103204,24,92200,9,1550,50,11,43.7,13884.46,Hyderabad,Mobile App
104815,33,90400,7.7,1590,42,9,35.3,12201.69,Bengaluru,Mobile App
101631,34,54900,3.4,800,153,6,70.1,2741.83,Mumbai,Marketplace
108464,42,137900,18.5,5850,16,27,15.3,108009.92,Bengaluru,Website
101882,32,40500,3.7,710,125,5,64.3,2627.67,Bengaluru,Mobile App
105297,34,78600,9.5,1690,38,15,39.9,16140.36,Chennai,Website
108645,38,135900,11.3,4430,21,27,12.1,49831.48,Mumbai,Website
101613,38,56400,3.5,970,94,8,64.3,3375.89,Hyderabad,Marketplace
100979,26,54700,3.3,820,152,5,61.9,2735.91,Mumbai,Marketplace
101414,44,48300,4.6,610,107,6,72.9,2785.99,Pune,Marketplace
107016,40,137300,14.8,4040,20,24,20.6,59649.36,Pune,Website
107233,36,163600,9.1,4420,12,29,11.4,40411.08,Chennai,Website
100849,37,36500,4.5,960,141,6,74.6,4317.26,Hyderabad,Marketplace
107768,30,147400,18.6,4450,14,29,28.7,82913.93,Chennai,Website
105013,31,86000,9.9,1470,69,13,48,14614.12,Hyderabad,Website
104899,27,88900,10.4,1950,58,14,36.9,20180.07,Bengaluru,Mobile App
102878,28,44200,3.5,700,162,9,67.1,2473.25,Bengaluru,Mobile App
102272,35,52400,3.6,750,109,5,67.3,2729.62,Chennai,Mobile App
102393,,62400,3.1,910,123,4,82.2,2848.21,Mumbai,Website
107933,34,171500,20.5,4120,15,24,19.9,84493.72,Hyderabad,Mobile App
103780,31,83600,10.3,1840,49,13,38.2,18883.07,Delhi,Mobile App
101831,51,53300,3.6,940,94,5,78.3,3412.59,Mumbai,Mobile App
107552,33,156100,11.6,4320,19,21,19.9,50213.59,Chennai,Website
106611,33,162700,13.4,3540,16,22,13.5,47387.83,Hyderabad,Website
104476,40,91300,11.2,1660,52,10,42.1,18610.98,Hyderabad,Mobile App
100048,34,57900,4,660,99,5,81.5,2674.91,Bengaluru,Website
105171,27,87300,7.6,2370,50,8,49.4,18085.58,Pune,Marketplace
105359,47,77900,12.1,1380,50,10,42,16693.72,Mumbai,Marketplace
101351,47,44300,3.9,970,128,7,74.9,3744.09,Bengaluru,Mobile App
108694,40,156500,18.5,3780,19,23,23.2,69802.36,Pune,Marketplace
101235,43,54900,2,880,124,5,73.4,1800.91,Delhi,Mobile App
104835,29,105000,9.1,1780,53,13,43.2,16188.26,Mumbai,Mobile App
105008,41,74500,9.2,2270,34,16,54.3,20985.58,Pune,Marketplace
103916,23,94400,10.2,1970,53,15,38.6,20130.65,Bengaluru,Website
100447,44,64500,2.6,560,124,6,68.2,1448.97,Pune,Marketplace
102249,35,48800,3.1,720,127,7,68.6,2192.99,Pune,Website
101744,28,32800,3.9,930,148,7,72.5,3639.38,Hyderabad,Mobile App
100845,36,50700,3.5,1090,114,6,63.4,3881.77,Pune,Mobile App
105532,40,87500,8.5,2210,52,13,51,18829.22,Mumbai,Mobile App
102441,35,49300,2.3,1000,87,6,72.6,2279.04,Hyderabad,Mobile App
103104,41,95400,9.6,1940,40,14,39.8,18536.82,Mumbai,Mobile App
108354,48,141100,20.3,4800,16,22,25.4,97543.18,Delhi,Website
105082,37,81900,9.3,1200,49,15,31.6,11140.29,Delhi,Marketplace
101295,42,43000,3.6,800,62,6,57.6,2894.59,Chennai,Mobile App
104111,36,69300,10.5,1630,39,13,52.9,17023.49,Pune,Website
103443,30,68800,9.3,1970,27,13,42.3,18438.04,Chennai,Mobile App
108538,35,140000,15,3770,13,32,26.2,56345.08,Hyderabad,Marketplace
107941,41,122300,18.7,4630,19,24,14.5,86481.65,Bengaluru,Website
105969,33,96600,8.6,1370,24,13,39.7,11768.35,Chennai,Mobile App
100777,28,61400,3.5,740,33,7,76.3,2600.4,Hyderabad,Marketplace
108771,52,137500,20.6,4510,15,26,21.5,92871.88,Mumbai,Website
102154,33,50600,4.4,840,136,6,77.4,3663.05,Delhi,Website
104442,29,71900,9,2040,45,16,48.2,18328.64,Bengaluru,Marketplace
108567,39,147200,20.6,4710,23,22,30.3,96942.66,Delhi,Website
104481,32,99900,11.1,1660,56,11,47.3,18383.05,Pune,Mobile App
106088,29,100400,9,2050,48,11,40.4,18340.27,Pune,Marketplace
107022,31,160700,17.6,3920,12,23,19.7,68887.96,Pune,Mobile App
103184,34,89000,9.1,1410,58,11,42.2,12894.57,Chennai,Marketplace
105499,32,71500,10.7,1660,46,13,46.3,17782.97,Mumbai,Mobile App
103200,43,80700,8.2,1430,39,11,29.8,11782.61,Hyderabad,Website
105690,33,70700,8.2,1760,44,13,47.1,14550.36,Pune,Website
101290,39,41300,3,780,118,5,56.3,2341.6,Hyderabad,Mobile App
106323,32,58500,11.3,1350,53,8,53.1,15174.39,Mumbai,Marketplace
107928,43,120500,18,5790,21,31,27.6,104257.07,Bengaluru,Mobile App
108187,54,144900,13.4,3780,15,23,17.2,50724.09,Chennai,Marketplace
105486,43,102600,9.2,1470,56,10,48.4,13469.76,Chennai,Website
108654,41,137500,16.7,5120,16,24,28.6,85637.92,Pune,Website
106652,45,146100,19.9,3610,15,25,9.2,72054.36,Delhi,Mobile App
103967,30,73500,10.3,1930,58,15,32.1,19881.7,Hyderabad,Website
101880,36,33000,3.9,1040,114,6,74.9,4027.43,Bengaluru,Marketplace
108106,30,126100,19.2,3640,18,22,15.4,69746.46,Bengaluru,Marketplace
107230,41,123000,16.6,3320,18,28,14.2,55031.16,Mumbai,Mobile App
107639,37,146900,16.7,4450,19,26,15.1,74175.42,Bengaluru,Marketplace
105959,42,78300,8.9,2040,66,13,48.1,18108.07,Pune,Mobile App
106823,30,183300,21.3,5120,26,28,14.5,109110.33,Hyderabad,Marketplace
106365,38,93300,8.7,1640,29,14,37.5,14190.89,Chennai,Marketplace
106665,37,146800,15.9,4450,26,21,26.3,70797.75,Hyderabad,Mobile App
101037,43,47000,2.4,920,132,5,65.3,2230.95,Mumbai,Mobile App
100637,39,36300,3.1,730,124,9,69.8,2299.15,Bengaluru,Website
104467,43,103300,11.1,1970,37,15,36.1,21894.55,Pune,Website
104135,36,,10.4,1400,42,13,36.4,14463.3,Pune,Mobile App
105075,33,81400,7.6,1680,35,14,42.5,12763.12,Chennai,Mobile App
101084,28,53300,2.6,580,131,5,78.7,1520.11,Pune,Website
100862,38,51800,3.5,870,76,7,40.4,3048.23,Mumbai,Mobile App
100904,48,51900,3.4,890,112,7,68.6,3026.52,Bengaluru,Marketplace
100192,43,65100,4.5,1000,90,6,78.5,4511.83,Mumbai,Website
100110,37,55500,2.1,690,115,4,69.4,1433.74,Delhi,Mobile App
101943,37,38700,3.5,850,65,7,64.3,2940.3,Pune,Website
108963,35,126800,15.6,4910,24,20,16.6,76899.61,Chennai,Marketplace
107235,46,152000,18.2,5290,21,23,21.5,96304.99,Bengaluru,Marketplace
107019,44,175700,16.4,4780,26,21,2,78272.19,Delhi,Mobile App
105929,40,77300,9.8,1510,37,9,53.6,14786.09,Delhi,Mobile App
105550,35,98600,9,1820,76,14,35.5,16421.61,Pune,Mobile App
102776,43,43700,4.4,790,104,7,79.7,3515.48,Mumbai,Mobile App
107439,43,181200,18.2,4680,24,25,25.7,85307.95,Mumbai,Marketplace
102324,32,56900,3.2,970,121,7,62.3,3139.77,Chennai,Marketplace
107349,43,158000,16.3,3670,12,26,8.9,59810.35,Mumbai,Marketplace
102618,41,40200,3.9,860,96,6,61.5,3336.04,Bengaluru,Marketplace
106801,43,133800,18.7,4030,11,28,20.5,75472.31,Bengaluru,Website
101095,38,,3.2,700,154,5,70.4,2246.68,Mumbai,Marketplace
106534,40,131600,18.7,4050,17,30,23,75599.9,Chennai,Website
104529,36,96900,8,1760,58,9,32.7,14050.21,Hyderabad,Marketplace
103136,23,119700,8.4,1650,58,13,44.1,13920.25,Bengaluru,Mobile App
104607,24,107900,6.9,1660,49,15,55.7,11370.53,Hyderabad,Website
103806,38,89900,10.4,1600,37,11,65.8,16686.83,Mumbai,Website
108217,45,133600,17.2,4740,13,25,16.8,81565.73,Mumbai,Website
102655,51,31900,3.1,670,124,4,53.6,2090.63,Chennai,Marketplace
108971,51,173600,17,4360,17,32,15.6,73961.84,Delhi,Website
105012,36,113100,7.7,1600,49,10,46,12322.57,Delhi,Mobile App
106420,23,102700,9.2,2060,44,9,49,18860.15,Delhi,Marketplace
105461,37,98000,9.5,1920,27,12,44.1,18296.64,Mumbai,Mobile App
108297,33,114200,19.8,4090,14,23,16.8,81087.65,Chennai,Marketplace
105680,36,62100,11.3,1510,49,12,41.6,17074.77,Hyderabad,Marketplace
108745,31,167700,17.1,4850,16,30,11.8,82850.74,Pune,Marketplace
102203,47,44700,3.9,770,166,6,65.7,3024.35,Chennai,Mobile App
104950,34,93700,8.9,1880,39,15,48.2,16838.34,Delhi,Website
107599,32,117400,14.7,4810,13,26,12.4,70682.01,Chennai,Mobile App
108272,49,171400,18.8,4480,14,20,17.4,84204.73,Mumbai,Website
100976,42,,4.2,730,64,5,76.9,3073.43,Delhi,Marketplace
104717,31,76400,12.3,2170,49,14,47.7,26730.32,Mumbai,Marketplace
100942,25,55300,3.1,740,117,7,60.8,2307.73,Bengaluru,Mobile App
102388,31,59700,3.8,910,98,6,68.5,3505.04,Bengaluru,Marketplace
103222,36,87100,9.8,1910,26,12,49.5,18672.27,Mumbai,Website
103883,36,78700,6.4,2520,49,14,33.4,16165,Delhi,Mobile App
108519,45,140300,17.5,3640,11,28,12.2,63495.58,Mumbai,Marketplace
105367,41,94100,9.6,1780,46,16,49.9,17205.73,Delhi,Website
104790,33,63600,7.1,2220,45,17,46.3,15680.75,Chennai,Marketplace
102790,,48300,3.5,480,137,5,63.3,1700.56,Hyderabad,Mobile App
100945,41,56900,3.1,820,142,7,74.8,2550.34,Mumbai,Marketplace
107837,41,180700,19.1,3860,20,22,16.3,73743.32,Bengaluru,Website
108168,41,121200,22.1,4250,17,16,17.6,93787.3,Bengaluru,Website
107468,41,150900,15.4,4170,16,26,21.4,64225.21,Mumbai,Marketplace
104109,31,98300,9.4,1890,37,15,30.5,17810.32,Hyderabad,Mobile App
107179,35,142600,18.7,4210,16,27,12.5,78791.47,Pune,Website
103256,26,89100,9.9,1830,36,13,57.8,18123.76,Bengaluru,Website
102691,42,54000,3.3,780,94,7,68.2,2569.26,Chennai,Mobile App
105503,32,55800,7.3,1590,74,13,43.6,11603.01,Chennai,Marketplace
101320,46,40100,4.3,560,107,6,73.7,2403.97,Bengaluru,Mobile App
108922,37,159100,14.5,4530,14,22,18.8,65752.62,Pune,Marketplace
105115,34,71100,6.7,2130,41,14,42.6,14353.39,Bengaluru,Marketplace
105501,33,92800,7.3,1710,58,13,46.3,12565.35,Chennai,Marketplace
104824,44,68300,10,1310,50,12,34.5,13113.68,Mumbai,Marketplace
103476,38,81900,8,1570,54,14,50.3,12581.44,Chennai,Mobile App
103506,21,94300,12.6,1640,48,14,45.9,20719.61,Delhi,Website
102478,41,48400,3.5,680,86,3,84,2383.09,Delhi,Marketplace
104447,37,62000,6.3,1950,43,12,58.9,12267.35,Delhi,Marketplace
105358,37,104600,7.2,1730,61,13,34.5,12487.06,Chennai,Website
105940,29,93600,10.3,2130,51,11,47.8,21983.25,Pune,Mobile App
104326,34,73800,8.9,1630,59,8,54.1,14460.68,Pune,Mobile App
108905,39,143700,18.3,4260,29,29,19.9,77912.44,Hyderabad,Website
101875,40,56800,2.7,690,127,7,71.8,1871.49,Hyderabad,Marketplace
108189,31,118800,21.7,4230,22,27,12.7,92038.68,Bengaluru,Marketplace
107969,40,97300,18.2,3370,19,25,18,61447.47,Chennai,Mobile App
102905,45,48600,3.7,730,143,5,65.4,2704.41,Bengaluru,Website
100571,32,61100,4,910,91,6,67.6,3673.13,Hyderabad,Marketplace
101449,26,52600,1.1,860,76,4,54.1,979.25,Hyderabad,Mobile App
104829,40,77900,7.7,2240,16,10,64.1,17351.62,Bengaluru,Website
108931,42,138500,17.5,3740,16,27,14.4,65499.02,Mumbai,Mobile App
105146,27,74000,9.9,1740,49,11,40.6,17329.35,Pune,Marketplace
106463,27,68100,8.7,1320,37,17,36.2,11464.44,Delhi,Mobile App
105282,36,90700,7.7,1900,71,15,47.8,14609.39,Delhi,Mobile App
103227,26,68200,8.8,1930,54,12,45.2,16979.56,Mumbai,Website
108796,53,145600,10.1,4040,10,38,18.9,40620.16,Pune,Mobile App
103979,21,86900,7.5,1630,44,11,38.5,12176.4,Bengaluru,Mobile App
106359,34,84000,11.1,1700,64,8,40.5,18948.13,Chennai,Website
103540,42,80800,11.1,1410,52,15,53.7,15727.9,Delhi,Marketplace
104603,37,108400,6.9,1850,47,16,33.2,12738.63,Delhi,Marketplace
102828,37,58700,4.9,830,115,8,66.8,4060.6,Pune,Marketplace
105460,41,78200,8.3,1570,56,14,34.6,12962.95,Mumbai,Mobile App
101339,31,66000,3.6,600,111,6,70.6,2177.33,Bengaluru,Marketplace
103263,32,101400,9.7,1560,60,12,50.7,15206.06,Bengaluru,Website
106481,36,104100,7.9,2250,58,12,34.7,17892.7,Bengaluru,Website
100651,42,47200,5,900,114,6,77.3,4503.88,Bengaluru,Mobile App
102903,33,42100,4.7,800,101,5,81,3765.64,Hyderabad,Marketplace
102259,37,70700,3.6,870,162,7,74.1,3137.78,Delhi,Website
105981,39,82300,7.8,1340,55,13,41.5,10443.44,Hyderabad,Mobile App
107627,40,126300,15.8,2850,14,21,26,45161.71,Chennai,Marketplace
108108,43,128500,14.7,4640,18,22,13.6,67973.2,Chennai,Website
104455,38,72100,7.4,2020,68,17,53,14928.32,Pune,Mobile App
107522,37,196100,17.4,4620,15,27,14.7,80647.29,Pune,Website
105724,28,92500,4.6,1450,49,13,38.5,6649.24,Bengaluru,Marketplace
102585,42,61400,3.3,880,118,6,69.1,2926.5,Bengaluru,Marketplace
103197,35,83000,9.5,1930,35,17,49,18382.05,Pune,Mobile App
106214,38,,7.8,1380,38,15,44.1,10738.66,Delhi,Marketplace
104355,43,98600,6.1,2190,29,11,54.3,13261.67,Chennai,Website
101259,47,40800,4.7,620,129,6,70.5,2890.93,Delhi,Marketplace
104271,31,67100,10.2,1890,44,16,39,19293.89,Bengaluru,Marketplace
100992,36,44100,3.5,1040,127,5,71.8,3598.58,Bengaluru,Website
103505,32,67800,10,1620,55,14,49.4,16151.77,Hyderabad,Website
100114,34,49200,3.2,880,167,6,63.7,2785.19,Pune,Website
100920,33,53200,3.8,870,139,4,86.4,3336.08,Mumbai,Marketplace
102510,40,46100,3.5,950,164,6,76.4,3290.64,Chennai,Mobile App
108489,46,128600,17.7,5000,22,28,29,88697.72,Chennai,Website
107221,43,152700,20.8,4920,13,26,29,102560.82,Mumbai,Mobile App
106622,53,110400,20.8,3720,18,24,27.1,77258.02,Hyderabad,Marketplace
100950,36,53200,4.2,680,49,5,65.5,2890.75,Bengaluru,Mobile App
104639,33,61500,9.3,1930,49,14,40.4,17995.65,Mumbai,Marketplace
103771,33,84200,10.6,1210,48,8,46.3,12893.13,Delhi,Mobile App
107336,42,130400,17.7,4100,16,23,19.1,72665.95,Mumbai,Marketplace
102851,44,61000,4.7,610,194,4,65.7,2878.9,Hyderabad,Marketplace
105248,30,87700,7.3,2420,56,16,49.9,17737.27,Delhi,Mobile App
104343,30,105500,11.6,1880,38,13,28,21895.44,Chennai,Mobile App
106010,35,88000,6.1,1630,45,11,37.8,9884.92,Pune,Mobile App
107212,35,141300,18,4750,7,27,7,85494.03,Delhi,Marketplace
102506,32,56300,3.4,550,91,6,69.2,1849.95,Chennai,Website
101115,43,54300,4.4,750,164,5,80.6,3330.19,Delhi,Website
106968,36,124100,14,4760,14,25,37.7,66510.74,Pune,Website
100299,45,41100,4.3,780,104,6,74,3337.47,Chennai,Marketplace
101676,39,35600,3.6,870,147,7,80.6,3129.36,Delhi,Marketplace
103348,23,84900,8.2,2090,49,10,43,17162.83,Bengaluru,Website
102736,42,49100,3.6,840,95,4,59.2,3023.48,Mumbai,Website
106325,37,98400,6.7,1830,54,13,46.2,12306.05,Bengaluru,Mobile App
108035,40,164700,13.8,5200,10,28,20.3,71854.48,Pune,Marketplace
104705,27,79400,11.6,1520,37,17,43.7,17584.18,Chennai,Mobile App
106803,42,130400,24.4,4670,21,26,16,114188,Bengaluru,Marketplace
104787,39,99400,5.6,1910,55,14,53.8,10653.51,Mumbai,Website
107741,50,115700,16,4010,15,27,11.5,64300.93,Delhi,Website
106348,30,90200,5.8,2000,49,14,50.5,11547.31,Hyderabad,Mobile App
102104,29,45700,3.9,700,157,5,59.3,2742.84,Pune,Marketplace
104701,34,82000,9.2,1760,53,8,49,16242.86,Delhi,Marketplace
107830,35,142400,19.9,4790,15,27,24.3,95523.73,Hyderabad,Marketplace
107968,41,171400,12.2,4000,12,25,24,48707.65,Mumbai,Website
101838,32,59500,4.1,690,150,6,79.7,2792.21,Mumbai,Marketplace
106389,33,92600,10.2,2560,46,15,45.8,26225.14,Delhi,Website
106842,40,148200,20.8,4810,20,25,24.4,99803.04,Hyderabad,Mobile App
106600,36,194700,17.8,4490,25,31,23.8,79921.4,Hyderabad,Marketplace
100608,33,43700,3.1,850,112,6,61.6,2622.17,Pune,Mobile App
101094,32,53100,4.3,760,131,6,74.2,3236,Delhi,Marketplace
104630,22,109700,10.7,1970,48,12,51.3,20993.51,Bengaluru,Mobile App
108692,43,121300,20.6,3990,15,21,27.8,82200.19,Mumbai,Mobile App
107983,42,110500,19.9,4090,18,15,27.2,81364.07,Hyderabad,Website
100161,34,54300,2.9,820,78,6,62.8,2399.28,Hyderabad,Marketplace
100204,38,66100,3,930,111,6,70.6,2756.53,Bengaluru,Marketplace
105703,41,99800,8,2120,68,11,50.1,16967.19,Mumbai,Marketplace
104770,22,93200,9.3,1800,66,15,42.6,16716.41,Delhi,Marketplace
102935,31,56200,3.2,780,113,7,67.9,2498.45,Delhi,Marketplace
106779,33,147300,18.9,5290,17,25,21.2,99992.81,Pune,Marketplace
102436,31,52100,2.3,670,145,8,48.3,1562.7,Delhi,Marketplace
101231,38,54400,3.3,850,94,6,94.3,2810.19,Pune,Mobile App
107765,48,126900,16.9,3210,5,21,8.6,54285.58,Pune,Marketplace
106963,39,144300,14.8,3930,9,23,27.8,58237.82,Mumbai,Mobile App
108714,39,150800,17.2,5490,19,19,16.9,94421.49,Hyderabad,Mobile App
104636,40,93500,10.6,1740,48,15,44.8,18481.16,Mumbai,Marketplace
106201,34,76300,8.4,1730,61,16,41.4,14498.93,Bengaluru,Website
106180,37,59600,10.3,1190,60,12,49.7,12249.39,Pune,Marketplace
104252,25,89500,10.3,1670,57,16,51.9,17194.11,Delhi,Website
107973,43,119500,19.6,4680,13,23,25.3,91798.84,Bengaluru,Website
104035,42,99100,11,1600,57,7,42.8,17640.61,Mumbai,Marketplace
106551,52,134000,16.7,3420,10,23,12.3,57080.4,Pune,Marketplace
104291,36,94100,6.9,1770,42,8,46.9,12173.9,Delhi,Marketplace
106415,37,94300,11.9,2380,43,11,45.1,28292.54,Delhi,Marketplace
103878,36,91500,11.9,1840,33,13,39.7,21832.25,Pune,Mobile App
104402,39,90100,9.3,1740,45,17,49.5,16198.04,Bengaluru,Marketplace
100858,31,50100,2.7,860,99,5,64.2,2329.16,Delhi,Website
105994,34,108800,7.5,1820,61,11,36.5,13649.47,Mumbai,Mobile App
106933,39,111200,14.5,4000,12,26,31.4,58202.69,Mumbai,Mobile App
102562,33,40700,3,700,170,6,86.6,2085.68,Mumbai,Marketplace
103802,29,82000,9.1,1330,39,15,55.4,12115.81,Bengaluru,Mobile App
102641,38,44000,4.4,770,59,6,74.6,3381.64,Delhi,Website
104535,24,89500,10.1,1710,38,11,44,17279.91,Bengaluru,Marketplace
102348,44,41500,2.6,880,78,6,69.7,2329.44,Pune,Website
106693,38,184300,15.5,4590,16,26,13.9,71303.69,Pune,Website
102782,27,46900,3.4,620,123,6,63.1,2103.23,Chennai,Website
104582,33,88100,8.7,2070,58,15,33.7,17957.76,Pune,Website
107237,50,155000,14.3,4090,24,32,17.3,58499.2,Pune,Website
108474,45,142800,16.8,5670,22,28,11.8,95224.81,Chennai,Mobile App
100616,45,57100,2.7,780,153,4,82.3,2100.29,Chennai,Mobile App
107051,36,128200,20.4,5320,23,28,25.1,108431.02,Bengaluru,Mobile App
102576,46,46000,3.4,980,134,7,70.1,3348.29,Delhi,Mobile App
107531,47,133300,20.5,4520,16,33,36.9,92846.59,Bengaluru,Website
103341,39,91600,7.7,2050,54,12,41.1,15782.54,Mumbai,Mobile App
106510,37,177400,16.6,3730,27,20,9.3,62146.84,Bengaluru,Mobile App
101706,34,56700,3.8,930,96,6,67.9,3522.3,Hyderabad,Marketplace
108402,47,108300,17,4650,16,29,16.4,78991.33,Delhi,Marketplace
104430,,79200,7.3,2040,32,15,35.6,14913.09,Mumbai,Mobile App
101494,,45800,4.9,800,94,5,71.2,3885.96,Chennai,Marketplace
108996,41,129900,19.5,3950,19,16,25.2,77089.28,Mumbai,Mobile App
104563,40,78800,8.8,1710,40,12,50.4,15038.85,Delhi,Marketplace
100804,39,54200,3.9,830,108,7,58.5,3267.54,Pune,Website
105616,27,111600,12.6,1980,53,12,41.5,24887.51,Pune,Marketplace
105754,34,85600,10,1960,38,10,51.6,19678.26,Pune,Website
100991,35,60100,2.9,710,95,4,71.1,2023.86,Bengaluru,Website
107282,45,119500,13.9,5180,17,29,12.2,72234.59,Mumbai,Website
106033,35,84500,7.6,1480,31,13,44.8,11278.46,Mumbai,Mobile App
105200,34,79300,7.4,1810,54,10,54.3,13413.17,Hyderabad,Website
103514,36,80100,11.2,1540,49,13,43.1,17359.7,Delhi,Mobile App
104440,40,100300,8.1,1930,48,15,43.2,15750.91,Bengaluru,Website
108442,44,156800,18.3,3980,22,26,29.4,72764.06,Bengaluru,Mobile App
100220,36,57500,3.7,1040,113,6,69.8,3863.06,Delhi,Website
104490,37,89800,5.7,1980,43,15,36.7,11381.5,Chennai,Website
101289,47,52900,3.4,850,176,5,70.3,2899.27,Bengaluru,Mobile App
103164,29,76600,11.6,1810,42,14,46.6,20972.57,Pune,Marketplace
102619,35,55800,3.2,1040,77,6,72,3340.93,Hyderabad,Website
103613,42,75900,8.3,1710,42,11,38,14165.55,Mumbai,Website
100044,43,53200,3.9,970,107,6,74.5,3784.92,Pune,Mobile App
108876,44,149300,21.6,4660,10,24,29,100533.61,Chennai,Mobile App
103793,33,55900,7.6,1640,67,13,55.3,12492.09,Bengaluru,Marketplace
103572,35,96600,11.7,1690,73,15,45.2,19780.4,Bengaluru,Website
108175,42,143700,17.1,5400,19,26,20.9,92518.97,Mumbai,Website
101504,42,47300,3.7,800,104,7,62.9,2941.44,Bengaluru,Mobile App
104503,33,60000,8.9,1300,54,11,54.5,11544.78,Pune,Mobile App
108877,44,161400,17.6,4670,21,32,24.1,82415.75,Hyderabad,Website
103440,35,101600,8.6,1260,56,12,56.5,10825.48,Mumbai,Mobile App
101893,41,57300,4.1,800,84,4,76.7,3237.25,Delhi,Marketplace
108413,47,124500,18.7,4840,13,18,26.6,90379.69,Mumbai,Website
108138,35,140000,15.8,2970,15,33,31.4,46960.55,Chennai,Mobile App
105073,39,84400,7.2,1980,38,17,35.6,14379.38,Mumbai,Mobile App
101506,48,35000,3.9,670,133,6,75.2,2638.57,Chennai,Marketplace
100671,30,64900,4.2,870,54,7,74.2,3695.55,Chennai,Website
107879,42,155200,16.8,5190,21,27,14.6,87184.56,Delhi,Mobile App
105716,46,95100,11.1,1960,58,8,42,21761.96,Pune,Mobile App
100898,29,55300,2.9,820,114,7,69.9,2369.54,Mumbai,Mobile App
107915,36,172200,20.4,5010,19,26,21.7,102285.43,Hyderabad,Marketplace
102667,33,58400,3.9,880,50,5,49,3394.04,Mumbai,Mobile App
103194,32,95400,3.7,1450,45,13,34.5,5397.72,Hyderabad,Website
102891,36,43800,4.2,790,177,5,56.1,3316.64,Delhi,Mobile App
102622,30,53000,4.2,660,155,6,67.2,2744.83,Mumbai,Mobile App
104864,40,73700,6.1,1750,64,12,56.7,10743.67,Chennai,Marketplace
108604,41,125200,15.5,4380,32,30,29.8,67942.78,Pune,Marketplace
108990,50,159700,14.3,3980,20,17,2,57066.52,Mumbai,Website
102371,34,47600,3.1,630,114,5,72.9,1960.31,Bengaluru,Marketplace
106400,35,65100,9.4,1720,34,12,46,16072.87,Pune,Website
101770,42,54900,3.6,890,136,5,63.6,3194.6,Delhi,Mobile App
107166,37,145400,14.6,3740,16,24,21.3,54430.55,Bengaluru,Marketplace
106292,30,63500,9.9,1650,32,9,38.2,16382.89,Pune,Marketplace
100532,35,50500,3.9,710,103,6,66.2,2732.89,Chennai,Website
107596,37,172000,19.7,4240,13,30,16.7,83393.37,Chennai,Website
107434,31,189100,17.7,4700,14,32,21.5,83131.84,Pune,Marketplace
105355,46,87600,10,1650,25,10,47.9,16433.76,Delhi,Mobile App
108396,45,136300,18.9,4040,18,32,20.1,76545.54,Pune,Mobile App
108073,48,111800,20.3,5010,17,16,30.9,101658.05,Chennai,Website
100732,42,48700,2.9,850,159,9,72.7,2476.89,Delhi,Marketplace
103407,28,93900,13.8,1400,34,11,46,19359.7,Mumbai,Website
102340,36,56500,4.1,1000,166,7,77.7,4104.04,Hyderabad,Mobile App
108553,34,135900,14.3,3830,21,26,27.7,54723.74,Bengaluru,Marketplace
105211,36,107300,9,1710,59,18,35.2,15338.3,Mumbai,Website
102566,36,50800,3.4,680,137,7,70.8,2292.24,Bengaluru,Website
106249,43,81300,5.8,2270,51,16,27.1,13204.77,Chennai,Marketplace
106326,36,95300,5.4,2010,47,15,45.6,10867.79,Pune,Website
105442,27,68100,8.4,1630,61,14,44.9,13669.03,Chennai,Marketplace
107900,44,138100,16.8,5530,18,26,26.7,92892.67,Hyderabad,Marketplace
104443,30,98000,9.5,1950,49,13,39,18631.56,Hyderabad,Website
104839,36,68700,11.9,1610,64,13,59.8,19245.67,Delhi,Marketplace
107998,49,146000,18.1,4220,18,30,28.2,76400.83,Delhi,Website
101256,35,47300,3.8,860,97,5,90,3233.99,Pune,Website
102105,45,39800,3.7,1050,141,6,57.7,3855.59,Mumbai,Website
107171,37,141800,11.8,3980,12,24,37.5,46866.67,Mumbai,Mobile App
105042,30,89100,9,2020,24,17,42.6,18117.57,Delhi,Mobile App
108252,47,148400,20.1,3030,19,28,16.4,60973.59,Mumbai,Mobile App
105541,39,94600,10.8,1510,46,11,34.5,16231.78,Mumbai,Website
108549,36,162700,19.3,2410,18,23,20,46398.16,Mumbai,Website
103485,41,85200,9.9,2070,49,9,50,20460.89,Bengaluru,Marketplace
108568,41,170300,15.3,4280,16,19,35.6,65623.45,Pune,Website
103817,34,91100,9.8,1770,41,17,58.3,17395.12,Mumbai,Marketplace
104641,40,84800,9.1,1940,46,17,49.1,17650.3,Mumbai,Marketplace
107083,47,144700,16.2,4780,22,25,20.2,77388.14,Pune,Website
106342,33,100200,7.8,1710,33,16,47.6,13321.53,Delhi,Marketplace
105363,36,84200,8.2,1790,64,15,24.2,14725.69,Bengaluru,Marketplace
101622,41,44500,2.9,730,128,6,75.6,2097.77,Delhi,Website
108508,48,169700,17.4,4290,15,27,24.6,74736.65,Chennai,Mobile App
105108,36,87700,9.3,1220,64,16,41.2,11299.47,Delhi,Marketplace
105949,38,72300,7.8,1780,55,14,42.7,13788.98,Hyderabad,Mobile App
108308,46,159000,15.6,4320,25,24,16.4,67329.54,Hyderabad,Mobile App
101097,29,43700,3.2,670,102,7,85.6,2101.58,Bengaluru,Marketplace
106755,45,144800,17.5,4390,25,31,21.7,76995.75,Hyderabad,Mobile App
108556,43,154300,13.9,5240,14,26,33.3,72735.91,Pune,Website
102464,38,51600,4,820,138,5,67.1,3301.69,Hyderabad,Mobile App
105791,29,92800,9.1,1780,53,16,52.5,16128.7,Bengaluru,Mobile App
101789,42,39400,3.2,660,163,6,62.4,2129.6,Hyderabad,Website
107149,46,144200,17.1,3100,23,30,18.4,52950.33,Delhi,Marketplace
105016,43,96600,9.9,1930,45,9,37.9,19021.61,Chennai,Website
105027,34,96600,10,2040,49,11,54.4,20309.25,Hyderabad,Mobile App
100193,34,54400,3.2,510,131,6,65.4,1610.65,Delhi,Marketplace
100821,27,44300,3.4,1050,113,7,88.3,3617.71,Bengaluru,Marketplace
105946,41,77400,6.7,1990,55,17,40.2,13321.48,Mumbai,Website
106838,42,104600,13.3,5020,14,19,10.3,66915.85,Hyderabad,Marketplace
105706,40,67300,8.3,2370,66,15,39.2,19756.61,Delhi,Mobile App
104167,27,81200,9.7,1640,69,12,40.2,15895.51,Hyderabad,Mobile App
102688,33,45800,3.1,780,148,5,61.9,2407.58,Pune,Website
107066,48,162700,17.6,4840,15,25,29.7,85069.55,Bengaluru,Website
104741,37,82100,7.5,1620,54,15,47,12176.92,Delhi,Mobile App
104841,42,82500,6.8,1910,52,13,40,12990.84,Bengaluru,Mobile App
107436,46,161200,16.2,6210,10,26,19.7,100232.01,Chennai,Website
102608,38,41200,3,470,129,7,61.3,1425.17,Chennai,Mobile App
108160,38,124200,17.7,4140,17,24,13,73070.44,Bengaluru,Marketplace
100239,36,35900,2.6,690,107,5,69.7,1791.27,Hyderabad,Mobile App
104016,32,89500,9.3,1790,36,16,48.4,16553.94,Chennai,Marketplace
108357,40,111000,25.8,3320,15,15,2,85883.22,Chennai,Marketplace
102978,34,42000,3.8,620,69,7,75.2,2378.39,Delhi,Marketplace
104626,,72100,8.7,1970,57,12,48.1,17069.69,Hyderabad,Website
106567,39,139700,17.9,5580,13,28,26.2,99978.73,Delhi,Mobile App
100946,40,41600,4.4,660,125,8,59.5,2943.63,Delhi,Website
105198,29,84200,10.1,1820,57,18,37,18422.39,Chennai,Marketplace
107766,36,174500,17,3920,16,22,26.3,66539.93,Delhi,Website
107266,45,128500,17.5,3520,19,24,32.8,61763.47,Delhi,Website
104692,36,77700,8.8,1940,72,14,50.8,17074.25,Bengaluru,Mobile App
103553,29,95200,7.4,1270,60,15,49.3,9396.73,Mumbai,Marketplace
108115,51,139300,15.6,2970,13,21,20.5,46506.86,Mumbai,Website
103361,39,95300,8.3,2020,55,13,37.4,16730.2,Hyderabad,Marketplace
105631,29,105700,10.1,1240,56,16,36.3,12538,Hyderabad,Marketplace
102411,37,34200,4.1,860,122,7,63.6,3555.25,Delhi,Website
107082,,153900,22.8,4260,15,31,22.2,97141.4,Bengaluru,Website
103983,39,62600,7.5,1920,55,13,52.9,14322.36,Hyderabad,Marketplace
100147,47,50500,4.2,740,119,5,57.7,3122.81,Hyderabad,Marketplace
107059,50,146800,18.1,3930,18,20,8.9,71063.28,Pune,Website
102295,34,42800,4.3,920,137,7,64,3900.17,Bengaluru,Mobile App
107252,39,162900,21,2790,15,25,39.5,58504.82,Mumbai,Mobile App
103612,32,73900,6.8,1970,68,11,50.5,13481.83,Delhi,Marketplace
101737,35,71900,3.9,720,130,8,84.6,2775.58,Chennai,Marketplace
106195,26,110100,9.6,2160,41,16,49.6,20776.01,Hyderabad,Website
100115,38,55200,2.3,760,94,6,64.6,1762.53,Mumbai,Marketplace
107794,42,138100,22.3,3310,16,32,25.5,73689.39,Delhi,Marketplace
105809,30,80100,8.2,2230,52,15,40,18348.59,Chennai,Marketplace
100499,36,54700,3.4,840,125,4,71.5,2904.74,Bengaluru,Mobile App
100721,39,45900,4,800,135,5,58.8,3245.22,Delhi,Mobile App
105813,40,87800,8.8,1110,40,15,53.3,9862.39,Delhi,Marketplace
103090,30,57300,6.7,1610,26,13,51.8,10810.92,Chennai,Website
105849,39,79100,9.9,2190,91,16,39,21649.96,Pune,Marketplace
105909,37,111800,6.6,1630,40,7,44.1,10745.98,Chennai,Marketplace
100597,31,55200,3.5,500,143,6,79.6,1766.64,Chennai,Mobile App
108198,39,114700,17.1,5890,14,27,32.6,100886.21,Bengaluru,Website
104939,41,80300,9.4,1720,62,9,48.2,16074.47,Delhi,Website
101648,38,46000,4.2,940,113,7,68.4,3992.64,Delhi,Website
105606,36,66200,11.1,1740,40,11,56.2,19365.11,Bengaluru,Marketplace
102701,51,54600,3.8,710,67,5,81.5,2720.24,Delhi,Marketplace
107808,36,116100,16.3,4030,8,29,32.8,65731.45,Delhi,Mobile App
101701,39,56800,3.6,590,77,6,66,2142.16,Delhi,Marketplace
107937,40,169100,10.7,4340,30,21,31.5,46324.04,Bengaluru,Mobile App
105843,30,93100,7.9,1620,27,15,54.7,12756.2,Hyderabad,Website
105360,27,79600,12.2,1700,44,15,54.8,20762.42,Pune,Marketplace
102943,21,59700,3.3,900,154,7,58.3,2965.77,Delhi,Marketplace
108639,39,159800,13.3,4440,7,25,27.8,59067.53,Bengaluru,Marketplace
100087,37,56700,2.7,750,118,7,63.8,2008.01,Bengaluru,Marketplace
102309,38,53200,2.2,670,158,6,64,1467.89,Delhi,Website
102678,34,47300,4.1,860,89,8,71.4,3469.61,Hyderabad,Mobile App
108710,44,142200,16.7,5570,11,20,6.9,93219.64,Mumbai,Website
106252,37,89100,11,1780,48,16,40.7,19600.59,Chennai,Mobile App
102595,38,56500,3.6,740,116,8,68.4,2666.38,Delhi,Website
107381,45,150900,16.1,3400,20,27,17.4,54776.58,Chennai,Mobile App
101030,21,39900,3,950,110,7,76.5,2794.01,Delhi,Website
100137,46,48700,2.8,880,123,5,59.6,2431.87,Pune,Mobile App
105533,24,89400,9,1990,57,13,57.1,17943.23,Hyderabad,Mobile App
104978,,60700,7.2,1500,38,14,34.5,10852.75,Delhi,Marketplace
107776,28,154300,13.4,3460,23,22,23.1,46424.36,Chennai,Website
104410,34,81600,11.4,1770,63,12,41.3,20226.72,Mumbai,Website
101201,41,39500,3.9,1010,107,5,69.3,3952.72,Delhi,Website
108591,40,147600,14.5,3860,18,29,10,55851.16,Pune,Marketplace
105341,21,103500,8.1,1070,45,12,51.6,8642.72,Chennai,Mobile App
100567,44,60800,2.7,1050,132,7,81.7,2847.53,Bengaluru,Mobile App
105881,30,75100,9,1990,85,11,39.7,17920.43,Chennai,Mobile App
103928,32,60500,9.6,1740,51,16,55.4,16741.64,Mumbai,Website
104906,34,89200,7.1,1860,66,15,49.1,13306.31,Delhi,Marketplace
106138,26,98400,11.5,1420,45,10,38.5,16391.51,Bengaluru,Website
105710,33,75900,10,2010,58,15,52.5,20075.67,Bengaluru,Mobile App
105731,42,103900,8.5,1930,57,10,39.8,16446.88,Delhi,Website
105289,25,75100,8.6,1430,39,13,47.5,12299.59,Hyderabad,Mobile App
106752,41,96200,21.2,4050,16,32,18.5,86020.82,Hyderabad,Mobile App
102331,28,62000,3.3,610,149,4,62.8,2018.9,Delhi,Website
103516,39,81700,10.4,1750,25,15,37.7,18173.41,Bengaluru,Website
102188,42,50400,3.1,750,163,5,76.1,2350.31,Delhi,Mobile App
100196,37,41000,3.2,900,63,6,78.3,2846.77,Pune,Mobile App
106418,33,85000,7.3,1660,50,16,51.2,12170.28,Chennai,Marketplace
100803,41,38100,2.7,820,110,5,67.8,2170.87,Bengaluru,Marketplace
105154,32,100200,11.8,1920,63,11,56.9,22723.21,Bengaluru,Mobile App
106381,30,56300,9.1,1880,36,14,47.3,17053.68,Bengaluru,Marketplace
102069,36,47100,3.4,570,117,4,64.5,1942.76,Chennai,Marketplace
104681,36,92800,6.3,1580,43,13,40.6,9873.99,Hyderabad,Marketplace
107608,30,164100,16.6,4970,18,28,2.1,82330.87,Bengaluru,Mobile App
100645,39,68200,3,870,104,5,69.9,2566.98,Mumbai,Website
108462,30,165500,17.8,3370,20,32,33.8,60066.15,Bengaluru,Mobile App
106863,42,151200,18.5,4860,19,19,12.3,90095.2,Mumbai,Marketplace
100121,41,70100,2.5,750,106,8,50.1,1833.45,Mumbai,Marketplace
102982,30,44200,3.1,910,119,6,62.2,2855.96,Mumbai,Marketplace
103075,36,77400,6.7,2030,47,6,47,13702.28,Bengaluru,Mobile App
107913,44,147500,17.9,3750,13,28,34.8,67263.96,Bengaluru,Website
103279,40,81800,8.8,1410,50,12,36.2,12468.29,Delhi,Website
102136,39,34500,4.6,700,138,4,64.8,3203.69,Mumbai,Marketplace
107297,42,126800,13.7,4160,20,27,23.7,57202.47,Pune,Mobile App
100135,,56200,1.7,950,68,6,61,1615.1,Hyderabad,Mobile App
106254,32,96100,9.6,1910,58,14,48.1,18385.68,Bengaluru,Marketplace
108702,29,154400,14.5,3310,10,27,24.2,47955.01,Pune,Marketplace
102560,40,59700,3.4,710,119,7,75.6,2414.41,Mumbai,Marketplace
100063,48,37100,3.6,700,77,5,61.3,2551.29,Bengaluru,Mobile App
101359,34,41100,2.8,890,110,7,79.7,2521.98,Hyderabad,Marketplace
104713,37,84400,10,2050,54,15,39.8,20438.64,Delhi,Website
102468,43,58100,4.5,780,120,8,64.7,3503.63,Pune,Marketplace
100680,37,53400,3.1,960,146,5,76.3,2950.34,Hyderabad,Mobile App
105504,34,67200,8.8,1690,28,15,50.8,14899.64,Mumbai,Mobile App
100742,35,55600,4.1,960,141,7,75.8,3919.93,Mumbai,Marketplace
105462,32,100100,7.7,1490,57,15,36.2,11409.28,Delhi,Website
103642,26,,6.3,2320,36,13,32,14577.76,Hyderabad,Website
106751,43,158800,20.7,3930,12,39,32.8,81553.05,Pune,Marketplace
106572,32,117300,20.7,4800,18,37,21.9,99391.92,Bengaluru,Marketplace
103259,35,98400,8.2,1770,49,12,42.6,14603.01,Hyderabad,Mobile App
101874,39,43600,4.7,830,106,7,69.3,3895.17,Pune,Mobile App
102597,37,51200,4.2,830,74,7,80.4,3483.99,Bengaluru,Website
101718,38,43900,4.3,740,174,7,80.7,3150.52,Delhi,Website
108228,37,165100,15.6,5060,13,20,29.6,78972.68,Mumbai,Marketplace
102844,51,46600,3.6,890,134,7,69.7,3169.14,Bengaluru,Website
104028,44,69200,8.4,1490,45,12,37.1,12543.25,Delhi,Marketplace
107406,51,163500,15.5,3720,22,21,39.9,57745.99,Mumbai,Marketplace
107440,40,166100,15.1,4340,16,24,23,65650.53,Chennai,Marketplace
106580,42,141200,18.1,3670,21,20,27.3,66308.37,Chennai,Mobile App
100490,43,56300,3.5,870,54,6,71.1,3005.19,Delhi,Mobile App
100494,36,29300,4.7,830,110,4,67.9,3869.18,Hyderabad,Website
100691,45,44000,3.1,900,102,5,65.1,2763.92,Delhi,Mobile App
103822,43,77900,8.2,1550,70,12,50.4,12677.07,Hyderabad,Marketplace
100603,37,42200,2.9,600,123,8,74.5,1745.22,Chennai,Website
101912,37,36700,2.7,810,83,8,74.1,2228.19,Delhi,Website
106794,39,131600,15.7,3650,9,28,17.9,57306.36,Chennai,Website
104990,23,110900,6.5,2050,36,15,49,13398.89,Bengaluru,Marketplace
107392,50,144000,14.3,4210,18,25,24.2,60028.13,Mumbai,Mobile App
107945,46,137100,22.3,4040,20,25,30.1,90100.16,Bengaluru,Website
103758,32,106300,8.9,1720,38,13,32.5,15335.28,Pune,Marketplace
102367,24,56700,2.4,800,109,7,89.3,1899.84,Mumbai,Website
104371,38,76500,9.3,1660,56,11,61.8,15389.45,Chennai,Website
105577,47,72900,8.8,1280,45,12,46.3,11266.26,Mumbai,Mobile App
105681,42,75900,8.9,1390,56,14,34.9,12401.42,Delhi,Marketplace
101362,44,55200,3.4,650,72,6,79.2,2220.46,Hyderabad,Website
107604,48,139000,14.3,4650,18,25,2.6,66421.52,Chennai,Mobile App
101527,38,57700,3.7,800,131,5,69.3,2981.44,Mumbai,Marketplace
106886,37,126600,17.1,3230,28,22,19.4,55168.25,Hyderabad,Mobile App
107970,42,145700,14.8,4840,15,30,20.2,71855.78,Hyderabad,Mobile App
105822,26,76300,9.5,1420,30,10,57.6,13537.76,Delhi,Mobile App
101552,41,60800,3.9,800,125,7,68.5,3152.06,Pune,Marketplace
105750,35,109300,9,1690,57,14,34.4,15197.93,Bengaluru,Mobile App
108746,34,157400,12.9,4990,25,27,20.8,64371.78,Delhi,Marketplace
101338,31,44200,3.4,680,48,6,66,2328.37,Hyderabad,Marketplace
103902,39,84700,7.9,1990,40,14,46.6,15697.59,Bengaluru,Marketplace
103011,26,82900,7.6,1580,53,18,66.7,12057.98,Hyderabad,Marketplace
107739,36,161800,22.5,4460,27,28,17.8,100354.75,Hyderabad,Mobile App
102251,38,46500,3.7,850,114,7,69.1,3129.78,Delhi,Marketplace
102347,41,49000,4.4,810,61,9,70.4,3583.23,Delhi,Website
108375,43,141800,18.4,4600,14,24,22.6,84774.44,Delhi,Marketplace
102785,44,40100,3.3,1120,85,7,69.3,3662.93,Hyderabad,Mobile App
105412,38,69900,9.5,1900,46,13,44.1,18091.82,Mumbai,Marketplace
100151,34,42100,3.4,870,91,6,59.3,2923.24,Mumbai,Mobile App
102805,35,61000,4.3,800,84,6,81.4,3410.28,Chennai,Marketplace
104751,39,101700,8.1,1950,79,13,35.3,15768.09,Bengaluru,Marketplace
102087,37,37900,2.3,810,41,7,73.7,1846.17,Bengaluru,Mobile App
103752,32,101400,6.1,1500,54,13,37.5,9204.15,Hyderabad,Website
102260,38,54100,2.8,570,122,7,77.4,1602.38,Hyderabad,Marketplace
104018,43,80300,9,1800,42,14,53.3,16192.29,Delhi,Mobile App
104954,34,67000,8.3,1680,42,13,48,13939.8,Mumbai,Website
104908,29,98300,10.6,1840,63,15,29.5,19523.18,Delhi,Marketplace
107598,36,126300,14.9,4610,17,30,36.7,68914.25,Mumbai,Mobile App
108338,35,132600,17,4170,26,30,20,70859.19,Delhi,Website
103857,29,87900,11.1,1780,55,12,44,19777.1,Mumbai,Mobile App
100860,45,42200,3,690,57,7,64.5,2029.51,Mumbai,Website
107192,42,142200,18.2,5110,15,30,30.3,92789.82,Chennai,Marketplace
106539,35,148800,12.8,2830,14,29,18.4,36087.43,Mumbai,Website
105921,41,67400,8.5,2010,64,11,48.7,17039.94,Hyderabad,Website
107274,38,113700,19.3,4220,19,32,16.1,81505.52,Hyderabad,Mobile App
107323,49,158200,13.7,3720,23,27,13.3,50966.62,Delhi,Website
104463,25,83600,10,2020,52,9,46,20231.11,Bengaluru,Website
106919,41,119100,15.6,4310,17,27,7.4,67313.42,Pune,Website
101780,22,29700,4.6,770,36,6,71.1,3536.84,Pune,Marketplace
104748,47,85200,9.6,1680,61,13,40.6,16136.08,Mumbai,Marketplace
105134,27,80800,9.7,2430,51,12,39.4,23592.1,Delhi,Mobile App
101819,40,48900,4.2,940,129,7,78.5,4004.66,Bengaluru,Website
106309,40,98900,8,1740,46,8,38.9,13833.05,Pune,Mobile App
102705,32,49800,3.5,950,120,5,61.4,3281.08,Hyderabad,Marketplace
100176,46,44200,3.7,780,144,5,69.9,2884.82,Bengaluru,Website
102094,42,39600,3.7,900,103,4,66.6,3319.93,Bengaluru,Mobile App
107162,49,150200,14.2,2690,14,28,20.1,38352.6,Chennai,Website
103492,40,74500,8.1,2110,48,16,62.7,17204.55,Mumbai,Website
107895,48,141600,17.5,3420,19,21,14.1,60011.94,Chennai,Mobile App
100083,32,49900,2.7,900,115,7,55.2,2409.97,Hyderabad,Mobile App
100817,39,55200,2.8,870,173,6,60,2439.78,Pune,Marketplace
106975,34,121800,17.4,3940,21,18,19.7,68743.82,Chennai,Website
107009,44,144700,17.5,3540,21,26,14.8,62110.01,Mumbai,Website
108006,41,151700,21,4970,12,32,26.4,104499.61,Chennai,Website
100284,21,50800,4,760,162,6,67.1,3044.32,Hyderabad,Mobile App
108999,32,143900,17.6,5720,17,23,34.9,100590.06,Hyderabad,Marketplace
108469,33,156000,16.5,3610,14,24,13.5,59635.51,Chennai,Mobile App
107964,48,107900,17.1,5120,14,25,20.1,87651.72,Delhi,Mobile App
102916,29,44000,3.8,630,100,6,78.2,2428.12,Hyderabad,Website
101814,45,46200,3.3,690,123,4,68.3,2304.88,Hyderabad,Website
101272,28,45200,3.2,610,143,8,70.2,1967.74,Chennai,Mobile App
104795,21,80600,8.6,2060,60,13,31.1,17729.1,Bengaluru,Mobile App
108661,29,168500,18.8,4020,18,21,21.4,75488.92,Pune,Mobile App
107337,55,149700,20.1,5570,26,23,29.7,112276.82,Mumbai,Website
105945,36,96100,10.8,1750,51,12,53,18910.74,Chennai,Marketplace
102643,33,55600,3.6,990,94,6,78.5,3587.52,Bengaluru,Marketplace
105305,40,100800,8.4,1450,66,11,53,12146.25,Chennai,Marketplace
104509,39,101300,6.8,1750,73,13,34,11945.77,Mumbai,Website
102306,39,54400,2.3,890,69,5,75.3,2079.04,Bengaluru,Mobile App
105262,37,80800,12.9,1810,56,12,44.9,23250.42,Bengaluru,Marketplace
104196,35,100500,12.6,1360,49,13,45.6,17072.85,Mumbai,Website
106578,44,121400,17.8,5500,17,29,43.6,97759.99,Pune,Marketplace
104169,30,78000,9.7,1690,48,12,40.3,16458.23,Delhi,Marketplace
103850,41,85300,10.6,2100,71,16,31.8,22230.23,Pune,Marketplace
108892,41,110000,19.3,4200,17,28,8.7,81259.1,Bengaluru,Website
108716,48,163800,13.3,4230,19,25,13.8,56181.21,Mumbai,Website
106374,35,84000,10.3,1830,54,10,38.4,18938.59,Mumbai,Marketplace
102415,48,50200,3.7,770,78,6,71.1,2858.23,Pune,Marketplace
103555,32,104600,7.8,2040,45,13,49.8,15875.5,Mumbai,Marketplace
104499,39,81000,11.4,2420,44,14,38.3,27694.67,Pune,Mobile App
102196,29,52500,2.7,870,98,7,59.6,2327.33,Mumbai,Marketplace
102601,43,58400,2.8,880,96,6,57.8,2474.87,Hyderabad,Mobile App
106912,39,140600,18.9,4200,12,26,24.3,79485.14,Pune,Marketplace
104315,31,67400,9.8,2320,42,12,43.2,22710.98,Hyderabad,Mobile App
103367,37,80800,9.5,1560,43,11,46.3,14929.67,Pune,Marketplace
108787,37,142700,20.3,4330,17,35,12.6,88002.45,Delhi,Marketplace
106344,28,,7.9,1570,51,11,45.3,12439.03,Mumbai,Marketplace
102634,38,34900,2.8,750,147,5,66,2056.43,Pune,Mobile App
106616,41,157900,17.5,3730,10,29,25.6,65288.14,Pune,Marketplace
102435,32,48000,3.3,1000,140,5,73.2,3286.15,Bengaluru,Marketplace
106753,37,163400,20.4,4670,14,29,17.2,95104.31,Bengaluru,Website
106659,45,175900,17.5,3230,25,33,29.9,56642.21,Delhi,Website
107248,46,174200,16.9,5360,10,30,6.1,90425.41,Pune,Marketplace
104521,27,86900,7.4,1780,52,12,31.9,13126.8,Hyderabad,Marketplace
103546,27,83100,12.5,1580,54,18,54.6,19673.59,Chennai,Mobile App
104830,,89200,13.3,1770,42,11,47.7,23437.22,Hyderabad,Website
107711,34,153000,16.6,3580,19,27,13.2,59552.18,Mumbai,Marketplace
100518,32,61300,4.5,750,113,4,66.4,3405.41,Bengaluru,Marketplace
104953,27,102600,6.8,2040,58,10,54.8,13782.37,Bengaluru,Mobile App
106018,34,91500,8.5,1930,52,15,43.9,16441.82,Bengaluru,Mobile App
101416,34,52500,3.6,700,119,6,68.7,2492.08,Pune,Mobile App
104665,25,81000,4.9,1690,43,9,44.2,8265.38,Hyderabad,Mobile App
104457,36,87000,8.3,1850,59,15,50.4,15443.03,Delhi,Mobile App
107866,46,146100,15.1,5050,21,22,27.1,76110.89,Delhi,Mobile App
100128,44,65800,3.4,990,171,6,83.9,3408.36,Delhi,Mobile App
103475,21,85600,7.8,1770,37,13,45.7,13778.16,Bengaluru,Mobile App
106445,36,67300,10.6,1840,62,12,41.4,19411.67,Bengaluru,Mobile App
104311,35,84600,9.8,1450,40,14,50.6,14249.68,Mumbai,Mobile App
102439,41,55100,2.7,840,102,6,79.7,2274.75,Chennai,Website
103766,34,69800,6.8,1440,83,14,42.8,9861.55,Mumbai,Marketplace
105919,45,54400,9.1,1690,37,12,64.6,15323.07,Pune,Marketplace
108067,44,151200,13.7,4110,24,25,26.3,56384.27,Bengaluru,Marketplace
108820,42,175500,15.5,3840,22,30,12.9,59375,Delhi,Website
101474,44,41000,4.2,800,118,6,69.4,3345.32,Mumbai,Marketplace
108768,50,149800,14.6,3690,16,30,20.4,53853.38,Hyderabad,Marketplace
103561,41,90800,10,1680,84,13,31.6,16803.44,Chennai,Website
103952,21,80700,7.1,1710,34,15,43.6,12135.44,Bengaluru,Website
100050,41,51200,3.7,1040,149,5,62.8,3864.48,Chennai,Marketplace
107341,34,128400,15.8,3880,14,31,24,61267.85,Chennai,Marketplace
100888,28,56200,3.7,780,149,6,70.9,2879.58,Bengaluru,Website
102617,45,44500,3.3,750,88,8,76.3,2484.66,Delhi,Mobile App
100517,34,59700,3.2,940,114,5,61.2,2982.08,Delhi,Marketplace
103169,31,91300,10.8,1460,60,14,53.6,15780.28,Delhi,Website
102950,41,55300,3.2,650,103,4,88.1,2060.5,Pune,Mobile App
101425,46,41400,3.2,970,86,5,57.2,3070.99,Hyderabad,Mobile App
100140,39,48300,2.5,860,56,6,61.5,2184.43,Chennai,Mobile App
101925,34,29300,3.6,640,131,6,61.9,2310.49,Pune,Mobile App
102379,43,34500,3.5,850,171,8,67.8,3001.52,Chennai,Website
103198,35,98400,6.3,2180,57,13,35.7,13657.02,Pune,Marketplace
100113,44,47900,3.3,650,98,5,74.8,2166.26,Mumbai,Website
104560,39,67800,8.2,1690,35,11,50.2,13909.44,Bengaluru,Website
104596,32,96700,9.1,1230,32,15,48.1,11170.23,Chennai,Mobile App
103251,36,73900,11.4,1820,61,10,34.6,20873,Bengaluru,Mobile App
104691,30,58600,8.3,1760,51,10,38.9,14696.95,Pune,Mobile App
108207,50,127200,16.6,3980,19,28,21.4,66096.23,Chennai,Marketplace
108558,39,142700,13.2,5450,16,28,19.8,72118.8,Pune,Website
104547,36,67400,7.7,2120,53,15,55.6,16272.01,Hyderabad,Marketplace
105522,31,75900,11,1520,60,13,40.1,16690.76,Chennai,Mobile App
103278,34,94200,6.2,1860,41,14,33.8,11550.29,Hyderabad,Website
105905,35,92800,9.1,1570,36,17,44.3,14310.33,Chennai,Mobile App
107566,43,143800,20.3,4840,16,24,19,98135.46,Pune,Mobile App
107947,34,154200,17.7,3400,23,25,7.7,60245.09,Pune,Website
104985,33,92400,9.7,1800,69,13,33.3,17502.6,Delhi,Website
107987,46,179700,19.9,4100,13,24,9.3,81776.39,Bengaluru,Marketplace
108267,,181800,19.2,3360,21,22,23.3,64447.57,Bengaluru,Website
103223,38,94500,10.6,2170,47,16,47.7,23037.61,Delhi,Website
106649,42,181700,15,5530,16,32,30.3,82955.18,Delhi,Marketplace
100452,43,57600,4.3,950,117,7,85.2,4131.09,Mumbai,Mobile App
103732,39,79700,11,2180,42,13,40.1,23980.37,Delhi,Marketplace
107961,44,130000,24.1,4090,18,20,37,98731.19,Pune,Website
107710,45,182200,18,3230,18,28,27.3,58039.61,Bengaluru,Website
102764,44,58100,2.5,640,119,7,53.9,1633.48,Mumbai,Website
100659,50,48700,3.9,710,147,7,72.7,2796.99,Pune,Website
106430,33,83000,10.6,1700,79,10,57.2,18067.19,Pune,Marketplace
104621,38,87700,10.9,1720,48,11,49.9,18639.64,Chennai,Mobile App
101000,38,65900,4.4,630,156,6,69.5,2801.76,Delhi,Mobile App
100390,35,56100,4.4,710,159,5,80.8,3165.61,Bengaluru,Mobile App
103408,31,74800,6.9,2250,43,13,42.5,15507.84,Delhi,Marketplace
101477,40,44100,2.9,940,126,7,69.6,2732.17,Hyderabad,Website
102241,43,63600,3,840,122,6,75.5,2507.4,Bengaluru,Website
102387,42,41700,4,790,154,8,71.6,3123.58,Mumbai,Marketplace
100993,40,53700,3.3,750,126,6,80.6,2497.76,Hyderabad,Marketplace
103923,37,75200,7.2,1870,55,15,39,13539.61,Delhi,Mobile App
102973,42,37900,3.6,670,75,8,43.4,2424.98,Delhi,Website
103387,32,89600,11.1,1700,51,10,38.9,18845.12,Bengaluru,Mobile App
101294,34,39000,2.4,720,82,4,73.7,1713.84,Delhi,Marketplace
101825,44,71100,3.5,980,146,7,73.4,3472.58,Hyderabad,Website
102874,38,59200,4.8,800,136,5,75.5,3848.13,Bengaluru,Mobile App
104174,40,73300,11.9,2070,41,17,34,24719.4,Hyderabad,Marketplace
102536,36,43700,3.3,700,161,4,62.4,2344.22,Pune,Mobile App
108236,38,142400,15.8,2500,26,29,23,39452.57,Delhi,Mobile App
101908,,44900,3.1,700,165,4,53.5,2169.09,Pune,Marketplace
106806,46,154000,22.4,3810,21,28,22,85361.1,Pune,Mobile App
100369,46,48000,3.9,1050,105,4,74.6,4099.16,Hyderabad,Marketplace
101152,39,40600,3.2,850,106,6,79.1,2750.53,Hyderabad,Mobile App
106269,35,78400,5.8,1770,44,14,45.1,10341.73,Pune,Marketplace
105712,38,87000,7.3,1650,59,13,48.8,11966.62,Mumbai,Mobile App
104786,36,79300,4.6,1860,42,12,28.9,8490.13,Mumbai,Website
105265,36,89800,8.9,1530,56,9,48.3,13693.71,Mumbai,Website
108994,51,152400,16.3,3530,13,28,22.7,57509,Hyderabad,Website
104161,41,99800,8.1,1700,78,17,46.1,13742.45,Bengaluru,Mobile App
104288,35,94800,9.7,2090,46,10,50.8,20276.88,Chennai,Website
108299,37,127800,22,4170,6,23,8.5,91532.79,Pune,Mobile App
107815,40,162100,19.1,3180,13,24,16.3,60658.06,Delhi,Mobile App
100175,40,55900,2.7,860,156,6,78.2,2330.06,Delhi,Mobile App
101904,39,50000,3,910,106,5,52.8,2777.18,Pune,Mobile App
101100,35,51900,3.5,780,104,6,76.2,2707.82,Pune,Marketplace
106553,28,161400,16.8,4180,10,31,16.7,70347.76,Mumbai,Marketplace
103409,38,93200,11.5,1480,54,14,35.6,17120.72,Delhi,Mobile App
101539,33,48200,2.9,550,72,6,65.7,1604.33,Delhi,Marketplace
102293,35,35900,3,960,131,8,68.6,2838.36,Bengaluru,Marketplace
108937,41,162500,11.7,4010,19,20,17.7,47000.53,Hyderabad,Mobile App
101364,37,58500,3.2,870,148,6,83.3,2818.43,Hyderabad,Mobile App
105654,29,79400,11.1,1980,60,15,43.5,22029.59,Delhi,Marketplace
105370,33,81000,8.4,1900,47,5,30.4,16045.97,Chennai,Marketplace
105521,36,69100,7.8,1810,51,16,50.1,14135.75,Chennai,Mobile App
105717,36,93900,13,2280,69,15,37.8,29605.1,Chennai,Marketplace
100681,40,40100,4.5,900,155,5,70.6,4012.86,Bengaluru,Mobile App
108940,45,142100,12.6,4980,11,26,5.1,62640.49,Chennai,Mobile App
103665,27,67400,6.9,1650,58,13,38.8,11462.28,Chennai,Website
101662,36,49100,3.6,1030,141,6,88.7,3749.66,Bengaluru,Mobile App
100509,32,42400,3.4,820,82,5,64.4,2778.94,Hyderabad,Website
100167,38,58700,3.8,800,145,8,74.5,3027.08,Delhi,Website
106796,46,133100,19.5,4010,15,34,23,78097.08,Hyderabad,Website
101007,39,55300,3.4,800,115,7,70,2739.44,Delhi,Mobile App
106891,37,142000,20.1,3860,12,21,17.6,77478.49,Delhi,Website
106658,40,165100,15.9,2920,22,25,21.2,46288.38,Delhi,Marketplace
103495,29,83600,9.1,1740,44,10,41.7,15843.19,Bengaluru,Mobile App
106785,33,153300,17.5,4320,22,22,10.8,75496.2,Delhi,Mobile App
108802,53,147100,18.7,4240,25,22,26.2,79215.18,Delhi,Mobile App
102537,30,48900,4.6,880,79,5,71.2,4073.96,Hyderabad,Marketplace
101105,26,50400,3.7,550,150,6,79.4,2031.83,Chennai,Marketplace
103876,35,71500,7.8,2100,74,13,47,16420.54,Hyderabad,Mobile App
106077,29,87200,7.8,1900,61,14,44.7,14929.73,Mumbai,Mobile App
101753,37,48900,3.8,980,99,5,69.7,3703.94,Delhi,Website
107846,42,122000,16.4,2980,25,24,16.1,48995.25,Delhi,Marketplace
102917,38,40200,3.4,880,172,7,55.8,2987.07,Delhi,Website
106513,37,152400,20.2,3880,20,26,23.3,78178.06,Hyderabad,Mobile App
100153,39,70400,3.8,870,155,6,61.3,3287,Delhi,Website
103908,33,88500,9.2,1780,73,17,51.3,16421.12,Hyderabad,Marketplace
108239,36,180900,14,3590,15,18,24.2,50318.65,Mumbai,Mobile App
102553,39,45600,3.7,920,125,6,69.2,3457.28,Mumbai,Marketplace
102774,38,41000,3.8,730,108,5,75.4,2760.56,Hyderabad,Marketplace
108257,46,168800,14.3,4730,13,23,10.6,67792.78,Delhi,Website
103552,33,68900,9,1370,42,9,44.1,12340.17,Chennai,Marketplace
103723,27,87600,8.2,1750,18,10,38.7,14426.58,Mumbai,Marketplace
106338,23,68200,9.3,1970,67,21,43.3,18358.76,Pune,Mobile App
107245,44,136700,14,4950,15,24,24,69228.68,Bengaluru,Mobile App
106493,42,101800,8.5,1560,60,15,51.6,13196.25,Delhi,Website
104539,30,81900,4.3,1770,41,15,46.3,7695.76,Delhi,Marketplace
105488,33,91000,10.8,1890,43,14,41,20463.46,Pune,Marketplace
101823,41,52800,3.4,920,146,6,82.7,3093.21,Hyderabad,Mobile App
104087,35,92500,7.9,1730,58,11,52.1,13755.11,Hyderabad,Mobile App
104983,40,77000,12.6,2550,47,15,52.4,32063.23,Mumbai,Marketplace
107602,42,156500,20.8,5630,21,32,8,116890.81,Hyderabad,Mobile App
105928,34,84800,10.2,1500,69,14,56,15342.23,Chennai,Mobile App
107184,55,124100,17.4,3870,20,31,34.5,67212.85,Delhi,Website
100310,42,63100,3.8,860,78,6,81.3,3223.19,Bengaluru,Website
106245,41,93500,9.1,1640,58,14,36,14923.17,Hyderabad,Mobile App
108899,36,170400,10.5,4280,24,20,18.5,45010.6,Hyderabad,Marketplace
103600,45,59900,10.7,1280,77,14,60.4,13727.54,Pune,Marketplace
103623,41,92100,8.6,1930,45,13,43.4,16609.06,Pune,Marketplace
107072,42,145700,22.8,3320,19,24,30.1,75686.83,Mumbai,Marketplace
103451,31,87000,7.9,1450,39,12,55,11395.88,Chennai,Mobile App
104592,35,92200,8,1550,24,13,43.6,12392.07,Hyderabad,Website
100206,39,53700,3.6,880,131,8,62.9,3133.99,Bengaluru,Mobile App
101136,41,36200,3.2,580,113,5,65.9,1879,Delhi,Mobile App
102750,43,50200,2.8,740,137,6,55.7,2075.98,Hyderabad,Mobile App
103614,40,94200,9.3,2090,47,14,27.6,19525.87,Mumbai,Website
100306,32,48000,3.9,790,154,6,74.5,3057.59,Chennai,Mobile App
101850,34,51600,2.9,960,84,7,66.4,2794.61,Bengaluru,Website
105217,45,77100,6.1,1610,54,13,52.1,9802.09,Hyderabad,Website
101989,36,55000,3.7,570,103,6,70.1,2089.48,Mumbai,Marketplace
103241,33,99600,9.2,1620,61,10,40.5,14833.45,Delhi,Marketplace
102799,41,60700,3.3,830,97,7,72.4,2741.75,Delhi,Website
104516,29,91400,10.1,1630,38,14,44.5,16435.61,Hyderabad,Website
106240,30,75600,11.6,1470,37,13,48.6,17088.25,Hyderabad,Mobile App
103110,41,98200,7.3,2030,52,12,51,14858.31,Pune,Website
104060,39,84600,8.9,1910,54,14,42.9,17026.1,Chennai,Mobile App
101988,48,46800,4.1,910,124,6,77.5,3678.56,Mumbai,Marketplace
106638,38,194300,15.7,4440,18,19,11.5,69790.06,Chennai,Website
100384,45,48300,3.6,860,114,5,52.5,3116.06,Hyderabad,Mobile App
104308,33,80300,7.7,1730,39,9,58.7,13242.7,Chennai,Marketplace
103389,33,101700,7.8,1940,58,12,54.9,15169.87,Mumbai,Mobile App
107905,50,124800,17,3880,17,24,22.1,65889.92,Bengaluru,Marketplace
102728,32,45900,3.2,660,153,7,61.4,2137.66,Mumbai,Website
106101,37,117900,9.7,1810,61,12,38.7,17540.93,Hyderabad,Mobile App
107374,42,145100,19.7,4680,18,23,10.7,92057.95,Delhi,Marketplace
107503,42,182000,14.7,4300,13,33,26.8,63034.54,Chennai,Website
104891,34,109300,6.5,1880,40,10,35.9,12238.58,Pune,Website
103833,40,69300,9.7,2260,59,10,40.1,22017.95,Pune,Mobile App
107540,32,158400,16.7,3300,16,21,30,55170.37,Delhi,Website
104777,35,74400,10.1,2140,35,9,58.2,21653.07,Bengaluru,Marketplace
104277,32,60200,7.4,1670,26,10,47,12412.1,Chennai,Website
100254,37,50700,2.5,700,97,5,76.6,1746.96,Pune,Marketplace
108656,59,149400,15,5820,13,22,23.7,87361.74,Chennai,Mobile App
106308,31,107800,12.4,1740,61,8,48.7,21580.86,Pune,Marketplace
100279,35,52400,4.2,860,136,7,53.1,3578.59,Bengaluru,Website
103253,39,75900,10.8,1670,42,14,32.7,18020.36,Delhi,Mobile App
102481,38,58500,2.9,740,90,7,71.5,2176.37,Hyderabad,Marketplace
100290,30,61400,2.7,570,124,4,76.2,1530.88,Chennai,Mobile App
106568,29,136200,19.8,3160,22,31,11.1,62658.61,Pune,Marketplace
103076,21,111500,7.7,1840,35,15,41.1,14160.4,Delhi,Mobile App
107362,48,136700,17.9,3810,15,17,10.6,68084.57,Hyderabad,Website
106146,34,66500,12.1,2330,41,14,65.2,28203.8,Pune,Website
105187,39,90200,6.6,1850,55,13,41.7,12212.41,Chennai,Website
108942,46,136700,18.3,4120,21,25,24.8,75340.04,Chennai,Marketplace
108772,45,165600,14.2,4810,17,19,12.9,68049.38,Pune,Website
106973,39,134900,16.4,2930,18,20,38.3,47961.02,Delhi,Marketplace
104961,33,81800,10.7,1810,51,11,53.2,19492.72,Pune,Mobile App
106271,38,93800,8.4,1650,43,14,43.6,13952.42,Hyderabad,Marketplace
100271,47,51200,3.5,820,72,7,80.8,2897.34,Delhi,Marketplace
104571,41,78600,8.6,2170,41,14,39.5,18671.53,Hyderabad,Website
106361,27,107600,9.1,1720,63,11,49.2,15584.43,Bengaluru,Mobile App
108260,44,140000,17.9,3750,18,16,14.2,67203.32,Hyderabad,Website
107105,48,109800,15.7,5040,20,32,21.4,78949.8,Hyderabad,Marketplace
107658,36,142300,16.5,2980,19,25,9.2,49068.82,Hyderabad,Mobile App
104208,29,71500,7.1,1970,46,16,47.5,14073.93,Delhi,Marketplace
103219,29,81200,9.3,2200,42,14,58.4,20396.68,Pune,Marketplace
101392,34,50400,3.1,1070,111,7,66.2,3327.32,Pune,Mobile App
103976,25,86800,8.2,1600,44,11,51,13099.47,Bengaluru,Website
104317,47,79300,8.6,1340,72,13,57.7,11526.09,Pune,Mobile App
105428,35,76800,8.9,1770,54,14,39.5,15756.78,Chennai,Mobile App
105939,21,74100,7,1260,73,15,50.1,8832.74,Delhi,Website
106014,32,92200,9.1,2120,68,10,42.2,19191.39,Mumbai,Marketplace
100084,38,54100,3.3,660,197,6,70.1,2192.75,Bengaluru,Marketplace
100874,44,52700,2.7,760,165,7,73.6,2020.58,Delhi,Website
108670,45,142900,19.7,4530,20,23,19.5,88989.36,Chennai,Marketplace
106176,45,104800,10.4,1730,44,17,30.2,18035.8,Pune,Website
104558,45,79300,8.3,1610,54,15,57.2,13428.46,Pune,Mobile App
104501,24,86800,9.4,1740,36,11,43.9,16401.19,Mumbai,Website
104648,38,59700,8.6,1400,64,15,51.5,11962.84,Mumbai,Marketplace
102039,30,48500,3.9,910,169,7,70.5,3544.35,Hyderabad,Mobile App
108752,40,142300,18.9,4140,14,29,31.4,78538.46,Mumbai,Website
105596,37,81500,7.7,980,56,14,53.2,7525.72,Chennai,Mobile App
102451,33,51100,2.3,1000,106,6,56.7,2268.73,Bengaluru,Website
103955,35,66600,8,1560,59,16,43.6,12497.06,Delhi,Mobile App
102330,35,48700,3.3,650,168,5,73.9,2157.78,Hyderabad,Mobile App
108229,30,168100,19.7,2590,26,32,10.5,51137.92,Mumbai,Website
105707,36,74800,9.6,1350,47,12,28.7,12985.91,Pune,Website
108452,32,135100,18,3570,16,24,20.2,64299.61,Hyderabad,Website
104747,34,88400,7.6,1510,71,14,55.4,11488.28,Mumbai,Marketplace
108455,36,136800,18.2,4760,15,29,20.4,86820.43,Chennai,Mobile App
106915,33,160500,16.5,5410,18,29,12.3,89133.81,Delhi,Mobile App
105378,37,66900,8.9,2500,54,8,51.2,22325.93,Hyderabad,Website
107421,37,156500,14.7,3940,20,25,30.5,58022.6,Chennai,Mobile App
106630,40,142400,18,4110,22,25,30.5,73917.5,Hyderabad,Marketplace
101217,40,51300,4.1,530,114,5,64.4,2200.67,Pune,Mobile App
107524,33,131400,13.7,4490,12,27,23.2,61659.91,Mumbai,Mobile App
106624,37,143300,20.8,5070,24,21,26.5,105529.42,Pune,Website
101065,34,52100,4.2,800,100,8,58.5,3347.71,Bengaluru,Mobile App
103787,38,73700,6.1,1790,68,6,42.7,10962.51,Bengaluru,Website
104411,35,114700,8.8,1620,38,16,44.6,14161.54,Bengaluru,Mobile App
105475,27,108200,7.5,1350,47,13,50,10100.63,Pune,Marketplace
107748,38,154500,15.6,3640,18,28,18.7,56574.48,Hyderabad,Mobile App
108048,45,131500,18.5,3490,21,26,25.5,64494.16,Chennai,Website
103009,29,95800,7.7,1710,35,14,32,13196.06,Bengaluru,Marketplace
101106,44,54600,2.7,850,153,4,70.7,2274.68,Pune,Website
107657,42,150600,16.4,3780,19,28,2.6,62076.82,Delhi,Marketplace
107261,43,167500,14.3,3770,9,29,18.6,53927.26,Bengaluru,Marketplace
106069,40,75100,8.5,1590,59,14,55.1,13550.12,Bengaluru,Marketplace
106210,33,95500,10,1600,55,11,44.5,15976.99,Pune,Marketplace
107121,36,137900,18.8,4800,19,21,30.2,90401.51,Chennai,Website
104370,33,81000,9.7,2000,59,12,29,19485.29,Bengaluru,Mobile App
102766,46,54800,4.1,980,156,7,66.8,3987.57,Pune,Mobile App
103930,35,105000,10,2530,66,12,48.4,25371.87,Bengaluru,Mobile App
105776,23,87700,9.8,1880,39,11,36.4,18359.17,Chennai,Website
107594,40,103800,15.7,3570,23,29,23.8,56074.08,Chennai,Mobile App
106082,34,101500,7.9,1820,54,12,50.6,14359.42,Bengaluru,Marketplace
108979,43,156600,20.8,3430,16,20,2,71312.29,Delhi,Marketplace
107753,33,150800,16.8,4240,16,23,32.8,71415.67,Pune,Mobile App
102452,45,38000,3.5,950,99,5,66,3352.56,Pune,Mobile App
108178,48,150500,14.6,4350,15,23,16.9,63590.04,Pune,Mobile App
105328,36,75700,9.2,1670,67,15,50.8,15321.74,Mumbai,Mobile App
103825,37,74600,7.4,1600,50,12,41.2,11883.91,Hyderabad,Marketplace
108004,41,128000,18,4760,24,21,20.1,85758.86,Pune,Mobile App
102653,39,59200,3,780,73,8,80.1,2388.08,Pune,Mobile App
108213,37,116200,22,3530,7,19,20.4,77582.68,Mumbai,Mobile App
103744,43,88900,9,2440,56,16,51.7,22080.59,Chennai,Website
102177,40,59900,3.7,1000,147,5,80.3,3690.28,Hyderabad,Marketplace
108358,55,175100,15,5670,14,28,10.3,85221.82,Delhi,Mobile App
103319,37,73000,10.2,1670,36,14,54.2,16961.21,Hyderabad,Mobile App
107463,39,191100,19.5,5160,17,26,11.4,100792.98,Pune,Marketplace
102788,39,49000,2.9,700,64,6,86.5,2038.44,Mumbai,Mobile App
104106,30,91400,7.5,1710,44,9,57.6,12761.17,Mumbai,Marketplace
105152,39,91800,9.1,1680,49,17,46.1,15365.53,Pune,Mobile App
101677,38,49300,3.8,840,65,6,81.3,3214.35,Pune,Website
103948,37,72400,7.8,1670,48,12,50.7,13002.35,Pune,Mobile App
107264,51,154500,15.8,4790,9,26,15.6,75609.72,Chennai,Website
107204,44,142100,11.9,4740,20,16,2,56395.51,Hyderabad,Website
105398,49,90400,11,1790,43,9,48.2,19575.22,Pune,Website
106281,26,91600,9.6,1770,56,18,53.8,17064.62,Mumbai,Marketplace
106009,33,107100,7.7,1770,52,14,52.7,13548.4,Chennai,Website
102504,39,40000,3.4,810,107,6,66.4,2753.69,Bengaluru,Website
107124,44,164200,12.9,3260,17,22,25.3,41943.85,Delhi,Website
102370,41,42000,2.8,800,133,7,71,2214.51,Bengaluru,Mobile App
102218,41,51400,4.1,910,101,6,81.8,3713.92,Pune,Mobile App
102219,33,40500,4.4,550,157,7,66.5,2415.52,Mumbai,Marketplace
103327,36,79800,11.8,1890,51,14,41.6,22209.4,Mumbai,Website
108355,39,154300,21.2,3830,22,25,10.4,81336.36,Chennai,Marketplace
103584,31,98500,11,1570,34,15,42.6,17212.2,Bengaluru,Website
108919,47,123500,15.1,5220,19,24,22.9,78678.87,Pune,Marketplace
106623,32,153200,15.1,3950,22,21,15.5,59795.38,Chennai,Website
106233,33,72600,8.9,1610,54,12,39.1,14285.28,Delhi,Mobile App
106875,37,134200,20.3,3930,24,25,8.1,79803.59,Chennai,Website
107721,44,133100,19.3,4240,22,22,28.7,81857.53,Hyderabad,Marketplace
100086,34,42000,2.5,1160,168,6,67.6,2933.12,Bengaluru,Website
102802,35,59800,4.3,1080,167,7,74.7,4617.29,Bengaluru,Website
103672,37,83100,8.1,1870,53,15,48.7,15117.73,Hyderabad,Marketplace
103668,36,75300,8.1,1540,63,17,47.5,12454.96,Hyderabad,Website
108843,40,168600,15.9,5160,11,36,13.1,82040.28,Hyderabad,Mobile App
104591,39,72900,10.4,1660,72,10,53.2,17321.52,Mumbai,Website
102020,33,59100,3.4,470,107,7,82.5,1608.64,Pune,Marketplace
106335,35,73600,7.6,1690,45,12,42,12851.83,Delhi,Marketplace
102526,27,36000,2.6,830,95,7,68.2,2120.05,Hyderabad,Marketplace
107682,50,139300,16.4,4200,19,29,7.3,68702.63,Bengaluru,Website
105046,29,74400,11.1,1910,67,7,52.4,21233.83,Bengaluru,Marketplace
107747,41,175800,16.2,3200,15,23,26.2,51794.52,Mumbai,Marketplace
107272,31,116100,13,5360,20,22,24,69476.95,Mumbai,Marketplace
105534,37,79200,7.4,1440,39,14,49.7,10733.42,Hyderabad,Website
102896,46,47700,4.4,610,124,7,81.1,2647.1,Delhi,Website
107605,54,153600,18.8,4360,21,28,34.7,81906.76,Hyderabad,Mobile App
104715,38,86200,6,1570,51,11,59.3,9495.33,Mumbai,Marketplace
108304,35,166300,20.3,4330,19,29,13.9,87950.77,Chennai,Mobile App
103426,45,64300,7.1,1770,45,10,51.6,12640.86,Mumbai,Mobile App
105614,33,89200,7.4,2160,48,12,43.4,15941.96,Chennai,Marketplace
105447,41,90800,9.2,1250,30,11,41.8,11512.14,Chennai,Marketplace
107047,41,127200,15.9,3960,16,22,4.7,62884.17,Delhi,Website
105413,41,80900,8.5,1650,52,16,48.8,14112.15,Mumbai,Mobile App
105870,29,93700,8,1680,52,14,47.2,13414.52,Pune,Mobile App
102002,45,44600,4.6,650,117,7,59.5,3016.52,Bengaluru,Mobile App
107361,56,128400,13,3790,18,27,12.1,49257.67,Delhi,Mobile App
100870,46,52100,4,870,113,4,78.1,3461.3,Pune,Marketplace
100357,38,50800,3.6,710,108,6,71.8,2576.7,Chennai,Website
106614,51,152800,13.7,4450,15,35,24.4,61061.94,Hyderabad,Website
108303,39,185700,16.3,3710,20,19,28.7,60494.38,Chennai,Marketplace
101276,45,46900,3,870,124,6,71.1,2637.42,Hyderabad,Mobile App
101891,31,54900,3.2,580,67,4,58.7,1859.15,Hyderabad,Website
107505,41,153900,19.7,3680,18,23,25.2,72449.35,Pune,Mobile App
107698,35,171900,11.7,3970,11,29,24.8,46473.79,Chennai,Website
108280,41,174500,15.9,5060,20,34,22.8,80330.03,Bengaluru,Website
103564,36,99700,6.2,1850,41,13,43.2,11575.68,Pune,Mobile App
104959,29,76200,9.8,1930,51,12,41.2,18866.83,Bengaluru,Mobile App
106694,34,141600,14.5,5190,21,22,14.6,75201.44,Chennai,Website
102381,40,36100,3.2,600,84,5,72.5,1908.81,Hyderabad,Website
103824,39,73900,11.6,2210,3,13,45.5,25583.93,Pune,Mobile App
106876,36,145200,17.5,4500,19,20,26.9,78700.14,Hyderabad,Marketplace
106970,40,114600,13.2,4920,15,30,11.7,64959.85,Pune,Mobile App
103307,36,89000,7.7,1790,54,13,46.3,13842.14,Hyderabad,Website
107631,44,124300,15.8,4100,11,22,28.8,64741.48,Bengaluru,Marketplace
103500,34,71300,6.8,2230,42,12,46.1,15167.83,Pune,Mobile App
105401,27,76200,11.1,1970,52,12,58.9,21764.22,Pune,Marketplace
101117,34,47300,2.7,870,163,5,77.8,2322.04,Hyderabad,Website
108909,51,99100,19.5,4180,26,27,2.8,81582.73,Chennai,Website
107666,42,105700,13.4,4900,22,27,16.7,65506.11,Bengaluru,Website
106557,42,143900,20,4960,19,23,32.4,98931.06,Bengaluru,Website
106674,42,,19.7,3570,28,21,15.9,70417.93,Bengaluru,Website
106750,33,173700,17.2,4570,25,27,5.3,78566.98,Bengaluru,Marketplace
103646,41,75200,10,1470,52,15,46.4,14701.01,Hyderabad,Mobile App
102501,38,34700,3.1,890,163,5,60.7,2783.4,Delhi,Website
105273,25,69000,8.9,1780,75,11,51.5,15867.67,Bengaluru,Website
102784,33,56300,4.8,740,100,6,66.3,3557.85,Hyderabad,Website
103810,37,93200,12.6,1720,32,17,59.1,21691.89,Chennai,Mobile App
105362,35,84800,9.6,1730,68,13,64.7,16681.75,Pune,Mobile App
107428,39,87800,20.4,4870,22,24,19.1,99344.25,Hyderabad,Marketplace
106320,33,83100,8,1660,55,13,54.5,13328.5,Pune,Website
101697,40,60300,3.2,800,59,5,74.9,2570.21,Mumbai,Website
107444,39,128900,19.6,5090,17,27,21.7,99487.69,Chennai,Mobile App
102053,36,52000,3.1,900,83,6,61.6,2794.23,Pune,Website
101777,48,43200,3.3,810,133,6,63,2688.2,Pune,Mobile App
107501,41,160300,20.9,3250,13,32,32.2,68074.06,Hyderabad,Marketplace
103314,31,98400,8.4,1770,59,14,52.2,14767.11,Hyderabad,Marketplace
104782,34,88900,8.8,2230,35,14,35.5,19664.85,Hyderabad,Website
107091,30,160300,16.5,4320,18,24,29.8,71460.06,Bengaluru,Website
105490,27,81300,7.2,1450,39,14,52,10391.05,Chennai,Website
101593,30,59900,3.8,740,103,5,71,2837.77,Hyderabad,Marketplace
101724,45,41800,4.1,890,155,6,52,3610.88,Mumbai,Marketplace
107709,47,170000,12.6,5080,29,22,25.9,63922.78,Pune,Mobile App
108724,45,157800,13.7,5470,19,19,9.8,74727.72,Bengaluru,Mobile App
106720,41,144500,10.7,4700,20,24,38.9,50433.07,Hyderabad,Mobile App
100491,35,59000,2.9,860,134,4,78.4,2516.9,Chennai,Website
108237,29,152200,12.8,4850,22,25,18.1,62144.28,Delhi,Website
103484,32,80200,10,2010,55,12,34.9,20142.92,Pune,Mobile App
103432,28,79600,10.2,1690,38,13,37.3,17262.14,Pune,Mobile App
105097,34,100800,9.1,1440,49,11,33.8,13065.77,Delhi,Website
107198,38,143300,17.6,3780,26,25,15.2,66339.51,Pune,Marketplace
100026,47,51500,3.7,860,116,6,87,3205.23,Hyderabad,Mobile App
103513,28,82300,9.2,1690,45,13,37,15452.14,Pune,Mobile App
102410,40,52700,2.9,940,88,5,80.3,2766.79,Pune,Website
103271,47,79800,9.1,1620,78,15,50.6,14684.45,Delhi,Website
101553,41,70200,4.4,470,115,5,58.2,2030.85,Bengaluru,Website
108294,37,177100,12.9,3900,19,19,15.3,50101.94,Mumbai,Mobile App
107373,33,156400,14.4,5180,21,20,25.2,74698.09,Pune,Marketplace
103872,31,87900,6.8,1750,61,15,50.3,11877.24,Hyderabad,Mobile App
103403,35,60200,9.5,1880,60,14,61.2,17899.43,Hyderabad,Mobile App
104530,37,79800,9.9,2130,59,11,39.5,21010.19,Hyderabad,Mobile App
100980,30,45600,3.4,820,116,7,65.5,2774.34,Hyderabad,Website
102656,46,54900,4,840,182,7,55.3,3375.99,Delhi,Marketplace
101848,41,45500,2.4,580,105,5,70,1377.3,Hyderabad,Marketplace
106441,31,83200,8.7,1800,51,11,48.8,15669.55,Hyderabad,Mobile App
106700,42,138100,19,4550,20,32,14.2,86468.04,Chennai,Mobile App
105786,,70200,5.2,2050,84,16,45.7,10587.98,Delhi,Mobile App
107328,38,143400,15.9,3160,20,27,17.3,50137.25,Delhi,Marketplace
105831,30,87100,11.3,2160,53,7,28.8,24345.1,Bengaluru,Website
101103,27,33400,2.1,1050,135,6,66.8,2259.02,Hyderabad,Marketplace
103277,37,75000,8.1,1570,41,14,48.4,12693.89,Delhi,Mobile App
105971,37,70800,11.1,1460,35,11,53.3,16234.58,Delhi,Website
107320,45,142500,16.9,2920,9,22,16.7,49348.84,Pune,Website
106869,42,,20.2,4080,18,21,22,82568.88,Pune,Marketplace
103997,39,84800,9.5,1680,26,13,62.8,15898.05,Hyderabad,Mobile App
100195,35,48200,2.9,750,153,8,82.3,2178.49,Mumbai,Marketplace
104712,35,82500,10.7,1800,32,14,32.6,19323.02,Pune,Marketplace
100644,31,49700,3.2,940,126,7,76.4,3023.59,Pune,Marketplace
103286,37,64400,7.9,1550,60,12,48.8,12316.83,Delhi,Website
103117,25,84300,9,1280,61,10,39.6,11548.99,Delhi,Mobile App
103576,34,102200,9.4,1650,64,10,47.5,15606.97,Pune,Website
108074,52,142300,15.9,4550,8,28,32.2,72467.55,Pune,Marketplace
104321,40,96300,9,1990,56,12,54.9,17846.46,Bengaluru,Marketplace
106857,34,158300,14.7,4300,19,30,33.2,63359.16,Chennai,Website
102208,31,64100,3.4,700,181,7,62.5,2379.58,Mumbai,Mobile App
104553,40,98800,9.6,1980,32,16,44.2,18980.87,Hyderabad,Marketplace
106628,46,169700,22.7,3450,21,25,26,78223.08,Bengaluru,Marketplace
103719,28,98400,8,1360,44,13,41.7,10897.41,Bengaluru,Mobile App
100973,37,36600,3.2,840,150,7,88.5,2662.13,Delhi,Mobile App
107849,43,173400,19.9,5160,20,35,13.6,102866.99,Delhi,Website
100720,35,50600,2.1,770,93,6,56.7,1600.71,Delhi,Mobile App
108512,42,127900,12.7,3480,18,36,23.6,44136.89,Mumbai,Mobile App
103897,38,71600,7.7,1700,66,16,39.8,13070.07,Pune,Marketplace
102804,43,51200,3.5,840,104,6,51.6,2952.57,Chennai,Marketplace
102567,46,40600,3.9,810,119,6,58.2,3193.16,Mumbai,Website
104026,34,85100,11.2,2010,48,13,45.7,22484.93,Hyderabad,Marketplace
100033,41,,3.6,720,146,5,69.1,2587.54,Pune,Mobile App
106815,50,158900,15.6,4290,12,30,31.2,66713,Bengaluru,Website
107746,53,165400,20.5,3540,22,23,2.8,72417.06,Pune,Marketplace
104064,38,66700,8.8,1390,65,13,39.3,12244.18,Chennai,Marketplace
107951,40,101200,16.3,4580,19,26,30.8,74865.13,Bengaluru,Marketplace
101698,40,64000,3.1,890,125,7,77.6,2787.56,Mumbai,Mobile App
102793,30,64300,2.7,770,93,7,81.3,2037.74,Bengaluru,Marketplace
102223,49,46400,3,900,69,8,71.8,2714.54,Pune,Marketplace
103765,31,82600,8.3,1820,39,13,42.6,15150.6,Pune,Mobile App
103867,33,102300,8.7,2140,47,16,42.8,18606.62,Hyderabad,Website
108734,38,172000,19.9,4780,21,26,26.2,95165.61,Bengaluru,Marketplace
107932,38,132500,18.5,3720,13,23,17.3,69045.72,Delhi,Mobile App
106890,33,119000,13.8,4980,15,24,14.1,68498.27,Pune,Mobile App
105736,40,91600,10.2,1780,48,12,37.1,18285.63,Chennai,Marketplace
103759,48,87700,6.3,1640,69,16,58.4,10305.68,Bengaluru,Website
106584,43,122200,10.9,3960,23,17,15.8,42994.77,Delhi,Website
103228,39,75700,5.4,1880,63,17,46.6,10225.31,Delhi,Marketplace
106311,37,100600,3.9,2480,58,13,42,9685.41,Chennai,Marketplace
106930,35,171000,15.8,4180,11,23,12.8,66262.86,Mumbai,Marketplace
103905,36,84200,8.6,2010,78,10,40.6,17304.87,Mumbai,Mobile App
102278,31,51700,4.5,1090,130,5,75,4903.35,Chennai,Marketplace
105516,31,75300,7.5,2340,37,18,48.7,17653.08,Hyderabad,Website
101402,44,57400,3.5,770,127,6,68.3,2737.41,Chennai,Marketplace
100740,28,51300,3.6,660,117,7,78,2392.21,Delhi,Mobile App
104267,31,102000,7.4,1460,54,13,34.5,10809.98,Chennai,Website
108903,48,147300,17.4,4390,25,31,11.8,76385.03,Chennai,Mobile App
105943,41,98300,6.2,1650,58,13,40,10164.3,Pune,Marketplace
108362,28,181100,19.8,4700,10,30,24.7,93230.4,Hyderabad,Marketplace
103852,42,75900,8.5,1500,56,18,36.2,12694.93,Bengaluru,Website
107398,46,107600,17.3,4090,26,23,17.5,70731.17,Delhi,Marketplace
106633,29,153100,16,4560,13,26,12.4,73104.82,Chennai,Marketplace
105263,35,78200,7.2,2350,51,12,62,16790.87,Chennai,Website
105643,40,101600,8.4,2010,33,15,44.4,16812.99,Mumbai,Website
100675,38,58700,2.6,860,112,5,71.6,2206.02,Pune,Mobile App
105741,40,,5.7,1500,57,15,39.9,8552.16,Pune,Marketplace
105157,42,92000,11.1,1520,61,14,40.9,16870.97,Delhi,Mobile App
103842,35,102300,8.8,1940,52,15,47.6,16990.39,Pune,Marketplace
101816,,46900,3,720,98,6,83.3,2138.02,Hyderabad,Marketplace
106866,45,178800,16.5,3230,16,25,4.1,53428.96,Pune,Website
108885,,116300,15.6,4830,22,24,18.7,75092.86,Bengaluru,Marketplace
108298,41,134400,15.7,4600,20,24,12.3,72356.51,Bengaluru,Mobile App
104654,37,80100,6.3,1600,41,12,36.2,10039.46,Delhi,Marketplace
105915,41,72500,10,2340,46,13,52.5,23418.41,Delhi,Mobile App
102101,39,44800,4.5,840,84,6,71.5,3789.56,Chennai,Mobile App
101674,33,51600,3.2,790,135,6,63.7,2576.67,Pune,Website
102102,34,31600,4,510,102,5,73,2027.93,Chennai,Marketplace
104214,31,63500,7.6,1360,45,9,55.6,10362.49,Pune,Marketplace
106488,36,78800,10.3,2010,43,11,51,20702.76,Delhi,Mobile App
101549,45,46700,3.3,820,103,5,81.5,2713.47,Delhi,Marketplace
106885,44,114600,20,4660,14,19,24.5,93302.25,Bengaluru,Website
103324,29,73400,10.8,1810,57,14,40.6,19592.56,Bengaluru,Marketplace
107523,36,170800,15.4,5110,14,22,16.4,78760.36,Chennai,Website
100356,54,47900,3.2,840,128,5,67.2,2693.12,Chennai,Marketplace
101462,36,55800,3.2,930,117,8,67.5,3027.28,Chennai,Mobile App
108124,35,138000,19.8,3590,17,21,12,71105.16,Hyderabad,Mobile App
108473,39,219700,16.8,4190,21,26,24.8,70451.58,Mumbai,Mobile App
103221,35,96800,7.5,1560,45,16,44.4,11605.13,Chennai,Mobile App
107045,36,146500,12.7,3990,22,21,26.6,50724.92,Pune,Marketplace
106373,35,54800,9.8,2160,51,13,40.4,21174.29,Delhi,Website
101752,41,54100,4.8,820,69,6,65.8,3974.25,Hyderabad,Mobile App
106476,30,91900,9,1420,59,13,56.1,12805.03,Hyderabad,Website
106145,37,93000,9.5,1880,45,12,38.4,17902.03,Mumbai,Marketplace
101773,40,59200,3.5,1180,107,7,65.2,4088.35,Pune,Website
101197,31,54300,4.7,680,105,5,69.4,3183.56,Hyderabad,Mobile App
101879,44,55100,3.4,1150,181,4,75.3,3928.26,Delhi,Marketplace
102669,37,37300,5,550,129,7,72.3,2719.02,Bengaluru,Website
103172,38,99100,10.1,2320,38,10,41,23327.74,Mumbai,Website
102017,49,55600,2.5,820,87,6,65.3,2031.08,Pune,Marketplace
102006,35,56800,3.3,560,157,7,70.8,1855.7,Pune,Mobile App
106841,35,145700,16.8,5350,19,24,18.8,89830.2,Bengaluru,Mobile App
103894,31,47900,8.6,1950,59,12,61,16685.98,Bengaluru,Mobile App
103238,34,90600,7.2,1570,44,11,47.7,11296.75,Pune,Website
104425,34,79400,7.4,2200,48,13,53.9,16284.47,Delhi,Marketplace
104745,46,82200,8.7,1170,49,15,44.5,10216.3,Chennai,Marketplace
102079,40,58400,3,860,146,5,68.9,2550.78,Mumbai,Marketplace
100397,40,51100,3.2,670,91,7,60,2135.56,Pune,Marketplace
102789,33,42800,3.8,960,109,4,68.7,3682.06,Hyderabad,Marketplace
105782,39,72300,10.9,1570,46,13,40.6,17146.72,Hyderabad,Mobile App
105264,32,119600,6.8,1760,48,12,45.4,11966.54,Delhi,Website
104073,34,94100,9.6,1340,51,13,48.7,12919.49,Pune,Website
106922,42,168500,22.9,4390,21,31,32.2,100666.01,Bengaluru,Mobile App
108581,35,146300,12.8,3620,24,20,17.5,46224.49,Hyderabad,Mobile App
105866,43,76600,7.7,1800,43,16,39.8,13789.92,Hyderabad,Mobile App
101520,39,49400,3.1,910,111,6,70.6,2856.62,Pune,Website
106619,44,177900,15.9,4260,16,18,28.5,67651.43,Chennai,Mobile App
101379,31,37400,3.3,570,127,6,78,1887.73,Hyderabad,Marketplace
101024,37,46200,3.9,760,99,8,61.1,2955.03,Pune,Website
102588,38,56300,3.3,720,130,5,68.6,2394.02,Mumbai,Mobile App
106178,36,57900,8.8,1360,45,10,45.4,11889.65,Delhi,Mobile App
105009,34,84300,8,1710,42,16,39.4,13670.23,Pune,Mobile App
102858,42,47300,3.7,540,146,6,67.7,2002.79,Bengaluru,Website
106717,46,150100,20.8,4050,23,21,21.1,84420.66,Pune,Marketplace
105793,37,84000,12.2,2100,49,10,50.3,25626.96,Bengaluru,Website
101630,35,52300,5,740,151,6,65.4,3683.68,Pune,Mobile App
104889,25,71500,13,1920,42,7,51.2,25032.9,Chennai,Mobile App
104527,40,103700,8.2,2150,58,13,40.1,17673.35,Mumbai,Website
103524,23,76300,11.9,1590,38,18,43,18872.74,Mumbai,Marketplace
108699,37,122500,17.4,3550,15,22,2,61860.37,Mumbai,Mobile App
103608,29,78900,9.7,1820,31,13,63.6,17722.52,Delhi,Marketplace
108503,42,177600,8.9,3540,16,26,20.2,31563.08,Delhi,Website
100235,32,44100,3.4,940,124,4,73.7,3201.02,Hyderabad,Marketplace
106272,30,89900,7.2,1480,48,12,52.7,10691.46,Bengaluru,Mobile App
103797,36,121500,10.5,1900,16,10,35.2,20012.6,Delhi,Mobile App
104119,23,81200,11.5,1670,46,13,32.7,19216.07,Mumbai,Mobile App
105002,33,57200,8.9,1780,68,14,48.5,15757.68,Mumbai,Website
103801,42,71200,8.2,1500,30,17,39.5,12269.64,Pune,Mobile App
106278,28,76400,10,2240,44,12,26.5,22329.35,Hyderabad,Mobile App
107259,40,186100,17.4,2430,27,29,13.9,42253.53,Delhi,Mobile App
105025,39,95900,10.2,1530,51,11,48.4,15703.04,Mumbai,Marketplace
101949,43,40800,3.8,780,176,6,70.9,2958.22,Bengaluru,Marketplace
100471,35,40100,2.6,990,144,6,66.4,2526.47,Pune,Marketplace
107672,36,112700,19.3,3570,19,25,2,68687.32,Hyderabad,Website
103493,40,83300,9,1690,58,10,45.1,15219.61,Chennai,Marketplace
102672,47,41000,3.9,920,82,7,69.5,3534.32,Bengaluru,Mobile App
108848,34,137100,16.4,4790,16,26,18.5,78572.8,Hyderabad,Mobile App
102225,40,47600,3.8,590,91,6,70.7,2231.38,Mumbai,Mobile App
101107,43,55900,4.2,870,108,5,69.4,3691.48,Mumbai,Website
108117,51,151300,19.8,4210,24,23,12.2,83243.69,Pune,Website
100819,35,54900,3.7,780,93,8,69.5,2925.6,Delhi,Mobile App
104524,,83400,8.8,1990,45,12,64.7,17615.31,Hyderabad,Marketplace
108313,40,135400,14,5480,18,23,19.7,76547.52,Hyderabad,Mobile App
107591,43,132100,18.6,3630,27,23,10,67571.5,Mumbai,Marketplace
105745,39,71500,8.5,1990,51,15,58.2,16845.85,Mumbai,Mobile App
108479,41,145200,15.6,4090,10,17,24.5,63636.82,Chennai,Mobile App
100889,42,57800,3.8,820,174,7,76.8,3128.73,Mumbai,Mobile App
102438,45,52300,3.5,780,140,6,70.8,2718.27,Bengaluru,Mobile App
100818,40,41700,3,730,152,4,60.5,2184.38,Pune,Marketplace
107208,47,128000,21.3,4930,9,19,26.4,105045.78,Delhi,Marketplace
103415,42,86300,12.9,1720,62,12,40.4,22176.96,Hyderabad,Website
102342,38,,3.2,640,169,7,71.7,2026.44,Bengaluru,Mobile App
108085,49,116400,18.9,4940,13,24,15.9,93148.54,Hyderabad,Website
103168,39,100600,7.7,1980,52,14,48,15200.25,Mumbai,Website
107284,,172800,21.4,5060,23,24,18.7,108022.74,Hyderabad,Marketplace
106495,37,87600,8.5,1740,48,16,30.6,14769.69,Chennai,Marketplace
101265,32,28300,3.2,930,114,4,61.8,2985.51,Chennai,Marketplace
105087,35,,10,1490,58,10,41.8,14822.5,Hyderabad,Marketplace
105195,26,66000,7,1330,53,15,45.3,9344.76,Delhi,Website
104450,36,77500,10.1,2160,49,10,51.5,21814.21,Bengaluru,Website
104946,43,73900,7.8,1510,32,12,48,11820.59,Mumbai,Website
104046,31,89900,10.8,1800,50,15,46,19384.51,Pune,Website
107118,47,127500,17.3,4730,19,25,18.2,81697.7,Pune,Mobile App
106948,38,129200,16.9,3760,17,27,34,63325.32,Hyderabad,Marketplace
101229,46,47600,2.3,900,44,7,58.7,2065.25,Bengaluru,Website
105884,32,102300,8.7,1880,50,13,48.9,16280.68,Mumbai,Marketplace
105517,35,85000,9.2,1950,47,14,47.9,17895.48,Mumbai,Marketplace
105142,29,80400,9.3,1530,38,13,52.3,14161.01,Chennai,Mobile App
100053,33,62800,3.9,720,161,5,64.8,2783.07,Hyderabad,Website
105925,50,104200,10.7,2000,50,10,33.2,21405.18,Hyderabad,Website
106966,42,139200,8.7,4080,16,27,4.1,35474.78,Bengaluru,Mobile App
100160,27,48500,2.6,630,120,6,76.9,1609.32,Mumbai,Mobile App
107334,37,144900,15.4,4880,26,28,7.5,75431.52,Pune,Mobile App
101588,31,52300,2.9,850,131,6,58.8,2481.43,Chennai,Mobile App
101590,48,55900,5.1,800,91,5,51.9,4077.54,Hyderabad,Marketplace
105613,36,65600,9.8,1940,64,14,50,19018.47,Bengaluru,Marketplace
106936,40,80100,15.8,4660,20,27,2.7,73398.25,Chennai,Marketplace
106221,36,61000,9.4,1830,55,18,57.5,17177.1,Chennai,Marketplace
103859,35,91600,10.3,1960,52,12,32.7,20233.16,Chennai,Mobile App
107875,42,180200,18.1,4300,22,29,17.1,77949.16,Chennai,Website
107559,27,147100,15,4160,18,27,7.4,62447.85,Pune,Marketplace
102829,51,44000,2.1,680,92,6,65.1,1414.76,Chennai,Mobile App
100437,33,36900,3.6,840,124,6,61.9,3006.34,Hyderabad,Marketplace
106595,39,151300,15.6,4730,12,31,28.8,73679.89,Pune,Website
103879,41,107400,7.2,2170,35,14,50.2,15603.9,Hyderabad,Mobile App
101589,38,47300,3.7,920,90,5,71.1,3418.01,Pune,Marketplace
102781,32,59200,4.4,780,136,8,69.5,3422.67,Hyderabad,Website
108545,47,150000,20.5,4300,19,30,34.7,88175.68,Hyderabad,Marketplace
107270,41,192600,19.3,3780,19,24,13.4,72813.96,Delhi,Website
107249,35,160600,18.8,3570,26,38,36.1,66900.73,Delhi,Mobile App
104728,35,75900,10.1,1670,28,16,46.6,16874.2,Delhi,Website
100974,35,43000,3,930,130,6,80.3,2848.55,Delhi,Mobile App
101239,37,58900,4,650,111,7,62.1,2582.37,Delhi,Marketplace
102952,38,53600,3.8,770,134,6,78.9,2946.83,Delhi,Marketplace
102343,63,38600,3.4,830,107,5,70,2841.7,Chennai,Mobile App
105913,40,87800,11.2,1620,40,10,53.7,18180.99,Hyderabad,Marketplace
102159,37,42700,3.3,1020,110,6,64.7,3373.63,Chennai,Marketplace
105338,25,81500,8.4,1170,48,13,32.9,9765.19,Pune,Mobile App
101498,31,54900,4.1,740,152,4,71.4,3068.64,Mumbai,Website
104546,36,69900,8.1,1710,53,7,23.1,13958.13,Delhi,Marketplace
104258,30,88100,9.1,1820,53,8,48.4,16615.72,Bengaluru,Website
102423,32,39700,2.9,1010,100,6,71.9,2951.54,Bengaluru,Mobile App
105186,35,124800,7.7,2240,34,18,55.3,17325.07,Hyderabad,Mobile App
100358,35,59400,3.6,910,167,8,80,3293.11,Bengaluru,Website
105243,27,113200,11,2190,35,12,54.7,23988.07,Chennai,Mobile App
106477,32,95800,8.4,1640,54,12,18.8,13863.13,Delhi,Website
108335,42,148300,14.6,4680,20,24,24.8,68381.06,Bengaluru,Marketplace
102093,31,53600,3.1,720,116,6,78.3,2201.97,Chennai,Website
102016,36,60600,3,980,129,5,74.4,2893.56,Pune,Marketplace
108144,35,137800,18.9,5150,15,26,23.7,97365.6,Hyderabad,Website
108235,41,169100,19.4,4630,14,16,30,89940.59,Hyderabad,Marketplace
100188,39,54700,2.9,990,169,9,71.8,2850.23,Hyderabad,Mobile App
105555,38,,7.8,1920,57,9,43.5,14943.97,Bengaluru,Mobile App
103656,41,82500,6.7,1920,49,16,46.6,12900.62,Pune,Mobile App
103427,38,94400,10.1,1530,50,14,49.8,15539.94,Bengaluru,Marketplace
105820,44,107300,11.2,1690,56,13,50.6,18909.21,Delhi,Mobile App
101382,34,57800,3.7,880,93,7,78,3254.2,Chennai,Marketplace
108066,38,158400,13.6,3220,15,25,24.1,43820.44,Bengaluru,Marketplace
100414,24,47600,4.3,830,167,5,66.5,3597.28,Hyderabad,Marketplace
105038,22,99000,7.9,1930,70,15,48.9,15304.01,Mumbai,Marketplace
104898,32,84700,7.7,1850,62,13,52.3,14289.58,Delhi,Mobile App
103337,30,92400,6.9,1940,44,13,40.1,13318.49,Mumbai,Mobile App
103607,29,71700,10.2,1520,52,15,37.1,15578.15,Pune,Marketplace
103176,33,96500,8.2,1820,72,12,37.3,14969.2,Chennai,Website
107181,41,127100,23.6,4110,18,29,32.4,96870.66,Mumbai,Marketplace
108765,44,170600,15.2,4450,20,32,11.3,67856.85,Bengaluru,Marketplace
107959,40,141800,18.5,3860,27,24,19.8,71385.18,Hyderabad,Mobile App
100257,34,56700,3.9,830,161,5,70.5,3198.62,Chennai,Website
105720,38,79600,8.9,1740,48,14,31.6,15520.76,Hyderabad,Mobile App
100201,35,39300,5,810,130,5,67.5,4068.47,Mumbai,Mobile App
102236,44,47400,2.6,970,144,8,72.9,2545.91,Hyderabad,Marketplace
104744,33,95500,11.4,1990,37,12,47.7,22741.85,Chennai,Website
101768,39,47900,2.4,960,151,7,73,2334.91,Pune,Mobile App
104237,42,102100,8.5,2040,38,9,39,17386.19,Hyderabad,Mobile App
107054,39,127300,19.9,3460,22,27,25.3,69035.45,Bengaluru,Marketplace
101573,31,64300,2.3,880,125,7,58.5,1996.04,Hyderabad,Website
100025,38,60900,4.2,750,135,9,69.8,3188.28,Chennai,Mobile App
107788,37,149400,21.3,4710,16,22,5.8,100130.99,Bengaluru,Website
101089,39,55000,3.3,720,158,5,72.4,2336.68,Mumbai,Website
104675,35,77000,7.3,2290,38,9,38.7,16763.25,Delhi,Marketplace
102695,44,45600,3.7,830,172,8,65.2,3048.67,Pune,Website
107865,42,141900,18.7,4240,19,23,29,79434.87,Pune,Mobile App
103399,51,98500,7.4,1910,46,15,43.2,14224.02,Mumbai,Website
103560,30,91800,11.2,1560,47,16,43.3,17440.09,Mumbai,Marketplace
108258,38,163800,17.1,2610,25,27,17,44788.81,Bengaluru,Mobile App
102842,35,50200,4.8,700,153,4,63.8,3360.03,Bengaluru,Mobile App
102312,42,45300,3.4,830,116,7,68.9,2812.14,Delhi,Marketplace
106862,31,160500,19.8,3920,17,27,4.3,77559.18,Chennai,Website
103235,42,82800,5.9,1120,66,11,59.8,6580.88,Pune,Marketplace
104153,40,72700,7.4,1620,39,13,52,11959.78,Hyderabad,Marketplace
101310,29,49300,3.3,890,99,4,59.6,2901.64,Hyderabad,Mobile App
100696,39,56200,3.6,770,132,6,86.1,2783.18,Chennai,Mobile App
105405,30,67100,8.7,2290,58,16,53.1,19920.11,Delhi,Mobile App
103753,27,71900,12,2110,61,13,57.1,25417.38,Mumbai,Mobile App
101228,28,41000,3.7,900,165,8,64.4,3318.13,Pune,Mobile App
102000,38,48900,2.6,750,142,8,88.9,1941.84,Bengaluru,Website
100277,38,44300,3.6,820,121,7,65.4,2954.13,Mumbai,Website
107667,58,158300,13.3,4960,20,14,20.9,65775.82,Delhi,Mobile App
108080,35,199000,15.8,3440,27,26,34.9,54457.44,Mumbai,Mobile App
108763,40,114300,12.9,5080,27,21,24.3,65370.79,Chennai,Mobile App
103638,36,75100,8.4,1240,42,11,38.6,10338.21,Delhi,Marketplace
106681,38,159500,14.4,4310,18,26,28.2,61974.72,Chennai,Mobile App
104779,35,102200,7.5,1810,71,12,39.8,13487.26,Bengaluru,Mobile App
108912,41,111500,20.8,3230,13,26,10.9,67284.71,Delhi,Website
104118,38,,10.2,1480,69,15,46.9,15153.12,Delhi,Marketplace
106437,38,102300,10.5,1340,44,11,49.3,14031.45,Delhi,Mobile App
101138,36,61000,3.3,1060,111,7,75.6,3491.7,Hyderabad,Marketplace
102768,39,55600,3,890,184,5,60.3,2725.97,Chennai,Mobile App
108009,41,139000,12.4,4640,21,30,2,57405.98,Delhi,Mobile App
106232,37,112200,6,1510,44,11,37.1,8981.12,Hyderabad,Mobile App
100943,37,53700,4,690,105,6,76.2,2774.21,Delhi,Mobile App
108805,41,127400,17.7,3600,16,28,13.8,63683.57,Mumbai,Marketplace
108374,41,148600,13,4090,18,28,27.2,53228.73,Delhi,Website
104936,27,94600,9.3,1820,45,14,39.9,16993.73,Delhi,Mobile App
103936,37,96100,10.1,1500,53,14,48.1,15188.79,Hyderabad,Mobile App
105635,28,84100,9.1,1150,52,14,49.7,10421.29,Delhi,Marketplace
102385,39,53900,4,740,136,6,70.9,2926.52,Pune,Marketplace
100116,34,47400,2.8,750,143,7,74.1,2061.98,Hyderabad,Marketplace
106895,33,105300,16.5,4670,20,23,16.5,77077.14,Delhi,Marketplace
107015,50,128600,16.1,5100,28,30,12.4,82205.17,Delhi,Website
103120,31,53700,6.4,2360,74,15,42,15072.94,Chennai,Mobile App
104259,32,67700,7.8,1490,41,12,34.7,11549.48,Mumbai,Website
105821,34,109400,11.7,1770,44,8,46.3,20772.69,Delhi,Mobile App
107096,53,133700,16.5,4850,17,26,29.5,79971.32,Delhi,Mobile App
102820,48,40600,3.7,620,106,6,65.7,2279.3,Chennai,Website
103823,35,94300,8,2490,45,11,50.7,19992.45,Mumbai,Marketplace
108268,33,156100,16.7,4160,19,24,27.1,69590.43,Delhi,Mobile App
104700,41,93900,9.1,2050,75,15,42.8,18659.18,Mumbai,Mobile App
107897,43,154700,15.6,4060,18,28,20,63330.76,Bengaluru,Website
103803,39,87900,8.5,1580,32,14,32.2,13364.21,Chennai,Marketplace
103537,21,78700,8.7,1380,44,16,47.9,12100.45,Chennai,Website
103826,29,89700,8.3,1460,33,11,38.5,12091.91,Pune,Marketplace
108642,40,182600,12.9,3670,19,21,19,47380.71,Hyderabad,Website
107354,52,191000,18,5040,22,29,12.9,90943.51,Pune,Marketplace
104811,39,82200,10.7,1700,16,13,30.3,18155.64,Delhi,Mobile App
101947,39,38800,3.1,810,98,7,64.7,2526.04,Chennai,Mobile App
107749,40,107200,16.4,4170,19,26,25.2,68514.99,Hyderabad,Marketplace
106501,39,108000,15.5,4580,21,27,27.9,71060.87,Hyderabad,Website
105336,34,87600,8.4,1840,35,10,26.8,15508.9,Pune,Website
103489,35,87900,6.6,1340,41,12,42.1,8813.61,Pune,Website
101611,30,59200,4,900,86,7,63,3600.76,Bengaluru,Marketplace
106259,28,90100,9.9,2000,48,11,43.5,19764.84,Pune,Mobile App
107474,39,132800,15.8,3990,12,28,22.8,63039.49,Pune,Mobile App
104678,40,102900,9.1,1350,54,16,41.1,12383.59,Bengaluru,Mobile App
104960,37,81100,8.6,2360,30,9,57,20339.55,Hyderabad,Marketplace
107653,54,118400,20.5,3850,21,21,36.2,78882.76,Chennai,Website
104762,34,90700,9.3,1740,57,12,36,16155.94,Chennai,Marketplace
102195,37,55600,3.3,670,187,7,63.2,2192.41,Delhi,Mobile App
106469,37,88300,10.7,1980,61,17,34.9,21135.8,Bengaluru,Website
105114,36,87800,9.4,1920,38,13,41.6,18180.92,Hyderabad,Mobile App
100558,38,53200,3.9,780,91,6,62.1,3026.79,Chennai,Mobile App
106517,35,150500,17.1,4410,21,22,22,75275.46,Bengaluru,Marketplace
107525,43,173200,14.8,3340,21,23,22.3,49597.11,Bengaluru,Mobile App
101208,40,51100,3,760,120,5,66.3,2305.62,Delhi,Mobile App
105697,36,80200,5.5,1980,65,11,48.5,10835.87,Bengaluru,Marketplace
105912,27,84100,7,1710,51,15,42.7,11884.7,Chennai,Website
101511,42,59200,3.1,680,183,6,63.8,2139.29,Chennai,Mobile App
103830,33,64400,10,2270,41,14,40.4,22738.61,Delhi,Website
103733,38,69000,9.9,1380,71,13,40.2,13668.87,Chennai,Website
106436,42,81500,7.2,1980,46,16,43.4,14270.35,Mumbai,Marketplace
103212,30,99000,10.3,1620,55,15,46.8,16725.87,Chennai,Mobile App
103631,47,93800,8.9,1360,49,16,47.6,12056.28,Delhi,Website
108289,37,128900,17.3,4530,20,30,18.1,78350.8,Pune,Website
106743,39,129700,13.8,5060,20,29,9.1,69881.65,Chennai,Mobile App
100267,39,61300,3.2,580,110,6,67.3,1837.81,Mumbai,Marketplace
101141,42,36300,3.7,790,168,5,55.5,2954.64,Delhi,Website
103163,37,71900,10.6,2170,36,11,44.6,22981.78,Hyderabad,Marketplace
107014,45,153000,22.5,4470,14,23,19.3,100502.23,Chennai,Website
103731,40,87500,6.8,2040,49,18,42,13916.96,Delhi,Marketplace
101910,,52600,3.3,920,73,4,66.9,3074.1,Delhi,Mobile App
105910,31,91000,7.7,1630,33,16,41.1,12524.32,Chennai,Mobile App
102661,32,54100,3.1,720,89,6,67.3,2265.82,Hyderabad,Mobile App
100657,33,56600,3.8,680,104,5,58.1,2547.96,Mumbai,Mobile App
106986,43,155300,15,4250,14,24,24.3,63606.87,Hyderabad,Mobile App
106334,26,78100,11.1,1920,53,10,60.2,21315.56,Delhi,Marketplace
100999,36,,3.6,750,165,8,76.3,2653.13,Hyderabad,Mobile App
106002,31,97200,7.6,1780,62,13,45.9,13511.11,Delhi,Website
102835,38,60000,3.9,750,138,7,84.5,2956.07,Chennai,Mobile App
108275,41,185300,12.1,3980,20,34,19.1,48112.83,Pune,Website
101238,35,40600,2.9,890,145,7,82.1,2602.66,Mumbai,Website
102152,37,37500,4,890,160,5,69.9,3591.02,Hyderabad,Marketplace
106404,33,64200,9.6,2170,42,14,44.1,20848.4,Bengaluru,Website
107526,43,135800,16.4,3910,21,26,30.1,64120.64,Hyderabad,Website
105092,40,100200,8.5,1930,75,16,39.7,16338.81,Delhi,Marketplace
102187,35,57200,2.4,900,154,9,64,2149.97,Pune,Mobile App
101135,44,44600,2.8,540,117,5,60,1510.51,Pune,Website
105005,30,96200,7,1700,39,11,47.7,11872.78,Hyderabad,Website
101304,43,51400,3.4,900,105,7,85.3,3012.49,Chennai,Website
101628,30,36400,4.1,850,107,4,64.9,3454.42,Mumbai,Marketplace
106358,40,71300,7.5,1350,55,14,49.6,10075.15,Chennai,Mobile App
101523,45,56500,4.2,640,141,4,69.3,2702.23,Pune,Mobile App
108857,44,178900,19.9,3680,16,25,30.5,73186.87,Mumbai,Mobile App
100359,31,44300,3.4,950,126,5,73.9,3190.4,Chennai,Mobile App
100139,50,40100,3.9,820,93,5,82.9,3212.37,Chennai,Website
100300,28,61600,4.5,740,111,5,65.9,3283.93,Delhi,Website
101557,39,66300,4.4,1020,117,5,82.8,4443.72,Delhi,Marketplace
105100,33,75800,9.5,1440,49,10,40.9,13681.34,Chennai,Mobile App
100383,32,53600,2.9,810,133,6,71.4,2326.68,Bengaluru,Marketplace
106827,38,85800,19.3,3980,26,30,24.7,76631.8,Bengaluru,Mobile App
105628,29,73100,10.5,2160,44,10,59.9,22698.04,Hyderabad,Website
104858,41,84000,9.7,2250,37,15,36.1,21858.64,Hyderabad,Website
107840,37,126800,13.8,4730,23,32,11.2,65187.11,Chennai,Marketplace
107160,49,118400,16.8,3630,18,27,19.1,60959.28,Hyderabad,Mobile App
107793,39,168600,15.1,4450,18,20,5.4,67397.22,Delhi,Website
108487,34,132800,17.1,4600,21,15,26.9,78475.18,Bengaluru,Mobile App
106804,39,161200,18.2,4730,20,30,26.9,86041.05,Mumbai,Marketplace
105730,29,80500,7,2130,70,13,54.9,15023.85,Mumbai,Mobile App
108326,40,164000,16.6,3950,17,28,20.1,65335.07,Hyderabad,Mobile App
102722,40,49200,3.3,760,108,4,74,2525.92,Bengaluru,Marketplace
101933,38,34500,3.9,790,89,6,58.5,3056.36,Bengaluru,Website
106216,31,55600,8.4,1460,27,13,41.2,12248.66,Bengaluru,Marketplace
103237,33,103200,10.6,2450,57,16,41.6,25872.91,Chennai,Website
103141,33,76600,10.1,950,37,16,40.9,9605.55,Hyderabad,Marketplace
104164,28,83200,9.4,1740,47,15,42.1,16442.39,Mumbai,Website
107847,39,113000,21.3,4680,14,28,22,99548.84,Bengaluru,Mobile App
103808,31,74600,7.5,1680,60,13,47.8,12618.86,Pune,Marketplace
108554,47,151800,14.7,4030,18,22,13.5,59281.01,Mumbai,Mobile App
107260,36,139600,19.2,4470,16,21,15.2,85843.04,Mumbai,Website
104155,29,69700,8.1,1920,24,13,50.4,15604.67,Hyderabad,Mobile App
104173,34,83200,8.8,1610,47,11,44.5,14214.57,Bengaluru,Mobile App
100797,48,47900,2.7,960,130,5,73.5,2553.75,Pune,Website
102417,45,45900,4.1,790,138,6,82.5,3260.32,Bengaluru,Website
100786,50,46200,2.9,850,137,6,79.1,2502.13,Mumbai,Website
103159,43,77800,8,1870,57,15,59.2,14967.62,Chennai,Website
100124,31,49400,4,850,91,6,70,3413.61,Chennai,Mobile App
102173,38,52400,4.1,800,108,4,52.4,3301.41,Pune,Mobile App
107681,47,179200,17.1,5450,17,21,12.1,93240.24,Chennai,Website
107065,43,145300,19.1,4570,24,29,25,87297.61,Mumbai,Mobile App
108389,40,116500,16.8,3350,16,27,18.3,56314.13,Mumbai,Marketplace
104341,33,87900,10.5,1760,33,6,46.5,18428.65,Mumbai,Marketplace
100911,49,55600,4.4,750,156,6,57.8,3334.92,Pune,Marketplace
102310,43,49500,3.6,780,54,5,61.1,2780.64,Delhi,Marketplace
108717,35,138700,11.6,4310,24,22,14.8,50004.17,Mumbai,Website
103635,37,90400,10.4,1230,51,10,41.8,12818.92,Hyderabad,Mobile App
101258,37,39200,3.9,820,138,5,69.5,3208.82,Mumbai,Marketplace
104459,37,83300,11,1250,36,16,41.2,13706.79,Pune,Mobile App
101179,37,54200,2.7,930,108,8,67.2,2524.18,Bengaluru,Mobile App
104653,24,108100,7.1,1780,74,18,47.4,12644.74,Bengaluru,Website
103651,35,106800,9.6,1810,66,15,43.8,17302.38,Chennai,Mobile App
100443,37,59100,4.7,820,103,4,85.1,3893.59,Chennai,Marketplace
107558,46,135500,18.9,4160,16,24,10.5,78575.76,Hyderabad,Website
101400,38,37800,2.9,780,67,4,77.9,2222.38,Bengaluru,Website
101458,31,36900,3.4,890,114,5,74.3,3026.52,Mumbai,Website
107582,45,53500,25.8,4120,13,24,28.8,106336.48,Delhi,Marketplace
101055,34,57100,2.9,950,92,7,63.4,2751.24,Chennai,Mobile App
105492,34,63800,7.6,1850,53,15,46,14158.33,Chennai,Mobile App
103276,39,90800,9,1680,43,12,45.3,15206.79,Bengaluru,Website
108668,53,152400,14.7,4020,21,27,9.2,58874.54,Bengaluru,Website
103700,30,90600,7.9,2010,43,13,46.3,15899.56,Mumbai,Mobile App
103760,32,79500,9.7,1790,52,14,57.5,17355.58,Mumbai,Website
100930,29,57100,3.9,840,109,7,76.6,3331.22,Pune,Marketplace
106988,34,161500,12.6,4760,15,22,23.4,60129.34,Chennai,Marketplace
101830,41,45500,3.5,720,83,6,73.5,2517.23,Chennai,Website
102929,40,52700,2.8,1030,57,6,71.2,2894.2,Delhi,Marketplace
108945,49,155800,20.2,4360,13,30,18.9,87880.93,Bengaluru,Mobile App
104222,40,79300,11.4,1640,45,13,44.8,18717.89,Bengaluru,Marketplace
103547,39,81600,7.5,1600,41,14,38.3,11936.64,Delhi,Mobile App
107931,46,164200,20.1,4470,16,30,30.9,89611.37,Bengaluru,Website
106561,48,118200,18.9,3860,22,14,13.7,72958.21,Chennai,Website
102012,41,51400,2.3,800,105,6,75.3,1852.28,Bengaluru,Marketplace
107473,40,126300,15,3720,12,23,33.2,55701.57,Mumbai,Marketplace
106712,44,161300,12,4490,21,32,22.7,54046.47,Pune,Website
103220,29,87000,5.6,1940,34,16,46.6,10836.68,Mumbai,Website
102607,40,52600,4,870,94,7,72.6,3429.53,Delhi,Website
103265,35,76800,10.3,2360,28,15,37.3,24294.86,Chennai,Website
104929,25,81800,6.8,1570,53,13,33.3,10581.28,Pune,Marketplace
107454,34,128400,19.4,4670,18,22,20,90787.72,Pune,Mobile App
107076,40,166800,15.8,5880,17,28,23.5,93190.07,Delhi,Website
100007,39,54500,3.5,860,140,9,78.6,3025.82,Pune,Mobile App
102981,39,55400,3.1,970,139,5,83.6,2981.19,Delhi,Marketplace
103362,45,72400,8.9,1630,29,15,44.7,14576.3,Chennai,Marketplace
104775,28,77800,7.1,1470,34,13,51.5,10468.76,Hyderabad,Website
101944,31,54800,3.5,790,129,7,82.7,2777.31,Mumbai,Mobile App
108785,41,153200,16.5,3810,20,25,20.2,63040.12,Hyderabad,Mobile App
105500,30,79700,11.4,1890,32,9,45.1,21534.42,Chennai,Mobile App
101636,27,41800,2.6,810,165,7,79.8,2085.37,Chennai,Mobile App
101142,38,52800,4.4,600,110,9,71.4,2672.78,Chennai,Marketplace
107569,39,133500,18.5,4980,19,29,20.7,92070.54,Delhi,Mobile App
106324,37,94200,11.1,1260,61,12,48,14075.64,Hyderabad,Mobile App
102071,45,50300,2.6,1020,108,6,64.8,2692.88,Hyderabad,Mobile App
103135,29,71900,8.7,1670,62,14,37.1,14486.82,Bengaluru,Website
105161,33,102100,7.5,1590,41,13,40,11956,Bengaluru,Marketplace
106276,34,75600,8.3,1600,53,11,51.2,13329.62,Pune,Marketplace
106770,42,154600,16,4670,14,25,15.8,74844.89,Mumbai,Mobile App
102243,42,48200,4.2,980,65,7,61.9,4089.68,Mumbai,Mobile App
101475,42,58700,3.4,760,95,5,72.7,2600.67,Delhi,Website
107317,39,109400,13.3,3480,26,28,5.2,46162.32,Hyderabad,Marketplace
101890,45,34300,4.1,750,112,5,76.1,3079.31,Bengaluru,Marketplace
103436,37,79400,12.2,2650,65,14,50.1,32415.09,Chennai,Mobile App
106142,41,92100,11,1840,56,12,52,20234.06,Pune,Mobile App
107339,46,149300,18.4,4580,15,19,14,84488.5,Pune,Website
103706,41,75900,9.8,1900,42,14,45,18509.34,Hyderabad,Mobile App
102022,34,56000,4.3,850,112,5,74.8,3622.82,Pune,Mobile App
104021,34,68800,11.5,1600,41,9,49.8,18381.46,Chennai,Mobile App
107745,51,141800,14.9,4650,17,35,17.7,69229.88,Chennai,Website
107041,45,153400,17.9,4390,17,22,19.3,78545.25,Mumbai,Mobile App
108600,36,133600,18.8,3840,24,29,28.6,72346.84,Chennai,Website
102659,33,49900,3.4,670,178,6,66.6,2268.3,Bengaluru,Mobile App
101131,41,58500,3.7,980,99,4,81.6,3617.74,Delhi,Website
106735,45,117400,14.9,3000,14,21,33,44743.11,Mumbai,Website
101820,36,60200,3.3,660,130,6,75.1,2199.85,Delhi,Website
106046,26,59900,10.1,1910,52,12,59,19386.19,Hyderabad,Marketplace
104319,31,76800,8.6,1960,57,16,59.9,16785.66,Bengaluru,Website
108669,38,141500,16.3,3950,23,36,15.9,64221.86,Bengaluru,Marketplace
104145,41,78200,7.8,1420,48,11,42.6,11018.05,Hyderabad,Marketplace
104670,34,84700,8.2,2080,50,12,38.1,17118.52,Chennai,Website
101237,32,43100,3.4,800,103,5,71.4,2701.67,Pune,Marketplace
105477,30,86500,10.5,2220,62,17,46.5,23428.52,Pune,Mobile App
108883,40,192500,12.1,3300,13,20,4.8,40096.62,Chennai,Website
101857,49,49200,4.8,800,165,5,75.7,3820.96,Delhi,Website
102283,27,43900,3.7,860,105,7,81.6,3234.92,Mumbai,Website
106696,44,214500,19.5,4640,18,29,20.3,90488.1,Hyderabad,Mobile App
108411,38,92800,12.2,3980,21,23,9.4,48696.53,Pune,Mobile App
104094,40,87300,8.8,1450,33,16,38.3,12670.59,Chennai,Marketplace
105721,46,81500,6,2060,32,12,44.8,12407.97,Mumbai,Website
105201,35,94000,8.7,1920,66,12,57.2,16684.61,Mumbai,Marketplace
103422,27,97000,7,1730,41,15,46.6,12151.49,Chennai,Marketplace
100387,34,51800,3.9,640,171,6,83.1,2509.57,Hyderabad,Website
101629,41,49200,3.9,740,131,6,72.3,2857.78,Hyderabad,Mobile App
103586,28,68400,8.3,1730,51,18,48.2,14292.64,Chennai,Mobile App
105988,21,,10.4,2000,30,15,46.2,20790.63,Chennai,Mobile App
102715,27,42300,3.5,830,111,8,68.9,2951.48,Pune,Website
106991,38,157000,13.9,4810,15,17,8.1,66684.59,Chennai,Website
107026,37,137700,22.9,2380,18,15,22.7,54557.72,Pune,Mobile App
108412,33,93000,10.4,4370,13,31,9.3,45616.16,Pune,Mobile App
103190,40,54500,7.4,1950,54,12,48.6,14493.39,Bengaluru,Marketplace
104138,38,81700,10.5,2230,31,17,36,23502.62,Mumbai,Marketplace
104306,29,76000,13.2,2120,41,20,50.5,28042.9,Chennai,Mobile App
100910,41,62300,3.5,820,121,7,73.5,2873.54,Mumbai,Mobile App
105386,42,100000,8.7,1730,39,14,36.7,15014.24,Hyderabad,Marketplace
107449,48,111400,17.7,3750,19,23,14.3,66421.02,Delhi,Mobile App
101867,43,39900,3.2,760,167,7,79.2,2420.54,Mumbai,Marketplace
101843,42,51500,4,660,93,5,61.3,2637.28,Hyderabad,Marketplace
102498,47,51300,4.2,760,83,7,57.3,3163.72,Hyderabad,Website
108060,41,155000,15.5,3380,14,30,25.7,52462.01,Hyderabad,Mobile App
106392,34,78500,10,1970,50,11,41.1,19720.86,Bengaluru,Marketplace
106248,51,89300,8.7,1820,42,14,43.2,15883.96,Delhi,Website
105055,31,86000,10.8,1750,66,13,42,18961.51,Mumbai,Mobile App
104007,37,87600,9,1610,57,13,46.1,14443.96,Mumbai,Marketplace
102703,31,46200,2.9,580,106,6,74.4,1713.22,Hyderabad,Mobile App
108093,39,102100,15.6,3750,16,29,13.7,58350.51,Delhi,Mobile App
100332,41,50500,4.4,890,107,5,72.4,3898.94,Delhi,Marketplace
108721,29,139400,14,4100,13,24,25.6,57413.13,Mumbai,Website
107975,38,149500,15.4,5020,22,23,16.7,77245.08,Hyderabad,Marketplace
106592,39,180600,18.9,3430,18,27,24.2,64830.41,Chennai,Mobile App
105808,37,93000,10.2,1690,54,14,47.3,17282.05,Hyderabad,Mobile App
102460,43,,4.7,1110,143,6,62.4,5253.39,Bengaluru,Mobile App
101775,28,62100,3.8,880,88,7,72.2,3354.59,Bengaluru,Mobile App
106144,28,68200,10.1,1770,39,12,42.5,17872.22,Mumbai,Website
106456,22,52200,8.5,1810,39,8,49.8,15339.69,Hyderabad,Website
102687,38,59100,4.5,760,86,7,71.8,3463.55,Pune,Mobile App
108249,42,146000,15.7,3330,23,27,14.2,52163.78,Pune,Marketplace
108000,35,153300,18.7,3830,24,22,16.8,71548.21,Bengaluru,Mobile App
105699,35,116800,8.8,2480,72,15,42.3,21887.71,Mumbai,Marketplace
106881,41,119600,18.8,3640,16,26,20.8,68374.17,Hyderabad,Marketplace
107247,38,124400,15.4,4350,11,16,25.7,66788.37,Mumbai,Marketplace
107590,32,127500,22.1,4850,22,30,20.2,107243.62,Hyderabad,Mobile App
107529,34,140700,15.9,3330,18,33,26.4,52860.59,Chennai,Marketplace
107037,42,178300,17.5,4300,14,16,14.2,75100.12,Mumbai,Website
107415,42,119900,11.2,3970,16,23,33.5,44560.11,Mumbai,Website
105463,29,89600,11.7,1460,46,13,51.6,17057.32,Delhi,Website
100174,37,41100,3.5,870,124,5,79.6,3051.09,Pune,Website
106718,40,152900,15.4,4870,18,25,20.9,74879.92,Bengaluru,Mobile App
104616,38,70900,11.6,1670,30,13,53,19314.57,Mumbai,Website
103322,35,95000,10.8,1570,52,16,57.7,17036.33,Mumbai,Website
105723,40,84900,7.4,1570,49,13,55,11706.69,Pune,Website
103373,25,76900,10.7,1900,32,11,57.4,20412.57,Chennai,Marketplace
103312,38,91900,9.9,1940,34,15,49.4,19256.45,Chennai,Marketplace
105901,34,72500,10.6,2270,31,16,34.9,23956.56,Mumbai,Mobile App
106134,26,111900,8.2,1710,57,10,51.6,14010,Hyderabad,Website
107718,44,169100,13.9,4210,25,20,25.2,58586.27,Pune,Website
108520,43,143900,17.4,4710,11,26,18.9,81856.47,Delhi,Marketplace
104680,33,,7.4,2250,51,13,40.3,16773.34,Delhi,Mobile App
103404,37,98500,7.6,1200,52,14,47.8,9197.65,Delhi,Marketplace
100019,32,42100,3.1,810,105,4,70.5,2554.68,Delhi,Marketplace
103692,33,79800,10.2,2070,52,13,30,21148.19,Mumbai,Mobile App
107442,40,146000,13.8,2120,21,31,18.7,29191.31,Pune,Mobile App
104097,33,87900,6.8,1710,49,12,40.3,11712.84,Hyderabad,Website
103629,25,85800,7.9,2010,42,15,47.2,15811.11,Mumbai,Mobile App
107819,53,139300,16.3,2950,14,18,26.5,48119.51,Bengaluru,Mobile App
102175,35,38500,3.2,1070,123,5,74,3442.33,Delhi,Mobile App
101357,43,42200,3.4,830,108,6,69.4,2825.07,Pune,Marketplace
105003,31,85200,8.5,1940,36,14,42.1,16472.25,Delhi,Website
105973,31,64800,6.9,1620,30,8,60.5,11208.03,Pune,Website
108577,42,113400,15.2,3600,16,18,8.3,54644.48,Pune,Marketplace
103113,37,80800,10.1,1310,58,12,47.1,13180.56,Chennai,Mobile App
100183,40,51700,3.8,760,120,7,67.1,2901.34,Pune,Mobile App
107693,36,171300,18.5,3300,17,26,23.2,60995.04,Pune,Marketplace
107790,41,101000,19.3,3150,21,22,28.2,60793.55,Pune,Marketplace
101813,45,49500,1.4,830,111,5,72.5,1166.33,Mumbai,Mobile App
108137,40,193500,15.8,4000,18,29,22.5,63295.03,Hyderabad,Mobile App
108918,35,172900,17.9,4240,20,28,18.9,75736.48,Hyderabad,Mobile App
104913,28,67100,13.3,1850,60,14,57,24727.86,Bengaluru,Website
107236,39,152600,13.7,3180,9,31,13.4,43764.15,Mumbai,Website
101801,35,54400,3.4,920,101,5,85,3112.98,Bengaluru,Website
102430,34,60800,2.7,640,141,5,68.3,1718.97,Mumbai,Website
105483,42,103700,8.3,2260,36,9,49.7,18800.72,Chennai,Marketplace
107606,39,141200,17.7,4280,12,17,20.2,75709.38,Delhi,Website
106067,37,102700,10.6,2330,75,13,56.4,24696.26,Mumbai,Website
101969,34,50600,4.7,890,101,6,63.2,4218.53,Hyderabad,Website
106872,33,176100,13,5600,19,27,11.1,72920.76,Bengaluru,Mobile App
106573,48,171300,21.1,4080,21,18,6,86044.14,Bengaluru,Marketplace
106093,38,74100,12.3,2070,30,14,37.1,25543.48,Chennai,Mobile App
104988,38,84900,6.9,1840,59,13,50,12768.52,Pune,Mobile App
108807,46,138500,15.5,3690,13,28,26.7,57289.7,Delhi,Mobile App
104651,32,80000,10.4,2060,32,16,64,21507.24,Pune,Mobile App
101160,42,56600,4.4,860,121,6,72.6,3753.43,Bengaluru,Marketplace
101214,40,54200,2.6,820,129,5,64.1,2175.64,Hyderabad,Marketplace
105934,32,91900,8.3,2110,53,16,51.2,17428.61,Bengaluru,Mobile App
101326,34,58600,3.9,800,146,7,70.5,3137.67,Mumbai,Marketplace
106068,36,82100,10.9,1780,56,17,57.8,19475.51,Delhi,Marketplace
106130,32,57300,8.7,1840,54,11,47.5,15994.24,Delhi,Website
104797,38,77900,10,1870,73,12,60.4,18645.88,Hyderabad,Mobile App
101456,37,44400,3.3,960,69,7,67.1,3150.65,Mumbai,Marketplace
105411,36,77800,11,1570,36,16,49.4,17326.71,Bengaluru,Website
108068,37,171600,19.2,4260,18,21,20.6,81885.38,Chennai,Website
107012,46,127200,18.7,4270,12,31,15.9,80076.9,Mumbai,Website
104963,30,104500,8.1,2010,51,10,33.7,16343.39,Mumbai,Marketplace
107537,42,148600,13.8,4520,15,31,10.4,62360.8,Chennai,Website
101645,,38800,2.9,650,130,7,71.2,1915.16,Pune,Website
102141,37,58300,3.9,1120,156,6,75.4,4372.82,Pune,Mobile App
104537,30,108000,8.1,1770,32,15,50.8,14341.33,Mumbai,Marketplace
104458,40,65700,7.8,1620,67,14,43.5,12660.4,Bengaluru,Website
107958,39,112900,20.2,4940,16,19,16.9,99632.73,Pune,Website
105587,25,,7.7,1350,46,13,51.9,10364,Hyderabad,Marketplace
104379,34,105700,11.8,2170,44,10,55.2,25480.64,Hyderabad,Mobile App
100730,37,53000,5.2,820,85,10,65.7,4230.65,Mumbai,Marketplace
104358,39,93600,6.2,1670,39,13,55,10352.03,Delhi,Website
106265,40,86400,8.8,1910,48,16,41,16778.5,Mumbai,Website
101937,28,44100,2.4,960,85,5,59.3,2282.8,Mumbai,Marketplace
103794,42,102900,8.8,1910,49,11,59.2,16835.15,Bengaluru,Marketplace
103737,39,86300,8.6,2110,35,13,52,18099.31,Hyderabad,Marketplace
102262,36,53700,4.1,860,140,7,63,3570.91,Pune,Website
107628,43,119500,18.1,4350,15,31,9.1,79009.93,Hyderabad,Marketplace
101111,41,50200,2.9,880,119,5,87.9,2533.69,Mumbai,Mobile App
108620,37,201500,16.3,3640,16,26,12.7,59275.49,Mumbai,Website
105481,32,72600,11.2,1550,43,14,54.6,17297.24,Hyderabad,Mobile App
102999,52,51200,2.4,980,94,6,76,2358.81,Mumbai,Website
102395,51,63300,3.3,930,110,5,69.4,3025.55,Mumbai,Marketplace
101186,35,54900,2.7,760,130,5,76.3,2046.34,Delhi,Website
102008,42,44700,4.3,790,86,5,76.3,3397.85,Pune,Website
100194,32,39500,3.9,890,93,7,73.6,3458.9,Hyderabad,Marketplace
105612,38,112200,11.8,2160,21,12,48.2,25520.76,Mumbai,Website
108967,33,153100,18.8,5700,20,27,11.9,107154.78,Delhi,Marketplace
100579,31,40000,3.5,770,151,5,73.3,2691.84,Mumbai,Website
105526,30,85800,9.6,1860,72,16,45,17772.65,Bengaluru,Marketplace
100772,45,62200,2.4,1050,118,5,73.3,2531.08,Bengaluru,Website
102396,39,66100,3.7,890,200,6,59.7,3277.37,Delhi,Website
101479,27,53200,3.2,820,74,6,61.4,2645.01,Chennai,Website
101847,38,52100,3.4,980,143,5,65.5,3287.95,Pune,Marketplace
108214,37,148000,20.1,4820,14,22,19.1,96803.22,Hyderabad,Mobile App
104275,28,75000,9.8,2280,56,20,50.7,22314.56,Delhi,Marketplace
103741,30,105200,9.7,2060,49,15,44,19868.68,Chennai,Marketplace
104601,33,78300,8.2,1670,56,10,43.5,13724.13,Mumbai,Marketplace
106331,38,117500,12.3,1780,57,14,49.8,21843.23,Delhi,Website
106560,37,117600,18.8,3760,20,23,30.9,70594.56,Delhi,Mobile App
104916,33,76800,6.2,1760,65,14,41.8,10864.09,Bengaluru,Website
102074,45,54600,2.9,570,114,6,70.1,1637.62,Hyderabad,Website
104755,33,98600,7.5,1930,34,10,43,14429.88,Mumbai,Website
101897,45,50200,2.5,740,155,6,61.5,1838.92,Pune,Marketplace
107255,46,160900,17.9,3890,22,23,12,69521.05,Chennai,Website
103660,29,95900,7.5,1680,40,13,30.1,12504.45,Delhi,Website
102380,33,52500,3.4,790,170,6,83.9,2682.47,Mumbai,Marketplace
101448,35,51600,4.3,870,75,6,70.9,3760.9,Pune,Website
100343,29,39200,3.2,890,125,6,74.5,2805.03,Bengaluru,Mobile App
105128,41,88300,12.6,2170,53,10,34.1,27277.68,Delhi,Website
103137,34,79800,6.7,1480,56,11,54,9916.44,Mumbai,Mobile App
102528,33,59700,3.5,690,136,8,61.7,2441.99,Delhi,Website
100728,33,66000,3.7,950,76,7,80.4,3482.03,Pune,Website
104578,34,64100,12.7,1200,54,17,47,15247.95,Mumbai,Marketplace
100977,34,62200,4.7,1170,93,9,67.2,5482.09,Pune,Website
106957,31,141800,12.3,3990,13,20,4.1,48960.71,Chennai,Mobile App
108103,36,143700,16.1,4770,21,26,23.3,76935.48,Bengaluru,Mobile App
103517,46,86800,11,1910,54,8,38.4,21031.65,Pune,Marketplace
106449,35,67400,6.6,1990,55,11,42.4,13105.26,Chennai,Marketplace
108837,48,124800,19.3,2800,13,24,34,54079.05,Chennai,Website
103941,40,68900,12.3,1750,62,16,48.2,21557.24,Pune,Marketplace
101300,33,49000,3.4,740,104,5,62.1,2554.49,Bengaluru,Marketplace
108815,46,173900,16.7,3170,21,19,12,53018.59,Delhi,Mobile App
101349,40,43100,3.9,770,108,5,63.8,3046.01,Chennai,Mobile App
100661,43,54900,2.2,890,88,6,80.9,1941.69,Pune,Website
101493,41,56500,3.1,620,122,7,80.2,1916.95,Bengaluru,Marketplace
106643,51,94000,15.3,4530,12,31,28.1,69160.21,Bengaluru,Mobile App
106865,34,146300,13,4120,21,27,11.9,53628.83,Chennai,Marketplace
107211,52,135300,17.2,4170,11,23,17.9,71734.75,Chennai,Mobile App
105155,31,73800,7.7,1620,49,16,51.6,12531.06,Delhi,Marketplace
102316,40,50400,4.3,730,47,7,70.6,3141.08,Pune,Marketplace
108677,40,84400,17.3,3370,17,25,6.5,58426.68,Hyderabad,Marketplace
108644,47,127000,13.4,3630,13,25,10.9,48494.89,Bengaluru,Mobile App
101086,37,55800,3.7,560,73,5,71.7,2060.75,Hyderabad,Marketplace
102525,38,47400,4.2,700,134,6,82.7,2928.05,Pune,Mobile App
107116,47,150700,20.8,5520,13,31,12.6,114757.39,Delhi,Mobile App
105375,31,83100,5.6,2230,38,14,34.5,12583.45,Pune,Mobile App
103199,28,59100,10.6,2190,37,17,43.1,23250.73,Mumbai,Mobile App
108523,46,155500,16.4,3130,19,25,20.6,51330.92,Chennai,Mobile App
105718,36,115600,9.8,1560,54,11,38.2,15353.86,Bengaluru,Website
108828,30,160900,13,4130,20,28,23.2,53605.4,Delhi,Website
100068,36,54300,3.1,670,128,3,66.3,2112.17,Mumbai,Website
107829,36,163200,17,4560,21,19,36.2,77497.39,Chennai,Mobile App
102270,26,33600,3.5,850,137,7,49.3,2976.74,Mumbai,Mobile App
108730,49,127900,22.6,4610,12,19,14,104415.18,Bengaluru,Mobile App
105937,30,85200,10.1,1500,64,9,53.6,15069.82,Bengaluru,Mobile App
107758,28,133400,15.7,3900,20,24,14.4,61165.51,Pune,Marketplace
104917,26,63400,8.8,2050,59,17,39.8,18060.13,Bengaluru,Website
105323,41,111000,8.1,1770,38,13,43.7,14368.77,Pune,Marketplace
103448,38,88600,12.1,1530,62,10,46.8,18439.14,Pune,Website
102368,45,53200,3.9,820,152,6,70.5,3192.51,Bengaluru,Mobile App
105853,41,101800,8.6,2070,47,15,55.6,17754.55,Delhi,Mobile App
106594,41,117900,17.4,3700,14,25,13.5,64521,Hyderabad,Marketplace
102513,32,50600,3.4,790,132,5,66.1,2690.67,Bengaluru,Marketplace
102724,44,51100,2.4,710,147,5,84,1722.83,Pune,Mobile App
108282,33,106100,19.1,3800,20,26,21.9,72534.1,Delhi,Mobile App
107481,47,129500,15.8,4530,13,28,19.2,71397.43,Delhi,Marketplace
101144,41,58900,3.7,910,76,5,79.7,3339.49,Pune,Website
108788,48,150000,12,4760,15,23,21,57117.89,Hyderabad,Marketplace
105846,33,75400,8.5,2010,40,11,41.4,17032.6,Delhi,Website
106780,32,102600,12.4,5030,17,29,17.9,62416.65,Bengaluru,Marketplace
108316,54,136700,18.8,3760,23,22,23.4,70638.09,Chennai,Website
104729,23,83500,8.1,1750,45,12,48.1,14062.11,Delhi,Website
105495,27,74500,6.5,2110,75,9,48.1,13767.29,Pune,Website
106113,41,93300,9,1570,38,13,51.5,14141,Pune,Mobile App
103790,30,96300,8.9,1710,50,12,57.4,15165.26,Pune,Mobile App
102221,26,55800,3.4,830,108,5,80.7,2797.1,Hyderabad,Mobile App
105076,29,123400,8.9,2130,53,12,63.3,19013.39,Pune,Website
102332,23,57700,2.8,830,89,5,72.8,2333.15,Mumbai,Website
105395,,85300,10.2,1860,38,15,51.9,19090.7,Pune,Marketplace
106433,41,87000,8.4,1640,63,11,49.7,13721.53,Bengaluru,Marketplace
106519,40,127100,16.4,4220,14,30,14.8,69324.14,Delhi,Mobile App
108426,50,146300,18.6,4630,25,33,10.3,85873.53,Hyderabad,Marketplace
104089,35,98200,8.9,1620,26,13,42.6,14460.13,Mumbai,Mobile App
101968,,55900,4.1,880,82,6,81,3629.45,Bengaluru,Mobile App
108022,35,93500,18.5,4400,23,23,27.6,81352.25,Hyderabad,Marketplace
107703,43,161700,25.1,4030,16,32,19.3,101216.51,Mumbai,Website
108652,40,129600,13.9,3970,19,19,18.9,55216.39,Mumbai,Website
104366,36,93400,10.6,2740,38,11,40.6,29125.26,Pune,Marketplace
100424,28,32100,3.1,850,104,5,71.5,2635.07,Mumbai,Website
100281,34,44800,4.3,980,102,4,78.1,4253.18,Hyderabad,Mobile App
101905,36,75700,2.9,870,132,7,73.7,2557.22,Bengaluru,Mobile App
100596,37,42300,2.7,570,90,6,79.2,1514.24,Delhi,Mobile App
107295,45,126100,14.6,3830,24,17,6.5,56031.96,Bengaluru,Website
103918,32,71900,7.4,1910,39,16,23.9,14115.64,Pune,Mobile App
105662,38,114100,10.4,1940,66,13,52.4,20129.11,Pune,Website
103619,32,99300,12,2020,56,12,46.9,24153.45,Hyderabad,Marketplace
100840,42,56900,4,650,134,6,78.2,2589.97,Bengaluru,Marketplace
104597,36,91400,6.2,1480,48,12,36.4,9213.71,Pune,Mobile App
106057,38,92800,8.8,2170,44,11,30.5,19120.52,Pune,Website
100142,39,49800,3.6,820,108,6,74.9,2969.8,Chennai,Mobile App
108127,47,155700,15.3,3130,23,24,31.6,48067.11,Mumbai,Marketplace
101378,42,69500,3.6,780,179,4,67.5,2804.51,Bengaluru,Mobile App
103675,36,84600,7.9,1450,43,9,29.2,11515.73,Delhi,Mobile App
107660,34,158600,26.1,4220,16,17,23.7,110315.24,Delhi,Mobile App
108934,39,173000,18.8,4310,22,17,23.3,81045.44,Pune,Website
104742,33,86200,8.1,1760,42,17,47.2,14370.64,Bengaluru,Marketplace
103809,34,94200,9.2,1930,65,17,37.4,17845.89,Hyderabad,Website
101139,46,41200,3.5,880,85,7,67,3107.52,Pune,Marketplace
102258,48,46200,3.8,690,75,4,70,2596.45,Chennai,Mobile App
106363,44,66900,11.6,1640,57,17,59.6,19109.63,Chennai,Marketplace
101788,46,38100,3.1,890,92,6,55.2,2759.09,Hyderabad,Mobile App
103939,35,101900,11.3,1870,68,10,51.4,21200.05,Chennai,Marketplace
108052,40,155200,14.3,3960,21,20,27,56688.61,Bengaluru,Mobile App
104647,39,81500,9.6,1800,24,14,40,17351.58,Pune,Marketplace
100460,30,50100,3.3,710,131,6,79.5,2313.5,Chennai,Marketplace
108612,37,121400,14.2,4910,22,27,35.9,69986.08,Delhi,Mobile App
100949,54,65800,3.6,680,176,5,68.2,2445.52,Hyderabad,Website
103701,31,86700,10.2,1340,45,12,36.9,13685.63,Chennai,Website
101337,,61900,2.2,810,147,8,75.1,1798.94,Bengaluru,Mobile App
104629,28,94500,8.1,1890,46,17,49.3,15219.26,Bengaluru,Marketplace
107842,37,125800,21.7,4480,14,30,26.4,97120.68,Chennai,Marketplace
101603,42,43400,3.4,740,108,9,56.1,2520.05,Bengaluru,Website
102239,40,39500,4.1,700,144,5,78.3,2883.28,Delhi,Mobile App
100640,27,60900,4,980,85,4,69.5,3916.93,Bengaluru,Marketplace
108867,41,174200,19.5,4590,19,30,3,89247.51,Hyderabad,Website
103831,30,74500,7.6,2090,42,14,33.7,15848.94,Hyderabad,Marketplace
108481,39,161400,17.1,4610,15,28,18.2,78787.7,Delhi,Marketplace
106908,54,142400,17.5,4610,28,23,16.9,80781,Bengaluru,Website
108132,34,129300,13.1,4220,14,36,33.7,55187.01,Pune,Marketplace
106819,37,174700,15.4,4470,18,29,19.5,68963.55,Mumbai,Website
101959,38,55900,3.3,980,109,8,73.5,3238.04,Pune,Mobile App
101071,35,54900,4.2,620,173,3,63.8,2606.27,Bengaluru,Mobile App
100156,49,63000,4,630,140,4,65.1,2484.23,Pune,Marketplace
102296,44,56000,3.1,750,179,6,69,2323.07,Bengaluru,Website
106290,41,74200,11.9,1540,42,14,43.7,18313.21,Pune,Website
104579,34,92400,9.8,1730,47,11,39.4,17047.68,Bengaluru,Marketplace
101090,39,61700,4.3,980,176,4,83,4186.1,Pune,Mobile App
102941,41,58900,4,610,116,5,78.7,2418,Hyderabad,Marketplace
100724,35,,4.5,930,129,8,71.8,4166.11,Delhi,Mobile App
104385,40,72100,8.8,2290,67,8,38.8,20210.15,Pune,Website
100931,49,68200,3.5,930,89,6,67.1,3302,Chennai,Website
102910,43,57400,3.1,880,106,5,73.7,2676.34,Mumbai,Mobile App
106347,29,84900,7.6,1650,64,11,40.3,12487.63,Mumbai,Mobile App
100896,28,46700,4.6,810,67,5,57,3726.96,Mumbai,Marketplace
103248,32,98100,7.3,1410,71,14,36.5,10286.31,Pune,Mobile App
102327,31,43900,3,900,133,7,67.7,2722.65,Chennai,Website
107319,39,148600,18.3,3700,20,25,15.5,67666.22,Pune,Mobile App
106131,29,92700,7.9,1990,55,16,56.7,15656.8,Delhi,Website
107225,45,156500,11.8,2840,15,19,2,33524.71,Bengaluru,Mobile App
105039,23,72500,10.4,1870,51,15,24.1,19381.71,Hyderabad,Mobile App
104137,40,91900,8.5,1520,37,14,23.8,12968.45,Chennai,Mobile App
108343,40,179200,18.3,3880,16,19,17.7,70999.86,Bengaluru,Mobile App
101716,44,49000,2.8,810,101,5,56.2,2259.57,Chennai,Marketplace
101699,37,47400,2.9,460,93,7,82.4,1348.45,Chennai,Website
108749,54,152700,21.3,3410,19,22,33,72517.56,Hyderabad,Mobile App
108619,33,148800,15.5,4210,14,28,24.1,65049.27,Hyderabad,Mobile App
104305,45,89200,9.5,1340,37,13,53.9,12723.85,Bengaluru,Mobile App
106671,37,149800,11.6,4250,20,23,5.3,49164.53,Mumbai,Mobile App
103832,31,,9.6,2430,39,15,42.5,23408.21,Chennai,Website
103349,34,91300,8.5,1890,50,10,55.4,15974.7,Chennai,Marketplace
108592,45,177300,18.1,4200,26,26,24.7,75845.15,Delhi,Marketplace
100986,35,47700,2.8,690,123,5,65.6,1927.38,Pune,Website
101822,40,47400,3.2,830,141,6,56.7,2684.89,Delhi,Marketplace
104572,35,93500,5.6,2000,43,11,31.6,11208.06,Chennai,Website
100588,43,40000,3.3,940,129,5,72,3115.34,Pune,Mobile App
108808,35,127700,14.3,4160,18,29,19.5,59608.99,Chennai,Marketplace
105078,37,83800,7.4,1690,50,15,47.6,12450.65,Mumbai,Mobile App
106929,34,124100,13.9,4360,19,23,17.1,60610.44,Delhi,Mobile App
106850,26,135200,20.1,3520,19,27,16,70785.95,Chennai,Website
108596,37,154000,12,3710,17,25,14.2,44517.09,Bengaluru,Mobile App
109000,36,202500,18.7,4020,21,24,15.1,75315.92,Pune,Website
105484,37,82600,8.7,1390,44,6,45.1,12034.24,Bengaluru,Mobile App
107923,32,162700,10.5,3860,24,25,10.7,40405.85,Bengaluru,Marketplace
107779,42,190200,20.7,3500,13,27,10.6,72511.76,Mumbai,Marketplace
105515,36,81200,10.1,1780,43,13,34,18038.32,Hyderabad,Marketplace
107814,41,170100,16.6,3450,13,22,32.5,57257.14,Bengaluru,Website
105554,35,83400,6.9,1720,54,14,41,11859.62,Bengaluru,Mobile App
103558,36,63100,6.3,1630,34,12,48.6,10291.06,Pune,Marketplace
101396,40,59300,2.8,670,101,7,84.1,1895.33,Bengaluru,Marketplace
100265,39,51100,3.3,1120,90,7,74.1,3666.36,Pune,Website
103548,30,100600,10.9,1410,52,18,51.4,15365.34,Hyderabad,Mobile App
106170,35,81500,7.5,2300,48,15,46.4,17306.18,Chennai,Website
103070,28,93800,9,1550,40,10,42.1,13941.84,Bengaluru,Website
105026,42,71300,7.5,2060,69,7,35.5,15503.49,Pune,Marketplace
108683,42,124900,18.7,3680,14,17,2,68822.11,Delhi,Mobile App
103865,23,77500,8.6,1770,42,14,40.1,15140.05,Mumbai,Marketplace
108170,40,140800,15.2,4370,17,21,17,66272.45,Bengaluru,Mobile App
102401,44,49200,2.7,900,163,7,75.4,2432.68,Bengaluru,Marketplace
107128,45,114600,16.9,3610,21,27,34.4,61117.14,Chennai,Marketplace
103712,24,80200,7.1,1690,51,12,42.8,12002.14,Pune,Mobile App
100247,41,71400,4.1,1070,85,6,75.4,4375.81,Bengaluru,Website
101595,36,56400,2.7,650,154,5,82.3,1769.2,Mumbai,Marketplace
108741,36,159900,18.7,3720,25,20,22.6,69608.32,Pune,Mobile App
101530,23,49900,3.5,850,63,4,78.7,2987.39,Hyderabad,Website
106670,45,148900,18,3850,16,26,17.7,69085.22,Bengaluru,Marketplace
100924,43,49000,3.3,810,115,6,72.2,2722.42,Mumbai,Website
108291,35,138300,19.5,4180,28,30,32.1,81256.97,Hyderabad,Mobile App
104365,31,78200,8.5,1850,47,16,42.7,15759.01,Bengaluru,Website
100670,33,42700,3.6,950,104,7,56.9,3420.85,Delhi,Marketplace
103605,31,85100,8.6,1700,48,9,40.8,14623.16,Mumbai,Website
105109,29,93800,9,1850,53,14,49.4,16652.03,Delhi,Mobile App
101911,33,47000,4,840,94,6,59.4,3408.59,Pune,Website
107253,22,148600,16.5,4200,14,35,14.6,69126.17,Delhi,Mobile App
105249,41,83600,8.3,2170,45,12,32.6,17959.01,Pune,Mobile App
103959,29,75500,5.7,1640,23,12,56.7,9359.7,Chennai,Website
105644,33,88700,9.3,1500,49,10,47.4,13852.77,Chennai,Website
102697,34,50500,3.4,1080,121,5,70.9,3623.64,Hyderabad,Mobile App
102592,47,51800,3.6,1030,92,6,60.2,3722.89,Pune,Mobile App
101782,35,46700,3.3,870,131,7,82.2,2906.29,Pune,Website
103014,37,58100,10.1,1900,40,12,39.5,19127.37,Pune,Mobile App
102308,38,44100,3.3,1000,97,6,76.2,3259.01,Delhi,Marketplace
107810,40,177600,20,4130,19,23,16.7,82556.01,Hyderabad,Website
103691,41,95100,10,1530,40,13,40.6,15381.69,Delhi,Website
100688,31,46700,3.7,690,174,6,59.2,2599.07,Delhi,Marketplace
100613,37,45200,4.3,960,109,5,69,4110.75,Delhi,Marketplace
106181,47,69700,8.9,1450,64,11,45.3,12989.36,Hyderabad,Website
103201,28,74300,9.4,1850,81,11,44.9,17383.42,Pune,Marketplace
102268,42,54700,4.1,890,125,7,80.4,3613.38,Mumbai,Marketplace
108831,42,186000,17,3780,13,31,29.4,64054.88,Pune,Marketplace
107488,35,182300,14.1,4180,12,28,22.4,58868.54,Bengaluru,Mobile App
101899,41,59600,3.3,860,141,6,75.5,2810.16,Mumbai,Website
108603,31,138600,18,4410,22,19,25.6,79187.84,Bengaluru,Marketplace
106243,29,99900,8.7,1510,31,11,50,13182.45,Hyderabad,Mobile App
100259,43,53800,3.4,780,124,7,71.5,2638.82,Bengaluru,Mobile App
102925,50,50200,3.4,740,111,5,73.2,2546.42,Pune,Mobile App
104944,33,85800,6.9,2080,45,12,66.3,14351.28,Pune,Mobile App
102823,41,33400,2.7,620,94,6,66.8,1704.18,Delhi,Marketplace
103340,39,74400,11.4,1950,48,8,44.6,22246.21,Pune,Marketplace
103526,35,86700,11.4,1600,54,9,44.9,18313.01,Pune,Marketplace
104564,32,108100,8.9,1490,27,15,52,13217.53,Delhi,Website
105330,27,94500,9.3,2480,56,12,44.1,23013.51,Mumbai,Mobile App
105224,27,86900,9,1960,54,12,52,17636.84,Chennai,Mobile App
102286,30,41300,2.9,850,114,6,69.6,2446.73,Pune,Marketplace
104655,27,77100,7.9,1590,50,14,39.1,12603.12,Hyderabad,Mobile App
107877,47,172800,19,2620,19,30,9.1,49708.73,Mumbai,Mobile App
100485,34,46900,2.7,820,98,6,75.7,2182.83,Delhi,Mobile App
102212,40,46100,3.3,800,114,6,82.2,2614.09,Chennai,Mobile App
105417,34,78300,9.5,1710,50,13,51.3,16288.1,Chennai,Marketplace
106114,29,83300,9.6,2120,62,12,45.4,20268.82,Hyderabad,Website
102556,39,29400,3.9,1000,153,7,71.8,3876.34,Chennai,Marketplace
100008,33,53400,3,730,119,6,57.5,2179.86,Bengaluru,Marketplace
103658,33,78600,9.4,1840,74,7,41.7,17258.18,Chennai,Website
108265,45,124500,16.4,3720,19,34,6.7,61011.58,Pune,Marketplace
104875,26,74100,8.4,1660,64,15,43.8,13897.63,Bengaluru,Website
104403,32,96500,6.6,1870,46,16,45.9,12368.8,Bengaluru,Website
105547,38,109500,12.3,1920,57,13,41.2,23716.26,Delhi,Marketplace
107952,52,153900,13.1,3810,11,26,7.1,49987.16,Chennai,Website
102427,31,53000,2.9,920,146,6,91.2,2642.59,Delhi,Mobile App
101815,34,60900,2.6,520,55,7,74.8,1339.03,Chennai,Mobile App
108687,48,141400,15.7,4600,22,26,32.8,72323.85,Bengaluru,Mobile App
102275,38,51600,4.2,720,117,6,66.4,2986.82,Mumbai,Website
101012,54,42400,3.7,780,123,6,55.5,2855.69,Hyderabad,Mobile App
106680,34,152400,14.1,4450,20,29,9.8,62823.73,Hyderabad,Mobile App
101068,39,48300,3.8,770,106,4,62.6,2915.95,Hyderabad,Mobile App
101992,37,65100,2.1,840,90,5,77.8,1775.99,Bengaluru,Marketplace
103971,39,88000,9.4,1710,41,12,50.6,16008.26,Pune,Marketplace
108171,45,115400,20.1,3390,22,27,15,68082.11,Mumbai,Mobile App
105880,31,86700,5.6,1670,41,11,39.7,9334.18,Bengaluru,Mobile App
107017,39,192300,16.9,4230,18,26,17.7,71610.95,Hyderabad,Marketplace
104543,41,82100,8.3,1430,50,13,36.9,11920.05,Chennai,Marketplace
108844,37,140400,14.2,4870,22,31,4.3,69294.37,Delhi,Website
103868,34,70900,10.3,2160,37,16,50.5,22195.92,Bengaluru,Mobile App
108500,31,139700,16.5,4670,22,31,22.1,77181.77,Mumbai,Marketplace
103049,30,82900,10.4,1650,67,13,52.1,17137.24,Mumbai,Marketplace
100782,45,47100,3.6,720,85,7,75,2569.27,Mumbai,Marketplace
102676,31,52000,3.3,890,126,6,82.4,2909.73,Chennai,Mobile App
101750,49,57700,3.8,660,119,5,77.5,2489.3,Chennai,Website
102792,38,33700,3.2,810,136,5,72.9,2632.4,Hyderabad,Mobile App
105775,42,75900,6.7,2110,67,11,67.1,14190.31,Chennai,Mobile App
104980,33,90700,7.5,1850,73,12,53.5,13863.67,Mumbai,Mobile App
101092,35,54200,2.9,530,144,5,79.8,1531.07,Chennai,Marketplace
106816,45,171100,21.2,3230,21,32,22.2,68400.59,Mumbai,Mobile App
104628,41,81400,7,1980,41,14,51,13864.67,Bengaluru,Website
102325,31,48000,3.9,870,121,6,73,3370.31,Pune,Mobile App
107994,35,168000,18.2,4210,22,32,11,76453.88,Mumbai,Mobile App
105056,30,88900,8.8,1580,43,13,44.3,13914.88,Pune,Mobile App
102609,46,50400,3.4,700,113,4,74.2,2393.16,Mumbai,Mobile App
108071,37,140900,17.4,4160,20,32,21.7,72370.52,Delhi,Mobile App
102291,38,53100,3.2,960,90,8,68.3,3115.67,Mumbai,Marketplace
101728,30,46300,2.8,690,143,8,81.1,1905.54,Pune,Mobile App
100611,38,48200,3.3,810,149,7,63.8,2633.54,Chennai,Website
104667,32,112100,10.8,1670,73,16,40.4,18047.34,Pune,Website
106931,,83400,16.8,3870,24,32,22.6,64907.02,Bengaluru,Mobile App
100344,35,51100,3.9,910,102,6,85.6,3556.49,Chennai,Website
106897,41,,12.7,5270,21,28,15.7,66792.96,Chennai,Website
107780,37,144700,20.3,3460,24,25,18.8,70213.72,Delhi,Website
103751,43,62600,9.7,1560,75,13,43.4,15105.83,Chennai,Website
107256,50,91500,16.6,4100,21,22,19.8,68257.31,Pune,Marketplace
108400,51,134100,19.2,4830,11,25,27,92457.44,Mumbai,Marketplace
103216,36,95900,8.4,1590,37,15,51.9,13309.68,Bengaluru,Website
100098,38,64500,3.3,720,140,7,63.1,2366.04,Bengaluru,Marketplace
106200,33,53400,7.2,1950,73,12,52.1,14006.46,Delhi,Marketplace
105177,23,108200,9.7,1290,39,13,47.7,12542.3,Hyderabad,Mobile App
101538,52,65700,3.6,570,134,7,69.4,2043.92,Bengaluru,Marketplace
103589,38,91400,7.4,1840,47,8,34.5,13560.92,Mumbai,Mobile App
105992,42,90300,9.9,1660,51,10,54.9,16479.13,Hyderabad,Website
103649,33,109700,8,1640,61,9,40.5,13180.6,Delhi,Mobile App
107839,37,198500,19.4,4620,7,30,21,89605.15,Hyderabad,Mobile App
108457,35,116400,13.4,4280,18,32,26,57337.09,Hyderabad,Marketplace
101518,42,49400,2.9,980,125,7,73.6,2803.76,Delhi,Marketplace
105062,29,,8,1750,58,15,47.9,13992.02,Delhi,Mobile App
108438,43,149900,17.3,4370,20,20,31.4,75615.31,Bengaluru,Website
104625,31,75200,8.4,1690,44,10,47.3,14141.78,Chennai,Mobile App
104273,36,81500,9.7,1600,62,13,38.2,15491.36,Delhi,Marketplace
103670,36,80000,7,1300,46,9,45.3,9124.98,Hyderabad,Marketplace
105801,32,112200,8.4,1500,32,16,46.4,12665.1,Hyderabad,Website
102091,40,41800,3.1,720,153,5,53.7,2201.57,Chennai,Marketplace
100573,38,63800,3,770,116,7,80.3,2299.05,Bengaluru,Website
108628,45,143500,11.7,5120,17,23,31.3,59864.03,Bengaluru,Website
107464,35,132200,19.6,4990,12,24,25.4,98087.33,Hyderabad,Website
108172,38,144500,11.9,4110,15,25,20.4,48968.16,Chennai,Website
103063,43,81900,9.4,1890,37,11,52.3,17733.33,Mumbai,Marketplace
106253,28,85800,9.6,1650,68,8,51.3,15877.29,Delhi,Website
107138,50,152400,18,4030,16,20,19.7,72529.23,Delhi,Website
106410,37,91700,12.5,1570,32,15,45,19628.61,Bengaluru,Mobile App
106387,37,75300,8.1,2230,48,17,51.2,17937.37,Chennai,Marketplace
106607,49,95400,19.2,4380,18,27,7.5,84074.11,Chennai,Website
104480,36,84900,8.1,1550,28,13,44.1,12531.47,Delhi,Marketplace
104949,43,62100,7.6,1710,41,11,47.7,13080.61,Mumbai,Website
105977,26,106800,7.4,1840,55,8,39.3,13698.11,Chennai,Mobile App
100371,30,56400,2.9,690,82,7,69.2,1978.3,Bengaluru,Marketplace
101939,42,63600,4,830,144,8,58.5,3321.38,Chennai,Website
106979,49,166400,17.9,3720,15,23,11.4,66403.29,Mumbai,Marketplace
101754,35,56300,3.1,720,54,7,71.1,2220.9,Delhi,Mobile App
103671,33,103000,9.8,1560,48,13,55.2,15317.66,Mumbai,Mobile App
103653,37,70000,8.5,1140,52,15,44.1,9772.28,Hyderabad,Marketplace
105202,37,95800,11.1,2140,42,13,55.7,23792.23,Pune,Marketplace
102362,31,61500,2.8,950,69,6,68.6,2647.25,Chennai,Marketplace
104261,37,99400,9.6,1730,53,12,40.3,16691.63,Pune,Mobile App
105433,38,109800,9.3,1670,50,10,42.2,15525.53,Delhi,Marketplace
104992,27,98400,8.4,1350,46,14,50.1,11325.31,Delhi,Marketplace
106148,,71800,10.3,1440,47,15,57.1,14821.63,Hyderabad,Mobile App
108539,45,117800,16,3800,11,26,16.9,60654.7,Bengaluru,Mobile App
103738,40,82900,8.6,1620,59,15,48.5,13963.11,Pune,Mobile App
106075,35,100700,6.4,2110,39,15,42.1,13402.18,Mumbai,Website
106805,50,131200,15.2,3610,19,23,31.9,54752.47,Pune,Mobile App
106849,47,151400,12.3,4170,17,16,22.8,51257.24,Pune,Mobile App
105592,31,85200,8.4,1670,36,14,55,14042.92,Bengaluru,Mobile App
101172,30,52200,3.5,880,106,7,71.7,3086.12,Hyderabad,Marketplace
106422,41,76800,6.9,1490,28,12,46.9,10252.56,Delhi,Website
101423,38,44500,3.8,910,124,6,71.7,3482.55,Hyderabad,Website
108524,48,145300,13,3210,14,27,31,41647.27,Mumbai,Website
108439,42,144100,16,4320,18,26,7.3,69087.57,Mumbai,Mobile App
106484,37,99000,9.3,1780,77,17,31.9,16599.36,Chennai,Mobile App
108264,39,182800,20.9,4580,9,23,23.5,95898.55,Mumbai,Website
100875,37,58900,3.7,700,111,8,65.5,2571.32,Mumbai,Website
102298,46,44900,2.9,680,60,5,76.4,1938.63,Chennai,Mobile App
102644,40,58200,4.2,840,115,5,64.2,3499.96,Delhi,Website
107889,38,157700,19.8,4920,12,35,28,97242.6,Pune,Website
101720,48,49700,3.7,900,93,5,58.5,3291.97,Bengaluru,Mobile App
105348,37,96100,6.9,1510,40,17,42.1,10362.42,Delhi,Mobile App
105933,25,73300,7,1900,55,13,48,13361.8,Pune,Website
100841,35,49800,3,670,101,6,74.8,1997.02,Chennai,Marketplace
108973,38,146700,15.7,2640,18,23,22.6,41489.18,Delhi,Marketplace
100582,42,54200,2.8,780,141,6,82.6,2202.29,Hyderabad,Website
100205,32,32900,3.5,820,152,7,76.5,2838.76,Chennai,Marketplace
101642,39,61500,3.5,920,98,6,81.2,3249.6,Mumbai,Mobile App
102015,33,57400,4.2,1020,90,5,65.3,4298.97,Mumbai,Mobile App
103254,25,79500,10.6,2170,58,11,35,23018.14,Chennai,Website
106092,31,66200,9.5,2390,47,13,33.6,22773.81,Delhi,Mobile App
100906,34,60000,4.2,930,146,6,46.4,3901.9,Pune,Website
100632,42,47800,3.2,800,70,5,63.7,2589.8,Hyderabad,Marketplace
107002,49,143400,21.7,4040,18,33,12.8,87695.25,Chennai,Website
108381,33,173100,14,4180,13,32,17.1,58402.96,Chennai,Mobile App
101975,41,52300,4,720,78,8,62.3,2889.73,Chennai,Website
100163,29,52400,4.1,640,121,5,60.6,2650.24,Delhi,Mobile App
104999,44,101900,9.5,1770,52,13,54,16846.09,Chennai,Mobile App
106871,49,143400,16.5,3940,23,38,22,64899.41,Hyderabad,Marketplace
108632,47,146300,15.4,5680,16,25,17.4,87766.96,Mumbai,Website
108938,46,139800,14.4,4010,16,26,19.4,57878.95,Hyderabad,Marketplace
104714,38,91800,10.5,1590,73,11,41.3,16619.06,Chennai,Mobile App
100876,43,48200,2.9,980,110,5,65.2,2806.37,Bengaluru,Website
101432,46,53200,2.7,850,101,4,77.8,2324.66,Pune,Website
104644,23,78200,10,1340,31,19,42.5,13359.73,Bengaluru,Website
105081,40,79500,9.5,1490,49,10,38,14183.27,Chennai,Marketplace
105784,33,93300,14.2,2710,54,17,38.1,38420.23,Bengaluru,Website
108241,41,174000,17.1,4110,24,30,21.5,70255.47,Chennai,Mobile App
106161,30,77500,8.9,2290,51,12,43.6,20428.65,Hyderabad,Marketplace
106499,33,92100,7.6,1680,39,15,71.4,12769.92,Delhi,Marketplace
106274,32,78500,11.6,1560,68,13,44.1,18113.31,Hyderabad,Mobile App
108518,38,141200,16.4,4090,16,23,33.4,66975.7,Pune,Marketplace
102857,33,50800,4.8,740,138,5,76.3,3516.43,Pune,Mobile App
101862,38,53400,2.6,780,106,9,61.1,2061.87,Mumbai,Website
102660,30,46800,3.7,820,79,6,74,3052.78,Chennai,Marketplace
103385,40,84100,8.6,1940,55,13,58.9,16731.15,Mumbai,Website
108633,44,156800,17.9,4400,20,26,22.8,78737.67,Mumbai,Website
108826,49,131700,15.8,4570,20,23,2,72312.91,Chennai,Mobile App
106535,41,198500,14.6,4700,19,31,14.1,68532.04,Bengaluru,Mobile App
106880,45,168800,17.7,4830,20,17,27.5,85429.46,Bengaluru,Marketplace
104734,34,86100,7.8,1770,35,10,47.6,13734.53,Mumbai,Mobile App
103332,29,88800,6.7,1790,51,16,47,11956.41,Chennai,Website
108050,32,149700,13.4,5790,19,18,13.9,77546.92,Pune,Mobile App
107546,32,178500,13,3630,20,23,31.5,47324.33,Bengaluru,Mobile App
107914,48,168000,15.6,4760,23,23,16.9,74050.3,Pune,Marketplace
102097,40,56900,3.5,810,116,5,55.7,2843.61,Delhi,Marketplace
102004,40,45000,3.1,880,94,5,72.2,2748.89,Delhi,Website
106983,39,121200,18.1,2530,13,21,27.6,45644.79,Delhi,Marketplace
107638,,130400,18.7,4610,19,26,12.7,86377.57,Bengaluru,Mobile App
106706,39,126800,16.3,3370,13,29,15.9,55044.79,Chennai,Marketplace
105018,28,79200,9.5,1810,61,10,40.8,17292.74,Mumbai,Mobile App
100547,40,63700,1.9,810,110,6,63.6,1567.74,Mumbai,Marketplace
101450,47,52200,3,610,121,5,77.8,1840.49,Pune,Mobile App
106843,34,133700,21.8,3810,17,21,24.4,83135.3,Mumbai,Website
102611,50,40600,3.9,790,111,5,60.7,3115.41,Bengaluru,Marketplace
101901,37,52500,4.7,850,163,7,62.7,3972.05,Chennai,Website
107755,42,153000,13.4,5110,25,24,35.6,68618.14,Bengaluru,Website
102758,38,39500,3.9,750,138,6,67.8,2918.97,Hyderabad,Website
101886,42,34200,4.4,750,138,6,59.7,3327.11,Bengaluru,Marketplace
108870,47,136800,13.6,4260,21,21,32.5,57765.54,Bengaluru,Mobile App
105739,26,62800,8.3,1660,68,14,47.5,13800.11,Delhi,Marketplace
107465,43,132500,12.9,3970,17,32,38.8,51399.24,Chennai,Website
105891,29,94900,7.3,1670,60,11,43.8,12241.76,Delhi,Mobile App
102098,42,50900,3.3,700,133,4,75,2288.03,Chennai,Mobile App
108382,45,146200,16.6,4850,16,28,27.8,80314.64,Bengaluru,Website
105693,28,81800,8.3,1890,40,14,38.1,15704.54,Chennai,Website
100500,39,44400,4.8,970,108,5,72.8,4603.65,Pune,Marketplace
105625,31,98600,13.2,1810,65,15,41.5,23909.49,Hyderabad,Marketplace
100837,38,49600,3.3,890,152,7,71.9,2886.65,Delhi,Mobile App
103472,25,83800,7.8,1640,58,11,31.4,12795.19,Bengaluru,Website
104698,38,76600,9.5,1600,32,12,36.9,15175.3,Hyderabad,Website
107836,37,137200,20.7,3790,27,23,15.2,78468.73,Pune,Marketplace
102172,28,61100,2.5,610,99,5,57.8,1535.83,Delhi,Website
108327,36,112800,16.3,3750,17,29,22.6,61219.35,Pune,Mobile App
105679,31,64100,10.9,2190,56,10,50,23772.67,Bengaluru,Website
108281,41,161500,16.6,4270,19,33,26.4,70745.55,Mumbai,Marketplace
100399,37,46300,3.1,650,67,6,71.3,1997.43,Mumbai,Mobile App
102011,37,50200,3.2,550,111,6,74.3,1771.4,Delhi,Marketplace
105167,40,104200,4.9,2160,73,14,39.4,10468.6,Hyderabad,Mobile App
105872,39,81800,9.9,1580,28,15,37,15567.82,Bengaluru,Marketplace
108841,40,157900,12.5,3930,15,22,13.4,49277.17,Mumbai,Mobile App
101284,36,39700,2.7,750,88,6,68.8,2025.24,Bengaluru,Mobile App
106956,41,130100,16.1,3140,9,23,24.3,50398.28,Hyderabad,Mobile App
107206,24,117200,19.8,4590,19,16,32.1,91016.04,Hyderabad,Marketplace
104257,31,89500,9,2220,51,14,43.7,19999.84,Mumbai,Website
101837,34,56300,3.3,840,125,7,66.4,2802.51,Hyderabad,Marketplace
108162,49,196500,21.2,4350,19,30,12.2,92130.47,Delhi,Website
101020,38,54800,3.5,1020,121,8,59.6,3578.81,Hyderabad,Mobile App
107133,40,158200,17.1,5060,20,19,8.3,86672.07,Pune,Mobile App
101327,36,59700,4.2,780,108,6,71.2,3232.47,Pune,Website
106115,49,82700,10.2,2270,60,13,42.7,23244.51,Delhi,Website
100476,39,45600,2.9,840,135,5,63.6,2471.05,Bengaluru,Mobile App
102811,30,51800,3,660,109,6,62,1994.58,Bengaluru,Mobile App
107400,35,135300,20.7,4560,14,25,14,94277.1,Pune,Website
101652,38,60700,2.7,950,145,6,70.2,2577.28,Chennai,Marketplace
108674,46,155000,24.5,4310,20,24,33.9,105652.35,Mumbai,Website
101170,35,46600,3,780,93,6,67.1,2308.02,Pune,Website
102529,34,62400,3.7,650,58,3,76.2,2379.75,Bengaluru,Mobile App
101207,36,42800,2,780,112,8,75.3,1601.03,Delhi,Marketplace
106411,33,98700,8.7,1210,43,16,57.1,10542.27,Hyderabad,Mobile App
105470,35,102100,9.8,2010,70,15,40.4,19770.58,Delhi,Marketplace
108471,45,148200,23.9,4530,17,23,25.6,108257.64,Mumbai,Mobile App
107580,33,154600,19.3,5000,22,32,14.8,96588.67,Hyderabad,Website
106226,33,61900,8.5,1680,29,13,52.1,14353.38,Chennai,Mobile App
100868,38,50200,3.5,630,121,5,60.7,2211.5,Hyderabad,Website
102975,48,33700,3.8,820,148,7,78.7,3107.73,Mumbai,Mobile App
105237,36,88100,11.7,1470,44,11,49,17297.35,Pune,Mobile App
105094,28,96500,9.5,1230,50,12,57.1,11653.24,Mumbai,Mobile App
105434,33,89800,11.8,1510,43,10,42.6,17833.15,Delhi,Mobile App
100542,34,59000,2.4,680,151,7,77.5,1649.25,Bengaluru,Website
105196,32,78600,8.4,1980,54,13,38.3,16713.7,Pune,Mobile App
101133,35,63200,3.7,720,60,4,67.2,2676.62,Hyderabad,Website
108884,41,106500,12.6,5200,19,23,23.9,65573.86,Hyderabad,Marketplace
107767,49,161800,19.4,4550,22,20,10.4,88316.86,Delhi,Website
108423,41,163400,15.9,2760,25,24,17.5,43900.69,Bengaluru,Marketplace
103391,37,106300,8.1,1460,62,13,38.6,11810.78,Hyderabad,Marketplace
107094,40,165500,19.6,3830,27,21,25.5,75330.78,Mumbai,Mobile App
102963,37,51200,3.3,910,109,5,66.3,2969.17,Delhi,Mobile App
104156,42,88300,6.8,2440,21,10,34.3,16507.39,Hyderabad,Mobile App
103260,34,72200,12.5,2310,64,16,51.7,29034.37,Mumbai,Website
106035,40,90400,7.7,1410,56,10,38.3,10949.33,Delhi,Website
107535,36,151000,18.1,4700,17,31,17.7,84933.69,Pune,Mobile App
108972,37,157200,14.8,3790,18,21,18.4,55867.83,Hyderabad,Marketplace
102584,33,53500,3,660,97,5,68.8,1976.43,Chennai,Mobile App
102814,30,45800,4.4,890,146,7,64.9,3913.36,Pune,Website
107641,36,122100,24.7,3770,14,25,10.8,93190.04,Bengaluru,Mobile App
102948,23,58900,3.6,860,85,6,52.8,3059.06,Mumbai,Marketplace
105175,31,89600,10.1,1830,61,12,39.5,18471.44,Delhi,Marketplace
106793,42,148600,13,4610,19,27,13.4,59994.54,Delhi,Marketplace
103587,35,86100,9,1720,64,14,51.7,15493.24,Chennai,Website
108324,41,176300,14.1,4730,15,25,21.5,66663.04,Delhi,Website
108698,36,130400,17.1,4110,18,17,25.1,70482.88,Mumbai,Marketplace
102564,44,58500,4.7,800,104,7,80,3751.18,Mumbai,Mobile App
102631,44,44600,4.8,660,143,7,87.1,3138.24,Bengaluru,Marketplace
107885,42,107800,19.2,3010,14,24,28.9,57843.07,Bengaluru,Marketplace
106291,33,87300,10.6,1620,37,8,53.6,17274.45,Bengaluru,Mobile App
105037,30,100900,9.2,1760,41,14,47.5,16246.5,Chennai,Mobile App
101081,30,48400,3.3,770,149,7,69.2,2531.5,Mumbai,Mobile App
104284,37,102100,10.1,2150,75,13,47.7,21691.6,Mumbai,Website
106465,32,93500,12.1,1910,45,10,43.7,23231.87,Bengaluru,Website
102086,43,47500,3.4,820,89,5,65.1,2844.84,Chennai,Marketplace
102453,41,38500,2.7,850,123,6,82.5,2285.09,Chennai,Marketplace
104967,33,101800,10.6,2210,66,12,42.9,23556.48,Mumbai,Mobile App
102024,33,26300,2.9,680,135,4,68.6,1961.43,Bengaluru,Website
106521,37,156300,21.1,4300,22,22,27.8,90721.43,Chennai,Marketplace
108019,40,162700,13.2,3530,18,27,22.6,46784.27,Mumbai,Marketplace
107568,41,152100,24.1,3690,12,21,19.6,88909.71,Hyderabad,Website
100227,35,52400,3.7,760,66,4,67.5,2799.48,Delhi,Mobile App
101014,44,46300,4,610,79,5,64.3,2434.42,Chennai,Website
101930,37,44300,3.8,920,147,6,69.5,3494,Bengaluru,Marketplace
107574,36,165700,18.9,6520,19,34,10.6,123545.03,Delhi,Website
105252,36,86500,9.5,1410,41,12,50,13396.47,Bengaluru,Website
101405,43,54200,2.5,750,119,7,89.2,1890.05,Hyderabad,Mobile App
102180,40,63600,3.6,940,118,7,74.4,3425.65,Chennai,Marketplace
100698,50,34300,3.5,700,129,5,76.7,2443.4,Delhi,Marketplace
101125,40,70200,2.7,820,86,5,57.2,2229.96,Pune,Marketplace
103896,44,87400,7.8,1380,36,15,42.6,10770.25,Delhi,Website
106990,47,144200,21.2,2970,18,32,18.3,62984.85,Pune,Marketplace
105111,39,77000,6.8,2070,40,16,32.1,13983.47,Bengaluru,Website
101779,41,61000,3.4,920,109,8,78.6,3128.68,Mumbai,Mobile App
106298,30,88300,8.3,1820,48,15,40.6,15075.09,Bengaluru,Marketplace
102635,35,58300,4.1,790,161,6,71.6,3196.06,Chennai,Marketplace
103490,36,81200,8.5,1680,39,15,45.2,14191.15,Bengaluru,Marketplace
106725,50,179900,21.6,5160,21,19,25.3,111353.32,Mumbai,Mobile App
101038,36,47900,3.3,1060,106,5,73.4,3528.13,Chennai,Website
106094,37,90200,8.1,1850,47,15,39.1,14994.46,Chennai,Website
102257,,49100,4.1,640,139,7,67.9,2626.65,Pune,Website
107697,50,149100,17.8,4960,19,25,14.8,88354.94,Mumbai,Website
102614,35,62600,3.7,720,140,6,84.3,2701.09,Delhi,Mobile App
100314,39,49800,4.1,670,119,6,81.9,2763.01,Hyderabad,Mobile App
102650,41,57000,3.6,860,135,6,66.8,3084.33,Mumbai,Mobile App
102282,49,51300,4.2,970,67,7,59.5,4059.71,Pune,Website
107068,44,,11.9,4110,9,20,16.1,49011.55,Bengaluru,Mobile App
102548,42,42200,3.9,920,64,5,52.6,3561,Mumbai,Marketplace
105513,29,84500,10.8,2030,38,13,54.8,22050.58,Pune,Marketplace
105133,30,58100,8.4,1930,50,13,40.1,16173.99,Hyderabad,Marketplace
102160,39,53800,3.6,830,115,5,73.7,2962.77,Hyderabad,Marketplace
103138,37,95400,10.6,2410,62,14,54.3,25552.74,Hyderabad,Mobile App
108182,42,127900,16.4,3130,17,23,21.9,51306.06,Chennai,Mobile App
105851,31,99100,8.5,1540,74,10,37.3,13072.39,Pune,Mobile App
103968,26,66400,6.9,2590,52,8,34.1,17721.24,Pune,Mobile App
101429,44,64900,3.6,940,109,7,78.5,3366.44,Bengaluru,Website
108655,25,162700,10.4,4090,21,26,15.5,42454.98,Delhi,Website
102521,44,56700,3.9,800,182,4,78.9,3066.32,Mumbai,Mobile App
106340,36,89800,7.7,2020,49,14,43.9,15552.16,Hyderabad,Website
107135,47,129400,16.1,4390,14,21,25.9,70752.2,Mumbai,Marketplace
108697,38,167300,13.2,3300,18,22,16.9,43531.84,Hyderabad,Mobile App
107404,51,166300,18.5,4050,11,20,2,75092.38,Mumbai,Website
105603,38,85400,9.1,1410,55,14,36.4,12821.97,Mumbai,Mobile App
108910,35,139500,17.1,3490,11,26,10,59800.61,Mumbai,Marketplace
100449,28,47100,3.2,630,146,5,69.9,1979.73,Pune,Marketplace
106824,42,141900,16.6,3540,20,25,23.2,58801.78,Mumbai,Mobile App
101285,43,44800,2.9,880,100,7,81.2,2540.47,Pune,Mobile App
105996,27,76200,7.3,1830,59,12,46.3,13330.51,Mumbai,Mobile App
103728,42,94100,10.2,1810,67,15,54.5,18414.82,Hyderabad,Marketplace
100362,39,60900,4,930,161,7,85.1,3681.29,Pune,Website
105231,27,74200,11.7,2570,63,9,36.1,29986.87,Mumbai,Mobile App
107936,53,137500,18.8,4740,27,28,37.5,89147.96,Mumbai,Website
107851,29,96500,20.4,4100,30,21,26.4,83534.26,Mumbai,Website
105927,38,90400,10.4,2080,54,14,51,21608.17,Pune,Website
105150,47,86000,11.1,1850,60,17,40.9,20572.5,Pune,Marketplace
102461,41,42800,4.6,680,170,6,65.2,3152.3,Delhi,Website
100023,42,39400,3.5,970,98,5,78.8,3386.26,Chennai,Marketplace
102067,43,44500,3.6,850,94,5,70.6,3044.58,Delhi,Website
101654,45,39100,2.9,710,157,7,70.6,2056.19,Hyderabad,Mobile App
100703,40,58300,3.6,730,43,6,67.4,2614.19,Mumbai,Website
108112,42,150500,20.2,3900,20,27,31.1,79005.22,Bengaluru,Marketplace
102744,39,50000,5.1,860,90,5,54.5,4353.32,Bengaluru,Mobile App
101377,30,61500,4.2,650,146,7,54.3,2744.73,Delhi,Mobile App
108951,29,103300,15.3,3660,14,29,14.1,56127.04,Chennai,Website
102469,47,55100,3.4,1090,120,5,72.6,3750.07,Bengaluru,Website
103755,25,81100,11.1,1280,59,15,55.4,14224.12,Hyderabad,Mobile App
102326,39,44600,5.2,820,68,3,76.6,4288.87,Mumbai,Website
100461,41,56500,3.2,850,98,7,79.2,2751.4,Chennai,Mobile App
105164,36,84200,11.3,2210,48,11,40.9,24891.71,Pune,Marketplace
104184,29,74100,8.7,1690,50,16,56.4,14645.65,Mumbai,Marketplace
108957,46,139300,17.1,5030,20,25,14.4,86005.06,Chennai,Marketplace
104083,39,80200,7.8,1770,66,9,45.2,13800.27,Mumbai,Marketplace
101487,27,51400,2.4,690,100,7,77.5,1622.22,Pune,Mobile App
103679,33,90800,10.8,2070,40,14,37.7,22297.01,Pune,Website
100283,48,46700,3.9,810,138,8,57.5,3199.21,Bengaluru,Mobile App
104559,27,69900,8.6,1840,24,11,46.4,15806.62,Pune,Website
104309,35,85800,9.2,1230,24,13,37.8,11273.21,Pune,Marketplace
104866,26,59300,11.8,1760,40,12,53.6,20719.03,Chennai,Marketplace
103538,38,82700,9.5,2050,50,12,47.8,19397.81,Hyderabad,Website
108341,44,139300,21.3,5310,20,22,33.3,113439.32,Pune,Website
102582,38,53600,3.9,1070,42,5,47.2,4201.06,Bengaluru,Mobile App
101369,36,50500,3.7,610,111,7,78.7,2279.39,Hyderabad,Website
108546,34,140800,19,4670,24,20,14.2,88679.16,Chennai,Mobile App
106626,,131400,15.2,4100,24,23,34.5,62136.41,Hyderabad,Website
100598,41,24600,3.3,950,117,4,58,3119.89,Bengaluru,Mobile App
104352,41,89500,8.8,1480,51,14,56,13020.25,Hyderabad,Website
108002,38,145400,11.4,4710,19,26,18.4,53732.21,Pune,Website
104759,31,70400,10.9,2060,56,14,47.4,22567.54,Mumbai,Mobile App
100647,41,55000,3.3,1020,164,8,62.7,3328.47,Pune,Mobile App
108774,,158700,18.3,4340,25,24,25.6,79306.66,Mumbai,Mobile App
106024,39,91300,7.1,1910,41,13,50.8,13542.5,Chennai,Mobile App
106434,32,91700,10.4,1720,39,11,47.6,17936.53,Chennai,Marketplace
103469,39,86800,8.4,2300,62,16,45.2,19328.26,Delhi,Mobile App
106307,37,88600,9.9,1830,36,14,38.2,18192.72,Mumbai,Website
102991,47,73300,2.9,910,139,8,77.3,2657.53,Delhi,Mobile App
108492,51,163300,14.4,3870,15,22,28.9,55638.63,Hyderabad,Website
104876,29,94600,10.3,1850,38,12,37.9,19152.14,Chennai,Website
102545,31,50100,4,930,166,5,62.3,3751.28,Hyderabad,Marketplace
107324,44,189000,19.2,3260,23,35,25.3,62774.89,Chennai,Mobile App
105342,35,88700,7.7,1900,64,11,39.5,14589.76,Delhi,Mobile App
107220,46,117800,17.7,4370,15,29,13.6,77318.11,Hyderabad,Website
102309,38,53200,2.2,670,158,6,64,1467.89,Delhi,Website
104067,32,98700,9.3,2290,35,8,40.4,21256.44,Pune,Marketplace
103989,33,74100,10.8,1600,44,11,44.8,17396.33,Hyderabad,Website
102161,56,33900,3.7,880,79,7,69.1,3268.58,Mumbai,Mobile App
100686,44,54800,3.6,850,99,6,66.7,3064.15,Chennai,Marketplace
106722,52,152200,15.9,4640,14,25,15.9,73619.48,Pune,Marketplace
103244,30,88800,11.2,1870,65,13,44.9,21045.98,Chennai,Marketplace
108154,50,156500,21.2,4750,22,23,24.9,100990.15,Mumbai,Marketplace
107251,42,148800,17,4280,20,23,26.4,72626.65,Chennai,Marketplace
107622,32,108600,11,2810,21,25,28.3,30886.95,Chennai,Website
104084,23,89200,6.5,2110,48,16,37.8,13763.8,Delhi,Website
102838,33,45600,3.4,1050,84,8,86.7,3623.49,Pune,Mobile App
103698,33,112900,9.7,1710,41,12,43,16622.27,Hyderabad,Marketplace
106268,25,86500,9.4,1520,53,17,43.3,14333.12,Hyderabad,Website
104942,37,90300,7.8,2400,54,14,51.3,18758.18,Mumbai,Mobile App
105947,28,85400,11.8,1540,53,16,61.2,18184.11,Mumbai,Marketplace
104584,27,66100,7.4,1660,38,15,41.3,12286.48,Chennai,Website
105785,39,88300,7.7,2330,53,11,41.9,17887.32,Mumbai,Website
104041,23,65000,7.6,2010,35,11,36.6,15247.24,Hyderabad,Mobile App
102231,36,57000,3.7,1070,83,6,66,3912.13,Pune,Marketplace
107195,46,156600,13.6,3650,25,32,29.5,49701.59,Chennai,Mobile App
102321,49,52900,3.4,760,76,6,71.8,2580.8,Bengaluru,Marketplace
104879,42,85500,10.4,1680,51,8,52.3,17465.94,Mumbai,Marketplace
100522,23,49700,3.3,850,104,7,70.6,2819.47,Pune,Mobile App
100523,26,59600,4.5,810,81,6,64.6,3619.62,Pune,Website
105346,44,97500,6.8,1660,76,15,42,11271.58,Chennai,Marketplace
108361,48,130900,22.7,4350,18,26,12.5,98710.73,Chennai,Mobile App
107925,42,,22.8,3350,16,21,48,76616.02,Delhi,Website
107921,26,162700,17.6,4390,24,23,12.5,77268.32,Mumbai,Mobile App
107433,38,163400,24.6,4310,4,27,7.5,106079.12,Delhi,Marketplace
100781,35,45200,3.8,870,139,4,78.1,3313.22,Pune,Mobile App
107701,34,170500,16.2,4500,16,19,26,72794.52,Delhi,Marketplace
106686,46,143600,13.9,5270,22,25,26.8,72997.82,Pune,Marketplace
105608,32,93300,10,2050,66,13,55.4,20582.28,Hyderabad,Mobile App
105979,24,77400,8.2,2120,41,12,48,17355.5,Bengaluru,Marketplace
100652,40,50600,2.9,810,123,5,68.6,2305.73,Bengaluru,Website
107350,41,144500,19.4,3860,17,25,16.8,75051.69,Bengaluru,Marketplace
102197,39,51500,2.8,740,98,5,78.5,2086.47,Pune,Marketplace
106998,52,146600,20.1,4480,22,24,25,90109.07,Pune,Website
100370,37,47600,3.2,690,121,6,58.9,2244.82,Bengaluru,Mobile App
106471,33,81700,8,1960,37,14,48.1,15673.81,Pune,Mobile App
104215,26,87700,9.7,1940,62,16,36.8,18934.6,Chennai,Mobile App
100378,33,62100,3.7,640,130,6,54.7,2347.79,Hyderabad,Mobile App
108441,36,122100,19.7,4980,12,23,26.5,98364.48,Chennai,Mobile App
102217,39,44900,3.6,960,129,5,73.5,3496.33,Bengaluru,Website
107500,,141700,12.2,4840,14,26,26.4,58878.54,Hyderabad,Website
101614,39,40400,3.6,710,117,6,74.5,2579.24,Hyderabad,Marketplace
101828,38,34100,2.6,940,152,6,76.5,2483.06,Mumbai,Marketplace
103633,38,90400,8,2070,51,15,55,16527.22,Pune,Mobile App
100963,46,56600,2.7,890,109,4,70.1,2418.21,Pune,Website
102994,36,70200,3.6,850,127,5,68.5,3093.38,Mumbai,Website
108731,,168800,16.7,4130,18,25,28,68844.26,Pune,Mobile App
107506,39,132300,14.2,5320,27,20,13.8,75358.86,Bengaluru,Marketplace
106687,,144100,17.5,4730,17,23,27.9,82609.35,Hyderabad,Mobile App
100360,42,55500,3.3,870,129,6,80.8,2844,Chennai,Mobile App
103840,36,84100,8,1610,56,13,30,12845.19,Hyderabad,Website
106606,34,110200,17.5,5340,14,30,8.2,93336.88,Bengaluru,Website
101247,36,50300,3.1,650,132,8,70.4,2004.64,Mumbai,Website
107493,41,136800,22.4,4290,23,27,16.4,96195.29,Chennai,Marketplace
105088,27,108600,7.1,1920,68,15,38.9,13615.82,Pune,Marketplace
103695,23,94000,8.5,1910,25,14,53.8,16240.14,Bengaluru,Website
101574,49,44600,4.1,840,142,4,61.3,3399.78,Pune,Website
106282,35,108000,8.4,2070,53,15,44.1,17425.48,Pune,Marketplace
107226,34,126600,20.2,4650,19,17,32.6,93842.57,Pune,Marketplace
102568,28,45800,4.3,640,68,6,72.3,2747.12,Chennai,Marketplace
103424,32,82200,9.8,1440,51,18,37.8,14046.03,Hyderabad,Mobile App
102038,44,58700,4.5,800,133,6,57.7,3571.96,Delhi,Website
100773,27,41700,3.5,930,140,6,54.9,3230.14,Pune,Mobile App
105381,40,91500,9.1,1840,69,17,51.2,16703.79,Delhi,Website
108635,38,142600,19.7,3890,18,24,2,76600.19,Delhi,Website
103563,36,89900,10.1,1990,59,10,36.5,20035.17,Pune,Marketplace
100563,41,46300,3.3,800,169,5,75.4,2613.41,Bengaluru,Mobile App
102547,35,50500,2.4,870,84,7,66.6,2115.46,Chennai,Mobile App
105511,40,79000,8.2,1950,68,11,37.7,15922.62,Bengaluru,Marketplace
105331,36,113300,10.4,1060,57,9,27.5,11051.07,Bengaluru,Website
106538,25,144900,21.7,4990,20,23,20.1,108140.61,Bengaluru,Website
104532,32,74700,8.5,1570,36,15,46.4,13294.25,Chennai,Marketplace
101675,35,53000,3.7,690,159,6,80.5,2576.12,Chennai,Mobile App
100366,33,54800,3.6,830,114,7,79,3001.61,Bengaluru,Website
106482,38,84400,11,1500,63,16,39.2,16458.65,Delhi,Mobile App
106380,35,65700,8.1,1880,43,13,33.4,15232.54,Hyderabad,Mobile App
104328,33,79900,9.8,1670,23,11,36.6,16383.83,Delhi,Website
100148,39,35400,4.1,520,146,7,80.6,2155.9,Bengaluru,Marketplace
101669,34,40900,4.4,870,131,8,60.9,3830.4,Chennai,Website
103089,39,82700,8.6,2360,53,15,53,20250.85,Chennai,Mobile App
107769,35,161300,17.4,3230,11,25,15.5,56285.24,Mumbai,Mobile App
100408,49,49800,3.5,960,141,7,69.5,3313.06,Mumbai,Marketplace
108650,41,200200,14.1,3320,19,21,20.5,46781.67,Delhi,Mobile App
103457,36,75000,10,1730,50,19,36.3,17303.66,Chennai,Marketplace
106187,38,75400,7.1,1400,51,12,47.8,9983.5,Pune,Website
104183,36,70500,9.6,2260,49,15,47.5,21622.35,Mumbai,Marketplace
103577,32,72900,7.6,1860,62,12,56.5,14076.19,Mumbai,Marketplace
103272,31,108200,9.1,1720,46,12,43.2,15695.38,Mumbai,Marketplace
104941,33,89200,8.9,1270,47,15,55.6,11321.89,Pune,Marketplace
101032,47,53900,4,850,62,4,73.7,3386.07,Hyderabad,Marketplace
106462,42,88300,12.4,1790,56,14,43.4,22166.6,Hyderabad,Mobile App
107956,43,160600,16.2,4520,25,25,37.5,73099.2,Pune,Marketplace
108858,49,174200,17.1,4190,21,20,23,71813.13,Mumbai,Mobile App
100856,38,55200,3.8,710,111,4,71.5,2716.52,Hyderabad,Website
103927,41,76600,7.5,1560,71,13,52.3,11740.21,Pune,Website
100079,39,51400,5.2,770,121,8,74.7,3998.24,Mumbai,Mobile App
102248,32,47300,3.7,600,113,7,67.5,2206.81,Bengaluru,Website
107300,40,159100,20.7,5280,10,23,10.9,109118.61,Chennai,Website
108984,50,173700,15.5,3430,24,33,22,53223.05,Bengaluru,Marketplace
108638,42,158500,17.8,4290,13,26,15.3,76370.72,Chennai,Marketplace
107620,31,123700,19,4700,20,38,14.4,89098.66,Delhi,Marketplace
106787,39,98100,16,4100,21,24,7.7,65454.13,Pune,Website
100789,33,37100,3,720,145,5,75.3,2156.27,Mumbai,Mobile App
102280,35,47700,3.5,910,94,5,67.9,3155.59,Hyderabad,Marketplace
104096,36,79000,8.7,2170,69,13,48.9,18947.45,Bengaluru,Mobile App
103898,24,85200,8.6,2070,44,15,47.5,17844.68,Hyderabad,Mobile App
106426,28,67500,10.9,1940,38,10,59.7,21120.77,Mumbai,Website
108177,44,144800,14.5,3280,13,26,21.6,47468.19,Delhi,Mobile App
108962,46,156600,18.4,5340,9,27,2.1,98526.68,Delhi,Website
103632,31,87300,9.9,2070,50,14,44,20485.68,Hyderabad,Website
107378,35,143000,18.7,4160,21,27,31.5,77539.73,Chennai,Mobile App
106273,37,76200,9.6,2300,50,17,54.5,22152.84,Chennai,Mobile App
100425,32,46800,4,860,92,6,66.7,3412.78,Chennai,Website
100393,37,58400,4.5,740,102,7,67.1,3353.14,Chennai,Marketplace
107357,46,119400,11.2,4490,15,15,26.6,50099.13,Pune,Website
100017,45,50500,5.1,780,129,6,60.7,3917.09,Bengaluru,Mobile App
107366,36,122600,21.8,3230,17,31,20.7,70451.78,Delhi,Marketplace
104201,33,77900,7.9,1790,55,14,22.2,14057.88,Chennai,Website
102673,34,48500,2.9,960,171,6,71,2806.31,Pune,Mobile App
102445,41,38200,3.6,780,110,6,71.5,2835.44,Mumbai,Website
107055,50,132700,21.9,4370,27,32,29,95757.6,Mumbai,Website
108901,47,157200,16.8,4310,10,26,12.7,72550.45,Pune,Marketplace
103494,40,69600,10.8,1930,60,9,50.8,20845.79,Delhi,Website
106045,38,91300,9.5,1390,73,13,42.8,13167.27,Hyderabad,Website
101460,56,47900,4.4,700,171,6,78,3046.53,Pune,Mobile App
107119,35,144500,26.8,4280,17,17,30.2,114542.22,Delhi,Mobile App
107188,42,120100,15.9,4810,14,22,28.8,76339.41,Mumbai,Mobile App
106664,57,131300,15.3,4680,13,26,15.1,71567.7,Pune,Website
106590,39,191900,19.7,4020,24,26,15.2,79366.67,Chennai,Marketplace
103836,34,84400,8.9,1670,52,13,56.2,14951.45,Mumbai,Website
108406,45,161800,18.8,3640,15,31,31,68418.1,Chennai,Marketplace
105684,37,71700,9.1,1810,73,13,44.6,16395.75,Delhi,Mobile App
107623,36,128300,19,3390,13,28,10.1,64511.38,Hyderabad,Website
105828,34,64500,8.9,2130,63,15,44.3,19091.63,Delhi,Website
108800,33,203000,11.4,4220,15,31,30.9,47898.63,Chennai,Mobile App
104725,35,67000,10.5,2300,48,15,44.1,24174.13,Delhi,Mobile App
107645,33,139100,12.3,5240,14,29,14.6,64166.82,Pune,Marketplace
105888,33,71300,9.1,1560,35,10,36.6,14170.55,Pune,Website
102356,39,46300,3.3,970,150,7,55.8,3208.32,Mumbai,Marketplace
106037,34,78000,6.5,1430,61,12,55,9344.62,Pune,Mobile App
104799,35,92600,9.6,2030,54,14,40.2,19554.21,Chennai,Website
102443,42,51500,4.2,630,68,5,69.5,2634.87,Hyderabad,Mobile App
106714,33,181200,22.3,5200,15,23,18.6,115976.96,Bengaluru,Mobile App
104593,35,106200,8.4,2230,49,15,38.1,18792.67,Delhi,Marketplace
107662,43,136600,15.7,4850,22,27,35.8,76081.1,Mumbai,Marketplace
100465,32,50600,3.6,620,144,7,64.2,2252.8,Chennai,Mobile App
100164,46,40500,4.3,810,126,6,72.9,3481.96,Hyderabad,Mobile App
108356,32,159100,17.8,4340,19,17,15.9,77130.22,Delhi,Website
108515,49,149000,11.9,5900,15,19,16.9,69888.38,Bengaluru,Marketplace
107039,30,156900,18.7,3460,29,25,20.7,64667.67,Hyderabad,Mobile App
108827,45,126100,14.8,3210,21,19,2,47315.12,Hyderabad,Marketplace
100242,41,54000,2.8,690,82,5,70.5,1947.66,Bengaluru,Mobile App
102010,41,36200,3.5,710,171,5,61.2,2457.17,Chennai,Mobile App
106357,37,83400,9.3,2200,71,14,46.2,20367.83,Chennai,Website
103085,39,105400,10.6,2170,58,10,41.8,23061.55,Hyderabad,Mobile App
106209,43,102700,7,2080,59,13,53.7,14500.16,Pune,Mobile App
100901,42,53500,3.8,830,107,6,71.7,3119.78,Hyderabad,Website
105543,37,81400,7.6,1870,51,18,42.8,14137.16,Hyderabad,Marketplace
107534,38,163300,19.3,3100,19,26,33.8,59960.1,Pune,Mobile App
107705,38,177100,15.2,3270,29,26,10.4,49721.12,Bengaluru,Mobile App
104838,33,87300,10.9,1630,58,17,50.1,17735.06,Delhi,Website
102294,36,60900,3.9,970,112,5,56.4,3760.09,Bengaluru,Website
106451,33,55200,11.3,1550,43,17,25.9,17436.28,Chennai,Mobile App
104482,48,78000,7.8,2290,73,13,49.9,17860.28,Chennai,Marketplace
105303,43,81500,10.6,1850,58,16,38.6,19508.76,Bengaluru,Website
104606,37,106400,8,2070,55,11,53.3,16606.09,Mumbai,Mobile App
103717,33,78800,10.2,1830,75,13,32.8,18730.65,Delhi,Marketplace
108169,32,171300,17.3,4000,23,23,23.4,69101.1,Pune,Marketplace
106141,29,73000,8.4,1640,43,15,46.8,13730.33,Mumbai,Website
101765,37,54200,3.4,760,98,3,63.3,2539.98,Hyderabad,Marketplace
101550,41,57900,2.9,720,162,5,73.9,2107.23,Hyderabad,Mobile App
103030,34,77300,10.7,1950,58,15,25,20790.83,Hyderabad,Mobile App
107441,40,157400,13.8,3380,22,19,14.9,46601.36,Bengaluru,Website
106299,22,66500,7.9,1530,28,18,54.9,12064.51,Pune,Marketplace
102045,31,44500,3.7,930,118,7,64.6,3429.38,Mumbai,Marketplace
100768,41,59500,2.6,710,124,7,62.1,1836.97,Delhi,Marketplace
105694,26,81900,8.4,2190,54,14,53.6,18359.57,Chennai,Website
101509,39,61600,3.5,650,141,7,68.4,2256.94,Chennai,Marketplace
103303,22,101800,8.5,1890,72,11,45.4,15997.24,Chennai,Website
104518,30,104300,11.3,1470,32,15,55.4,16678.28,Hyderabad,Website
104220,38,86800,8.8,1280,33,13,42.8,11250.67,Hyderabad,Mobile App
108181,44,132700,23.8,3250,19,24,24.6,77335.26,Hyderabad,Website
106459,,72300,10.9,2330,49,13,46.7,25437.35,Hyderabad,Website
103293,40,56300,9.6,1620,57,14,56.1,15625.87,Chennai,Mobile App
100820,38,58100,4.9,500,164,7,72,2457.12,Delhi,Website
101404,43,47700,4,1020,103,8,73.8,4122.45,Mumbai,Marketplace
101383,32,37400,3.7,850,155,6,59.3,3172.92,Chennai,Website
102149,35,52300,4,670,131,5,85,2712.92,Bengaluru,Marketplace
105672,40,84800,6.3,1950,52,11,47,12238.74,Mumbai,Mobile App
101639,29,50200,4.4,990,92,6,75.3,4359.57,Hyderabad,Mobile App
105892,33,93000,9,2220,70,12,38.5,19959.37,Bengaluru,Website
100609,56,49400,2.4,820,119,6,65.8,2010.52,Bengaluru,Mobile App
100400,33,46700,2.7,640,98,6,72.4,1723.79,Hyderabad,Marketplace
106407,34,127300,9.9,1740,60,11,36.4,17293.92,Hyderabad,Website
100883,39,71700,3.5,690,78,6,69,2379.27,Bengaluru,Marketplace
103566,30,76500,8.6,2280,57,15,45,19554.2,Bengaluru,Marketplace
104286,37,94600,9.5,1840,45,14,42.8,17435.43,Hyderabad,Marketplace
101180,41,43400,3.3,770,131,8,72.3,2503.47,Chennai,Marketplace
105449,30,76300,11.4,1510,53,11,30.2,17184.06,Delhi,Marketplace
104245,32,71100,7.8,1240,57,14,43.9,9651.84,Hyderabad,Marketplace
105219,32,91000,7.6,2160,49,11,39.5,16534.92,Hyderabad,Marketplace
107205,45,147200,19.7,4570,19,21,8.9,89856.19,Hyderabad,Marketplace
102131,38,47800,3.5,850,120,5,70.8,2944.26,Pune,Website
105079,38,99600,9.9,2320,53,11,55.1,22932.08,Pune,Mobile App
100457,36,54800,3.1,770,142,6,72.1,2386.67,Chennai,Marketplace
107489,37,119700,16.5,3920,17,19,11.4,64827.22,Hyderabad,Mobile App
105176,23,71300,8.7,1320,60,8,31.1,11489.23,Delhi,Mobile App
101951,27,43100,4.1,890,126,5,64.5,3631.58,Pune,Marketplace
105373,37,86000,9.9,2130,49,12,42.1,21108.72,Mumbai,Website
100690,32,31900,3.2,890,88,8,81.6,2793.15,Pune,Marketplace
107783,37,144400,19.4,4180,19,32,24.5,80991.16,Delhi,Website
108868,40,139400,17,4960,17,21,2,84428.9,Delhi,Mobile App
101954,42,56000,4.3,750,145,5,72.4,3208.24,Chennai,Website
105637,36,87500,9.5,2260,45,11,52.3,21452.06,Delhi,Marketplace
107007,42,124300,19.6,3850,16,25,20.9,75520.24,Hyderabad,Marketplace
102711,52,60400,4.4,750,92,5,72,3288.65,Chennai,Mobile App
107278,40,148500,11.3,4230,23,28,16.3,47723.6,Bengaluru,Website
107760,35,132900,14.9,3750,11,26,18.3,55747.49,Hyderabad,Mobile App
104350,32,95700,6.9,1610,61,17,47.8,11025.87,Mumbai,Website
104139,34,69500,11.4,2290,41,14,39.3,26018.33,Chennai,Website
101885,41,59500,4.1,800,130,7,60.9,3310.27,Hyderabad,Marketplace
107418,43,177300,15.4,3900,22,16,24.1,59967.97,Hyderabad,Mobile App
104486,33,66600,8.2,2200,76,14,40.5,18066.02,Bengaluru,Marketplace
102495,41,67200,3.8,910,101,7,80.7,3430.86,Hyderabad,Mobile App
107033,50,165800,12.4,3230,19,20,18,40168.69,Pune,Website
103037,32,105700,12.1,1890,50,17,47,22954.05,Hyderabad,Marketplace
105778,24,101000,8.7,1880,48,12,36,16250.11,Delhi,Mobile App
103604,28,69300,9.3,1990,59,11,36.5,18480.47,Chennai,Mobile App
100846,35,41700,4.3,800,122,6,75.5,3410.56,Bengaluru,Website
100543,39,51300,2.9,490,174,5,54.3,1437.18,Chennai,Marketplace
103725,25,76400,8.5,1700,44,10,51.3,14351.75,Hyderabad,Mobile App
104188,31,77100,7.4,1150,52,13,37.4,8538.74,Hyderabad,Marketplace
103680,37,69400,9.1,1990,46,13,45.6,18154.01,Mumbai,Mobile App
107862,42,126000,17,4570,24,33,17.3,77547.84,Hyderabad,Marketplace
106076,25,70000,8.7,1330,48,15,34,11585.42,Chennai,Mobile App
106672,44,189200,15.9,3420,10,21,23.1,54481.78,Delhi,Marketplace
108780,45,147200,19.5,5000,26,28,11.4,97385.97,Hyderabad,Mobile App
106776,43,184200,16.5,3640,17,29,24.9,59946.09,Mumbai,Website
102965,43,65900,3.1,580,104,5,63.8,1786.8,Bengaluru,Website
102530,43,46400,3.7,970,133,6,74.4,3604.99,Mumbai,Website
105773,32,83600,9.1,1440,49,15,54.8,13139.5,Bengaluru,Mobile App
101049,37,48100,3,870,107,7,65.4,2581.7,Chennai,Mobile App
101961,32,62400,3.6,970,163,5,75.9,3460.05,Bengaluru,Marketplace
102531,35,44500,4.3,1100,140,8,75.8,4686.77,Hyderabad,Mobile App
107257,46,170600,18,4100,14,27,29.4,73794.03,Delhi,Mobile App
100238,39,51700,3.7,950,92,6,61.1,3481.25,Mumbai,Marketplace
104918,39,89200,14.4,2170,41,11,36.5,31328.4,Delhi,Mobile App
106480,32,80600,8.3,1950,51,13,56.7,16176.02,Pune,Mobile App
101134,37,50900,3.6,940,144,7,82.7,3396.42,Delhi,Marketplace
105902,32,87400,9.1,1630,65,14,36.4,14863.53,Mumbai,Mobile App
108141,36,148000,16.8,4110,7,22,17.3,68928.78,Chennai,Mobile App
104260,39,82400,9.2,1950,48,10,30.9,17970.92,Hyderabad,Website
107764,40,143300,16.8,4130,17,25,10.5,69291.92,Bengaluru,Marketplace
101154,42,42300,4.7,720,138,6,70.2,3406.92,Mumbai,Website
107286,39,121900,17.9,3180,6,22,15.4,56948.06,Pune,Mobile App
108659,44,109500,17.6,4180,28,16,27.4,73424.19,Hyderabad,Mobile App
105657,32,62900,9.9,1750,60,13,34,17388.74,Mumbai,Marketplace
107597,42,94300,25,4240,14,24,12.2,106284.16,Hyderabad,Marketplace
107911,39,167100,14.4,5330,22,24,38.3,76862.81,Mumbai,Marketplace
105908,44,75700,7.5,2120,52,18,32.1,15901.43,Bengaluru,Website
102979,36,52800,2.9,870,138,7,72.7,2553.98,Bengaluru,Marketplace
107795,43,149900,14.2,6330,18,24,17.1,89966.13,Hyderabad,Mobile App
105525,43,97100,9.4,1390,76,15,33.7,13070.14,Mumbai,Marketplace
108908,36,161200,18,3840,10,24,24.3,69118.78,Chennai,Marketplace
106660,41,156800,16.2,4600,13,19,24.3,74552.63,Pune,Marketplace
107347,38,107200,12.7,4100,16,27,18.2,52064.15,Chennai,Website
103920,32,80500,10.2,1760,47,15,32.4,17984.53,Pune,Website
103139,36,66800,9.2,1790,37,14,35.6,16480.82,Delhi,Mobile App
108501,36,129500,21.7,3920,21,29,30.4,84996.02,Mumbai,Website
105790,46,96100,8.6,1930,49,9,39.3,16536.85,Mumbai,Marketplace
104074,37,81700,6.8,1920,27,12,39.8,13021.48,Chennai,Mobile App
103288,33,101000,10.6,2200,41,15,35.8,23300.4,Delhi,Mobile App
103230,33,97200,8.6,1850,55,13,58.9,16007.85,Hyderabad,Marketplace
101827,41,59600,3.2,840,125,5,77.7,2635.33,Chennai,Website
105549,30,96300,9.7,1870,61,13,43.7,18106.17,Bengaluru,Marketplace
100594,33,53200,2.9,670,123,6,69.2,1962.93,Mumbai,Marketplace
102726,32,66400,3,570,143,6,70.4,1704.1,Hyderabad,Mobile App
104138,38,81700,10.5,2230,31,17,36,23502.62,Mumbai,Marketplace
100561,39,55700,4.1,880,133,7,59.1,3629.56,Hyderabad,Mobile App
107712,45,153600,17.1,3450,23,25,9.7,59086.1,Mumbai,Marketplace
106947,40,92600,16.9,4820,14,24,22.1,81588.53,Delhi,Mobile App
100244,39,65700,3.2,640,119,5,57.8,2048.76,Bengaluru,Mobile App
105436,28,67100,11.5,1800,51,17,33,20672.87,Chennai,Marketplace
104438,23,109400,10.7,2400,69,12,44,25746.6,Pune,Website
106845,50,154900,20.5,5400,19,20,30,110565.88,Mumbai,Website
100406,43,64300,3.9,790,155,5,60,3116.67,Chennai,Mobile App
101443,47,51000,2.6,500,164,6,82.4,1293.65,Pune,Marketplace
100262,37,59600,3.8,780,35,6,58.5,2945.49,Chennai,Marketplace
108822,43,157000,20.4,4330,24,26,29.4,88277.83,Mumbai,Website
108606,38,129000,23.9,3630,18,24,14.5,86647.23,Mumbai,Mobile App
101690,38,47400,2.9,760,129,7,68,2196.74,Delhi,Website
101726,35,50400,2.8,820,138,7,71.1,2258.99,Bengaluru,Marketplace
108031,46,155500,14.2,3980,12,18,22.2,56338.21,Chennai,Mobile App
104931,45,98500,9.3,1230,69,14,44,11405.48,Bengaluru,Website
105963,48,92900,9.6,2050,49,16,52.3,19621.12,Hyderabad,Website
102497,28,45600,3.2,810,135,7,66.4,2579.37,Delhi,Website
106107,30,102000,10.9,1890,55,11,51.8,20487.66,Mumbai,Mobile App
106634,35,112300,20.7,4440,25,24,24.4,91943.57,Bengaluru,Marketplace
100341,37,48100,3.2,830,135,5,66.8,2631,Bengaluru,Mobile App
106884,34,133300,25.3,3420,14,19,30.8,86688.05,Hyderabad,Mobile App
101602,41,49800,2.7,900,100,6,81.8,2443.48,Mumbai,Mobile App
106903,49,181700,17.3,3550,21,27,6,61547.41,Pune,Mobile App
105783,36,98900,10.1,2280,37,14,46.1,22975.59,Delhi,Marketplace
104577,38,99000,11.4,1860,58,16,49.8,21256.96,Chennai,Mobile App
103726,32,93500,9,2060,42,10,47.2,18446.76,Chennai,Mobile App
102557,36,47500,3.1,860,121,5,66.1,2630.37,Hyderabad,Marketplace
102786,40,39900,4.4,720,134,4,86.2,3166.53,Bengaluru,Website
101524,33,45600,3.5,910,140,5,64.4,3236.09,Chennai,Website
107345,46,190100,16.1,3150,11,27,19.8,50771.99,Chennai,Website
102832,41,45200,3.7,640,151,6,78.8,2379.79,Bengaluru,Mobile App
101013,29,42700,3.9,590,130,5,64.1,2301.2,Hyderabad,Mobile App
106952,43,155700,17.1,3480,16,22,2.9,59736.65,Hyderabad,Website
107963,25,171700,13.4,4590,19,25,12.2,61412.78,Mumbai,Mobile App
101767,34,44300,3.9,690,131,5,69.8,2648.97,Bengaluru,Marketplace
104552,37,65200,7.3,2240,59,15,38.2,16408.77,Pune,Mobile App
106550,29,170400,11.5,3460,22,27,12.6,39698.2,Chennai,Mobile App
104038,30,104400,7.6,1890,38,13,53.2,14403.98,Delhi,Marketplace
106747,33,122900,12.8,4200,23,27,16.2,53952.05,Pune,Website
108116,35,109400,18,4190,15,28,22.4,75194.99,Mumbai,Website
108832,29,152600,20.6,3840,25,21,15.7,79325.64,Mumbai,Website
108711,33,158300,20.6,5170,11,32,28.3,106488,Chennai,Marketplace
100364,26,57100,2.6,900,97,7,66.6,2352.23,Pune,Website
105368,33,98500,8.9,1910,35,8,54.7,17005.83,Hyderabad,Marketplace
108980,42,159200,16.4,4390,17,23,28.9,71916.85,Hyderabad,Mobile App
108277,34,145700,13,4300,24,31,30.5,56030.69,Pune,Website
108531,45,115600,14.7,4020,18,26,22.5,59231.59,Mumbai,Mobile App
104726,35,70100,9.5,1850,35,14,41.7,17639.73,Delhi,Marketplace
104444,33,93400,8.6,1640,41,11,38.2,14150.1,Delhi,Mobile App
107852,39,141500,18,4870,15,30,26.8,87673.7,Bengaluru,Marketplace
108651,35,165400,20.9,5210,5,31,22.5,108787.35,Hyderabad,Website
102563,34,,3.8,870,92,6,81.5,3271.77,Bengaluru,Website
106901,51,134000,19.1,4990,23,22,42.5,95473.85,Pune,Marketplace
101476,35,56000,2.1,770,122,3,71.8,1596.76,Chennai,Marketplace
105520,42,97000,8.3,2160,46,13,52.9,17907.35,Delhi,Marketplace
108676,39,186100,12.9,4160,19,29,18,53597.21,Chennai,Marketplace
103084,34,120400,11.7,1460,45,13,44.3,17085.7,Pune,Website
102960,28,52500,3.3,840,150,7,64.3,2784.7,Chennai,Mobile App
102103,34,50300,2.5,880,110,7,69.9,2241.74,Pune,Marketplace
100633,40,39800,3.2,560,83,6,71.8,1793.98,Bengaluru,Marketplace
102494,44,56000,4.6,720,88,6,68.5,3341.54,Pune,Marketplace
102666,43,50000,2.7,580,109,3,80,1559.51,Mumbai,Mobile App
107144,47,169100,13.6,3070,19,29,12.4,41638.79,Hyderabad,Marketplace
104407,23,93400,8.2,1680,73,13,59.1,13821.03,Delhi,Website
107243,51,158400,19.9,3410,18,32,12.7,67785.15,Chennai,Mobile App
107008,40,163100,18.2,4280,16,27,21.1,78068.77,Mumbai,Mobile App
102335,43,49600,3.4,580,143,7,74.4,1997.48,Chennai,Marketplace
108873,36,149900,11.1,3990,14,26,19.3,44403.77,Bengaluru,Mobile App
106597,41,109700,11.6,4260,13,20,13.9,49386.43,Chennai,Marketplace
103620,39,76600,8.9,2270,38,13,50.8,20096.55,Chennai,Mobile App
105562,31,83300,10.1,1630,40,14,38.9,16401.06,Hyderabad,Marketplace
103884,54,96200,8.6,1730,13,10,54.3,14909.59,Delhi,Mobile App
106699,57,,13,3560,25,24,25.9,46401.46,Pune,Marketplace
104212,31,68600,10.7,2040,49,14,47,21894.68,Bengaluru,Marketplace
108580,52,156900,25.2,5100,20,18,9,128351.16,Delhi,Website
101495,32,36300,2.6,890,99,5,73,2289.19,Pune,Website
102402,30,28200,2.7,920,102,6,67.4,2444.84,Chennai,Website
103875,48,66700,8.5,1530,33,18,41.4,13015.92,Mumbai,Website
101233,23,51600,3.1,850,178,5,75.8,2625.62,Mumbai,Website
102662,30,,3.5,940,134,5,66.8,3311.53,Chennai,Website
102818,43,37000,4.6,570,51,5,68.1,2598.02,Delhi,Website
106741,39,165000,16.7,3400,13,22,19.2,56699.85,Hyderabad,Marketplace
102775,34,50900,3.8,890,89,5,61.1,3363.94,Chennai,Website
108862,38,166100,19.8,4220,17,20,19.1,83832.53,Hyderabad,Marketplace
107818,47,158100,19.6,4390,21,23,29.6,86186.96,Mumbai,Marketplace
104154,35,96400,7.7,1530,44,9,42.9,11869.56,Mumbai,Mobile App
107346,46,152000,16.5,4360,16,24,20.4,71823.32,Chennai,Website
103062,31,91900,5.9,1940,32,13,52.2,11509.68,Pune,Mobile App
100067,28,45400,4,860,91,6,76,3435.64,Hyderabad,Mobile App
108981,33,148500,17.3,5200,11,28,22.9,90089.05,Pune,Website
101736,32,42800,3.5,910,133,6,70.1,3177.3,Delhi,Marketplace
102824,40,34600,3.9,780,129,7,62,3026.97,Chennai,Website
106293,30,89000,6.8,2100,61,15,43.3,14281.16,Hyderabad,Mobile App
107513,38,151200,16.6,3940,17,24,23.3,65304.04,Delhi,Marketplace
106772,46,110200,21.5,2830,19,32,19.2,60763.6,Hyderabad,Website
102476,40,54200,3.4,830,99,7,77.7,2820.31,Pune,Mobile App
102565,35,59000,4.3,950,127,6,75.9,4122.31,Bengaluru,Website
106092,31,66200,9.5,2390,47,13,33.6,22773.81,Delhi,Mobile App
103714,34,81800,8.8,1620,31,13,53.1,14253.35,Chennai,Mobile App
107619,42,135000,17.2,3600,20,17,13.3,62131.57,Chennai,Website
100708,29,57000,3.5,680,120,4,66.1,2363.23,Pune,Marketplace
103047,43,84500,9.6,2150,53,14,42.1,20563.48,Mumbai,Website
108288,43,111000,16.9,3470,11,20,10.6,58641.59,Mumbai,Marketplace
105190,41,117900,8.9,1770,39,15,42.2,15784.54,Pune,Website
107521,33,104100,12.6,2360,27,26,14.6,29823,Mumbai,Marketplace
105473,36,86400,9.4,1400,30,13,38,13126.31,Hyderabad,Mobile App
100073,34,32300,3.7,770,148,6,80.4,2852.92,Chennai,Mobile App
106019,36,86300,7.5,1920,51,12,60.2,14458.15,Delhi,Mobile App
104449,30,91900,6.3,1680,37,13,37.4,10533.05,Delhi,Website
105861,27,87800,10.1,1710,49,18,56,17251.16,Chennai,Marketplace
104840,24,110600,9.9,1790,40,15,55.1,17690.55,Hyderabad,Mobile App
104132,41,78200,9.9,1950,57,13,38,19229.14,Bengaluru,Website
105102,28,79300,8.7,1760,62,12,40.9,15277.99,Hyderabad,Website
101191,42,44700,2.8,990,123,6,79.3,2799.87,Chennai,Website
106432,42,80200,7.4,1420,40,12,39.2,10540.3,Bengaluru,Marketplace
102602,29,48800,3.5,890,88,6,77.2,3084.67,Chennai,Marketplace
101126,40,48700,4,630,111,7,67.5,2532.67,Delhi,Marketplace
101242,33,59000,3.1,810,156,5,78,2543.07,Pune,Mobile App
106716,27,147400,19.2,4400,25,25,6.4,84366.97,Pune,Website
103603,42,89600,8.4,1820,53,15,32.8,15348.57,Chennai,Marketplace
108484,35,112900,15.8,4070,23,29,29.1,64260.88,Delhi,Website
107483,43,138800,21.1,3090,20,20,27.7,65062.56,Chennai,Website
103352,34,104100,9,1770,40,13,58,15948.45,Chennai,Mobile App
105095,21,63300,7.6,1640,57,15,49.1,12402.57,Delhi,Marketplace
106603,43,144900,20.8,4400,15,30,30.7,91525.78,Mumbai,Marketplace
104009,34,87300,9.4,1810,56,12,45.1,17016.06,Mumbai,Mobile App
101578,38,42000,2.8,900,124,3,78,2512.04,Chennai,Mobile App
103907,23,67800,10.6,2070,53,19,44.2,21817.17,Delhi,Mobile App
103730,41,69300,8.7,1470,36,9,51.1,12761.68,Mumbai,Marketplace
104359,,97000,7.3,1640,42,16,32.7,12028.17,Pune,Marketplace
105923,47,94200,9.4,1850,27,13,41.3,17359.71,Bengaluru,Mobile App
101344,41,51700,3.4,810,114,7,82,2772.6,Mumbai,Marketplace
102600,21,,4.6,1090,152,4,64,5032.94,Mumbai,Marketplace
107494,43,145200,16.8,5420,20,19,13,91222.56,Delhi,Website
100441,41,50400,3.5,740,79,6,69.5,2598.93,Mumbai,Marketplace
106653,40,80700,22.9,3560,19,27,20.6,81363.35,Chennai,Marketplace
101101,32,55700,3.4,730,69,6,62.4,2487.64,Mumbai,Mobile App
102638,25,46700,3.2,850,155,8,71.8,2764.11,Delhi,Mobile App
106964,51,187600,13.3,4820,26,23,12.5,64135.03,Chennai,Marketplace
100650,35,58600,4.3,680,90,5,61.4,2928.21,Bengaluru,Marketplace
101547,38,38800,3.4,750,131,5,60.3,2524.53,Mumbai,Mobile App
107496,36,141700,19.2,4670,21,31,19.4,89634.95,Pune,Mobile App
107520,47,173200,22,3140,21,19,39.5,69006.81,Delhi,Website
102853,37,56700,1.9,800,108,6,68.5,1529.84,Hyderabad,Marketplace
103504,37,83000,7.6,2150,31,15,34.3,16430.12,Mumbai,Website
107110,32,118000,19.5,4360,19,23,31.7,85004.51,Bengaluru,Marketplace
100631,40,33400,3.5,940,114,7,72.8,3289.49,Delhi,Marketplace
104769,34,79000,6.6,1480,40,10,35.5,9800.31,Delhi,Website
101250,42,44900,3.5,790,134,7,76.9,2796.24,Pune,Website
106756,45,155600,12.6,4350,23,20,23.4,54553.53,Mumbai,Mobile App
100483,48,42300,3.3,720,99,7,59,2383.76,Chennai,Marketplace
101585,42,45200,3.3,940,108,6,69.3,3079.86,Delhi,Mobile App
104677,39,76000,10.1,1270,72,15,39.6,12901.52,Hyderabad,Website
106386,25,75000,7.8,2080,61,12,41.9,16130.91,Chennai,Marketplace
101463,34,49400,3.1,560,107,5,71.9,1759.77,Pune,Website
103041,43,82100,8.3,1750,29,10,43.3,14568.83,Hyderabad,Mobile App
105011,30,83600,8.5,1630,54,10,51.4,13964.78,Mumbai,Marketplace
107583,35,152100,16.8,4290,17,30,27.3,72073.2,Pune,Website
103274,45,76300,5.4,1930,71,14,47.3,10409.93,Chennai,Website
103684,42,91100,12,1910,33,18,40.1,22909.84,Mumbai,Mobile App
106675,49,146900,11.4,4980,15,32,14.1,56775.43,Pune,Mobile App
104146,25,81400,8.5,1880,44,13,55.9,15932.67,Bengaluru,Mobile App
108790,44,190200,17.4,4160,13,22,4,72198.68,Bengaluru,Marketplace
106962,35,117300,21.2,5860,14,17,11.3,124501.37,Mumbai,Website
104955,35,97200,8.6,2750,57,15,59.1,23541.77,Pune,Mobile App
103226,45,83400,4.8,2110,63,10,56.3,10103.97,Mumbai,Website
101073,36,,3.9,760,156,7,71.7,3006.23,Bengaluru,Mobile App
104816,30,77200,5.9,1710,50,15,52.5,10168.5,Bengaluru,Mobile App
107079,43,164200,16.8,3880,25,22,23.2,65171.33,Pune,Mobile App
102632,40,44400,3.6,820,177,7,81.5,2990.85,Delhi,Mobile App
101661,40,64100,3.6,790,109,5,69.3,2811.79,Hyderabad,Mobile App
105753,43,78700,9.2,1720,33,12,49.4,15831.08,Pune,Marketplace
102426,48,33900,2.8,750,96,5,68.2,2117.78,Mumbai,Mobile App
105080,21,91500,11.4,1370,50,13,57.7,15614.23,Hyderabad,Mobile App
108248,45,151700,20.5,5730,15,23,4.7,117543.99,Delhi,Website
105903,33,77600,7.4,1900,77,13,40,13986.12,Chennai,Mobile App
108269,26,148800,16.4,4220,11,26,8,68980.14,Bengaluru,Website
103098,37,101900,9.4,1700,47,14,40.3,15942.7,Hyderabad,Marketplace
103977,35,97200,9.5,1660,37,12,31.5,15786.59,Delhi,Website
101244,38,55200,3,1030,166,7,80.9,3140.24,Mumbai,Mobile App
101301,37,51500,2.7,800,128,6,70.6,2111.44,Bengaluru,Marketplace
106285,32,79700,9.6,2090,57,17,61.4,20148.87,Hyderabad,Website
107021,33,160700,15.6,4760,25,18,16.9,74041.56,Bengaluru,Mobile App
106703,41,119100,16.6,4770,14,20,15.4,79178.23,Chennai,Mobile App
105482,37,96000,6.9,1890,34,15,53.2,13070.25,Mumbai,Marketplace
107804,42,102700,16.2,2280,19,31,13.1,36935.35,Bengaluru,Mobile App
105496,32,96000,8.6,1920,38,15,48.8,16526.51,Hyderabad,Mobile App
105292,21,105900,10.9,1570,61,12,31.4,16996.08,Mumbai,Website
101409,45,56300,3.5,710,117,6,81.7,2513.01,Hyderabad,Mobile App
101846,32,46500,3,810,88,6,63.1,2397.07,Bengaluru,Website
101799,43,54200,3.7,780,117,7,59.7,2879.61,Chennai,Mobile App
103958,33,85200,11.6,1570,51,12,50.1,18217.7,Bengaluru,Marketplace
101476,35,56000,2.1,770,122,3,71.8,1596.76,Chennai,Marketplace
107145,31,127100,15.5,4580,20,29,2,70856.51,Mumbai,Mobile App
100036,39,56200,3.9,880,106,4,66.6,3454.92,Chennai,Mobile App
107499,33,154500,18.7,4150,14,25,3.9,77463.21,Pune,Mobile App
106442,28,94500,10,2040,39,17,59.5,20392.74,Pune,Website
100445,28,70600,2.6,620,130,7,65,1642.64,Delhi,Mobile App
102360,36,46600,3,940,93,7,56.4,2805.59,Pune,Mobile App
103655,40,83900,10.1,1450,49,14,51,14578.64,Chennai,Marketplace
106303,30,84800,10.9,1610,52,13,39.1,17591.16,Hyderabad,Marketplace
107734,37,124400,20,4150,20,24,27.9,82972.56,Bengaluru,Marketplace
103180,30,81400,8.9,2050,47,13,44.9,18189.36,Bengaluru,Mobile App
101287,42,54800,2.8,680,124,8,74.5,1892.74,Mumbai,Website
107311,45,119200,22.4,5490,17,29,25,123144.68,Mumbai,Mobile App
104446,29,91700,8.9,1510,31,12,39.9,13457.51,Bengaluru,Marketplace
103417,35,86800,8.6,1530,69,11,56.5,13135.63,Pune,Website
102138,36,53200,3.6,790,90,6,75.5,2837.16,Delhi,Website
102637,32,49800,4,940,92,7,74.5,3700.03,Hyderabad,Website
104017,29,73800,8.1,2080,30,17,45,16832.26,Chennai,Marketplace
104098,36,73700,11,1160,52,11,50.4,12834.88,Pune,Mobile App
101682,42,49300,4,790,107,5,55.9,3118.15,Bengaluru,Website
108803,44,140300,18.7,5060,22,23,3.1,94649.42,Delhi,Website
107174,40,158800,15.6,3920,21,21,46,61099.22,Mumbai,Mobile App
105768,35,80000,6.6,2410,58,7,41,15823.15,Hyderabad,Mobile App
108675,37,131600,14.3,3760,19,30,31.4,53766.8,Chennai,Marketplace
105276,36,74400,11.8,1700,56,17,54.1,19971.15,Chennai,Marketplace
101693,40,50600,3,660,98,9,71.1,1984.85,Chennai,Marketplace
107280,50,133300,19.3,4040,19,32,7.3,77721.01,Chennai,Website
107845,45,135100,14,5190,17,23,8.5,72817.85,Mumbai,Website
103636,35,81900,6.9,1500,64,17,45.7,10319.85,Bengaluru,Website
100373,44,41700,2.8,780,92,6,70.6,2211.93,Hyderabad,Website
107572,51,141300,18.6,3790,10,25,18.6,70511.47,Hyderabad,Marketplace
106013,32,51100,10.7,1790,27,14,42.2,19210.22,Pune,Website
105454,31,81300,8.6,1800,30,11,49.6,15404.29,Pune,Website
105922,33,99800,8.1,1730,37,15,42.4,13890.38,Delhi,Website
104883,21,89400,11,1760,53,17,53.5,19293.63,Hyderabad,Mobile App
104566,38,69000,8.7,2100,70,10,44.3,18308.22,Hyderabad,Website
100141,37,44100,3.8,880,96,6,65.2,3347.99,Mumbai,Mobile App
104885,38,89300,7.4,1810,49,11,55.1,13412.87,Mumbai,Website
104420,38,81100,8.8,1880,69,13,60.7,16471.24,Delhi,Marketplace
108695,45,124100,16.8,3410,19,21,22.6,57418.18,Delhi,Marketplace
108090,40,107300,13.9,3590,11,25,17.4,50029.76,Bengaluru,Marketplace
100715,37,51000,3.3,780,124,6,72.6,2569.69,Chennai,Marketplace
105924,35,67600,10.4,1410,28,9,48.5,14594.97,Delhi,Website
106543,48,189200,18.5,5380,13,16,24.3,99503.39,Pune,Mobile App
105244,25,77500,9.4,2420,44,16,37.9,22802.88,Hyderabad,Website
103189,37,70700,9.3,1860,48,17,47,17370.13,Bengaluru,Marketplace
108454,34,141100,15,4230,12,22,20,63216.92,Bengaluru,Mobile App
104432,40,71400,10.3,2040,70,14,56.8,20942.1,Mumbai,Mobile App
106917,47,167800,13.7,3490,17,23,20.6,47883.75,Pune,Mobile App
106763,34,114700,18.9,4430,18,24,29.4,83622.76,Mumbai,Marketplace
100407,36,58600,3.7,760,57,6,74.3,2828.31,Delhi,Website
100021,42,47400,3.4,620,156,7,63.1,2075.01,Bengaluru,Mobile App
101005,32,35500,2.7,970,67,5,86.4,2622.95,Delhi,Marketplace
106934,47,150800,14.1,4250,17,24,15.1,59798.71,Mumbai,Website
104987,34,92100,5.9,1500,58,13,47.3,8874.85,Bengaluru,Website
102412,33,51300,3.2,700,146,6,75,2260.94,Pune,Marketplace
102546,42,44800,3.1,980,135,7,59,3058.73,Chennai,Marketplace
107388,42,175700,17.2,4680,15,21,9.3,80336.78,Pune,Website
102391,39,43900,3.4,790,146,7,72.3,2689.77,Chennai,Website
107912,38,112800,18.9,5440,22,26,20,102949.47,Mumbai,Mobile App
100043,49,43200,3.5,830,96,4,72.2,2883.02,Hyderabad,Mobile App
102831,36,53700,4.6,460,104,5,70.6,2097.63,Mumbai,Mobile App
105860,34,83500,8.1,1570,50,13,52.8,12667.91,Chennai,Mobile App
103372,34,88200,8.2,1470,28,15,40.1,12020.09,Chennai,Marketplace
103023,36,94400,7.8,1470,37,11,35.8,11506.4,Hyderabad,Marketplace
103365,32,64400,8.4,2040,61,6,66.7,17123.13,Chennai,Website
104400,30,96600,6.6,1850,34,13,39.6,12284.93,Delhi,Mobile App
105253,35,61700,8,1590,65,12,41.9,12699.72,Mumbai,Marketplace
100012,42,58300,3.7,670,77,6,71.1,2464.74,Bengaluru,Website
104761,45,104900,8.5,1860,45,12,44.4,15780.39,Chennai,Marketplace
101178,34,41900,3.6,560,165,5,77.6,1985.23,Chennai,Marketplace
106773,37,166900,15.3,4890,19,20,17.6,74932.01,Hyderabad,Mobile App
101948,25,50900,3.6,830,100,6,58.3,2972.06,Pune,Mobile App
102502,35,33400,3.9,800,122,6,78.8,3105.26,Pune,Marketplace
108373,48,123600,17.5,4750,18,19,23.7,83234.65,Hyderabad,Marketplace
102864,,48900,3.5,740,137,7,58.4,2565.81,Delhi,Website
107478,45,154400,16.3,4590,19,23,17.7,74897.98,Chennai,Mobile App
103866,34,99400,5.9,2320,52,12,30.6,13793.03,Chennai,Marketplace
106229,24,80400,7.4,1720,42,17,63.1,12723.44,Pune,Marketplace
101027,43,49300,3.1,940,132,5,75.2,2909.23,Chennai,Marketplace
103849,38,90000,9.5,1400,44,13,48.1,13361.9,Pune,Marketplace
102990,43,56100,4.1,800,103,7,69.6,3296.52,Pune,Website
100962,29,46800,2.3,760,67,5,74.6,1746.06,Mumbai,Marketplace
102890,23,40400,3.3,1080,134,5,76.9,3547.82,Bengaluru,Mobile App
103016,25,91700,7,1740,19,13,56.4,12264.15,Bengaluru,Website
103339,35,91800,7.9,1780,34,11,50.9,14102.89,Bengaluru,Mobile App
106106,35,83700,9.2,2120,46,11,53.7,19482.34,Chennai,Mobile App
106246,22,115400,11.1,1600,40,14,32.2,17779.29,Hyderabad,Mobile App
107262,36,163600,15.3,4730,19,20,17.3,72338.09,Delhi,Marketplace
106435,34,58600,5.4,2090,62,16,50.1,11261.56,Delhi,Website
106978,43,130700,20.6,5300,16,23,10.2,109229.07,Mumbai,Mobile App
100736,35,50900,4.2,750,156,8,78.2,3150.33,Chennai,Marketplace
104401,41,88700,8.5,1680,32,12,54.2,14245.15,Bengaluru,Mobile App
101441,39,53800,2.9,750,121,6,77.2,2200.39,Pune,Website
108799,51,140800,19.3,4630,20,26,17,89095.52,Hyderabad,Marketplace
108610,52,167200,21.4,4550,13,21,20.5,97161.69,Chennai,Website
102876,56,51000,3.9,640,157,7,67.9,2514.44,Delhi,Mobile App
103987,25,94400,8.7,1500,46,14,57.3,12960.66,Pune,Marketplace
100917,44,60400,2.8,790,151,4,64.7,2245.12,Delhi,Mobile App
108204,38,120500,13.1,4060,19,18,13.3,53269.06,Hyderabad,Mobile App
107685,28,113700,20.3,4260,21,19,30.8,86617.25,Mumbai,Website
104090,23,75300,10.5,1290,25,16,45.5,13561.54,Hyderabad,Marketplace
108653,39,173600,16.2,4300,16,28,27.3,69823.22,Mumbai,Website
107694,44,160800,22.4,5150,13,23,47.3,115440.04,Chennai,Marketplace
102773,34,23600,4.2,790,99,5,62.4,3343.14,Delhi,Website
101625,34,47900,3.4,740,76,7,60.1,2534.23,Mumbai,Marketplace
108663,35,142900,15.8,4020,24,22,19.7,63607.41,Delhi,Marketplace
100822,39,47800,2.7,800,82,5,64.5,2172.87,Delhi,Website
101368,33,45700,3.2,830,171,5,59.6,2662.34,Delhi,Mobile App
103713,21,98600,8.7,2110,68,15,52.1,18284.35,Hyderabad,Mobile App
108896,38,198600,16.9,4420,17,23,20.1,74869.34,Hyderabad,Mobile App
101389,38,42900,3.3,820,113,6,60.8,2698.32,Mumbai,Website
100851,35,49900,2.8,690,107,6,84.6,1923.72,Delhi,Website
101001,30,38500,4.1,920,144,5,64.3,3776.48,Hyderabad,Marketplace
107325,39,135600,15.6,4270,18,22,10.9,66512.59,Bengaluru,Marketplace
107332,34,153900,19.6,5000,25,16,23.7,97954.68,Delhi,Mobile App
104115,33,84100,8.6,2080,66,12,43.6,17975.42,Chennai,Mobile App
101638,35,37700,2.7,710,141,6,74,1939.98,Chennai,Mobile App
101668,41,66700,4.1,730,94,6,70.1,2958.93,Chennai,Website
104590,25,86100,9.6,1540,33,14,47.9,14814.59,Chennai,Mobile App
103174,24,75700,7,1610,45,14,53.8,11203.31,Chennai,Marketplace
107502,36,144500,18.9,3580,23,24,8.9,67474.46,Hyderabad,Mobile App
101348,41,41500,2.8,770,154,7,85.3,2145.65,Mumbai,Website
107691,34,134500,15.3,5000,19,19,20.6,76586.75,Pune,Website
103231,33,77100,8.1,1600,16,14,45,12919.96,Delhi,Marketplace
107826,39,165700,18.7,4420,17,23,12.3,82640.34,Hyderabad,Mobile App
106954,45,169200,16.6,4050,17,22,17.1,67334.4,Mumbai,Marketplace
108480,43,169400,12,5320,19,22,27.9,63934.79,Chennai,Marketplace
104784,34,95900,6.8,2020,34,15,41.5,13732.34,Hyderabad,Mobile App
107696,38,196200,18.9,2420,23,15,18.8,45778.55,Mumbai,Marketplace
103233,29,99500,10.5,1850,65,11,53.6,19448.43,Bengaluru,Mobile App
105705,41,86100,9.7,1920,36,10,58.6,18715.01,Mumbai,Website
108053,44,168000,21.4,3540,24,25,36.3,75647.45,Pune,Mobile App
100704,,48800,4.3,1130,140,7,90.3,4893.19,Mumbai,Mobile App
105106,31,81200,7,1870,36,13,47.6,13161.97,Hyderabad,Website
107853,42,138600,16.4,4480,21,31,24.2,73484.62,Pune,Website
103292,33,62900,9.7,1640,58,14,44.2,15912.92,Bengaluru,Website
103674,34,94200,11.8,2030,59,12,47.3,23925.06,Chennai,Marketplace
102409,42,50500,5,780,143,6,79,3917.49,Bengaluru,Website
108647,38,156400,16.8,3610,14,28,7.9,60646.26,Bengaluru,Website
101328,42,58000,3.6,870,130,7,67.8,3181.34,Pune,Mobile App
108693,41,146500,19.4,5020,15,20,28.8,97165.54,Chennai,Marketplace
105774,24,87600,9.8,2030,46,14,41.2,19883.73,Bengaluru,Website
106096,45,76800,10,1740,42,15,50.4,17356.13,Pune,Mobile App
105407,39,74500,5.8,1840,63,14,47.9,10606.78,Chennai,Marketplace
108072,44,111300,20.8,4520,19,30,15.4,94076.04,Mumbai,Mobile App
106084,32,84300,8.2,1710,60,11,36.3,14057.66,Delhi,Marketplace
104910,31,96900,5.3,1390,61,12,49.9,7302.14,Mumbai,Website
104441,30,100100,6.9,1490,41,16,37.9,10302.87,Bengaluru,Website
101864,33,,3.4,890,127,5,62.7,3015.65,Chennai,Marketplace
100987,45,52800,3.8,770,101,6,61.3,2954.3,Delhi,Website
107821,40,128900,20.2,4620,12,28,17.9,93401.85,Hyderabad,Website
103953,48,81400,11.8,2100,55,12,52.3,24678.72,Pune,Website
107775,43,105000,12.6,3390,18,25,18.7,42549.71,Hyderabad,Marketplace
108331,47,127200,13.6,4030,22,31,16.7,54894.86,Bengaluru,Mobile App
108150,36,117300,18.3,4770,14,27,14.2,87296.82,Chennai,Website
104050,34,94200,9.4,2570,60,10,48.7,24047.11,Mumbai,Marketplace
106258,27,100100,9,1580,45,14,27.4,14229.09,Pune,Website
103486,44,81400,8.8,1880,44,13,48.8,16520.09,Hyderabad,Mobile App
106090,30,98500,7.8,1870,45,11,37.2,14636.72,Bengaluru,Website
102475,34,47000,4.2,820,131,7,79,3465.96,Delhi,Marketplace
105239,30,111700,6.8,1900,49,12,37.4,12980.55,Delhi,Website
106455,37,83600,7.3,2430,32,10,39.1,17793.44,Pune,Mobile App
103874,40,100700,10.1,1750,41,10,37.8,17639.66,Chennai,Marketplace
101199,38,50700,3.2,870,189,5,73.1,2832.4,Delhi,Marketplace
104182,44,85700,11.4,1250,44,10,38.5,14328.28,Hyderabad,Marketplace
101519,33,39100,3.4,920,98,6,74.3,3179.54,Mumbai,Mobile App
108166,44,141900,21.7,4400,21,23,5,95587.34,Hyderabad,Website
105478,41,101100,10.6,2030,42,18,43.4,21584.32,Bengaluru,Marketplace
106813,31,144400,18,4750,14,25,27.9,85786.52,Pune,Website
101800,25,33100,3.8,790,99,7,76.7,2975.85,Pune,Marketplace
101015,37,60100,3.4,1210,96,5,62.8,4107.05,Delhi,Marketplace
100129,41,37500,4.2,1010,114,6,78.3,4222.36,Bengaluru,Marketplace
101365,27,52300,3.6,640,114,6,61,2296.59,Delhi,Marketplace
107585,33,127200,19.3,3360,13,28,7.2,64853.93,Chennai,Marketplace
104471,50,72800,8.9,2000,34,7,44.2,17846.87,Chennai,Website
100892,48,41200,3.1,880,126,6,90.1,2770.15,Bengaluru,Mobile App
102794,53,49500,4,730,73,7,61.2,2913.25,Pune,Website
101970,52,85800,3.2,810,95,6,69.4,2612.42,Delhi,Website
105456,34,107500,12,2030,35,15,33,24272.99,Delhi,Mobile App
104404,32,80800,9.5,1740,46,11,56.5,16585.85,Pune,Marketplace
105758,27,93900,9.1,1420,65,13,43.7,12838.94,Hyderabad,Mobile App
106528,38,124400,22,3830,22,24,18.2,84417.29,Hyderabad,Marketplace
106295,33,86700,7.5,1900,55,13,45.5,14331.13,Chennai,Mobile App
103924,36,86500,8.9,1440,52,13,45.8,12847.28,Chennai,Website
105414,27,90000,9.1,2260,60,13,50.9,20672.32,Hyderabad,Mobile App
108743,50,105600,18.7,4520,16,27,16.9,84350.48,Pune,Mobile App
103250,43,82600,8,1850,38,11,31.4,14839.53,Hyderabad,Marketplace
106571,40,118600,17.3,3860,22,28,13.3,66790.49,Pune,Marketplace
106639,36,135200,18.6,4510,17,29,19.1,84037.98,Delhi,Mobile App
108271,43,128600,21.1,3370,16,28,7.5,71033.97,Bengaluru,Marketplace
101209,36,43300,3.7,830,75,6,74.9,3089.63,Mumbai,Mobile App
103869,37,76000,10.3,1640,42,13,53.7,16809.17,Mumbai,Marketplace
108526,34,152000,13.1,3240,8,25,23,42476.61,Delhi,Website
104066,24,89400,6.4,1820,32,14,28.8,11607.71,Delhi,Website
108301,39,152900,11.7,4300,20,27,15.1,50116.59,Bengaluru,Mobile App
107477,46,105300,19.5,4440,15,22,20.3,86685.3,Chennai,Mobile App
101240,39,56000,3.3,570,91,5,81.5,1870.34,Bengaluru,Marketplace
102290,38,40300,3.9,980,118,7,70.9,3872.99,Chennai,Website
102741,44,62700,2.7,740,193,5,83,1986.41,Chennai,Marketplace
100276,41,49300,2.6,770,107,7,57.2,1993.48,Delhi,Website
104586,34,82400,8.5,1840,40,12,43,15585.2,Delhi,Marketplace
101036,43,49000,4,790,173,7,66.2,3117.82,Hyderabad,Mobile App
101230,45,53200,3.1,980,172,5,75.2,3028.09,Chennai,Website
106835,37,176600,14,3880,19,31,17.1,54281.32,Pune,Marketplace
101009,27,49700,4,940,132,5,54.5,3781.57,Delhi,Website
108027,44,134600,19,5190,19,17,16.5,98697.03,Delhi,Mobile App
105179,42,72200,9.8,2040,59,18,40.3,20048.77,Chennai,Mobile App
103829,32,82100,11,1420,65,9,46.2,15639.42,Chennai,Website
102533,29,44900,2.4,680,124,4,75.8,1604.99,Hyderabad,Marketplace
104294,24,84500,7.5,2240,55,18,42.5,16854,Mumbai,Marketplace
101059,44,52700,3.4,800,154,4,61.4,2696.22,Mumbai,Mobile App
106263,38,72300,9.7,1540,42,14,52.3,14999.08,Chennai,Marketplace
107553,39,159000,15.7,3570,19,17,23.8,55890.37,Hyderabad,Website
100282,38,56300,4.4,640,99,5,57.8,2798.79,Delhi,Mobile App
101044,44,49100,4,910,135,4,69.5,3632.58,Mumbai,Website
101317,35,41000,2.9,680,149,5,81.9,1962.05,Mumbai,Marketplace
106655,55,153200,20.4,4170,14,24,9.1,85297.63,Hyderabad,Marketplace
100969,41,48700,3.2,850,172,8,54.6,2692.7,Bengaluru,Mobile App
102382,42,44600,2.8,770,161,6,72.7,2138.4,Chennai,Website
108916,38,105000,18.9,3350,15,22,2,63334.36,Mumbai,Mobile App
101940,32,42000,3,780,127,7,70.2,2376.68,Delhi,Website
107089,55,97800,17.6,4890,17,33,21.3,85954.57,Mumbai,Website
101275,36,56100,3.8,750,116,6,74,2797.07,Pune,Marketplace
100620,36,,2.8,780,136,6,76.4,2174.22,Delhi,Marketplace
108598,39,115500,17.3,4660,17,20,28.7,80607.68,Delhi,Website
101743,39,47100,3.3,710,115,5,81.6,2318.47,Chennai,Website
101391,40,60000,4.5,830,73,5,66.8,3723.37,Mumbai,Website
108020,45,130400,20.9,5160,15,20,8.4,108016.64,Mumbai,Marketplace
105944,33,98100,7.6,1990,53,11,61.7,15085.87,Chennai,Mobile App
101580,31,42500,3.4,860,98,4,71,2960.76,Mumbai,Mobile App
101656,40,68700,4,850,118,6,73.5,3417.99,Chennai,Mobile App
103569,32,93700,4.7,1830,21,13,57.7,8606.15,Pune,Marketplace
102353,27,61000,3.8,660,99,5,64.9,2493.89,Pune,Website
102213,33,34100,4.3,790,152,7,58.4,3388.13,Delhi,Website
106117,30,104500,7.8,1870,56,10,33.2,14540.53,Bengaluru,Marketplace
104530,37,79800,9.9,2130,59,11,39.5,21010.19,Hyderabad,Mobile App
106053,32,86900,5.6,2020,41,14,41.1,11248.9,Bengaluru,Website
103179,31,,8.3,1710,50,14,39.8,14221.53,Pune,Website
103193,27,104800,10.8,2360,53,11,41.5,25423.42,Mumbai,Website
101308,37,40400,4.2,970,88,5,65.5,4079.62,Delhi,Website
106100,35,100900,6.5,2200,63,11,41.3,14351.4,Chennai,Website
100576,32,41500,3.6,720,120,8,71.8,2592.39,Bengaluru,Mobile App
102361,47,56000,4,900,121,5,63.6,3586.1,Bengaluru,Website
106657,44,145900,14.5,3650,18,22,6.7,52969.35,Mumbai,Mobile App
105803,29,94200,7.5,1530,43,11,50.5,11428.87,Delhi,Marketplace
107707,34,148100,16.1,3640,15,25,29.2,58531.78,Bengaluru,Mobile App
107425,39,148400,13.1,4340,16,23,25.2,56704.52,Delhi,Marketplace
101281,48,56900,3.1,690,101,6,71.7,2115.69,Bengaluru,Marketplace
108014,35,117700,18.1,5460,21,34,31,98603.26,Pune,Mobile App
104958,27,86300,6.4,1850,46,10,48.5,11889.48,Pune,Marketplace
108145,40,114400,12.1,4640,22,24,13.9,55981.92,Pune,Website
105898,39,84900,11,1540,51,11,43.4,16876.18,Chennai,Marketplace
105725,43,94100,9.1,1600,25,15,35.8,14553.28,Bengaluru,Mobile App
101994,36,44300,3.3,760,78,7,74.7,2523.17,Bengaluru,Website
102640,38,48800,3.4,810,141,6,68.7,2718.9,Pune,Mobile App
100270,37,61900,3.3,780,98,5,83.4,2525.76,Hyderabad,Website
100630,35,44500,2.9,920,95,6,82.1,2723.06,Chennai,Mobile App
107309,38,149700,15.5,4820,24,27,24.3,74687.74,Delhi,Mobile App
103082,30,84200,10.8,1910,54,13,56.2,20631.28,Mumbai,Website
103467,50,93700,6.5,1560,62,12,46.6,10113.74,Bengaluru,Marketplace
106431,40,62100,8.7,2340,40,10,45.3,20326.78,Mumbai,Mobile App
108404,44,159000,15,3530,21,26,33.2,52860.11,Chennai,Website
104397,30,77400,10.5,1590,72,17,53.1,16738.34,Chennai,Website
104024,31,77500,8.8,1560,45,15,50.6,13792.56,Mumbai,Mobile App
108781,42,162000,14.3,4780,18,24,25.1,68413.03,Chennai,Marketplace
105544,38,68700,9.1,1390,59,11,43.8,12618.58,Delhi,Mobile App
105569,32,74200,10.5,1930,51,10,44.7,20328.03,Bengaluru,Marketplace
102047,36,47000,2.6,850,117,5,66.2,2181.2,Hyderabad,Website
104357,41,113300,9.4,1900,36,14,50.3,17907.29,Delhi,Marketplace
108386,46,147900,17.9,4090,14,32,29.4,73158.94,Bengaluru,Marketplace
102114,43,48900,3.1,870,133,7,84.7,2724.43,Bengaluru,Website
100028,44,47300,3.6,700,152,6,77,2538.93,Bengaluru,Website
102041,43,51600,3.3,650,149,7,65.4,2126.71,Pune,Marketplace
103929,35,95600,10.3,1680,39,11,43.9,17187.83,Bengaluru,Marketplace
102939,44,63300,4,760,156,5,78.6,2994.47,Delhi,Website
103217,30,87600,7.4,1330,36,14,43.4,9839.12,Delhi,Website
104934,39,101400,8.4,1560,63,13,43.3,13140.57,Pune,Marketplace
103815,44,94200,9.4,2060,49,14,51.4,19374.53,Bengaluru,Mobile App
100130,35,34000,3.4,700,108,4,73.9,2381.94,Delhi,Website
107516,46,99100,19.2,4280,19,23,35.6,82375.55,Hyderabad,Website
106105,34,91000,11.5,1900,34,12,43,21872.32,Hyderabad,Website
102279,39,51800,2.7,1030,148,7,81.9,2784.67,Pune,Marketplace
104600,34,91700,11.1,1770,37,15,48.6,19678.4,Delhi,Website
100014,36,48300,3.3,890,112,6,80.2,2928.89,Delhi,Marketplace
108321,36,165700,19.1,3660,14,32,23,69902.56,Chennai,Marketplace
104477,33,90200,7.8,1260,59,12,46.4,9798.06,Pune,Mobile App
105948,36,98700,8.1,1510,47,14,37.4,12299.57,Pune,Mobile App
101526,37,52100,3.5,680,120,5,72.8,2360.2,Delhi,Mobile App
102366,42,56200,3.3,890,155,6,82.1,2946.49,Mumbai,Mobile App
104649,38,,8.8,2040,52,14,40,17962.69,Pune,Mobile App
103053,41,73400,10.1,1710,51,16,40.7,17232.02,Chennai,Marketplace
104006,31,81400,6.3,1890,40,16,40.2,12023.28,Pune,Website
106981,23,110700,20.2,5340,14,32,19.2,108034.73,Bengaluru,Website
102341,49,47400,4,830,91,7,66.4,3335.37,Mumbai,Marketplace
100375,40,57300,3.6,960,95,7,71.6,3430.22,Bengaluru,Website
108430,42,177700,16.7,4510,20,30,15.2,75240.54,Mumbai,Website
106478,35,73300,6.1,1570,49,13,37.4,9632.66,Bengaluru,Mobile App
100526,31,71100,4.2,600,30,7,71.9,2513.09,Chennai,Mobile App
100940,34,40900,2.4,660,122,8,73,1579.86,Delhi,Website
103370,36,85200,8.7,1750,37,11,46.8,15238.69,Mumbai,Website
105719,34,73900,10.3,2070,47,18,43.1,21312.42,Bengaluru,Website
104574,25,102800,9.5,1910,49,13,45.4,18101.85,Chennai,Website
106896,39,123700,19.3,4640,16,23,12.1,89841.9,Bengaluru,Marketplace
102148,36,51500,3.6,910,155,7,57.9,3273.76,Pune,Marketplace
103592,27,104300,9.9,1940,61,10,45.3,19286.09,Chennai,Marketplace
107786,55,154400,17.1,4720,21,23,21.1,80842.31,Chennai,Website
108582,47,151700,20.3,3720,15,24,8.4,75296.89,Delhi,Mobile App
102959,44,54400,3.7,830,124,7,68.8,3050.33,Delhi,Website
106165,39,80500,10.5,1480,56,14,46.4,15487.95,Chennai,Website
103624,38,65600,9.2,2100,30,10,48.8,19228.85,Chennai,Marketplace
100530,34,52800,3.8,760,118,6,67.5,2853.42,Mumbai,Mobile App
103715,27,64600,9.8,1310,69,12,53.4,12760.63,Mumbai,Marketplace
107695,41,183000,19.9,4710,14,13,28.3,93984.09,Chennai,Marketplace
104733,38,78900,9.4,2070,54,12,47.5,19446.98,Pune,Marketplace
101270,39,51400,4.1,650,93,5,58.1,2652.76,Pune,Marketplace
104282,40,75200,10.7,2140,54,17,43.7,22780,Bengaluru,Website
101395,38,53700,3.2,1000,108,6,82.3,3178.94,Hyderabad,Marketplace
104851,34,84200,11.9,1570,61,14,25.8,18713.87,Mumbai,Marketplace
104010,38,66800,9.3,1680,42,12,46.1,15630.51,Bengaluru,Marketplace
104391,29,77000,8.7,2070,42,8,51.5,17883.43,Chennai,Mobile App
101798,34,61200,3,940,102,7,63.4,2845.36,Pune,Mobile App
102980,42,48300,3.8,810,140,7,65,3088.15,Chennai,Marketplace
101442,39,57300,2.9,780,76,4,62.4,2247.83,Bengaluru,Mobile App
107377,45,118900,14.5,4030,18,19,29.6,58545.81,Bengaluru,Website
102626,48,55000,2.3,760,119,5,73.1,1773.69,Delhi,Marketplace
103812,41,72500,9.2,1860,38,16,58.2,17136.63,Chennai,Marketplace
105632,36,109700,6.5,2080,51,14,36.7,13610.59,Chennai,Website
107395,39,133800,18.7,4060,25,23,14.4,75799.68,Hyderabad,Website
101274,33,47900,3.5,770,96,6,67.9,2705.01,Mumbai,Marketplace
108076,37,143400,13.9,4060,16,22,32.1,56497.84,Mumbai,Marketplace
104704,36,80800,10.6,2260,62,12,39.5,24023.73,Mumbai,Website
101713,34,31700,1.9,940,99,5,85.1,1790.67,Pune,Mobile App
108806,47,180100,17.5,5250,13,26,21.9,91813.18,Delhi,Marketplace
100956,21,45900,2.6,1010,108,8,79.5,2644.24,Pune,Marketplace
106676,41,,17.2,3310,16,36,3.9,57033.68,Hyderabad,Mobile App
107307,35,157300,14.5,3920,26,19,28.4,56934.29,Bengaluru,Marketplace
107869,47,117800,15.7,3700,20,31,21.7,58286.89,Chennai,Website
108463,48,153500,22.9,3030,17,11,24.1,69352.66,Hyderabad,Marketplace
108634,27,131400,18.8,5300,17,35,22.3,99761.73,Bengaluru,Mobile App
108391,39,127600,12.6,5520,14,19,20.4,69561.39,Chennai,Website
100404,36,46900,4.4,840,140,5,74.7,3708.03,Hyderabad,Marketplace
102072,28,38300,4.3,760,104,5,84.5,3288.08,Pune,Marketplace
108792,42,117800,16.5,3620,19,24,5.2,59931.61,Delhi,Marketplace
101978,35,57200,2.5,800,102,5,71.1,1992.99,Chennai,Mobile App
100159,30,51600,3.1,880,73,5,75.9,2748.83,Mumbai,Marketplace
105845,36,91900,9.5,2280,47,12,38.5,21531.79,Pune,Mobile App
107006,48,159300,18.3,4440,9,26,14.3,81214.29,Chennai,Marketplace
103889,38,82900,7.5,1060,74,12,48.7,7904.66,Hyderabad,Mobile App
105452,28,,9.6,1330,42,15,46.6,12850.43,Delhi,Website
100903,28,48800,3.1,910,122,6,63.3,2814.33,Chennai,Marketplace
100353,31,48700,4.2,790,126,5,77.9,3300.4,Delhi,Website
105327,41,99200,7.9,1760,22,9,47,13958.4,Delhi,Marketplace
106079,38,82100,9.6,2380,49,12,46.7,22878.94,Pune,Mobile App
106237,37,69100,10.1,2120,60,13,53.2,21312.85,Delhi,Mobile App
104541,43,59400,10,2420,62,14,38.8,24215.72,Delhi,Mobile App
104131,27,85000,7.9,2080,23,12,38.4,16350.36,Hyderabad,Website
100755,35,49200,3.5,700,135,7,75.7,2428.13,Chennai,Mobile App
105834,38,83700,11.6,2110,78,15,30.3,24339.07,Mumbai,Mobile App
102972,49,38800,4.8,700,104,6,67.1,3328.2,Bengaluru,Marketplace
101083,39,62700,3.1,620,139,8,75.3,1925.63,Mumbai,Marketplace
102921,33,36300,3,790,122,4,58.7,2370.48,Delhi,Mobile App
100312,35,60900,4.2,860,218,6,73.1,3564,Mumbai,Website
104645,32,80900,8.2,1980,63,11,33,16257.29,Chennai,Website
100662,41,59800,2.5,680,106,4,73,1737.42,Hyderabad,Mobile App
107058,,159900,15.3,4170,12,35,18.6,63710.67,Bengaluru,Mobile App
101990,36,68800,3.6,830,121,4,62.1,2964.11,Chennai,Website
103666,28,99100,7.9,2140,35,13,36.5,17002.85,Delhi,Marketplace
100307,21,63600,3.5,890,110,6,72.4,3118.45,Bengaluru,Mobile App
102336,42,48600,3.9,700,131,5,56.9,2710.78,Chennai,Mobile App
104791,39,108400,7.4,1320,56,14,43.9,9861.49,Bengaluru,Mobile App
102357,29,56400,3.2,610,95,7,72,1958.56,Mumbai,Website
103703,32,79000,9.6,1900,53,13,51.9,18167.69,Hyderabad,Mobile App
103805,29,82100,8.3,1930,48,10,35.5,16014.11,Pune,Marketplace
101928,29,58800,3.5,1000,127,7,73.2,3447.02,Chennai,Website
108421,39,156200,20.4,4510,15,20,27.8,92204.01,Bengaluru,Marketplace
103428,35,65800,8.3,2440,72,13,39.2,20275.36,Mumbai,Mobile App
100750,35,55100,3.8,650,87,5,62.5,2467.4,Delhi,Website
103639,27,81500,5.4,1780,60,16,53.1,9552.83,Delhi,Website
107177,36,151700,19.5,4470,23,38,24,87037.94,Delhi,Mobile App
101267,36,50000,4.3,990,75,6,64.5,4228.62,Chennai,Mobile App
107218,39,164100,20.7,4080,18,25,16.5,84672.98,Delhi,Mobile App
107560,50,139100,20.7,4340,11,20,11.6,89951.89,Hyderabad,Marketplace
102957,34,42700,3.4,730,134,6,63,2525.11,Hyderabad,Website
103596,27,79000,7.8,2280,49,11,26.6,17871.61,Pune,Mobile App
102135,36,64200,3.6,760,120,6,74,2700.38,Bengaluru,Marketplace
107122,39,152400,12.7,3850,17,28,7.7,49001.38,Hyderabad,Website
105067,35,72500,7.5,2150,61,14,52.4,16154.01,Pune,Mobile App
104110,29,85300,10.8,1170,46,13,55.4,12622.8,Chennai,Website
104970,37,100600,5.8,1290,44,15,32.7,7530.65,Hyderabad,Website
104905,33,86300,6.1,1760,50,12,43.7,10788.28,Hyderabad,Marketplace
100515,41,42700,3.7,720,33,8,61.4,2650.43,Pune,Marketplace
100895,30,52200,4.4,640,155,9,67,2829.04,Pune,Website
100410,39,52500,2.9,930,177,6,70.9,2678.19,Delhi,Mobile App
107359,46,146200,16.6,3630,19,27,24.2,60050.94,Bengaluru,Website
106261,32,107400,7.9,1200,48,13,37.3,9481.9,Bengaluru,Marketplace
103462,42,69300,12.6,1520,52,16,38.2,19082.16,Hyderabad,Mobile App
100900,50,60500,4.9,950,108,6,66.3,4656.84,Bengaluru,Mobile App
100208,30,47900,3.3,710,96,7,78.4,2358.55,Chennai,Website
108015,38,152800,16.3,4670,17,29,26.7,76310.11,Delhi,Marketplace
100459,51,45500,3.8,840,124,5,79.8,3173.12,Mumbai,Marketplace
102055,37,42100,2.9,850,104,6,80.3,2505.55,Chennai,Website
102431,31,42500,3,840,148,9,77.9,2514.36,Bengaluru,Website
100251,40,49000,3.3,720,126,7,73.9,2363,Delhi,Website
108292,34,191800,20.6,4010,22,23,21.6,82755.55,Delhi,Website
105438,39,89800,7.6,2400,36,20,42.2,18267.48,Mumbai,Marketplace
101108,39,43900,3.8,700,128,7,65.9,2631.5,Hyderabad,Website
108882,47,139700,16.3,3480,18,15,7.4,56860.76,Mumbai,Mobile App
105980,31,68700,8.2,1850,43,11,51.3,15180.87,Delhi,Mobile App
101714,30,,4.3,750,142,6,77.7,3268.99,Bengaluru,Mobile App
103912,33,92600,7.6,1560,45,16,54.6,11782.73,Bengaluru,Website
107930,44,133800,16.7,4300,27,20,22.5,71869.76,Mumbai,Marketplace
100716,34,53100,3.9,560,107,8,63.9,2141.38,Chennai,Website
100553,25,38900,4.2,700,121,6,71.8,2927.24,Pune,Mobile App
101440,47,41400,4.4,600,148,5,89.3,2602.04,Mumbai,Mobile App
102271,46,52100,3.2,530,132,6,68.9,1725.21,Chennai,Marketplace
103145,48,91500,9,1400,45,18,46.6,12551.85,Delhi,Marketplace
106918,41,152600,15.7,4610,21,21,15.9,72140.1,Bengaluru,Marketplace
102057,34,49100,4.5,830,79,5,83.4,3711.33,Delhi,Mobile App
101926,36,43700,3.3,920,147,6,80.2,3027.44,Mumbai,Mobile App
100635,31,54600,3,790,70,6,64.5,2384.36,Mumbai,Marketplace
106083,38,75700,11.2,1540,38,12,54.4,17253.85,Pune,Mobile App
100317,36,44100,2.8,740,151,8,70.8,2078.75,Bengaluru,Website
108363,41,191300,20.4,4040,19,21,29.9,82432.51,Delhi,Mobile App
108737,47,167000,18.6,4550,22,28,19.6,84667.54,Mumbai,Marketplace
105425,53,110100,9.4,1410,63,14,51.3,13287.64,Pune,Mobile App
100428,32,68900,3.7,370,101,5,58.9,1368.8,Pune,Mobile App
107322,44,115900,12.4,4810,13,22,21.7,59571.87,Hyderabad,Mobile App
100106,39,55100,2.9,760,137,4,76.7,2217.35,Mumbai,Mobile App
103042,46,95000,7.5,1980,35,17,44.7,14789.57,Bengaluru,Marketplace
104239,28,63900,10,1720,59,12,48.9,17300.56,Chennai,Marketplace
102170,41,40400,4.7,800,82,6,68.4,3729.71,Hyderabad,Mobile App
101710,25,75500,4.6,620,51,7,78.3,2872.09,Hyderabad,Website
100090,30,40000,2.7,700,159,4,76.1,1890.3,Chennai,Website
107015,50,128600,16.1,5100,28,30,12.4,82205.17,Delhi,Website
102242,31,54300,4.1,1190,143,5,66,4903.61,Mumbai,Website
103175,38,76000,5.8,1850,48,9,54.1,10744.89,Hyderabad,Website
107363,41,133700,16.6,4190,20,28,17.8,69765.48,Delhi,Marketplace
106260,38,60400,8.8,1700,29,14,44.8,14908.19,Delhi,Marketplace
106733,37,138000,15.1,3660,20,26,4.1,55367.57,Chennai,Marketplace
101950,36,50000,3.2,920,134,6,71.1,2905.86,Bengaluru,Website
104045,36,98800,7.2,1650,43,12,39.3,11882.99,Bengaluru,Marketplace
108890,48,86300,18.6,3760,19,20,18.2,69920.33,Delhi,Mobile App
102849,31,54200,2.9,940,105,4,70.9,2712.77,Mumbai,Marketplace
106369,35,81900,9.4,1870,47,11,40.2,17609.03,Mumbai,Marketplace
100002,44,56100,3.1,730,103,5,49.1,2296.56,Delhi,Marketplace
106140,24,80900,8.1,1630,59,14,36.9,13242.14,Pune,Website
104338,36,73000,9.7,2140,72,14,57.1,20830.76,Hyderabad,Mobile App
106048,44,83000,9.6,1680,35,14,42.7,16100.96,Mumbai,Marketplace
100936,38,46500,3.2,530,98,6,74.9,1706.51,Delhi,Marketplace
100714,32,47300,4.1,840,97,8,70.7,3448.08,Bengaluru,Mobile App
102721,37,62500,3.4,830,128,8,65.4,2825.83,Pune,Website
108987,52,182800,15.7,3700,18,28,22.3,57883.85,Delhi,Mobile App
105206,31,104500,6.7,2280,52,17,38.9,15281.13,Pune,Website
107564,48,214700,14.4,4020,19,21,25.2,57906.17,Bengaluru,Website
100592,39,58100,3,880,149,5,79.1,2693.7,Bengaluru,Mobile App
108859,41,150100,25.8,4600,15,28,15.8,118725.86,Hyderabad,Website
107402,44,172800,18.1,4370,8,24,19.3,79164.73,Delhi,Mobile App
102937,47,52700,2.8,700,127,4,68.1,1983.89,Pune,Website
108542,41,149700,16.6,3790,17,13,2,62828.46,Chennai,Mobile App
102449,42,57600,4.4,620,129,8,66.2,2712.2,Chennai,Website
101577,30,47400,2.2,760,87,5,60.7,1682.97,Hyderabad,Mobile App
107927,45,146000,16.2,4450,20,25,24.3,72266.85,Bengaluru,Website
103763,29,84600,12.3,1560,63,14,53.3,19184.01,Hyderabad,Marketplace
100214,38,33800,4.3,990,150,6,73.2,4244.32,Bengaluru,Mobile App
100779,36,54600,4.2,740,169,7,82.7,3074.13,Pune,Marketplace
105512,32,75300,6.4,1990,54,13,47,12734.63,Chennai,Website
103497,27,89300,12.1,1690,48,14,52.7,20408.44,Pune,Marketplace
107726,40,141400,17.5,3800,10,23,23,66662.27,Chennai,Marketplace
102044,41,43300,2.8,890,117,7,68.3,2520.08,Hyderabad,Mobile App
108789,31,116000,19.6,4000,20,24,19.5,78568.25,Delhi,Website
108579,38,149000,13.9,3990,21,24,20.9,55656.41,Hyderabad,Website
105421,34,110700,7.4,1630,54,13,46.2,12086.5,Delhi,Website
106155,35,101200,8.9,1610,61,13,33.9,14266.46,Chennai,Website
101568,27,45400,4,750,168,7,67,3014.35,Delhi,Mobile App
100166,46,52100,3.2,770,84,6,61.7,2448.19,Hyderabad,Website
104703,47,73100,8.5,1650,57,13,58,14046.08,Delhi,Mobile App
103567,38,78200,7.4,1800,75,10,35.9,13283.05,Pune,Mobile App
108601,41,120200,19.1,3730,28,26,11,71244.26,Bengaluru,Mobile App
108794,48,142400,14.6,4390,18,26,21.5,64223.41,Chennai,Website
105440,35,91700,9.4,1680,52,13,37.5,15761.78,Mumbai,Mobile App
102014,42,43200,4,970,122,6,75.5,3828.98,Bengaluru,Marketplace
100274,33,58900,2.5,800,117,5,78.3,2003.19,Pune,Website
103861,35,101300,9.2,1790,48,15,55,16386.97,Mumbai,Website
104168,34,102100,10.3,1850,42,15,23.1,19106.61,Mumbai,Mobile App
107860,39,116000,16.8,1850,12,22,25.2,31128.55,Bengaluru,Mobile App
103789,32,83900,11.4,2170,39,11,40.6,24711.47,Bengaluru,Mobile App
105184,33,88200,6.8,1520,28,9,42.6,10301.75,Delhi,Mobile App
100395,44,49300,3.5,580,165,6,73.5,2010.73,Chennai,Marketplace
100584,31,,2.9,1070,99,7,67.4,3130.43,Pune,Website
108949,43,129100,17.9,5140,17,23,18.9,92245.67,Hyderabad,Website
104467,43,103300,11.1,1970,37,15,36.1,21894.55,Pune,Website
100117,45,53900,3.1,770,175,5,85.3,2402.26,Hyderabad,Marketplace
106645,45,146000,22.4,4190,20,24,28,93853.24,Chennai,Marketplace
108091,52,155700,17.1,4420,29,22,9.1,75634.25,Delhi,Website
106870,51,133700,16.6,2670,8,27,15.2,44201.9,Bengaluru,Mobile App
108985,46,152000,16,4520,25,23,23.1,72140.56,Delhi,Marketplace
108968,50,176400,17.5,3600,15,25,23.1,62949.6,Chennai,Website
107972,48,117700,17.5,4340,12,26,6.1,75792.09,Chennai,Website
100521,33,60700,3.7,780,153,3,65.9,2923.39,Pune,Marketplace
101764,49,37900,3.7,880,157,6,77.1,3247.66,Delhi,Mobile App
101876,47,40900,3.6,790,76,6,65.7,2863.85,Bengaluru,Marketplace
105356,38,84700,7.5,2250,36,13,35.4,16967.49,Hyderabad,Marketplace
103966,36,101800,8,1970,60,7,59.2,15750.22,Hyderabad,Marketplace
103345,33,81800,11,1640,44,14,57.5,18042.04,Chennai,Website
106599,40,150200,18.8,3930,19,22,18.9,73724.55,Chennai,Marketplace
102254,34,56000,3.3,730,84,4,79.2,2450.47,Bengaluru,Mobile App
106878,48,195500,15,3680,20,26,11,55067.71,Mumbai,Website
103225,35,100000,13.2,1460,40,19,48.4,19304.93,Chennai,Marketplace
100527,28,44600,2.5,700,124,6,60.6,1752.91,Hyderabad,Mobile App
107371,44,164800,15.6,5410,16,26,14.7,84259.94,Hyderabad,Mobile App
102947,39,55600,3.7,810,113,7,69.9,3014.08,Hyderabad,Mobile App
104474,37,79200,11.5,2230,64,18,48.6,25585.51,Pune,Mobile App
103900,37,83300,9.9,1450,56,14,46.5,14358.86,Delhi,Marketplace
105656,31,78300,9.5,1830,57,6,30.3,17293.48,Chennai,Mobile App
100693,45,41600,3.3,640,149,8,83.4,2104.76,Mumbai,Website
106060,33,78900,7.1,1920,51,15,50.3,13670.67,Hyderabad,Website
100960,34,33500,2.9,770,101,6,72.2,2267.78,Pune,Marketplace
104445,29,77000,9.9,1900,64,14,51.7,18838.67,Bengaluru,Marketplace
108509,42,115200,19.3,4040,15,27,10.4,77776.47,Bengaluru,Website
106343,34,76800,7.1,1420,63,16,31.4,10083.87,Bengaluru,Website
106132,31,108000,11.7,2040,25,12,39.3,23806.68,Pune,Marketplace
103634,32,82500,8.5,1340,60,14,53.7,11447.59,Mumbai,Website
105806,32,106100,11.3,1790,40,15,38,20263.14,Hyderabad,Mobile App
101051,34,44300,2.7,810,138,7,68.8,2202.55,Hyderabad,Website
100591,41,51000,3.2,850,116,6,74.3,2673.86,Delhi,Website
100520,38,54300,3.5,980,95,7,79.3,3469.26,Delhi,Website
103381,30,100300,10.7,1980,51,15,42.8,21157.02,Pune,Website
103677,34,75200,7.6,2000,58,10,44.8,15234.8,Pune,Website
105777,27,87500,10.7,1620,66,14,56.4,17293.89,Hyderabad,Marketplace
108113,40,180900,17.4,5060,15,29,22.7,88241.7,Bengaluru,Website
106574,42,74800,16,3230,12,25,17.7,51650.54,Hyderabad,Marketplace
105180,39,100700,13.4,1860,71,13,49.9,25026.14,Bengaluru,Marketplace
101608,45,56700,4.3,820,161,6,68.7,3473.74,Pune,Mobile App
103611,35,117600,10.3,1670,51,14,43.8,17265.22,Pune,Website
108809,44,124400,16.1,4730,15,28,9.9,76121.49,Chennai,Website
106636,37,97100,21.8,5200,15,21,2,113171.91,Pune,Marketplace
100819,35,54900,3.7,780,93,8,69.5,2925.6,Delhi,Mobile App
101810,37,47400,3.6,640,92,6,64.4,2303.33,Delhi,Website
100792,38,50400,2.9,790,116,6,70.3,2290.92,Pune,Mobile App
100793,35,41200,3.2,620,154,4,59.7,1987.69,Mumbai,Marketplace
108096,49,117200,15.8,4390,18,18,12.1,69365.23,Pune,Website
101856,36,45300,5.1,850,164,5,82.1,4372.67,Chennai,Marketplace
101981,32,43300,3.1,1030,159,6,76.9,3241.72,Chennai,Marketplace
103234,38,101900,8.2,1540,69,13,38.7,12628.22,Mumbai,Website
103599,43,94700,6.4,1910,45,14,40.9,12263.79,Mumbai,Mobile App
100934,43,39800,3.1,700,136,6,65.8,2127.12,Mumbai,Mobile App
103964,27,79800,8.1,2310,60,12,63.3,18771.23,Chennai,Marketplace
107335,43,139300,15.8,2170,21,27,26.9,34393.01,Mumbai,Mobile App
105627,27,103100,10.4,1930,58,15,60.2,20114.36,Delhi,Website
105507,30,90600,7.9,1600,27,12,40.9,12631.47,Delhi,Mobile App
106073,32,70800,8.9,2150,57,13,42,19034.75,Pune,Marketplace
101683,37,43000,4.4,760,114,5,74.6,3331.13,Mumbai,Marketplace
104180,21,98900,10,1760,55,8,55.5,17694.86,Chennai,Website
104027,39,61400,6,2040,37,19,40.8,12237.34,Mumbai,Marketplace
108472,40,156700,16.9,3580,14,28,19,60315.15,Delhi,Marketplace
106447,50,84500,9.6,1250,55,16,50.9,11964.54,Pune,Website
104117,33,97600,10.4,1760,45,11,59.9,18428.96,Bengaluru,Marketplace
100989,40,61900,3.2,710,99,6,61.5,2265.6,Delhi,Marketplace
107601,38,130000,20.7,4880,17,22,16.5,101005.3,Delhi,Marketplace
108290,31,154400,14.9,5210,10,27,30,77469.46,Pune,Website
103454,34,100300,7,1930,63,15,50.2,13462.53,Bengaluru,Website
102897,28,48300,3.5,950,177,6,54.1,3296.72,Bengaluru,Website
103779,41,87500,8.8,1830,46,10,57.3,16142.29,Delhi,Website
105659,41,94300,10.3,1310,71,15,61.6,13528.37,Delhi,Website
108231,35,120100,18.2,5020,10,24,13.1,91474.68,Pune,Mobile App
103094,40,93400,6.4,2110,68,13,50.3,13564.6,Mumbai,Marketplace
103156,44,81900,8,1740,31,16,44.2,13850.92,Bengaluru,Website
105070,27,75600,8.6,1740,55,10,38.6,14909.89,Mumbai,Website
105807,31,60600,8.2,1330,62,10,31.8,10991.3,Mumbai,Marketplace
103202,24,111400,10,1630,64,11,48.4,16293.59,Hyderabad,Mobile App
107953,37,171500,11.1,4530,22,26,12.4,50428.9,Pune,Marketplace
108956,40,127400,17.9,3450,13,27,27.5,61597.91,Mumbai,Mobile App
101099,52,40600,3.8,1010,134,5,78,3812.37,Pune,Website
108180,26,168400,18.4,3640,22,24,26.1,66916.49,Hyderabad,Mobile App
102845,35,37400,4.3,780,90,7,52.6,3344.89,Hyderabad,Marketplace
100887,42,54200,3.4,670,151,7,70.9,2274.86,Chennai,Website
103343,33,99800,10.4,1670,48,15,52.5,17478.19,Hyderabad,Website
108302,45,165500,14.3,4140,22,31,21.5,59107.19,Delhi,Marketplace
106541,38,123400,23.1,4860,16,32,31.6,112507.07,Mumbai,Website
108437,38,164600,12,4030,22,23,16.7,48217.15,Bengaluru,Website
106097,32,84500,8.6,1870,58,9,51.2,16042.13,Hyderabad,Marketplace
100516,33,40000,3.9,720,116,6,58,2807.53,Hyderabad,Website
103357,33,83700,6.4,2350,45,16,50,15100.59,Hyderabad,Marketplace
104834,33,71500,8.8,1520,36,16,44.4,13342.54,Mumbai,Marketplace
101454,39,49200,4,1020,105,7,61.9,4092.41,Pune,Website
103554,44,93300,11.5,1970,49,13,36.2,22596.25,Delhi,Marketplace
103610,33,68200,9.5,1960,73,15,32.6,18652.51,Delhi,Mobile App
107943,35,111100,20,4810,21,32,34.2,96259.72,Hyderabad,Website
104666,40,90500,10.2,1830,63,13,66.8,18597.34,Chennai,Mobile App
102507,37,51400,4.3,500,105,6,67.3,2141.36,Delhi,Website
102995,44,48700,3.6,710,169,8,69,2550.48,Hyderabad,Website
104000,31,91300,11.7,1560,46,15,39.1,18357.09,Chennai,Marketplace
106223,34,86600,4.3,1910,49,10,44.5,8214.61,Hyderabad,Mobile App
108769,37,169300,19.2,4290,19,29,31.8,82458.44,Pune,Marketplace
108936,45,150400,13.8,5920,17,17,23.2,81509.76,Pune,Website
100907,31,48800,3.5,630,141,7,64,2180.17,Bengaluru,Marketplace
100029,41,39000,2.9,870,135,7,95,2519.12,Chennai,Website
106346,39,59700,12.3,1790,72,11,52.9,21976.49,Delhi,Website
102508,24,61600,2.9,880,33,7,80.3,2565.08,Hyderabad,Marketplace
102429,32,65700,3.8,970,115,4,51.4,3691.83,Bengaluru,Website
105044,30,106900,9.4,1640,48,16,50.7,15445.36,Hyderabad,Website
105347,41,88800,9.2,1920,46,15,46.1,17661.51,Pune,Marketplace
100763,32,47200,2.3,650,131,5,78.5,1508.02,Delhi,Mobile App
103748,36,77100,7,1660,57,15,45.2,11537.2,Pune,Marketplace
104812,28,81900,9.1,2090,68,13,41.7,19061.55,Mumbai,Website
100285,41,40000,3.7,910,107,3,71.6,3406.6,Pune,Website
100687,47,38700,3.4,720,124,7,52,2457.41,Delhi,Website
104800,39,80400,6.7,1880,74,15,44.1,12648.39,Hyderabad,Mobile App
102354,35,43600,4,500,113,5,71.1,2004.56,Mumbai,Mobile App
106354,38,104100,10.7,1790,38,14,40.4,19062.01,Delhi,Marketplace
107924,31,157400,15.3,4400,19,20,22.6,67325.93,Pune,Marketplace
104570,30,74600,7.7,1910,56,13,33.7,14768.52,Mumbai,Website
100022,42,59700,3.7,710,176,7,60.5,2610.8,Delhi,Mobile App
102753,38,48800,3.6,760,138,7,62.1,2744.35,Delhi,Mobile App
100886,42,55500,3.2,790,160,4,70.2,2540.9,Mumbai,Marketplace
108407,47,168100,22,3670,23,28,25.7,80534.17,Mumbai,Website
100918,43,52100,2.5,590,75,6,65.5,1490.7,Pune,Website
108616,47,116000,16.1,4930,8,28,9.6,79254.19,Delhi,Mobile App
101041,35,58500,2.7,760,135,6,75.6,2067.24,Hyderabad,Website
106336,39,72800,10.5,2390,75,11,47,25005.33,Chennai,Marketplace
107813,51,171000,13.6,4650,24,19,14.1,63362,Delhi,Website
101266,45,45400,3.8,760,132,7,60.3,2929.14,Hyderabad,Mobile App
104580,31,87700,11.5,1520,47,11,55.2,17512.6,Pune,Website
108360,43,146300,16,3880,22,20,26.3,61965.5,Pune,Mobile App
107060,41,142200,15.5,3340,21,34,22.6,51877.98,Hyderabad,Marketplace
108688,51,134500,22.3,4270,20,19,18.7,95329.32,Pune,Mobile App
100278,30,54600,3.1,860,174,6,75.8,2670.02,Delhi,Marketplace
105085,28,82000,10.1,2190,44,12,36,22114.03,Mumbai,Website
102085,43,56600,3.1,970,135,7,75.5,2987.6,Delhi,Website
101246,30,45100,3.1,800,77,8,78.5,2462.06,Pune,Website
102383,42,56300,2.4,810,127,6,69.1,1981.83,Chennai,Website
100572,41,,3.9,640,169,4,68,2538.75,Mumbai,Mobile App
101436,36,40100,3.2,980,122,7,71.6,3123.1,Bengaluru,Website
103903,32,92400,11,1730,80,14,39,19029.28,Chennai,Website
105090,26,49000,9.8,1900,63,10,38,18562.03,Bengaluru,Marketplace
101248,41,46800,3.2,630,176,7,83,2003.86,Pune,Marketplace
107399,57,164700,19,3250,24,21,22.9,61727.45,Bengaluru,Marketplace
104682,41,80600,12.7,1690,57,13,37.8,21468.53,Mumbai,Mobile App
103527,35,104200,9,1580,43,12,57,14272.83,Chennai,Website
106558,48,100200,16.4,3600,17,22,12.1,59125.29,Mumbai,Website
102515,34,54300,3.5,990,150,5,70.7,3474.28,Mumbai,Marketplace
105446,41,107100,7.9,1870,40,6,55.5,14823.66,Pune,Marketplace
101008,33,45400,3.5,730,72,5,52.7,2521.38,Mumbai,Marketplace
104771,37,70100,11.1,1570,59,11,25.6,17463.13,Chennai,Marketplace
106509,39,159100,19.7,5140,13,28,30.7,101121.91,Chennai,Website
107000,42,173100,17.6,4180,16,24,28.4,73526.21,Delhi,Website
104544,34,89300,7.9,2000,53,17,50.8,15712.68,Bengaluru,Website
107427,38,106700,17.6,4820,17,23,29.4,84966.61,Pune,Mobile App
107725,42,158900,14.3,4280,12,26,21.4,61264.79,Pune,Mobile App
108637,44,152300,16.8,3840,20,24,30.7,64276.32,Chennai,Marketplace
104456,30,96100,5.7,2050,45,13,48.3,11618.32,Mumbai,Mobile App
102065,32,53800,3.4,730,114,8,66.7,2460.3,Pune,Website
105353,41,78600,8,2050,70,16,60.6,16349.47,Hyderabad,Marketplace
108849,37,177900,15.1,3340,24,22,29.3,50506.96,Mumbai,Website
101691,49,51300,4,970,129,5,70.4,3862.74,Bengaluru,Mobile App
103118,31,87300,8.6,2050,63,11,44.8,17661.55,Mumbai,Marketplace
108583,42,141100,16.8,5630,20,20,30.7,94733.72,Chennai,Website
105344,35,85000,8.8,2160,57,16,48.3,18960.12,Hyderabad,Mobile App
101986,28,50500,3.6,680,104,4,62.5,2485.66,Pune,Website
100295,49,49500,3.8,900,90,6,80.6,3404.42,Chennai,Mobile App
101548,36,41500,2.5,1080,91,6,72.1,2733.15,Delhi,Website
102013,49,49900,4,860,75,5,67,3417.83,Delhi,Marketplace
100589,35,50500,2.8,950,153,5,64.9,2657.24,Chennai,Website
103330,45,64100,9.6,2030,73,11,48.1,19467.85,Mumbai,Website
102404,37,54900,4.1,740,99,6,76.8,3026.92,Bengaluru,Marketplace
102130,23,49000,2.1,850,129,6,68.8,1810.28,Chennai,Mobile App
103999,40,91800,10.5,1770,59,12,42.1,18703.19,Delhi,Website
101575,39,42900,3.3,790,85,7,82.2,2611.3,Mumbai,Marketplace
103742,46,94400,5,1900,58,14,42.7,9564.36,Delhi,Mobile App
103509,31,89400,9.1,1680,58,14,35.4,15289.33,Bengaluru,Mobile App
108318,41,146000,15.8,3710,18,21,17.9,58786.92,Bengaluru,Website
102720,33,52100,3.1,620,86,5,65.8,1954.91,Pune,Website
104522,26,91200,5.9,2120,57,10,36,12596.7,Mumbai,Website
106679,54,179500,15,4770,17,26,3.8,71555.28,Pune,Marketplace
105151,25,85200,7.7,1620,62,14,49.2,12498.13,Hyderabad,Marketplace
102809,30,43000,4.4,960,98,6,66.3,4196.47,Chennai,Website
108605,33,170700,20.7,3560,21,27,30.5,73751.46,Delhi,Marketplace
100557,42,63000,4.3,1120,145,7,76.4,4847.34,Pune,Website
106277,37,77200,9.8,1830,28,17,44.1,17855.47,Pune,Mobile App
107910,38,120800,25.3,5210,17,28,15.6,132130.96,Bengaluru,Mobile App
104796,45,77800,9.4,1740,46,16,44.9,16355.47,Pune,Marketplace
102470,34,43500,4,910,115,5,68.1,3667.02,Hyderabad,Mobile App
103739,33,84000,6.7,1560,53,16,46.6,10478.88,Chennai,Marketplace
104287,28,106300,10,1830,37,15,42.1,18261.46,Bengaluru,Website
108105,41,146000,16.4,3550,20,14,22.1,58174.1,Bengaluru,Website
105290,40,87600,9.6,2230,54,13,42.5,21400.74,Delhi,Marketplace
101717,37,57600,3.7,530,120,7,67.6,1965.11,Mumbai,Marketplace
102605,53,44000,3.2,990,155,6,52.1,3180.25,Delhi,Website
108120,36,130700,19.8,2910,29,27,12.7,57756.12,Chennai,Marketplace
106925,40,133900,18.2,5040,14,22,14.3,91659.73,Pune,Mobile App
101705,33,53700,4.2,790,171,5,66.7,3319.42,Mumbai,Mobile App
106960,35,181400,14,4830,22,24,5,67549.6,Mumbai,Marketplace
106715,49,84000,21.1,3870,22,19,28.9,81440.67,Chennai,Mobile App
106497,26,88700,7.5,1810,66,17,47,13553.72,Bengaluru,Marketplace
102140,32,,3.7,640,111,8,69.4,2403.68,Chennai,Mobile App
103240,29,80300,9.3,1730,52,11,46.3,16008.66,Delhi,Mobile App
102384,29,56200,2.7,840,109,6,74.4,2281.59,Chennai,Mobile App
107315,36,109200,19.5,3880,15,25,31.1,75639.52,Pune,Website
104312,37,97900,12,2170,58,13,53.3,25933.15,Hyderabad,Mobile App
101286,40,48300,3.1,770,173,6,59.2,2365.53,Mumbai,Marketplace
101313,45,31900,3.4,930,159,5,80.9,3195.69,Hyderabad,Mobile App
107809,33,147300,17.6,3410,20,23,2,60066.02,Chennai,Marketplace
101997,44,36200,3.4,780,134,5,65.5,2623.18,Bengaluru,Mobile App
103931,34,93000,9.1,1510,50,9,40.8,13797.63,Bengaluru,Website
106184,30,67500,11.3,1860,46,11,32.1,20962.64,Bengaluru,Marketplace
105986,31,87900,10.5,2010,67,15,59,21017.94,Mumbai,Marketplace
107462,34,85300,17.4,3940,18,25,15.4,68481.34,Bengaluru,Mobile App
101592,29,63700,2.7,850,173,7,61,2313.46,Delhi,Marketplace
108738,41,130300,20.1,4520,22,30,27.5,91008.62,Chennai,Website
108475,32,131200,18.4,4490,20,28,19.5,82516.65,Hyderabad,Website
102163,51,47800,3.6,750,127,5,68.6,2722.48,Pune,Website
102397,39,61300,4.1,840,114,7,73.1,3461.48,Bengaluru,Website
100318,32,56400,4.8,660,134,5,74.4,3142.31,Pune,Mobile App
106368,32,101800,6,1840,47,11,61.8,11072.64,Bengaluru,Marketplace
108525,42,141600,12.8,4550,21,36,21.8,58265.3,Delhi,Website
103112,38,81900,4.4,1630,28,10,64.2,7213.01,Chennai,Marketplace
105234,37,78100,7.6,1300,57,13,47.3,9822.03,Delhi,Mobile App
107867,43,127900,15.9,3280,13,28,24.3,52260.81,Bengaluru,Marketplace
105069,44,89400,11.3,1570,37,14,38.9,17685.02,Mumbai,Mobile App
104037,45,85500,1.8,1590,54,11,46.5,2800.19,Delhi,Mobile App
100796,38,47900,3.4,940,131,6,77.3,3190.39,Hyderabad,Website
103021,37,80300,8.1,1700,18,18,25,13729.94,Pune,Website
101712,50,50100,3.7,770,44,5,60.5,2896.05,Delhi,Website
103388,44,70600,10.1,2240,51,11,17.8,22567.18,Pune,Marketplace
100037,40,47400,3.8,1210,123,7,82.4,4627.02,Hyderabad,Website
104550,34,93800,10.1,2060,56,13,47.8,20850.75,Hyderabad,Website
100914,41,42500,3.6,910,165,6,68.8,3289.58,Hyderabad,Website
105722,31,84300,6.4,1950,57,12,53.2,12580.99,Delhi,Marketplace
105296,41,54700,7.6,2370,51,9,59.9,18031.12,Delhi,Marketplace
103973,35,59500,8.7,2140,46,18,41.5,18554.07,Bengaluru,Marketplace
105371,41,72600,10.5,2110,54,12,47.6,22238.4,Pune,Website
106472,35,85700,7.2,2040,59,14,43.4,14809.47,Delhi,Website
104134,30,80800,9.1,2550,40,12,38.8,23118.83,Hyderabad,Mobile App
100975,42,41700,3.9,660,114,6,76.9,2576.77,Bengaluru,Marketplace
107292,,158400,20.8,2860,14,20,23,59345.96,Bengaluru,Website
100984,42,54800,3.3,740,166,6,59.3,2397.02,Bengaluru,Marketplace
107876,48,131300,10.9,5150,26,29,14.2,56034.35,Chennai,Mobile App
108039,38,112100,16,2600,17,25,24.5,41725.74,Pune,Website
101419,35,57800,2.8,920,106,7,67.3,2559.63,Pune,Mobile App
108149,45,160900,17.9,4110,18,25,11.7,73325.08,Pune,Mobile App
101561,38,49800,3.5,650,119,6,65.2,2252.24,Delhi,Mobile App
104136,31,91100,9,1400,48,16,53.8,12563.21,Pune,Marketplace
105583,32,97000,11.7,2010,39,13,27.7,23491.87,Mumbai,Marketplace
107855,48,132600,12.9,4560,10,23,25.3,58702.19,Chennai,Website
104266,29,84200,8.9,2190,42,15,38.9,19399.9,Mumbai,Marketplace
101356,43,52700,3.8,820,86,6,92.3,3142.4,Chennai,Mobile App
108399,38,159900,20.4,4810,16,24,32.3,98181.44,Chennai,Website
105017,45,88700,7.3,1670,68,16,37.1,12236.7,Bengaluru,Website
108784,51,161800,25.7,3150,17,34,27.3,80979.59,Chennai,Marketplace
100988,36,64900,4.4,1070,119,8,70.7,4650.86,Chennai,Mobile App
102683,37,48100,3.6,930,80,6,63.4,3331.84,Delhi,Website
107491,46,132600,17,4920,21,24,21.6,83531.86,Hyderabad,Mobile App
105048,42,102800,8.2,1620,48,12,53.5,13274.96,Pune,Mobile App
101641,44,45500,3.8,860,157,6,58.9,3278.05,Pune,Website
101291,31,68800,4.1,680,123,6,68.9,2795.16,Hyderabad,Website
103682,39,84600,10.1,1620,69,13,50.4,16340.8,Hyderabad,Marketplace
101381,45,50300,3.3,790,135,6,69.4,2558.49,Hyderabad,Mobile App
101934,37,35600,4.1,660,141,7,43.5,2710.16,Delhi,Website
104676,35,86000,8.8,2060,61,14,38,18015.49,Delhi,Mobile App
102377,37,46700,3.5,970,130,7,69.6,3357.65,Hyderabad,Marketplace
103161,42,96800,7.5,2000,44,12,36.1,14918.68,Chennai,Website
102031,42,47800,4.4,920,122,4,72.8,4086.14,Pune,Website
100893,30,58200,4.8,1020,85,4,72.6,4856.96,Pune,Mobile App
107288,42,142700,20.6,3270,23,24,20.4,67373.62,Pune,Mobile App
104877,24,78400,10.9,1660,37,18,49.5,17980.97,Bengaluru,Website
104070,46,70700,12.1,1750,64,10,32.8,21145.4,Pune,Website
104256,37,83100,9,1710,44,11,49.8,15310.33,Mumbai,Mobile App
100003,38,41900,3.7,680,78,8,68.2,2528.58,Delhi,Marketplace
108932,41,136500,15.8,3790,13,28,20.9,59922.26,Bengaluru,Marketplace
108467,37,181700,16.7,3380,16,28,18.4,56371.01,Mumbai,Mobile App
102110,43,58700,3.9,900,154,6,73.8,3493.94,Chennai,Website
100850,38,42200,3.8,780,134,6,69.3,3003.7,Bengaluru,Website
102738,37,46100,4.3,930,110,4,74.7,4021.22,Bengaluru,Marketplace
102467,33,49300,4,700,87,7,80.4,2757.73,Mumbai,Marketplace
101915,35,45800,3.7,680,115,8,55.8,2496.17,Mumbai,Website
101597,34,42700,4,920,127,6,71.3,3691.72,Hyderabad,Website
105873,27,93900,9.3,2160,52,10,35.2,20087.39,Chennai,Marketplace
101914,47,41000,3,1020,160,5,75.2,3054.03,Bengaluru,Mobile App
105140,38,115000,11.8,1420,52,14,47.4,16836.32,Delhi,Marketplace
108753,45,132400,15.5,3960,18,30,22.6,61142.24,Bengaluru,Website
105641,36,88100,10.3,1800,57,13,46.2,18510.33,Chennai,Marketplace
102737,40,39000,3.7,930,110,7,65.5,3465.7,Mumbai,Website
100727,38,41600,2.9,750,89,7,61.1,2189.57,Chennai,Website
107215,54,192400,16,4310,18,32,8,69183.8,Pune,Mobile App
100054,37,42500,3.7,860,120,6,80.2,3204.21,Mumbai,Mobile App
101797,35,42900,4.2,550,103,6,62.6,2303.85,Chennai,Mobile App
103846,33,82500,8.4,1740,31,11,44.1,14631.99,Hyderabad,Mobile App
106008,35,85100,8.4,1570,29,13,34.5,13233.7,Hyderabad,Marketplace
106403,37,57600,9.3,1880,29,16,23.8,17484.51,Bengaluru,Mobile App
102554,35,50500,4.2,870,112,7,67,3631.56,Pune,Mobile App
102801,39,,3.7,750,152,5,82.6,2772.94,Pune,Mobile App
100937,29,39900,2.8,630,145,8,70.3,1771.17,Chennai,Website
108118,35,137700,15,3130,19,18,27.4,46921.39,Mumbai,Website
100825,36,58300,3.2,770,154,4,72.5,2472.56,Bengaluru,Mobile App
104322,25,96200,8.8,2120,57,17,44.3,18662.69,Bengaluru,Marketplace
107275,30,184600,15.7,3970,19,9,13.8,62178.6,Bengaluru,Mobile App
103402,39,93000,7.8,1860,51,17,59.9,14463.84,Chennai,Website
101390,36,51100,4,880,120,5,84.6,3525.44,Bengaluru,Marketplace
103565,22,80200,7.8,1670,31,11,53.5,13026.92,Pune,Mobile App
107411,55,107300,18.8,3100,16,31,26.9,58145.55,Hyderabad,Mobile App
100885,33,60500,2.9,940,107,8,67.1,2716.08,Chennai,Mobile App
105430,22,102000,10.9,2080,64,18,24.7,22772.22,Mumbai,Mobile App
105704,39,79100,8,2410,56,13,40.1,19187.19,Bengaluru,Website
105691,28,89100,10.2,1590,49,11,56.3,16117.81,Hyderabad,Marketplace
104868,40,63500,9.9,1950,43,13,26.3,19384.98,Delhi,Website
106708,38,200100,24.3,5430,23,18,31.9,131824.97,Pune,Marketplace
107824,45,158600,20,4420,16,21,15.8,88366.4,Bengaluru,Mobile App
106370,33,70100,9.3,1870,61,19,41.4,17346.78,Pune,Mobile App
101869,38,49300,3.4,1220,170,7,60.2,4170.14,Hyderabad,Website
105182,36,105700,10.2,1720,42,11,39.2,17594.1,Chennai,Marketplace
100011,29,62000,3.7,1230,92,6,69.5,4573.2,Hyderabad,Website
103416,38,70000,8.4,1990,48,13,44.4,16808.74,Bengaluru,Marketplace
105422,34,82200,7.8,1550,47,13,42.1,12147.82,Bengaluru,Mobile App
107487,40,162400,25.2,4820,24,28,11,121426.91,Delhi,Mobile App
101464,23,58900,3.9,840,131,7,70.6,3266.07,Bengaluru,Mobile App
100807,42,33400,4.1,1170,129,5,61.7,4811.61,Chennai,Website
108030,38,127400,14.3,4180,25,24,32.1,59778.58,Bengaluru,Marketplace
107548,47,141800,20.9,5060,9,26,21.2,105768.92,Hyderabad,Website
107738,43,147300,19.6,5140,14,20,27.6,100917.12,Bengaluru,Website
104069,37,58600,9.1,2420,42,13,53.2,22042.68,Pune,Marketplace
102109,39,51400,3,740,158,6,67.1,2253.1,Bengaluru,Marketplace
108254,48,141700,15,4700,20,22,13.6,70426.07,Mumbai,Mobile App
102042,30,49400,3.6,930,107,5,60.3,3318.49,Chennai,Website
102235,34,45500,3.2,700,184,5,62.4,2252.2,Hyderabad,Marketplace
107308,46,148300,22,4530,18,24,30.9,99724.37,Mumbai,Website
100964,32,57100,3.6,800,63,7,76.7,2895.72,Pune,Website
107512,50,116000,16.2,2860,21,24,27.2,46180.36,Pune,Marketplace
107719,40,109000,18.6,4350,20,23,25.1,80822.04,Pune,Marketplace
104495,31,85600,7.7,1580,53,16,57.4,12137.39,Hyderabad,Marketplace
102633,38,,3.4,890,137,5,63.4,3037.28,Pune,Mobile App
106095,38,66100,8.5,1310,57,12,42.2,11084.5,Bengaluru,Mobile App
107093,41,153000,15.4,4870,23,24,16.5,75169.48,Delhi,Marketplace
100705,36,57600,4,760,76,7,74.7,3063.88,Chennai,Marketplace
100432,37,45500,3.8,940,134,7,74.2,3556.72,Chennai,Marketplace
104389,39,117600,11,1640,76,15,36.3,18077.14,Bengaluru,Mobile App
106078,29,96300,9.2,1730,62,12,43.7,15816.75,Pune,Mobile App
100146,52,62400,3.1,630,169,7,64.5,1953.39,Bengaluru,Mobile App
106468,38,107800,9.8,2060,37,14,35.7,20066.52,Mumbai,Mobile App
102034,44,45100,3.2,790,95,5,72.2,2510.57,Bengaluru,Mobile App
100376,39,60200,3.9,810,115,6,68.1,3180.65,Pune,Marketplace
101166,43,37300,3,850,96,8,78.2,2578.38,Hyderabad,Website
103501,40,87900,12.8,2460,46,15,33.9,31346.86,Delhi,Website
102051,39,52000,3.9,970,121,6,72.8,3771.18,Chennai,Marketplace
103761,31,67300,10.8,2020,46,11,46.4,21793.33,Chennai,Website
102625,31,47800,3.9,800,96,5,56.5,3064.82,Mumbai,Marketplace
104485,28,,9.7,1610,42,15,51.3,15616.89,Hyderabad,Marketplace
104436,30,66200,10.8,1180,51,11,44.6,12835.14,Hyderabad,Mobile App
103022,32,67400,8.2,1620,35,16,38.1,13269.81,Pune,Mobile App
107636,43,115400,13.7,4790,11,21,11.4,65663.81,Pune,Marketplace
107070,37,165000,14.5,3410,17,28,9.7,49441.94,Mumbai,Mobile App
104362,27,89500,11.7,1940,61,13,44.8,22674.77,Bengaluru,Marketplace
102425,27,67500,3.9,1020,150,5,63.3,3971.03,Delhi,Marketplace
101263,32,50700,3.1,1130,159,6,76.1,3467.82,Mumbai,Website
101772,29,52700,4.6,900,165,7,65.2,4172.82,Bengaluru,Website
103512,,119400,10.3,1470,54,11,48.3,15110.8,Mumbai,Mobile App
100272,40,52600,4,990,86,5,70.2,3925.6,Hyderabad,Marketplace
104793,34,98700,10.2,1120,34,14,59.3,11455.19,Pune,Marketplace
104844,38,106200,6.6,1600,53,13,47.7,10528.84,Chennai,Website
100245,39,36500,4.2,730,119,6,83,3081.05,Delhi,Website
108886,46,154200,14.1,3640,17,26,16.7,51372.88,Hyderabad,Mobile App
104573,39,85700,7.2,1470,50,17,37.4,10613.57,Pune,Mobile App
102033,26,52900,3.8,880,120,2,74.8,3386.94,Hyderabad,Website
105054,32,,10.2,1840,47,14,44.7,18744.65,Bengaluru,Website
107785,50,141900,11.7,5220,16,21,22,61221.42,Chennai,Website
100814,42,43600,3.4,810,158,6,62.2,2772.18,Pune,Marketplace
108723,54,128700,16.7,3910,21,28,23,65334.84,Mumbai,Marketplace
106011,39,71100,11,1740,42,14,45.3,19139.08,Delhi,Website
103811,33,84500,10.3,2160,20,11,37,22265.31,Chennai,Website
105728,51,85100,6.4,2490,79,12,36.1,15934.84,Mumbai,Mobile App
107584,35,110700,12.2,3240,17,27,20.4,39472.71,Bengaluru,Mobile App
108993,39,149600,20.1,3520,16,27,17.4,70730.84,Bengaluru,Mobile App
108001,32,134700,25.9,3870,25,38,17.3,100047.86,Bengaluru,Marketplace
101805,38,52300,3,770,121,7,64.6,2353.43,Chennai,Website
108388,45,97900,15,4030,13,25,18.7,60397.25,Delhi,Marketplace
104347,31,74300,9.2,2170,65,14,35.6,19967.7,Pune,Website
102462,40,56300,2.7,690,117,5,77.1,1900.43,Bengaluru,Marketplace
100546,35,43100,3.9,760,91,8,70,2955.82,Delhi,Mobile App
103242,45,93900,10.4,2020,39,15,49,21007.62,Hyderabad,Mobile App
100739,46,48100,2.9,900,64,7,61.2,2649.62,Delhi,Mobile App
100311,35,57800,3,620,110,5,78.6,1887.64,Mumbai,Marketplace
103522,21,97500,8.9,1140,62,15,55.6,10169.95,Chennai,Marketplace
107038,51,147100,14.9,4820,19,19,29.1,71906.86,Mumbai,Marketplace
101132,36,44100,4.5,850,175,7,78.5,3812.69,Hyderabad,Website
105546,31,76900,9.1,1670,70,15,54.4,15197.98,Mumbai,Mobile App
100493,33,52400,4.5,720,92,6,83.3,3238.37,Hyderabad,Website
104112,40,88800,11.3,1690,59,11,50.6,18997.24,Bengaluru,Mobile App
107329,37,154600,17,4130,9,22,33.9,69970.12,Delhi,Mobile App
102770,34,51700,3,760,101,7,69.4,2271.7,Chennai,Website
107565,35,174600,12.3,4190,16,29,13.4,51374.32,Delhi,Website
100921,41,72800,3.3,880,127,7,82,2902.76,Mumbai,Marketplace
108847,47,147400,19.2,3690,16,31,26,70659.22,Bengaluru,Marketplace
108223,32,150200,15.2,4710,18,20,33.5,71531.43,Hyderabad,Website
103588,38,97400,7,1890,55,11,45.9,13138.62,Mumbai,Marketplace
106641,38,110400,20.6,3290,16,30,17.3,67785.41,Hyderabad,Marketplace
103960,41,56400,9.1,1810,66,13,38,16546.25,Pune,Marketplace
100039,40,52200,3.1,770,105,5,76.8,2403.37,Pune,Marketplace
104460,31,83200,9,1340,66,14,34.4,12076.25,Hyderabad,Website
107127,37,171900,17.5,4040,18,28,16.7,70924.43,Hyderabad,Mobile App
104279,33,81100,7,1860,39,14,44.1,12973.46,Chennai,Marketplace
107130,35,133000,14.1,5520,30,30,7.4,77750.87,Mumbai,Mobile App
102984,39,55900,4.8,770,73,8,62.2,3712.48,Mumbai,Website
105291,40,93100,10.2,2100,67,12,52.8,21325.39,Bengaluru,Mobile App
106949,42,149500,15,3430,18,25,30.7,51490.25,Bengaluru,Marketplace
100131,57,49300,3.8,850,151,7,76.1,3240.78,Bengaluru,Mobile App
105218,33,87900,6.3,1860,46,11,40,11709.4,Hyderabad,Website
108958,44,160500,17.7,3790,14,29,21.9,67199.3,Bengaluru,Website
102668,42,45700,3.3,730,130,7,71.7,2405.08,Delhi,Mobile App
107139,35,125700,18.1,3730,14,31,37.3,67592.17,Mumbai,Marketplace
103224,35,103800,10.2,2060,45,17,50.6,21071.96,Bengaluru,Mobile App
101183,43,46700,3.5,860,164,5,71.2,3024.74,Pune,Mobile App
105393,29,111000,11.4,1780,61,17,41.1,20305.2,Pune,Marketplace
100615,42,50800,2.9,910,144,5,72.9,2671.8,Hyderabad,Mobile App
108941,37,148200,14,4420,26,27,20.3,62011.7,Pune,Mobile App
101467,39,58000,5.5,950,125,5,62.6,5206.52,Delhi,Mobile App
104498,35,75900,11.8,1940,53,15,51.6,22761.79,Chennai,Website
103043,24,108200,9.7,1910,42,16,41.9,18492.87,Mumbai,Marketplace
100935,39,58100,3.2,610,59,7,74.9,1979.64,Bengaluru,Marketplace
102420,38,38200,3.5,720,121,5,73.8,2528.9,Hyderabad,Mobile App
105086,33,94000,5,2270,51,13,49,11457.94,Bengaluru,Mobile App
103295,43,75700,10.1,1790,36,14,38.2,18112,Delhi,Mobile App
106738,41,111500,15.3,4840,15,22,29.2,74050.87,Delhi,Marketplace
107989,45,143500,22.1,3640,17,19,37.9,80206.67,Pune,Marketplace
104823,37,107900,8.7,1730,59,12,45.8,14976.18,Chennai,Mobile App
100827,31,43900,3.3,850,81,6,69.7,2760.81,Chennai,Marketplace
101522,37,46600,3.8,1070,74,8,68.4,4057.24,Hyderabad,Marketplace
106832,44,102900,15.1,4680,11,25,21.1,70886.13,Bengaluru,Mobile App
102931,51,55800,2.7,800,117,5,74,2198.25,Chennai,Website
104233,31,93500,8,1730,26,13,45.9,13886.73,Chennai,Marketplace
100629,51,40100,4.3,890,136,7,89.2,3833.62,Bengaluru,Website
104431,33,96600,10.2,1470,35,9,47.5,14975.36,Delhi,Marketplace
103854,42,81300,9,1960,73,15,48.7,17665.32,Hyderabad,Website
100391,41,63200,4.2,710,131,5,74.6,2949.74,Chennai,Mobile App
104346,25,79100,7,1870,55,12,48.6,13060.46,Pune,Mobile App
108900,31,148100,22.1,4290,28,21,17.5,94857.95,Bengaluru,Marketplace
107125,38,146800,17.1,3510,21,19,23.1,60121.28,Hyderabad,Marketplace
105914,35,94500,8.2,1760,55,16,44.3,14453.94,Pune,Mobile App
103991,32,78400,11.1,1650,41,14,46.3,18293.66,Mumbai,Marketplace
100401,33,46500,3.7,680,123,6,67,2524.21,Hyderabad,Mobile App
104807,33,96600,9.6,1760,38,14,41.8,16995.5,Delhi,Mobile App
105136,30,84600,7.4,1880,51,14,25.9,13950.41,Pune,Mobile App
107962,41,124200,17.3,3670,16,30,12.9,63356.18,Bengaluru,Website
103360,29,76000,9.4,1750,38,10,39.3,16403.25,Mumbai,Website
100047,38,53900,3.6,610,95,6,73.7,2186.8,Bengaluru,Mobile App
105658,37,97200,10.1,1810,39,11,45.9,18314.49,Hyderabad,Mobile App
100489,37,54900,4.5,770,70,7,63.3,3423.85,Mumbai,Website
103994,32,83700,8.1,1640,67,18,42.3,13329.38,Pune,Marketplace
103643,31,88300,10.2,2100,41,10,44.9,21430.6,Chennai,Website
103727,41,75000,9.2,1380,49,17,41.5,12605.26,Pune,Mobile App
108621,39,104300,17.9,3340,18,28,30.2,59676.42,Mumbai,Mobile App
105209,44,72700,9.2,1360,51,13,25.7,12521.19,Hyderabad,Mobile App
106610,42,124000,10.8,4750,15,22,25.8,51439.15,Hyderabad,Marketplace
105320,23,106400,8.7,1570,44,16,38.3,13563.42,Mumbai,Marketplace
100710,35,66600,2.7,800,125,7,72.9,2142.11,Chennai,Website
107120,38,145300,14.4,3830,11,22,27.3,55158.6,Bengaluru,Website
102422,39,49400,4.3,670,95,5,68.5,2859.32,Delhi,Mobile App
105605,36,84100,9.3,1990,56,14,35.6,18619.63,Hyderabad,Website
101751,44,53800,2.9,580,92,6,66.4,1687.75,Delhi,Mobile App
108982,47,144700,16.6,5040,22,21,14.5,83900.42,Chennai,Website
108065,,185700,18.7,2970,20,27,34.7,55451.64,Mumbai,Website
104063,36,,9.4,2140,28,15,49.1,19989.04,Delhi,Marketplace
108773,42,183000,18.3,4590,18,23,22.4,83967.26,Bengaluru,Mobile App
100339,39,39100,3.3,1020,123,8,64.2,3366.04,Delhi,Website
100216,42,56200,2.3,820,151,5,75.8,1860.93,Pune,Marketplace
103664,28,91700,12.1,1990,50,16,45.7,24204.78,Mumbai,Website
101342,38,57900,3.5,960,103,7,72.3,3374.16,Mumbai,Marketplace
108614,47,136400,13.1,3630,22,26,27.9,47622.53,Pune,Mobile App
105617,44,100100,10.4,1640,54,10,38.8,17032.24,Hyderabad,Website
103895,28,90700,10.5,2100,58,9,44.4,22016.27,Chennai,Marketplace
103641,27,79200,8.9,1410,74,13,35.9,12555.4,Pune,Mobile App
100330,44,38800,3.9,770,153,6,66.9,2992.46,Hyderabad,Website
107742,39,151600,19.6,4050,22,26,19,79306.5,Chennai,Website
103005,36,98500,10.3,1940,55,12,54,19851,Delhi,Website
106961,39,140800,19.8,3950,21,25,23.4,78321.12,Mumbai,Website
104091,33,88000,9.4,2100,74,11,48.5,19833.35,Pune,Website
103116,33,84400,9.1,1530,36,13,47.2,13875.71,Delhi,Website
108871,38,131500,16.2,3210,15,27,21.8,52119.62,Mumbai,Marketplace
102323,25,48600,2.9,870,106,5,88.6,2494.04,Pune,Mobile App
106668,40,173000,18,4030,14,21,16.7,72711.9,Bengaluru,Marketplace
107010,48,134900,9.1,4730,22,29,28.1,43127.87,Delhi,Website
104198,47,100700,8.2,1910,70,12,57.3,15662.24,Hyderabad,Marketplace
103550,43,85700,7.7,1670,51,10,48.3,12767.59,Hyderabad,Website
101459,,53400,1.6,840,70,7,81.8,1331.83,Pune,Mobile App
100172,43,57500,2.6,770,85,4,74.3,2035.17,Chennai,Mobile App
104204,37,92200,8.8,1440,46,12,53.9,12632.2,Delhi,Marketplace
108403,41,167600,16.8,3270,5,27,27.9,54791.52,Hyderabad,Marketplace
103570,22,88500,10.9,2170,58,8,46.4,23599.74,Pune,Marketplace
104227,33,86300,8.6,2090,62,10,51.9,18022.64,Bengaluru,Mobile App
105159,,95100,8.3,1270,37,13,60.4,10526.36,Pune,Marketplace
108033,41,,17.6,5210,17,25,28.9,91447,Mumbai,Marketplace
106186,35,88200,7.8,1940,33,12,48.2,15188.23,Bengaluru,Website
108110,38,170500,13.7,3290,17,24,31.2,45169.54,Pune,Mobile App
100939,36,43700,3.8,720,106,6,74.4,2724.63,Hyderabad,Marketplace
100061,52,56800,3.1,710,137,5,60.2,2194.26,Chennai,Website
101241,33,63100,4.1,710,180,7,66.3,2938.04,Delhi,Marketplace
105761,39,85500,10,2130,57,13,40.6,21288.79,Delhi,Website
105137,33,63900,8.6,2270,50,14,33.2,19614.55,Mumbai,Mobile App
102344,44,43400,3.9,730,48,5,78.6,2873,Delhi,Website
106857,34,158300,14.7,4300,19,30,33.2,63359.16,Chennai,Website
102121,33,51000,4.3,680,141,7,72,2890.25,Pune,Mobile App
101525,37,33800,3.6,780,84,6,78.2,2811.36,Mumbai,Mobile App
107618,44,167400,13,4670,20,23,14.5,60828.76,Bengaluru,Website
100154,41,52100,3,660,141,6,78.2,1966.98,Bengaluru,Website
106345,46,82600,9.6,2150,45,13,29.2,20735.95,Mumbai,Website
100482,31,51700,2.7,660,78,7,72.4,1785.56,Hyderabad,Mobile App
106123,31,85200,9.5,1680,41,14,44.1,16025.81,Delhi,Marketplace
104461,37,89600,10.4,2000,58,16,51.6,20818.11,Pune,Marketplace
107675,41,126600,22.5,3560,20,21,18.1,79920.57,Mumbai,Marketplace
107102,28,172600,16.2,4700,14,27,10.2,76071.2,Hyderabad,Mobile App
103921,38,,11.4,1420,41,11,42.6,16163.29,Mumbai,Mobile App
107659,36,144000,12,5120,14,21,18.5,61288.29,Hyderabad,Mobile App
107412,40,146700,16.6,3770,19,22,15.9,62589.99,Hyderabad,Mobile App
101763,46,55000,4.2,870,119,6,76.8,3664.39,Chennai,Marketplace
107635,33,124700,19.2,4210,20,27,11.3,80866.91,Mumbai,Website
107316,37,136400,15.9,4940,23,26,20.4,78493.78,Chennai,Mobile App
100751,40,45500,3.5,740,124,7,61.9,2572.57,Delhi,Mobile App
107716,39,142000,15,4060,18,25,20.8,61149.7,Chennai,Website
101786,32,55700,4.9,730,87,6,69.2,3600.61,Chennai,Mobile App
108186,43,148000,14.8,4300,19,21,29,63578.14,Bengaluru,Mobile App
107480,36,164000,17.1,3180,15,26,28.5,54396.89,Pune,Mobile App
106213,29,97300,9.5,1830,55,17,45.2,17442.92,Delhi,Website
104502,33,73400,9.1,1660,56,10,38.9,15028.26,Mumbai,Marketplace
104854,38,90200,9.1,1340,49,10,43.9,12219.16,Mumbai,Website
102712,33,54300,3.1,980,162,6,67.5,3049.44,Mumbai,Mobile App
106767,39,155700,15.1,3270,20,26,27.9,49497.57,Delhi,Marketplace
107965,39,183600,18.1,3920,15,15,9.5,70854.06,Chennai,Marketplace
104194,34,66300,10.2,1360,67,11,47,13905.37,Mumbai,Website
101334,32,33000,3.2,730,90,3,82.1,2320.22,Mumbai,Marketplace
101251,46,47700,3.7,690,107,5,84.8,2567.31,Bengaluru,Mobile App
106888,44,152100,15.3,4020,17,26,3.2,61398.19,Delhi,Marketplace
102855,33,58000,3.6,780,151,5,64.1,2784.63,Pune,Marketplace
100187,43,47200,3.9,830,114,5,78.6,3229.39,Bengaluru,Marketplace
101137,43,52000,3.9,790,121,6,67.8,3065.08,Hyderabad,Website
108477,45,121400,23.3,3180,17,22,23,74281.37,Pune,Mobile App
108764,52,110400,17.3,3700,14,18,29.6,63848.87,Delhi,Mobile App
102059,43,52700,3.7,990,68,7,61.2,3689.45,Pune,Marketplace
108226,47,172700,19.9,4610,19,21,29.9,91890.97,Mumbai,Marketplace
103851,29,113800,11.5,1890,57,14,50,21697.25,Hyderabad,Marketplace
100149,40,51000,3.7,640,106,4,69.2,2408.88,Pune,Website
104125,33,68100,13,1960,53,14,41.1,25476.72,Pune,Website
104890,34,89900,6.9,1970,52,17,33.7,13551.58,Delhi,Marketplace
107981,40,120700,19.6,4800,14,19,15.3,94329.97,Chennai,Website
103364,28,59700,5.6,2110,55,12,53.9,11846.99,Chennai,Marketplace
104789,34,70400,10,2130,58,15,38.2,21236.56,Pune,Mobile App
102867,45,59500,3.8,980,82,5,70.7,3669.93,Bengaluru,Website
103777,36,78200,12.1,2010,51,9,47.5,24414.14,Hyderabad,Mobile App
101387,40,49700,3.8,750,112,5,78.8,2826.77,Mumbai,Website
105942,32,71900,8.5,1920,52,15,30.2,16374.34,Delhi,Mobile App
103068,34,82400,6.2,1330,48,15,50.1,8218.46,Bengaluru,Marketplace
108143,37,146900,14.6,4370,27,28,20.9,63720.68,Hyderabad,Mobile App
105696,21,74700,9.9,1720,43,14,41.4,16931.44,Pune,Marketplace
103630,46,85800,5.4,1410,35,16,49.6,7638.11,Mumbai,Mobile App
108532,,134800,17.8,4040,21,23,15.8,72071.37,Delhi,Marketplace
104798,37,92200,12.1,1140,60,11,24.3,13822.94,Chennai,Website
107954,42,169600,18.4,4030,19,24,9.5,73995.41,Pune,Marketplace
103029,38,84200,8.7,1770,50,12,49.4,15444.86,Bengaluru,Marketplace
102970,32,39100,3.6,720,121,5,63.1,2590.41,Delhi,Website
108380,40,149900,18.6,3960,15,18,20.9,73780.88,Hyderabad,Marketplace
101709,37,48100,3.3,840,122,8,65.9,2772.09,Delhi,Mobile App
102954,43,50500,4.2,830,107,6,63.3,3472.55,Hyderabad,Mobile App
100455,50,56900,3.3,780,115,6,68.8,2584.57,Chennai,Marketplace
106965,46,104300,16.6,3640,13,25,35.1,60602.9,Bengaluru,Mobile App
106137,40,89600,10.2,1600,51,15,58.1,16330.11,Chennai,Mobile App
105869,31,68700,9,1380,38,13,32.2,12461.13,Delhi,Mobile App
106412,30,81300,6.7,1490,28,12,54.6,9955.86,Chennai,Marketplace
100610,33,60900,4.3,680,106,10,68,2911.76,Chennai,Mobile App
104264,22,79300,9,1910,44,10,50.2,17109.03,Pune,Website
104827,30,77600,7.5,1210,34,13,49.5,9028.36,Hyderabad,Marketplace
100646,46,73300,2.3,710,197,7,62.9,1629.76,Chennai,Mobile App
107455,47,114500,17.8,4690,19,21,17.4,83534.52,Bengaluru,Mobile App
102075,33,58500,4.1,960,122,6,68.2,3973.62,Pune,Website
104053,28,96200,9.5,1780,47,8,47.1,17006.38,Hyderabad,Marketplace
108010,31,134400,17.1,4010,22,29,35.9,68579.47,Hyderabad,Marketplace
107797,47,171100,10.1,5020,27,26,25.8,50638.98,Chennai,Mobile App
101623,37,65400,3.5,1060,135,6,79.2,3727.99,Delhi,Marketplace
104684,38,81600,8.1,1990,57,13,46.4,16047.88,Chennai,Mobile App
105498,32,72100,8.8,1590,67,13,43.8,13997.65,Delhi,Marketplace
107142,34,131600,13.4,3750,18,29,22.2,50046.56,Hyderabad,Marketplace
107321,43,109800,16,3930,22,24,25.9,63002.65,Hyderabad,Mobile App
105797,45,65200,9.2,1670,80,15,24.8,15324.79,Mumbai,Marketplace
107185,38,125900,15.8,5250,22,23,6.5,83066.05,Delhi,Website
102082,34,37800,4,570,132,9,74.3,2285.33,Chennai,Website
107078,42,120800,20.7,5430,21,21,24.4,112190.06,Pune,Mobile App
100041,43,45100,3.7,860,74,6,78.6,3228.6,Delhi,Marketplace
105476,41,82800,8.7,2060,51,10,41.1,17971.31,Chennai,Website
102090,39,65100,3.6,860,102,5,60.3,3071.03,Mumbai,Website
103925,31,62900,7.8,1890,38,16,53.5,14781.28,Pune,Mobile App
102176,42,45900,3.8,740,131,6,77.6,2804.78,Chennai,Mobile App
107314,35,153400,21.5,3630,14,26,25.3,77949,Pune,Website
108347,41,143500,16.2,3890,22,18,24.7,63003.36,Mumbai,Website
100075,39,38200,4.2,840,108,7,88.2,3559.32,Chennai,Mobile App
107881,44,138700,17.8,4460,20,14,15.4,79408.03,Delhi,Marketplace
103799,33,97200,9.7,1680,50,16,59.6,16337.62,Delhi,Mobile App
102658,37,62300,2.7,760,128,5,51.2,2015.54,Hyderabad,Mobile App
103181,38,100600,10,1470,73,11,42.9,14650.73,Delhi,Website
102077,37,,4,770,91,5,68.9,3060.46,Delhi,Marketplace
100442,50,45700,4.1,680,132,4,65.6,2790.49,Chennai,Mobile App
108325,56,161000,17.6,5330,18,26,24.5,93912.17,Hyderabad,Website
102052,39,50200,2,850,133,9,70,1678.15,Bengaluru,Mobile App
102542,27,54900,2.7,740,95,7,61.8,2029.68,Hyderabad,Marketplace
107403,45,139200,21.2,4420,18,15,22.9,93751.6,Delhi,Mobile App
101302,25,41500,3.6,890,106,5,62.9,3188.39,Hyderabad,Website
105878,21,86100,7.4,1730,37,8,37.2,12827.99,Delhi,Mobile App
107369,35,159600,23.6,4730,16,22,17.5,111931.76,Delhi,Mobile App
103431,30,82900,8.7,1350,36,13,53.9,11789.78,Chennai,Website
101305,45,47600,3.8,910,89,6,59.6,3451.9,Pune,Mobile App
100237,33,46800,3.6,830,57,7,66,2969.59,Pune,Website
108200,31,128800,17.3,3300,16,22,23.8,56872.95,Chennai,Website
102600,21,,4.6,1090,152,4,64,5032.94,Mumbai,Marketplace
104617,36,83400,12,2040,65,14,45.6,24632.37,Pune,Marketplace
102574,,40400,4.2,670,145,5,73.7,2793.04,Pune,Mobile App
103281,28,100200,9.4,1900,42,17,38.6,17987.39,Bengaluru,Website
103187,37,117000,4.9,1780,66,12,46.3,8682.88,Delhi,Website
103954,30,83100,10.5,2180,51,14,61.4,22741.67,Delhi,Marketplace
102769,46,64300,3,610,163,4,72.5,1792.55,Bengaluru,Website
104832,41,94500,10.4,1250,44,14,48.4,12984.99,Pune,Mobile App
104224,40,70300,8.4,1930,44,15,46.9,16221.43,Bengaluru,Mobile App
102107,36,54300,3.3,940,157,5,68.7,3087.05,Hyderabad,Mobile App
102680,43,52800,5.1,930,120,5,70.9,4788.87,Hyderabad,Marketplace
107326,37,128800,14.9,4880,20,16,24.7,72852.3,Delhi,Marketplace
102762,34,43100,3.2,540,105,5,75,1715.99,Bengaluru,Mobile App
104689,36,76700,9.6,1770,30,14,35.4,16974.18,Bengaluru,Marketplace
105400,33,86700,9.5,1700,45,15,38.7,16070.49,Bengaluru,Mobile App
101388,40,52500,4.3,930,89,8,75.3,3993.94,Mumbai,Marketplace
102902,38,53500,4.2,760,95,5,75.4,3206.3,Hyderabad,Marketplace
103578,38,75300,10.1,2080,53,11,48.1,21141.41,Chennai,Mobile App
107919,39,150000,12.8,4690,27,22,23.5,59846.78,Pune,Website
108718,48,167800,12.4,4380,16,27,21.8,54426.52,Bengaluru,Mobile App
107084,38,139300,14.2,3030,21,26,24.6,43036.73,Hyderabad,Website
108861,34,168200,15.1,5130,8,35,17.8,77660.24,Mumbai,Mobile App
107394,40,90400,18.7,3160,10,23,23.6,59192.21,Delhi,Marketplace
105001,37,70900,10.3,1470,43,16,45,15198.79,Bengaluru,Marketplace
105854,42,82200,9.7,1840,47,14,53.5,17893.47,Bengaluru,Website
101280,47,53400,2.3,890,110,5,63.2,2066.69,Bengaluru,Mobile App
108502,44,201600,20,5160,14,21,12.2,103427.94,Bengaluru,Mobile App
100805,48,53300,3,760,107,7,64.2,2293.88,Bengaluru,Website
106405,28,87300,8.8,1600,61,14,52.7,14123.75,Chennai,Mobile App
101556,37,59900,2.9,630,40,6,69.3,1843.83,Pune,Marketplace
108561,32,166400,14.9,4010,14,28,19.3,59638.15,Mumbai,Mobile App
103191,48,81500,9.8,1640,61,12,40.5,16035.32,Delhi,Website
104567,37,78500,9.3,2000,46,9,50.8,18534.37,Delhi,Mobile App
104803,31,98400,8.5,2010,37,17,43.7,17111.62,Pune,Mobile App
108728,41,151400,18.2,3490,20,27,19.3,63426.83,Delhi,Mobile App
107167,39,155900,18.3,3540,23,23,29,64768.39,Pune,Marketplace
104842,37,92300,9.7,1630,56,9,34.7,15861.19,Bengaluru,Marketplace
103595,30,83000,7.6,2300,25,14,34.7,17564.34,Hyderabad,Marketplace
106036,32,87000,8.1,1710,61,13,45.8,13922.31,Mumbai,Mobile App
106853,34,124800,17.1,4130,19,23,7.9,70450.41,Bengaluru,Marketplace
106959,41,141600,19.2,3940,21,19,20.4,75697.63,Mumbai,Marketplace
101921,28,46700,3.2,990,115,6,73.8,3174.79,Delhi,Mobile App
100514,33,34700,3.5,740,122,6,70.6,2546.53,Chennai,Website
104178,29,84100,11.3,2120,55,15,47.2,23882.89,Delhi,Mobile App
106844,37,142300,18.8,4280,16,28,12.5,80565.98,Pune,Mobile App
101309,42,51700,4.3,680,101,8,60.7,2932.07,Pune,Mobile App
105668,30,90100,8.1,1350,66,17,39.1,10944.7,Hyderabad,Website
100915,36,49800,5,800,128,6,72.9,4003.97,Delhi,Marketplace
103453,27,77400,11.2,1970,59,14,46.4,21986.18,Chennai,Website
103696,43,90100,10.8,1890,57,9,44.6,20537.87,Hyderabad,Marketplace
104243,39,75300,8.3,1700,39,13,43.3,14164.18,Pune,Mobile App
103157,40,84300,12.7,1820,41,13,39.6,23077.39,Mumbai,Mobile App
102199,41,54600,2.9,960,106,6,68.2,2774.66,Hyderabad,Website
107841,40,154600,16.7,4220,14,19,29.9,70515.64,Chennai,Marketplace
100775,38,61000,3.8,700,155,7,72.3,2657.25,Chennai,Mobile App
104426,45,118500,8.5,1680,58,12,48.5,14204.69,Hyderabad,Marketplace
106151,29,65700,10.7,2170,67,11,49.7,23103.69,Chennai,Marketplace
106098,36,61800,8.2,1780,47,14,52.3,14494.35,Bengaluru,Marketplace
100944,44,35800,4.2,540,110,7,61,2272.02,Pune,Marketplace
100823,34,65100,3.9,670,151,7,69.7,2616.97,Bengaluru,Website
106879,42,153800,20.7,4220,21,31,19.4,87316.34,Delhi,Website
105006,29,82000,6.9,2100,67,17,32.8,14559.54,Pune,Marketplace
106613,33,132200,11.2,3630,20,24,22.9,40774.53,Pune,Mobile App
104278,30,81400,8.6,1680,34,13,29.1,14475.01,Chennai,Website
100165,49,50200,1.9,910,51,8,78.7,1776.52,Bengaluru,Marketplace
105620,34,59800,8.9,1650,14,14,44.6,14608.88,Mumbai,Website
104548,27,72200,8.7,1720,57,13,47,14945.29,Hyderabad,Website
103984,38,87800,9.9,1870,37,12,49.6,18445.29,Bengaluru,Marketplace
102539,41,46000,2.9,650,94,6,52.9,1870.45,Hyderabad,Marketplace
106958,44,132000,13.3,4010,22,21,2.8,53318.32,Chennai,Website
103192,36,68200,9.7,1400,36,14,49.2,13516.72,Delhi,Marketplace
101312,40,54300,3.8,740,115,7,86.7,2803.24,Mumbai,Website
108425,43,107000,21.8,3760,28,19,26.6,81823.01,Hyderabad,Marketplace
105208,37,85100,6.9,2070,59,12,28.8,14304.88,Delhi,Website
108588,39,126900,17.3,4370,22,27,22.1,75635.24,Hyderabad,Mobile App
107586,50,173000,16.6,3550,18,27,27.2,59038.73,Bengaluru,Mobile App
105384,25,54600,9.8,1830,40,15,28.6,17923.21,Hyderabad,Marketplace
103055,31,93300,8.4,1430,62,16,47,11935.49,Hyderabad,Marketplace
103676,32,88400,7.7,1880,30,14,40.6,14400.08,Bengaluru,Website
107777,33,153300,20.3,5220,14,38,32.7,105718.11,Bengaluru,Mobile App
107219,45,134000,16.8,3890,15,30,27.1,65431.3,Delhi,Mobile App
106723,47,167500,12.2,4110,24,23,18.3,50022.65,Chennai,Mobile App
103301,37,88900,8.4,1580,61,12,46.5,13285.87,Hyderabad,Website
103311,31,86500,7.9,1510,55,10,35.4,11912.54,Mumbai,Marketplace
106905,40,151800,18,3790,11,23,22.5,68263.14,Hyderabad,Website
107222,42,112300,20.8,4590,20,23,33.3,95706.09,Mumbai,Marketplace
100328,46,32000,3.6,730,114,5,67.6,2637.13,Pune,Marketplace
105887,32,69600,8.7,1630,74,9,51,14115.11,Chennai,Mobile App
102491,47,37100,3.7,890,145,6,60,3311.07,Hyderabad,Website
108747,50,177000,14.9,5390,21,31,23.7,80305.75,Hyderabad,Marketplace
106104,41,90100,7.8,1860,57,9,27.5,14585.54,Mumbai,Website
105955,33,67600,8.7,1940,53,14,39.1,16810.83,Chennai,Mobile App
108720,46,136900,15.3,3600,17,24,2,55132.79,Delhi,Marketplace
104409,40,90000,10.7,1910,43,14,47.8,20342.83,Bengaluru,Website
100833,42,50200,2.9,720,104,6,72.1,2102.51,Bengaluru,Mobile App
103080,25,98200,8.3,1930,66,10,42,15981.42,Chennai,Mobile App
107517,40,127000,14.9,3950,15,28,20.4,58815.51,Chennai,Website
103463,45,86700,9.2,1460,58,9,46.5,13420.7,Bengaluru,Website
105298,40,115500,9.1,1510,54,14,46.4,13697.54,Hyderabad,Website
101824,34,53100,3.6,1080,107,5,73.3,3844,Chennai,Mobile App
107644,49,156700,20,5090,18,24,32.5,101666.37,Pune,Marketplace
100055,32,66500,4.6,770,149,7,80.9,3537.91,Chennai,Website
106231,26,104000,9.7,1660,33,12,50.4,16085.15,Bengaluru,Mobile App
104065,34,91400,9.6,2180,45,14,47,21007.88,Hyderabad,Mobile App
103452,43,67700,9.9,1910,46,9,39.9,18847.67,Delhi,Mobile App
106306,39,79700,13,1350,57,9,38.2,17444.05,Hyderabad,Website
101902,39,50300,3.8,420,81,4,71.4,1593.79,Delhi,Marketplace
101482,30,40200,3.9,680,120,8,81.2,2673.16,Chennai,Mobile App
104874,23,88900,8.2,1620,59,6,31.4,13262.98,Hyderabad,Marketplace
104896,37,76400,11.5,1540,59,12,55.7,17685.41,Hyderabad,Website
107811,,165900,17.3,4380,19,20,23,75585.52,Chennai,Marketplace
104151,33,74600,9,1270,65,9,64.9,11457.36,Bengaluru,Mobile App
107069,37,178700,17.7,3490,20,27,19.1,61747.16,Chennai,Mobile App
103336,36,82800,8.3,1660,73,10,44.2,13780.24,Delhi,Website
106017,38,63900,10.6,1720,38,9,36.9,18264.15,Bengaluru,Website
107812,48,134300,13,3840,19,16,17.4,49925.97,Hyderabad,Mobile App
104927,31,106800,10.1,1900,27,11,34,19199.18,Pune,Website
100947,44,65200,3.4,770,140,6,72.2,2608.47,Bengaluru,Mobile App
105798,45,90500,9.5,2280,68,14,38.2,21727.78,Bengaluru,Mobile App
103294,22,65800,7,1820,40,14,44.8,12727.57,Chennai,Mobile App
102162,40,32600,3.5,820,150,6,73.7,2823.83,Mumbai,Website
108878,24,110000,16,4430,23,22,14.8,70679.5,Chennai,Mobile App
105084,24,87200,8,1760,52,14,46.8,14094.52,Mumbai,Marketplace
106646,42,161300,15.3,4780,18,31,13,72978.27,Mumbai,Mobile App
108263,41,143600,14.2,4030,23,25,23,57225.7,Chennai,Website
103058,36,90800,9.7,1750,72,11,36.7,16984.01,Pune,Mobile App
107343,43,162400,16.5,4920,18,28,19.1,81307.33,Bengaluru,Mobile App
105491,27,110000,12.8,2110,59,14,39.1,26878.04,Chennai,Mobile App
106734,58,101100,18.7,4500,16,20,19.8,84227.5,Chennai,Website
100769,29,44300,3.3,840,103,6,75.1,2759.14,Pune,Marketplace
102066,44,54700,4.1,790,119,5,81.3,3206.88,Chennai,Website
108575,45,143400,17.6,3060,16,21,28.7,53858.14,Delhi,Mobile App
103496,35,83300,5.6,2280,77,14,57.3,12783.82,Chennai,Website
107312,46,135000,21.8,4000,30,21,23.8,87149.15,Delhi,Marketplace
100286,38,53200,3.1,960,122,7,65.2,2950.61,Hyderabad,Marketplace
101501,38,49700,3.3,630,83,6,69.5,2070.47,Pune,Marketplace
104525,30,76000,6.1,1640,53,14,46.6,9995.53,Mumbai,Mobile App
108491,36,129100,17.2,4920,14,22,5.2,84691.73,Delhi,Mobile App
102333,35,44200,3.9,780,133,7,60.9,3021.63,Pune,Marketplace
102718,,44300,4.5,880,123,5,69.8,3939.65,Mumbai,Website
102080,35,43600,3.5,810,185,4,64.6,2867.5,Mumbai,Mobile App
103390,42,93700,11.2,1940,52,14,46.3,21672.29,Hyderabad,Marketplace
100723,32,61900,4.8,800,85,5,78.3,3886.18,Bengaluru,Mobile App
100952,35,46500,3.5,910,120,7,67,3197.81,Delhi,Website
102483,46,,3.2,910,147,7,73.1,2928.4,Hyderabad,Website
102263,35,66900,3.8,920,161,5,80,3517.01,Bengaluru,Marketplace
100990,40,52500,4.5,880,100,5,70.6,3976.95,Pune,Marketplace
103213,30,85700,10.6,2330,53,13,44.5,24644.75,Mumbai,Mobile App
101760,52,48800,4,790,80,4,61,3162.14,Pune,Website
108082,45,153100,17.7,5380,19,27,2.9,95186.06,Bengaluru,Marketplace
104423,24,83100,8.1,1740,58,12,38.4,14063.94,Chennai,Mobile App
106705,47,186500,18.7,2800,20,21,16.9,52204,Delhi,Marketplace
105480,36,87300,11.5,1640,48,15,34.2,18878.19,Pune,Mobile App
101725,39,61900,3.1,780,128,5,66.7,2399.59,Delhi,Mobile App
105183,28,89800,6.7,2250,43,12,44.1,15130.5,Hyderabad,Mobile App
108511,40,139200,16.6,3590,14,25,18.5,59596.98,Pune,Website
100342,47,50000,3.7,930,124,6,67.2,3414.86,Mumbai,Mobile App
103702,35,83500,12.4,1740,22,15,37,21537.63,Delhi,Marketplace
104244,24,117400,9.9,1830,31,16,55.5,18089.23,Bengaluru,Mobile App
100689,32,46000,4.2,840,132,7,61.7,3580.17,Mumbai,Mobile App
103433,37,72000,7.4,1980,61,17,54.3,14745.78,Bengaluru,Marketplace
105204,42,71200,10.5,1750,61,18,44.5,18299.84,Delhi,Mobile App
104945,42,92000,5.5,1460,61,18,48,8081.35,Bengaluru,Mobile App
100967,30,50900,3,680,106,6,79.5,2044.85,Pune,Mobile App
103121,43,101900,10.7,1570,61,16,57.2,16883.55,Mumbai,Marketplace
108559,41,147800,16.9,4510,21,31,29.7,76311.29,Bengaluru,Marketplace
102204,38,45400,4.8,970,112,7,72,4654.79,Hyderabad,Marketplace
102714,36,64300,3.6,910,121,6,71.9,3270.38,Hyderabad,Marketplace
104758,30,89700,11.6,1260,33,15,47.5,14564.35,Pune,Mobile App
105099,27,61600,8.7,2090,29,13,46.6,18130.19,Mumbai,Mobile App
108444,53,141000,20.9,3910,9,32,12,81761.88,Delhi,Website
108615,46,141300,12.1,4550,16,25,18.1,54905.76,Hyderabad,Mobile App
106321,32,96900,8.4,1680,63,14,40.5,14148.18,Hyderabad,Marketplace
105281,22,55900,8.9,1960,29,13,44.9,17449.77,Delhi,Website
105976,36,71900,9.3,1840,54,12,53.4,17155.22,Hyderabad,Marketplace
103573,38,96600,7.6,1240,46,10,31.2,9429.5,Bengaluru,Mobile App
104806,43,100900,7.4,1520,47,12,35.1,11208.78,Chennai,Website
105300,40,108400,10,1630,39,11,43,16362.72,Hyderabad,Mobile App
101991,36,43300,4.1,970,74,6,48.6,3984.11,Pune,Mobile App
104121,33,71500,9.7,2130,55,16,43.8,20536.21,Delhi,Website
104760,32,119000,6.6,1390,64,17,41.7,9195.34,Mumbai,Website
108075,43,154100,18.4,3850,22,19,16,71075.35,Chennai,Mobile App
105299,36,100600,8.9,2020,57,15,36.6,17882.12,Bengaluru,Mobile App
108408,41,121900,14.4,4610,19,22,20.1,66535.24,Mumbai,Marketplace
104972,29,85400,8.8,1590,67,15,47.1,13999.33,Delhi,Marketplace
100955,48,49000,2.8,890,105,7,66.1,2515.25,Bengaluru,Mobile App
105035,44,93200,10.4,2070,68,11,41.9,21436.74,Bengaluru,Marketplace
106784,51,101900,20.7,4120,14,25,9.8,85172.13,Mumbai,Mobile App
103601,29,110900,6,1420,59,11,49.9,8555.56,Pune,Website
106491,44,91800,8.6,2050,48,16,41.8,17513.14,Pune,Website
108609,44,120900,16.2,4970,21,28,36.7,80435.11,Hyderabad,Marketplace
100475,41,33400,3.4,780,110,5,60.6,2690.32,Chennai,Marketplace
108114,31,165200,14.1,3400,22,25,7.2,47956.67,Hyderabad,Website
100386,34,52400,3.2,730,176,6,67.7,2357.04,Bengaluru,Marketplace
107974,35,151100,22.1,4290,14,23,16.8,94756.45,Hyderabad,Website
102123,33,39800,3.5,690,129,5,74.5,2439.68,Mumbai,Mobile App
101626,30,45600,3.4,930,169,4,63.8,3197.9,Pune,Mobile App
100537,40,52300,3.5,900,87,7,82.2,3175.01,Chennai,Website
106388,33,110700,6,1450,62,14,55.8,8629.95,Pune,Marketplace
108701,29,153900,10.4,3780,12,24,31.1,39349.3,Pune,Mobile App
107971,37,148700,10.6,4640,25,24,6.4,49007.54,Delhi,Marketplace
105033,36,100200,6.8,1510,51,14,56.8,10271.5,Mumbai,Website
107834,44,151900,16.6,4540,13,29,29.6,75486.03,Delhi,Mobile App
104213,34,94000,9.4,1600,46,12,51.8,15048.57,Hyderabad,Website
106457,42,93000,7.8,1760,35,15,53.4,13738.41,Chennai,Mobile App
103508,34,85400,10.2,1560,31,13,44.3,16004.23,Pune,Marketplace
100202,42,45700,3.6,950,90,6,73.4,3434.25,Delhi,Marketplace
107305,40,135500,20.4,4560,22,27,19.4,92928.32,Bengaluru,Marketplace
101333,46,43900,3,900,116,6,78.3,2716.87,Hyderabad,Mobile App
107113,42,145800,11.8,3730,10,32,20,44050.8,Chennai,Website
103503,29,80800,8.7,1500,37,10,33.6,13133.35,Chennai,Mobile App
102709,33,43200,4.1,750,124,5,63.8,3124.33,Mumbai,Website
106031,40,98700,10,1960,36,11,49.9,19623.3,Pune,Mobile App
105032,34,95200,8.4,1940,46,15,48.4,16305.27,Mumbai,Website
106515,52,162900,19.8,4720,23,26,28.6,93259.56,Mumbai,Website
104663,36,86700,8.6,1240,50,13,38.3,10720.23,Hyderabad,Website
104022,30,61400,9.2,1730,53,12,40.2,15945.88,Pune,Website
101855,36,57600,3.2,680,160,6,70.3,2187.04,Chennai,Mobile App
108510,38,138800,17.3,4390,21,25,13.5,75829.59,Pune,Marketplace
102873,48,53600,3.9,890,112,6,64.8,3467.88,Chennai,Website
103031,32,92600,9.3,2140,73,16,49.9,19961.32,Mumbai,Marketplace
101206,31,50100,4,990,87,7,79.1,3949.19,Pune,Marketplace
106564,51,151500,12.7,3570,18,30,33.2,45220.65,Delhi,Marketplace
101646,35,51200,3.6,690,91,5,68.2,2518.38,Chennai,Website
103418,29,81400,6.9,2050,54,13,53.2,14091.09,Mumbai,Marketplace
103477,39,75100,11.4,1740,39,12,36.2,19752.19,Mumbai,Marketplace
108622,37,159500,24.3,4190,22,22,18.6,101914.36,Hyderabad,Mobile App
102862,30,50800,3.5,640,105,3,70,2273.54,Hyderabad,Website
101793,45,52000,3.1,760,86,7,74.6,2332.81,Delhi,Marketplace
105527,34,98100,7.4,1410,68,16,58.7,10494.18,Bengaluru,Mobile App
106923,42,175500,22.9,4290,16,31,13.8,98374.06,Hyderabad,Marketplace
103798,33,83100,8.6,1550,63,11,64.3,13274.24,Hyderabad,Mobile App
103369,37,95500,8.3,2020,66,13,50.7,16707.38,Delhi,Website
103368,29,71400,10.7,1880,50,16,52.5,20138.05,Bengaluru,Marketplace
103534,35,70300,7.4,1270,63,12,37.8,9305.42,Chennai,Mobile App
107197,30,139800,12.4,4350,15,13,19.1,53937.69,Bengaluru,Mobile App
108703,,143800,18.4,4590,23,27,16.4,84439.51,Delhi,Mobile App
105110,42,94600,9.3,1880,32,14,36,17503.38,Delhi,Mobile App
106025,40,61000,5.3,1770,45,13,43,9291.67,Bengaluru,Marketplace
103450,43,85700,10.6,1170,67,14,45.8,12451.27,Chennai,Website
107967,41,133200,15.5,4130,16,18,23.6,64075.95,Bengaluru,Website
100604,48,49700,3.5,910,104,6,71.7,3179.63,Chennai,Mobile App
103057,29,73900,7,1710,36,13,46.9,11962.23,Bengaluru,Marketplace
108387,32,150600,14.2,4940,22,29,35.7,70067.49,Delhi,Website
100127,42,37700,4,960,137,6,89.3,3888.67,Chennai,Website
105960,41,78100,9.8,1870,67,8,44.4,18321.67,Pune,Mobile App
103877,25,60600,7,1940,51,13,37.6,13542.05,Mumbai,Mobile App
102936,36,37400,2.8,900,82,7,78.2,2517.49,Chennai,Website
107301,35,117900,16.9,4330,9,26,25.9,73001.92,Pune,Website
105444,31,76000,8.8,1460,66,13,28.9,12933.94,Bengaluru,Marketplace
107152,42,116000,18,4520,20,21,28.3,81263.4,Hyderabad,Marketplace
104452,25,70900,12.9,2000,67,13,40.6,25788.19,Hyderabad,Marketplace
107148,36,143200,16.1,4840,19,28,7.7,78132.79,Bengaluru,Marketplace
103532,34,64000,9.5,1840,42,14,57.6,17486.61,Hyderabad,Marketplace
102731,46,50600,4.1,870,75,4,72.5,3586.44,Hyderabad,Website
100828,49,64400,3.9,650,83,6,75,2537.08,Chennai,Mobile App
101640,45,48200,3.1,880,110,7,68.2,2709.4,Mumbai,Mobile App
107791,40,119900,15.9,3010,18,16,10.8,47828.42,Delhi,Mobile App
107137,,118500,13.1,3220,15,20,33.1,42233.22,Delhi,Website
100985,47,,4.4,780,145,4,89.4,3379.74,Mumbai,Marketplace
103282,36,90500,9.7,1310,46,13,64,12779.32,Delhi,Website
104707,32,89600,10.8,1860,64,11,52.9,20037.1,Bengaluru,Marketplace
107784,34,135600,21,4230,18,22,23.5,88743.31,Delhi,Website
102189,38,40100,3.2,990,139,6,67.1,3168.71,Bengaluru,Website
102266,34,44000,4.2,1010,116,6,58.5,4253.19,Hyderabad,Mobile App
102444,42,46300,3,1150,114,4,82.7,3419.79,Pune,Mobile App
100363,38,59400,3.3,720,87,9,71.8,2365.01,Pune,Marketplace
102350,33,44200,4.3,700,87,7,59.5,2994.11,Delhi,Marketplace
100346,35,54800,2.7,1090,115,5,85.2,2897.97,Chennai,Marketplace
100815,41,65400,1.7,740,110,8,73.8,1238.2,Bengaluru,Website
106167,36,93100,7.4,1720,42,17,52.6,12682.99,Mumbai,Website
104808,32,95600,11.4,1980,44,14,31,22591.69,Chennai,Website
103206,35,86400,10.1,2090,41,14,46.5,21078.76,Hyderabad,Website
108179,39,129000,15.4,4000,12,29,10.9,61663.93,Hyderabad,Mobile App
102920,25,51600,3.8,760,85,7,73,2879.6,Mumbai,Website
105962,26,82400,6.2,1450,51,14,44,9052.01,Mumbai,Website
103326,42,,8.2,1760,63,15,44.6,14454.41,Chennai,Marketplace
104107,29,100200,7.6,1600,65,13,43.2,12145.08,Chennai,Website
105780,34,91500,9.1,1780,66,16,44.2,16097.85,Pune,Website
102117,40,59300,3.8,600,176,8,80.2,2295.45,Delhi,Marketplace
107451,35,175500,9.3,4110,27,29,24.6,38218.07,Bengaluru,Mobile App
101835,36,37000,4.1,650,128,7,73,2670.71,Bengaluru,Marketplace
100794,29,54500,4.5,730,147,7,75,3262.08,Mumbai,Marketplace
107460,41,143800,14.5,4450,21,26,25.3,64331.66,Chennai,Website
101956,40,56000,3.9,800,167,8,73.5,3130.24,Bengaluru,Mobile App
106899,42,,19.6,3140,22,21,22.9,61482.89,Mumbai,Mobile App
102675,44,54200,3.4,1020,57,7,77.5,3484.29,Hyderabad,Mobile App
100095,46,47200,3.6,620,137,4,63.6,2234.51,Bengaluru,Website
108709,45,168500,16,3070,18,20,15.2,49111.23,Pune,Mobile App
104226,40,89300,6.3,1750,63,12,47.8,10960.74,Pune,Marketplace
103757,39,72500,6.8,1520,56,18,54.6,10394.45,Mumbai,Website
102892,37,56300,3.6,1130,99,7,69.7,4081.6,Hyderabad,Marketplace
102372,38,57700,4.1,820,67,5,64.2,3370.66,Chennai,Website
108340,46,177400,9.8,4170,24,24,12.5,40882.86,Chennai,Mobile App
108328,43,82200,15.1,4000,34,33,18.5,60140.54,Bengaluru,Marketplace
107429,44,122500,19,4840,21,26,22.8,91871.91,Pune,Mobile App
108476,40,193300,15.8,3720,13,26,20.3,58805.79,Bengaluru,Marketplace
103229,36,78400,9.9,2020,41,8,34.4,19920.41,Mumbai,Website
106159,28,75300,6.4,1860,44,10,41.3,11957.97,Hyderabad,Mobile App
107864,42,,17,3110,10,21,21.1,52764.06,Bengaluru,Website
107092,51,105500,19.7,3550,17,23,32.8,69962.72,Chennai,Marketplace
106360,37,93600,9.4,1760,64,13,55.1,16463.01,Mumbai,Mobile App
105997,31,,10.2,1640,46,17,36.7,16783.08,Mumbai,Website
108293,48,155600,16.8,4130,18,25,30.6,69460.91,Pune,Mobile App
108496,39,151500,20.3,3710,19,25,11.9,75239.78,Hyderabad,Marketplace
107327,33,168200,7.1,2870,22,23,26.4,20407.52,Pune,Website
106029,30,91100,7.4,1740,68,13,54.7,12847.4,Mumbai,Mobile App
102854,48,43100,3.4,650,149,4,63.8,2240.33,Hyderabad,Marketplace
108662,40,169300,9.8,3960,16,28,21,38652.92,Bengaluru,Marketplace
102913,46,58300,3.7,770,145,6,66.5,2861.71,Hyderabad,Marketplace
101866,45,38100,3.5,660,143,6,74.4,2298.6,Bengaluru,Website
105755,31,77200,10.4,1460,62,13,40.7,15183.73,Bengaluru,Mobile App
104613,35,107600,8.7,1880,49,15,39.3,16416.88,Bengaluru,Marketplace
107690,52,144000,13.8,3910,15,29,22,53822.03,Chennai,Mobile App
101858,32,43200,4.1,940,188,8,68.8,3816.44,Chennai,Marketplace
102646,30,45800,3.1,820,99,6,67.3,2565.54,Chennai,Mobile App
102244,35,45600,4.1,750,83,7,77.4,3099.18,Pune,Mobile App
105374,33,89400,11.7,1910,64,10,50,22280.76,Hyderabad,Website
102337,29,40100,3.3,810,80,5,71.8,2640.45,Bengaluru,Marketplace
100951,30,58800,3,820,117,5,70.5,2481.6,Pune,Marketplace
107579,37,122700,18.7,4250,14,28,18.3,79538.21,Hyderabad,Website
108429,41,136300,19,4740,26,20,13.4,90083.61,Delhi,Marketplace
103069,38,88100,10,2100,57,11,49.6,20867.58,Bengaluru,Marketplace
101121,40,41700,4.1,810,141,6,78.6,3268.6,Hyderabad,Mobile App
107609,40,148800,17,4200,16,21,15.7,71561.12,Delhi,Website
102598,42,39300,3.7,860,126,7,66.8,3189.77,Delhi,Marketplace
102205,38,59900,2.8,760,133,7,68.8,2160.8,Hyderabad,Mobile App
100420,42,45300,4.6,940,87,6,78.1,4288.3,Hyderabad,Marketplace
100923,36,41400,3.6,490,138,6,67.2,1759.34,Chennai,Mobile App
101255,39,49200,3.8,1060,113,8,54.3,4073.9,Pune,Website
100478,30,51700,3.3,1000,169,7,68.1,3294.03,Hyderabad,Website
102036,37,40600,3.7,950,98,6,83.1,3483.99,Bengaluru,Website
105409,31,86200,9.2,1770,48,13,46.5,16301.82,Bengaluru,Marketplace
105789,34,79700,9.1,2050,30,15,55.1,18751.74,Pune,Website
105743,40,100800,8.6,1090,70,11,41.2,9377.66,Bengaluru,Marketplace
107183,33,206300,16.3,3240,24,29,32.5,52695.4,Bengaluru,Website
107668,40,170900,16.6,3260,16,34,23.5,54190.41,Pune,Marketplace
105568,35,106100,7.8,1930,57,14,42.8,15040,Hyderabad,Marketplace
106698,40,146100,13.6,4400,13,22,31.3,59834.55,Bengaluru,Marketplace
108136,35,126800,17.8,4120,17,24,26.8,73331.84,Delhi,Website
101203,31,40500,3.9,910,160,7,73.8,3527.38,Delhi,Marketplace
105766,32,89500,10,1770,54,14,54.6,17660.51,Hyderabad,Website
101971,37,55900,3.7,850,164,5,67.1,3170.33,Bengaluru,Marketplace
104019,37,100000,8.5,1400,24,11,46.9,11907.79,Bengaluru,Mobile App
103688,21,,8.5,1690,24,12,32.7,14336.97,Hyderabad,Marketplace
101998,36,53400,4.5,870,100,6,73.3,3925.03,Hyderabad,Marketplace
104034,34,115800,8.8,1420,38,14,47.4,12509.45,Hyderabad,Mobile App
101249,36,50500,3.2,720,159,7,93,2301.07,Hyderabad,Mobile App
102193,39,51400,3.5,1020,140,7,74.3,3568.88,Mumbai,Website
102713,25,56300,3.1,860,103,5,79.6,2701.55,Mumbai,Website
102191,44,42000,3.3,890,94,6,70.1,2987.08,Hyderabad,Website
104671,34,75800,11.3,1470,56,12,48.3,16650.04,Bengaluru,Website
105143,37,72700,9.4,1720,54,12,28.5,16156.17,Hyderabad,Marketplace
105985,35,99100,8.3,2200,17,13,51.8,18319.16,Hyderabad,Mobile App
106566,38,125200,19,4640,8,30,19.2,88194.36,Bengaluru,Mobile App
107805,36,102900,20.8,3540,17,20,12.1,73502.47,Pune,Mobile App
106944,38,142800,17.9,3940,30,18,10,70663.47,Pune,Website
102137,41,48000,2,950,111,4,67.5,1873.23,Pune,Marketplace
101066,40,57100,3,850,132,7,68.8,2597.28,Delhi,Mobile App
100601,34,62700,3.3,880,92,6,67.3,2953.13,Delhi,Mobile App
104228,29,88800,8.2,1760,45,10,51.4,14444.73,Chennai,Mobile App
107578,43,,17.9,4940,13,28,8.4,88377.71,Chennai,Mobile App
100078,38,60800,3,640,67,8,75.2,1930.07,Hyderabad,Website
107547,28,106500,17.9,3990,24,29,21.1,71452.94,Bengaluru,Marketplace
102899,32,50600,4,1060,133,7,62.8,4217.09,Delhi,Mobile App
104821,35,92900,7.3,1760,60,13,42.2,12956.22,Delhi,Website
108395,47,123600,15.8,3950,9,26,31.2,62528.8,Chennai,Website
106414,49,62900,9.4,2150,36,14,55.6,20187.63,Chennai,Website
108008,42,143100,18.3,5240,20,24,32.4,96111.8,Delhi,Mobile App
105469,30,71800,7.5,1910,57,11,48.4,14282.67,Bengaluru,Website
105952,28,78200,10.9,2400,49,10,52.6,26154.52,Bengaluru,Website
103392,33,75400,8.6,1760,52,17,36.5,15170.79,Chennai,Mobile App
105416,35,53500,7.7,1420,47,15,44.2,11014.77,Bengaluru,Website
102561,37,58400,4.1,700,164,4,65,2881.4,Bengaluru,Website
108163,39,183700,14.2,4200,22,24,17.9,59740.24,Bengaluru,Marketplace
102636,32,46900,3.8,920,112,8,65.3,3480.42,Delhi,Website
105257,41,,7.5,1290,29,15,43.9,9681.49,Pune,Marketplace
103531,35,77300,9.9,1700,16,22,46.1,16847.25,Chennai,Marketplace
101909,44,48500,3.4,770,100,7,77.5,2625.09,Delhi,Mobile App
100236,24,32800,3.3,830,112,6,74.6,2716.33,Mumbai,Mobile App
101605,42,49300,4.3,780,145,8,63.1,3311.86,Bengaluru,Mobile App
107985,32,108400,16.2,4750,22,25,16.1,77203.43,Mumbai,Website
103491,27,69200,7.4,2120,41,12,35.9,15694.56,Hyderabad,Mobile App
101995,33,40000,3.2,890,118,6,72.7,2885.72,Chennai,Marketplace
102825,42,51400,5.1,730,175,3,74.6,3728.13,Pune,Marketplace
108378,44,116000,18,3870,17,21,13.2,69759.49,Mumbai,Marketplace
101343,37,45400,3.5,720,135,5,71.8,2507.83,Pune,Marketplace
101620,38,46500,4.3,810,60,6,61.9,3451.75,Bengaluru,Mobile App
105288,41,94400,9.4,1820,57,10,28.8,17060.4,Pune,Marketplace
102061,29,52900,3.8,980,101,4,71.6,3748.45,Mumbai,Mobile App
108988,41,149000,16.2,3590,22,19,34.6,58272.83,Pune,Mobile App
102220,40,59900,3.9,930,138,6,66.9,3577.2,Pune,Website
106039,29,58800,8.8,1950,49,10,52.4,17131.68,Hyderabad,Website
100261,42,57700,4.3,810,126,5,67.5,3471.57,Mumbai,Mobile App
108453,37,136800,20,3860,20,25,13.6,77081.1,Bengaluru,Website
103745,44,60900,9.6,1500,52,15,40.3,14407.27,Chennai,Mobile App
102027,46,50500,3.7,1060,128,5,73.7,3950.79,Delhi,Website
106989,46,124800,16,2610,27,25,27.9,41778.51,Chennai,Marketplace
104235,32,86600,11.3,1520,48,12,48.1,17161.26,Bengaluru,Website
101918,30,41000,3.2,1130,165,6,72.2,3581.37,Mumbai,Website
101829,30,37900,4.5,870,161,7,69.9,3937.78,Hyderabad,Mobile App
106234,33,105700,7.3,1520,46,13,42.5,11002.84,Bengaluru,Website
108422,39,169500,20.9,3600,14,36,20.5,75264.38,Mumbai,Website
106284,26,80000,9.1,1620,43,11,47.6,14770.97,Pune,Marketplace
104209,38,61100,6.1,1930,35,12,45.5,11802.55,Pune,Website
100225,37,48300,2.4,920,114,7,71.6,2196.31,Delhi,Mobile App
106470,26,74600,8.7,1500,54,11,39.2,13056.19,Chennai,Website
108498,47,195600,18.2,3670,11,30,20.8,66743.36,Pune,Mobile App
100847,37,41200,3.9,790,106,7,65.1,3101.89,Bengaluru,Marketplace
104290,48,96400,9.7,1580,79,13,36.6,15375.74,Hyderabad,Marketplace
105561,38,99000,9.3,2020,31,15,56.4,18902.69,Hyderabad,Website
102552,27,50100,3.7,680,169,5,75.4,2511.78,Chennai,Mobile App
100118,45,63800,4.2,740,117,5,70.7,3126.24,Pune,Mobile App
105967,34,54100,11.9,1670,57,13,52.3,19898.73,Chennai,Mobile App
108196,46,,17.5,4580,18,21,18.4,80066.45,Mumbai,Mobile App
107490,40,165600,15.9,5690,10,30,23.5,90339.17,Mumbai,Marketplace
100006,40,44400,3.7,620,55,5,71.4,2302.25,Chennai,Marketplace
105343,33,77700,9.3,1780,50,16,51.9,16646.06,Hyderabad,Mobile App
104325,24,78600,12.1,1790,36,16,42.5,21783.03,Chennai,Marketplace
101064,42,50100,3.3,1070,117,7,66.8,3523.74,Chennai,Website
102591,44,48800,4.5,770,155,7,69.7,3489.38,Delhi,Website
103736,39,74900,9,2100,60,13,32.7,18840.26,Pune,Mobile App
103518,31,76900,9.4,1850,61,14,42.8,17389.73,Hyderabad,Marketplace
106987,40,131500,17.3,5510,23,23,30.4,95354.85,Hyderabad,Marketplace
106768,42,164900,18.3,3310,20,25,17.8,60525.82,Bengaluru,Marketplace
105623,32,74300,8.4,1420,70,13,38.6,11958.2,Bengaluru,Website
101606,44,46800,3.5,620,111,7,80.5,2154.35,Bengaluru,Mobile App
101734,40,50200,3.5,630,103,7,52.9,2196.32,Pune,Mobile App
108431,37,144600,20.1,4570,15,26,27.9,91919.97,Bengaluru,Website
103813,34,69300,8.8,1420,57,14,39.6,12533.58,Mumbai,Marketplace
108686,37,189300,19.7,5060,19,27,24,99772.87,Bengaluru,Marketplace
101762,48,55400,4.3,730,152,6,70.9,3107.25,Mumbai,Website
105402,30,78200,8.6,1680,62,14,41.4,14425.11,Hyderabad,Mobile App
102740,37,51500,4.3,810,154,7,60,3455.23,Chennai,Website
102473,42,44500,2.9,620,152,7,66.7,1814.56,Chennai,Mobile App
106739,40,175600,17.9,2400,18,30,6.6,42996.03,Bengaluru,Mobile App
106892,32,166700,15.1,3490,20,21,26.2,52731.17,Hyderabad,Website
107944,40,135800,20.2,4230,22,24,22.9,85626.47,Mumbai,Mobile App
104207,29,93900,7.7,1840,71,14,32.2,14285.19,Delhi,Website
106372,45,76100,9.1,1830,51,13,54.1,16607.9,Bengaluru,Mobile App
100233,37,51700,4.6,870,148,3,82.5,3976.39,Pune,Mobile App
108259,46,143800,14.6,3540,20,27,15.9,51672.94,Bengaluru,Mobile App
107562,50,164400,17.8,4600,12,28,27.5,81887.9,Bengaluru,Mobile App
106169,31,64400,8.2,2060,57,7,45.8,16859.36,Mumbai,Marketplace
103597,32,74200,9,1610,39,12,39.4,14516.54,Delhi,Website
106289,34,71900,8.2,1460,39,13,47.6,11999.79,Pune,Mobile App
104633,29,100400,8.1,1900,36,14,24.8,15411.56,Delhi,Mobile App
100126,43,47800,4.1,870,123,6,71.7,3551.82,Delhi,Marketplace
107642,36,129000,18.3,3290,20,21,28.3,60126.76,Bengaluru,Website
106230,28,64900,9.1,2090,60,16,42.2,19006.42,Hyderabad,Mobile App
101297,29,56300,4.2,740,111,4,64,3079.32,Mumbai,Marketplace
101977,39,53800,2.7,750,166,8,83.9,2006.14,Chennai,Mobile App
108555,30,176800,14.2,3150,22,30,25.4,44810.47,Chennai,Marketplace
105751,31,90700,9.1,2200,57,13,46.3,20064.5,Chennai,Marketplace
108153,46,139500,12.9,4490,15,27,6.9,58158.97,Chennai,Website
103087,43,49000,5.3,1810,56,10,53.8,9692.65,Pune,Marketplace
108369,48,151900,14.8,4350,25,28,27.4,64304.61,Chennai,Marketplace
106883,46,135200,19.8,4380,20,24,19.2,86645.19,Bengaluru,Marketplace
108398,44,134600,13,3280,18,19,24.8,42555.84,Hyderabad,Marketplace
107674,42,171500,17.9,4740,11,24,29.5,84662.84,Bengaluru,Mobile App
103346,34,50100,6.6,1780,33,16,36.2,11770.8,Delhi,Marketplace
108173,29,146500,16.1,4470,18,27,26.1,72026.55,Bengaluru,Website
108506,41,143100,17.9,4430,20,25,20.4,79457.83,Delhi,Website
105871,31,80900,9.8,1640,57,15,46,16027.69,Bengaluru,Website
106507,44,151700,21.9,4670,17,19,27,102575.59,Hyderabad,Website
102798,44,59800,3.7,730,76,5,69.7,2701.81,Bengaluru,Website
100919,49,70900,3.8,870,97,6,69.1,3275.2,Hyderabad,Marketplace
101647,32,44500,3.6,780,185,7,71.1,2794.77,Mumbai,Website
105123,38,72100,10.6,1960,63,11,29.1,20710.32,Pune,Website
105127,32,81600,8.4,1900,51,9,52.9,15973.59,Hyderabad,Marketplace
104622,26,92100,9.7,1800,53,12,34.2,17540.49,Delhi,Mobile App
106810,41,185500,16.7,3440,18,33,22.4,57440.81,Delhi,Mobile App
100365,31,51800,3.8,640,134,6,64.9,2433.94,Mumbai,Mobile App
102126,35,36000,3.4,820,127,6,85.6,2802.27,Delhi,Marketplace
108151,36,133000,17.7,3800,19,19,5.2,67134.74,Pune,Marketplace
100056,,55500,4.2,570,85,4,67.8,2395.42,Chennai,Mobile App
100639,42,42900,4,980,113,8,75.2,3873.52,Chennai,Mobile App
100303,47,50700,3.7,790,126,6,63.5,2959.53,Chennai,Mobile App
105812,26,90700,9.5,1730,23,17,38.3,16489.28,Hyderabad,Mobile App
101277,34,58300,3.6,820,129,6,70.1,2974.28,Mumbai,Mobile App
104433,40,89300,10.4,1360,69,14,55.4,14090.32,Delhi,Mobile App
103645,38,100200,7.6,2400,72,11,42.6,18144.45,Mumbai,Website
104144,33,,8.9,1550,50,14,48.3,13834.76,Hyderabad,Mobile App
102879,42,50900,3.4,1050,170,7,65.3,3546.97,Hyderabad,Website
106494,25,87600,8.1,2520,46,14,47.3,20524.2,Bengaluru,Website
105241,32,60300,8.9,1580,43,12,43.2,14065.06,Pune,Website
108493,41,190100,17.3,4510,14,21,22.4,78156.98,Hyderabad,Website
106938,37,121500,11.4,4620,18,23,15.4,52892.5,Delhi,Mobile App
107241,35,170100,17.2,4970,18,28,26.9,85501.34,Bengaluru,Mobile App
102594,37,63000,3.6,810,112,7,70.3,2944.53,Bengaluru,Website
102394,33,54900,4,660,138,7,64.5,2670.71,Mumbai,Mobile App
100524,34,46000,4.6,760,128,5,63.2,3510.21,Pune,Mobile App
106377,32,81000,8,1880,55,13,49.6,15039.18,Bengaluru,Marketplace
106982,37,154900,13.1,4990,14,25,2,65370.53,Delhi,Website
106678,39,124600,20.2,4130,15,27,23.5,83260.29,Chennai,Website
103901,44,92900,8.7,1820,52,12,34,15893.71,Pune,Mobile App
108696,,163600,22.4,4520,18,29,7.4,101225.6,Hyderabad,Marketplace
105586,32,86400,9.2,1030,45,14,42.6,9434.66,Delhi,Mobile App
108449,44,159000,19.8,3150,13,20,9.4,62222.61,Mumbai,Marketplace
107957,34,131300,18.3,3560,15,17,32.3,65146.58,Delhi,Website
107571,37,109500,14,3800,17,24,15.2,53256.47,Mumbai,Website
106778,43,193000,21,3350,23,22,18.1,70583.45,Bengaluru,Marketplace
100672,34,52100,3.6,750,121,8,70.4,2685.91,Mumbai,Mobile App
104189,34,71900,11,1740,44,14,40.3,19185.9,Chennai,Marketplace
100667,51,40300,3.7,710,118,8,82.5,2620.37,Hyderabad,Mobile App
103267,32,69600,9.2,1540,36,14,48.3,14201.83,Pune,Mobile App
101888,26,49800,3.2,670,170,7,91.7,2107.35,Hyderabad,Mobile App
107688,42,113300,18.2,3390,20,26,8.1,61816.01,Chennai,Mobile App
106032,38,98300,9.7,1380,44,16,40.4,13381.09,Delhi,Mobile App
106091,29,82300,9.7,2320,33,9,50.1,22424.66,Delhi,Marketplace
106239,28,80300,11.4,1700,55,10,31.3,19301.06,Chennai,Mobile App
107351,48,117300,18.6,2910,16,22,8.2,54276.11,Delhi,Mobile App
107831,36,149300,13.3,3850,15,34,18.3,51089.63,Delhi,Marketplace
100761,38,52100,3.5,900,123,6,63,3111.17,Chennai,Marketplace
106255,23,96500,6.4,1880,48,12,35.9,11995.98,Hyderabad,Marketplace
101907,35,44900,2.8,800,144,5,82.6,2205.53,Hyderabad,Marketplace
103819,35,111100,7.4,1210,42,14,46.1,8899.89,Hyderabad,Marketplace
106270,37,92500,8.3,1770,59,12,53.7,14724.88,Hyderabad,Marketplace
104301,29,70000,7.6,2120,45,12,38.4,16115.11,Pune,Website
105570,35,66100,9.3,1370,61,13,46.3,12713.43,Pune,Marketplace
107942,41,103500,19.4,3840,15,30,21.6,74769.88,Bengaluru,Website
104165,34,99000,7.8,1910,27,12,38.4,14897.84,Mumbai,Mobile App
105972,32,81500,10.3,1580,43,18,53,16246.36,Bengaluru,Website
103580,33,77900,12.9,2050,70,10,41.6,26338.8,Pune,Marketplace
102833,36,40900,4,910,91,5,79.8,3601.49,Delhi,Mobile App
105450,34,80700,9.4,1990,40,12,46,18691.33,Delhi,Mobile App
103473,39,82200,9.7,1340,31,18,54.9,12950.79,Mumbai,Website
106328,40,67200,10,1780,40,11,35.6,17858.58,Bengaluru,Mobile App
100138,52,37200,3.9,920,153,6,82.7,3646.46,Hyderabad,Website
107044,42,126500,16,3440,16,19,30.5,55078.88,Mumbai,Mobile App
104893,40,103000,7.7,2360,57,14,40.9,18134.22,Hyderabad,Website
102181,43,41300,3.5,910,150,6,66.9,3171.47,Bengaluru,Marketplace
107731,41,182100,9.6,3150,22,26,26.9,30223.03,Bengaluru,Marketplace
103178,32,106000,9.5,1870,23,14,46.3,17815.33,Mumbai,Website
104855,41,78800,7.5,1930,55,9,38.3,14459.43,Bengaluru,Website
104638,27,116400,7.9,1860,42,14,50.3,14679.8,Pune,Website
105116,37,100700,11,1890,60,12,41.2,20802.4,Mumbai,Mobile App
107649,38,168300,18.2,3710,19,32,30,67471.85,Pune,Mobile App
104262,37,63000,9.9,1690,66,18,33.1,16725.98,Pune,Marketplace
101332,37,50600,4.4,750,118,6,76.7,3300.26,Bengaluru,Marketplace
107003,38,140600,18.3,4260,14,29,20.8,77953.54,Delhi,Marketplace
106942,39,168500,14.9,4240,25,31,15.1,63092.77,Bengaluru,Website
108018,45,170600,16.7,4980,16,25,20.7,83039.87,Mumbai,Mobile App
106242,41,90200,8.6,1330,47,13,47.4,11484.29,Pune,Website
107985,32,108400,16.2,4750,22,25,16.1,77203.43,Mumbai,Website
106882,46,,12.2,4230,19,29,17.4,51487.85,Bengaluru,Website
104531,25,70900,8.8,1510,41,10,45.1,13314.07,Bengaluru,Marketplace
104674,42,85200,9.6,1740,62,14,52,16684.96,Mumbai,Marketplace
106997,38,141600,17,5180,21,28,25.1,88044.67,Mumbai,Marketplace
101253,40,45600,3.2,890,164,6,67.1,2808.88,Hyderabad,Mobile App
103375,25,91200,8.6,1670,45,11,44.6,14416.98,Hyderabad,Website
102815,33,49200,3.8,880,82,4,66.4,3360.76,Delhi,Marketplace
104720,31,109400,9.7,1820,43,9,52,17762.28,Mumbai,Marketplace
106545,42,114600,15.7,4460,22,24,13.6,70172.02,Pune,Mobile App
104859,30,95000,7.1,1930,68,11,37.5,13742.1,Mumbai,Website
107902,26,141500,13.4,4520,16,27,8.1,60436.99,Chennai,Mobile App
101078,32,51000,4.6,880,149,6,59,4074.82,Hyderabad,Marketplace
104364,32,81300,8.8,1350,51,12,38.9,11924.22,Mumbai,Mobile App
100771,32,55700,2.3,630,108,8,62.5,1437.64,Chennai,Mobile App
100250,43,48100,3,850,91,5,65,2567.46,Chennai,Mobile App
107240,48,134600,13.2,4970,14,25,25.8,65521.87,Pune,Mobile App
103420,36,39300,8.1,2100,50,15,39.1,17017.04,Mumbai,Mobile App
104977,27,86900,8.4,2060,36,11,53.7,17292.23,Mumbai,Marketplace
104545,44,99400,9.1,1910,41,14,61.2,17442.82,Chennai,Website
105566,30,88100,7.9,1450,41,14,43,11490.53,Delhi,Marketplace
107940,35,169400,15.2,3740,17,29,29.3,56750.5,Hyderabad,Mobile App
100717,38,47400,2,620,87,6,72.7,1240.28,Mumbai,Mobile App
108712,41,102500,13.8,4120,23,28,14.9,57114.28,Mumbai,Mobile App
102049,,48600,2.7,680,121,4,73.4,1805.21,Pune,Website
105998,34,76100,8.7,1520,51,11,51.5,13296.56,Delhi,Marketplace
106601,42,112200,20.4,3910,14,16,5.4,79604.36,Delhi,Mobile App
107246,38,130800,20.4,4050,21,17,15.6,82497.51,Delhi,Mobile App
104179,37,91200,8.5,1850,41,8,43.1,15661.72,Chennai,Mobile App
104810,40,92600,8.8,2250,48,15,46.6,19877.44,Mumbai,Mobile App
108557,40,138600,13.7,4820,18,22,15.9,65769.73,Bengaluru,Website
107141,49,110900,13.8,4210,8,20,13.4,58131.92,Delhi,Website
107191,35,136300,20.7,4260,15,25,19.8,88397.64,Hyderabad,Marketplace
101461,26,49400,4,780,89,6,61.3,3070.54,Pune,Marketplace
105990,38,97300,9.8,1320,48,15,57.1,12951.39,Mumbai,Website
102001,42,45500,2.1,590,63,6,69.8,1252.16,Bengaluru,Website
108176,43,135900,13.3,2760,21,23,11.5,36710.98,Hyderabad,Website
100405,42,57200,3.8,950,85,8,82.2,3600.69,Chennai,Website
100385,27,57300,3.4,790,136,6,83.1,2700.82,Chennai,Marketplace
108562,45,146800,15.3,4410,23,20,21.4,67409.01,Hyderabad,Mobile App
101634,52,48700,3.3,870,96,5,80.5,2866.46,Delhi,Website
108625,35,152600,17.7,4380,16,24,5.4,77707.96,Hyderabad,Marketplace
104785,40,94000,8,2020,54,12,51.2,16207.19,Hyderabad,Marketplace
108533,37,132000,16.9,4500,18,26,13.8,76161.78,Chennai,Website
106971,37,116000,19.1,4510,22,26,19.8,86004,Bengaluru,Website
103926,32,72700,11.1,2370,26,13,48.3,26384.75,Bengaluru,Mobile App
104159,29,86200,8.7,1450,64,15,34.8,12603.34,Hyderabad,Mobile App
107450,40,161900,16.1,4400,13,30,21.1,70893.69,Delhi,Mobile App
108416,40,155900,16.4,4120,18,25,3,67657.55,Bengaluru,Marketplace
102194,48,53600,2.8,620,83,5,76.1,1752.79,Delhi,Website
101016,47,62600,4.5,960,103,6,74.9,4251.43,Bengaluru,Marketplace
105125,34,101000,5.9,2260,52,13,45.3,13290.38,Hyderabad,Marketplace
107419,43,114400,17.1,5040,19,24,13.8,86385.07,Mumbai,Website
107410,43,197000,12.5,3660,22,19,18.5,45930.95,Pune,Mobile App
102872,34,53600,2.3,580,121,4,54.2,1322.74,Pune,Marketplace
100010,34,48500,4,970,118,7,72.9,3905.97,Delhi,Mobile App
101839,37,37400,2.8,970,115,6,84.5,2681.57,Chennai,Mobile App
104805,34,99000,9.4,1930,52,13,46.7,18047.86,Bengaluru,Website
100256,35,52700,1.6,820,174,7,71.7,1315.76,Chennai,Website
107027,33,192800,15.4,3560,12,25,10,54634.88,Delhi,Website
105714,31,81100,7.5,1860,64,17,54.2,13950.19,Mumbai,Mobile App
103325,29,80400,8.4,1910,58,9,39.2,16020.69,Delhi,Marketplace
107715,45,105400,15.7,4800,16,30,24.7,75400.26,Mumbai,Website
101582,36,44800,4.9,920,74,8,79.5,4539.88,Mumbai,Mobile App
100925,43,64100,5.3,810,144,4,82,4268.64,Mumbai,Website
102780,40,44400,3.6,920,50,5,79.9,3328.2,Mumbai,Mobile App
107892,51,163900,14.7,3900,18,24,11.9,57237.02,Hyderabad,Website
106133,25,96500,9.9,2130,30,14,44.8,21005.2,Bengaluru,Website
105321,31,97400,12,2160,51,14,42.5,25979.44,Bengaluru,Website
107313,43,120300,16.7,3800,14,30,23.1,63333.12,Delhi,Mobile App
107103,36,133300,18.5,3230,17,25,9,59905.82,Hyderabad,Marketplace
106043,34,60800,10.2,1670,59,15,40,16928.34,Mumbai,Website
103776,39,83400,10.5,1710,44,14,57.9,17972.75,Hyderabad,Website
104836,31,106300,10.7,1420,71,13,49.3,15238.4,Pune,Marketplace
104965,32,85700,11.4,2110,45,11,32.5,23997.55,Pune,Mobile App
100540,35,44600,3.5,770,113,7,55.4,2693.48,Chennai,Marketplace
107484,42,124500,15.8,3720,18,22,15.9,58604.05,Mumbai,Marketplace
102746,31,70400,3.9,720,134,7,71.2,2798.04,Chennai,Marketplace
103720,37,93000,11.7,1610,45,15,47.2,18913.8,Pune,Marketplace
106820,,129500,10.8,3890,20,23,32.5,42077.94,Pune,Mobile App
104469,38,99300,8.1,1520,64,10,40.6,12266.37,Bengaluru,Website
100668,35,63100,3.3,900,88,6,56.4,2948.76,Mumbai,Mobile App
107576,36,150000,20.5,4940,17,28,16.1,101102.17,Hyderabad,Marketplace
105064,35,111900,10.5,1650,56,9,46.1,17305.93,Mumbai,Mobile App
101354,36,54200,3.3,680,92,5,71.7,2247.55,Bengaluru,Website
107115,46,140500,15.4,4090,9,33,17.6,62888.07,Bengaluru,Website
108823,37,176400,18.3,4210,26,26,16.1,77103.14,Pune,Mobile App
102704,34,55300,3.1,750,100,4,69.7,2326.64,Hyderabad,Mobile App
103331,26,87500,9.4,1860,44,11,45.7,17504.59,Bengaluru,Marketplace
108054,32,118300,20.1,4600,18,24,23.6,92731.4,Chennai,Website
103585,31,75800,10.3,1550,51,10,43.8,15869.93,Mumbai,Website
108522,37,162700,12.4,3970,17,20,11.9,49121.15,Delhi,Marketplace
105646,34,64600,10.2,1740,57,6,39.1,17786,Bengaluru,Mobile App
103377,36,68100,7.4,1680,39,16,39.4,12420.01,Hyderabad,Website
101257,49,48200,3,820,120,5,66,2441.1,Delhi,Website
106191,41,79400,6.6,1630,47,9,39.8,10757.43,Delhi,Mobile App
105349,29,91400,10.9,1670,39,11,26.2,18209.1,Delhi,Mobile App
104176,30,90600,6.9,1890,30,13,50.2,12959.3,Chennai,Mobile App
104911,32,96700,9.3,1860,53,13,44.5,17405.75,Delhi,Marketplace
101853,38,47400,3.5,830,81,5,66.9,2928.12,Pune,Marketplace
106317,39,81300,7.1,1460,53,15,33.1,10376.33,Mumbai,Website
108897,39,125100,13.1,5530,19,28,23.7,72254.5,Delhi,Website
102106,36,56400,4.1,940,128,6,63.8,3807.67,Pune,Mobile App
100134,34,44500,2.6,980,42,6,69.1,2587.34,Chennai,Mobile App
105030,42,91800,7.6,2010,46,11,30,15271.47,Mumbai,Mobile App
100929,38,52900,4,960,87,7,69.5,3886.79,Chennai,Mobile App
100824,35,54400,2.7,690,105,7,76.9,1834.07,Pune,Website
107577,46,141800,21.7,3990,15,32,18.9,86398.05,Bengaluru,Marketplace
101532,48,30600,2.9,1020,122,6,68,2993.45,Hyderabad,Mobile App
101215,31,47900,3.7,980,131,6,69.6,3660.08,Pune,Marketplace
100505,34,69100,3.7,790,72,5,69,2942.23,Chennai,Mobile App
106531,38,110400,12.6,5410,12,22,14.5,68338.56,Bengaluru,Website
103073,32,106300,10.2,1780,58,14,38.2,18238.41,Mumbai,Marketplace
106620,32,156600,20.3,5130,19,25,29.6,104192.42,Bengaluru,Marketplace
103710,31,,10.4,1450,34,12,56.6,15059.17,Hyderabad,Mobile App
104850,29,115200,9.4,1530,57,15,40.4,14410.75,Chennai,Website
104749,34,103200,7.1,1720,69,13,40.8,12114.54,Pune,Mobile App
104269,39,91900,7.1,1630,46,13,46.6,11625.68,Delhi,Mobile App
108920,44,160800,16.4,3470,7,27,22.5,56991.05,Chennai,Mobile App
104187,33,79400,8,1930,42,12,41.8,15516.24,Hyderabad,Marketplace
105302,43,97800,9.7,1990,48,18,39.1,19391.92,Delhi,Website
102924,35,44100,3.6,750,73,5,67.4,2705.79,Pune,Mobile App
106589,48,145500,19.8,4700,16,32,33.9,93256.58,Delhi,Marketplace
101811,30,46900,4.4,900,91,6,63,3979.4,Pune,Website
103487,24,100000,6.4,1570,66,11,44.5,10039.3,Delhi,Website
107420,43,110600,17.4,4500,19,28,14.5,78032.06,Hyderabad,Website
103142,36,72400,10.8,1770,47,13,35.9,19187.34,Pune,Mobile App
101325,34,42200,4,670,134,6,76,2668.85,Hyderabad,Website
104313,40,91100,8.1,1800,52,15,28,14526.78,Pune,Marketplace
107495,30,168400,23.7,3890,10,28,31.1,92101.32,Mumbai,Mobile App
108578,37,120200,17.2,3480,18,25,26.6,59924.45,Hyderabad,Mobile App
105542,36,58400,10,1550,36,13,45.8,15478.16,Hyderabad,Website
106173,28,90500,7.1,2170,31,14,32.3,15278.39,Pune,Mobile App
101541,37,46000,2.8,740,50,7,85.5,2060.99,Chennai,Website
102682,34,62100,2.3,860,198,7,72.1,1948.14,Chennai,Mobile App
108924,33,149500,18,3470,15,16,19.2,62465.4,Pune,Mobile App
106314,40,84700,10.4,1790,47,12,35.5,18558.61,Hyderabad,Mobile App
101192,43,49000,4.2,600,132,7,53.5,2528.1,Chennai,Marketplace
105294,44,73300,8.4,1850,59,12,45.3,15581.52,Chennai,Marketplace
101543,34,49300,3.5,1030,81,6,70.7,3579.44,Chennai,Marketplace
107057,54,172400,19.4,3640,20,27,24.2,70641.72,Pune,Mobile App
102540,46,55200,3.4,920,106,6,64.3,3108.23,Bengaluru,Marketplace
100954,26,54300,4.5,810,99,5,75.3,3624.55,Mumbai,Website
107242,37,155000,14.9,4260,21,31,14.9,63701.48,Hyderabad,Website
106732,39,165000,20.4,3610,16,31,13.9,73557.86,Pune,Marketplace
104847,30,101600,8.9,2200,38,19,43,19608.79,Mumbai,Website
106802,46,136400,15.7,3580,12,25,21.5,56051.34,Mumbai,Marketplace
108011,44,117600,16.5,4690,21,27,14.7,77364,Hyderabad,Mobile App
104331,31,90200,11.6,940,42,8,35.2,10872.65,Pune,Marketplace
105335,30,94800,7.9,1790,47,14,53,14229.44,Pune,Website
107331,49,120700,13.3,4740,17,26,20.5,62858.29,Delhi,Marketplace
104730,31,102900,8.1,1400,39,12,43.4,11325.26,Chennai,Website
106542,40,122300,15.4,4700,14,22,17.5,72409.05,Delhi,Marketplace
105306,34,111400,7.9,1580,63,12,51.3,12545.65,Delhi,Website
105162,30,73100,14.3,1990,77,10,39.4,28416.14,Mumbai,Marketplace
107861,42,168100,23.7,4670,21,17,16,110623.05,Hyderabad,Marketplace
102157,37,61200,4.1,1010,105,6,68.4,4097.29,Bengaluru,Marketplace
101063,41,50700,4.2,740,111,5,64.1,3157.86,Chennai,Website
101168,45,52400,3.6,720,144,5,61,2574.24,Chennai,Website
103637,21,87100,10.2,1860,53,11,64.6,18908.71,Pune,Marketplace
107652,40,158400,12.6,3440,21,32,19,43319.54,Bengaluru,Mobile App
105589,33,80400,7.4,1960,37,17,36.5,14511.04,Bengaluru,Website
107193,34,161900,12.8,5260,18,27,17.5,67147.39,Pune,Website
104492,32,102200,11.4,2030,53,12,40.6,23211.37,Chennai,Website
107267,40,201700,14.2,4580,16,32,14.7,65142.81,Bengaluru,Website
104981,35,71200,8.5,1390,40,12,43.9,11772.95,Mumbai,Mobile App
108336,35,137200,21.2,4590,28,22,25,97062.18,Pune,Marketplace
108986,31,176400,20.4,4990,15,23,10.2,101664.77,Mumbai,Marketplace
104947,31,98200,8.5,2430,52,16,31.8,20654.59,Pune,Website
102783,44,48600,3.7,850,118,8,70.5,3124.64,Pune,Website
100718,39,46900,3.1,760,137,8,65,2397.73,Bengaluru,Mobile App
102503,36,37100,4.5,850,167,7,52.6,3837.49,Chennai,Mobile App
104361,32,83600,11.8,2130,31,12,29.8,25214.56,Hyderabad,Website
104172,31,73900,13.1,1360,39,14,63,17821.1,Bengaluru,Website
108083,36,133100,20.7,4060,16,30,30.8,84106.3,Bengaluru,Marketplace
108811,45,166100,8.3,2710,26,25,18.8,22493.27,Delhi,Marketplace
100396,34,41800,3.4,720,133,7,64.3,2484.81,Pune,Mobile App
107187,45,149800,13.6,3520,22,30,17.7,47914.34,Mumbai,Mobile App
108869,58,137600,19.2,4240,19,24,21.7,81264.39,Hyderabad,Marketplace
104493,35,74000,11.7,1410,46,12,36.1,16522.96,Hyderabad,Website
101366,43,59000,2.8,940,109,7,58.2,2658.03,Delhi,Website
108599,40,184600,15.3,3210,12,30,14.2,49073.12,Hyderabad,Marketplace
105918,37,75500,8.3,1870,42,13,35.8,15576.05,Pune,Website
104969,23,61100,7.6,2260,58,10,41.1,17286.58,Chennai,Marketplace
102915,45,44200,3.9,800,50,6,70.9,3075.4,Chennai,Marketplace
105645,37,78900,6.8,1600,34,9,40.4,10820.89,Bengaluru,Mobile App
103767,50,78000,8.7,1590,45,14,37,13914.95,Bengaluru,Marketplace
103441,34,91300,6.7,1750,77,12,57.1,11662.7,Pune,Marketplace
107358,47,152800,14.6,4510,18,27,21.8,65746.48,Delhi,Website
106807,45,164300,14.4,4550,13,30,25.6,65692.79,Bengaluru,Website
102144,,50700,3.2,1030,129,6,67,3247.05,Pune,Mobile App
105105,35,86500,9.7,1710,57,11,26.6,16633.59,Delhi,Marketplace
105074,34,59000,10.1,1160,65,12,52.4,11699.3,Delhi,Marketplace
101572,38,56300,4.3,880,134,7,66.8,3840.14,Delhi,Mobile App
104080,33,71400,11.5,1620,44,15,50,18585.46,Hyderabad,Website
101123,49,35300,3,750,100,6,73.2,2257.77,Delhi,Marketplace
102787,41,49800,3.5,770,111,6,81.5,2714.38,Mumbai,Mobile App
102968,24,46200,2.7,590,157,6,60.3,1563.72,Chennai,Website
102505,42,38300,3.9,910,142,6,76.1,3579.51,Hyderabad,Website
105989,37,91000,10,1780,54,14,48.5,17880.93,Bengaluru,Website
107165,37,150400,17.8,4070,13,24,16.6,72512.32,Pune,Mobile App
100729,32,61100,4.8,900,138,5,78.6,4314.64,Chennai,Website
107588,37,124100,13.4,4820,16,27,30.1,64376.71,Delhi,Mobile App
107544,51,144700,17.3,3450,18,22,16.7,59759.31,Hyderabad,Website
100413,38,62300,3.1,750,128,5,63.9,2319.75,Pune,Marketplace
105746,34,63400,6.8,1610,21,12,37.7,11004.6,Bengaluru,Mobile App
107669,43,179500,19.6,4950,22,23,24.2,97123.2,Mumbai,Mobile App
100826,36,55700,3.6,650,95,5,64.4,2387.52,Pune,Mobile App
103268,40,88700,7.7,1810,41,10,50.1,13852.67,Bengaluru,Website
103975,36,53800,10.5,1920,70,12,53.6,20208.61,Hyderabad,Marketplace
108307,41,132400,17.3,3850,12,26,16.3,66704.79,Hyderabad,Website
100418,32,34400,3,710,157,9,62.1,2147.04,Pune,Mobile App
106749,51,147500,17.7,3230,23,23,10.6,57347.65,Delhi,Mobile App
102083,41,49800,4,990,159,5,70.1,3919.22,Hyderabad,Website
103374,42,116000,8.1,2260,46,15,56.2,18209.97,Delhi,Marketplace
105727,29,88600,10.1,1980,59,9,44.8,20038.46,Chennai,Mobile App
104108,29,80000,8.6,2090,48,17,38.9,18037.32,Pune,Website
104381,38,94400,7.8,1880,33,16,50.3,14734.37,Delhi,Website
107724,34,107300,21.5,4430,18,25,33.7,95356.54,Delhi,Marketplace
101067,49,60300,3.3,730,102,7,73.3,2419.44,Delhi,Marketplace
103914,39,42600,7.2,2000,60,10,40.7,14327.77,Hyderabad,Marketplace
105537,31,95700,9,1260,20,14,35.6,11336.77,Hyderabad,Marketplace
108003,39,,19.9,3650,19,23,24.7,72593.06,Pune,Website
105388,41,85200,10.6,1870,57,12,52.5,19820.99,Pune,Website
105733,32,87000,10.6,1960,57,10,49.2,20917.47,Pune,Mobile App
102739,40,46200,2.8,960,152,6,55.7,2670.67,Hyderabad,Marketplace
105053,35,83700,8.9,1510,50,15,47.4,13497.23,Mumbai,Mobile App
104001,40,65500,10.7,1440,41,10,42.7,15420.52,Mumbai,Marketplace
102428,44,39200,2.4,960,147,6,72.4,2303.53,Pune,Website
106834,31,186300,17.8,4670,20,25,16.1,83106.17,Chennai,Website
101688,48,47200,2.9,810,130,8,65.3,2362.92,Hyderabad,Marketplace
100852,52,53700,3,1020,80,7,74.3,3077.06,Mumbai,Mobile App
106304,44,76800,9.1,1360,44,12,51.5,12443.09,Mumbai,Website
105879,28,73600,10.2,1390,66,12,48.5,14128.32,Mumbai,Marketplace
108528,40,156300,12.4,5250,19,23,27.8,64943.51,Bengaluru,Marketplace
102840,35,43000,3.9,750,88,7,83.1,2931.09,Bengaluru,Website
104612,43,75200,9,2130,81,15,44,19210.01,Mumbai,Marketplace
102490,38,47500,3.4,830,116,9,85.5,2831.92,Mumbai,Marketplace
106906,35,151600,18,3350,12,29,21.1,60505.04,Chennai,Mobile App
107391,49,171600,19.2,2740,13,30,37.4,52518.69,Mumbai,Website
102850,43,40400,2.9,950,96,6,65.7,2725.52,Chennai,Mobile App
106666,45,152600,9.2,3840,16,29,30,35423.31,Hyderabad,Marketplace
105882,40,79700,9.2,1950,31,15,44.7,17958.52,Hyderabad,Website
104453,27,90400,9.9,2080,55,14,36.9,20696.88,Mumbai,Mobile App
107422,43,95600,10.5,5260,12,19,18.9,55016.59,Hyderabad,Marketplace
106485,41,72600,9,1330,66,15,37.1,11968.95,Chennai,Website
102480,36,47800,3.9,820,159,6,78.7,3202.88,Pune,Marketplace
106618,32,154000,20.1,3820,22,23,23.7,76836.05,Mumbai,Mobile App
102142,39,41000,4,850,132,7,67.8,3394.61,Mumbai,Marketplace
105189,34,109000,8.8,1800,47,16,62.2,15909,Chennai,Marketplace
102745,44,52900,4,750,146,7,80.4,2954.58,Bengaluru,Marketplace
107254,36,142900,18.5,5310,16,19,29.7,98132.36,Chennai,Marketplace
103507,28,107400,8.8,1700,50,18,51,14882.74,Chennai,Mobile App
101680,31,48500,3,890,140,7,60.7,2674.48,Hyderabad,Marketplace
104250,37,91900,5.7,1640,78,13,41.2,9297.22,Bengaluru,Mobile App
103148,39,98000,7.2,1610,30,11,36.7,11594.72,Pune,Mobile App
108131,39,161800,18.8,3540,12,32,27.7,66461.23,Chennai,Website
107005,37,129400,14,3830,10,22,25.7,53676.35,Mumbai,Marketplace
100581,40,64700,4.4,720,122,6,71,3171.62,Delhi,Website
104071,32,85400,10.4,1410,44,14,41.4,14660.97,Pune,Mobile App
103344,,84300,12,1970,44,16,47.9,23743.28,Chennai,Marketplace
107405,50,150500,15.1,4670,20,17,14.5,70477.43,Pune,Marketplace
103673,25,95500,8.5,1080,56,18,42,9161.99,Chennai,Marketplace
100560,46,59300,4,850,123,6,72.6,3444.19,Chennai,Mobile App
105238,35,82100,8,2180,47,13,44.3,17464.49,Hyderabad,Website
107806,36,156500,14.6,4510,12,30,22.1,65965.69,Chennai,Marketplace
100513,48,47100,2.2,750,111,7,64.4,1677.13,Pune,Website
101082,39,50800,3.5,820,32,5,60.9,2906.41,Delhi,Mobile App
101665,42,59100,3.9,850,116,6,76.3,3313.46,Delhi,Mobile App
101932,24,46900,4.2,600,118,6,63.9,2537.56,Hyderabad,Website
108725,40,162500,15.1,3590,18,22,5.8,54225.61,Pune,Mobile App
101151,32,28800,2.7,910,164,7,77.3,2443.3,Bengaluru,Mobile App
102839,43,58400,5,740,109,5,79,3752.45,Hyderabad,Website
105950,35,107900,8.5,1650,54,11,49.3,13999.83,Delhi,Mobile App
108309,43,139200,15.1,3430,15,32,16.7,51670.6,Bengaluru,Marketplace
105178,44,97300,9.5,2270,48,9,51.4,21521.67,Chennai,Website
100831,40,47600,3.1,850,123,6,73.8,2648.55,Mumbai,Mobile App
108312,41,143500,15.3,4170,15,24,23,63785.85,Hyderabad,Marketplace
104753,31,101600,7.6,1640,49,10,40.6,12501.88,Pune,Marketplace
108776,42,141800,16.9,4200,26,28,24.8,71149.88,Hyderabad,Marketplace
100636,41,62200,3.7,890,90,7,61.2,3322.92,Pune,Website
104466,45,96200,9.1,1120,58,13,61,10153.28,Pune,Website
106800,40,90300,22,4310,15,28,17.4,94760.51,Bengaluru,Website
107988,36,129300,23.1,3960,20,28,23.9,91666.57,Mumbai,Mobile App
107080,38,130700,18.4,4140,19,26,2,76291.6,Delhi,Marketplace
106967,28,166400,16.5,4370,18,27,20.4,72156.84,Delhi,Marketplace
104143,38,90500,10.1,2260,38,13,50.3,22695.92,Mumbai,Marketplace
107028,38,128000,16.7,3090,21,22,38.4,51673.84,Delhi,Marketplace
100877,29,36300,3.8,650,109,7,75.8,2458.42,Mumbai,Marketplace
104870,23,87000,7.3,1760,45,13,47.5,12828.34,Mumbai,Mobile App
105316,39,87400,11.4,1790,58,19,41.4,20357.89,Chennai,Marketplace
105223,35,57000,8.2,2150,43,11,55,17707.86,Mumbai,Mobile App
100005,41,56200,2.8,940,131,6,60.7,2651.03,Chennai,Website
103052,28,62800,9.2,1730,64,15,53.7,15814.62,Bengaluru,Mobile App
105692,42,71300,8,1930,46,13,33.5,15334.28,Mumbai,Mobile App
103125,21,90700,7.2,1820,69,12,48.5,13040.6,Bengaluru,Marketplace
102492,31,46400,3.6,690,142,7,70.7,2465.01,Pune,Website
103855,34,98500,10,1840,61,12,37.8,18357.51,Bengaluru,Marketplace
104778,37,77700,10.8,1950,62,10,39.3,21013.82,Hyderabad,Mobile App
107510,43,129400,12.6,3760,23,24,19.2,47546.11,Mumbai,Website
106458,36,80500,10.4,1730,45,11,50.8,17926.56,Bengaluru,Mobile App
106294,36,80600,8.9,1900,45,14,43,16883.52,Bengaluru,Website
101149,43,56800,2.7,810,87,5,73.9,2171.89,Hyderabad,Website
100575,33,64900,3.6,850,93,7,75.6,3050.73,Pune,Website
103770,35,70300,8.6,1250,51,11,50.7,10732.69,Pune,Website
104147,34,82000,6.4,2240,45,14,58.2,14363.99,Pune,Website
100854,41,44000,2.8,880,123,8,76.4,2492.24,Bengaluru,Website
105920,43,109000,8.6,1720,62,18,43.6,14678.42,Hyderabad,Mobile App
106615,36,161100,13.4,4440,19,28,42,59406.66,Bengaluru,Mobile App
106003,38,65800,10.1,1430,46,12,54.1,14424.14,Delhi,Marketplace
104496,32,46300,8.6,2000,53,11,49.4,17290.97,Hyderabad,Marketplace
108174,43,80400,20.3,4110,17,26,31.9,83397.6,Hyderabad,Marketplace
106656,47,144800,15.2,4230,23,23,17.7,64207.73,Hyderabad,Marketplace
102369,41,53600,3.2,930,93,5,79,2950.95,Mumbai,Website
104781,38,91700,11.2,2130,59,14,68,23802.76,Delhi,Marketplace
107993,42,143000,14.9,4420,17,21,8.7,65702.48,Delhi,Marketplace
102951,35,48300,3.6,830,129,5,78.5,2984.5,Pune,Website
105626,32,67100,7.3,1470,61,16,58.5,10661.12,Hyderabad,Mobile App
106972,37,138300,18.6,4620,12,27,7.9,86119.39,Mumbai,Mobile App
101842,45,56900,2.8,790,95,6,70.6,2240.13,Pune,Marketplace
105987,,90400,12.6,1890,59,9,51.8,23821.2,Bengaluru,Website
100538,37,45100,4.5,880,135,6,58.1,3905.61,Chennai,Website
102807,45,55500,3.6,820,145,6,61,2917.65,Bengaluru,Mobile App
105802,34,88200,6.9,1420,72,13,48.3,9882.56,Chennai,Mobile App
105597,44,95100,10.6,1560,60,14,37.3,16573.63,Bengaluru,Mobile App
107207,38,136600,15.2,4210,24,25,20.1,64165.49,Bengaluru,Marketplace
107344,41,165100,18.4,3310,9,28,26.3,61099.56,Pune,Mobile App
107561,34,152900,18,3630,20,23,13.4,65444.77,Mumbai,Mobile App
108097,40,153600,15,3950,14,23,28.2,59409.03,Pune,Website
100785,44,53700,4.3,760,168,6,54.4,3236.25,Pune,Website
101410,,53600,2.7,870,167,7,75.9,2307.01,Chennai,Marketplace
100155,45,67800,2.7,870,98,6,73.6,2358.71,Bengaluru,Website
107807,35,146300,18.6,3310,29,21,16.5,61612.64,Mumbai,Mobile App
103010,27,66200,8.1,2050,48,13,51.3,16676.98,Hyderabad,Website
101687,34,43000,2.7,700,119,6,68.3,1924.96,Chennai,Website
104015,44,87500,8,1650,51,8,33.5,13153.71,Chennai,Website
107456,39,175200,12.5,4930,22,27,45.1,61522.82,Bengaluru,Mobile App
103864,41,101100,8.6,1520,52,8,56.5,13169.66,Pune,Website
102734,56,54200,4.4,800,103,9,60.3,3516.55,Chennai,Website
101896,31,44400,3.3,920,98,6,77.4,3004.77,Hyderabad,Website
105443,30,83100,11.1,2120,57,12,50.9,23526.02,Delhi,Website
100570,37,45200,3.6,790,93,7,69,2814.01,Delhi,Mobile App
106710,44,159700,19.3,4030,17,23,8.3,77525.4,Pune,Marketplace
105855,34,72900,7.2,2060,45,15,49.8,14817.71,Hyderabad,Website
101817,31,54300,3.2,880,133,6,59.2,2796.98,Pune,Mobile App
108320,47,136500,20.3,4300,15,31,27.2,87126.4,Bengaluru,Website
103395,48,88100,7.3,1140,49,12,49.6,8351.7,Bengaluru,Website
103328,43,78500,9.6,1670,42,15,48.6,16067.43,Bengaluru,Mobile App
102352,46,39800,4,820,108,7,50.6,3311.65,Hyderabad,Marketplace
106103,41,83100,8.5,1840,50,13,37.9,15652.34,Chennai,Mobile App
102976,35,51100,2.8,540,127,7,60.8,1510.29,Mumbai,Mobile App
100981,43,53100,2.8,940,118,6,67.8,2601.5,Bengaluru,Website
100191,49,51400,3,1080,111,6,64.5,3221.53,Chennai,Website
105089,35,89600,6.5,1260,44,17,40.6,8126.51,Chennai,Mobile App
100700,40,48000,3.6,860,110,5,79.3,3146.99,Mumbai,Marketplace
108810,50,113900,13.6,3680,20,21,16.2,50095.8,Mumbai,Mobile App
100607,41,33600,5,840,106,7,62.2,4190.92,Hyderabad,Marketplace
100302,46,39700,3,800,132,9,75.9,2412.39,Mumbai,Website
103421,32,84500,8.7,2110,58,16,44.1,18382.32,Bengaluru,Marketplace
108852,41,175700,13.9,3420,18,26,5.3,47539.66,Hyderabad,Mobile App
101061,42,42900,2.6,860,161,7,75.7,2232.09,Bengaluru,Marketplace
103445,34,92500,8.6,1220,63,16,42.4,10543.1,Hyderabad,Marketplace
101070,26,48400,4.3,600,108,6,71.2,2571.99,Delhi,Website
102206,43,55500,2.9,550,120,8,74.7,1633.4,Mumbai,Mobile App
107340,41,132200,16.1,4190,21,23,2,67616,Mumbai,Mobile App
108209,42,134500,19.8,5030,25,23,18.8,99311.89,Delhi,Marketplace
107680,48,131600,18.4,3040,19,31,22.9,55943.35,Bengaluru,Website
104643,34,84700,11.1,2360,40,11,49.3,26296.38,Hyderabad,Mobile App
107684,34,149600,16.7,4080,10,29,21,68252.54,Chennai,Website
107997,34,105200,9.8,2890,18,19,7.3,28252.41,Pune,Marketplace
105601,34,79500,10.3,1960,53,14,47.7,20219.89,Chennai,Mobile App
107023,51,164800,13.1,4170,24,25,7.8,54687.01,Delhi,Mobile App
104894,42,64300,10.9,1800,75,12,51.3,19712.16,Hyderabad,Marketplace
100226,34,37300,4.9,740,44,4,89.9,3636.63,Pune,Website
103355,27,93100,6.6,2000,54,18,58.4,13189.66,Pune,Mobile App
105896,33,94300,8.5,2020,45,18,36.8,17079.32,Pune,Website
108755,34,133900,17.3,5370,16,20,24.1,92879.94,Mumbai,Mobile App
103437,27,79400,9.9,2400,38,11,39.2,23745.98,Chennai,Marketplace
101694,47,40200,4.6,810,102,5,59.1,3711.25,Delhi,Marketplace
106894,49,118900,19,3790,17,22,32.7,72041.09,Chennai,Website
101046,39,55700,4,870,150,7,84.8,3447.71,Bengaluru,Mobile App
103447,40,63800,11.1,1860,69,13,33.3,20746.14,Delhi,Mobile App
108051,41,129800,13.8,5470,11,31,20.3,75653.58,Hyderabad,Website
108909,51,99100,19.5,4180,26,27,2.8,81582.73,Chennai,Website
104736,28,103500,8,2030,34,8,32.5,16192.68,Pune,Website
104497,37,82200,9.9,1940,54,11,47.2,19070.07,Bengaluru,Mobile App
101219,39,48700,4.4,980,130,4,76.8,4322.7,Chennai,Marketplace
106016,40,94200,7.7,1710,49,13,50.6,13131.65,Chennai,Mobile App
103988,40,68200,8.8,1790,62,13,44,15631.51,Pune,Website
104912,29,89100,7.4,1410,52,13,35.9,10446.98,Chennai,Marketplace
104494,35,77700,7.9,2250,48,12,36.1,17820.6,Chennai,Website
106945,42,135600,18.5,4840,9,34,21.2,89684.9,Delhi,Website
105700,34,59000,9.5,2120,56,13,53.1,20109.29,Chennai,Mobile App
108353,48,111400,16.6,3580,21,18,29.2,59224.97,Bengaluru,Website
100957,34,58100,3.9,770,136,6,62.2,3030.71,Hyderabad,Marketplace
102870,38,53000,4.9,810,61,7,68.1,3980.67,Mumbai,Marketplace
104434,33,55900,10.3,2110,50,14,44.9,21690.08,Delhi,Website
104974,27,75300,8.8,1730,52,15,59.4,15216.36,Bengaluru,Website
102962,46,43800,3.8,900,130,8,70.2,3412.18,Delhi,Marketplace
102201,47,43600,2.4,760,106,6,76.8,1809.81,Hyderabad,Mobile App
100099,41,54500,4.2,910,134,6,56.7,3790.99,Mumbai,Mobile App
108894,42,104600,16.1,4520,17,21,18.2,72978.08,Bengaluru,Marketplace
102558,50,47000,3.5,820,57,7,67.7,2860.82,Bengaluru,Website
108446,54,126600,16.4,4950,24,17,20.3,81382.08,Pune,Website
104200,33,113100,7.9,1150,36,9,40.8,9113.6,Chennai,Website
105540,41,90200,6.8,1940,47,13,47.4,13254.34,Bengaluru,Website
101649,38,50300,3,730,137,4,71.1,2233.01,Pune,Website
106198,33,93100,8.8,1530,31,11,59.1,13455.79,Delhi,Website
106296,35,90100,8.6,1700,58,16,48.4,14499.88,Delhi,Website
104500,50,78500,6.8,1090,59,12,39.8,7439.85,Delhi,Mobile App
101155,40,47900,3.7,630,104,7,78.1,2344.04,Hyderabad,Website
102256,32,52500,3,900,171,7,67,2675.71,Bengaluru,Marketplace
103171,39,82000,8.1,2220,41,12,35,17849.54,Chennai,Mobile App
107401,43,138700,14.6,3190,17,20,20.1,46439.86,Delhi,Mobile App
107159,28,176500,15,4160,19,29,13.9,62379.44,Hyderabad,Website
103109,29,69700,9.7,1840,55,12,61.7,17929.51,Mumbai,Mobile App
104549,33,73100,9.9,1630,34,12,61.8,16176.22,Chennai,Marketplace
105424,36,88700,8.2,1840,33,9,42.7,15113.21,Mumbai,Website
102050,36,49400,3.4,680,89,4,55,2336.97,Chennai,Mobile App
108816,40,174800,15.8,3830,23,25,11.2,60574.69,Chennai,Website
108845,35,177400,15,4530,27,23,9,68041.93,Pune,Marketplace
100263,42,45900,3.4,740,164,6,72.4,2527.86,Bengaluru,Website
104062,27,70200,11.3,2070,70,16,44.2,23333.04,Pune,Website
105535,39,41800,7.7,1560,48,15,59.7,11962.39,Delhi,Mobile App
106617,,103400,19.5,4430,19,26,27.8,86516.94,Mumbai,Mobile App
108121,34,155900,14.1,5030,18,22,24.3,70758.99,Bengaluru,Mobile App
108156,49,163300,12.7,5520,13,22,27.1,70294.16,Hyderabad,Mobile App
101803,43,47500,3.1,650,83,6,78,2001.23,Hyderabad,Mobile App
104737,32,74700,8.3,1690,42,8,46.5,13999.2,Hyderabad,Website
102386,39,47200,4.2,830,106,6,72.9,3534.9,Mumbai,Mobile App
106695,42,143200,17.4,3400,24,22,19.7,59249.19,Chennai,Marketplace
105760,33,85000,11.3,1610,59,11,48.6,18168.43,Chennai,Website
101960,32,42900,3.2,570,136,5,65.8,1798.06,Bengaluru,Website
102977,50,47900,3.5,770,105,7,80.8,2677.66,Chennai,Marketplace
108681,37,132500,20.1,3380,12,19,22.8,67845.31,Pune,Website
101844,41,55000,4.2,690,139,5,74,2903.29,Pune,Marketplace
101735,42,51700,3.2,670,96,7,72,2167.73,Chennai,Website
102912,39,62600,3.5,880,139,5,81,3115.02,Chennai,Website
108339,39,135000,15.7,4150,20,20,24.5,65050.36,Bengaluru,Mobile App
101987,46,41100,3.4,940,169,4,68.3,3190.8,Delhi,Mobile App
106547,37,143200,12.7,3950,11,25,17.6,50243.5,Mumbai,Marketplace
107099,33,145900,14.9,3960,20,20,11.5,58814.19,Delhi,Mobile App
102812,42,46500,3.5,590,35,5,65.1,2052.62,Mumbai,Website
100660,43,60300,4.3,1130,84,7,66.7,4879.29,Pune,Mobile App
102512,41,35200,3.2,800,116,8,74.6,2566.14,Hyderabad,Marketplace
104283,,107100,7,1540,60,18,37.5,10757.12,Mumbai,Website
108801,38,148700,15.3,3830,27,25,22.7,58555.08,Mumbai,Marketplace
106288,42,87400,11.1,1860,57,12,47.1,20520.53,Mumbai,Mobile App
101931,34,50900,3.5,810,119,6,68,2850.33,Bengaluru,Website
107126,46,135800,20,3840,18,28,13.9,76897.82,Delhi,Website
100198,40,42000,3.4,770,94,5,68.2,2659.92,Chennai,Marketplace
107778,33,121800,17.5,2990,27,33,21.8,52179.99,Delhi,Marketplace
102932,28,51400,2.9,520,140,7,71.2,1512.25,Chennai,Mobile App
108005,30,140500,13.6,4990,15,21,21.5,67941.28,Mumbai,Website
102328,46,45400,2.5,970,86,7,62,2415.48,Pune,Marketplace
104390,33,90700,7.3,1830,45,13,44.4,13421.65,Chennai,Website
104219,37,,7.2,1930,55,17,44.2,13888.41,Mumbai,Mobile App
100203,35,53000,4.6,790,95,5,69.5,3663.9,Bengaluru,Mobile App
103511,36,64900,7.5,1950,62,12,53.8,14654.27,Bengaluru,Marketplace
104932,36,80300,8.6,1770,51,13,40.3,15287.77,Delhi,Mobile App
105536,29,83100,10.3,2040,70,9,51.2,21097.84,Pune,Mobile App
105792,38,89300,7.7,1760,49,15,43.4,13524.12,Mumbai,Mobile App
101708,38,49000,3.2,810,84,6,60.8,2584.77,Delhi,Marketplace
105173,32,99500,7,1790,43,15,37.4,12538.64,Hyderabad,Website
105250,46,82600,5.6,1680,64,15,42,9458.73,Bengaluru,Marketplace
106529,33,148500,17,3840,21,28,13,65196.65,Delhi,Website
108893,45,111300,17.3,4020,23,30,23.2,69586.21,Delhi,Mobile App
105856,28,96900,8.4,2340,46,10,39.7,19808.51,Chennai,Marketplace
108165,44,145000,15.9,4120,19,21,28.9,65587.4,Pune,Marketplace
100855,31,59200,4.2,820,122,6,78.8,3400.46,Mumbai,Marketplace
104738,37,75500,5,1370,49,16,50.7,6905.95,Delhi,Marketplace
100699,35,59300,3,720,38,7,82.3,2184.07,Hyderabad,Mobile App
103697,39,90400,8,1750,55,11,43.2,14008.48,Mumbai,Marketplace
101637,34,56700,3.9,630,154,6,76.2,2450.23,Bengaluru,Website
107281,36,149000,19.2,4800,21,27,29.7,92297.13,Hyderabad,Mobile App
107555,47,153100,17,5020,17,19,21.2,85509.14,Delhi,Website
103582,28,75200,9.5,1460,40,15,60,13794.33,Delhi,Website
101292,41,46700,3.7,1040,60,5,66.4,3866.18,Chennai,Mobile App
106586,45,168800,16.1,4140,23,20,19.4,66691.11,Bengaluru,Marketplace
101854,30,62400,3.7,660,157,7,73.7,2454.96,Chennai,Mobile App
105233,44,82600,8.9,2010,41,16,50.1,17918.95,Delhi,Website
103764,39,59400,8.2,2080,60,16,44.8,16959.22,Bengaluru,Mobile App
103305,42,102500,11.3,1030,35,12,56.3,11634.52,Delhi,Marketplace
101496,36,46200,2.5,980,146,4,71.7,2489.26,Pune,Website
107995,43,165400,11.8,4830,7,24,27.8,57089.65,Chennai,Marketplace
101999,43,61300,4,860,115,5,83.5,3410.03,Delhi,Website
100664,45,43600,4.4,850,121,6,69.3,3711.09,Hyderabad,Website
103749,26,99300,8.3,1520,22,10,41.1,12685.61,Hyderabad,Mobile App
104414,32,89500,6.5,1860,58,14,25.7,12134.91,Hyderabad,Mobile App
105531,21,86000,8.7,2060,50,14,42.7,18000.58,Delhi,Website
105576,44,90200,8.4,2360,48,13,45.8,19860.46,Hyderabad,Website
107527,37,124900,13.2,3710,19,31,21.2,48767.76,Pune,Mobile App
105865,25,66900,9.9,2160,50,16,38.1,21394.64,Pune,Marketplace
106777,40,163400,17.7,3370,15,24,29.9,59496.3,Bengaluru,Website
101307,32,56600,2.3,1050,100,6,64.8,2449.15,Chennai,Marketplace
107393,40,131100,14.9,4100,19,27,18.3,61275.15,Delhi,Marketplace
105593,38,74900,6.2,1570,60,17,35,9720.68,Chennai,Website
101664,32,51600,4.1,720,131,6,73.6,2937.93,Pune,Marketplace
105451,36,83800,8.8,1960,44,8,30.2,17324.41,Bengaluru,Mobile App
103628,33,95800,11.6,1410,67,14,45.5,16339.66,Chennai,Marketplace
102694,44,54800,2.8,630,177,8,78.2,1800.95,Chennai,Mobile App
105916,34,85800,7.9,1920,64,15,45.8,15255.99,Chennai,Marketplace
103158,42,96700,11.3,1820,37,15,65.2,20557.74,Delhi,Website
106669,32,151000,10.8,4990,5,29,15.4,53694.45,Bengaluru,Marketplace
101060,38,,2.8,900,87,8,75.3,2496.64,Mumbai,Marketplace
104637,39,85800,8.4,1860,30,11,35.9,15664.02,Delhi,Website
103243,40,83300,7.7,1990,44,15,39.1,15277.28,Bengaluru,Website
101679,33,54300,3.9,660,178,6,75.8,2616.93,Mumbai,Marketplace
106893,41,140200,16.9,3550,15,25,15.7,60215.92,Mumbai,Marketplace
106375,29,104100,8.8,1900,51,12,43.3,16849.95,Hyderabad,Mobile App
107575,43,151200,15.2,4890,17,27,24.5,74338.42,Pune,Marketplace
101758,36,44800,3.2,680,122,6,65.1,2168.54,Bengaluru,Marketplace
106020,33,70100,5.8,1990,47,11,40.6,11498.5,Mumbai,Marketplace
105117,36,91900,9.4,1880,33,12,37.5,17693.32,Mumbai,Mobile App
108756,48,165600,13.3,4600,17,26,39.7,61075.95,Pune,Marketplace
107409,33,149100,13.5,5540,19,25,33.5,74953.77,Bengaluru,Website
102791,43,53900,3.8,640,126,6,61,2407.78,Hyderabad,Mobile App
100864,30,44300,3.3,760,153,6,80.3,2537.92,Hyderabad,Mobile App
107859,44,109600,16.3,3750,21,14,18,61191.76,Delhi,Mobile App
101485,44,59000,2.9,700,109,8,68.7,2047.18,Delhi,Website
107036,48,161600,13.2,3030,15,27,21.1,40068.14,Bengaluru,Website
107722,31,164600,16.6,3940,12,22,11.2,65561.91,Chennai,Website
105978,35,97200,12.2,1670,58,16,51.2,20394.2,Mumbai,Marketplace
105135,33,69600,6.3,2170,57,15,51.7,13732.76,Hyderabad,Marketplace
100207,30,60100,3.2,700,56,5,68.4,2236.66,Hyderabad,Website
104489,35,113300,10.4,1440,60,11,42.2,14870.42,Hyderabad,Mobile App
106939,40,138500,9.5,4610,12,26,13,43806.48,Hyderabad,Marketplace
106911,39,,17.3,4660,21,26,33.5,80744.35,Bengaluru,Website
100503,43,53400,3.9,750,129,4,63.6,2933.04,Pune,Website
107386,36,142300,18.6,4650,17,24,20,86462.8,Bengaluru,Marketplace
101029,39,51400,3.9,660,96,6,62,2535.2,Pune,Website
103841,41,103100,8.1,1810,46,10,38.8,14706.42,Delhi,Marketplace
108111,35,157900,18.5,4160,7,23,10.8,77046.4,Chennai,Marketplace
105057,34,80300,11,1900,52,11,67.9,20985.23,Mumbai,Marketplace
108155,36,148600,21.8,3550,17,30,2.4,77213.47,Hyderabad,Website
102732,36,53600,4,850,176,6,70.5,3448.57,Pune,Mobile App
102455,39,49900,2.6,830,144,6,71.8,2137.37,Hyderabad,Marketplace
107216,40,180300,12.6,4730,13,24,20,59475.64,Pune,Marketplace
103105,34,90400,9.8,1500,70,13,37.1,14728.11,Pune,Marketplace
108393,42,177400,13.9,4130,16,32,31.6,57581.2,Bengaluru,Mobile App
106279,30,109600,9.9,2090,41,10,43.1,20730.09,Chennai,Website
103100,30,95100,9.8,1610,43,12,44.7,15783.67,Mumbai,Mobile App
106185,38,85400,7,2060,43,16,41.1,14422.88,Bengaluru,Website
103562,32,93300,9.3,2070,51,16,40.4,19226.57,Chennai,Website
105893,21,59100,10.9,2070,60,16,59.4,22677.14,Bengaluru,Mobile App
100392,37,35000,3.3,760,165,5,63.3,2492.08,Delhi,Mobile App
106737,43,193300,13.2,2780,25,26,18.8,36689.73,Mumbai,Marketplace
105619,37,86900,10.6,1530,52,8,50,16206.81,Delhi,Mobile App
105259,46,79600,10,1450,42,11,57.3,14456.38,Delhi,Marketplace
102696,44,52800,3.6,580,84,8,70.5,2087.37,Pune,Mobile App
102028,53,63700,3.1,610,96,5,61.9,1872.62,Hyderabad,Website
105464,45,74200,10.5,2000,39,16,43,20965.03,Pune,Website
102569,37,43500,3.3,490,102,5,74.5,1603.8,Delhi,Website
108007,44,131100,15.8,3380,21,22,17.8,53369.36,Bengaluru,Website
100065,34,43000,2.6,920,177,4,74.5,2414.72,Bengaluru,Website
102063,44,43700,2.6,990,174,4,80.3,2555.09,Pune,Website
105277,38,83700,8.3,1580,47,14,57.6,13149.58,Mumbai,Marketplace
107209,34,128000,11.3,3600,17,19,16.2,40635.42,Mumbai,Marketplace
108685,33,101200,16.6,5190,19,30,15,86086.28,Hyderabad,Marketplace
108572,39,147000,18,5590,29,23,4.7,100647.88,Delhi,Mobile App
106332,38,95300,9.7,1590,57,15,48,15412.9,Pune,Marketplace
104860,39,82800,10.3,1240,48,11,48.2,12766.47,Hyderabad,Mobile App
104888,40,62800,7.2,1990,53,11,47,14304.93,Mumbai,Mobile App
100879,43,37600,3.9,780,96,4,74.9,3069.41,Hyderabad,Mobile App
108530,39,186600,14.6,3660,14,31,24.1,53354.61,Hyderabad,Marketplace
107917,46,162200,14.3,4240,14,28,16.4,60454.82,Mumbai,Mobile App
106864,42,110900,16.8,4720,17,30,25.4,79016.05,Chennai,Marketplace
107893,40,178300,16.1,4750,26,29,23.6,76553.79,Delhi,Mobile App
106440,28,83700,10,1770,39,13,41.8,17687.62,Chennai,Marketplace
107870,51,144000,19.1,4830,11,29,31.5,92110.77,Delhi,Marketplace
101017,36,45600,4.3,720,62,5,60.1,3131.5,Delhi,Website
107630,47,134400,14.6,3890,25,20,16.6,56708.62,Mumbai,Mobile App
100996,32,54600,4.2,810,147,6,63.6,3414.19,Hyderabad,Mobile App
104298,37,47100,9.4,2120,33,12,28.2,20056.82,Delhi,Mobile App
100162,40,59900,2.8,760,156,6,88.6,2135.59,Mumbai,Marketplace
105676,30,78200,8.2,1680,57,11,34.2,13793.43,Chennai,Mobile App
106874,36,159400,15.9,4180,19,41,5.7,66544.42,Pune,Marketplace
107990,44,130600,12.8,4410,12,26,13.9,56576.46,Bengaluru,Mobile App
103844,41,114600,13.8,1380,48,14,38.9,18972.58,Pune,Website
101022,33,55100,3.7,780,136,7,68.8,2882.89,Bengaluru,Website
103074,41,103000,8.5,1800,50,14,46.4,15281.5,Chennai,Marketplace
107556,31,156900,13.2,4250,23,32,3.8,56005.2,Mumbai,Website
103944,36,86900,10.2,1550,47,18,46.3,15794.41,Pune,Website
101586,42,52300,2.8,820,150,4,66.9,2257.09,Chennai,Mobile App
103153,23,80800,6.5,1630,48,16,57,10685.79,Chennai,Mobile App
108227,32,150800,16.4,3750,14,21,22.9,61449.96,Mumbai,Mobile App
100776,32,47600,4.9,560,105,7,57.2,2730.36,Chennai,Mobile App
107100,43,136600,16.1,4170,26,23,24.5,67123.97,Chennai,Mobile App
105487,28,76200,7.8,1880,64,11,45.7,14659.58,Pune,Marketplace
106236,27,133300,7.3,2260,59,11,30.6,16527.78,Bengaluru,Marketplace
107042,45,160000,16,5220,8,24,31.7,83665.58,Pune,Mobile App
102613,43,55000,3.7,900,102,3,78.8,3285.83,Chennai,Website
107514,44,163600,16.4,3680,15,26,10.2,60233.1,Hyderabad,Marketplace
108434,47,167200,16.1,5060,21,26,8,81235.92,Bengaluru,Website
108793,40,109200,18.4,3870,24,19,23.2,71100.58,Bengaluru,Mobile App
105394,33,90700,7.4,1650,56,9,43.5,12227.06,Delhi,Website
108839,49,104600,18.6,4350,16,20,11.1,80948.48,Delhi,Marketplace
103891,34,103400,10.7,1840,50,11,37.7,19702.49,Mumbai,Mobile App
103557,21,82000,8.8,1790,59,12,45.8,15853.22,Bengaluru,Marketplace
101529,40,48500,3.6,1040,130,6,62.7,3722.47,Delhi,Website
101268,40,53200,3.4,890,95,4,88.2,3040.18,Delhi,Mobile App
107735,44,155700,17.1,4210,13,20,20.9,71917.42,Pune,Website
101900,37,55600,2.5,720,103,7,69.3,1809.57,Delhi,Marketplace
104659,32,97400,8.3,1800,42,14,37,14897.57,Delhi,Mobile App
103006,36,92900,8.5,1550,64,13,41.2,13205.6,Pune,Mobile App
102735,40,51800,3.6,870,105,6,76.5,3124.88,Chennai,Website
100190,46,42500,3.6,920,77,4,57.8,3347.94,Delhi,Mobile App
102748,41,52300,2.6,920,97,8,64.2,2378.52,Mumbai,Mobile App
102048,43,49000,3.9,810,149,5,72.2,3163.78,Hyderabad,Marketplace
107850,44,93600,23.2,3880,11,23,27.2,89929.9,Bengaluru,Mobile App
102559,31,60800,3.7,790,112,6,72.1,2967.06,Hyderabad,Marketplace
108667,37,152400,18.3,4760,11,23,17.4,87228.86,Chennai,Website
106397,31,94900,9.1,1940,35,12,49.7,17558.03,Chennai,Website
103386,29,63000,7.3,1540,13,9,36.5,11264.49,Chennai,Marketplace
104556,38,70600,8.3,2150,54,14,37.2,17892.18,Mumbai,Marketplace
101185,41,53000,3.9,670,172,5,77.7,2590.62,Delhi,Marketplace
106421,25,,6.5,1780,50,17,58.3,11592.93,Chennai,Marketplace
105052,41,100200,9.4,1610,48,10,29.3,15176.33,Pune,Marketplace
105312,29,92100,6.1,1700,61,11,47.6,10360.99,Bengaluru,Website
102434,36,45600,3.6,800,124,5,67.4,2845.09,Delhi,Marketplace
106950,40,107000,17.3,4210,25,34,16.9,72856.93,Delhi,Website
100770,34,47000,3.6,910,82,4,82.6,3272.81,Pune,Marketplace
101686,40,59400,3.3,510,138,5,68.5,1651.35,Delhi,Website
108323,34,,18.7,5040,18,33,36.5,94129.65,Pune,Website
105579,25,88000,10.5,1640,64,14,43.8,17274.39,Mumbai,Mobile App
104427,34,87900,11.1,1630,52,14,48.3,18036.89,Pune,Website
100467,34,48500,3.4,930,171,4,55.7,3183.89,Mumbai,Website
106266,37,95300,8.4,1940,53,12,48.9,16239.51,Hyderabad,Mobile App
105735,34,79300,6.9,1790,42,14,58.8,12443.82,Bengaluru,Website
105192,26,88300,9.4,1790,53,9,43.1,16833.9,Bengaluru,Website
105391,26,93700,7.4,1530,42,11,55.6,11340.72,Delhi,Marketplace
100861,36,46600,4,900,177,5,43.2,3615.18,Mumbai,Mobile App
107271,40,158000,18.3,3670,14,26,23,67090.96,Bengaluru,Mobile App
