Application id,income,age,employment,loan amount,previous default,debt,credit history,creditworthiness
APP00001,51944,59,Employed,35714,No,11202,Good,Yes
APP00002,26940,49,Self-Employed,85943,Yes,39104,Good,No
APP00003,39305,35,Employed,84884,No,41397,Good,Yes
APP00004,74354,63,Employed,14945,Yes,13538,Good,Yes
APP00005,129866,28,Employed,95234,No,14771,Good,Yes
APP00006,57424,41,Employed,22333,Yes,3318,Good,Yes
APP00007,69537,59,Employed,44364,Yes,3398,Poor,No
APP00008,92108,39,Unemployed,25440,No,29332,Poor,No
APP00009,41656,43,Self-Employed,86732,No,12586,Average,Yes
APP00010,70768,31,Employed,76193,No,73608,Good,Yes
APP00011,42997,31,Employed,38585,No,16754,Poor,No
APP00012,88545,44,Employed,69778,No,6211,Poor,Yes
APP00013,64230,56,,22515,No,32929,Poor,Yes
APP00014,68624,60,Unemployed,41318,No,16205,Average,Yes
APP00015,42190,44,,40825,No,5880,Good,Yes
APP00016,82476,23,Self-Employed,27604,No,60465,Good,Yes
APP00017,153311,42,,88250,No,45011,Poor,Yes
APP00018,38122,22,Employed,69490,No,5504,Good,Yes
APP00019,51493,44,Unemployed,31594,No,37973,Good,Yes
APP00020,66591,64,Employed,28001,No,4068,Good,Yes
APP00021,85475,50,Employed,6706,No,28991,Good,Yes
APP00022,46644,58,Employed,37925,No,29700,Poor,Yes
APP00023,18000,22,Employed,55043,No,66016,Good,Yes
APP00024,110607,41,Employed,31383,No,59088,Good,Yes
APP00025,84485,53,Unemployed,71544,No,71859,Poor,No
APP00026,27386,32,Employed,44116,Yes,12101,Good,Yes
APP00027,45647,42,Self-Employed,35050,No,43167,Poor,No
APP00028,121514,64,Employed,94210,No,2595,Good,Yes
APP00029,115106,45,Employed,29966,No,66216,Average,Yes
APP00030,91536,47,Unemployed,42834,No,29960,Good,Yes
APP00031,55429,62,Employed,41318,Yes,6475,Good,Yes
APP00032,62283,48,Employed,27914,No,26648,Good,Yes
APP00033,56567,36,,25660,No,23666,Poor,Yes
APP00034,99689,35,Employed,33726,No,61514,Good,Yes
APP00035,40456,64,Employed,87102,No,11002,Good,Yes
APP00036,41751,23,Self-Employed,77873,No,44906,Poor,No
APP00037,94535,57,Unemployed,69695,No,63720,Good,Yes
APP00038,58814,27,Employed,48425,No,59424,Average,No
APP00039,111570,41,Self-Employed,53237,No,74937,Average,No
APP00040,44352,29,,30378,No,1050,Good,Yes
APP00041,58539,59,Self-Employed,12060,Yes,28950,Good,Yes
APP00042,39617,38,Employed,36449,No,30197,Poor,No
APP00043,60199,24,Employed,52080,No,3631,Good,Yes
APP00044,,45,Employed,10445,No,65564,Good,Yes
APP00045,48178,34,Employed,13382,Yes,55422,Average,No
APP00046,31438,29,Employed,29987,No,42719,Good,Yes
APP00047,81991,46,,39873,No,32996,Average,Yes
APP00048,,22,Employed,42365,No,71738,Good,Yes
APP00049,27542,40,Employed,16199,No,21893,Poor,Yes
APP00050,109354,48,Employed,26453,No,27429,Good,Yes
APP00051,184598,27,Employed,29856,No,76258,Good,Yes
APP00052,61255,64,Self-Employed,11425,Yes,6105,Average,No
APP00053,44963,28,Employed,35979,No,62668,Good,Yes
APP00054,,55,Self-Employed,11861,No,57727,Good,Yes
APP00055,33142,34,Unemployed,71828,No,72249,Average,No
APP00056,60545,37,Self-Employed,41675,No,8155,Average,Yes
APP00057,65051,56,Self-Employed,36041,No,77665,Good,Yes
APP00058,109910,60,Unemployed,17020,No,3278,Good,Yes
APP00059,70543,24,Employed,26518,No,27679,Average,Yes
APP00060,47940,22,Unemployed,27107,Yes,7701,Good,No
APP00061,39107,26,Self-Employed,98594,No,5043,Poor,No
APP00062,51446,62,Self-Employed,84358,No,77213,Good,No
APP00063,38139,24,Employed,6450,No,57854,Average,Yes
APP00064,61305,49,Employed,63599,No,40949,Good,Yes
APP00065,46547,38,Employed,29311,No,9547,Good,Yes
APP00066,30631,46,Employed,14916,No,42556,Good,Yes
APP00067,105547,64,Self-Employed,72032,No,26284,Good,Yes
APP00068,47961,54,Employed,17503,No,22455,Good,Yes
APP00069,33909,30,Employed,47155,No,49830,Good,Yes
APP00070,55625,56,Employed,65056,No,63483,Poor,Yes
APP00071,61875,34,Employed,57677,No,36017,Good,Yes
APP00072,27342,,Employed,97875,No,39971,Poor,No
APP00073,69657,35,Employed,79646,No,52463,Good,Yes
APP00074,37454,28,Employed,78548,No,10846,Average,Yes
APP00075,129581,34,Employed,38782,Yes,66460,Poor,No
APP00076,,43,Employed,5798,No,67118,Poor,No
APP00077,50118,60,Unemployed,74769,Yes,43743,Good,No
APP00078,42906,41,Self-Employed,99975,No,15817,Average,No
APP00079,57232,36,Self-Employed,43559,No,40560,Good,Yes
APP00080,79052,65,Employed,98624,No,9369,Good,Yes
APP00081,59316,38,Employed,18462,No,61300,Average,Yes
APP00082,54414,44,Employed,33169,No,25581,Good,Yes
APP00083,61597,46,Unemployed,21219,No,25576,Good,Yes
APP00084,45723,45,Self-Employed,50142,No,75659,Good,Yes
APP00085,51414,65,Employed,80713,No,34327,Good,Yes
APP00086,23470,61,Self-Employed,37363,No,63376,Good,Yes
APP00087,92993,49,Employed,91092,No,51336,Poor,No
APP00088,68635,35,Employed,56759,No,25978,Good,Yes
APP00089,42364,65,Self-Employed,49215,No,10779,Average,Yes
APP00090,141002,21,Employed,79768,Yes,64022,Average,No
APP00091,62396,45,,14637,No,61238,Good,Yes
APP00092,37640,27,Self-Employed,78506,No,14364,Average,Yes
APP00093,88224,29,Employed,28080,No,20680,Average,Yes
APP00094,71770,44,Employed,31677,No,61533,Good,Yes
APP00095,71658,21,Unemployed,61948,No,78707,Good,No
APP00096,49539,64,Employed,90684,Yes,67648,Poor,No
APP00097,73484,28,Employed,59949,Yes,55048,Poor,No
APP00098,53333,44,Employed,66650,No,73319,Average,No
APP00099,77055,,Employed,78776,No,23534,Good,Yes
APP00100,25460,37,Employed,29636,No,1763,Good,Yes
APP00101,49358,28,Employed,83587,No,26356,Good,Yes
APP00102,130232,55,Employed,44706,No,77783,Average,Yes
APP00103,42486,55,Employed,21687,No,70676,Average,Yes
APP00104,45724,53,Self-Employed,38261,No,4978,Good,Yes
APP00105,49046,25,Self-Employed,28382,No,40655,Average,Yes
APP00106,34733,62,Self-Employed,26728,No,7242,Good,Yes
APP00107,22212,59,Employed,31844,No,63333,Average,Yes
APP00108,54086,61,Employed,22188,No,30437,Good,Yes
APP00109,63783,48,Self-Employed,68432,No,73044,Average,No
APP00110,58599,27,Employed,60099,No,5302,Good,Yes
APP00111,56213,29,Employed,66602,Yes,58986,Good,No
APP00112,61173,28,Self-Employed,37654,No,32550,Good,Yes
APP00113,95071,32,Employed,78125,No,22190,Poor,No
APP00114,55072,54,Employed,17313,Yes,41878,Average,No
APP00115,46340,53,Self-Employed,59258,No,39353,Good,Yes
APP00116,52870,43,Unemployed,31168,No,28556,Average,Yes
APP00117,77871,44,Employed,55123,No,52260,Average,Yes
APP00118,,57,Employed,35746,No,53244,Average,Yes
APP00119,45226,55,Employed,80099,No,7094,Good,Yes
APP00120,,64,Self-Employed,89671,No,48038,Good,Yes
APP00121,69868,60,Employed,75545,No,57148,Good,Yes
APP00122,38386,42,Employed,21680,No,6995,Good,Yes
APP00123,60554,47,Unemployed,31112,No,53071,Average,No
APP00124,31025,55,,92339,No,64514,Good,No
APP00125,27066,21,Unemployed,46536,No,66724,Good,No
APP00126,70766,55,Unemployed,94412,No,4290,Good,Yes
APP00127,50481,57,Employed,42283,No,56096,Good,Yes
APP00128,65718,34,Self-Employed,95419,No,63961,Poor,No
APP00129,59519,23,Employed,92945,No,32349,Poor,No
APP00130,38666,21,Self-Employed,67750,Yes,43884,Good,No
APP00131,58790,25,Self-Employed,5839,No,21944,Average,Yes
APP00132,34448,46,Employed,43032,Yes,25509,Good,Yes
APP00133,112200,34,Self-Employed,91567,No,40628,Average,Yes
APP00134,32595,59,Self-Employed,89085,No,12940,Good,Yes
APP00135,54940,47,Employed,22802,No,30271,Good,Yes
APP00136,37537,29,Employed,42922,No,24813,Poor,No
APP00137,77559,35,Employed,84373,Yes,19822,Poor,No
APP00138,51687,35,Employed,59898,No,39227,Good,Yes
APP00139,47510,46,Unemployed,85493,No,67256,Poor,No
APP00140,88084,62,Self-Employed,83524,Yes,20139,Average,No
APP00141,60800,33,Employed,91211,No,53119,Good,Yes
APP00142,75704,52,Employed,16136,No,21081,Good,Yes
APP00143,,59,Employed,18795,No,12225,Good,Yes
APP00144,31886,52,Employed,12867,No,75522,Average,Yes
APP00145,62966,24,Employed,93851,No,51026,Poor,No
APP00146,51980,50,Employed,50140,Yes,9263,Good,Yes
APP00147,,57,Employed,11111,No,50979,Average,Yes
APP00148,57881,43,Unemployed,35545,No,14931,Average,No
APP00149,65801,59,Employed,38384,No,71136,Good,Yes
APP00150,28899,65,Employed,81908,No,20550,Good,Yes
APP00151,140350,35,Employed,74870,No,64737,Good,Yes
APP00152,55725,63,Unemployed,70492,No,16736,Good,Yes
APP00153,82126,49,Self-Employed,7077,No,45105,Poor,Yes
APP00154,41186,56,Self-Employed,91516,No,73074,Good,No
APP00155,,33,Employed,25478,No,24384,Good,Yes
APP00156,33384,52,Employed,64761,No,7430,Average,Yes
APP00157,73536,27,Employed,10873,No,44655,Good,Yes
APP00158,51119,42,Employed,12745,No,14614,Good,Yes
APP00159,60793,48,Self-Employed,5910,No,58539,Good,Yes
APP00160,82141,22,Unemployed,58763,Yes,47675,Good,No
APP00161,34457,62,Employed,64791,No,28364,Average,Yes
APP00162,44094,65,Employed,9794,No,56747,Good,Yes
APP00163,73710,26,Self-Employed,32596,Yes,19844,Average,No
APP00164,154245,48,,85888,No,73446,Good,Yes
APP00165,56385,48,Employed,14624,No,28404,Good,Yes
APP00166,78285,64,Self-Employed,25572,No,61274,Good,Yes
APP00167,57180,64,Employed,45317,No,21423,Poor,Yes
APP00168,143790,40,Self-Employed,85016,Yes,57471,Good,No
APP00169,27333,50,Employed,29211,No,3491,Good,Yes
APP00170,62610,31,Self-Employed,99728,No,24346,Average,No
APP00171,28871,48,Self-Employed,38750,No,8338,Good,Yes
APP00172,19422,45,Self-Employed,41713,No,36646,Good,Yes
APP00173,68594,59,Employed,16600,No,35374,Good,Yes
APP00174,63887,53,Employed,69619,Yes,29362,Average,No
APP00175,52782,21,Employed,28129,No,78512,Poor,No
APP00176,57200,47,Employed,64742,No,20283,Good,Yes
APP00177,241913,33,Self-Employed,26200,No,63493,Good,Yes
APP00178,53419,61,Employed,41848,No,36348,Good,Yes
APP00179,75482,23,Self-Employed,86384,No,27450,Average,No
APP00180,44797,59,,75196,Yes,17074,Good,Yes
APP00181,68525,26,Employed,19686,No,51039,Good,Yes
APP00182,53900,28,Self-Employed,62732,No,27361,Average,Yes
APP00183,49880,47,Employed,64721,No,65221,Good,Yes
APP00184,136026,29,Self-Employed,13604,No,77509,Good,Yes
APP00185,101909,57,Employed,49252,No,18943,Poor,Yes
APP00186,63808,53,Unemployed,29763,No,11165,Poor,No
APP00187,21273,62,Employed,49377,No,25926,Good,Yes
APP00188,51003,64,,78822,No,37902,Good,Yes
APP00189,202493,44,Employed,20035,No,24776,Good,Yes
APP00190,54084,35,Employed,16714,No,77667,Good,Yes
APP00191,98573,52,Unemployed,30585,No,62557,Poor,No
APP00192,114803,52,Self-Employed,95466,No,77325,Average,No
APP00193,66213,,Employed,76043,No,30486,Average,Yes
APP00194,41080,61,Employed,6848,No,25069,Good,Yes
APP00195,20055,32,Employed,43095,No,33182,Good,Yes
APP00196,81632,59,Employed,29453,Yes,42304,Good,Yes
APP00197,41584,22,Self-Employed,65624,Yes,59583,Good,No
APP00198,64950,23,Employed,48633,No,70607,Good,Yes
APP00199,34190,57,Employed,96627,No,37591,Good,Yes
APP00200,53249,37,Employed,25803,No,23845,Good,Yes
APP00201,60917,22,Employed,60846,No,26189,Good,Yes
APP00202,67708,22,,71520,No,56059,Good,Yes
APP00203,36331,48,Unemployed,83429,No,45837,Good,No
APP00204,102817,43,Employed,43662,No,39433,Good,Yes
APP00205,45867,57,Self-Employed,70258,No,17019,Good,Yes
APP00206,28243,52,Employed,33804,No,70161,Good,Yes
APP00207,57127,53,Employed,46370,Yes,62701,Poor,No
APP00208,60935,21,Employed,90085,No,12110,Good,Yes
APP00209,64496,39,Employed,95241,No,30024,Average,No
APP00210,110753,22,Employed,73288,No,43828,Poor,No
APP00211,53944,64,Employed,40563,No,36893,Good,Yes
APP00212,56856,46,Self-Employed,82905,No,32426,Good,Yes
APP00213,36522,52,Self-Employed,7457,No,57788,Good,Yes
APP00214,86799,26,Unemployed,14761,No,5306,Good,Yes
APP00215,65189,52,Employed,67831,No,38241,Good,Yes
APP00216,49667,,Employed,32669,No,21712,Average,Yes
APP00217,25463,31,Employed,95382,No,7685,Good,Yes
APP00218,114931,37,Employed,46426,No,37726,Poor,Yes
APP00219,34532,58,Employed,45790,No,14538,Average,Yes
APP00220,45983,44,Employed,69418,No,21400,Good,Yes
APP00221,70499,25,Employed,77919,No,41054,Good,Yes
APP00222,35019,54,Employed,50178,No,77923,Good,Yes
APP00223,30639,26,Employed,25330,No,55056,Good,Yes
APP00224,23071,,Employed,78464,No,23090,Good,Yes
APP00225,82996,31,Employed,35433,No,31210,Average,Yes
APP00226,46947,36,Employed,21636,No,33085,Good,Yes
APP00227,223993,,Self-Employed,65006,No,13137,Good,Yes
APP00228,38355,29,Employed,13593,No,13692,Average,Yes
APP00229,39634,26,Self-Employed,97279,Yes,12723,Good,No
APP00230,46522,36,Employed,65078,No,42211,Good,Yes
APP00231,66937,49,Employed,98660,Yes,54261,Good,No
APP00232,48558,23,,37195,No,47667,Good,Yes
APP00233,79035,40,Employed,97264,No,78244,Average,No
APP00234,38628,56,Employed,18828,No,10944,Poor,Yes
APP00235,,39,Self-Employed,8866,No,78931,Good,Yes
APP00236,26713,46,Employed,8133,No,37867,Good,Yes
APP00237,22059,23,Employed,49163,No,18272,Good,Yes
APP00238,47523,39,Self-Employed,12885,No,75519,Average,No
APP00239,52400,40,Self-Employed,53656,No,38020,Average,Yes
APP00240,45159,52,Employed,36113,No,28440,Good,Yes
APP00241,104991,27,Employed,36885,No,17891,Good,Yes
APP00242,104267,61,,65383,No,22162,Poor,No
APP00243,51608,53,Employed,20494,No,78358,Good,Yes
APP00244,26765,60,Employed,77823,No,25014,Average,No
APP00245,46494,59,Employed,60293,No,78247,Average,Yes
APP00246,45806,38,Unemployed,91920,No,27087,Good,No
APP00247,44640,60,Employed,39660,No,19282,Average,Yes
APP00248,43832,21,Self-Employed,98358,No,15486,Good,Yes
APP00249,44714,31,Employed,59704,No,33537,Poor,No
APP00250,50421,48,Employed,97473,Yes,19708,Good,No
APP00251,45076,45,Self-Employed,7571,No,56058,Good,Yes
APP00252,65897,43,Unemployed,74158,No,19942,Good,Yes
APP00253,70563,51,Employed,82579,No,66996,Average,No
APP00254,39827,50,Employed,10051,No,66887,Good,Yes
APP00255,106306,62,Unemployed,60002,No,23557,Good,Yes
APP00256,38602,55,Employed,81185,No,60530,Good,Yes
APP00257,28972,27,Employed,58299,No,68746,Good,Yes
APP00258,71214,36,Employed,11062,No,47620,Average,Yes
APP00259,41534,46,Self-Employed,70877,No,29940,Good,Yes
APP00260,69333,22,Self-Employed,10757,No,35836,Average,Yes
APP00261,20342,21,Unemployed,82660,Yes,63112,Average,No
APP00262,112275,32,Employed,9088,No,24172,Poor,Yes
APP00263,81197,25,Employed,18053,Yes,27423,Average,No
APP00264,30543,57,Employed,31135,Yes,13702,Good,Yes
APP00265,30843,52,Employed,65170,No,32525,Good,Yes
APP00266,127340,29,Employed,97754,Yes,7835,Poor,No
APP00267,43057,61,Employed,16193,Yes,26362,Poor,No
APP00268,41222,55,Employed,18557,No,30505,Good,Yes
APP00269,21642,39,Employed,40043,Yes,21183,Poor,No
APP00270,51239,36,Self-Employed,84441,No,9007,Average,Yes
APP00271,54156,23,Self-Employed,49387,No,42212,Poor,No
APP00272,82791,40,Employed,35553,No,69341,Average,Yes
APP00273,31969,44,Employed,58314,No,27516,Poor,No
APP00274,30272,53,Employed,29750,No,19707,Poor,Yes
APP00275,73499,44,Self-Employed,43110,Yes,23518,Good,No
APP00276,94384,31,Employed,36597,Yes,69089,Poor,No
APP00277,29587,28,Self-Employed,81393,No,42697,Good,No
APP00278,97614,56,Employed,92804,No,11332,Good,Yes
APP00279,61022,58,Employed,77159,Yes,57029,Average,No
APP00280,98068,60,Self-Employed,46713,No,13195,Average,Yes
APP00281,58134,40,Employed,52912,Yes,5759,Poor,No
APP00282,19285,55,Employed,16882,No,21199,Good,Yes
APP00283,56034,45,Employed,75952,Yes,14279,Good,Yes
APP00284,,55,Employed,61665,No,48795,Good,Yes
APP00285,40131,45,Employed,90732,Yes,39281,Good,No
APP00286,50388,49,,24058,Yes,58201,Average,No
APP00287,55428,38,Self-Employed,77174,Yes,41414,Good,No
APP00288,18000,38,Self-Employed,70044,No,34101,Good,Yes
APP00289,127288,22,Self-Employed,30255,Yes,42571,Good,No
APP00290,39994,55,Employed,68401,No,35324,Average,Yes
APP00291,75334,36,Employed,92815,No,3930,Good,Yes
APP00292,57704,61,Employed,92251,No,54775,Average,Yes
APP00293,105665,56,Employed,73365,No,77008,Good,Yes
APP00294,72029,53,,9567,Yes,34341,Good,Yes
APP00295,53981,24,Unemployed,87865,No,34475,Poor,No
APP00296,40136,53,Employed,67489,Yes,4616,Good,Yes
APP00297,85917,34,Unemployed,34491,No,71340,Good,No
APP00298,25824,41,Employed,22789,No,74401,Average,Yes
APP00299,80238,40,Employed,16039,Yes,65238,Average,No
APP00300,36590,28,Employed,9773,No,9401,Average,Yes
APP00301,105412,27,Employed,76640,No,72118,Average,No
APP00302,64517,,Employed,27405,No,2892,Good,Yes
APP00303,80174,37,Self-Employed,7304,No,36121,Good,Yes
APP00304,62255,53,Self-Employed,42741,No,40549,Good,Yes
APP00305,27270,32,Employed,50848,No,66886,Poor,No
APP00306,40732,42,Employed,21077,Yes,60318,Poor,No
APP00307,81200,42,,9185,No,63971,Good,Yes
APP00308,64673,50,Self-Employed,22967,No,69564,Good,Yes
APP00309,102083,58,Employed,69515,No,38610,Good,Yes
APP00310,71939,58,Self-Employed,12813,No,62640,Average,Yes
APP00311,38835,65,Employed,57729,No,6375,Good,Yes
APP00312,41935,28,Employed,18909,No,36119,Average,Yes
APP00313,62844,47,Employed,23590,No,3380,Poor,Yes
APP00314,21179,47,Employed,42342,Yes,73310,Poor,No
APP00315,127408,54,Employed,14578,No,76715,Good,Yes
APP00316,,41,Employed,21454,No,7631,Poor,Yes
APP00317,104221,50,Self-Employed,38150,No,43078,Average,Yes
APP00318,29461,53,Unemployed,36319,No,26686,Good,Yes
APP00319,105046,48,Unemployed,76181,No,28060,Good,Yes
APP00320,163779,53,Employed,12104,No,36605,Average,Yes
APP00321,33114,25,Employed,86743,No,10880,Poor,No
APP00322,84900,39,Employed,82542,No,15281,Good,Yes
APP00323,60030,24,Self-Employed,77769,No,46612,Good,Yes
APP00324,29945,55,Employed,34390,Yes,2482,Good,Yes
APP00325,74899,37,Employed,83174,Yes,48384,Poor,No
APP00326,87310,64,Employed,22366,No,26194,Poor,Yes
APP00327,45780,48,Employed,16819,No,66744,Good,Yes
APP00328,101393,50,Employed,9271,No,48401,Good,Yes
APP00329,28341,49,Self-Employed,94234,No,56939,Poor,No
APP00330,30622,26,Employed,34261,No,10040,Average,Yes
APP00331,63804,55,Employed,92174,No,22003,Poor,Yes
APP00332,60689,61,Employed,30898,No,79737,Poor,No
APP00333,43462,57,Employed,91219,No,35259,Good,Yes
APP00334,86372,44,Employed,90873,No,29350,Average,Yes
APP00335,76191,49,Self-Employed,92749,No,70035,Good,Yes
APP00336,88279,51,Employed,52135,Yes,3613,Average,Yes
APP00337,56766,55,Self-Employed,87265,No,43247,Average,No
APP00338,78689,53,Employed,95323,No,17610,Poor,No
APP00339,49097,41,Employed,35839,No,30084,Poor,Yes
APP00340,151194,,Self-Employed,44793,No,16782,Good,Yes
APP00341,41625,43,Employed,73328,No,3988,Good,Yes
APP00342,154737,53,Employed,33534,No,33904,Good,Yes
APP00343,60949,23,Unemployed,76612,No,63347,Poor,No
APP00344,32310,38,Employed,12020,No,76204,Average,No
APP00345,111050,45,Employed,54732,No,50284,Poor,Yes
APP00346,63497,62,Self-Employed,16620,No,31718,Average,Yes
APP00347,88001,51,Employed,32866,No,61819,Good,Yes
APP00348,104072,23,,29569,No,40913,Good,Yes
APP00349,69855,60,Employed,84699,No,30042,Good,Yes
APP00350,45963,44,,23384,No,15148,Average,Yes
APP00351,93076,52,Employed,81803,No,63894,Poor,No
APP00352,60020,42,Employed,80426,No,40534,Good,Yes
APP00353,81694,43,Employed,52394,No,77140,Poor,No
APP00354,22764,22,Employed,27215,Yes,64351,Good,No
APP00355,,47,Employed,26555,No,34181,Good,Yes
APP00356,45014,62,Employed,49168,No,59527,Good,Yes
APP00357,126259,22,Employed,5837,No,36818,Good,Yes
APP00358,,46,Unemployed,55478,No,7309,Poor,No
APP00359,66839,37,Employed,95514,No,41818,Good,Yes
APP00360,74678,60,Self-Employed,19697,No,69393,Good,Yes
APP00361,38285,53,Employed,59468,Yes,68580,Average,No
APP00362,124563,29,Employed,96369,Yes,46422,Poor,No
APP00363,147004,63,Employed,86750,No,31022,Average,Yes
APP00364,71604,,Self-Employed,85786,No,1798,Good,Yes
APP00365,122735,49,Employed,83076,No,25601,Good,Yes
APP00366,46443,62,Self-Employed,34357,Yes,79195,Good,No
APP00367,41915,46,Unemployed,89609,No,58393,Good,No
APP00368,61115,55,Employed,94427,No,57689,Poor,No
APP00369,72971,45,Employed,52100,No,61126,Good,Yes
APP00370,50252,44,Employed,38684,No,49989,Good,Yes
APP00371,76427,33,Employed,44352,No,47283,Average,Yes
APP00372,68870,27,Employed,36750,No,36836,Poor,No
APP00373,38287,56,Self-Employed,25180,No,36071,Good,Yes
APP00374,75778,,Employed,63753,No,69797,Good,Yes
APP00375,88494,40,Employed,58447,Yes,32083,Good,Yes
APP00376,64813,21,Employed,48946,No,67383,Good,Yes
APP00377,100790,28,Unemployed,14105,No,67181,Good,Yes
APP00378,34692,36,Employed,80705,No,61901,Good,Yes
APP00379,74063,34,Unemployed,21619,Yes,3974,Good,Yes
APP00380,35436,32,Unemployed,15883,No,12690,Good,Yes
APP00381,36343,43,Employed,64192,No,25862,Good,Yes
APP00382,45170,35,Employed,42871,No,67955,Poor,No
APP00383,39268,48,Employed,10682,No,69987,Good,Yes
APP00384,46887,54,Employed,38779,No,4283,Poor,No
APP00385,54488,22,Self-Employed,78319,No,26653,Good,Yes
APP00386,87450,52,Employed,63449,No,68180,Average,Yes
APP00387,51926,43,Employed,39465,No,20726,Good,Yes
APP00388,29395,42,Employed,23221,Yes,78104,Good,No
APP00389,100221,45,Employed,65021,No,39655,Average,Yes
APP00390,41168,42,Employed,89318,No,75048,Average,No
APP00391,58435,42,Employed,66396,No,34877,Poor,Yes
APP00392,73353,62,Self-Employed,82226,No,26580,Average,Yes
APP00393,65639,26,Employed,54545,No,29630,Good,Yes
APP00394,98172,35,Employed,73207,No,70860,Good,Yes
APP00395,,63,Self-Employed,90142,No,27124,Good,Yes
APP00396,40721,57,Unemployed,78452,No,53878,Good,No
APP00397,159924,53,Employed,91436,No,38118,Average,Yes
APP00398,65483,28,Employed,45958,No,75392,Good,Yes
APP00399,56151,64,,90901,No,13590,Poor,Yes
APP00400,92584,64,Employed,64049,No,34864,Good,Yes
APP00401,67128,25,Self-Employed,87655,No,10846,Good,Yes
APP00402,71808,59,Employed,8741,No,46673,Good,Yes
APP00403,184164,24,Self-Employed,67496,No,32829,Good,Yes
APP00404,53013,26,Employed,85558,No,5814,Average,No
APP00405,52006,65,Employed,21549,No,68137,Poor,No
APP00406,63232,52,Employed,67870,No,30666,Good,Yes
APP00407,97176,50,Employed,83371,Yes,39997,Average,No
APP00408,30460,55,Employed,32355,No,33194,Average,Yes
APP00409,24775,60,Employed,43498,No,39604,Poor,No
APP00410,46069,36,Employed,59104,Yes,2290,Good,Yes
APP00411,28763,33,Self-Employed,54321,Yes,65421,Good,No
APP00412,49559,,Employed,8723,No,27252,Good,Yes
APP00413,75224,50,Self-Employed,14374,No,58232,Good,Yes
APP00414,40186,39,Employed,14544,Yes,6126,Good,Yes
APP00415,31572,37,Self-Employed,29915,No,42382,Good,Yes
APP00416,,39,Unemployed,28357,Yes,72795,Average,No
APP00417,88455,48,Employed,75511,Yes,32462,Good,Yes
APP00418,,46,Self-Employed,59411,No,16583,Average,Yes
APP00419,86786,57,Employed,77578,Yes,8827,Average,No
APP00420,86672,46,Self-Employed,11640,No,68868,Poor,No
APP00421,92174,43,Employed,51095,No,19866,Good,Yes
APP00422,103820,29,Employed,35759,No,78031,Good,Yes
APP00423,,32,Employed,85744,No,20578,Good,Yes
APP00424,51116,21,Employed,72240,No,38998,Good,Yes
APP00425,63033,21,Employed,87580,No,37182,Average,No
APP00426,49747,,Unemployed,9411,Yes,5899,Good,No
APP00427,60053,52,Self-Employed,73478,No,43015,Good,Yes
APP00428,119598,45,Employed,56301,No,54139,Good,Yes
APP00429,32756,60,Self-Employed,83375,No,59629,Good,Yes
APP00430,40726,65,Self-Employed,53180,Yes,42285,Poor,No
APP00431,111506,21,Employed,56320,No,65194,Poor,No
APP00432,,36,Employed,9918,Yes,60416,Good,No
APP00433,50955,59,Employed,68510,No,16324,Good,Yes
APP00434,88131,25,Self-Employed,30948,No,32727,Poor,No
APP00435,69958,42,Self-Employed,6871,Yes,12264,Poor,No
APP00436,117857,49,Employed,11312,No,11540,Poor,Yes
APP00437,62046,23,Employed,95942,No,57258,Good,Yes
APP00438,95190,32,Self-Employed,37877,Yes,42906,Good,No
APP00439,197009,46,Unemployed,87467,No,48475,Good,Yes
APP00440,78531,36,Self-Employed,96169,No,58843,Poor,No
APP00441,61347,57,Employed,94610,Yes,22902,Poor,No
APP00442,83050,42,Employed,88764,No,32708,Good,Yes
APP00443,50905,49,Employed,90010,Yes,48937,Good,No
APP00444,175727,34,Employed,32456,No,8634,Average,Yes
APP00445,65064,48,Self-Employed,19390,No,66811,Average,No
APP00446,53065,25,Employed,65730,No,28133,Average,Yes
APP00447,41194,50,Self-Employed,51370,Yes,53041,Average,No
APP00448,98307,25,Employed,14381,No,79650,Good,Yes
APP00449,88640,32,Self-Employed,69366,No,38554,Good,Yes
APP00450,47968,36,Employed,58472,No,17989,Average,Yes
APP00451,77769,46,Employed,86991,No,18098,Average,Yes
APP00452,30432,46,Employed,62872,No,5770,Good,Yes
APP00453,65208,41,Employed,59525,Yes,61600,Good,No
APP00454,73559,59,Unemployed,46871,No,24181,Average,Yes
APP00455,129366,56,Employed,48965,Yes,14645,Good,Yes
APP00456,42414,53,Employed,95666,No,57382,Good,Yes
APP00457,33754,50,Self-Employed,18152,No,25422,Average,Yes
APP00458,40101,57,Self-Employed,47391,No,48437,Average,No
APP00459,32881,43,Employed,67304,No,34008,Average,Yes
APP00460,109491,30,Unemployed,46136,No,27398,Good,Yes
APP00461,120450,25,Employed,31905,Yes,39665,Good,Yes
APP00462,69300,56,,32299,No,25790,Good,Yes
APP00463,103952,54,Employed,27197,No,69775,Average,Yes
APP00464,63728,51,,37671,No,6770,Average,Yes
APP00465,57486,30,Employed,87809,No,3382,Good,Yes
APP00466,51649,39,Employed,52996,Yes,33105,Good,No
APP00467,52178,52,Employed,27823,No,14655,Good,Yes
APP00468,29899,21,Self-Employed,41530,Yes,59754,Good,No
APP00469,67576,25,Employed,15054,No,28921,Good,Yes
APP00470,58921,65,Unemployed,90883,No,21654,Average,No
APP00471,83911,24,Self-Employed,43779,Yes,29391,Average,No
APP00472,62579,36,Employed,98137,No,18339,Average,Yes
APP00473,55764,44,Employed,38016,No,24673,Poor,Yes
APP00474,40541,36,Employed,84454,No,45871,Good,Yes
APP00475,61980,22,,29357,No,69259,Poor,No
APP00476,83642,48,Employed,12235,No,30299,Good,Yes
APP00477,35868,52,Employed,8015,No,26333,Good,Yes
APP00478,62409,47,Unemployed,62586,No,62761,Good,Yes
APP00479,66634,40,Employed,34599,No,2772,Good,Yes
APP00480,43433,44,Employed,47134,Yes,24864,Good,Yes
APP00481,46054,32,Employed,82771,No,36721,Good,Yes
APP00482,66561,55,Self-Employed,28570,Yes,48452,Good,No
APP00483,36028,53,Self-Employed,34322,No,13329,Poor,Yes
APP00484,70232,53,Employed,85307,No,35195,Good,Yes
APP00485,40102,63,Employed,51812,No,45738,Good,Yes
APP00486,96798,57,Self-Employed,83628,No,41310,Poor,No
APP00487,171806,32,Self-Employed,40575,Yes,46390,Average,No
APP00488,40732,23,Self-Employed,42845,No,53329,Good,Yes
APP00489,76305,21,Employed,20878,Yes,30970,Good,Yes
APP00490,43264,53,Unemployed,92053,No,6027,Average,No
APP00491,95849,60,Employed,90194,Yes,5389,Good,Yes
APP00492,33953,30,Employed,98501,No,68838,Good,Yes
APP00493,74486,63,Self-Employed,43232,No,54516,Good,Yes
APP00494,40508,64,Employed,82768,Yes,61371,Average,No
APP00495,54664,49,Self-Employed,44421,No,74376,Good,Yes
APP00496,37727,33,,48158,No,60293,Good,Yes
APP00497,86869,32,Self-Employed,83850,No,55692,Good,Yes
APP00498,41170,51,,21850,Yes,52805,Average,No
APP00499,76917,22,Employed,25930,No,21427,Average,Yes
APP00500,51393,55,,34899,No,76626,Average,Yes
APP00501,56988,43,Employed,79877,No,43822,Good,Yes
APP00502,64125,37,Self-Employed,40402,No,18544,Poor,No
APP00503,42586,46,Employed,39026,No,17576,Good,Yes
APP00504,65957,28,Employed,99888,No,65406,Good,Yes
APP00505,119462,49,Employed,41462,No,20766,Poor,Yes
APP00506,42275,46,Self-Employed,28538,No,4273,Poor,No
APP00507,,30,Employed,64205,No,34845,Average,Yes
APP00508,117741,46,Employed,81179,No,65571,Poor,No
APP00509,41557,54,Employed,11613,No,33741,Good,Yes
APP00510,31174,61,Unemployed,63795,No,64480,Good,Yes
APP00511,68733,27,Employed,8395,No,66350,Good,Yes
APP00512,46900,24,Employed,55002,Yes,68759,Good,No
APP00513,139103,65,Self-Employed,29414,No,47523,Average,Yes
APP00514,60947,31,Self-Employed,34131,No,56258,Good,Yes
APP00515,41819,49,,49374,No,21687,Poor,Yes
APP00516,35806,56,Unemployed,93075,No,8876,Good,Yes
APP00517,97984,45,Employed,72513,No,43090,Good,Yes
APP00518,46401,41,Employed,94000,Yes,1836,Good,No
APP00519,61195,56,Employed,67697,No,37793,Poor,No
APP00520,92246,30,Self-Employed,5675,No,9065,Average,Yes
APP00521,48252,57,Employed,30231,Yes,9565,Average,No
APP00522,,29,Employed,91048,No,69792,Average,No
APP00523,59554,44,Employed,66127,No,51601,Average,Yes
APP00524,81601,55,Self-Employed,98256,No,51974,Poor,No
APP00525,78271,55,Employed,19817,No,32954,Good,Yes
APP00526,54342,56,Employed,33191,No,33647,Good,Yes
APP00527,61743,38,Employed,39425,No,24946,Good,Yes
APP00528,50757,59,Employed,36023,Yes,35314,Poor,No
APP00529,30859,52,Self-Employed,28939,No,47383,Poor,No
APP00530,67374,44,Employed,47129,No,15741,Average,Yes
APP00531,140588,43,Self-Employed,66018,No,21673,Good,Yes
APP00532,40313,52,Employed,34569,No,40086,Good,Yes
APP00533,42372,57,Self-Employed,12571,No,31398,Good,Yes
APP00534,40549,32,Employed,72311,No,65739,Good,Yes
APP00535,83130,33,Employed,48607,No,65913,Good,Yes
APP00536,73418,43,Unemployed,57866,Yes,27543,Good,No
APP00537,,45,Unemployed,48263,Yes,36613,Poor,No
APP00538,39695,55,Employed,89584,No,78150,Good,Yes
APP00539,62547,61,Employed,58081,No,66371,Poor,No
APP00540,29674,50,Employed,92711,No,18037,Average,Yes
APP00541,64000,37,Self-Employed,53505,No,23138,Good,Yes
APP00542,88813,40,Employed,32796,No,7595,Good,Yes
APP00543,34169,45,Employed,38767,No,54548,Poor,No
APP00544,30106,42,Employed,54602,No,26035,Average,Yes
APP00545,122131,33,Unemployed,55349,No,43391,Good,Yes
APP00546,45561,39,Employed,70297,No,61683,Good,Yes
APP00547,100035,56,Employed,26327,Yes,67047,Average,No
APP00548,55983,32,Employed,67590,No,26704,Good,Yes
APP00549,55783,61,Employed,78966,No,19743,Good,Yes
APP00550,73086,39,Employed,69276,Yes,68034,Average,No
APP00551,40308,32,Unemployed,50774,No,31120,Average,No
APP00552,63686,29,Self-Employed,99210,No,65938,Good,No
APP00553,50535,27,Employed,43457,No,12831,Poor,Yes
APP00554,33120,48,Self-Employed,15126,No,73041,Average,No
APP00555,,34,Employed,83043,No,39167,Poor,No
APP00556,53296,51,Employed,25159,No,14441,Good,Yes
APP00557,55907,39,Unemployed,72762,No,43270,Good,No
APP00558,,36,Employed,22003,No,69731,Good,Yes
APP00559,122790,25,Employed,6603,No,31757,Good,Yes
APP00560,89020,55,Unemployed,20181,No,15067,Poor,No
APP00561,92593,32,Employed,40814,No,46548,Poor,No
APP00562,,45,Self-Employed,15129,No,66923,Average,Yes
APP00563,27556,41,Unemployed,23780,No,10587,Good,Yes
APP00564,144482,56,Employed,77639,Yes,4271,Average,Yes
APP00565,58373,43,Employed,78139,No,5447,Good,Yes
APP00566,42836,36,Employed,82661,No,19209,Good,Yes
APP00567,72378,59,Employed,84910,No,1577,Good,Yes
APP00568,101448,65,Employed,44941,Yes,34865,Good,Yes
APP00569,59381,62,Self-Employed,87417,Yes,56122,Good,No
APP00570,106666,59,Employed,54964,No,57126,Good,Yes
APP00571,97680,34,Employed,49707,No,51300,Good,Yes
APP00572,36965,,Employed,73261,No,24400,Average,Yes
APP00573,44307,25,Employed,25313,No,59139,Good,Yes
APP00574,92318,55,Self-Employed,80002,Yes,46543,Average,No
APP00575,18000,43,Employed,45799,No,69033,Good,Yes
APP00576,56097,49,Self-Employed,17093,No,38762,Good,Yes
APP00577,31515,63,Employed,16335,No,15232,Average,Yes
APP00578,48419,31,Employed,20666,No,51138,Good,Yes
APP00579,52451,38,Employed,89604,No,12912,Good,Yes
APP00580,51067,32,Employed,99139,No,77088,Poor,No
APP00581,46797,29,Employed,38913,No,56560,Good,Yes
APP00582,36621,30,Employed,32754,No,60749,Poor,No
APP00583,168293,64,Unemployed,25783,No,54662,Good,Yes
APP00584,139032,37,Employed,83263,Yes,8707,Good,Yes
APP00585,35567,58,Unemployed,24875,No,37759,Average,Yes
APP00586,122278,27,,92789,No,52462,Good,Yes
APP00587,50128,33,Employed,68398,Yes,19119,Good,No
APP00588,63591,60,Employed,90227,No,54681,Good,Yes
APP00589,58316,62,,57631,No,65771,Good,Yes
APP00590,44588,29,Self-Employed,70615,No,22719,Average,No
APP00591,93417,47,Employed,63849,Yes,16769,Average,No
APP00592,63497,22,Employed,83964,No,70770,Poor,No
APP00593,48419,25,Employed,84407,No,1410,Good,Yes
APP00594,33357,49,Employed,61030,No,21204,Average,Yes
APP00595,40134,57,,65088,No,33132,Good,Yes
APP00596,28666,58,Employed,92578,No,54109,Average,No
APP00597,60331,39,Self-Employed,93337,No,79768,Poor,No
APP00598,35017,28,Employed,68104,No,30295,Good,Yes
APP00599,53242,65,Unemployed,5737,No,75956,Poor,No
APP00600,111151,21,Self-Employed,14919,No,29975,Average,Yes
APP00601,102928,42,Employed,86505,No,55947,Average,Yes
APP00602,59135,37,Employed,13048,No,14064,Average,Yes
APP00603,57694,27,Unemployed,25284,No,37372,Average,No
APP00604,139811,45,Employed,26902,No,69831,Poor,Yes
APP00605,75844,65,Self-Employed,62022,No,26280,Average,Yes
APP00606,51771,24,Employed,59780,No,9311,Good,Yes
APP00607,31584,56,Employed,32495,No,42294,Average,Yes
APP00608,71635,26,Self-Employed,24723,No,35723,Good,Yes
APP00609,87142,51,Employed,77631,No,19134,Poor,Yes
APP00610,45155,39,Employed,93868,No,72544,Poor,No
APP00611,68401,64,Employed,10017,No,48533,Good,Yes
APP00612,50944,59,Employed,17652,No,28427,Average,Yes
APP00613,55231,47,Self-Employed,66006,No,79694,Poor,No
APP00614,19586,30,Unemployed,81422,No,11868,Good,Yes
APP00615,54301,46,Self-Employed,80163,No,67988,Good,No
APP00616,92811,39,Employed,73370,No,19219,Good,Yes
APP00617,45160,59,Employed,89306,No,19921,Average,Yes
APP00618,61435,23,Self-Employed,25648,No,40355,Good,Yes
APP00619,42699,,Employed,15193,No,53293,Average,Yes
APP00620,70566,33,Employed,63459,Yes,55547,Good,No
APP00621,54430,48,Unemployed,83116,No,2748,Good,Yes
APP00622,39318,40,Employed,60294,No,23662,Good,Yes
APP00623,109289,48,Employed,96485,No,53188,Good,Yes
APP00624,91137,28,Employed,80579,No,71289,Good,Yes
APP00625,45702,61,Employed,71575,No,53921,Good,Yes
APP00626,75065,59,Employed,10724,Yes,22005,Average,Yes
APP00627,76415,21,Unemployed,15236,No,41114,Good,Yes
APP00628,80108,23,Employed,79560,No,52159,Average,No
APP00629,27992,33,Employed,23833,Yes,11692,Good,Yes
APP00630,94379,48,Self-Employed,7739,No,44048,Good,Yes
APP00631,46432,45,Employed,91522,No,38262,Good,Yes
APP00632,51076,53,Employed,89627,No,27595,Average,Yes
APP00633,196643,58,Employed,25756,No,50259,Good,Yes
APP00634,68730,26,Self-Employed,79120,No,51261,Good,Yes
APP00635,50426,64,Employed,9558,Yes,77746,Poor,No
APP00636,22242,65,Employed,32081,Yes,34836,Average,No
APP00637,112139,52,,64248,No,42970,Good,Yes
APP00638,32753,65,Employed,77502,No,13443,Average,Yes
APP00639,38199,41,Employed,5988,No,44321,Average,Yes
APP00640,51689,36,Employed,35990,No,3851,Average,Yes
APP00641,113492,41,Employed,25363,No,12840,Good,Yes
APP00642,84970,31,Employed,99884,No,14528,Good,Yes
APP00643,55886,57,Employed,68743,No,50978,Average,Yes
APP00644,68929,56,Employed,43539,No,45816,Good,Yes
APP00645,45795,,Employed,12187,No,64045,Poor,No
APP00646,63892,39,Unemployed,61874,No,37688,Good,Yes
APP00647,62013,40,Self-Employed,65962,No,38514,Good,Yes
APP00648,92786,38,Unemployed,82559,No,13763,Poor,No
APP00649,92719,61,Employed,32415,No,59673,Good,Yes
APP00650,74936,34,Employed,98236,No,1289,Good,Yes
APP00651,50973,35,Employed,46749,Yes,34566,Average,No
APP00652,83778,51,Employed,33115,No,15878,Good,Yes
APP00653,57568,21,Employed,38103,No,61910,Average,Yes
APP00654,36873,23,Employed,54361,No,54198,Good,Yes
APP00655,50042,36,Employed,93987,No,56835,Good,Yes
APP00656,62326,43,Employed,74840,No,12738,Good,Yes
APP00657,90373,31,Employed,59825,No,53836,Average,Yes
APP00658,55244,32,Employed,20467,No,55581,Good,Yes
APP00659,34820,,Employed,19189,No,1208,Good,Yes
APP00660,61552,52,Employed,52709,No,26090,Average,Yes
APP00661,63143,36,Unemployed,74227,No,7896,Poor,No
APP00662,65233,28,Employed,76346,Yes,54830,Average,No
APP00663,90766,58,Employed,26462,No,17757,Good,Yes
APP00664,94903,32,Self-Employed,14509,No,21908,Good,Yes
APP00665,,44,Employed,41524,Yes,7188,Average,No
APP00666,45471,48,Employed,92226,No,39221,Poor,No
APP00667,37572,28,Employed,56810,No,3610,Poor,No
APP00668,82172,48,Employed,35409,No,67802,Poor,Yes
APP00669,115159,56,Employed,35746,No,3083,Average,Yes
APP00670,52068,46,Employed,17548,No,5870,Good,Yes
APP00671,53823,28,Employed,49956,No,51592,Average,Yes
APP00672,116094,48,Self-Employed,80179,No,73438,Average,No
APP00673,75328,48,Employed,97013,No,71478,Poor,No
APP00674,73014,57,Employed,52652,No,7607,Poor,Yes
APP00675,35108,61,Employed,20885,No,23787,Good,Yes
APP00676,81432,56,Employed,69880,No,42162,Average,Yes
APP00677,39497,47,Self-Employed,76895,No,3103,Good,Yes
APP00678,36019,37,Employed,11811,No,42763,Good,Yes
APP00679,51331,29,Self-Employed,85763,Yes,36373,Good,No
APP00680,46097,53,Employed,83786,No,47484,Poor,No
APP00681,54305,40,Self-Employed,49891,Yes,73705,Poor,No
APP00682,31372,33,Employed,58240,No,22695,Average,Yes
APP00683,92371,48,Employed,72774,No,51489,Good,Yes
APP00684,99664,49,Self-Employed,69291,No,34957,Good,Yes
APP00685,24979,33,Self-Employed,6571,No,35375,Average,Yes
APP00686,93191,55,Employed,16631,Yes,52134,Good,Yes
APP00687,41663,26,Unemployed,20446,No,76156,Good,No
APP00688,88233,38,Employed,76789,No,69179,Poor,No
APP00689,58180,25,Employed,46808,No,51522,Good,Yes
APP00690,60782,45,Employed,56823,No,37462,Good,Yes
APP00691,55205,22,Self-Employed,78405,No,34495,Good,Yes
APP00692,,30,Unemployed,37393,No,63183,Poor,No
APP00693,34348,50,Employed,76145,No,18239,Average,No
APP00694,78876,65,Employed,47018,No,47426,Poor,No
APP00695,98489,25,Employed,40832,No,40891,Average,Yes
APP00696,82822,53,Employed,36639,Yes,52299,Good,Yes
APP00697,170794,21,Employed,96670,Yes,15806,Poor,No
APP00698,47291,38,Employed,78337,Yes,55965,Good,No
APP00699,92308,52,Employed,6919,Yes,50533,Good,Yes
APP00700,57203,31,Employed,95954,Yes,15232,Good,No
APP00701,104520,41,Employed,78667,No,36520,Average,Yes
APP00702,59793,46,Self-Employed,19172,Yes,54611,Poor,No
APP00703,50390,45,Employed,12252,Yes,72227,Good,Yes
APP00704,107994,42,Employed,34278,No,10646,Good,Yes
APP00705,48093,47,Employed,64297,No,1690,Poor,Yes
APP00706,31773,33,Employed,63572,No,14047,Good,Yes
APP00707,47549,53,Employed,31206,No,79153,Average,No
APP00708,79274,54,Employed,47339,No,61701,Good,Yes
APP00709,112254,61,Unemployed,25130,No,49535,Good,Yes
APP00710,63077,55,Employed,9805,No,11508,Good,Yes
APP00711,108585,21,Employed,54112,No,33868,Good,Yes
APP00712,32563,41,Employed,37964,No,57504,Average,Yes
APP00713,49150,26,Employed,56574,Yes,71775,Poor,No
APP00714,52693,48,Unemployed,94918,No,31164,Good,Yes
APP00715,56985,37,Unemployed,18620,No,79976,Average,No
APP00716,62314,25,Employed,5186,Yes,12039,Average,No
APP00717,81880,51,Employed,12303,No,31568,Good,Yes
APP00718,49116,25,Self-Employed,48957,No,70156,Good,No
APP00719,,58,Employed,72159,No,52343,Average,Yes
APP00720,58794,23,Self-Employed,60173,Yes,65063,Good,No
APP00721,39555,43,Self-Employed,52015,No,72716,Good,Yes
APP00722,57008,57,Employed,38626,No,41078,Poor,Yes
APP00723,56244,57,Unemployed,34448,Yes,19545,Average,No
APP00724,55704,30,Unemployed,40747,Yes,55803,Good,No
APP00725,60864,30,Unemployed,63105,No,45515,Good,No
APP00726,62078,39,Employed,20937,Yes,62039,Good,Yes
APP00727,49393,37,Employed,78279,No,41425,Good,Yes
APP00728,106385,41,Employed,59649,No,65078,Good,Yes
APP00729,35448,34,Employed,30570,No,72259,Good,Yes
APP00730,43376,29,Employed,52610,No,60217,Good,Yes
APP00731,209627,21,Employed,96464,No,59749,Average,Yes
APP00732,37609,65,Employed,6947,No,47388,Good,Yes
APP00733,32627,33,Employed,23955,No,38260,Good,Yes
APP00734,83501,24,Employed,47596,No,77834,Good,Yes
APP00735,23562,21,Employed,65652,No,51964,Good,Yes
APP00736,53972,60,Self-Employed,25162,No,67388,Good,Yes
APP00737,157585,52,Employed,93483,No,40927,Good,Yes
APP00738,29938,54,Employed,66044,Yes,44834,Good,No
APP00739,24593,48,Unemployed,88356,Yes,53368,Good,No
APP00740,30561,51,Employed,36285,Yes,58556,Average,No
APP00741,89892,28,Employed,83751,No,36420,Good,Yes
APP00742,99533,,Self-Employed,40931,Yes,29149,Good,Yes
APP00743,47640,46,Self-Employed,29011,No,19914,Good,Yes
APP00744,81597,54,Employed,91607,No,34468,Poor,Yes
APP00745,112164,23,Unemployed,13761,No,17688,Poor,No
APP00746,134109,32,Unemployed,94574,Yes,33924,Good,No
APP00747,53704,21,Employed,48559,No,70098,Good,Yes
APP00748,21299,64,Employed,99299,No,78189,Good,Yes
APP00749,41469,25,Employed,56261,No,46591,Good,Yes
APP00750,49515,50,Employed,76961,No,12534,Good,Yes
APP00751,53401,50,Employed,5672,No,34777,Good,Yes
APP00752,55136,37,Self-Employed,52183,No,48564,Good,Yes
APP00753,99270,43,Employed,75058,No,30291,Good,Yes
APP00754,106467,35,Self-Employed,79369,No,17207,Good,Yes
APP00755,55539,57,Employed,20015,No,18919,Poor,Yes
APP00756,98363,41,Employed,44802,Yes,38440,Good,Yes
APP00757,70477,34,Employed,44812,Yes,18098,Average,No
APP00758,61767,22,Employed,14846,No,20712,Good,Yes
APP00759,90223,31,Employed,47089,No,69974,Good,Yes
APP00760,61983,59,Self-Employed,81674,No,62546,Poor,No
APP00761,151466,58,Employed,33517,No,5370,Good,Yes
APP00762,31408,54,Employed,46095,Yes,26294,Good,Yes
APP00763,47585,58,Self-Employed,96291,Yes,43023,Good,No
APP00764,56679,54,Employed,8012,Yes,5788,Good,Yes
APP00765,73120,38,Employed,61195,No,54971,Good,Yes
APP00766,106158,50,Employed,75626,No,31371,Good,Yes
APP00767,59345,35,Self-Employed,77284,No,32377,Good,Yes
APP00768,31637,47,Employed,73014,No,21961,Good,Yes
APP00769,87661,54,,74013,Yes,27380,Good,Yes
APP00770,84274,58,Employed,10606,No,69074,Good,Yes
APP00771,25041,53,Unemployed,55743,No,63300,Average,No
APP00772,59897,44,Employed,79382,No,74926,Good,Yes
APP00773,29335,35,Self-Employed,13936,No,56221,Average,No
APP00774,44489,50,Employed,6145,No,46652,Poor,Yes
APP00775,,,Employed,82383,Yes,21481,Good,No
APP00776,86359,37,Self-Employed,72668,No,53682,Good,Yes
APP00777,63239,25,Self-Employed,44160,No,72586,Good,No
APP00778,33644,49,Employed,94338,No,6464,Good,Yes
APP00779,89155,24,Employed,77827,No,36003,Average,Yes
APP00780,31473,30,Employed,96947,No,12799,Good,Yes
APP00781,69609,37,,93285,No,65039,Good,Yes
APP00782,41597,,Self-Employed,50723,No,49514,Good,Yes
APP00783,50896,37,Employed,76697,No,70492,Average,No
APP00784,75284,40,Employed,68573,Yes,5985,Good,Yes
APP00785,75868,44,Self-Employed,82087,No,72553,Average,No
APP00786,109506,25,Employed,79830,No,6309,Average,Yes
APP00787,57820,54,Employed,19557,No,23721,Good,Yes
APP00788,68872,26,Self-Employed,27205,No,13337,Good,Yes
APP00789,49272,22,Employed,30244,No,12485,Good,Yes
APP00790,65121,33,Self-Employed,82757,No,14562,Good,Yes
APP00791,73121,63,Employed,82020,No,38937,Average,Yes
APP00792,57403,63,Employed,52057,No,62965,Good,Yes
APP00793,26646,31,Employed,60179,No,71964,Good,Yes
APP00794,69652,43,Employed,83558,No,45783,Good,Yes
APP00795,70697,36,Unemployed,34696,No,13462,Good,Yes
APP00796,44180,51,Unemployed,9767,Yes,7256,Good,Yes
APP00797,33662,31,Self-Employed,50847,Yes,40036,Good,No
APP00798,116570,36,Employed,91803,No,61465,Good,Yes
APP00799,74851,28,Unemployed,80094,Yes,49993,Good,No
APP00800,54123,24,Self-Employed,39829,No,47040,Good,Yes
APP00801,35970,60,Employed,11153,No,4804,Good,Yes
APP00802,41452,24,Self-Employed,65507,No,33512,Good,Yes
APP00803,107825,45,Employed,84277,No,44480,Good,Yes
APP00804,63834,23,Employed,68170,No,48265,Good,Yes
APP00805,46833,52,Self-Employed,45382,Yes,1380,Good,No
APP00806,75468,23,Employed,16719,No,16765,Good,Yes
APP00807,41590,47,Employed,91524,No,76033,Good,Yes
APP00808,117887,49,Employed,31216,No,41183,Good,Yes
APP00809,110289,52,Unemployed,26307,No,56588,Good,Yes
APP00810,48637,39,Employed,82518,No,25347,Good,Yes
APP00811,45216,41,Employed,98216,No,47244,Good,Yes
APP00812,18471,25,Employed,67715,Yes,29161,Good,No
APP00813,30804,38,Employed,64357,No,24460,Good,Yes
APP00814,32838,48,Unemployed,35346,Yes,33500,Average,No
APP00815,63763,62,Employed,6939,No,37326,Good,Yes
APP00816,51808,42,Employed,23221,No,27161,Good,Yes
APP00817,32751,41,Employed,60521,Yes,21381,Good,Yes
APP00818,52869,26,Self-Employed,19375,No,50282,Good,Yes
APP00819,75320,21,Employed,88964,No,31078,Good,Yes
APP00820,76087,25,Self-Employed,22874,No,16944,Good,Yes
APP00821,25521,61,Employed,54600,No,60911,Good,Yes
APP00822,56635,,Employed,53641,No,58176,Poor,No
APP00823,32196,46,Unemployed,62375,No,71058,Good,No
APP00824,90028,54,Unemployed,36106,No,44847,Poor,No
APP00825,85388,34,Unemployed,87986,Yes,23076,Poor,No
APP00826,40054,46,Unemployed,47209,Yes,69233,Average,No
APP00827,42505,65,Self-Employed,71515,No,23144,Poor,No
APP00828,48753,47,Self-Employed,65412,Yes,52792,Good,No
APP00829,21771,29,Self-Employed,16130,No,16041,Good,Yes
APP00830,69793,,Employed,64151,No,50705,Good,Yes
APP00831,53067,42,Employed,57317,No,67428,Good,Yes
APP00832,92844,50,Employed,90367,No,43656,Good,Yes
APP00833,36600,63,Unemployed,88683,No,38200,Average,No
APP00834,45410,37,Employed,19341,No,79484,Good,Yes
APP00835,30460,46,Self-Employed,12760,Yes,2774,Good,Yes
APP00836,38184,,Employed,32986,No,27207,Average,Yes
APP00837,35250,21,Employed,98728,No,73569,Good,No
APP00838,,28,Employed,7050,No,51769,Good,Yes
APP00839,43822,55,Employed,68925,No,43826,Good,Yes
APP00840,63448,35,Employed,62809,No,51378,Average,Yes
APP00841,50552,42,Employed,66425,Yes,26433,Good,Yes
APP00842,33889,34,Self-Employed,25737,Yes,6622,Average,No
APP00843,55624,46,Employed,26538,Yes,22737,Good,Yes
APP00844,78566,48,Employed,45911,No,27583,Poor,Yes
APP00845,34843,43,Employed,14106,No,38909,Good,Yes
APP00846,,34,Self-Employed,12088,No,32118,Average,Yes
APP00847,40934,44,Employed,13394,No,42159,Poor,Yes
APP00848,48279,22,Employed,59433,No,16490,Good,Yes
APP00849,,65,Employed,42785,No,15540,Good,Yes
APP00850,44514,46,Employed,32894,No,28785,Good,Yes
APP00851,61023,34,Self-Employed,35003,Yes,38423,Good,No
APP00852,52078,27,Self-Employed,24692,No,27997,Poor,No
APP00853,63597,23,Employed,44093,No,46548,Good,Yes
APP00854,20553,43,Employed,24291,No,25490,Poor,Yes
APP00855,26337,63,Employed,71314,No,14996,Average,Yes
APP00856,79165,65,Employed,16774,No,69163,Good,Yes
APP00857,95686,38,Self-Employed,95083,No,16848,Good,Yes
APP00858,39830,58,Employed,13533,No,77365,Good,Yes
APP00859,53760,55,Employed,94629,No,79005,Good,Yes
APP00860,68509,35,Employed,84163,No,56047,Good,Yes
APP00861,81965,45,Unemployed,69668,No,40658,Good,Yes
APP00862,24092,,Self-Employed,91669,Yes,63838,Poor,No
APP00863,40271,48,Self-Employed,18226,No,69983,Good,Yes
APP00864,51660,,Employed,21750,No,57058,Good,Yes
APP00865,82332,59,Employed,28954,No,9062,Good,Yes
APP00866,184683,37,Employed,28257,Yes,1236,Average,Yes
APP00867,54149,59,Employed,34531,No,16160,Good,Yes
APP00868,31855,42,Employed,59685,No,15894,Good,Yes
APP00869,71906,46,Employed,7676,No,15419,Poor,Yes
APP00870,108722,64,Employed,41316,No,41272,Poor,Yes
APP00871,62988,45,,28407,No,42087,Average,Yes
APP00872,39899,37,Employed,62630,No,58119,Poor,No
APP00873,92337,33,Employed,98591,No,16916,Good,Yes
APP00874,80878,40,Employed,54177,No,8320,Average,Yes
APP00875,37811,45,Employed,45440,No,53621,Good,Yes
APP00876,71235,24,Employed,39983,No,39236,Good,Yes
APP00877,93983,30,Employed,79570,No,53639,Poor,No
APP00878,102125,23,Employed,11838,No,31078,Good,Yes
APP00879,58232,61,,96178,No,60313,Good,Yes
APP00880,51071,65,Employed,44702,No,54925,Good,Yes
APP00881,104232,38,Employed,34802,Yes,52377,Good,Yes
APP00882,34805,56,Employed,97536,Yes,3178,Good,Yes
APP00883,73091,42,Employed,93908,Yes,68792,Average,No
APP00884,32389,54,Employed,65984,No,30752,Poor,No
APP00885,,,Self-Employed,6758,No,11714,Good,Yes
APP00886,53422,60,,76111,Yes,60691,Average,No
APP00887,106188,,Employed,36878,No,39432,Good,Yes
APP00888,74850,39,Unemployed,41887,No,3528,Good,Yes
APP00889,34601,62,Self-Employed,20081,No,62768,Average,Yes
APP00890,113912,61,Unemployed,54729,Yes,35368,Poor,No
APP00891,120591,57,Self-Employed,75732,No,60639,Good,Yes
APP00892,89244,26,Employed,30936,No,60692,Good,Yes
APP00893,42590,,Employed,94180,No,8895,Good,Yes
APP00894,52281,54,Employed,23500,No,49445,Poor,Yes
APP00895,64058,65,Unemployed,11295,No,29451,Good,Yes
APP00896,43714,26,Employed,66215,No,44166,Good,Yes
APP00897,128496,57,Self-Employed,85685,No,7995,Poor,Yes
APP00898,64026,53,Employed,95548,No,47467,Good,Yes
APP00899,18000,42,Employed,77881,No,62426,Poor,No
APP00900,69899,41,Unemployed,23967,No,78958,Poor,No
APP00901,51299,26,,97878,Yes,26302,Good,No
APP00902,58011,26,Unemployed,92346,No,13255,Good,No
APP00903,50829,24,Self-Employed,20501,No,29906,Good,Yes
APP00904,86273,50,Employed,58085,No,2525,Poor,Yes
APP00905,,31,Employed,57774,Yes,33293,Good,Yes
APP00906,68150,50,Unemployed,47041,No,73253,Average,No
APP00907,51504,51,Employed,98507,No,16354,Good,Yes
APP00908,58894,44,Employed,10664,No,38740,Good,Yes
APP00909,60532,29,Employed,64585,No,46237,Good,Yes
APP00910,41815,,Employed,24504,No,15213,Good,Yes
APP00911,77856,51,Employed,55096,No,27078,Good,Yes
APP00912,73800,60,Self-Employed,79075,No,72997,Good,Yes
APP00913,120006,57,Employed,28439,No,24363,Good,Yes
APP00914,105557,56,Employed,42369,No,51194,Good,Yes
APP00915,44071,44,Self-Employed,95323,No,11819,Good,Yes
APP00916,86789,51,Employed,77341,No,53919,Good,Yes
APP00917,39111,26,Self-Employed,59409,No,23052,Good,Yes
APP00918,,22,Employed,26090,Yes,19270,Good,Yes
APP00919,47554,40,Unemployed,45404,Yes,10809,Average,No
APP00920,37859,48,Employed,78536,Yes,4699,Good,Yes
APP00921,68058,31,Employed,82952,No,77461,Poor,No
APP00922,18008,24,Self-Employed,28238,No,33698,Good,Yes
APP00923,27287,35,Self-Employed,67896,No,62432,Average,No
APP00924,55394,26,Employed,14025,No,73687,Good,Yes
APP00925,,50,Unemployed,7205,No,17118,Good,Yes
APP00926,50813,58,Employed,57124,No,69718,Good,Yes
APP00927,29477,22,Unemployed,26316,No,56934,Good,No
APP00928,41525,35,Employed,12497,Yes,46660,Good,No
APP00929,71549,31,Employed,74334,No,64917,Average,No
APP00930,77956,28,Employed,52308,No,9743,Good,Yes
APP00931,59564,46,Employed,80646,Yes,21824,Good,Yes
APP00932,100980,65,Employed,68075,Yes,11353,Average,No
APP00933,,64,Employed,74331,Yes,71782,Good,No
APP00934,42862,25,Employed,34199,No,8805,Good,Yes
APP00935,52885,26,Employed,30011,No,78416,Good,Yes
APP00936,31914,46,,62083,No,9681,Good,Yes
APP00937,57150,,Self-Employed,24008,No,53284,Good,Yes
APP00938,98967,39,Employed,82464,Yes,53179,Good,No
APP00939,81673,40,Self-Employed,54677,Yes,74568,Good,No
APP00940,112759,53,Unemployed,26564,No,26527,Good,Yes
APP00941,52355,40,Employed,64391,No,27229,Good,Yes
APP00942,109957,32,Unemployed,94778,Yes,67857,Poor,No
APP00943,55001,21,Employed,12799,Yes,78307,Poor,No
APP00944,116345,46,Employed,15388,No,3381,Good,Yes
APP00945,59413,34,Employed,85165,No,51190,Good,Yes
APP00946,,58,Employed,15411,No,20248,Good,Yes
APP00947,116530,,Self-Employed,8741,No,58509,Good,Yes
APP00948,54998,31,Employed,38053,Yes,62045,Good,No
APP00949,66196,56,Employed,49337,No,61240,Good,Yes
APP00950,107161,33,Self-Employed,59097,No,35405,Good,Yes
APP00951,56514,63,Employed,53194,No,13466,Average,Yes
APP00952,33114,,Employed,91753,No,47196,Average,No
APP00953,157385,53,Employed,78023,No,63334,Poor,Yes
APP00954,48567,26,Unemployed,98462,No,73063,Good,No
APP00955,64443,30,Self-Employed,50263,Yes,36759,Poor,No
APP00956,100942,25,Employed,13011,No,20408,Good,Yes
APP00957,45628,43,Employed,95775,No,10387,Good,Yes
APP00958,38122,30,Employed,5391,No,64010,Poor,Yes
APP00959,67257,64,Employed,78729,No,43288,Poor,No
APP00960,26775,22,Self-Employed,7972,Yes,54261,Average,No
APP00961,52709,33,Employed,77315,No,13580,Good,Yes
APP00962,66995,60,Employed,94104,No,1520,Good,Yes
APP00963,53137,22,Unemployed,41980,No,77439,Average,No
APP00964,29958,40,Self-Employed,27892,Yes,65060,Average,No
APP00965,122943,21,Employed,26497,No,32602,Average,Yes
APP00966,62862,57,Employed,51713,No,37115,Good,Yes
APP00967,114247,29,Employed,21234,Yes,74396,Good,No
APP00968,53374,37,Employed,68928,No,17404,Good,Yes
APP00969,40380,29,Employed,39993,No,64423,Poor,No
APP00970,67726,31,Employed,35695,No,2416,Good,Yes
APP00971,54448,35,Self-Employed,48822,No,70181,Good,Yes
APP00972,35317,44,Unemployed,56546,No,47553,Poor,No
APP00973,116251,58,Employed,18483,No,38729,Good,Yes
APP00974,45346,55,Employed,72238,No,56810,Average,Yes
APP00975,26212,50,Self-Employed,88880,Yes,6344,Average,No
APP00976,109073,51,Unemployed,31409,No,16448,Good,Yes
APP00977,47818,25,Self-Employed,22137,No,33152,Good,Yes
APP00978,45642,64,Employed,77248,No,49811,Average,Yes
APP00979,27110,34,Employed,22436,No,12419,Good,Yes
APP00980,131337,31,Self-Employed,8919,No,30980,Good,Yes
APP00981,33585,29,Self-Employed,63828,No,21611,Good,Yes
APP00982,61599,54,Employed,27776,Yes,52000,Good,Yes
APP00983,90470,32,Employed,21322,No,73623,Good,Yes
APP00984,72538,55,Self-Employed,98252,No,14112,Good,Yes
APP00985,,55,Employed,32727,No,15952,Good,Yes
APP00986,27899,21,Self-Employed,90827,No,48442,Good,Yes
APP00987,41678,60,Employed,21931,No,36831,Good,Yes
APP00988,65291,42,,82803,No,57730,Good,Yes
APP00989,42103,49,Employed,52692,No,23743,Average,Yes
APP00990,65750,28,Employed,12467,No,44041,Good,Yes
APP00991,81543,31,Self-Employed,74693,No,31559,Poor,No
APP00992,92524,61,Self-Employed,89747,No,23220,Good,Yes
APP00993,34555,57,Unemployed,20487,No,58614,Good,Yes
APP00994,161231,34,Employed,73931,No,63876,Average,Yes
APP00995,84750,50,Self-Employed,47280,No,26987,Good,Yes
APP00996,59954,55,Employed,76618,Yes,50215,Good,No
APP00997,97968,41,Employed,72823,No,15109,Good,Yes
APP00998,173952,57,,7527,No,63486,Good,Yes
APP00999,31404,25,Employed,21978,No,23219,Good,Yes
APP01000,54216,39,,49748,No,14505,Good,Yes
APP01001,20574,34,Employed,93691,No,75257,Good,No
APP01002,65434,46,Employed,37497,No,34376,Poor,Yes
APP01003,70723,24,Unemployed,64743,No,51836,Average,No
APP01004,58952,45,Employed,6148,Yes,64928,Good,Yes
APP01005,44692,65,Employed,72557,No,55205,Poor,No
APP01006,23857,62,Self-Employed,62291,No,45608,Good,Yes
APP01007,70983,45,Employed,72963,No,30357,Good,Yes
APP01008,115502,38,Employed,90943,Yes,73563,Average,No
APP01009,45988,60,Employed,18917,No,11550,Good,Yes
APP01010,73140,28,Employed,29851,Yes,70830,Good,No
APP01011,29627,59,Employed,99599,No,57078,Good,Yes
APP01012,73706,60,Self-Employed,19847,No,46141,Good,Yes
APP01013,50266,34,Employed,73460,No,26655,Good,Yes
APP01014,42575,52,Employed,73882,No,12537,Average,Yes
APP01015,42614,58,Employed,69884,No,36010,Good,Yes
APP01016,50260,53,Employed,26607,No,62917,Good,Yes
APP01017,71267,43,Unemployed,25438,No,59879,Good,Yes
APP01018,33244,35,Employed,68302,No,51990,Average,No
APP01019,50181,53,Self-Employed,22694,No,79407,Good,Yes
APP01020,58891,45,Employed,67849,No,77838,Good,Yes
APP01021,36590,37,Employed,51790,Yes,32600,Average,No
APP01022,134672,53,Employed,41730,Yes,16210,Good,Yes
APP01023,40865,22,Unemployed,33522,No,37643,Good,No
APP01024,44394,34,Employed,95020,No,67722,Good,No
APP01025,38633,,Employed,53269,Yes,37226,Good,Yes
APP01026,134782,60,Unemployed,58319,No,27543,Good,Yes
APP01027,76950,59,Self-Employed,95179,No,59557,Good,Yes
APP01028,39365,26,Employed,67118,No,52361,Good,Yes
APP01029,98706,26,Unemployed,95996,No,77527,Poor,No
APP01030,65671,23,Self-Employed,15105,No,44392,Good,Yes
APP01031,67364,27,Employed,85431,No,77430,Good,Yes
APP01032,51384,28,Employed,36864,Yes,23984,Average,No
APP01033,42824,62,Employed,81996,No,69321,Good,Yes
APP01034,69849,35,Employed,86285,No,28723,Good,Yes
APP01035,46949,49,Self-Employed,30791,No,64964,Good,Yes
APP01036,135895,53,Employed,43839,No,74153,Good,Yes
APP01037,33891,50,Employed,73971,No,50232,Good,Yes
APP01038,119775,59,Self-Employed,14410,No,58555,Good,Yes
APP01039,57068,47,Employed,76776,No,76733,Average,No
APP01040,,56,Unemployed,15495,No,30637,Good,Yes
APP01041,87293,49,Unemployed,91873,No,41415,Good,Yes
APP01042,45184,58,Unemployed,31252,No,71965,Good,Yes
APP01043,88522,,Self-Employed,59682,No,54152,Average,Yes
APP01044,18000,57,Employed,16130,No,70014,Good,Yes
APP01045,43395,47,,30602,Yes,49842,Average,No
APP01046,39588,53,Employed,43376,No,59439,Average,Yes
APP01047,34133,24,Employed,51270,No,2032,Good,Yes
APP01048,54468,42,Employed,5006,No,27834,Good,Yes
APP01049,71374,22,Employed,89422,No,61863,Good,Yes
APP01050,82314,30,Unemployed,5729,No,32917,Good,Yes
APP01051,66869,25,Unemployed,78500,No,29665,Good,Yes
APP01052,44469,30,Employed,49705,No,76173,Poor,No
APP01053,70838,53,Employed,54769,No,44651,Average,Yes
APP01054,63451,58,Employed,24785,Yes,16207,Good,Yes
APP01055,91430,33,Self-Employed,62700,Yes,38306,Average,No
APP01056,85112,51,Self-Employed,56037,No,41975,Average,Yes
APP01057,60829,56,Employed,20602,No,79110,Good,Yes
APP01058,40068,65,Employed,27621,No,57739,Good,Yes
APP01059,44724,44,Employed,11356,No,42033,Good,Yes
APP01060,46849,35,Unemployed,11297,No,35127,Good,Yes
APP01061,52064,49,Employed,6309,No,73324,Good,Yes
APP01062,67692,28,Employed,25945,No,52029,Poor,No
APP01063,82779,25,Self-Employed,69568,No,29131,Good,Yes
APP01064,58636,49,Self-Employed,35040,No,37706,Average,Yes
APP01065,60437,24,Self-Employed,37560,No,22972,Good,Yes
APP01066,63997,32,Employed,17531,No,76874,Good,Yes
APP01067,47569,65,Employed,59670,No,56454,Poor,No
APP01068,39564,22,Employed,37504,No,31992,Good,Yes
APP01069,27232,47,Employed,69250,No,15474,Poor,No
APP01070,43883,51,Employed,75439,No,14985,Good,Yes
APP01071,74237,56,Employed,60546,No,38742,Poor,Yes
APP01072,43730,56,Employed,31227,No,37938,Good,Yes
APP01073,53911,46,Unemployed,53318,No,34005,Good,Yes
APP01074,74013,63,Employed,28933,No,68293,Average,Yes
APP01075,75842,,Unemployed,90777,No,78355,Average,No
APP01076,36913,25,Employed,77807,No,29031,Good,Yes
APP01077,93974,40,Employed,51836,Yes,24274,Poor,No
APP01078,99649,31,Employed,96718,No,61839,Average,No
APP01079,36086,30,Self-Employed,56942,Yes,36534,Good,No
APP01080,,60,Employed,36211,No,18188,Good,Yes
APP01081,102548,58,Self-Employed,14069,No,15294,Good,Yes
APP01082,56163,,Employed,56656,No,23165,Good,Yes
APP01083,22097,28,,86740,No,1105,Good,No
APP01084,31960,43,,87338,No,75373,Average,No
APP01085,53631,46,,62434,No,34990,Average,No
APP01086,35551,63,Employed,42377,No,7545,Good,Yes
APP01087,49814,32,Self-Employed,66778,No,14032,Good,Yes
APP01088,60881,46,Employed,77403,No,26544,Poor,No
APP01089,115857,33,Employed,44104,No,44584,Good,Yes
APP01090,52649,60,Unemployed,50244,No,56594,Good,Yes
APP01091,97221,38,Employed,69659,Yes,25320,Average,No
APP01092,114124,45,,88282,No,76652,Average,No
APP01093,114409,53,Self-Employed,80146,Yes,61065,Poor,No
APP01094,68203,60,Employed,7127,No,66238,Poor,Yes
APP01095,24801,63,Employed,16815,No,26568,Poor,Yes
APP01096,73826,32,Employed,86014,Yes,31096,Good,No
APP01097,96171,64,Self-Employed,84213,Yes,43507,Good,No
APP01098,57851,56,Employed,41937,No,36684,Good,Yes
APP01099,131553,24,Employed,60506,No,21531,Good,Yes
APP01100,88347,25,Self-Employed,91055,No,79784,Good,No
APP01101,77484,57,Self-Employed,91598,No,68020,Good,No
APP01102,97828,28,Unemployed,79394,Yes,19801,Good,No
APP01103,69711,62,Self-Employed,24911,No,71499,Good,Yes
APP01104,19542,48,Employed,74377,No,47364,Good,Yes
APP01105,47930,51,Employed,14604,No,1992,Good,Yes
APP01106,102829,29,Employed,89924,No,28346,Average,Yes
APP01107,41718,49,Self-Employed,19169,No,3033,Average,Yes
APP01108,54260,34,Unemployed,67923,No,7934,Poor,No
APP01109,37494,60,Self-Employed,62973,No,15139,Good,Yes
APP01110,133902,61,Employed,78805,No,39267,Good,Yes
APP01111,127870,42,,57400,No,31122,Good,Yes
APP01112,40310,31,Employed,10659,Yes,12771,Average,No
APP01113,64112,43,Self-Employed,72055,Yes,32170,Average,No
APP01114,44173,21,Self-Employed,41400,No,25043,Good,Yes
APP01115,79128,57,Employed,35427,No,33402,Poor,Yes
APP01116,75467,41,Employed,99209,No,14613,Good,Yes
APP01117,86454,46,Unemployed,61088,Yes,49167,Good,No
APP01118,,56,Self-Employed,72518,No,4518,Average,Yes
APP01119,224815,,Employed,55001,Yes,31642,Good,Yes
APP01120,37780,21,Employed,78147,No,71696,Good,No
APP01121,27787,60,Unemployed,76447,Yes,34154,Good,No
APP01122,50272,35,Self-Employed,67429,No,35845,Average,No
APP01123,29629,41,Employed,99786,No,6373,Good,Yes
APP01124,30653,29,Employed,48680,No,48824,Good,Yes
APP01125,38235,29,Employed,72088,Yes,74976,Poor,No
APP01126,39621,30,Employed,80789,No,24037,Good,Yes
APP01127,39047,46,Employed,40723,No,32067,Good,Yes
APP01128,75758,61,Employed,48432,Yes,47464,Good,Yes
APP01129,47778,55,Employed,97071,No,8364,Poor,No
APP01130,55344,45,Self-Employed,8068,No,76072,Good,Yes
APP01131,89725,46,Employed,36853,No,37940,Average,Yes
APP01132,42500,31,Employed,51190,No,10093,Poor,No
APP01133,53266,58,Employed,5139,No,27483,Average,Yes
APP01134,,22,Employed,90417,Yes,30533,Good,No
APP01135,25044,27,Employed,32193,No,28285,Average,Yes
APP01136,20515,38,Employed,29482,No,55765,Average,No
APP01137,70112,47,Self-Employed,82931,No,28296,Good,Yes
APP01138,74870,54,Self-Employed,31408,No,26584,Good,Yes
APP01139,151903,47,Self-Employed,67474,No,26445,Average,Yes
APP01140,64424,37,Employed,83043,No,62450,Good,Yes
APP01141,86767,63,Self-Employed,80285,No,25362,Good,Yes
APP01142,54948,64,Employed,79285,No,2106,Average,Yes
APP01143,68587,44,Unemployed,13421,No,29877,Poor,No
APP01144,127054,45,Employed,12585,No,22981,Good,Yes
APP01145,23070,27,Employed,34143,No,72812,Good,Yes
APP01146,72275,26,Employed,8415,No,38755,Average,Yes
APP01147,156861,44,Unemployed,52541,Yes,19531,Average,No
APP01148,68119,53,Unemployed,42504,No,78545,Poor,No
APP01149,126103,49,Self-Employed,57917,No,20493,Average,Yes
APP01150,45205,63,Employed,33385,No,61279,Average,Yes
APP01151,59141,42,Employed,51147,No,52314,Poor,No
APP01152,60912,46,Unemployed,36801,No,37516,Good,Yes
APP01153,,48,Self-Employed,23545,No,33061,Good,Yes
APP01154,35469,41,Unemployed,66690,No,69918,Good,No
APP01155,36626,27,Employed,68976,No,38532,Good,Yes
APP01156,,37,Employed,83777,Yes,30653,Good,No
APP01157,88838,40,Self-Employed,88101,Yes,28986,Good,No
APP01158,69419,61,Employed,71924,No,22794,Average,Yes
APP01159,,40,Unemployed,70312,No,33308,Poor,No
APP01160,55728,42,Employed,10384,No,10474,Good,Yes
APP01161,103050,48,Unemployed,15429,No,6145,Good,Yes
APP01162,60238,60,Employed,82193,No,43776,Good,Yes
APP01163,61583,,Self-Employed,27130,No,36887,Average,No
APP01164,53241,21,Employed,38779,No,14698,Good,Yes
APP01165,81642,52,Employed,18803,No,9437,Poor,Yes
APP01166,49640,33,Employed,23539,No,12318,Good,Yes
APP01167,93106,50,Unemployed,78665,No,25904,Good,Yes
APP01168,36049,43,Self-Employed,29877,No,36667,Good,Yes
APP01169,36592,39,Employed,47658,Yes,16275,Good,Yes
APP01170,81752,52,Unemployed,19409,No,60694,Poor,No
APP01171,57656,50,Employed,69403,No,16273,Poor,Yes
APP01172,48915,49,Employed,74186,No,10806,Good,Yes
APP01173,89557,65,Employed,39361,No,79570,Average,Yes
APP01174,45653,49,Self-Employed,79551,No,36369,Good,Yes
APP01175,54831,50,Employed,27791,No,14431,Good,Yes
APP01176,112618,36,Employed,70731,Yes,71670,Poor,No
APP01177,119936,60,Unemployed,74347,Yes,19256,Good,No
APP01178,121744,39,Self-Employed,97022,No,74121,Good,Yes
APP01179,52846,38,Employed,27071,No,10398,Good,Yes
APP01180,,21,Self-Employed,13902,No,67503,Good,Yes
APP01181,39147,34,Unemployed,29988,No,15557,Good,Yes
APP01182,39894,22,Employed,16672,No,75129,Average,No
APP01183,20835,48,Self-Employed,21121,No,46365,Good,Yes
APP01184,127375,50,Employed,36741,Yes,16003,Good,Yes
APP01185,40673,,Employed,44329,Yes,67741,Good,No
APP01186,56679,24,Employed,90854,No,31856,Good,Yes
APP01187,,21,Self-Employed,23583,No,58892,Average,No
APP01188,82037,28,Employed,97317,No,51832,Poor,No
APP01189,50669,49,Self-Employed,81965,No,57429,Poor,No
APP01190,33354,59,Employed,88740,No,28153,Good,Yes
APP01191,73192,23,Employed,93297,Yes,75167,Poor,No
APP01192,31474,52,Employed,76558,No,45225,Good,Yes
APP01193,41162,30,Self-Employed,79934,Yes,7127,Good,Yes
APP01194,23249,30,Employed,46593,No,6272,Average,Yes
APP01195,,39,Employed,53493,No,59320,Good,Yes
APP01196,65019,54,Employed,93586,No,68148,Good,Yes
APP01197,24787,53,Self-Employed,40934,No,55927,Poor,No
APP01198,30810,43,,8985,No,22922,Average,Yes
APP01199,59936,48,Self-Employed,77462,No,18846,Good,Yes
APP01200,46980,52,Employed,59450,No,45669,Average,Yes
APP01201,147048,27,Employed,82413,No,16546,Average,Yes
APP01202,136948,49,Employed,12177,Yes,30949,Poor,No
APP01203,40600,28,Unemployed,64017,No,50667,Good,No
APP01204,77096,21,Employed,28532,No,23508,Average,Yes
APP01205,84059,23,Employed,90811,No,30660,Average,No
APP01206,45855,44,Employed,15441,No,29481,Average,Yes
APP01207,30611,43,Employed,85092,Yes,37381,Average,No
APP01208,59669,28,Employed,13413,No,54274,Good,Yes
APP01209,55510,57,Self-Employed,7384,No,62806,Good,Yes
APP01210,49316,23,Employed,27331,Yes,53542,Poor,No
APP01211,73214,53,Employed,36639,Yes,3067,Good,Yes
APP01212,42799,48,Employed,64520,No,71850,Good,Yes
APP01213,35728,28,Employed,17514,No,46914,Average,Yes
APP01214,63019,54,Self-Employed,46546,Yes,73699,Good,No
APP01215,71381,55,Employed,24405,No,77146,Good,Yes
APP01216,35334,52,Unemployed,86254,No,37960,Good,Yes
APP01217,91103,44,Employed,9272,No,73393,Average,Yes
APP01218,27048,34,Self-Employed,38814,No,29865,Poor,No
APP01219,46256,52,Employed,64981,Yes,21570,Average,No
APP01220,53423,63,Employed,91743,No,6817,Good,Yes
APP01221,45062,36,Self-Employed,87459,No,36695,Poor,No
APP01222,46529,24,Self-Employed,90043,No,55406,Good,Yes
APP01223,139258,57,Employed,10971,Yes,78170,Good,Yes
APP01224,40913,41,Employed,84888,No,42183,Good,Yes
APP01225,179989,34,,79092,No,59024,Poor,No
APP01226,73043,51,Self-Employed,90731,No,71796,Good,Yes
APP01227,62538,38,Employed,34600,No,43912,Average,Yes
APP01228,,27,Self-Employed,91618,No,14174,Good,Yes
APP01229,187319,30,Employed,43251,Yes,68008,Good,No
APP01230,38368,27,Employed,65239,No,46360,Poor,No
APP01231,36240,53,Employed,45297,Yes,60922,Good,No
APP01232,42719,43,Employed,45627,No,53020,Average,Yes
APP01233,60874,41,Employed,56931,No,5822,Good,Yes
APP01234,27598,39,Employed,38813,No,14360,Average,Yes
APP01235,60606,39,Self-Employed,80310,Yes,23614,Average,No
APP01236,128566,56,Employed,65196,No,23492,Good,Yes
APP01237,64230,49,Self-Employed,70527,No,67297,Good,Yes
APP01238,52596,38,Employed,26948,No,48261,Poor,Yes
APP01239,45430,,Unemployed,97110,No,7587,Average,No
APP01240,89898,21,Unemployed,67717,No,31589,Good,Yes
APP01241,41377,25,Self-Employed,23734,No,44950,Average,No
APP01242,137720,40,Self-Employed,76297,No,20869,Average,Yes
APP01243,,31,,21503,No,4147,Good,Yes
APP01244,67349,62,Self-Employed,11022,No,31041,Good,Yes
APP01245,59690,22,Unemployed,55118,No,37434,Poor,No
APP01246,95406,23,Employed,57585,No,72476,Poor,No
APP01247,98200,43,Employed,22952,No,72761,Average,Yes
APP01248,41748,32,Employed,38096,No,40532,Good,Yes
APP01249,,40,Employed,94848,Yes,38248,Poor,No
APP01250,33092,25,Employed,32075,No,51600,Average,Yes
APP01251,72127,57,Employed,19779,No,21392,Good,Yes
APP01252,80990,58,Employed,99293,Yes,23571,Average,No
APP01253,32684,50,Unemployed,33719,Yes,1202,Poor,No
APP01254,48887,29,Employed,69624,No,7179,Good,Yes
APP01255,32723,54,,26998,Yes,15102,Poor,No
APP01256,40040,64,Employed,57262,No,51605,Poor,Yes
APP01257,76884,55,Employed,41697,Yes,17800,Good,Yes
APP01258,43133,42,Employed,96350,No,10802,Poor,No
APP01259,52403,64,Employed,46117,No,49688,Poor,Yes
APP01260,28848,,Employed,60497,Yes,52488,Good,No
APP01261,65267,37,Employed,94753,No,5714,Good,Yes
APP01262,58816,30,Employed,98977,No,62059,Good,Yes
APP01263,43220,50,Employed,14658,No,48886,Good,Yes
APP01264,55108,,Employed,84260,No,32368,Average,No
APP01265,65071,52,Employed,41301,No,78671,Good,Yes
APP01266,41581,37,Employed,61509,No,1806,Poor,Yes
APP01267,30877,37,Employed,40630,No,44043,Poor,No
APP01268,135213,34,Employed,43106,No,13617,Good,Yes
APP01269,45122,29,Employed,20091,No,27017,Good,Yes
APP01270,57444,60,Employed,59413,No,11523,Good,Yes
APP01271,94559,22,Employed,56938,No,53789,Good,Yes
APP01272,250000,65,Employed,22989,No,32724,Good,Yes
APP01273,34272,45,Employed,56464,Yes,78918,Good,No
APP01274,73462,59,Employed,97445,No,52654,Good,Yes
APP01275,43639,29,Employed,72869,No,73469,Good,Yes
APP01276,47082,42,Employed,50693,No,20025,Poor,No
APP01277,43391,63,Unemployed,92028,Yes,26184,Good,No
APP01278,,24,Self-Employed,59655,No,29652,Good,Yes
APP01279,58895,46,Employed,17830,No,67243,Average,Yes
APP01280,,49,Unemployed,57013,Yes,17722,Good,No
APP01281,91873,65,Employed,22192,No,75791,Good,Yes
APP01282,61504,54,Employed,77913,No,4443,Average,Yes
APP01283,72562,43,Unemployed,96882,No,71299,Good,No
APP01284,48646,57,Self-Employed,39278,No,36662,Good,Yes
APP01285,50861,31,Employed,46317,No,42546,Good,Yes
APP01286,68289,26,Employed,45042,No,79794,Good,Yes
APP01287,35535,38,Employed,32103,No,69734,Good,Yes
APP01288,51073,41,Employed,80447,No,72418,Average,No
APP01289,40753,62,Employed,63684,No,47257,Good,Yes
APP01290,40189,56,Employed,11085,Yes,76551,Good,Yes
APP01291,23218,61,Unemployed,84687,Yes,55337,Average,No
APP01292,109622,58,Employed,22773,No,65727,Poor,Yes
APP01293,44053,54,Self-Employed,98019,No,57954,Poor,No
APP01294,101277,37,Employed,40783,No,62692,Good,Yes
APP01295,97057,57,Employed,63563,No,51400,Good,Yes
APP01296,33638,45,Employed,12393,No,58386,Good,Yes
APP01297,36765,58,Self-Employed,37743,No,35439,Poor,No
APP01298,189914,32,Employed,81224,No,56843,Average,Yes
APP01299,131929,43,Employed,50335,No,22868,Good,Yes
APP01300,59155,62,Employed,90937,No,51160,Good,Yes
APP01301,67367,42,Employed,59638,No,42376,Good,Yes
APP01302,45171,41,Employed,93214,Yes,71984,Good,No
APP01303,72886,47,Employed,98348,No,54185,Poor,No
APP01304,43450,51,Employed,48120,No,48133,Good,Yes
APP01305,24042,26,Employed,58690,No,25733,Good,Yes
APP01306,33104,47,Employed,84317,No,69162,Poor,No
APP01307,60572,60,,26046,No,5278,Good,Yes
APP01308,36066,54,Employed,86855,No,72080,Good,Yes
APP01309,58211,32,Employed,61232,No,52585,Good,Yes
APP01310,36994,65,Employed,73923,No,15970,Good,Yes
APP01311,42194,27,Employed,12586,No,72337,Good,Yes
APP01312,88082,30,Employed,77788,No,26782,Good,Yes
APP01313,67068,65,Employed,34525,Yes,14294,Good,Yes
APP01314,59740,37,Self-Employed,81497,No,26213,Good,Yes
APP01315,89111,46,Employed,53369,No,76925,Good,Yes
APP01316,74487,41,Employed,31088,No,60468,Average,Yes
APP01317,115042,48,Employed,95512,No,73427,Good,Yes
APP01318,48784,22,Employed,77681,No,24611,Good,Yes
APP01319,49452,63,Employed,98640,No,7513,Good,Yes
APP01320,33410,21,Self-Employed,39625,No,45458,Good,Yes
APP01321,49467,56,Self-Employed,66676,Yes,39157,Good,No
APP01322,92619,46,Self-Employed,63101,No,57928,Average,Yes
APP01323,107699,49,Employed,70318,No,43871,Good,Yes
APP01324,92433,41,Self-Employed,8640,No,32321,Average,Yes
APP01325,26761,31,Employed,32713,No,1370,Good,Yes
APP01326,97686,60,Self-Employed,91387,No,37952,Average,Yes
APP01327,26233,31,Unemployed,45263,Yes,10531,Poor,No
APP01328,,56,Employed,96261,No,73838,Good,Yes
APP01329,50848,59,Employed,25283,No,73815,Good,Yes
APP01330,82309,60,Employed,99755,No,64488,Good,Yes
APP01331,32942,55,Self-Employed,71270,No,13471,Poor,No
APP01332,101633,54,Employed,78757,No,12648,Good,Yes
APP01333,31035,44,Unemployed,42702,Yes,45502,Average,No
APP01334,44413,42,Employed,91166,Yes,58469,Average,No
APP01335,,25,Employed,56819,No,72459,Good,Yes
APP01336,27246,53,Employed,69689,No,71629,Good,Yes
APP01337,62607,56,Self-Employed,14007,No,13271,Good,Yes
APP01338,135245,40,Employed,65010,Yes,79642,Average,No
APP01339,199228,39,Employed,88513,Yes,13387,Good,Yes
APP01340,62681,55,Employed,21937,No,67369,Good,Yes
APP01341,99172,63,Employed,75084,No,47369,Good,Yes
APP01342,66605,37,Self-Employed,7413,No,54585,Good,Yes
APP01343,75102,65,Employed,92989,No,48714,Good,Yes
APP01344,51438,63,Self-Employed,98377,No,69705,Poor,No
APP01345,65505,54,Unemployed,38647,No,51331,Average,No
APP01346,,29,Employed,15172,No,68044,Average,Yes
APP01347,46249,46,Self-Employed,67565,No,13195,Average,Yes
APP01348,57944,22,Unemployed,7834,No,69470,Average,No
APP01349,58443,29,Self-Employed,50836,No,79443,Good,Yes
APP01350,87028,29,Self-Employed,30819,No,53259,Poor,No
APP01351,37138,60,Employed,49967,Yes,78133,Good,No
APP01352,58624,37,,6736,No,18371,Good,Yes
APP01353,141847,21,Employed,9903,No,66513,Good,Yes
APP01354,101309,45,Self-Employed,6518,No,14355,Good,Yes
APP01355,110109,63,,63818,Yes,41759,Good,No
APP01356,60663,60,Employed,58209,No,53459,Good,Yes
APP01357,69324,62,Employed,27150,No,53161,Average,Yes
APP01358,94193,45,Employed,66431,Yes,53998,Good,No
APP01359,121081,59,Self-Employed,89000,Yes,26353,Good,No
APP01360,24931,55,Employed,31346,No,77924,Poor,No
APP01361,,23,Employed,84039,No,1518,Good,Yes
APP01362,108158,57,Employed,67938,Yes,50059,Good,Yes
APP01363,52971,,Employed,8213,Yes,69423,Average,No
APP01364,44348,64,Employed,40639,No,71398,Good,Yes
APP01365,34123,50,Self-Employed,53237,No,57896,Good,Yes
APP01366,46739,,Employed,74511,No,46410,Good,Yes
APP01367,31921,54,Unemployed,32277,No,37129,Good,Yes
APP01368,153751,32,Employed,98359,No,36512,Good,Yes
APP01369,59397,39,Employed,70031,No,34583,Good,Yes
APP01370,58456,57,Employed,40417,Yes,56292,Good,No
APP01371,78177,64,Unemployed,14217,No,58765,Good,Yes
APP01372,92518,37,Self-Employed,22230,Yes,41666,Poor,No
APP01373,91835,30,Employed,51323,Yes,59524,Good,No
APP01374,97268,32,Self-Employed,51996,Yes,42748,Poor,No
APP01375,45171,36,Employed,77933,No,8691,Good,Yes
APP01376,52473,44,Employed,73987,No,68278,Average,No
APP01377,84810,39,Employed,24121,No,69768,Good,Yes
APP01378,47324,28,Self-Employed,61521,Yes,22050,Good,No
APP01379,59862,51,Employed,6959,No,63128,Good,Yes
APP01380,71793,41,Employed,42862,No,41383,Poor,No
APP01381,85428,37,Employed,77590,No,10798,Good,Yes
APP01382,26961,43,Employed,42953,No,32442,Good,Yes
APP01383,82763,57,Employed,84382,Yes,7048,Good,Yes
APP01384,54010,36,Employed,97735,No,63131,Good,Yes
APP01385,82492,26,Employed,62685,No,16502,Average,Yes
APP01386,85112,28,Unemployed,18775,No,13987,Average,Yes
APP01387,123706,,Employed,41069,Yes,17474,Good,Yes
APP01388,110321,38,Employed,5901,No,18864,Good,Yes
APP01389,109980,45,Employed,62259,Yes,54242,Good,Yes
APP01390,114892,32,Employed,83049,No,51449,Poor,No
APP01391,68406,35,Self-Employed,64844,No,11218,Good,Yes
APP01392,60875,46,Employed,79678,No,58229,Good,Yes
APP01393,88864,61,Self-Employed,80991,No,28576,Good,Yes
APP01394,83411,65,Self-Employed,85846,No,37140,Good,Yes
APP01395,52210,46,Self-Employed,30333,No,10864,Average,Yes
APP01396,71989,52,Employed,87771,No,56981,Good,Yes
APP01397,59060,,Employed,67139,No,30722,Average,Yes
APP01398,40857,36,Employed,32524,No,50938,Good,Yes
APP01399,107238,27,Self-Employed,98793,No,34750,Average,No
APP01400,,37,Employed,95267,No,4861,Good,Yes
APP01401,150847,43,Employed,59572,No,56576,Poor,Yes
APP01402,28872,46,Employed,85105,No,44648,Good,Yes
APP01403,46702,41,Self-Employed,29842,No,35305,Average,Yes
APP01404,60888,42,Self-Employed,44524,No,16923,Average,Yes
APP01405,100100,27,Employed,22477,No,50323,Good,Yes
APP01406,71816,34,Employed,54410,No,22741,Good,Yes
APP01407,68997,35,Employed,52120,No,34905,Poor,No
APP01408,36128,27,Employed,25217,Yes,5462,Good,Yes
APP01409,35649,29,Self-Employed,68916,Yes,62363,Poor,No
APP01410,69371,,Self-Employed,16190,No,8113,Good,Yes
APP01411,32476,43,Employed,10861,No,71376,Good,Yes
APP01412,47229,49,Employed,41566,No,69538,Good,Yes
APP01413,75170,38,Self-Employed,43933,No,77716,Good,Yes
APP01414,38563,51,Unemployed,35375,No,72767,Good,No
APP01415,123563,50,Unemployed,29505,No,77741,Good,Yes
APP01416,104075,59,Self-Employed,37184,No,71095,Poor,No
APP01417,29583,55,Employed,20521,No,9888,Average,Yes
APP01418,39440,38,,43328,No,35577,Good,Yes
APP01419,21450,62,Self-Employed,90937,Yes,7016,Good,No
APP01420,42190,59,Employed,26321,No,44079,Average,Yes
APP01421,84709,37,Employed,70023,No,42851,Good,Yes
APP01422,49804,34,Unemployed,18470,No,73852,Average,No
APP01423,73825,51,Employed,38621,No,77606,Good,Yes
APP01424,30244,44,Employed,35512,No,21512,Average,Yes
APP01425,85921,55,Employed,94018,No,47003,Good,Yes
APP01426,46737,64,Employed,45658,No,37691,Average,Yes
APP01427,60329,65,Employed,70594,No,44192,Good,Yes
APP01428,57544,54,Employed,62234,No,43007,Good,Yes
APP01429,33857,23,Self-Employed,18398,Yes,73216,Good,No
APP01430,35711,57,Self-Employed,94256,No,71794,Good,Yes
APP01431,92745,63,Self-Employed,37858,No,10696,Good,Yes
APP01432,71800,,Employed,9252,No,28264,Average,Yes
APP01433,96242,46,Self-Employed,33542,No,60469,Good,Yes
APP01434,,43,Employed,36885,No,55035,Good,Yes
APP01435,63988,64,Employed,13811,No,50864,Good,Yes
APP01436,27595,59,Employed,63898,No,79511,Average,Yes
APP01437,53127,35,Self-Employed,37943,No,27618,Average,Yes
APP01438,59265,24,Employed,64768,No,41705,Average,Yes
APP01439,144495,49,Employed,5640,No,78353,Poor,Yes
APP01440,81734,42,Employed,98295,No,55949,Poor,No
APP01441,119770,45,Employed,21199,No,52246,Average,Yes
APP01442,78511,33,Unemployed,67636,No,13225,Good,Yes
APP01443,43565,38,Unemployed,73000,No,20486,Good,Yes
APP01444,63247,53,Employed,21303,No,30820,Good,Yes
APP01445,66729,36,Employed,15613,No,37723,Poor,Yes
APP01446,39320,65,Employed,19495,No,40280,Good,Yes
APP01447,50470,62,Self-Employed,28448,Yes,72269,Good,No
APP01448,54694,64,Employed,20982,Yes,9470,Poor,No
APP01449,123578,22,Employed,69030,No,20620,Good,Yes
APP01450,23524,55,Employed,44979,No,12347,Average,Yes
APP01451,103230,62,Employed,56090,No,59090,Average,Yes
APP01452,39361,54,Employed,9497,No,77676,Average,Yes
APP01453,32360,50,Employed,86819,No,71623,Average,No
APP01454,102035,33,Employed,21204,No,58141,Average,Yes
APP01455,83404,33,Employed,39214,No,2700,Average,Yes
APP01456,105518,38,Unemployed,11831,No,28415,Good,Yes
APP01457,86027,52,Employed,17995,No,69226,Average,Yes
APP01458,151604,52,Employed,68251,No,52593,Average,Yes
APP01459,77151,55,,70796,No,17559,Good,Yes
APP01460,55920,59,,69312,No,37852,Good,Yes
APP01461,70012,49,Employed,57453,No,7946,Good,Yes
APP01462,104994,49,Self-Employed,95490,No,42143,Good,Yes
APP01463,42251,64,Employed,53182,No,72181,Good,Yes
APP01464,44746,36,Self-Employed,47694,No,4059,Average,Yes
APP01465,52212,64,Unemployed,28517,No,49497,Good,Yes
APP01466,23273,30,Employed,14391,Yes,19415,Good,Yes
APP01467,63846,50,Employed,57075,No,79240,Good,Yes
APP01468,,45,Employed,34915,Yes,6143,Good,Yes
APP01469,,59,Employed,54782,Yes,49766,Good,Yes
APP01470,88564,40,Employed,24581,No,21253,Good,Yes
APP01471,48412,25,,84626,No,70715,Poor,No
APP01472,127619,21,Employed,99971,Yes,10632,Average,No
APP01473,31097,50,Employed,35628,No,34911,Poor,No
APP01474,102556,23,Employed,85021,Yes,15644,Good,No
APP01475,81301,65,,87934,No,64156,Poor,No
APP01476,27719,34,Employed,99627,No,28764,Average,No
APP01477,203202,50,Employed,37558,Yes,15750,Poor,Yes
APP01478,58303,24,Self-Employed,76824,No,58346,Good,No
APP01479,40426,38,Employed,26737,No,65560,Good,Yes
APP01480,31854,57,Self-Employed,64356,No,37529,Good,Yes
APP01481,54344,45,Employed,71960,Yes,30929,Poor,No
APP01482,56657,21,Unemployed,75406,No,50939,Average,No
APP01483,62836,35,Self-Employed,24681,No,52460,Good,Yes
APP01484,52475,29,Employed,85629,No,53199,Good,Yes
APP01485,79782,35,Employed,44992,No,22785,Average,Yes
APP01486,50396,44,Employed,25555,No,75363,Poor,No
APP01487,25119,24,,56540,No,17862,Average,No
APP01488,56100,32,,87019,No,30559,Average,Yes
APP01489,20676,57,Employed,96873,Yes,23412,Good,Yes
APP01490,70354,57,Employed,76080,No,74559,Good,Yes
APP01491,38616,63,Self-Employed,5534,No,66441,Poor,Yes
APP01492,64577,26,Employed,17797,Yes,65090,Average,No
APP01493,108384,59,Employed,12246,No,1372,Average,Yes
APP01494,39150,44,Employed,14615,No,55186,Good,Yes
APP01495,96729,31,Employed,41388,Yes,19192,Good,Yes
APP01496,49369,33,Employed,37157,No,77452,Good,Yes
APP01497,132063,54,Employed,15800,No,42929,Good,Yes
APP01498,50908,,Self-Employed,88812,No,45612,Good,Yes
APP01499,41105,27,Self-Employed,63466,No,29162,Poor,No
APP01500,81745,24,Self-Employed,80664,Yes,43402,Average,No
APP01501,49316,28,Employed,40297,No,60229,Good,Yes
APP01502,41087,40,,43972,No,45392,Good,Yes
APP01503,48391,49,Employed,35174,No,51660,Average,Yes
APP01504,58808,,,46651,No,38325,Good,Yes
APP01505,109763,30,Unemployed,62986,No,57596,Average,No
APP01506,25129,63,Self-Employed,51833,No,72065,Good,Yes
APP01507,60626,54,Employed,84602,No,5033,Good,Yes
APP01508,79484,46,Self-Employed,90513,No,9476,Good,Yes
APP01509,65457,61,Unemployed,49620,No,55163,Good,Yes
APP01510,108179,23,Employed,27776,No,30839,Good,Yes
APP01511,58026,26,Employed,94793,No,23248,Average,Yes
APP01512,55218,25,Self-Employed,74829,No,15109,Average,No
APP01513,78327,25,Employed,65812,No,46238,Poor,No
APP01514,62742,43,Employed,75814,No,28455,Poor,Yes
APP01515,50333,29,Self-Employed,12218,No,41129,Good,Yes
APP01516,75687,55,Employed,11425,No,76726,Good,Yes
APP01517,44733,40,Employed,19546,No,60903,Average,Yes
APP01518,45573,62,Employed,19008,No,63880,Good,Yes
APP01519,47311,55,Employed,44964,Yes,10812,Poor,No
APP01520,110302,38,Unemployed,19953,No,26673,Good,Yes
APP01521,,37,Self-Employed,86180,No,9393,Poor,No
APP01522,71691,44,Employed,59919,No,77513,Poor,No
APP01523,60933,23,Unemployed,39985,No,54893,Good,No
APP01524,28161,52,Unemployed,11614,No,2519,Good,Yes
APP01525,68973,55,Employed,61148,Yes,38565,Good,Yes
APP01526,74324,58,Unemployed,16071,No,21819,Good,Yes
APP01527,,33,Employed,75606,No,43657,Average,Yes
APP01528,18193,45,Employed,81262,No,15114,Good,Yes
APP01529,,29,Employed,56678,No,5492,Good,Yes
APP01530,43050,24,Employed,19212,No,26531,Poor,Yes
APP01531,81720,34,Employed,79752,No,24345,Poor,Yes
APP01532,,57,Employed,34244,Yes,57640,Good,Yes
APP01533,40440,54,Self-Employed,26152,No,38489,Poor,No
APP01534,80766,31,Employed,49703,Yes,24015,Good,Yes
APP01535,50444,61,Employed,92651,No,46064,Average,No
APP01536,,23,Employed,33250,No,6634,Good,Yes
APP01537,101477,48,Employed,91030,Yes,53326,Poor,No
APP01538,42333,49,Employed,10097,No,12636,Average,Yes
APP01539,40847,29,Employed,12935,No,23096,Good,Yes
APP01540,50047,23,Employed,71363,No,23288,Good,Yes
APP01541,67820,45,Employed,23106,No,37802,Good,Yes
APP01542,58473,54,Employed,35079,No,76299,Average,Yes
APP01543,76782,32,Self-Employed,17955,No,26648,Poor,No
APP01544,32838,62,Unemployed,36564,No,23224,Average,Yes
APP01545,42960,29,Self-Employed,31644,Yes,14335,Average,No
APP01546,56948,35,Employed,74952,No,31966,Average,Yes
APP01547,140948,60,Employed,71692,No,15381,Poor,Yes
APP01548,57004,45,Self-Employed,95718,No,11884,Average,No
APP01549,97778,25,,73820,Yes,68731,Good,No
APP01550,61050,31,Employed,71008,No,5158,Average,Yes
APP01551,48265,54,Employed,70949,No,57155,Good,Yes
APP01552,53695,44,Employed,88882,Yes,17003,Poor,No
APP01553,55621,35,Self-Employed,33142,No,1925,Good,Yes
APP01554,78727,58,Employed,33509,No,63816,Good,Yes
APP01555,111377,28,Employed,75415,No,56481,Good,Yes
APP01556,70541,25,Self-Employed,26727,No,27410,Average,Yes
APP01557,102363,46,Employed,91642,No,7267,Good,Yes
APP01558,38869,38,Employed,55804,Yes,29493,Poor,No
APP01559,49787,26,Employed,33512,No,15325,Good,Yes
APP01560,43311,57,Employed,78729,No,74668,Good,Yes
APP01561,69120,33,Employed,34670,No,42840,Good,Yes
APP01562,,48,Employed,96511,No,77144,Good,Yes
APP01563,83324,25,Employed,98384,No,28754,Good,Yes
APP01564,39464,,Self-Employed,68346,Yes,44961,Good,No
APP01565,61173,37,Employed,15795,Yes,16020,Good,Yes
APP01566,81731,60,Employed,30005,No,64866,Good,Yes
APP01567,23688,65,Employed,53965,No,4247,Good,Yes
APP01568,155879,52,Self-Employed,85888,No,55954,Average,Yes
APP01569,52822,49,Employed,22564,Yes,31941,Good,Yes
APP01570,24121,23,Employed,14918,No,46695,Good,Yes
APP01571,64424,60,Employed,12075,No,47788,Good,Yes
APP01572,60910,54,Employed,53162,No,57153,Good,Yes
APP01573,57829,60,Employed,89047,Yes,17137,Good,Yes
APP01574,93726,47,Self-Employed,9024,No,42979,Average,Yes
APP01575,83990,33,Employed,25171,No,34727,Poor,Yes
APP01576,68607,65,Unemployed,70859,No,23292,Good,Yes
APP01577,73473,53,Employed,83457,No,40162,Good,Yes
APP01578,57247,26,Self-Employed,81703,No,76209,Good,No
APP01579,133395,44,Employed,79581,No,75962,Good,Yes
APP01580,30837,39,Employed,17331,No,23027,Good,Yes
APP01581,63892,36,Employed,42738,No,70852,Good,Yes
APP01582,61782,60,Employed,98551,No,70264,Poor,No
APP01583,86515,48,Self-Employed,98944,Yes,20717,Good,No
APP01584,41043,53,,62231,Yes,48317,Good,Yes
APP01585,27377,,Employed,72380,No,69725,Average,No
APP01586,64387,33,Employed,95372,No,41685,Good,Yes
APP01587,68095,63,Self-Employed,47743,No,30212,Good,Yes
APP01588,117292,65,Employed,18002,No,52412,Average,Yes
APP01589,33875,45,Self-Employed,68550,No,14622,Good,Yes
APP01590,100883,62,Self-Employed,96210,No,13777,Average,Yes
APP01591,174109,56,Self-Employed,71235,No,66779,Good,Yes
APP01592,50620,47,,81316,No,4308,Good,Yes
APP01593,33563,58,Employed,45161,No,64487,Average,Yes
APP01594,49959,27,Employed,14164,No,23949,Good,Yes
APP01595,60379,25,Self-Employed,21044,No,39167,Good,Yes
APP01596,77327,63,Self-Employed,98352,Yes,43938,Good,No
APP01597,45980,65,,51853,No,61598,Poor,No
APP01598,120806,51,Self-Employed,6142,No,70825,Average,Yes
APP01599,36336,43,Employed,95760,No,64534,Good,Yes
APP01600,27432,62,Employed,52289,Yes,46215,Average,No
APP01601,98728,,Employed,84445,No,28493,Average,Yes
APP01602,21558,,Unemployed,57104,Yes,42598,Poor,No
APP01603,54734,63,Self-Employed,14662,Yes,3372,Good,Yes
APP01604,244032,50,Self-Employed,63479,No,20353,Poor,Yes
APP01605,59676,59,Unemployed,99753,No,29926,Good,Yes
APP01606,36234,51,Employed,8300,No,26261,Poor,Yes
APP01607,58470,38,Unemployed,84970,Yes,8517,Good,No
APP01608,58644,56,Employed,27371,No,5010,Good,Yes
APP01609,64498,22,Self-Employed,42417,No,34236,Average,No
APP01610,80831,34,Self-Employed,40407,No,6909,Average,Yes
APP01611,37590,33,Employed,90386,No,23610,Good,Yes
APP01612,128219,49,Employed,52926,Yes,38511,Good,Yes
APP01613,66997,32,Employed,47482,Yes,17587,Good,Yes
APP01614,83213,59,Unemployed,82712,Yes,7283,Good,No
APP01615,45226,22,Employed,9646,No,35139,Good,Yes
APP01616,107041,52,Employed,13213,No,36430,Good,Yes
APP01617,53446,33,Self-Employed,7060,No,73334,Good,Yes
APP01618,67982,47,Employed,70358,No,11099,Good,Yes
APP01619,39427,61,Employed,54934,No,49585,Good,Yes
APP01620,,37,Employed,88222,No,26257,Poor,No
APP01621,81780,60,Employed,52361,No,10764,Good,Yes
APP01622,49142,51,Self-Employed,26073,No,32059,Average,Yes
APP01623,40859,54,Employed,81489,No,34807,Poor,No
APP01624,44921,44,Employed,32961,No,29722,Good,Yes
APP01625,82177,65,Employed,93891,No,61493,Good,Yes
APP01626,45208,55,Employed,28790,Yes,67297,Good,No
APP01627,56906,26,Unemployed,20933,No,12750,Good,Yes
APP01628,60407,39,Self-Employed,51866,No,14265,Good,Yes
APP01629,25319,50,Employed,9799,No,34276,Good,Yes
APP01630,30949,27,,8459,No,26295,Poor,Yes
APP01631,69802,30,Employed,52121,Yes,65746,Good,No
APP01632,43064,61,Employed,25435,No,79748,Average,Yes
APP01633,96532,52,Employed,5889,Yes,15308,Good,Yes
APP01634,92704,54,Self-Employed,33125,No,61241,Good,Yes
APP01635,82928,48,Employed,50350,No,48972,Good,Yes
APP01636,136080,,,42457,Yes,51910,Good,No
APP01637,57798,50,Employed,17870,No,21891,Average,Yes
APP01638,80346,57,Employed,60069,No,8679,Good,Yes
APP01639,46125,49,Self-Employed,72482,Yes,43917,Good,No
APP01640,180894,,Employed,69176,No,49467,Good,Yes
APP01641,146493,24,Employed,42407,No,77081,Good,Yes
APP01642,60322,40,Employed,18072,Yes,54343,Average,No
APP01643,71401,52,Unemployed,52451,No,36051,Average,Yes
APP01644,110612,56,Employed,89591,No,79526,Average,Yes
APP01645,56156,24,Self-Employed,49529,Yes,30486,Good,No
APP01646,44650,47,Employed,23590,No,13842,Good,Yes
APP01647,88911,,Self-Employed,13840,No,49820,Good,Yes
APP01648,62156,32,Self-Employed,94673,Yes,22034,Average,No
APP01649,65150,42,Employed,75586,Yes,73854,Good,No
APP01650,41220,37,Self-Employed,34732,No,34802,Poor,No
APP01651,27699,30,Self-Employed,33058,Yes,12820,Poor,No
APP01652,66727,21,Employed,90046,No,12189,Poor,No
APP01653,90159,42,Employed,21869,No,52322,Good,Yes
APP01654,,46,Employed,55829,Yes,29906,Good,Yes
APP01655,114519,38,Employed,72783,No,29734,Poor,Yes
APP01656,43710,34,Self-Employed,42657,No,49374,Average,No
APP01657,37327,49,Self-Employed,8791,No,18499,Average,Yes
APP01658,58212,32,Employed,26637,No,12489,Good,Yes
APP01659,57811,56,,90672,No,52924,Average,No
APP01660,84845,55,Employed,54696,Yes,1414,Good,Yes
APP01661,42335,32,Employed,82467,Yes,72682,Good,No
APP01662,111051,27,Unemployed,57790,No,15455,Poor,No
APP01663,145395,49,Employed,94642,No,36381,Good,Yes
APP01664,58952,31,Employed,91368,No,17707,Average,No
APP01665,105290,53,Self-Employed,50874,Yes,18239,Good,Yes
APP01666,37297,26,Employed,35236,No,66965,Good,Yes
APP01667,97338,35,Employed,62159,No,47218,Good,Yes
APP01668,96122,52,Employed,69114,Yes,25605,Good,Yes
APP01669,88490,31,Employed,52344,Yes,20837,Good,No
APP01670,59581,43,Unemployed,83117,No,17816,Good,Yes
APP01671,18000,46,Employed,22416,No,44801,Average,Yes
APP01672,44951,54,Employed,36769,No,58732,Good,Yes
APP01673,45272,54,Employed,70206,No,21029,Poor,No
APP01674,38634,49,Employed,28435,No,27252,Good,Yes
APP01675,63393,24,Employed,46785,No,57909,Average,No
APP01676,49690,37,Employed,96555,No,59245,Good,Yes
APP01677,41400,55,Employed,64458,No,17379,Good,Yes
APP01678,37259,33,Employed,95160,No,31194,Average,No
APP01679,43483,61,Employed,73632,No,69727,Good,Yes
APP01680,99387,59,Self-Employed,73843,No,59475,Poor,No
APP01681,44562,35,Self-Employed,61226,Yes,13837,Good,No
APP01682,47590,49,Unemployed,18510,Yes,31491,Poor,No
APP01683,48854,49,Employed,54373,No,77890,Good,Yes
APP01684,69888,31,Employed,29003,Yes,42505,Good,Yes
APP01685,73675,52,Self-Employed,99874,No,57828,Good,Yes
APP01686,18000,22,Employed,30361,Yes,8271,Good,No
APP01687,95019,34,Employed,26915,No,66768,Good,Yes
APP01688,114515,40,Self-Employed,64269,No,48778,Good,Yes
APP01689,37403,42,Self-Employed,53540,No,14872,Good,Yes
APP01690,38738,31,Unemployed,7029,No,31037,Average,No
APP01691,48996,,Self-Employed,17306,No,7559,Poor,Yes
APP01692,42698,23,Self-Employed,82049,Yes,62384,Good,No
APP01693,66361,37,Employed,50951,No,59845,Good,Yes
APP01694,24988,64,Unemployed,18871,No,39728,Good,Yes
APP01695,36280,48,Employed,49198,Yes,36709,Average,No
APP01696,119939,49,Unemployed,29049,No,37611,Good,Yes
APP01697,39514,41,Employed,26241,No,3960,Average,Yes
APP01698,104992,36,Employed,95984,No,30091,Good,Yes
APP01699,70404,57,Self-Employed,39392,No,11152,Good,Yes
APP01700,26580,40,Employed,9411,Yes,15599,Good,Yes
APP01701,79857,26,Self-Employed,97181,No,77007,Good,No
APP01702,56906,39,Employed,80510,No,21681,Good,Yes
APP01703,48881,25,Self-Employed,29169,No,39206,Average,Yes
APP01704,66992,23,Self-Employed,43845,Yes,71136,Good,No
APP01705,74287,21,Employed,86918,No,33666,Good,Yes
APP01706,82497,58,Employed,38954,No,42761,Average,Yes
APP01707,,35,,58903,No,14334,Good,Yes
APP01708,72097,54,Self-Employed,55811,Yes,23521,Good,Yes
APP01709,32308,55,Employed,43123,No,40983,Average,Yes
APP01710,,45,Employed,65753,No,29827,Average,Yes
APP01711,225589,44,Employed,49963,No,4022,Good,Yes
APP01712,83127,32,Employed,7017,No,32665,Average,Yes
APP01713,174256,38,Employed,82366,No,65393,Good,Yes
APP01714,112425,35,,15750,No,10169,Good,Yes
APP01715,66897,64,Employed,49089,No,2480,Good,Yes
APP01716,68716,36,Self-Employed,60091,Yes,10378,Good,Yes
APP01717,59020,47,Employed,72023,No,55263,Poor,No
APP01718,27449,28,Unemployed,44026,No,63777,Average,No
APP01719,60489,45,Employed,74877,No,4849,Good,Yes
APP01720,103456,37,Employed,17478,No,71117,Good,Yes
APP01721,45810,49,Employed,67077,No,50559,Poor,No
APP01722,72220,28,Employed,83502,No,41932,Average,Yes
APP01723,88020,35,Employed,89497,No,21034,Good,Yes
APP01724,39845,47,Self-Employed,60059,No,30364,Good,Yes
APP01725,48972,27,Employed,34725,Yes,75811,Average,No
APP01726,37951,23,Self-Employed,20519,No,73012,Average,No
APP01727,41445,49,Employed,37828,No,50412,Good,Yes
APP01728,,64,Employed,56298,Yes,46734,Average,No
APP01729,40011,44,Employed,23651,No,17633,Good,Yes
APP01730,113647,23,Unemployed,95489,No,76309,Good,No
APP01731,39741,40,Employed,90228,No,60676,Good,Yes
APP01732,63513,35,Self-Employed,8131,Yes,31199,Good,Yes
APP01733,47849,45,Employed,58386,No,65451,Average,Yes
APP01734,101986,50,Employed,79984,No,17738,Good,Yes
APP01735,108242,34,Employed,28312,No,17845,Good,Yes
APP01736,88515,,Self-Employed,54770,No,63486,Poor,No
APP01737,68862,37,Self-Employed,43569,No,45185,Good,Yes
APP01738,54075,64,Employed,23672,No,44911,Average,Yes
APP01739,35093,40,Self-Employed,63400,Yes,46320,Average,No
APP01740,143873,56,Employed,99401,No,10939,Good,Yes
APP01741,42627,29,Unemployed,39702,No,28615,Good,Yes
APP01742,80882,58,Self-Employed,57476,No,46273,Poor,No
APP01743,96655,42,Self-Employed,36146,No,20559,Good,Yes
APP01744,46734,22,Self-Employed,88310,No,40816,Good,No
APP01745,95722,44,Employed,87137,No,45006,Poor,Yes
APP01746,84626,28,Employed,21983,Yes,75482,Good,No
APP01747,130572,,Employed,90495,No,20416,Good,Yes
APP01748,48576,33,Employed,19393,Yes,35709,Average,No
APP01749,33640,37,Employed,14067,No,78539,Average,No
APP01750,47793,28,Employed,67029,No,15756,Good,Yes
APP01751,65913,41,Employed,41661,Yes,62622,Good,No
APP01752,61593,38,Employed,55420,No,14995,Good,Yes
APP01753,50264,50,Employed,66994,Yes,68154,Average,No
APP01754,25412,38,Employed,10020,No,39550,Poor,Yes
APP01755,74148,51,Self-Employed,32831,No,77801,Good,Yes
APP01756,145751,58,Employed,48786,No,14436,Average,Yes
APP01757,73940,52,Self-Employed,30326,No,55346,Good,Yes
APP01758,78922,31,Employed,9652,No,55927,Poor,No
APP01759,77629,65,Employed,13234,No,57791,Good,Yes
APP01760,71738,45,Employed,81166,No,8977,Average,Yes
APP01761,91249,53,Employed,91582,No,23796,Poor,Yes
APP01762,71684,58,Employed,19462,No,27703,Average,Yes
APP01763,52125,61,Employed,28680,Yes,26619,Average,Yes
APP01764,41936,28,Employed,66964,No,54327,Average,No
APP01765,53641,31,Employed,95656,No,5332,Poor,No
APP01766,69110,,Self-Employed,33461,No,58676,Average,Yes
APP01767,52045,44,Employed,86245,No,42600,Average,No
APP01768,69117,61,Employed,53072,Yes,14667,Average,Yes
APP01769,73110,37,Employed,95873,No,18863,Good,Yes
APP01770,87293,32,Employed,17945,No,8709,Good,Yes
APP01771,106869,52,Unemployed,97499,No,37266,Good,No
APP01772,62144,35,Employed,46893,No,47999,Good,Yes
APP01773,33310,36,Employed,95529,No,46897,Average,No
APP01774,51370,42,Employed,48576,No,77027,Good,Yes
APP01775,61202,48,Employed,55358,Yes,24381,Good,Yes
APP01776,26265,40,Employed,81454,No,61204,Good,Yes
APP01777,112083,,,73650,No,58123,Good,Yes
APP01778,63970,30,Employed,63862,Yes,5845,Good,Yes
APP01779,71233,60,Employed,44613,No,74470,Poor,No
APP01780,110922,52,Employed,80282,Yes,74573,Average,No
APP01781,45186,53,Employed,95082,Yes,32310,Good,No
APP01782,77685,22,Employed,5932,No,33997,Good,Yes
APP01783,57106,53,Employed,60845,No,65748,Average,Yes
APP01784,55230,53,Employed,87268,No,40107,Average,Yes
APP01785,42388,61,Employed,67046,Yes,64137,Good,No
APP01786,126959,33,Employed,81079,No,3854,Good,Yes
APP01787,50672,50,Employed,90031,No,20771,Good,Yes
APP01788,82196,53,Employed,76340,No,8194,Good,Yes
APP01789,25806,33,Employed,73117,No,36882,Good,Yes
APP01790,102037,46,Employed,96651,No,68479,Average,Yes
APP01791,96336,42,Employed,87050,Yes,46013,Poor,No
APP01792,62689,59,Self-Employed,82461,Yes,42106,Good,No
APP01793,54175,22,Self-Employed,13208,No,29922,Average,Yes
APP01794,71833,58,,27708,No,6025,Poor,No
APP01795,168057,59,Unemployed,57892,No,61546,Average,Yes
APP01796,27137,46,Self-Employed,72408,No,46091,Average,No
APP01797,85307,35,Unemployed,33805,No,74546,Poor,No
APP01798,39810,54,Self-Employed,13866,Yes,35125,Good,Yes
APP01799,59465,62,Self-Employed,34554,Yes,32718,Good,Yes
APP01800,53667,64,Employed,78248,No,77973,Poor,No
APP01801,49482,60,Employed,88353,No,12151,Good,Yes
APP01802,59718,31,Self-Employed,91726,No,20937,Average,Yes
APP01803,36016,23,Employed,40992,No,39565,Average,No
APP01804,95343,26,,40391,No,42360,Good,Yes
APP01805,26762,29,Employed,43637,No,44349,Good,Yes
APP01806,76496,26,Employed,40702,No,17757,Good,Yes
APP01807,51801,,Self-Employed,68289,No,74221,Good,No
APP01808,35425,59,Unemployed,39041,No,56577,Good,Yes
APP01809,65721,51,Employed,6933,No,21417,Good,Yes
APP01810,29776,52,Self-Employed,46707,No,24241,Good,Yes
APP01811,,61,Self-Employed,26294,No,70548,Good,Yes
APP01812,31628,32,Employed,7737,No,31048,Good,Yes
APP01813,73841,28,Employed,49730,No,44953,Average,Yes
APP01814,39582,28,Employed,24566,No,10514,Poor,No
APP01815,48979,48,Employed,48010,No,20887,Good,Yes
APP01816,68485,40,Employed,31386,No,33910,Good,Yes
APP01817,42381,27,Employed,62352,No,52835,Poor,No
APP01818,58455,31,Employed,99133,No,23137,Good,Yes
APP01819,30360,40,Self-Employed,56987,Yes,76110,Good,No
APP01820,79698,36,Employed,66455,No,18397,Good,Yes
APP01821,132762,24,Employed,92331,No,62534,Good,Yes
APP01822,210785,26,Employed,40530,No,29803,Good,Yes
APP01823,62513,42,Self-Employed,20822,Yes,66839,Good,No
APP01824,85544,46,Self-Employed,31866,No,73925,Good,Yes
APP01825,26925,23,Employed,43266,No,15774,Good,Yes
APP01826,117987,61,Unemployed,66277,No,39827,Good,Yes
APP01827,85085,62,Self-Employed,5436,No,13195,Average,Yes
APP01828,48259,34,Self-Employed,86071,No,56760,Good,No
APP01829,104698,31,Self-Employed,12229,No,66747,Good,Yes
APP01830,53508,38,Employed,90562,No,31768,Average,Yes
APP01831,48825,32,Employed,95196,No,32343,Good,Yes
APP01832,74310,43,Employed,99060,No,17103,Good,Yes
APP01833,37182,32,Employed,81903,No,25216,Good,Yes
APP01834,95019,33,Employed,18476,No,26588,Average,Yes
APP01835,37306,45,Self-Employed,72086,No,13290,Average,Yes
APP01836,37406,65,Employed,24316,No,25486,Good,Yes
APP01837,39844,39,,90227,No,72673,Good,No
APP01838,84447,56,Employed,35078,Yes,26705,Good,Yes
APP01839,45458,65,Employed,36046,No,22681,Average,Yes
APP01840,32712,28,Employed,92177,Yes,31387,Poor,No
APP01841,45686,49,Employed,6257,Yes,76862,Good,Yes
APP01842,59141,52,Unemployed,23427,No,61402,Good,Yes
APP01843,35266,,,45084,Yes,16937,Good,No
APP01844,35733,38,Employed,71569,No,60452,Good,No
APP01845,155156,26,Unemployed,66519,No,61533,Average,No
APP01846,40735,38,Self-Employed,68594,Yes,76061,Good,No
APP01847,51882,39,Employed,88602,No,71397,Good,Yes
APP01848,50861,42,Employed,16498,No,8520,Average,Yes
APP01849,49637,57,Employed,54605,No,36912,Good,Yes
APP01850,79357,52,Employed,73920,No,56536,Average,Yes
APP01851,91928,61,Self-Employed,65431,No,77896,Good,Yes
APP01852,52283,23,Employed,47590,No,7727,Good,Yes
APP01853,34396,48,Employed,6626,No,30090,Poor,Yes
APP01854,106468,30,Employed,10743,Yes,39886,Average,No
APP01855,57480,55,Unemployed,16299,No,33646,Good,Yes
APP01856,130711,49,Self-Employed,37607,No,37006,Average,Yes
APP01857,21842,35,Employed,16177,No,30159,Average,Yes
APP01858,65515,53,Employed,45478,No,77679,Average,Yes
APP01859,142269,27,Employed,21971,No,64456,Average,Yes
APP01860,51181,32,Self-Employed,79021,No,59196,Good,No
APP01861,54210,50,Employed,87791,No,33445,Good,Yes
APP01862,68534,41,Self-Employed,42017,Yes,70640,Average,No
APP01863,46660,51,Unemployed,53577,No,8374,Good,Yes
APP01864,52139,,Employed,95582,No,12330,Average,Yes
APP01865,51538,40,Employed,55873,No,76371,Good,Yes
APP01866,45241,57,Employed,99532,Yes,45792,Average,No
APP01867,104306,24,Employed,18502,No,13597,Good,Yes
APP01868,73835,48,Employed,86912,No,75983,Good,Yes
APP01869,67163,64,Employed,52234,No,78013,Average,Yes
APP01870,86332,40,Employed,7158,Yes,70638,Average,No
APP01871,53271,44,,97361,No,19846,Good,Yes
APP01872,42349,52,Self-Employed,96680,Yes,23001,Good,No
APP01873,45749,61,Employed,41411,No,33151,Average,Yes
APP01874,60048,56,Employed,95643,Yes,46766,Poor,No
APP01875,37252,54,Self-Employed,18396,No,79382,Good,Yes
APP01876,47905,56,Employed,69610,No,76535,Good,Yes
APP01877,47565,22,Self-Employed,23233,No,73770,Good,Yes
APP01878,156084,35,Self-Employed,28431,No,8053,Poor,Yes
APP01879,18000,54,Employed,79037,No,60816,Good,Yes
APP01880,55341,56,,40849,Yes,70271,Good,No
APP01881,130439,26,Employed,5677,Yes,27329,Good,Yes
APP01882,63382,59,Employed,44353,No,18346,Average,Yes
APP01883,84216,62,Employed,26667,No,60127,Poor,Yes
APP01884,62757,32,Unemployed,69916,Yes,8176,Good,No
APP01885,44436,23,Employed,23473,No,75328,Good,Yes
APP01886,21878,65,Employed,85014,Yes,13330,Good,No
APP01887,65812,38,Unemployed,30374,Yes,37145,Good,No
APP01888,42323,60,Self-Employed,42338,No,78641,Good,Yes
APP01889,41854,,Employed,33314,No,79069,Poor,No
APP01890,47933,35,Employed,66173,No,62303,Poor,No
APP01891,131569,53,Employed,14611,Yes,67296,Poor,No
APP01892,177066,55,Unemployed,50419,Yes,77406,Good,No
APP01893,66161,46,Employed,36773,No,74267,Good,Yes
APP01894,48677,28,Self-Employed,88993,No,50147,Average,No
APP01895,35325,56,Employed,11974,No,59035,Good,Yes
APP01896,74083,50,Self-Employed,83821,Yes,47908,Good,No
APP01897,133841,43,Employed,20930,No,41013,Good,Yes
APP01898,53680,62,Unemployed,13415,No,70585,Poor,No
APP01899,20569,64,Unemployed,24221,Yes,59304,Average,No
APP01900,,34,Employed,14752,Yes,68925,Good,Yes
APP01901,93483,34,Self-Employed,54493,No,8577,Good,Yes
APP01902,29392,22,Self-Employed,98880,No,46542,Average,No
APP01903,64959,57,Unemployed,8261,No,27032,Average,Yes
APP01904,73508,25,Employed,48807,No,41558,Average,Yes
APP01905,58058,58,Employed,41677,No,49424,Good,Yes
APP01906,42035,65,Self-Employed,37263,No,67815,Good,Yes
APP01907,94776,61,Self-Employed,36527,Yes,3518,Average,Yes
APP01908,50040,34,Employed,90026,Yes,13955,Poor,No
APP01909,30754,59,Self-Employed,6803,Yes,73794,Good,No
APP01910,23857,45,Employed,78617,No,77414,Good,Yes
APP01911,105819,40,Self-Employed,29029,No,5378,Good,Yes
APP01912,79189,22,Employed,41413,No,27211,Good,Yes
APP01913,62423,59,Employed,44914,No,1769,Good,Yes
APP01914,49216,26,Employed,33950,No,60838,Average,No
APP01915,47290,37,Employed,13888,No,54873,Good,Yes
APP01916,36976,45,Employed,15861,No,45620,Good,Yes
APP01917,49412,48,Employed,33322,No,55641,Good,Yes
APP01918,23111,22,Employed,83072,No,43486,Poor,No
APP01919,43082,55,Employed,17790,No,19868,Average,Yes
APP01920,52166,57,Self-Employed,75551,No,60592,Good,Yes
APP01921,78948,25,Employed,32443,No,62879,Good,Yes
APP01922,58932,21,Employed,88929,No,68482,Good,Yes
APP01923,85804,60,Employed,45691,No,76372,Good,Yes
APP01924,110107,32,Unemployed,21314,No,60056,Good,Yes
APP01925,96594,56,Self-Employed,98655,No,5309,Average,Yes
APP01926,74149,65,Employed,21780,No,2646,Good,Yes
APP01927,60321,43,Self-Employed,58924,No,59450,Poor,No
APP01928,38590,51,Unemployed,59082,No,5428,Good,Yes
APP01929,83707,31,Employed,40417,No,25960,Good,Yes
APP01930,127770,30,Unemployed,95391,No,11757,Good,Yes
APP01931,69986,23,Employed,85168,No,77543,Good,Yes
APP01932,142182,34,Employed,83833,No,25995,Good,Yes
APP01933,30200,36,Employed,97544,No,5357,Average,Yes
APP01934,35694,30,Employed,48425,No,76019,Good,No
APP01935,88163,49,Employed,14233,No,49091,Good,Yes
APP01936,67578,30,Employed,77718,No,3853,Poor,Yes
APP01937,108369,32,Employed,41177,Yes,66836,Poor,No
APP01938,59584,50,Employed,23083,Yes,13050,Average,Yes
APP01939,40599,61,Employed,50908,No,64392,Average,Yes
APP01940,54501,21,Employed,92943,No,48617,Good,No
APP01941,,25,Employed,21279,No,14992,Good,Yes
APP01942,36107,40,Unemployed,85626,No,60455,Good,No
APP01943,92939,28,Employed,44729,No,36906,Poor,No
APP01944,88863,63,Employed,17996,No,51410,Good,Yes
APP01945,70647,32,Employed,85596,No,69692,Good,Yes
APP01946,27656,,Employed,97114,No,21564,Good,Yes
APP01947,51063,40,Employed,32671,No,29912,Good,Yes
APP01948,34574,48,Employed,33836,No,79784,Good,Yes
APP01949,101879,63,Self-Employed,42102,No,41141,Good,Yes
APP01950,46140,,Employed,82342,No,45122,Good,Yes
APP01951,36810,57,Employed,5990,No,23550,Good,Yes
APP01952,60810,32,Employed,26276,No,33866,Good,Yes
APP01953,44983,57,Self-Employed,72060,No,40623,Good,Yes
APP01954,116983,64,Self-Employed,43536,Yes,21417,Average,No
APP01955,43107,48,Employed,36378,No,19813,Good,Yes
APP01956,31967,35,Employed,87867,No,48437,Average,No
APP01957,22772,26,Unemployed,92147,No,15508,Good,No
APP01958,59174,64,Employed,95059,No,44723,Good,Yes
APP01959,,40,Employed,30892,Yes,56791,Average,No
APP01960,31543,34,Employed,91689,No,16662,Good,Yes
APP01961,102462,22,Employed,75012,No,59924,Good,Yes
APP01962,81013,29,Unemployed,19650,No,29415,Poor,No
APP01963,59243,57,Unemployed,62976,No,79408,Good,No
APP01964,110863,40,Self-Employed,7502,No,78347,Good,Yes
APP01965,80841,46,Employed,72296,No,64089,Poor,No
APP01966,41432,49,Employed,74689,No,28075,Good,Yes
APP01967,37588,21,Employed,79987,No,75040,Average,No
APP01968,86698,55,Unemployed,21390,No,79904,Good,Yes
APP01969,71716,26,Self-Employed,64684,No,37520,Good,Yes
APP01970,64763,57,Employed,21991,No,49553,Good,Yes
APP01971,40994,25,Employed,94932,No,1473,Good,Yes
APP01972,78879,53,Employed,69126,No,4439,Average,Yes
APP01973,42707,34,Unemployed,14056,No,40547,Poor,No
APP01974,57309,32,Employed,22768,No,49136,Good,Yes
APP01975,115062,62,Employed,68029,No,25679,Average,Yes
APP01976,44566,40,Employed,50284,No,8831,Good,Yes
APP01977,29562,44,Employed,74948,Yes,62799,Good,No
APP01978,37364,63,Unemployed,31675,No,34082,Poor,No
APP01979,93858,54,Unemployed,67502,No,52259,Good,Yes
APP01980,67287,45,Unemployed,21811,No,52366,Good,No
APP01981,56619,49,Self-Employed,56652,No,44200,Good,Yes
APP01982,47715,59,Employed,95991,No,15101,Good,Yes
APP01983,,51,Employed,64681,No,49670,Good,Yes
APP01984,40946,63,Employed,9749,Yes,26445,Average,No
APP01985,68848,43,Self-Employed,98932,No,65711,Poor,No
APP01986,43176,64,Employed,19902,No,16263,Good,Yes
APP01987,40061,58,,73217,No,24001,Good,Yes
APP01988,45037,40,Employed,55590,No,35784,Good,Yes
APP01989,50674,43,Employed,32964,No,59461,Good,Yes
APP01990,58696,65,Self-Employed,21844,No,57939,Poor,No
APP01991,66706,36,Unemployed,21882,No,27632,Poor,No
APP01992,18000,62,Employed,86548,No,41349,Average,Yes
APP01993,41717,28,Employed,87927,No,19505,Average,No
APP01994,50307,41,Unemployed,49189,No,61859,Average,No
APP01995,118111,21,Self-Employed,14844,No,16540,Good,Yes
APP01996,36905,28,Employed,88996,Yes,65728,Good,No
APP01997,64561,49,Employed,51267,No,75012,Good,Yes
APP01998,117579,52,Employed,46682,No,79338,Average,Yes
APP01999,33232,,Employed,43699,No,68700,Good,Yes
APP02000,71639,25,Self-Employed,39676,No,18514,Good,Yes
APP02001,41818,42,Employed,54971,No,33905,Good,Yes
APP02002,47811,54,Employed,62431,Yes,8018,Average,No
APP02003,41802,21,Employed,49311,No,14000,Poor,No
APP02004,43164,46,Employed,90182,No,4926,Good,Yes
APP02005,204221,63,Employed,35178,No,51646,Average,Yes
APP02006,87738,30,Employed,59940,No,43122,Good,Yes
APP02007,98507,50,Employed,33496,No,73444,Average,Yes
APP02008,74869,38,Employed,76568,No,37578,Good,Yes
APP02009,29123,37,Employed,14702,No,51742,Good,Yes
APP02010,71670,46,Employed,22926,Yes,32726,Good,Yes
APP02011,97238,28,Employed,81114,Yes,66527,Good,No
APP02012,40867,60,Employed,22404,Yes,74184,Poor,No
APP02013,92642,32,Employed,64446,No,35107,Poor,Yes
APP02014,82376,47,,97173,No,7533,Good,Yes
APP02015,138070,28,Unemployed,54675,No,13919,Good,Yes
APP02016,49717,45,Unemployed,22803,No,57923,Average,No
APP02017,36614,24,Employed,35466,No,26696,Good,Yes
APP02018,,53,Self-Employed,83229,Yes,63045,Good,No
APP02019,114474,21,Employed,38408,No,60231,Good,Yes
APP02020,26352,39,Employed,73734,No,55850,Poor,No
APP02021,23655,51,Employed,78848,No,65323,Average,No
APP02022,62463,36,Employed,52612,No,60768,Average,No
APP02023,49165,34,Employed,79405,No,50974,Good,Yes
APP02024,60209,25,Employed,35106,No,1334,Average,Yes
APP02025,91811,61,Self-Employed,54035,No,41738,Good,Yes
APP02026,46791,,Employed,70223,Yes,48025,Good,No
APP02027,25829,48,Employed,20967,Yes,76891,Average,No
APP02028,150560,22,Employed,30994,Yes,52388,Poor,No
APP02029,38305,26,Employed,66943,No,46462,Poor,No
APP02030,37255,29,Unemployed,67259,No,43754,Average,No
APP02031,98595,53,Self-Employed,51864,No,9160,Average,Yes
APP02032,50467,61,Unemployed,80581,Yes,34782,Average,No
APP02033,58313,45,Self-Employed,50795,No,11614,Poor,Yes
APP02034,74560,33,Employed,88726,No,5163,Good,Yes
APP02035,97705,29,Employed,74911,No,27028,Good,Yes
APP02036,51640,33,Employed,34896,Yes,51990,Average,No
APP02037,118905,51,Employed,42549,No,69477,Poor,Yes
APP02038,22948,61,Self-Employed,68430,No,65019,Good,No
APP02039,84458,31,Employed,89973,No,24280,Average,Yes
APP02040,41123,24,Employed,21977,No,4634,Good,Yes
APP02041,111260,54,Self-Employed,53893,No,32812,Poor,No
APP02042,63960,58,Self-Employed,16285,Yes,25868,Average,No
APP02043,44324,24,,31548,No,30330,Good,Yes
APP02044,80852,58,Employed,70168,No,45169,Average,Yes
APP02045,89683,39,Employed,12385,No,3403,Average,Yes
APP02046,80094,26,Employed,67924,No,30294,Poor,No
APP02047,37750,54,Employed,90577,No,45132,Poor,No
APP02048,48257,38,Employed,97090,No,35047,Good,Yes
APP02049,59890,33,Employed,25580,No,53711,Good,Yes
APP02050,58896,61,Employed,76145,No,15704,Average,Yes
APP02051,84077,43,Self-Employed,93005,No,13152,Poor,No
APP02052,24231,39,Self-Employed,13680,No,25322,Good,Yes
APP02053,69741,65,Employed,44332,No,9037,Good,Yes
APP02054,52660,31,Self-Employed,92344,No,19665,Good,Yes
APP02055,41142,21,Employed,24265,No,7865,Good,Yes
APP02056,42958,44,Employed,93707,No,32756,Average,No
APP02057,54478,27,Employed,55083,No,57205,Good,Yes
APP02058,18000,45,Employed,14490,No,23637,Good,Yes
APP02059,43762,41,Employed,47738,No,1295,Poor,Yes
APP02060,40457,35,Unemployed,35995,No,45008,Good,Yes
APP02061,76256,21,Employed,31809,No,55663,Average,Yes
APP02062,41757,32,Unemployed,56440,Yes,31914,Good,No
APP02063,54464,27,Employed,50941,No,24463,Average,Yes
APP02064,120105,35,Employed,50787,No,39760,Good,Yes
APP02065,93860,41,Employed,13373,No,8998,Good,Yes
APP02066,90050,39,Employed,81220,No,51870,Good,Yes
APP02067,47914,49,Employed,50737,No,58930,Poor,No
APP02068,76609,45,Self-Employed,82986,No,56666,Good,Yes
APP02069,54006,53,Employed,83336,No,26965,Good,Yes
APP02070,54932,52,Employed,35128,No,67574,Average,Yes
APP02071,72147,55,Employed,5413,No,75801,Good,Yes
APP02072,45865,64,Employed,91568,No,24469,Poor,Yes
APP02073,117472,58,Self-Employed,77266,Yes,21755,Good,Yes
APP02074,55829,46,Self-Employed,15189,No,56624,Good,Yes
APP02075,79250,31,Unemployed,71664,No,56954,Good,No
APP02076,115511,55,Employed,6902,No,41323,Good,Yes
APP02077,95449,28,Employed,7637,Yes,73942,Good,No
APP02078,31828,34,Employed,54953,No,12559,Good,Yes
APP02079,73299,30,Unemployed,14124,No,38712,Good,Yes
APP02080,87985,22,Employed,96612,No,3781,Poor,Yes
APP02081,89629,29,Employed,89914,No,5160,Average,Yes
APP02082,36356,23,Employed,66732,Yes,5241,Average,No
APP02083,44642,41,Employed,11052,No,39851,Good,Yes
APP02084,93869,46,Self-Employed,35859,No,47528,Average,Yes
APP02085,42587,28,Self-Employed,40314,No,1276,Good,Yes
APP02086,52430,22,Employed,50684,No,50971,Poor,No
APP02087,121935,26,Unemployed,21046,No,39686,Good,Yes
APP02088,58723,48,Employed,59864,No,18680,Average,Yes
APP02089,43263,49,Unemployed,46398,No,2193,Average,Yes
APP02090,40424,46,Self-Employed,94993,No,13332,Average,Yes
APP02091,69691,45,Employed,93939,No,48426,Poor,No
APP02092,32931,32,Self-Employed,58720,No,53048,Good,Yes
APP02093,53680,25,Employed,66213,No,52118,Average,No
APP02094,69707,54,Employed,18091,No,13100,Good,Yes
APP02095,107658,57,Employed,26216,No,72986,Good,Yes
APP02096,81024,35,Employed,90568,No,33465,Good,Yes
APP02097,43511,64,Employed,71421,Yes,61673,Average,No
APP02098,101965,56,Employed,22996,No,14152,Good,Yes
APP02099,52434,35,Self-Employed,59170,No,38175,Good,Yes
APP02100,34408,63,Employed,93802,No,42200,Good,Yes
APP02101,55530,43,Self-Employed,37791,No,61858,Average,No
APP02102,114608,,Employed,22653,No,50100,Poor,Yes
APP02103,64632,64,,94492,No,32545,Good,Yes
APP02104,60339,63,Employed,48820,Yes,23319,Good,Yes
APP02105,125347,65,Employed,44638,No,77864,Good,Yes
APP02106,31508,41,Self-Employed,30419,No,23478,Good,Yes
APP02107,33644,43,Employed,89701,No,11228,Poor,Yes
APP02108,28998,63,Employed,85334,No,24733,Good,Yes
APP02109,70954,36,Self-Employed,43284,Yes,26828,Good,Yes
APP02110,64668,35,Employed,7908,No,11101,Average,Yes
APP02111,120130,45,Self-Employed,47432,No,56943,Good,Yes
APP02112,66947,56,Employed,22182,No,49914,Average,Yes
APP02113,50023,31,Self-Employed,18560,No,26013,Average,Yes
APP02114,60048,35,,42344,No,79447,Good,No
APP02115,63264,24,Self-Employed,14412,Yes,52746,Good,No
APP02116,28277,41,Employed,95959,Yes,56552,Good,No
APP02117,203160,33,Employed,9516,Yes,45017,Good,Yes
APP02118,75814,42,Self-Employed,43130,No,44574,Good,Yes
APP02119,65947,39,Employed,20457,No,2582,Poor,Yes
APP02120,79136,54,Employed,70437,No,61902,Average,Yes
APP02121,82564,34,Self-Employed,12487,Yes,72949,Good,No
APP02122,56323,24,Employed,56947,No,10659,Poor,No
APP02123,45163,47,Employed,78445,No,63855,Good,Yes
APP02124,78578,49,Unemployed,95256,Yes,43210,Average,No
APP02125,71373,48,Employed,71360,No,23539,Good,Yes
APP02126,41675,55,Employed,14452,Yes,73750,Good,Yes
APP02127,113626,28,Self-Employed,13409,No,2372,Average,Yes
APP02128,68467,36,,74502,No,22651,Good,Yes
APP02129,83326,62,Employed,25456,Yes,71014,Good,Yes
APP02130,112248,56,Self-Employed,47488,No,39000,Good,Yes
APP02131,60594,50,Self-Employed,97779,Yes,48315,Good,No
APP02132,69198,38,Employed,82891,No,60232,Average,No
APP02133,86389,22,Employed,85426,Yes,12690,Average,No
APP02134,43300,33,Employed,86773,No,17999,Good,Yes
APP02135,61477,24,Self-Employed,63857,No,79892,Good,Yes
APP02136,63487,46,Self-Employed,75674,No,19759,Good,Yes
APP02137,39022,45,Employed,39101,Yes,43597,Average,No
APP02138,170252,50,Self-Employed,99852,No,24598,Good,Yes
APP02139,31851,31,Self-Employed,31564,No,68262,Average,No
APP02140,33455,27,Employed,61051,No,76979,Poor,No
APP02141,108391,51,Self-Employed,31796,No,12162,Good,Yes
APP02142,82708,64,Employed,15647,No,48445,Good,Yes
APP02143,37813,30,Unemployed,58921,No,65115,Average,No
APP02144,78856,59,Employed,38568,No,66019,Good,Yes
APP02145,116149,33,Employed,60406,Yes,35795,Good,Yes
APP02146,59188,51,Employed,58074,No,18805,Average,Yes
APP02147,193217,27,Employed,56514,No,31584,Average,Yes
APP02148,27619,62,Self-Employed,16714,No,60341,Good,Yes
APP02149,81987,62,Employed,46817,Yes,79508,Good,No
APP02150,101421,56,Unemployed,82140,Yes,44789,Good,No
APP02151,89608,40,Employed,34939,No,16415,Poor,Yes
APP02152,54728,24,Employed,47164,No,4313,Poor,Yes
APP02153,52649,27,Unemployed,51914,No,75551,Average,No
APP02154,73274,21,Self-Employed,86959,No,39160,Average,No
APP02155,86612,64,Self-Employed,67282,No,57611,Good,Yes
APP02156,78685,65,Unemployed,14519,No,53154,Good,Yes
APP02157,95810,62,Employed,87191,No,71379,Good,Yes
APP02158,,33,Employed,84046,No,22021,Average,Yes
APP02159,54155,42,Employed,76596,No,35896,Good,Yes
APP02160,,41,Employed,49276,No,73176,Average,No
APP02161,50430,42,Self-Employed,76967,No,47261,Average,No
APP02162,94745,48,Unemployed,50480,Yes,6638,Poor,No
APP02163,62988,29,Employed,74979,No,16364,Average,Yes
APP02164,193917,46,Self-Employed,88610,No,19740,Good,Yes
APP02165,65456,29,Unemployed,89601,No,79509,Good,No
APP02166,61634,35,Self-Employed,48185,No,18707,Good,Yes
APP02167,62937,30,Employed,86638,No,69705,Good,Yes
APP02168,45030,44,Employed,14638,No,7170,Good,Yes
APP02169,58459,62,Unemployed,14673,No,15356,Good,Yes
APP02170,99668,28,Unemployed,57085,No,69892,Poor,No
APP02171,63157,44,Employed,66925,No,72016,Good,Yes
APP02172,41984,36,Self-Employed,19534,No,14920,Average,Yes
APP02173,39569,46,Employed,49857,No,19158,Good,Yes
APP02174,48997,47,Employed,13964,No,42915,Poor,Yes
APP02175,62028,57,Unemployed,62199,No,5162,Good,Yes
APP02176,102664,24,Employed,86234,No,75677,Good,Yes
APP02177,32823,44,Employed,75076,No,29604,Good,Yes
APP02178,51957,39,Employed,40938,No,39654,Average,Yes
APP02179,64026,56,Employed,99410,No,9299,Good,Yes
APP02180,26290,59,Employed,67979,No,3571,Average,Yes
APP02181,41232,30,Employed,82449,No,37958,Average,Yes
APP02182,44185,45,Unemployed,68621,Yes,10612,Good,No
APP02183,41937,38,Unemployed,98995,No,50795,Good,No
APP02184,65411,39,Employed,83029,No,63764,Average,No
APP02185,55818,56,Employed,54345,No,3502,Good,Yes
APP02186,46734,30,Self-Employed,39854,No,49366,Poor,No
APP02187,72743,53,Employed,69805,No,65435,Good,Yes
APP02188,130285,25,Employed,61071,No,35715,Average,Yes
APP02189,125463,55,Employed,64788,No,76817,Average,No
APP02190,25257,64,Employed,37586,No,9784,Average,Yes
APP02191,77791,54,Employed,45729,No,26516,Good,Yes
APP02192,55381,53,Employed,58019,Yes,19176,Poor,No
APP02193,64339,41,Self-Employed,84732,No,79699,Average,No
APP02194,50155,37,Self-Employed,77476,Yes,24240,Good,No
APP02195,63260,42,Self-Employed,16272,No,31646,Average,Yes
APP02196,64230,57,Employed,28328,No,67962,Good,Yes
APP02197,46239,35,Self-Employed,7532,No,74467,Poor,No
APP02198,40084,55,Employed,5756,Yes,75082,Poor,No
APP02199,49030,48,Employed,26316,No,45095,Good,Yes
APP02200,66670,27,Self-Employed,80935,No,53401,Good,Yes
APP02201,78562,,Employed,90951,No,28585,Poor,No
APP02202,88089,31,Employed,42218,No,48966,Good,Yes
APP02203,48036,30,Employed,58504,No,24917,Poor,No
APP02204,68175,29,Unemployed,72075,No,59936,Average,No
APP02205,92524,34,Employed,95529,No,25270,Good,Yes
APP02206,101379,33,Self-Employed,91729,No,70473,Good,Yes
APP02207,58432,45,Unemployed,10433,No,12335,Good,Yes
APP02208,54322,,Self-Employed,28576,No,46173,Average,No
APP02209,65389,55,Employed,9669,No,42133,Good,Yes
APP02210,35765,27,Employed,63572,No,21834,Good,Yes
APP02211,54994,41,Employed,72497,Yes,3212,Poor,No
APP02212,83882,38,Employed,34287,No,12734,Good,Yes
APP02213,80096,23,Self-Employed,86116,No,77468,Good,No
APP02214,53129,62,Employed,48017,No,75363,Good,Yes
APP02215,66176,59,Unemployed,99846,No,10425,Good,Yes
APP02216,41399,61,Employed,5038,Yes,30614,Good,Yes
APP02217,82345,31,Self-Employed,15402,No,37745,Good,Yes
APP02218,57935,59,Employed,33670,No,38768,Good,Yes
APP02219,52993,44,Employed,7423,Yes,24607,Good,Yes
APP02220,50987,39,Self-Employed,79322,No,73123,Average,No
APP02221,58326,24,Employed,10013,No,72771,Average,Yes
APP02222,49048,46,Employed,76153,Yes,2495,Good,Yes
APP02223,80681,58,Employed,9994,Yes,52350,Good,Yes
APP02224,50223,62,Employed,29009,Yes,6875,Good,Yes
APP02225,122876,52,Self-Employed,84921,No,48202,Good,Yes
APP02226,116011,59,Unemployed,95354,Yes,69485,Good,No
APP02227,40171,65,Employed,44380,No,52313,Poor,Yes
APP02228,61912,56,Employed,97144,No,38045,Good,Yes
APP02229,44770,60,,64554,No,76674,Good,Yes
APP02230,51798,57,Unemployed,44504,No,59981,Average,No
APP02231,147737,53,Unemployed,81266,No,20695,Average,Yes
APP02232,52245,56,Self-Employed,33056,No,31568,Poor,Yes
APP02233,70559,23,Employed,30251,No,61030,Good,Yes
APP02234,76550,29,Employed,67372,No,2526,Good,Yes
APP02235,38247,28,,42096,Yes,6053,Good,Yes
APP02236,40835,53,Employed,17912,No,68894,Good,Yes
APP02237,34870,26,Self-Employed,11362,No,4393,Good,Yes
APP02238,40272,61,Employed,79845,No,54603,Poor,No
APP02239,18000,59,Self-Employed,69212,No,26194,Average,Yes
APP02240,,24,Employed,44121,No,66245,Good,Yes
APP02241,151219,33,Self-Employed,90142,No,67940,Good,Yes
APP02242,64127,22,Employed,44031,No,76314,Poor,No
APP02243,31722,25,Employed,72478,No,8548,Good,Yes
APP02244,44930,64,,91366,No,34405,Poor,No
APP02245,48806,47,Self-Employed,84868,No,46343,Average,No
APP02246,37956,52,Employed,53555,No,73368,Poor,No
APP02247,88361,41,Self-Employed,69660,No,22055,Poor,No
APP02248,86398,28,Employed,44298,No,6659,Good,Yes
APP02249,35673,58,Employed,66484,No,16939,Average,Yes
APP02250,83149,28,Unemployed,29467,No,40151,Good,Yes
APP02251,119272,23,Employed,46301,Yes,54803,Good,No
APP02252,141245,64,Employed,24907,Yes,55563,Good,Yes
APP02253,217825,23,Employed,8628,No,6898,Good,Yes
APP02254,39983,42,Unemployed,60911,No,61151,Good,No
APP02255,213843,26,Employed,87121,No,53159,Good,Yes
APP02256,51160,22,Employed,7430,No,33196,Good,Yes
APP02257,45958,43,Employed,23623,No,46116,Poor,No
APP02258,69514,64,Employed,48718,Yes,61651,Good,Yes
APP02259,46174,22,Employed,68260,No,21705,Good,Yes
APP02260,71802,58,Self-Employed,21267,No,75263,Good,Yes
APP02261,33126,37,,10386,No,11884,Good,Yes
APP02262,53888,55,Employed,54310,No,72276,Average,Yes
APP02263,107003,54,Self-Employed,82777,No,59528,Average,Yes
APP02264,58479,43,Self-Employed,8347,No,53181,Good,Yes
APP02265,63948,50,Unemployed,38190,No,7550,Good,Yes
APP02266,74307,28,Employed,68034,No,73601,Average,No
APP02267,101610,42,Employed,17420,No,24331,Good,Yes
APP02268,28488,64,Self-Employed,27415,Yes,59903,Good,No
APP02269,78052,56,Employed,55872,No,70899,Average,Yes
APP02270,53180,25,Employed,95557,Yes,20298,Average,No
APP02271,64672,33,Self-Employed,32298,No,73253,Good,Yes
APP02272,96672,49,Employed,51315,No,49343,Good,Yes
APP02273,35056,51,Employed,42993,No,53064,Average,Yes
APP02274,38041,36,Employed,90253,No,73247,Good,Yes
APP02275,25113,62,Self-Employed,11830,No,42612,Average,Yes
APP02276,46863,50,Employed,58784,No,35811,Good,Yes
APP02277,109185,36,Self-Employed,85381,No,51025,Good,Yes
APP02278,56831,32,Employed,98871,Yes,44768,Good,No
APP02279,32828,37,Employed,71379,No,5857,Poor,No
APP02280,,36,Employed,41094,No,15259,Average,Yes
APP02281,30717,32,Employed,44123,No,2072,Poor,Yes
APP02282,36162,28,Employed,38410,No,9545,Good,Yes
APP02283,71473,40,Employed,62343,Yes,58658,Average,No
APP02284,35378,23,Unemployed,75244,No,1372,Poor,No
APP02285,98991,36,Employed,82849,No,25048,Good,Yes
APP02286,58110,50,Employed,44576,No,36496,Poor,No
APP02287,62356,65,Employed,73087,No,75087,Poor,No
APP02288,52936,43,Self-Employed,92041,No,26834,Poor,No
APP02289,84955,48,Employed,92478,No,62867,Poor,No
APP02290,85351,60,Employed,71883,No,33292,Average,Yes
APP02291,69764,25,Self-Employed,65506,Yes,8781,Poor,No
APP02292,77362,40,,55495,No,8809,Good,Yes
APP02293,54538,,Employed,22404,No,35162,Average,Yes
APP02294,76580,64,Employed,16745,Yes,5573,Good,Yes
APP02295,51537,21,Self-Employed,51143,Yes,46158,Average,No
APP02296,60060,50,Employed,20147,No,39998,Average,Yes
APP02297,53025,,Employed,59815,No,56500,Average,Yes
APP02298,48842,40,Self-Employed,66342,No,15664,Average,Yes
APP02299,44002,26,Employed,54933,No,47841,Good,Yes
APP02300,74055,42,Self-Employed,8461,No,14787,Good,Yes
APP02301,108215,38,Employed,10484,No,58056,Good,Yes
APP02302,101630,28,Employed,15767,No,25266,Good,Yes
APP02303,34086,59,Employed,19596,No,49539,Average,Yes
APP02304,107177,52,Employed,99039,No,70732,Good,Yes
APP02305,51996,53,Employed,37727,No,39570,Good,Yes
APP02306,78624,36,Employed,32737,No,16191,Good,Yes
APP02307,39907,32,Employed,9965,No,71004,Good,Yes
APP02308,63959,58,Unemployed,65355,No,29328,Average,No
APP02309,69098,54,Employed,66958,No,58690,Average,Yes
APP02310,30762,34,Self-Employed,21668,No,26288,Good,Yes
APP02311,78891,56,Unemployed,92328,No,24559,Average,No
APP02312,109949,53,Unemployed,81047,No,51720,Good,Yes
APP02313,55465,43,Self-Employed,26880,No,13349,Average,Yes
APP02314,110655,65,Employed,51156,No,69491,Good,Yes
APP02315,55091,22,Unemployed,48547,No,31622,Poor,No
APP02316,87940,61,Self-Employed,38109,No,2523,Good,Yes
APP02317,22109,41,Self-Employed,82675,Yes,25129,Average,No
APP02318,178180,22,Employed,15380,No,63012,Good,Yes
APP02319,117601,47,Unemployed,44455,Yes,68889,Good,No
APP02320,52787,29,Self-Employed,45663,Yes,45863,Good,No
APP02321,24703,21,Self-Employed,49529,Yes,24235,Good,No
APP02322,68303,31,Employed,86828,No,42700,Average,No
APP02323,31330,23,Employed,25726,No,67074,Good,Yes
APP02324,73298,43,Unemployed,14778,Yes,25967,Average,No
APP02325,72208,46,Employed,63692,No,31450,Average,Yes
APP02326,39280,24,Employed,21514,No,43636,Good,Yes
APP02327,99363,38,Self-Employed,12119,Yes,71084,Good,Yes
APP02328,86216,26,Employed,45532,No,46990,Poor,Yes
APP02329,93081,55,Employed,25866,No,17402,Good,Yes
APP02330,60240,42,,39316,No,8039,Good,Yes
APP02331,31733,63,,29673,Yes,8506,Average,No
APP02332,93166,35,Employed,13800,Yes,76070,Good,Yes
APP02333,53127,42,Employed,58233,No,65971,Good,Yes
APP02334,32103,57,Employed,7567,Yes,61503,Good,Yes
APP02335,110251,,Employed,96806,No,40213,Poor,Yes
APP02336,154328,32,Unemployed,37426,No,54131,Good,Yes
APP02337,58897,62,Employed,71040,No,11059,Poor,Yes
APP02338,158531,58,Employed,81984,No,50051,Good,Yes
APP02339,62517,38,Employed,31515,No,65052,Good,Yes
APP02340,,65,Self-Employed,76130,No,5909,Poor,No
APP02341,45179,55,Unemployed,84080,No,24396,Good,Yes
APP02342,125340,50,Employed,27925,No,9712,Good,Yes
APP02343,42236,44,Employed,99287,No,21558,Good,Yes
APP02344,83531,62,Employed,6965,Yes,62029,Poor,No
APP02345,46652,50,Self-Employed,25615,No,27232,Good,Yes
APP02346,48774,34,Employed,79102,No,55485,Average,No
APP02347,95388,26,Employed,23442,No,62091,Good,Yes
APP02348,50568,23,Self-Employed,71335,Yes,65514,Good,No
APP02349,50008,36,Unemployed,86275,No,69997,Good,No
APP02350,99894,,Employed,96125,No,48213,Poor,No
APP02351,123122,34,Unemployed,50054,No,23171,Average,Yes
APP02352,80195,29,Employed,97255,No,12894,Average,Yes
APP02353,44688,35,Self-Employed,44104,No,40793,Good,Yes
APP02354,47683,41,Employed,25722,No,9181,Good,Yes
APP02355,62197,55,Employed,53823,No,72947,Average,Yes
APP02356,69322,22,Self-Employed,66733,Yes,35956,Average,No
APP02357,,47,Employed,48507,No,69966,Average,No
APP02358,83072,22,Employed,58862,No,57032,Good,Yes
APP02359,62354,55,Employed,44559,No,68720,Poor,No
APP02360,27723,,Employed,54852,No,70833,Good,Yes
APP02361,39501,34,Employed,95497,No,5210,Good,Yes
APP02362,47822,40,Unemployed,52484,Yes,58295,Poor,No
APP02363,58065,38,Employed,29052,No,18897,Average,Yes
APP02364,140403,30,Employed,77081,No,79154,Good,Yes
APP02365,66788,45,Employed,37071,No,62494,Average,Yes
APP02366,41100,22,Employed,82540,No,1297,Good,Yes
APP02367,66263,45,,10400,No,74266,Good,Yes
APP02368,51208,53,Employed,36557,No,24092,Average,Yes
APP02369,69442,56,Employed,13964,Yes,33916,Good,Yes
APP02370,77914,51,Employed,13105,No,49371,Good,Yes
APP02371,103389,34,Self-Employed,67547,No,73388,Good,Yes
APP02372,59348,21,Employed,41607,No,74259,Good,Yes
APP02373,125446,36,Employed,87790,No,45514,Good,Yes
APP02374,90284,23,Employed,54058,No,26021,Poor,No
APP02375,43641,55,Self-Employed,33058,No,23056,Good,Yes
APP02376,162192,61,Employed,73484,No,29787,Good,Yes
APP02377,69511,26,Unemployed,64282,Yes,15261,Average,No
APP02378,41204,45,Employed,80961,No,53917,Average,No
APP02379,126236,33,Employed,66141,No,42696,Average,Yes
APP02380,152833,54,Self-Employed,20866,No,62104,Good,Yes
APP02381,59115,28,Self-Employed,68679,No,8435,Good,Yes
APP02382,47832,41,Employed,42197,No,32593,Poor,No
APP02383,55522,54,Employed,48999,No,19949,Good,Yes
APP02384,82762,24,Employed,92549,Yes,43280,Good,No
APP02385,106632,45,Unemployed,39197,No,37991,Average,No
APP02386,77561,35,Self-Employed,63136,No,36516,Good,Yes
APP02387,62810,24,Employed,39531,No,25937,Poor,Yes
APP02388,117737,65,Employed,13999,No,58421,Poor,Yes
APP02389,52121,32,,48085,No,39044,Average,Yes
APP02390,95417,52,Employed,61721,No,16977,Average,Yes
APP02391,52705,52,Employed,43713,No,44248,Good,Yes
APP02392,72843,48,Employed,42113,No,48137,Average,Yes
APP02393,57011,33,Employed,82936,No,2689,Average,Yes
APP02394,,51,Employed,7820,No,17099,Good,Yes
APP02395,50629,34,Employed,33081,No,20150,Poor,No
APP02396,109895,40,Employed,82117,No,20598,Poor,Yes
APP02397,43143,38,Employed,92450,Yes,19869,Poor,No
APP02398,43002,49,Employed,44168,Yes,22460,Average,No
APP02399,155834,,Employed,89435,No,21755,Good,Yes
APP02400,93165,52,Self-Employed,23898,Yes,70841,Good,No
APP02401,20513,49,Employed,26036,No,26252,Good,Yes
APP02402,,63,Employed,85388,No,28631,Good,Yes
APP02403,26548,22,Employed,90809,No,22028,Good,Yes
APP02404,39116,43,Employed,26167,No,77438,Good,Yes
APP02405,18000,39,Employed,10636,No,43304,Average,Yes
APP02406,,51,Employed,13581,No,49233,Good,Yes
APP02407,35890,25,Employed,29831,No,59103,Good,Yes
APP02408,61639,39,Employed,77338,No,27363,Good,Yes
APP02409,28877,54,Employed,53449,No,77534,Average,No
APP02410,62281,30,Self-Employed,48281,No,13034,Poor,No
APP02411,49781,45,Self-Employed,60493,No,37167,Average,Yes
APP02412,117946,22,,89571,No,12490,Good,Yes
APP02413,113234,31,Employed,13591,No,63440,Good,Yes
APP02414,85435,51,Self-Employed,70999,Yes,9478,Average,No
APP02415,51799,35,Self-Employed,93045,Yes,44758,Good,No
APP02416,146608,29,Unemployed,25268,No,9280,Poor,No
APP02417,29829,43,Employed,84588,No,36760,Good,Yes
APP02418,31904,39,Self-Employed,71312,No,23144,Good,Yes
APP02419,57780,29,Employed,6375,No,72360,Good,Yes
APP02420,165449,55,Employed,27003,No,5195,Average,Yes
APP02421,54778,41,Employed,62555,No,52345,Good,Yes
APP02422,55251,29,Self-Employed,52728,No,55925,Good,Yes
APP02423,31358,48,,55154,No,71230,Good,Yes
APP02424,91837,27,Employed,27033,No,70341,Good,Yes
APP02425,92137,36,Employed,69125,No,78187,Poor,No
APP02426,85578,36,Employed,30310,No,21059,Good,Yes
APP02427,45204,53,Employed,41996,No,22711,Good,Yes
APP02428,43655,24,Employed,40047,No,32386,Good,Yes
APP02429,33530,24,,68842,No,43469,Good,Yes
APP02430,62308,59,Self-Employed,13574,No,30004,Good,Yes
APP02431,36898,,Employed,24526,No,59483,Good,Yes
APP02432,35322,37,Employed,24047,No,1675,Average,Yes
APP02433,49585,57,Self-Employed,15300,No,2395,Poor,Yes
APP02434,48145,59,Unemployed,24722,No,57568,Good,Yes
APP02435,47099,49,Self-Employed,62671,No,70767,Average,No
APP02436,74013,56,Employed,74556,No,62347,Poor,No
APP02437,62173,58,Self-Employed,67729,No,10250,Good,Yes
APP02438,52703,59,Employed,50143,Yes,74863,Good,No
APP02439,65151,57,,9981,No,42231,Average,Yes
APP02440,38404,55,Self-Employed,96106,No,59641,Average,No
APP02441,62911,27,Self-Employed,20967,Yes,16883,Good,No
APP02442,64207,47,Employed,68500,No,44355,Good,Yes
APP02443,30508,48,Employed,91725,No,27075,Good,Yes
APP02444,93917,42,Self-Employed,71289,Yes,78006,Good,No
APP02445,40354,34,Self-Employed,25715,No,38461,Average,Yes
APP02446,62489,27,Employed,35001,No,60691,Average,No
APP02447,101325,57,Unemployed,7870,No,48655,Poor,No
APP02448,91004,42,Employed,63212,No,8450,Good,Yes
APP02449,,25,Employed,63234,No,43891,Good,Yes
APP02450,50969,22,Self-Employed,73923,No,43677,Average,No
APP02451,,47,Employed,6045,No,57541,Good,Yes
APP02452,81285,41,Employed,82695,No,26431,Average,Yes
APP02453,,58,Self-Employed,75178,No,68992,Average,No
APP02454,41957,35,Employed,18384,No,50186,Average,Yes
APP02455,23613,41,Employed,38025,No,4108,Average,Yes
APP02456,64306,30,Self-Employed,65660,No,56840,Average,No
APP02457,57808,43,Self-Employed,52101,No,72650,Good,Yes
APP02458,100046,59,Employed,15934,No,54969,Poor,Yes
APP02459,70522,25,Employed,13298,No,31020,Good,Yes
APP02460,109371,21,Employed,79238,No,47661,Poor,No
APP02461,43839,33,Self-Employed,19817,No,14540,Good,Yes
APP02462,100134,41,Employed,21349,No,48499,Good,Yes
APP02463,47292,46,Employed,83938,No,40578,Poor,No
APP02464,85137,65,Self-Employed,63153,No,3066,Average,Yes
APP02465,31122,41,Employed,62448,Yes,26429,Average,No
APP02466,66697,38,Employed,50538,Yes,16109,Good,Yes
APP02467,24563,57,Unemployed,59055,No,31862,Poor,No
APP02468,53204,65,Employed,62168,No,20105,Good,Yes
APP02469,73149,52,Employed,96943,No,66906,Good,Yes
APP02470,47461,56,Unemployed,26182,No,56117,Poor,No
APP02471,37399,37,Unemployed,25383,No,59469,Average,No
APP02472,87803,55,Employed,10436,No,29509,Good,Yes
APP02473,57271,31,Employed,67529,Yes,1272,Good,Yes
APP02474,48136,41,Unemployed,57159,Yes,18313,Average,No
APP02475,61142,46,,15568,No,60669,Poor,No
APP02476,196536,24,Employed,39631,No,48624,Good,Yes
APP02477,100828,54,Employed,21973,No,43548,Average,Yes
APP02478,101241,38,Employed,36491,No,23161,Average,Yes
APP02479,72991,60,Self-Employed,95370,Yes,6984,Good,Yes
APP02480,64668,55,Employed,69915,No,63004,Good,Yes
APP02481,20412,61,Self-Employed,5719,No,4054,Good,Yes
APP02482,44203,49,Self-Employed,28988,No,5672,Average,Yes
APP02483,48332,49,Self-Employed,5984,No,24300,Good,Yes
APP02484,25807,58,Self-Employed,72913,No,46262,Average,Yes
APP02485,35641,62,Self-Employed,49595,No,79386,Average,No
APP02486,24605,41,Employed,99432,No,8161,Average,Yes
APP02487,58974,62,Employed,74690,No,38380,Good,Yes
APP02488,86729,33,Self-Employed,54202,Yes,48539,Good,No
APP02489,98730,61,Employed,81447,No,66025,Average,Yes
APP02490,72313,37,Employed,71956,No,55479,Average,No
APP02491,38893,29,Employed,28159,No,64812,Good,Yes
APP02492,25151,61,Employed,55375,No,42275,Good,Yes
APP02493,27215,21,Self-Employed,57820,No,35284,Average,No
APP02494,33896,22,Self-Employed,47867,No,49880,Good,Yes
APP02495,40220,49,Employed,22023,Yes,72169,Average,No
APP02496,55838,53,,26220,No,44517,Good,Yes
APP02497,38015,30,Employed,31700,No,48842,Average,Yes
APP02498,69887,60,Self-Employed,5974,No,27700,Good,Yes
APP02499,54045,41,Employed,92110,No,48094,Average,Yes
APP02500,60285,48,Self-Employed,70179,Yes,50593,Good,No
APP02501,100229,31,Employed,70514,No,60521,Good,Yes
APP02502,35277,54,Employed,59371,No,46202,Good,Yes
APP02503,72440,28,Self-Employed,70485,No,16606,Average,Yes
APP02504,59624,42,Employed,98277,No,46972,Good,Yes
APP02505,51639,28,Unemployed,41590,No,24532,Good,Yes
APP02506,89363,35,Employed,72690,No,7899,Poor,Yes
APP02507,89113,37,Employed,39155,No,66209,Good,Yes
APP02508,39190,43,Employed,86157,No,6220,Good,Yes
APP02509,55278,44,Employed,86513,No,50905,Average,Yes
APP02510,68094,65,Employed,90715,No,79091,Average,No
APP02511,53064,39,Unemployed,5519,No,7922,Good,Yes
APP02512,,25,Employed,33328,Yes,18390,Average,No
APP02513,68093,52,Self-Employed,17723,Yes,61104,Good,Yes
APP02514,136865,64,Employed,48129,No,8655,Good,Yes
APP02515,30136,21,,52068,No,66785,Good,Yes
APP02516,56784,43,Employed,29311,No,1021,Good,Yes
APP02517,39866,57,Employed,73727,Yes,71306,Good,No
APP02518,78743,28,Unemployed,30628,No,6279,Good,Yes
APP02519,28980,33,Employed,86120,Yes,73836,Good,No
APP02520,70118,28,Employed,21878,No,69300,Good,Yes
APP02521,45188,43,Employed,39887,Yes,43625,Good,No
APP02522,43119,63,Employed,64113,Yes,62458,Good,No
APP02523,31294,21,Employed,62507,No,6915,Good,Yes
APP02524,48670,65,Employed,12413,No,11677,Good,Yes
APP02525,97746,44,Employed,85395,No,30174,Average,Yes
APP02526,59324,55,Unemployed,61816,No,43459,Average,No
APP02527,79583,44,Self-Employed,87637,No,69589,Average,No
APP02528,126904,37,Employed,87425,Yes,43872,Average,No
APP02529,67561,25,Employed,56862,Yes,53551,Good,No
APP02530,46660,40,Self-Employed,91524,No,54711,Average,No
APP02531,74040,41,Unemployed,85599,No,70328,Average,No
APP02532,46965,60,Unemployed,96022,No,62364,Good,No
APP02533,47816,51,Self-Employed,85797,No,78185,Poor,No
APP02534,30277,56,Employed,83014,No,2581,Good,Yes
APP02535,91027,31,Unemployed,49589,Yes,17418,Good,No
APP02536,50433,35,Self-Employed,25143,No,74505,Good,Yes
APP02537,65124,39,Employed,91517,Yes,63585,Average,No
APP02538,37644,27,Employed,73642,No,22122,Poor,No
APP02539,73004,48,Employed,31766,No,77965,Poor,No
APP02540,42584,63,,37395,No,69721,Good,Yes
APP02541,56293,25,Employed,70177,No,6108,Average,Yes
APP02542,89065,25,Employed,50393,Yes,65093,Good,No
APP02543,85643,50,Employed,12741,No,62975,Good,Yes
APP02544,59408,52,Employed,18438,No,18471,Poor,Yes
APP02545,27077,28,Employed,75837,No,53870,Good,Yes
APP02546,,30,Self-Employed,36214,No,77648,Good,Yes
APP02547,131628,58,Employed,53227,No,54394,Good,Yes
APP02548,83059,52,Unemployed,77829,No,65287,Good,No
APP02549,42751,48,Self-Employed,76362,No,8852,Good,Yes
APP02550,57010,37,Unemployed,20866,No,58469,Good,Yes
APP02551,46984,51,Self-Employed,14347,No,17176,Good,Yes
APP02552,105962,28,Employed,61159,Yes,6676,Good,Yes
APP02553,67523,60,Employed,75455,No,44614,Good,Yes
APP02554,42160,45,Employed,19159,No,60298,Poor,Yes
APP02555,48546,29,Unemployed,40336,Yes,44193,Average,No
APP02556,99373,22,Employed,87676,No,74596,Average,No
APP02557,123271,35,Employed,94701,Yes,55958,Average,No
APP02558,119354,23,Self-Employed,48137,No,10288,Good,Yes
APP02559,84353,,Unemployed,12554,No,74827,Average,No
APP02560,53553,24,Self-Employed,29481,Yes,13078,Poor,No
APP02561,18000,34,Employed,27132,Yes,60902,Good,No
APP02562,68585,61,Employed,27702,Yes,12735,Good,Yes
APP02563,59951,61,,51919,No,79888,Average,No
APP02564,63901,45,Employed,60406,No,27243,Good,Yes
APP02565,61473,30,Self-Employed,16638,No,40178,Poor,No
APP02566,33034,41,Employed,89489,No,37880,Average,No
APP02567,77106,56,Employed,63898,No,9050,Good,Yes
APP02568,79746,32,Unemployed,61739,Yes,40027,Good,No
APP02569,81565,47,Employed,98792,No,12811,Average,Yes
APP02570,91864,60,Self-Employed,64674,Yes,64356,Good,No
APP02571,78741,22,Self-Employed,93251,Yes,76707,Poor,No
APP02572,49891,33,Self-Employed,32194,No,64837,Good,Yes
APP02573,58118,52,Employed,27812,No,35054,Poor,Yes
APP02574,62512,51,Employed,54069,No,1187,Good,Yes
APP02575,62980,36,Self-Employed,53318,No,3895,Average,Yes
APP02576,94023,,Self-Employed,26516,No,40108,Good,Yes
APP02577,80158,52,Employed,71467,No,54679,Good,Yes
APP02578,152803,54,Employed,7815,No,65742,Average,Yes
APP02579,161945,31,Employed,70610,No,48363,Good,Yes
APP02580,62190,30,Unemployed,48432,No,78287,Good,No
APP02581,18000,35,Employed,70456,No,40008,Good,Yes
APP02582,104681,37,Employed,50323,Yes,48402,Good,No
APP02583,47048,60,Employed,97847,Yes,19178,Good,No
APP02584,41833,38,Employed,36795,Yes,27833,Average,No
APP02585,50151,29,,98344,No,54967,Good,No
APP02586,49075,45,Employed,11173,No,48530,Good,Yes
APP02587,79033,60,Employed,69957,No,30202,Good,Yes
APP02588,29743,34,Employed,48151,No,9847,Poor,Yes
APP02589,36943,45,Employed,83103,No,28067,Poor,No
APP02590,70019,42,Employed,80014,No,4488,Good,Yes
APP02591,79414,50,Employed,81020,No,46881,Poor,No
APP02592,80081,40,Employed,14000,No,26518,Average,Yes
APP02593,42105,41,Self-Employed,83125,Yes,31008,Good,No
APP02594,38634,64,Employed,25334,No,46432,Good,Yes
APP02595,47768,52,Unemployed,7440,No,46922,Good,Yes
APP02596,66839,41,Employed,25685,Yes,47479,Good,Yes
APP02597,117074,55,Employed,50532,Yes,39836,Average,No
APP02598,23879,52,Employed,75501,No,39562,Good,Yes
APP02599,54327,,Employed,25770,No,65876,Good,Yes
APP02600,32938,59,Employed,15736,No,37937,Good,Yes
APP02601,28527,32,Employed,66367,No,43346,Average,No
APP02602,92710,61,Employed,98470,No,79070,Good,Yes
APP02603,76663,38,Employed,62083,Yes,15303,Good,No
APP02604,73449,41,Employed,70650,No,58387,Poor,No
APP02605,90813,33,Employed,58311,No,38382,Good,Yes
APP02606,48350,41,Employed,79323,No,66613,Good,Yes
APP02607,49386,28,Self-Employed,97701,No,32919,Average,No
APP02608,160441,60,Employed,56692,No,24936,Poor,Yes
APP02609,53699,27,Self-Employed,44595,No,17415,Good,Yes
APP02610,83526,43,Employed,86733,No,69907,Average,No
APP02611,60173,64,Unemployed,97124,No,57748,Poor,No
APP02612,26118,52,Employed,17272,No,7075,Good,Yes
APP02613,23909,31,Unemployed,59926,No,57366,Good,No
APP02614,46238,42,Employed,80284,No,3766,Average,Yes
APP02615,96505,42,Employed,55667,No,15348,Good,Yes
APP02616,85548,63,Employed,43874,No,47831,Good,Yes
APP02617,90530,45,,67247,Yes,37617,Poor,No
APP02618,38481,42,Unemployed,30662,No,67398,Good,No
APP02619,124150,48,Employed,38168,No,49023,Good,Yes
APP02620,38867,49,Employed,99266,No,77233,Good,Yes
APP02621,66030,,Employed,65464,No,68560,Average,Yes
APP02622,59721,38,Employed,87928,No,27877,Good,Yes
APP02623,,22,Employed,81738,No,66898,Average,No
APP02624,109586,49,Employed,66966,No,69725,Average,Yes
APP02625,43687,41,Employed,84869,Yes,77608,Good,No
APP02626,32688,35,Employed,32280,No,1992,Poor,Yes
APP02627,60542,47,Employed,65526,No,70105,Poor,No
APP02628,50120,51,Employed,61107,No,6522,Good,Yes
APP02629,250000,35,Employed,64130,No,42721,Good,Yes
APP02630,81351,43,Employed,21020,No,33758,Good,Yes
APP02631,49906,44,Employed,31338,No,73671,Good,Yes
APP02632,37304,64,Unemployed,32233,No,33007,Good,Yes
APP02633,25744,33,Self-Employed,62185,No,48087,Good,No
APP02634,37826,42,Unemployed,97392,Yes,55658,Good,No
APP02635,63185,63,Employed,95636,Yes,2503,Good,Yes
APP02636,114051,57,Self-Employed,26583,Yes,47684,Good,Yes
APP02637,,53,Employed,33960,No,41921,Good,Yes
APP02638,66516,23,Employed,8426,No,47927,Good,Yes
APP02639,51879,39,Employed,42887,No,6984,Good,Yes
APP02640,67715,43,Self-Employed,84294,Yes,5389,Poor,No
APP02641,47511,49,Unemployed,91996,No,15026,Good,Yes
APP02642,130010,50,,27467,No,69691,Poor,Yes
APP02643,55103,59,Employed,30250,No,29161,Good,Yes
APP02644,57714,64,Self-Employed,25981,No,35289,Average,Yes
APP02645,22136,45,Unemployed,38260,Yes,31823,Good,No
APP02646,54949,57,Self-Employed,81452,Yes,57435,Average,No
APP02647,87423,28,Employed,66451,Yes,21499,Good,Yes
APP02648,37109,62,Employed,79664,No,6403,Poor,Yes
APP02649,42799,36,Employed,60388,No,30876,Good,Yes
APP02650,85718,28,Self-Employed,29485,No,58499,Good,Yes
APP02651,30872,21,Self-Employed,26659,No,73282,Good,Yes
APP02652,96578,64,Employed,5855,No,5015,Average,Yes
APP02653,47223,25,Employed,79193,No,65029,Poor,No
APP02654,50375,23,Unemployed,85477,No,6228,Good,Yes
APP02655,36183,,Employed,77987,No,27122,Average,Yes
APP02656,71127,24,Unemployed,12068,No,2762,Average,Yes
APP02657,181506,60,,77411,Yes,73012,Good,Yes
APP02658,85287,55,Self-Employed,9348,No,56836,Average,Yes
APP02659,40667,52,Self-Employed,15031,No,30162,Good,Yes
APP02660,100020,62,Employed,46845,No,30819,Good,Yes
APP02661,52031,54,Unemployed,50234,No,51548,Average,No
APP02662,111371,63,Employed,82531,No,8082,Good,Yes
APP02663,86259,45,Self-Employed,69555,No,12459,Poor,Yes
APP02664,18000,30,Unemployed,19565,No,67931,Average,No
APP02665,,41,Employed,26484,Yes,16983,Poor,No
APP02666,91773,59,Employed,32139,No,58407,Good,Yes
APP02667,64238,47,Employed,16749,No,18838,Good,Yes
APP02668,37851,47,Self-Employed,32326,Yes,7964,Good,Yes
APP02669,45116,22,Self-Employed,74217,Yes,72103,Poor,No
APP02670,25445,61,Employed,27933,No,72232,Good,Yes
APP02671,57661,33,Self-Employed,84359,No,48820,Good,Yes
APP02672,162253,29,Employed,49604,No,37501,Good,Yes
APP02673,86191,56,Employed,35679,No,44668,Good,Yes
APP02674,160779,42,Employed,44180,Yes,33242,Good,Yes
APP02675,89248,62,Employed,72402,No,60817,Good,Yes
APP02676,95270,46,Employed,54095,No,60610,Good,Yes
APP02677,145865,32,Self-Employed,5691,No,65699,Poor,Yes
APP02678,,37,,92621,No,42311,Average,No
APP02679,55152,34,Self-Employed,11270,No,64306,Average,No
APP02680,95492,34,Employed,94169,No,13302,Good,Yes
APP02681,115419,54,Employed,7675,No,3381,Average,Yes
APP02682,48345,,Employed,78243,Yes,52196,Poor,No
APP02683,43364,31,Unemployed,55794,No,9333,Poor,No
APP02684,63869,36,Self-Employed,53044,No,44503,Good,Yes
APP02685,87227,51,Self-Employed,11914,No,57969,Poor,No
APP02686,85926,,Unemployed,27681,Yes,33160,Good,No
APP02687,31610,39,Employed,78867,Yes,4466,Good,Yes
APP02688,141821,57,Employed,89670,Yes,71083,Good,Yes
APP02689,44962,24,Self-Employed,55266,No,4416,Average,Yes
APP02690,53254,24,Self-Employed,38568,No,72475,Good,Yes
APP02691,39971,40,Employed,10695,No,5158,Good,Yes
APP02692,202066,30,Self-Employed,69807,No,59078,Average,Yes
APP02693,66905,44,Self-Employed,31452,No,74063,Good,Yes
APP02694,40911,55,Unemployed,10226,No,72651,Good,Yes
APP02695,88510,46,Unemployed,68256,No,71577,Good,Yes
APP02696,84814,57,Employed,51143,No,70763,Good,Yes
APP02697,55140,58,Employed,6136,No,41322,Good,Yes
APP02698,87586,41,Employed,15538,No,45058,Good,Yes
APP02699,41387,60,Employed,71424,No,49958,Poor,No
APP02700,48064,59,Self-Employed,11049,No,71780,Poor,No
APP02701,24282,41,Employed,87266,No,67215,Good,Yes
APP02702,33068,30,Employed,34576,Yes,62855,Good,No
APP02703,135338,58,,13423,No,54382,Good,Yes
APP02704,125586,24,Self-Employed,77177,No,49852,Good,Yes
APP02705,61803,,Employed,54821,No,73875,Good,Yes
APP02706,126807,40,Employed,34131,No,16219,Good,Yes
APP02707,55830,37,Employed,43579,No,16225,Good,Yes
APP02708,53775,27,Employed,7034,No,78615,Good,Yes
APP02709,61545,,Unemployed,67956,No,44700,Good,No
APP02710,56720,49,Self-Employed,39749,No,39187,Poor,No
APP02711,54462,34,Employed,72834,No,68197,Poor,No
APP02712,100371,23,Self-Employed,64676,No,68132,Poor,No
APP02713,64194,44,Employed,66869,No,14951,Poor,Yes
APP02714,82679,57,Self-Employed,80325,No,14712,Good,Yes
APP02715,95437,36,Employed,64960,Yes,63826,Average,No
APP02716,71452,24,Self-Employed,44779,No,63065,Good,Yes
APP02717,38773,44,Employed,42043,No,18790,Poor,Yes
APP02718,32641,54,Employed,16360,No,67479,Average,Yes
APP02719,64155,50,Employed,79047,No,38924,Good,Yes
APP02720,55550,38,Employed,77305,No,38129,Good,Yes
APP02721,62407,39,Self-Employed,28398,No,78870,Good,Yes
APP02722,59568,51,Employed,86955,No,42018,Good,Yes
APP02723,191896,39,Employed,60955,No,11827,Poor,Yes
APP02724,32975,39,Self-Employed,50475,Yes,23132,Poor,No
APP02725,24505,42,Employed,6662,No,27361,Good,Yes
APP02726,69680,44,Self-Employed,41360,No,76719,Good,Yes
APP02727,50651,65,Employed,65864,No,21859,Good,Yes
APP02728,69171,32,Employed,13526,No,35002,Poor,Yes
APP02729,78030,50,Unemployed,48659,No,60221,Poor,No
APP02730,106932,58,Employed,99376,Yes,22654,Good,Yes
APP02731,30450,51,Employed,73071,No,56430,Average,No
APP02732,46704,56,Self-Employed,56953,No,17394,Average,Yes
APP02733,72769,39,Employed,55638,No,20159,Good,Yes
APP02734,84864,65,Self-Employed,9158,No,78920,Poor,No
APP02735,160999,56,Unemployed,95945,Yes,30147,Good,No
APP02736,92242,50,Employed,93177,No,58645,Good,Yes
APP02737,58486,53,,69828,No,67365,Good,Yes
APP02738,40191,38,Employed,14406,No,28401,Average,Yes
APP02739,46545,48,Employed,24744,Yes,29216,Good,Yes
APP02740,45953,,Self-Employed,22471,No,62074,Average,Yes
APP02741,80576,65,Self-Employed,54360,No,48953,Poor,No
APP02742,67356,53,Self-Employed,24741,No,29578,Average,Yes
APP02743,33073,37,Unemployed,71101,No,60216,Average,No
APP02744,49313,26,Employed,56797,Yes,69233,Good,No
APP02745,89054,24,Employed,6678,No,19568,Good,Yes
APP02746,70287,40,Employed,75685,No,2924,Good,Yes
APP02747,77497,47,Employed,22939,No,22658,Good,Yes
APP02748,71283,35,Employed,83364,No,54285,Poor,No
APP02749,124741,26,Self-Employed,38729,No,73305,Poor,No
APP02750,66724,34,Employed,37169,No,69182,Good,Yes
APP02751,50432,31,Self-Employed,6123,No,18551,Average,Yes
APP02752,39736,59,,98834,Yes,70599,Average,No
APP02753,67133,29,Employed,63140,No,65048,Poor,No
APP02754,,46,Employed,45159,No,59018,Good,Yes
APP02755,55225,36,Employed,14179,No,55370,Average,Yes
APP02756,54692,25,Employed,71419,No,64760,Good,Yes
APP02757,32471,30,Self-Employed,31859,No,69077,Good,Yes
APP02758,39513,23,Employed,98887,No,65710,Good,No
APP02759,86374,,Self-Employed,95302,Yes,10626,Good,No
APP02760,66564,63,Self-Employed,74853,No,58050,Good,Yes
APP02761,62812,50,Employed,97252,No,67463,Good,Yes
APP02762,68869,65,Self-Employed,15035,No,15671,Average,Yes
APP02763,62554,26,Employed,31592,No,17890,Average,Yes
APP02764,104966,37,Employed,29058,No,63092,Poor,No
APP02765,63427,65,Employed,11841,No,28170,Good,Yes
APP02766,31129,39,Employed,97362,No,32576,Poor,No
APP02767,124949,62,Employed,10698,No,30796,Average,Yes
APP02768,70881,55,Unemployed,86385,No,17814,Good,Yes
APP02769,46025,46,Employed,77975,No,75165,Average,Yes
APP02770,34135,25,Employed,40707,No,64663,Average,No
APP02771,71701,49,Employed,6787,No,20793,Good,Yes
APP02772,56918,57,Employed,5579,No,9381,Average,Yes
APP02773,,40,Employed,24379,No,30436,Average,Yes
APP02774,51351,41,Self-Employed,51918,Yes,33809,Poor,No
APP02775,41162,30,Employed,48501,No,1560,Poor,Yes
APP02776,89788,25,Employed,60603,No,71085,Average,Yes
APP02777,90987,56,Employed,78336,No,68251,Average,Yes
APP02778,64731,26,Self-Employed,40849,No,68163,Poor,No
APP02779,81345,46,Employed,20235,No,64658,Poor,Yes
APP02780,58991,24,Self-Employed,81005,No,58917,Average,No
APP02781,66659,59,Employed,36606,Yes,51127,Average,No
APP02782,101351,59,Employed,32254,No,76863,Good,Yes
APP02783,79498,55,Employed,77610,No,57227,Average,Yes
APP02784,55599,21,Employed,93743,Yes,50789,Good,No
APP02785,110267,44,Employed,91921,Yes,63317,Good,No
APP02786,20701,56,Unemployed,18057,No,20455,Good,Yes
APP02787,151075,26,Employed,52800,Yes,77404,Good,Yes
APP02788,27845,61,Unemployed,13823,No,2514,Good,Yes
APP02789,45248,64,Employed,96293,No,52224,Poor,No
APP02790,58905,51,Employed,25447,Yes,7090,Average,Yes
APP02791,56173,40,Employed,23756,No,68411,Good,Yes
APP02792,94371,44,Employed,89444,No,77444,Average,No
APP02793,37275,45,Unemployed,96946,No,33280,Poor,No
APP02794,67470,56,Self-Employed,71275,No,68716,Good,Yes
APP02795,46254,41,Self-Employed,16495,Yes,27522,Good,Yes
APP02796,68522,50,Employed,51156,Yes,13593,Good,Yes
APP02797,58276,44,Employed,82577,No,22855,Poor,Yes
APP02798,62562,64,Unemployed,59385,No,24846,Good,Yes
APP02799,46847,62,Employed,17597,No,50823,Poor,Yes
APP02800,47694,50,Self-Employed,21329,No,63896,Good,Yes
APP02801,,42,Employed,87093,No,17212,Good,Yes
APP02802,91745,48,Unemployed,55068,No,7968,Good,Yes
APP02803,45838,,Self-Employed,72054,No,18510,Good,Yes
APP02804,40585,55,Unemployed,40441,No,24426,Average,No
APP02805,79075,48,Employed,55586,No,23105,Good,Yes
APP02806,59129,34,Employed,97825,No,18376,Good,Yes
APP02807,87188,30,Employed,36322,No,37814,Good,Yes
APP02808,39914,36,Self-Employed,69105,No,68623,Average,No
APP02809,26940,36,Self-Employed,21388,No,8928,Average,Yes
APP02810,47205,51,Employed,16565,Yes,69100,Average,No
APP02811,42499,,Employed,79446,No,40264,Poor,No
APP02812,57910,45,Employed,85190,No,53177,Good,Yes
APP02813,45050,33,Self-Employed,68490,Yes,65414,Good,No
APP02814,83747,26,Employed,20029,No,25042,Good,Yes
APP02815,52703,64,Employed,27856,No,76385,Good,Yes
APP02816,64204,29,Employed,91562,No,7615,Good,Yes
APP02817,64411,65,Employed,32427,No,42686,Poor,No
APP02818,65502,56,Unemployed,82792,No,21129,Average,No
APP02819,59352,63,Employed,32164,No,33228,Good,Yes
APP02820,75499,40,Employed,94249,No,36460,Good,Yes
APP02821,41943,38,Employed,91873,No,73246,Average,No
APP02822,112627,63,Employed,9110,No,35885,Poor,Yes
APP02823,,41,Employed,78189,No,56138,Good,Yes
APP02824,33253,24,,21099,No,76189,Good,Yes
APP02825,65299,53,Self-Employed,25451,No,40068,Poor,Yes
APP02826,40907,47,Employed,48685,No,33256,Poor,Yes
APP02827,80943,27,Self-Employed,59750,No,77865,Good,Yes
APP02828,162174,26,Self-Employed,35951,Yes,66386,Good,No
APP02829,,35,Unemployed,59661,Yes,75242,Good,No
APP02830,69680,38,Unemployed,21213,Yes,32381,Poor,No
APP02831,27231,52,Employed,7122,No,56010,Good,Yes
APP02832,73597,,Employed,59266,No,20719,Poor,Yes
APP02833,40277,40,Self-Employed,54154,Yes,69400,Good,No
APP02834,45294,44,Employed,70517,No,74713,Average,Yes
APP02835,36553,35,Employed,66733,Yes,22161,Average,No
APP02836,83414,27,Employed,90261,No,9290,Good,Yes
APP02837,94409,41,Employed,48650,No,16858,Good,Yes
APP02838,60635,62,Employed,5795,No,50994,Good,Yes
APP02839,40664,46,Employed,64912,No,22502,Average,Yes
APP02840,122686,64,Employed,69138,No,51450,Good,Yes
APP02841,42805,34,Self-Employed,54542,No,28665,Average,Yes
APP02842,22679,57,Employed,70484,No,73430,Average,No
APP02843,73745,41,Unemployed,35740,No,36755,Good,Yes
APP02844,36496,38,Employed,19137,Yes,40312,Poor,No
APP02845,93618,25,Employed,68133,No,28497,Average,Yes
APP02846,50543,23,Employed,28293,No,6770,Average,Yes
APP02847,78729,43,Employed,48350,No,39997,Good,Yes
APP02848,112733,46,Employed,51704,No,62175,Average,Yes
APP02849,34826,57,Employed,50334,No,76288,Good,Yes
APP02850,46510,44,,61853,No,7049,Poor,Yes
APP02851,57991,39,Self-Employed,7798,No,63994,Good,Yes
APP02852,119850,45,Employed,99020,Yes,22098,Average,No
APP02853,44615,41,Employed,73049,No,66003,Average,No
APP02854,45916,32,Employed,45412,No,28019,Good,Yes
APP02855,74404,61,Employed,23176,No,10040,Good,Yes
APP02856,46275,53,Employed,12617,No,49350,Good,Yes
APP02857,64263,24,,68858,No,71618,Good,No
APP02858,29849,62,Employed,35111,No,15346,Poor,Yes
APP02859,162519,27,Self-Employed,26800,No,2723,Poor,Yes
APP02860,32716,42,Self-Employed,41096,Yes,70823,Good,No
APP02861,51912,53,Self-Employed,61328,Yes,56129,Good,No
APP02862,59129,37,Employed,68812,No,64887,Poor,No
APP02863,141890,44,Self-Employed,66291,No,5727,Good,Yes
APP02864,33055,54,Self-Employed,87010,No,71346,Poor,No
APP02865,146498,48,Employed,25782,No,34113,Good,Yes
APP02866,84358,63,Employed,65491,No,71912,Average,Yes
APP02867,72388,61,Unemployed,14606,No,6129,Good,Yes
APP02868,38523,59,Self-Employed,57054,No,70900,Good,Yes
APP02869,77584,42,Employed,60476,Yes,54197,Good,No
APP02870,43327,37,Employed,25543,No,44787,Average,Yes
APP02871,106096,54,Employed,42211,No,5881,Good,Yes
APP02872,38759,26,Employed,83583,No,55385,Average,No
APP02873,57021,26,Employed,19099,No,48224,Good,Yes
APP02874,46734,54,Employed,46278,No,58377,Good,Yes
APP02875,38473,21,Employed,93610,No,57621,Good,Yes
APP02876,83759,30,Self-Employed,52890,Yes,36055,Good,No
APP02877,76348,41,Self-Employed,73888,Yes,17170,Good,Yes
APP02878,103379,25,Employed,83552,No,73598,Good,Yes
APP02879,,,Self-Employed,24359,No,74122,Average,No
APP02880,96856,42,Employed,25731,No,17743,Poor,Yes
APP02881,185267,22,Employed,77066,Yes,50822,Average,No
APP02882,48965,30,Unemployed,76564,No,17027,Good,Yes
APP02883,140775,54,Employed,10717,No,69037,Good,Yes
APP02884,53299,36,Employed,35637,No,8759,Good,Yes
APP02885,32355,59,Employed,42861,No,79226,Good,Yes
APP02886,52290,42,Employed,83759,No,49258,Good,Yes
APP02887,96162,32,Self-Employed,45077,No,2810,Good,Yes
APP02888,41148,44,Unemployed,92963,No,70670,Good,No
APP02889,45796,60,Self-Employed,99678,No,55072,Good,Yes
APP02890,78370,58,,79169,No,56088,Good,Yes
APP02891,60083,30,Self-Employed,68307,No,22728,Good,Yes
APP02892,78056,55,Self-Employed,42230,No,27607,Good,Yes
APP02893,66778,52,Employed,11369,Yes,73239,Average,No
APP02894,74454,27,,59448,No,51162,Good,No
APP02895,49393,41,Employed,39362,No,2339,Good,Yes
APP02896,66595,40,Unemployed,38335,No,26865,Good,Yes
APP02897,39529,46,Employed,70332,Yes,48285,Good,No
APP02898,107140,24,Self-Employed,49046,No,12693,Average,Yes
APP02899,45102,42,Self-Employed,76449,No,8765,Good,Yes
APP02900,99716,35,Unemployed,42826,No,5691,Good,Yes
APP02901,54013,60,Self-Employed,19332,No,50816,Average,Yes
APP02902,65710,41,Employed,48828,No,26327,Good,Yes
APP02903,48020,35,Employed,95346,No,30521,Poor,No
APP02904,37983,42,Employed,81145,No,5743,Poor,Yes
APP02905,27363,48,Employed,24546,No,59303,Good,Yes
APP02906,37317,34,Employed,42174,No,61574,Good,Yes
APP02907,51862,,Employed,93140,Yes,66525,Average,No
APP02908,66002,61,Employed,16751,Yes,52481,Poor,No
APP02909,94539,60,Unemployed,29125,No,62090,Average,No
APP02910,49095,48,Unemployed,29911,No,46601,Good,Yes
APP02911,40345,46,Employed,59239,No,39839,Good,Yes
APP02912,31347,22,Employed,44020,No,21525,Average,No
APP02913,74468,45,Employed,12588,No,5217,Good,Yes
APP02914,111808,23,Employed,64772,No,24054,Good,Yes
APP02915,106080,28,,14412,No,55006,Average,Yes
APP02916,82584,64,Employed,62609,No,74220,Good,Yes
APP02917,79973,53,Employed,53166,No,21241,Poor,Yes
APP02918,128802,62,,51899,No,53918,Poor,Yes
APP02919,69671,55,Employed,11412,Yes,38781,Good,Yes
APP02920,80246,26,Employed,65726,No,50576,Average,No
APP02921,51935,59,Self-Employed,45975,No,1128,Average,Yes
APP02922,32506,43,Self-Employed,44055,No,10690,Good,Yes
APP02923,44107,45,Employed,61663,No,18145,Good,Yes
APP02924,59753,63,Employed,62594,No,71583,Good,Yes
APP02925,61664,,Employed,6428,Yes,4202,Poor,No
APP02926,142761,25,Employed,16896,No,46001,Good,Yes
APP02927,62235,31,Employed,27469,No,74363,Good,Yes
APP02928,101985,32,Employed,69408,No,52514,Good,Yes
APP02929,49331,30,Employed,59790,No,39268,Good,Yes
APP02930,52148,28,Employed,76975,No,31493,Good,Yes
APP02931,32993,44,Self-Employed,75358,No,50311,Good,No
APP02932,42961,48,Employed,86052,No,38950,Good,Yes
APP02933,76057,61,Employed,40797,No,56728,Good,Yes
APP02934,60204,56,Employed,37781,No,49804,Average,Yes
APP02935,91713,57,Employed,83946,No,45825,Average,Yes
APP02936,65099,41,Self-Employed,27572,No,76588,Good,Yes
APP02937,51200,28,Employed,48811,No,67020,Average,No
APP02938,157761,29,Employed,23461,No,49100,Good,Yes
APP02939,57517,35,,91815,No,43553,Good,Yes
APP02940,101260,60,Employed,43741,No,58192,Good,Yes
APP02941,50089,38,Employed,25186,No,64509,Good,Yes
APP02942,82571,62,Employed,70741,No,24324,Good,Yes
APP02943,91099,40,Self-Employed,28241,No,53689,Good,Yes
APP02944,65902,26,Employed,94633,No,11677,Good,Yes
APP02945,,32,Employed,39924,No,35006,Good,Yes
APP02946,60495,22,Employed,68141,No,75136,Good,Yes
APP02947,104381,27,Self-Employed,37798,Yes,26778,Poor,No
APP02948,76074,36,Unemployed,81688,No,13185,Good,Yes
APP02949,73330,23,Self-Employed,90208,No,12546,Poor,No
APP02950,27642,65,Self-Employed,79852,No,32105,Good,Yes
APP02951,43386,23,Unemployed,85607,No,18789,Good,No
APP02952,72201,47,Self-Employed,14679,No,34727,Poor,No
APP02953,72169,63,Self-Employed,92786,No,57792,Poor,No
APP02954,103642,60,Unemployed,64309,No,71165,Good,Yes
APP02955,56213,58,Employed,87576,No,9703,Good,Yes
APP02956,72022,53,Employed,70021,Yes,61704,Good,No
APP02957,60444,48,Self-Employed,24176,No,9175,Average,Yes
APP02958,38483,21,Unemployed,62908,No,30975,Good,Yes
APP02959,21742,28,Self-Employed,13640,No,79727,Average,No
APP02960,72842,57,Self-Employed,71094,Yes,6426,Average,No
APP02961,64885,52,Unemployed,43855,No,2808,Good,Yes
APP02962,45430,63,Employed,19415,No,27358,Average,Yes
APP02963,28954,57,Employed,98027,No,76139,Average,No
APP02964,,24,Employed,90603,No,2583,Good,Yes
APP02965,53233,50,Employed,89887,No,18594,Good,Yes
APP02966,77087,26,Employed,79938,No,48650,Average,No
APP02967,138818,,Employed,70738,No,19467,Good,Yes
APP02968,22890,52,Employed,67233,No,5251,Average,Yes
APP02969,43795,29,Unemployed,15079,Yes,5143,Good,No
APP02970,54605,32,Employed,90554,No,45174,Good,Yes
APP02971,115471,31,,88707,No,45390,Poor,No
APP02972,28731,36,Unemployed,76046,No,56811,Good,No
APP02973,143378,21,Employed,93095,No,11408,Good,Yes
APP02974,63783,,Employed,57543,No,40488,Average,Yes
APP02975,57463,,Self-Employed,47526,No,48475,Average,No
APP02976,54884,50,Self-Employed,96955,No,18568,Good,Yes
APP02977,,33,Employed,49092,No,44240,Poor,No
APP02978,96158,54,Employed,65926,No,56951,Good,Yes
APP02979,37096,24,Employed,40441,No,79276,Average,No
APP02980,70090,48,Employed,65451,No,48117,Good,Yes
APP02981,50474,58,Employed,73409,No,69034,Good,Yes
APP02982,42580,51,Employed,64342,No,66860,Average,Yes
APP02983,192103,47,Employed,53883,No,75281,Average,Yes
APP02984,72452,25,Unemployed,33511,No,58121,Average,No
APP02985,79068,45,Self-Employed,66165,No,17835,Good,Yes
APP02986,100117,23,Unemployed,91301,No,24549,Poor,No
APP02987,31650,53,Self-Employed,5657,No,62990,Good,Yes
APP02988,132010,24,Self-Employed,17723,No,42145,Good,Yes
APP02989,19401,45,Employed,16378,No,20853,Poor,Yes
APP02990,42453,40,Employed,92705,No,52877,Good,Yes
APP02991,48802,54,Self-Employed,67961,Yes,72616,Good,No
APP02992,77954,46,Unemployed,95420,No,29257,Poor,No
APP02993,66206,25,Employed,60367,No,48103,Poor,No
APP02994,55661,55,Employed,48865,No,46939,Average,Yes
APP02995,59677,48,Self-Employed,80273,No,11031,Good,Yes
APP02996,38638,49,Employed,20290,No,8129,Good,Yes
APP02997,30587,29,Employed,41227,No,71265,Good,Yes
APP02998,83202,58,Self-Employed,49296,Yes,74749,Good,No
APP02999,81983,26,Employed,33354,No,72435,Good,Yes
APP03000,122409,39,Self-Employed,40272,No,32336,Good,Yes
APP03001,42049,64,Unemployed,12420,No,23722,Good,Yes
APP03002,81950,31,Employed,23808,No,75432,Good,Yes
APP03003,52809,22,Employed,36872,No,70741,Average,No
APP03004,102520,64,Employed,80610,No,65766,Good,Yes
APP03005,95033,64,Employed,22337,No,27401,Poor,Yes
APP03006,65982,29,Self-Employed,37931,No,51461,Good,Yes
APP03007,51499,41,Employed,11167,No,60283,Good,Yes
APP03008,92459,44,Employed,57925,No,46516,Good,Yes
APP03009,80274,,Employed,63069,No,48558,Good,Yes
APP03010,44095,42,Employed,87224,No,60778,Good,Yes
APP03011,33011,23,Employed,82816,Yes,61579,Average,No
APP03012,52694,32,Employed,32111,Yes,19956,Good,Yes
APP03013,118662,48,Employed,18011,No,31863,Poor,Yes
APP03014,100511,50,Employed,19828,No,62714,Average,Yes
APP03015,36372,46,Employed,97052,No,21654,Good,Yes
APP03016,35476,41,Unemployed,68956,No,73332,Good,No
APP03017,106479,48,Employed,9044,No,67273,Average,Yes
APP03018,,46,Self-Employed,17994,No,71741,Average,No
APP03019,75454,53,Employed,51151,Yes,24487,Poor,No
APP03020,45473,41,Self-Employed,24744,Yes,9304,Average,No
APP03021,124215,55,Employed,81348,No,8947,Good,Yes
APP03022,42421,,Unemployed,59456,No,44917,Good,No
APP03023,100369,61,Employed,63200,Yes,25142,Average,Yes
APP03024,65205,38,Self-Employed,48968,Yes,21818,Good,No
APP03025,67211,31,Employed,29326,No,18570,Good,Yes
APP03026,24722,43,Self-Employed,60993,No,45406,Average,No
APP03027,22265,42,Self-Employed,73112,No,44300,Good,Yes
APP03028,54331,37,Employed,40240,No,34363,Good,Yes
APP03029,67051,25,Employed,52970,No,11937,Average,Yes
APP03030,36162,64,Employed,84770,No,74375,Good,Yes
APP03031,36761,31,Employed,19125,No,34807,Average,Yes
APP03032,77247,50,Self-Employed,56796,No,10768,Average,Yes
APP03033,77295,35,Employed,38099,Yes,3929,Good,Yes
APP03034,56394,47,Employed,71766,No,13055,Good,Yes
APP03035,85237,55,Employed,6787,No,24473,Average,Yes
APP03036,35373,53,Employed,68695,No,50777,Good,Yes
APP03037,,40,,14775,No,77704,Good,Yes
APP03038,125951,36,Self-Employed,11153,No,22493,Poor,Yes
APP03039,61873,54,Employed,73839,No,63395,Average,Yes
APP03040,63509,22,Self-Employed,65833,No,73000,Good,No
APP03041,169359,55,Self-Employed,90019,No,31934,Good,Yes
APP03042,31965,,Employed,54367,No,21009,Poor,Yes
APP03043,85862,48,Self-Employed,55352,No,39794,Average,Yes
APP03044,126867,59,Employed,72167,Yes,71840,Good,Yes
APP03045,51840,26,Employed,35723,No,1868,Average,Yes
APP03046,88339,29,Employed,8507,No,39444,Good,Yes
APP03047,38568,40,Self-Employed,26854,Yes,60850,Good,No
APP03048,44050,21,Employed,27611,No,48489,Good,Yes
APP03049,71349,28,Employed,36888,No,40290,Good,Yes
APP03050,,43,Employed,94629,No,44735,Average,Yes
APP03051,99362,23,Employed,81460,No,49919,Good,Yes
APP03052,121593,24,Self-Employed,93916,No,54884,Average,No
APP03053,58206,,Employed,99868,No,29139,Good,Yes
APP03054,102665,58,Employed,46209,No,41873,Good,Yes
APP03055,51434,35,Employed,26572,No,22612,Good,Yes
APP03056,90043,41,Employed,58200,No,78735,Good,Yes
APP03057,65872,55,Employed,88708,Yes,15796,Good,Yes
APP03058,73325,34,Employed,49245,No,12902,Good,Yes
APP03059,72597,56,Employed,53013,No,22237,Average,Yes
APP03060,29143,32,Employed,17772,No,73684,Average,Yes
APP03061,36179,37,Employed,44943,No,53050,Average,No
APP03062,62833,59,Employed,41765,No,37018,Average,Yes
APP03063,28080,29,Self-Employed,38410,No,74106,Average,No
APP03064,87216,55,Employed,89293,No,72112,Good,Yes
APP03065,88814,33,Self-Employed,10634,No,32726,Poor,Yes
APP03066,69517,35,Employed,97354,No,45528,Good,Yes
APP03067,36228,38,Employed,5783,No,72525,Average,Yes
APP03068,111654,53,Employed,94831,No,26232,Average,Yes
APP03069,150068,26,Employed,57065,No,33195,Good,Yes
APP03070,64105,47,Self-Employed,71732,No,63648,Poor,No
APP03071,75496,43,Self-Employed,22778,No,56192,Good,Yes
APP03072,65702,47,Employed,67150,No,4843,Good,Yes
APP03073,76173,54,Employed,88786,No,10273,Good,Yes
APP03074,56857,58,Self-Employed,18251,No,67855,Good,Yes
APP03075,59074,34,Self-Employed,17073,No,3349,Average,Yes
APP03076,,56,Unemployed,33878,No,73674,Good,Yes
APP03077,172410,28,Self-Employed,20364,No,22468,Poor,Yes
APP03078,31954,55,Self-Employed,15511,No,48272,Average,Yes
APP03079,57262,39,Employed,69440,No,45602,Good,Yes
APP03080,35274,50,Self-Employed,25314,No,32304,Good,Yes
APP03081,122824,34,Unemployed,68366,No,3484,Good,Yes
APP03082,46056,40,Self-Employed,86883,No,16205,Poor,No
APP03083,31340,45,Employed,66942,No,49583,Average,No
APP03084,79960,60,Employed,16340,No,36263,Good,Yes
APP03085,131537,44,Self-Employed,59490,No,33693,Good,Yes
APP03086,80880,34,Self-Employed,42395,No,8719,Good,Yes
APP03087,65792,46,Self-Employed,37620,No,28423,Good,Yes
APP03088,72129,58,Employed,35260,No,42588,Average,Yes
APP03089,113412,43,Employed,93296,No,7138,Average,Yes
APP03090,40486,42,Employed,75538,Yes,6269,Good,No
APP03091,57055,39,,17716,Yes,39833,Poor,No
APP03092,48942,23,Employed,50221,No,45339,Good,Yes
APP03093,35474,62,Self-Employed,35231,Yes,21354,Good,Yes
APP03094,51758,39,Employed,97904,No,26736,Average,Yes
APP03095,98772,,,97913,No,63953,Good,Yes
APP03096,77425,48,Employed,35356,No,69670,Good,Yes
APP03097,80181,40,Employed,38451,Yes,26693,Good,Yes
APP03098,64088,65,Employed,61944,No,29101,Good,Yes
APP03099,75932,27,Unemployed,50534,No,66596,Good,No
APP03100,41849,34,Unemployed,25245,No,77933,Average,No
APP03101,52199,29,Employed,67739,No,26327,Good,Yes
APP03102,65415,39,Self-Employed,36742,No,63309,Good,Yes
APP03103,67981,34,Employed,67103,No,38896,Good,Yes
APP03104,69299,58,Unemployed,41450,No,21835,Good,Yes
APP03105,56379,56,Self-Employed,71520,No,54861,Good,Yes
APP03106,50628,60,Employed,68441,No,37541,Poor,No
APP03107,248475,37,Employed,53337,No,22185,Average,Yes
APP03108,90233,50,Employed,71950,No,9471,Good,Yes
APP03109,72259,29,Self-Employed,48792,No,69489,Average,No
APP03110,54023,53,Employed,16033,No,70415,Good,Yes
APP03111,48974,45,Self-Employed,22300,Yes,6922,Good,Yes
APP03112,56570,34,Employed,28369,Yes,53408,Average,No
APP03113,68451,31,Unemployed,11007,No,13844,Average,Yes
APP03114,25743,55,,72581,No,52059,Good,Yes
APP03115,29610,61,Employed,39902,No,72702,Good,Yes
APP03116,45049,34,Self-Employed,13885,No,21557,Good,Yes
APP03117,65862,50,Self-Employed,82896,No,28486,Good,Yes
APP03118,53875,61,Self-Employed,69947,No,63815,Good,Yes
APP03119,116687,24,Employed,47961,Yes,59095,Average,No
APP03120,30792,24,,28505,No,33284,Good,Yes
APP03121,42787,48,Employed,19416,No,68035,Good,Yes
APP03122,118912,28,Employed,48546,No,73726,Good,Yes
APP03123,63647,22,Employed,89098,No,36759,Average,No
APP03124,89347,61,Employed,22898,No,4117,Good,Yes
APP03125,151019,42,,59023,Yes,41246,Good,Yes
APP03126,43910,61,,96360,No,59435,Good,Yes
APP03127,57378,36,Employed,65526,No,18383,Average,Yes
APP03128,53077,49,Employed,46797,No,8855,Good,Yes
APP03129,24898,50,Self-Employed,73055,No,23532,Good,Yes
APP03130,52178,32,,83335,No,1915,Good,No
APP03131,89195,55,Employed,61099,No,57522,Good,Yes
APP03132,76524,31,Self-Employed,87824,No,12539,Good,Yes
APP03133,79276,41,Employed,53886,No,58168,Good,Yes
APP03134,,41,Self-Employed,83853,No,19529,Good,Yes
APP03135,,25,Employed,95442,No,79373,Average,No
APP03136,106220,40,Employed,52618,Yes,43012,Good,Yes
APP03137,47969,57,Employed,62475,No,4266,Average,Yes
APP03138,68490,23,Employed,62899,No,62042,Good,Yes
APP03139,64576,64,Employed,79236,No,33397,Poor,No
APP03140,115829,53,Employed,83182,No,48978,Poor,Yes
APP03141,92896,29,Employed,7587,No,76146,Average,Yes
APP03142,33498,29,Self-Employed,74669,No,41864,Poor,No
APP03143,,24,Employed,79462,Yes,64546,Good,No
APP03144,77855,,Employed,71541,Yes,24921,Average,No
APP03145,,37,Employed,72801,No,57447,Good,Yes
APP03146,48887,54,Self-Employed,8933,No,8847,Average,Yes
APP03147,94763,44,,46994,No,71575,Good,Yes
APP03148,65281,52,Employed,82727,No,16780,Good,Yes
APP03149,61433,21,Employed,93731,No,24852,Poor,No
APP03150,85223,28,Employed,26799,No,76699,Good,Yes
APP03151,50681,65,Employed,60024,No,13262,Average,Yes
APP03152,121532,43,Employed,81411,No,21098,Average,Yes
APP03153,42086,60,Employed,76479,Yes,46834,Good,Yes
APP03154,80637,,Employed,63795,No,78475,Good,Yes
APP03155,114385,32,Employed,6776,No,55622,Good,Yes
APP03156,32284,35,Employed,73769,No,10021,Poor,No
APP03157,51411,61,Employed,78458,No,60101,Poor,No
APP03158,100317,39,Unemployed,73671,No,34671,Average,No
APP03159,100998,46,Employed,77752,No,79394,Average,Yes
APP03160,55544,49,Self-Employed,45937,No,50669,Good,Yes
APP03161,43109,42,Employed,99406,No,43025,Good,Yes
APP03162,92251,60,Employed,78225,No,45024,Good,Yes
APP03163,102201,41,Self-Employed,59975,No,51683,Good,Yes
APP03164,35525,58,Employed,93748,No,58815,Good,Yes
APP03165,34903,40,Employed,91279,No,7187,Good,Yes
APP03166,66401,,Employed,82384,No,11323,Average,Yes
APP03167,79643,24,Employed,58551,No,24738,Good,Yes
APP03168,52445,,Self-Employed,55075,No,38758,Good,Yes
APP03169,81453,48,Employed,36227,No,25574,Good,Yes
APP03170,43588,48,Employed,28833,No,17893,Average,Yes
APP03171,23167,24,Self-Employed,53674,No,74077,Good,Yes
APP03172,49580,42,Unemployed,59889,No,3575,Good,Yes
APP03173,61732,32,Self-Employed,28230,No,75157,Average,No
APP03174,52996,65,Employed,92647,No,72672,Good,Yes
APP03175,35622,23,Self-Employed,57941,No,55019,Good,Yes
APP03176,26504,42,Self-Employed,55018,No,3570,Average,Yes
APP03177,47608,64,Self-Employed,46386,No,18803,Good,Yes
APP03178,89863,22,Self-Employed,10517,No,78349,Good,Yes
APP03179,105597,44,Unemployed,88828,No,72570,Good,No
APP03180,102393,54,Employed,35114,No,77201,Good,Yes
APP03181,41562,47,Employed,66034,No,79694,Good,Yes
APP03182,35701,61,Self-Employed,62706,No,6047,Good,Yes
APP03183,75026,21,Employed,60526,No,46098,Poor,No
APP03184,79849,28,Employed,54943,No,66897,Good,Yes
APP03185,71839,43,Employed,22237,No,26257,Good,Yes
APP03186,24240,58,Self-Employed,31658,No,35409,Good,Yes
APP03187,40619,26,Employed,54798,No,23415,Poor,No
APP03188,59204,42,Employed,79988,No,4008,Average,Yes
APP03189,74708,45,Employed,46039,No,6744,Good,Yes
APP03190,84744,38,Employed,24373,No,2694,Good,Yes
APP03191,64024,37,Employed,13355,No,42652,Good,Yes
APP03192,69630,32,Employed,67986,Yes,49855,Good,No
APP03193,62336,26,Self-Employed,45217,No,25308,Good,Yes
APP03194,81685,46,Self-Employed,16910,No,66266,Good,Yes
APP03195,69071,47,Self-Employed,69074,No,71153,Good,Yes
APP03196,61801,28,Employed,24720,No,12040,Good,Yes
APP03197,53174,39,Employed,53357,Yes,5102,Good,Yes
APP03198,62236,,Employed,34088,No,26231,Good,Yes
APP03199,74620,21,Employed,93511,No,57326,Good,Yes
APP03200,67674,49,Employed,26687,No,41086,Poor,Yes
APP03201,71216,65,Self-Employed,44892,Yes,39559,Average,No
APP03202,109790,55,Employed,96152,No,13040,Poor,Yes
APP03203,67604,60,Employed,35279,No,28765,Good,Yes
APP03204,44804,34,Unemployed,66236,No,76752,Good,No
APP03205,89297,55,Employed,35089,No,27904,Average,Yes
APP03206,32445,65,Unemployed,15514,No,47723,Good,Yes
APP03207,36881,40,Unemployed,64617,Yes,5610,Good,No
APP03208,69789,33,Employed,92023,No,6044,Good,Yes
APP03209,75696,58,Employed,47994,No,34516,Good,Yes
APP03210,34263,28,Self-Employed,64487,No,48725,Average,No
APP03211,50505,63,Employed,62845,No,30415,Average,Yes
APP03212,45678,,Employed,44434,No,15142,Poor,Yes
APP03213,48199,53,Self-Employed,63415,No,59141,Poor,No
APP03214,91740,46,Employed,29635,No,12063,Good,Yes
APP03215,82457,59,Employed,40914,No,53773,Good,Yes
APP03216,59486,41,Employed,47020,No,76582,Good,Yes
APP03217,46930,62,Self-Employed,87081,Yes,38172,Good,No
APP03218,32688,63,Employed,38092,No,16834,Good,Yes
APP03219,113685,61,Employed,65338,No,67517,Good,Yes
APP03220,78319,29,Employed,25273,Yes,40933,Good,Yes
APP03221,43656,44,Employed,28994,No,73935,Average,Yes
APP03222,82944,57,Self-Employed,66601,No,57926,Good,Yes
APP03223,58134,61,Self-Employed,77419,No,35018,Good,Yes
APP03224,52728,37,Employed,48901,No,49773,Good,Yes
APP03225,72980,44,Employed,36834,No,14427,Average,Yes
APP03226,42977,41,Employed,91476,No,31591,Average,Yes
APP03227,51401,59,Employed,17902,No,47916,Good,Yes
APP03228,63371,61,Employed,73468,No,47613,Poor,No
APP03229,47923,59,Employed,70566,Yes,47390,Good,Yes
APP03230,81080,33,,70573,No,59739,Average,Yes
APP03231,139132,31,Employed,93865,No,9347,Good,Yes
APP03232,42730,39,Self-Employed,74178,No,6819,Good,Yes
APP03233,,31,Self-Employed,33649,Yes,12694,Good,No
APP03234,24375,33,Employed,38574,No,63599,Good,Yes
APP03235,56072,65,Employed,42156,No,6123,Poor,Yes
APP03236,44519,21,Self-Employed,7927,Yes,18794,Average,No
APP03237,65883,60,Unemployed,91783,No,21127,Good,Yes
APP03238,63689,64,Employed,11987,Yes,52133,Good,Yes
APP03239,29163,39,Self-Employed,71480,No,32729,Good,Yes
APP03240,26513,32,Self-Employed,74365,Yes,16720,Good,No
APP03241,68547,28,Employed,85153,No,36514,Poor,No
APP03242,63770,28,Employed,57569,No,55151,Good,Yes
APP03243,49537,65,Employed,73900,No,63098,Good,Yes
APP03244,28464,32,Employed,33759,No,10787,Poor,No
APP03245,74178,53,Employed,75830,No,57463,Good,Yes
APP03246,106346,65,Unemployed,37624,No,1357,Good,Yes
APP03247,67995,46,,90770,No,58222,Good,Yes
APP03248,40976,59,Employed,20521,No,53219,Good,Yes
APP03249,61215,48,Employed,34997,No,38025,Good,Yes
APP03250,32447,25,Self-Employed,52383,No,11813,Good,Yes
APP03251,96585,28,Employed,78706,No,61399,Average,Yes
APP03252,62251,45,Employed,76136,No,6668,Average,Yes
APP03253,27077,47,Unemployed,25018,No,71750,Average,No
APP03254,52407,43,Employed,18702,No,62103,Poor,No
APP03255,73909,50,,33877,Yes,59536,Good,No
APP03256,51649,65,Employed,50957,No,60597,Good,Yes
APP03257,52995,43,Employed,56205,Yes,6338,Average,No
APP03258,34583,40,Employed,45768,Yes,79206,Good,No
APP03259,77423,38,Employed,67994,No,68829,Good,Yes
APP03260,44815,38,Employed,45618,No,41127,Good,Yes
APP03261,22736,22,Employed,94901,No,57833,Average,No
APP03262,50769,24,Employed,29792,No,59401,Good,Yes
APP03263,93304,50,Employed,64600,No,66553,Good,Yes
APP03264,50412,53,Employed,63081,No,21175,Good,Yes
APP03265,131163,56,Self-Employed,31750,No,30392,Average,Yes
APP03266,72776,38,Employed,44110,No,64175,Good,Yes
APP03267,69880,,Employed,39720,No,61750,Good,Yes
APP03268,56631,39,Employed,21387,No,42287,Average,Yes
APP03269,58184,48,Employed,50343,No,32300,Average,Yes
APP03270,53293,60,Self-Employed,41733,Yes,77507,Good,No
APP03271,52369,40,Employed,21940,No,33787,Good,Yes
APP03272,76190,53,Self-Employed,47739,No,61355,Good,Yes
APP03273,39379,32,Employed,45075,Yes,33599,Poor,No
APP03274,36973,35,Employed,17480,No,25477,Good,Yes
APP03275,36194,61,Self-Employed,17463,No,51639,Good,Yes
APP03276,150639,59,Employed,66513,Yes,64802,Good,Yes
APP03277,76172,22,Employed,72125,No,78529,Average,No
APP03278,68811,49,Self-Employed,94412,No,12763,Average,Yes
APP03279,37280,61,Unemployed,13265,No,70213,Good,Yes
APP03280,79428,30,Employed,16197,Yes,42407,Good,Yes
APP03281,56934,22,Employed,9923,No,9512,Poor,No
APP03282,66070,31,Employed,55562,No,63756,Average,No
APP03283,38662,,Employed,64161,Yes,27192,Poor,No
APP03284,64487,30,Employed,43335,No,69592,Average,Yes
APP03285,49582,34,Self-Employed,80801,Yes,13466,Good,No
APP03286,42513,38,Employed,70236,No,57176,Good,Yes
APP03287,83487,29,Self-Employed,98655,No,24763,Average,Yes
APP03288,30035,59,Employed,18100,No,21331,Good,Yes
APP03289,77362,48,Employed,10540,No,4971,Good,Yes
APP03290,81644,23,Unemployed,31106,No,39071,Good,Yes
APP03291,40387,40,Employed,6810,No,31929,Poor,Yes
APP03292,41479,26,Employed,93598,No,5874,Good,Yes
APP03293,54271,47,Employed,33875,No,18905,Good,Yes
APP03294,68119,22,Self-Employed,57481,Yes,39494,Average,No
APP03295,56012,49,Employed,35217,No,64853,Poor,No
APP03296,72926,58,Employed,28352,No,74426,Poor,No
APP03297,132646,23,Employed,19475,No,41711,Good,Yes
APP03298,47745,,Employed,35435,No,32861,Good,Yes
APP03299,27730,50,Self-Employed,63465,No,76426,Good,Yes
APP03300,87009,60,Employed,97304,No,77066,Poor,No
APP03301,127975,22,Employed,58019,Yes,16043,Good,Yes
APP03302,71600,37,Employed,55607,No,42985,Average,Yes
APP03303,36776,61,Self-Employed,8350,Yes,65852,Good,No
APP03304,56746,32,Self-Employed,84809,No,65958,Good,Yes
APP03305,36271,55,Self-Employed,9260,No,55113,Good,Yes
APP03306,80128,63,Employed,91092,No,38246,Average,Yes
APP03307,32664,21,Employed,56174,No,32889,Poor,No
APP03308,52420,65,Employed,21004,No,64707,Average,Yes
APP03309,38183,35,Self-Employed,47912,No,18832,Good,Yes
APP03310,63524,46,Self-Employed,99524,No,34846,Average,Yes
APP03311,50881,57,Unemployed,33983,No,45782,Average,No
APP03312,64968,41,Employed,30599,No,66711,Good,Yes
APP03313,60607,51,Employed,16211,No,30534,Poor,Yes
APP03314,38488,45,Employed,61729,Yes,44344,Good,No
APP03315,79554,43,Self-Employed,13477,No,23054,Poor,Yes
APP03316,58698,44,Employed,77771,No,67116,Average,Yes
APP03317,38456,58,Self-Employed,92326,No,63058,Good,Yes
APP03318,164475,48,Employed,93528,Yes,65788,Good,No
APP03319,74347,41,Employed,15252,Yes,5541,Good,Yes
APP03320,56001,63,Employed,58035,Yes,39465,Good,No
APP03321,113430,38,Employed,14225,No,11732,Good,Yes
APP03322,137436,56,Employed,59342,No,54227,Average,Yes
APP03323,56201,55,Employed,82423,Yes,25600,Good,No
APP03324,70153,65,Employed,56090,No,62192,Good,Yes
APP03325,38465,29,Employed,87845,No,6148,Poor,No
APP03326,56155,58,Self-Employed,81159,No,41548,Good,Yes
APP03327,54859,50,Self-Employed,31272,Yes,10770,Poor,No
APP03328,65204,64,Employed,64860,No,45074,Good,Yes
APP03329,69692,54,Employed,5704,Yes,48981,Average,No
APP03330,77190,52,Employed,42624,No,37509,Good,Yes
APP03331,66772,23,Unemployed,27606,No,23092,Average,No
APP03332,34796,23,Employed,94026,No,3554,Average,Yes
APP03333,39332,48,Employed,43512,No,53307,Poor,No
APP03334,46921,64,Self-Employed,67136,No,69765,Good,Yes
APP03335,,35,Employed,74538,No,58958,Good,Yes
APP03336,96273,61,Self-Employed,78455,No,71548,Poor,No
APP03337,35553,43,Employed,74899,Yes,74431,Good,No
APP03338,51086,60,Employed,32471,No,36514,Good,Yes
APP03339,92130,,Employed,70176,No,56141,Good,Yes
APP03340,52426,52,Self-Employed,57156,No,32393,Good,Yes
APP03341,73813,56,Self-Employed,61750,Yes,73644,Good,No
APP03342,56348,53,Employed,5077,No,45475,Good,Yes
APP03343,67350,44,Employed,29534,No,60444,Good,Yes
APP03344,54138,59,Employed,93415,No,2147,Good,Yes
APP03345,81006,54,Unemployed,32557,No,46468,Good,Yes
APP03346,29936,48,Employed,46611,No,59617,Average,Yes
APP03347,50950,57,Self-Employed,22734,No,21303,Poor,Yes
APP03348,68566,27,Employed,18167,No,2136,Good,Yes
APP03349,76287,24,Employed,24824,No,59747,Average,Yes
APP03350,117469,57,Employed,57596,No,27709,Poor,Yes
APP03351,50319,21,Self-Employed,92308,No,34874,Average,No
APP03352,116759,21,,35989,No,45402,Poor,No
APP03353,44602,40,Employed,35724,Yes,9710,Good,Yes
APP03354,109097,39,Employed,58593,No,9181,Average,Yes
APP03355,86678,49,Employed,38891,No,76910,Average,No
APP03356,39777,30,Employed,91490,No,27773,Good,Yes
APP03357,68890,38,Unemployed,40896,No,21186,Average,No
APP03358,58632,48,Employed,51592,No,4771,Good,Yes
APP03359,79508,55,Self-Employed,55672,Yes,14740,Good,Yes
APP03360,54265,63,Self-Employed,79296,No,35041,Good,Yes
APP03361,52252,51,Self-Employed,58571,No,28024,Average,Yes
APP03362,111101,47,Unemployed,27720,No,34542,Average,No
APP03363,57393,31,Employed,16779,No,56609,Good,Yes
APP03364,87028,58,Self-Employed,94089,Yes,51701,Good,No
APP03365,54214,25,Employed,81148,No,39959,Good,Yes
APP03366,127020,28,Employed,7182,No,65371,Good,Yes
APP03367,44216,54,Self-Employed,83045,No,68729,Poor,No
APP03368,45512,32,Employed,61107,No,47674,Poor,No
APP03369,119149,58,Self-Employed,54295,No,10288,Average,Yes
APP03370,49113,21,Self-Employed,6162,No,33088,Poor,No
APP03371,123326,51,Self-Employed,79182,Yes,51123,Poor,No
APP03372,89628,24,Employed,23816,No,5965,Good,Yes
APP03373,55966,65,Self-Employed,74158,No,2573,Good,Yes
APP03374,26532,,Employed,6507,No,75918,Good,Yes
APP03375,59481,50,Self-Employed,80654,Yes,58675,Good,No
APP03376,62808,44,Employed,7189,No,13096,Average,Yes
APP03377,101453,23,Employed,27410,No,36165,Good,Yes
APP03378,122627,31,Employed,30486,No,16291,Poor,Yes
APP03379,44084,65,Employed,19963,No,1813,Good,Yes
APP03380,86046,24,Employed,50701,No,31944,Average,Yes
APP03381,84671,46,Employed,31950,Yes,52222,Good,Yes
APP03382,97259,47,Employed,99362,Yes,76376,Good,No
APP03383,75095,63,Self-Employed,60097,No,61817,Average,No
APP03384,25034,47,Employed,58815,No,19181,Average,Yes
APP03385,55947,62,Employed,25983,No,27561,Poor,Yes
APP03386,35669,26,Employed,43825,No,42126,Average,No
APP03387,54772,35,Self-Employed,16778,No,16111,Good,Yes
APP03388,93256,50,Employed,77440,Yes,66803,Good,No
APP03389,68832,62,Employed,36460,No,14269,Poor,Yes
APP03390,100583,57,Employed,76437,No,23908,Good,Yes
APP03391,69975,57,Employed,40311,No,46630,Average,Yes
APP03392,33452,62,Employed,98932,No,10735,Good,Yes
APP03393,19297,57,Employed,21257,No,50345,Good,Yes
APP03394,64155,55,Self-Employed,5145,No,75594,Good,Yes
APP03395,54493,43,Employed,61508,No,55631,Poor,Yes
APP03396,38657,26,Employed,95531,No,65210,Poor,No
APP03397,27912,24,Employed,66470,No,35641,Poor,No
APP03398,43108,38,Employed,13144,Yes,29860,Good,Yes
APP03399,54972,29,Unemployed,56346,No,26960,Good,Yes
APP03400,80963,49,Employed,91401,No,53177,Poor,No
APP03401,65315,33,,5618,No,41964,Good,Yes
APP03402,123714,,Self-Employed,20857,Yes,38313,Good,Yes
APP03403,37650,65,Employed,82383,No,8959,Good,Yes
APP03404,89195,52,Unemployed,89921,No,54196,Good,No
APP03405,61291,42,Employed,72180,No,58305,Good,Yes
APP03406,82019,24,Employed,99198,No,16500,Poor,No
APP03407,49299,25,Employed,13571,No,61017,Poor,No
APP03408,,57,Employed,56839,Yes,70472,Good,No
APP03409,68525,61,Employed,70074,No,14795,Good,Yes
APP03410,44194,33,Employed,71751,No,36711,Average,Yes
APP03411,59676,54,,80381,No,70219,Good,Yes
APP03412,53868,65,Employed,92174,No,39497,Poor,No
APP03413,74774,42,Employed,39356,Yes,65405,Good,No
APP03414,35285,43,,9082,No,18044,Good,Yes
APP03415,59213,23,Employed,39432,No,6051,Average,Yes
APP03416,71682,62,Employed,68803,No,5698,Average,Yes
APP03417,60898,54,Employed,25278,No,77816,Good,Yes
APP03418,109999,52,Employed,81947,No,14013,Good,Yes
APP03419,85000,65,Employed,25878,No,69326,Good,Yes
APP03420,59798,41,Employed,5956,No,25943,Good,Yes
APP03421,66145,64,Employed,53268,No,4167,Good,Yes
APP03422,68538,41,Unemployed,74014,Yes,20037,Poor,No
APP03423,71940,64,Employed,38217,No,40934,Good,Yes
APP03424,26385,31,Employed,76145,Yes,9435,Good,Yes
APP03425,52387,59,Employed,46648,No,73851,Average,No
APP03426,30764,24,Employed,21313,No,72091,Good,Yes
APP03427,106652,21,Employed,13603,No,12783,Poor,Yes
APP03428,58379,48,Employed,72506,No,59232,Average,Yes
APP03429,55000,44,Employed,41643,No,37396,Good,Yes
APP03430,89829,55,Employed,91714,Yes,78588,Poor,No
APP03431,72558,33,Self-Employed,56324,No,5377,Good,Yes
APP03432,36106,54,Employed,38101,No,38212,Average,Yes
APP03433,58116,31,Employed,38154,No,23552,Poor,No
APP03434,51600,56,Self-Employed,17487,No,58384,Poor,Yes
APP03435,27366,37,Employed,61410,No,9780,Good,Yes
APP03436,43979,55,Self-Employed,60306,No,50621,Good,Yes
APP03437,55244,,Employed,80999,No,75897,Good,Yes
APP03438,56975,60,Employed,24114,No,36857,Average,Yes
APP03439,30795,42,Employed,32625,Yes,36884,Poor,No
APP03440,100745,44,Unemployed,14238,No,40160,Good,Yes
APP03441,57306,,Employed,33058,No,33841,Good,Yes
APP03442,61023,57,Unemployed,45670,No,36351,Average,Yes
APP03443,71854,59,Employed,96583,No,37596,Good,Yes
APP03444,42086,41,Employed,67041,No,79847,Good,No
APP03445,73678,28,Unemployed,79373,No,10198,Good,Yes
APP03446,50864,48,Employed,35923,No,23540,Good,Yes
APP03447,40080,25,Unemployed,18729,Yes,17652,Poor,No
APP03448,77664,37,Employed,29388,No,43991,Poor,Yes
APP03449,117401,57,Unemployed,29364,No,1222,Good,Yes
APP03450,83139,56,Employed,60396,Yes,73767,Poor,No
APP03451,90893,39,Employed,37440,Yes,42959,Good,Yes
APP03452,47468,47,Self-Employed,86453,No,71790,Poor,No
APP03453,29236,54,Employed,98912,No,28252,Good,Yes
APP03454,117320,31,Employed,37613,No,12844,Average,Yes
APP03455,151241,65,Employed,71981,No,16191,Good,Yes
APP03456,120134,32,Employed,67461,No,38188,Good,Yes
APP03457,51586,41,Unemployed,23474,Yes,4181,Poor,No
APP03458,35686,31,Employed,92211,No,62763,Good,Yes
APP03459,37143,59,Employed,23947,No,63460,Poor,No
APP03460,28125,48,Employed,75011,No,56454,Good,Yes
APP03461,57170,25,Self-Employed,38023,No,71811,Good,No
APP03462,123581,37,Employed,39873,No,44409,Poor,Yes
APP03463,56294,40,Employed,48268,Yes,38866,Good,Yes
APP03464,68744,61,Employed,87128,No,42805,Good,Yes
APP03465,111426,32,Employed,18324,Yes,15374,Good,Yes
APP03466,50024,26,Self-Employed,10184,No,41471,Good,Yes
APP03467,149955,37,Employed,43194,No,43799,Good,Yes
APP03468,147052,39,Employed,10281,Yes,61403,Good,Yes
APP03469,56562,46,Employed,70322,No,28486,Average,Yes
APP03470,46268,64,Self-Employed,77231,No,8286,Average,Yes
APP03471,82113,64,Employed,86198,No,48200,Poor,No
APP03472,51314,52,Employed,75665,No,63249,Average,Yes
APP03473,35655,26,Employed,92053,No,77595,Good,No
APP03474,106794,56,Self-Employed,76089,No,8130,Good,Yes
APP03475,103725,58,Employed,93927,Yes,59962,Good,No
APP03476,64349,31,Employed,23346,No,48071,Good,Yes
APP03477,33990,53,Employed,52487,No,2212,Good,Yes
APP03478,34503,44,Employed,99423,No,57741,Average,No
APP03479,62966,43,Unemployed,69750,No,3070,Poor,No
APP03480,47914,35,Employed,88471,No,63035,Average,No
APP03481,51462,47,Unemployed,7887,No,57984,Good,Yes
APP03482,95033,31,Employed,87817,No,55346,Good,Yes
APP03483,83452,37,Employed,71283,No,10480,Average,Yes
APP03484,111554,34,Employed,21222,No,73604,Average,Yes
APP03485,,47,Unemployed,7440,No,72014,Average,No
APP03486,51414,38,Employed,29693,No,72121,Good,Yes
APP03487,84427,48,Self-Employed,91998,No,29469,Average,Yes
APP03488,73404,24,Employed,68473,No,39882,Average,Yes
APP03489,119572,27,Employed,92350,No,10077,Good,Yes
APP03490,72500,65,Self-Employed,47384,Yes,5037,Good,Yes
APP03491,137826,55,Unemployed,93980,Yes,5643,Average,No
APP03492,76505,29,Employed,48981,No,45933,Good,Yes
APP03493,96768,28,Employed,24404,No,26391,Average,Yes
APP03494,51871,65,Employed,19382,No,46785,Good,Yes
APP03495,60387,37,Employed,99412,No,47820,Good,Yes
APP03496,90402,37,Employed,36717,No,72658,Good,Yes
APP03497,123988,53,Employed,20205,No,70700,Good,Yes
APP03498,83304,52,Employed,5799,No,57768,Good,Yes
APP03499,57796,28,Employed,32129,No,65662,Poor,No
APP03500,111513,39,Unemployed,89466,No,1250,Average,Yes
APP03501,22375,58,Employed,55731,No,2227,Poor,Yes
APP03502,31637,23,Employed,65081,No,37228,Good,Yes
APP03503,81539,25,Unemployed,92627,No,52642,Good,No
APP03504,60382,33,Employed,53720,No,63733,Good,Yes
APP03505,78793,51,Employed,84637,No,36334,Good,Yes
APP03506,,36,Employed,35764,No,75273,Good,Yes
APP03507,77577,52,Employed,97825,No,65384,Average,Yes
APP03508,41590,42,Self-Employed,12487,No,9118,Good,Yes
APP03509,77561,49,Employed,73859,No,35774,Good,Yes
APP03510,93863,42,Employed,67754,Yes,79595,Good,No
APP03511,103917,63,Employed,23209,Yes,33385,Good,Yes
APP03512,148479,23,Unemployed,41940,No,31515,Average,Yes
APP03513,66966,30,Self-Employed,34719,No,24232,Average,Yes
APP03514,67871,62,Employed,13977,No,39433,Good,Yes
APP03515,30232,41,Employed,60555,Yes,58659,Average,No
APP03516,47239,36,Employed,99399,Yes,4750,Good,No
APP03517,55007,32,Employed,58161,No,67022,Good,Yes
APP03518,96254,22,Employed,56800,No,73489,Good,Yes
APP03519,45577,61,Employed,8830,No,62706,Average,Yes
APP03520,85858,44,Self-Employed,18226,No,73335,Good,Yes
APP03521,59956,55,Employed,53756,No,8497,Good,Yes
APP03522,55402,50,Employed,98592,No,36559,Good,Yes
APP03523,67111,50,Self-Employed,88278,No,6612,Good,Yes
APP03524,50316,55,Employed,37320,No,67110,Average,Yes
APP03525,49466,39,Employed,56585,No,76251,Poor,No
APP03526,27860,28,Employed,57507,Yes,24522,Average,No
APP03527,53665,46,Employed,70109,No,43296,Poor,No
APP03528,48345,60,Self-Employed,70339,No,24516,Average,Yes
APP03529,47568,27,Self-Employed,80030,No,30931,Good,Yes
APP03530,72381,50,Employed,7372,Yes,38648,Good,Yes
APP03531,80699,,Unemployed,94650,No,63473,Good,No
APP03532,,23,Unemployed,11656,No,12613,Good,Yes
APP03533,93905,21,Employed,50235,No,13407,Good,Yes
APP03534,77738,56,Self-Employed,92360,Yes,16947,Average,No
APP03535,52540,45,Employed,51329,No,5199,Good,Yes
APP03536,48719,57,Employed,11045,No,51834,Average,Yes
APP03537,69070,21,Employed,26778,No,15999,Good,Yes
APP03538,77675,35,Employed,59973,No,35566,Good,Yes
APP03539,112547,57,Unemployed,13347,No,55162,Good,Yes
APP03540,102552,33,Self-Employed,45249,No,36467,Good,Yes
APP03541,47025,60,Self-Employed,36264,No,72575,Good,Yes
APP03542,57308,28,Employed,82445,No,61764,Good,Yes
APP03543,81150,25,Employed,15463,No,22569,Good,Yes
APP03544,97023,29,Employed,69866,Yes,11302,Good,Yes
APP03545,91550,21,Employed,43626,No,71661,Average,No
APP03546,58300,56,Employed,60836,No,32356,Good,Yes
APP03547,34125,55,Employed,24526,Yes,31218,Average,No
APP03548,38276,22,Employed,62922,No,64990,Good,Yes
APP03549,67832,60,Employed,69028,No,1739,Good,Yes
APP03550,69990,43,Employed,11672,No,36638,Poor,Yes
APP03551,36596,29,Employed,83313,No,57431,Average,No
APP03552,61216,54,,86819,No,68046,Average,No
APP03553,79710,34,Employed,11038,No,70931,Good,Yes
APP03554,35741,24,Employed,62303,No,37789,Good,Yes
APP03555,98651,50,Self-Employed,61431,No,67969,Average,Yes
APP03556,50626,51,Unemployed,6184,No,3825,Good,Yes
APP03557,105665,58,Self-Employed,37523,No,25129,Poor,Yes
APP03558,47195,31,Employed,97048,No,1829,Good,Yes
APP03559,37802,55,Employed,57768,No,14077,Good,Yes
APP03560,48822,28,Unemployed,93655,No,58254,Good,No
APP03561,57485,23,Self-Employed,69186,Yes,1350,Average,No
APP03562,50377,,,7697,No,42321,Good,Yes
APP03563,54442,33,Employed,12383,No,33705,Poor,Yes
APP03564,69730,65,Employed,73607,No,10707,Good,Yes
APP03565,55552,52,Employed,57684,No,55165,Average,Yes
APP03566,58241,54,Employed,17079,No,55757,Good,Yes
APP03567,27804,65,Employed,63336,Yes,58382,Average,No
APP03568,71565,39,Unemployed,81977,No,61459,Good,No
APP03569,57639,58,Employed,76533,No,25884,Average,Yes
APP03570,123838,36,Self-Employed,28385,No,79536,Good,Yes
APP03571,39312,22,Employed,29529,No,6763,Good,Yes
APP03572,26592,60,Employed,96945,No,52168,Good,Yes
APP03573,79240,37,Employed,89303,No,77691,Average,No
APP03574,70125,54,Self-Employed,35242,No,18721,Good,Yes
APP03575,38113,62,Employed,83285,No,22972,Good,Yes
APP03576,30143,36,Employed,20365,No,46502,Good,Yes
APP03577,119842,58,Self-Employed,23700,No,62719,Good,Yes
APP03578,113374,22,Employed,22214,No,26987,Average,Yes
APP03579,19589,22,,13333,No,67105,Good,Yes
APP03580,48820,46,Unemployed,86194,No,20042,Good,No
APP03581,126879,33,Unemployed,59987,No,70075,Good,Yes
APP03582,48430,51,Employed,29601,No,20983,Good,Yes
APP03583,48114,54,Employed,85622,Yes,49777,Good,No
APP03584,52831,59,Unemployed,81251,No,29266,Good,Yes
APP03585,36232,23,Employed,14590,No,26424,Good,Yes
APP03586,27860,28,Employed,66193,No,28966,Good,Yes
APP03587,96350,,Self-Employed,73574,No,40437,Average,Yes
APP03588,26181,34,Employed,73004,No,67759,Good,Yes
APP03589,,47,Self-Employed,73699,Yes,60986,Poor,No
APP03590,89417,49,Self-Employed,21098,No,36498,Good,Yes
APP03591,31227,59,Self-Employed,34933,No,23291,Average,Yes
APP03592,39584,59,Employed,85197,No,68490,Good,Yes
APP03593,103573,21,Employed,90347,No,69745,Good,Yes
APP03594,76260,37,Employed,31523,No,36840,Average,Yes
APP03595,45448,61,Employed,7187,No,55972,Average,Yes
APP03596,103065,50,Employed,86678,Yes,30172,Good,Yes
APP03597,103264,33,Employed,40824,Yes,12779,Good,Yes
APP03598,67722,41,Employed,36299,No,26397,Good,Yes
APP03599,40016,39,Employed,37965,No,54885,Poor,No
APP03600,49814,39,Self-Employed,44491,No,61783,Average,Yes
APP03601,68253,,Employed,40935,No,68281,Good,Yes
APP03602,55118,42,Employed,58811,No,2399,Average,Yes
APP03603,91549,51,Employed,12499,No,39426,Good,Yes
APP03604,30143,37,Self-Employed,97296,No,22640,Average,No
APP03605,30628,43,Employed,93963,No,55033,Good,Yes
APP03606,65088,52,Employed,93769,Yes,20381,Good,No
APP03607,48094,30,Employed,88531,No,45736,Good,Yes
APP03608,45249,30,Employed,67731,No,57245,Poor,No
APP03609,27078,,Unemployed,26005,No,61835,Average,No
APP03610,60530,28,Unemployed,9701,No,22288,Average,Yes
APP03611,58592,40,Employed,14436,No,7939,Good,Yes
APP03612,80512,52,Self-Employed,35779,Yes,18278,Good,Yes
APP03613,61890,34,Self-Employed,52869,No,48331,Good,Yes
APP03614,56524,48,Unemployed,99359,No,4195,Average,No
APP03615,101900,44,Employed,46367,No,13550,Poor,Yes
APP03616,33239,35,Employed,54841,No,79643,Good,Yes
APP03617,76380,42,Employed,71040,No,31204,Average,Yes
APP03618,28285,50,Employed,22170,No,40226,Average,Yes
APP03619,41144,,Employed,93619,No,1870,Good,Yes
APP03620,34766,33,Self-Employed,55258,No,47761,Good,Yes
APP03621,85304,43,Self-Employed,31244,Yes,26699,Good,No
APP03622,58260,28,Self-Employed,93835,No,42885,Average,No
APP03623,59637,38,Employed,64418,No,42563,Poor,No
APP03624,36464,32,Employed,50951,No,77429,Poor,No
APP03625,52430,51,Employed,60115,No,22192,Average,Yes
APP03626,42554,34,Employed,76089,No,46064,Good,Yes
APP03627,71300,54,Unemployed,19681,No,31143,Average,Yes
APP03628,38411,38,Employed,87159,No,34338,Poor,No
APP03629,109153,54,Self-Employed,96153,Yes,5389,Average,No
APP03630,28229,31,Employed,58865,No,55388,Good,Yes
APP03631,41738,61,Employed,69816,No,16428,Poor,Yes
APP03632,127624,32,Employed,86684,No,38011,Average,Yes
APP03633,49330,35,Employed,40607,No,35307,Poor,Yes
APP03634,33203,51,Employed,99319,No,37983,Poor,No
APP03635,66216,49,Employed,69648,No,30668,Good,Yes
APP03636,48444,46,Employed,45280,Yes,20148,Poor,No
APP03637,41190,38,Unemployed,69347,Yes,36448,Good,No
APP03638,36642,52,Self-Employed,54560,No,4651,Good,Yes
APP03639,208536,42,Unemployed,15606,Yes,20143,Average,Yes
APP03640,53578,58,Self-Employed,80607,No,63003,Good,Yes
APP03641,25225,37,Self-Employed,58616,No,67583,Good,Yes
APP03642,117509,43,Employed,80605,No,57509,Poor,Yes
APP03643,78990,44,Employed,19717,Yes,50973,Good,Yes
APP03644,42497,28,Employed,56144,No,65090,Poor,No
APP03645,39427,61,Self-Employed,77829,No,11099,Good,Yes
APP03646,81240,26,Employed,98889,No,42495,Good,Yes
APP03647,53690,25,Employed,89018,Yes,10189,Good,No
APP03648,25220,64,Unemployed,87113,No,62451,Average,No
APP03649,134102,49,Employed,28509,No,42124,Good,Yes
APP03650,49355,48,Unemployed,84609,Yes,64992,Poor,No
APP03651,117607,31,Self-Employed,21082,No,64126,Average,Yes
APP03652,106659,21,Employed,23820,No,37831,Average,Yes
APP03653,38240,63,Self-Employed,15461,No,40253,Good,Yes
APP03654,95515,39,Self-Employed,86472,No,3233,Good,Yes
APP03655,44755,29,Employed,15284,No,42358,Poor,No
APP03656,25902,47,Self-Employed,18121,No,54520,Good,Yes
APP03657,49565,54,Self-Employed,28359,Yes,19459,Good,No
APP03658,71757,64,Employed,59403,No,78936,Good,Yes
APP03659,,24,Employed,88617,No,78011,Poor,No
APP03660,,56,Employed,44732,No,23344,Good,Yes
APP03661,100379,38,Employed,56897,No,57325,Good,Yes
APP03662,62945,35,Employed,20816,Yes,3370,Average,Yes
APP03663,41053,33,Self-Employed,30265,No,53594,Poor,No
APP03664,82291,39,Employed,17723,No,50297,Good,Yes
APP03665,65582,26,Self-Employed,43942,No,65951,Good,Yes
APP03666,19291,32,Employed,61082,No,25045,Good,Yes
APP03667,72755,57,Employed,31982,No,70363,Good,Yes
APP03668,71569,37,Employed,85370,No,68780,Good,Yes
APP03669,60546,43,Self-Employed,98218,No,53899,Good,Yes
APP03670,89623,46,Employed,16415,No,38314,Good,Yes
APP03671,44335,49,Employed,6697,No,49854,Good,Yes
APP03672,69809,53,Self-Employed,80029,Yes,58667,Good,No
APP03673,29643,47,Employed,23111,Yes,78045,Poor,No
APP03674,72063,45,Employed,38549,No,10617,Good,Yes
APP03675,144492,30,Employed,42452,No,25733,Good,Yes
APP03676,38346,43,Self-Employed,92077,No,62677,Good,No
APP03677,42625,41,Employed,67590,No,33325,Good,Yes
APP03678,43590,41,Employed,8858,Yes,54126,Average,No
APP03679,63615,63,Employed,6407,No,11516,Average,Yes
APP03680,37188,33,Unemployed,23959,No,57024,Good,No
APP03681,72523,57,Employed,35226,No,54251,Poor,Yes
APP03682,87832,53,Employed,51030,No,47280,Average,Yes
APP03683,76310,44,Employed,84595,No,61454,Good,Yes
APP03684,27074,64,Employed,34908,Yes,70529,Good,No
APP03685,93894,31,Self-Employed,40771,No,66515,Average,No
APP03686,91484,37,Employed,36287,Yes,11078,Poor,No
APP03687,87175,24,Self-Employed,5852,Yes,59807,Good,No
APP03688,70961,45,Self-Employed,95744,No,36531,Good,Yes
APP03689,66250,50,Unemployed,18205,No,27377,Poor,No
APP03690,95480,29,Employed,32328,No,70492,Good,Yes
APP03691,142583,41,Unemployed,17284,Yes,45209,Average,No
APP03692,39075,40,Employed,51602,No,40598,Good,Yes
APP03693,97466,39,Self-Employed,93556,No,62983,Good,Yes
APP03694,57717,39,Employed,14567,No,44711,Good,Yes
APP03695,56599,32,Self-Employed,46885,No,68783,Average,No
APP03696,30051,57,Employed,7126,No,9129,Good,Yes
APP03697,52783,62,Self-Employed,78235,No,62315,Average,No
APP03698,38305,37,Unemployed,65916,No,13943,Good,Yes
APP03699,48697,57,Self-Employed,71471,No,18793,Good,Yes
APP03700,36604,59,Self-Employed,49872,No,15177,Good,Yes
APP03701,49025,48,Employed,91225,Yes,19835,Average,No
APP03702,49979,61,Employed,43908,No,58815,Average,Yes
APP03703,62670,,Unemployed,53838,No,52771,Good,Yes
APP03704,29012,38,Self-Employed,71052,Yes,19153,Good,Yes
APP03705,31308,34,Employed,54453,Yes,22344,Poor,No
APP03706,70612,55,Employed,22987,No,8844,Good,Yes
APP03707,41909,64,Employed,35122,No,33740,Good,Yes
APP03708,97308,61,Employed,13768,No,30908,Good,Yes
APP03709,66401,27,Employed,46098,Yes,12519,Poor,No
APP03710,78837,61,Employed,62892,No,66935,Poor,No
APP03711,113200,33,Employed,16260,No,68355,Good,Yes
APP03712,52194,38,Employed,64906,Yes,9615,Good,Yes
APP03713,,57,Employed,89823,No,22043,Poor,Yes
APP03714,88820,33,Employed,37084,No,59151,Good,Yes
APP03715,75462,56,Employed,26093,Yes,69727,Good,Yes
APP03716,55149,51,Unemployed,89836,No,6662,Good,Yes
APP03717,112224,22,Employed,70735,No,72287,Good,Yes
APP03718,54535,36,Self-Employed,15013,Yes,5869,Average,No
APP03719,60891,29,Unemployed,43771,No,51069,Good,Yes
APP03720,60576,29,Employed,69039,No,2744,Good,Yes
APP03721,,58,Employed,59566,No,74333,Good,Yes
APP03722,,31,Employed,63762,No,28942,Average,Yes
APP03723,112493,42,Employed,58878,No,52255,Average,Yes
APP03724,73301,53,Employed,80816,No,15585,Good,Yes
APP03725,60845,56,Employed,35441,No,26379,Poor,Yes
APP03726,55787,65,Employed,72304,No,60037,Good,Yes
APP03727,69633,43,Employed,99153,No,77867,Average,No
APP03728,84078,65,Unemployed,42046,No,79372,Good,Yes
APP03729,78925,65,Employed,80150,No,64965,Good,Yes
APP03730,51677,54,Unemployed,28380,No,67928,Good,Yes
APP03731,69442,29,Employed,31780,Yes,77583,Good,No
APP03732,74464,44,Employed,93812,No,4185,Poor,No
APP03733,38134,28,Employed,7464,No,14442,Average,Yes
APP03734,64719,27,Unemployed,25656,No,5162,Average,Yes
APP03735,22686,56,Employed,50877,No,40592,Good,Yes
APP03736,74551,38,Employed,43176,No,76721,Poor,No
APP03737,80761,23,Self-Employed,64771,No,47012,Good,Yes
APP03738,83994,48,,23309,No,44877,Average,Yes
APP03739,50228,26,Employed,11702,No,66308,Average,Yes
APP03740,68952,64,Unemployed,40087,Yes,74387,Good,No
APP03741,113878,64,Self-Employed,54814,Yes,56186,Average,No
APP03742,113357,41,Employed,58390,No,71735,Good,Yes
APP03743,59217,48,Employed,62142,No,14842,Good,Yes
APP03744,63882,60,Unemployed,57123,No,40769,Average,Yes
APP03745,98914,21,Unemployed,28346,No,29804,Good,Yes
APP03746,30538,56,Employed,77632,No,27269,Good,Yes
APP03747,51881,41,Self-Employed,13339,No,17926,Good,Yes
APP03748,109437,63,Employed,23844,No,71626,Good,Yes
APP03749,93054,,Employed,75241,No,36579,Good,Yes
APP03750,70846,33,Employed,31574,Yes,42890,Average,No
APP03751,30469,30,Employed,51880,Yes,22829,Good,No
APP03752,58667,64,Employed,36084,No,77065,Average,Yes
APP03753,46011,30,Employed,53163,No,49286,Average,Yes
APP03754,69638,33,Employed,37932,No,1055,Good,Yes
APP03755,41685,57,Employed,99450,No,22164,Poor,Yes
APP03756,37817,58,Employed,38960,No,79948,Good,Yes
APP03757,23692,44,Unemployed,64570,No,78007,Good,No
APP03758,103976,22,Self-Employed,89393,No,44025,Good,Yes
APP03759,50121,42,Employed,65604,No,45565,Good,Yes
APP03760,64397,37,Unemployed,58756,Yes,72225,Poor,No
APP03761,59940,56,Employed,59077,No,56977,Good,Yes
APP03762,37114,34,Employed,52164,No,74645,Average,No
APP03763,34048,30,Unemployed,81720,No,38852,Average,No
APP03764,38166,55,Employed,9790,No,78096,Good,Yes
APP03765,43333,45,Employed,89087,Yes,43624,Poor,No
APP03766,70762,23,Employed,60698,No,51942,Poor,No
APP03767,41941,58,Employed,85643,No,7523,Poor,Yes
APP03768,131666,37,Employed,5987,No,49319,Good,Yes
APP03769,95255,32,Unemployed,87581,Yes,61654,Good,No
APP03770,86324,44,Employed,16413,No,35705,Good,Yes
APP03771,56855,49,Unemployed,73516,No,40693,Average,No
APP03772,118602,63,,44570,Yes,32073,Good,No
APP03773,54393,45,Employed,69702,No,77554,Average,Yes
APP03774,59162,56,,64678,No,38653,Average,Yes
APP03775,64769,46,Employed,20523,No,10971,Good,Yes
APP03776,82283,,Employed,53888,No,3281,Good,Yes
APP03777,79914,21,Employed,31337,Yes,62025,Poor,No
APP03778,48450,40,Unemployed,58242,No,44266,Good,No
APP03779,47205,48,Self-Employed,75110,No,1219,Good,Yes
APP03780,80022,36,,12720,No,31219,Good,Yes
APP03781,82781,37,Employed,53997,No,73210,Good,Yes
APP03782,50266,60,Employed,63675,No,75873,Good,Yes
APP03783,29374,48,Employed,33060,No,5231,Good,Yes
APP03784,54656,32,Unemployed,95535,No,10750,Good,No
APP03785,79434,47,Self-Employed,54429,No,1385,Good,Yes
APP03786,135204,62,Employed,22339,No,69625,Good,Yes
APP03787,34997,50,Employed,15240,No,6600,Good,Yes
APP03788,49521,61,Self-Employed,56458,No,9524,Poor,No
APP03789,50356,54,Employed,40648,No,18982,Good,Yes
APP03790,110438,57,Employed,23292,No,73463,Good,Yes
APP03791,59064,26,Employed,7916,No,55370,Poor,No
APP03792,39887,27,Employed,58827,No,49734,Good,Yes
APP03793,77150,52,Employed,61867,No,62988,Good,Yes
APP03794,50012,52,Employed,18471,No,55769,Poor,No
APP03795,34583,45,Employed,62165,Yes,59928,Good,No
APP03796,40149,53,Employed,95437,No,6819,Poor,No
APP03797,130930,27,Employed,97938,No,47591,Average,Yes
APP03798,71324,32,Employed,89407,No,60503,Good,Yes
APP03799,62981,36,Employed,81672,No,45687,Good,Yes
APP03800,53618,36,Self-Employed,24890,No,1932,Good,Yes
APP03801,68430,63,Employed,19861,No,17678,Good,Yes
APP03802,68064,56,Employed,47270,No,77069,Poor,No
APP03803,68431,33,Unemployed,63865,No,56671,Good,Yes
APP03804,63182,27,Employed,85814,No,55392,Good,Yes
APP03805,88704,56,Self-Employed,27036,No,53160,Good,Yes
APP03806,60627,29,Employed,50567,No,11097,Good,Yes
APP03807,38639,52,Employed,66507,No,1323,Good,Yes
APP03808,45547,31,Employed,47331,No,35812,Good,Yes
APP03809,24626,28,Employed,48148,No,36102,Average,Yes
APP03810,149368,53,Employed,26386,No,65133,Good,Yes
APP03811,88463,43,Employed,98733,No,15344,Good,Yes
APP03812,41298,45,Unemployed,50143,Yes,22734,Good,No
APP03813,52853,28,Employed,55610,No,7181,Good,Yes
APP03814,45049,65,Employed,25763,No,32590,Good,Yes
APP03815,120120,42,Employed,53843,No,21223,Good,Yes
APP03816,,24,Self-Employed,29258,No,21769,Good,Yes
APP03817,63172,60,Self-Employed,24222,No,21070,Good,Yes
APP03818,57140,23,Self-Employed,31194,No,19290,Good,Yes
APP03819,87045,49,Employed,5262,No,26264,Average,Yes
APP03820,57256,61,Employed,59164,Yes,43399,Good,Yes
APP03821,27198,49,Employed,41811,No,35579,Average,Yes
APP03822,53589,54,Employed,90375,No,6012,Good,Yes
APP03823,38740,54,Self-Employed,8867,Yes,34643,Poor,No
APP03824,62188,48,Unemployed,9104,No,67856,Good,Yes
APP03825,114403,33,Employed,89158,No,8956,Good,Yes
APP03826,27429,35,Employed,17031,Yes,75605,Average,No
APP03827,,43,Employed,5205,No,25379,Average,Yes
APP03828,46788,64,Employed,21997,Yes,2148,Poor,No
APP03829,50532,46,Employed,83268,No,20999,Good,Yes
APP03830,83714,24,Employed,81258,Yes,6503,Good,Yes
APP03831,55493,46,Unemployed,37313,No,45744,Good,Yes
APP03832,72346,60,Employed,68463,Yes,25990,Average,No
APP03833,45275,29,Unemployed,53189,No,64743,Poor,No
APP03834,66540,25,Employed,90950,No,58877,Good,Yes
APP03835,85145,52,,10360,No,38019,Average,Yes
APP03836,43155,40,,82252,No,45288,Good,Yes
APP03837,85281,31,Employed,21207,No,49093,Good,Yes
APP03838,61431,35,Employed,42204,No,22386,Good,Yes
APP03839,96044,52,Employed,23236,No,12011,Good,Yes
APP03840,54801,48,Employed,71748,No,30745,Good,Yes
APP03841,71229,42,Unemployed,69441,Yes,8494,Good,No
APP03842,58914,61,Employed,57050,No,25874,Good,Yes
APP03843,57458,37,Self-Employed,71325,No,44656,Good,Yes
APP03844,67415,46,Employed,65759,No,43669,Average,Yes
APP03845,76394,64,Employed,78762,No,10528,Good,Yes
APP03846,34194,27,Employed,27744,No,1659,Good,Yes
APP03847,114375,62,Self-Employed,45747,No,8027,Good,Yes
APP03848,25984,46,Employed,19405,No,3856,Poor,Yes
APP03849,44088,45,Employed,45811,No,32637,Good,Yes
APP03850,57508,30,Employed,71661,No,31790,Poor,No
APP03851,72234,65,Employed,70682,No,20088,Good,Yes
APP03852,121951,39,Self-Employed,72396,No,18020,Good,Yes
APP03853,26000,31,Employed,34333,No,32317,Good,Yes
APP03854,47745,33,Employed,67910,No,7839,Good,Yes
APP03855,23041,28,Self-Employed,39909,Yes,17930,Good,No
APP03856,60860,60,Employed,94727,No,33050,Good,Yes
APP03857,67803,24,Employed,37620,No,8492,Good,Yes
APP03858,122756,51,Employed,62287,No,67424,Good,Yes
APP03859,63347,48,Self-Employed,76264,No,54405,Average,No
APP03860,95982,31,Unemployed,91109,No,31266,Average,No
APP03861,78028,63,Employed,46603,No,12881,Good,Yes
APP03862,49328,21,Self-Employed,39246,No,16341,Good,Yes
APP03863,31827,58,Employed,45853,No,10487,Good,Yes
APP03864,67904,44,Employed,35751,No,13647,Good,Yes
APP03865,30658,51,Employed,67123,No,34379,Average,Yes
APP03866,107467,61,Employed,93608,No,20408,Average,Yes
APP03867,55780,46,Employed,16977,No,70882,Good,Yes
APP03868,102737,25,Self-Employed,58288,No,76913,Good,Yes
APP03869,48339,40,Self-Employed,90277,No,55618,Good,Yes
APP03870,67716,61,Unemployed,14511,No,64892,Average,No
APP03871,65927,31,Employed,51917,No,21154,Good,Yes
APP03872,58796,53,Employed,87197,No,53537,Poor,No
APP03873,49385,58,Employed,90543,No,5582,Poor,Yes
APP03874,71590,47,Employed,53863,No,76857,Average,No
APP03875,39550,54,Self-Employed,7370,No,53946,Good,Yes
APP03876,34817,35,Employed,15036,No,26031,Good,Yes
APP03877,104964,52,Unemployed,60738,Yes,62070,Good,No
APP03878,83227,41,Unemployed,16767,No,2248,Poor,Yes
APP03879,61806,25,Employed,19195,No,30723,Good,Yes
APP03880,126933,26,Employed,78351,No,71757,Average,Yes
APP03881,53189,58,Employed,76316,Yes,21793,Poor,No
APP03882,108805,42,Employed,85063,No,53765,Average,Yes
APP03883,64933,38,Employed,15045,No,29448,Good,Yes
APP03884,37834,34,Employed,23824,No,31997,Good,Yes
APP03885,137822,30,Employed,84131,Yes,59929,Good,No
APP03886,93706,33,Self-Employed,73503,No,72906,Good,Yes
APP03887,56820,51,Employed,81566,No,14171,Poor,Yes
APP03888,83227,50,Employed,99026,Yes,22874,Poor,No
APP03889,50033,23,Employed,87121,No,39535,Good,Yes
APP03890,87135,50,Unemployed,54444,No,49491,Good,Yes
APP03891,20458,26,Self-Employed,34523,No,37955,Good,Yes
APP03892,37918,49,Employed,59119,No,64637,Good,Yes
APP03893,93225,28,Self-Employed,65666,Yes,61679,Good,No
APP03894,53624,64,Self-Employed,36855,No,33014,Good,Yes
APP03895,65874,,Self-Employed,78239,No,4208,Poor,Yes
APP03896,32730,63,Employed,13812,No,16365,Poor,Yes
APP03897,137811,64,Self-Employed,79042,No,39469,Good,Yes
APP03898,102523,53,Employed,8040,No,74274,Average,Yes
APP03899,54819,37,Unemployed,52307,No,45838,Good,No
APP03900,50010,31,Employed,86836,Yes,42901,Average,No
APP03901,95361,33,Unemployed,13217,No,58194,Good,Yes
APP03902,146417,31,Unemployed,54185,No,13031,Good,Yes
APP03903,92161,51,Employed,20142,Yes,12607,Good,Yes
APP03904,159438,48,Unemployed,90007,No,28286,Good,Yes
APP03905,39618,64,Employed,84073,No,79593,Poor,No
APP03906,41497,26,Employed,93722,No,70199,Poor,No
APP03907,35139,61,Employed,88123,No,54729,Average,Yes
APP03908,73196,36,Unemployed,74973,No,31901,Average,No
APP03909,64934,24,Employed,22564,No,44819,Good,Yes
APP03910,56034,55,Employed,33738,Yes,24981,Good,Yes
APP03911,86359,46,Self-Employed,52201,Yes,54270,Average,No
APP03912,104469,32,Unemployed,60945,Yes,34089,Good,No
APP03913,30199,31,Self-Employed,79307,No,10497,Good,Yes
APP03914,45865,57,Employed,26561,No,17992,Average,Yes
APP03915,86783,45,Employed,17186,No,49087,Good,Yes
APP03916,48612,38,Employed,50848,No,55871,Good,Yes
APP03917,41894,39,Employed,19995,No,8586,Good,Yes
APP03918,94887,43,Employed,70905,No,64859,Good,Yes
APP03919,33585,58,Employed,59685,No,66123,Average,Yes
APP03920,52386,38,Self-Employed,75405,No,58123,Average,No
APP03921,69563,46,Employed,11026,No,55003,Good,Yes
APP03922,46346,26,Employed,96646,No,19318,Poor,No
APP03923,85350,24,Employed,5001,No,73650,Average,Yes
APP03924,46449,64,Employed,35917,No,22217,Good,Yes
APP03925,113094,49,Employed,69565,No,15418,Average,Yes
APP03926,56699,54,Employed,9288,No,51444,Good,Yes
APP03927,81159,37,Self-Employed,12918,No,29764,Average,Yes
APP03928,83936,63,Employed,12285,No,74709,Average,Yes
APP03929,45239,63,,60243,No,37360,Good,Yes
APP03930,23814,36,,90113,No,13934,Average,No
APP03931,70576,22,Self-Employed,57767,No,76645,Poor,No
APP03932,61984,54,Self-Employed,62339,No,41719,Good,Yes
APP03933,77051,28,Unemployed,37870,No,41966,Good,Yes
APP03934,54185,33,Self-Employed,6780,No,31478,Good,Yes
APP03935,49435,62,Employed,7053,Yes,67044,Good,Yes
APP03936,148140,28,Self-Employed,89389,No,23724,Good,Yes
APP03937,30932,50,Employed,14744,Yes,2083,Good,Yes
APP03938,83481,52,Employed,99980,No,40285,Good,Yes
APP03939,46329,56,Employed,20620,No,74145,Good,Yes
APP03940,51586,50,Employed,69090,No,22588,Average,Yes
APP03941,52021,21,Employed,95151,No,22038,Poor,No
APP03942,41796,63,Employed,39417,No,59310,Poor,No
APP03943,77587,59,Employed,74771,No,62267,Good,Yes
APP03944,112183,37,Self-Employed,38331,No,35409,Average,Yes
APP03945,74132,40,Unemployed,33969,No,66858,Poor,No
APP03946,62857,44,Employed,24171,No,14583,Poor,Yes
APP03947,38492,42,Self-Employed,82989,No,29995,Poor,No
APP03948,75710,49,Employed,29452,No,32938,Average,Yes
APP03949,158333,42,Unemployed,31900,No,25711,Good,Yes
APP03950,50553,64,Employed,99902,No,18201,Good,Yes
APP03951,50661,29,Employed,36094,Yes,27714,Good,Yes
APP03952,46612,57,Employed,45164,No,2422,Good,Yes
APP03953,48140,30,Employed,99055,No,56565,Poor,No
APP03954,18000,56,Employed,40084,No,55033,Good,Yes
APP03955,71996,57,Employed,39784,No,36567,Poor,Yes
APP03956,41011,48,Employed,83633,No,26510,Average,Yes
APP03957,29071,48,Employed,34633,Yes,35293,Good,No
APP03958,84207,62,Employed,27210,No,74985,Good,Yes
APP03959,36871,63,Unemployed,45205,Yes,48682,Good,No
APP03960,51519,41,Employed,71561,Yes,58777,Average,No
APP03961,116076,44,Employed,9108,No,19132,Average,Yes
APP03962,31823,62,Self-Employed,40522,No,8486,Poor,No
APP03963,30105,60,Self-Employed,37893,No,7572,Good,Yes
APP03964,67730,22,Employed,28258,No,38289,Good,Yes
APP03965,100646,28,Self-Employed,67157,Yes,57618,Good,No
APP03966,29544,47,Employed,32549,No,62156,Good,Yes
APP03967,72082,42,Employed,62639,No,57912,Average,Yes
APP03968,77929,57,Employed,52912,No,73108,Good,Yes
APP03969,23753,47,Employed,25633,No,5108,Good,Yes
APP03970,85942,49,Employed,30324,No,68572,Good,Yes
APP03971,,23,Employed,21207,No,53193,Good,Yes
APP03972,52146,64,Employed,10380,No,14866,Average,Yes
APP03973,105415,33,Self-Employed,63823,No,54908,Good,Yes
APP03974,100058,65,Employed,68915,No,41429,Good,Yes
APP03975,62850,30,Employed,20770,No,29364,Average,Yes
APP03976,48969,56,Employed,63462,No,20589,Good,Yes
APP03977,38728,29,Self-Employed,98298,No,37668,Average,No
APP03978,58994,47,Employed,12068,Yes,19891,Poor,No
APP03979,77536,54,Self-Employed,51585,Yes,7545,Average,No
APP03980,51856,21,Self-Employed,74639,No,67843,Good,No
APP03981,22320,52,Employed,9371,Yes,47834,Average,No
APP03982,106194,45,Unemployed,78936,No,29730,Average,No
APP03983,65362,49,Employed,98054,Yes,36288,Good,No
APP03984,50578,27,Employed,13406,No,69321,Average,Yes
APP03985,88240,23,Employed,83112,No,26268,Good,Yes
APP03986,119156,40,Employed,40965,No,31034,Average,Yes
APP03987,18000,40,Employed,18691,Yes,61520,Good,No
APP03988,72949,50,Employed,51853,No,16841,Poor,Yes
APP03989,31575,,Employed,11794,No,53082,Good,Yes
APP03990,75109,55,Self-Employed,54600,No,35312,Good,Yes
APP03991,63555,59,Employed,6839,No,40513,Good,Yes
APP03992,79872,,Self-Employed,74218,No,63164,Good,Yes
APP03993,47927,46,Employed,51357,No,79457,Good,Yes
APP03994,25826,34,Employed,48599,No,66689,Good,Yes
APP03995,48993,37,Self-Employed,23638,No,13683,Good,Yes
APP03996,72055,38,Employed,39320,Yes,18740,Good,Yes
APP03997,94753,65,Employed,22278,No,33385,Good,Yes
APP03998,,49,,74862,No,57819,Good,Yes
APP03999,95252,40,Employed,23907,No,41240,Good,Yes
APP04000,44827,47,Employed,63592,No,72242,Good,Yes
APP04001,70629,38,Employed,31563,Yes,4845,Good,Yes
APP04002,47698,,Self-Employed,67413,No,21423,Good,Yes
APP04003,65126,21,Employed,56343,No,18322,Good,Yes
APP04004,89630,21,Employed,45227,No,59790,Good,Yes
APP04005,34542,46,Employed,68935,No,37717,Good,Yes
APP04006,44185,65,Employed,44494,Yes,2186,Good,Yes
APP04007,65208,40,Employed,83030,No,62102,Good,Yes
APP04008,176807,43,Employed,74312,Yes,29582,Good,Yes
APP04009,40687,30,Employed,56361,No,21576,Good,Yes
APP04010,150266,31,Self-Employed,88321,No,15435,Poor,Yes
APP04011,147870,61,Employed,83742,Yes,75735,Average,No
APP04012,57429,61,Unemployed,55525,No,75421,Poor,No
APP04013,52467,25,Employed,11503,No,7048,Good,Yes
APP04014,43944,21,Employed,58770,No,19389,Good,Yes
APP04015,58187,37,Self-Employed,38749,No,52043,Poor,No
APP04016,31859,,Self-Employed,56311,No,53964,Good,Yes
APP04017,57976,54,Employed,66477,Yes,33996,Good,Yes
APP04018,117677,65,Self-Employed,66260,No,45912,Good,Yes
APP04019,45575,61,Self-Employed,68985,No,56508,Good,Yes
APP04020,53840,49,Self-Employed,69531,No,76090,Good,Yes
APP04021,27906,24,Employed,15382,No,58284,Average,Yes
APP04022,70999,25,Self-Employed,23213,No,9711,Poor,No
APP04023,67583,31,Self-Employed,64901,No,57710,Good,Yes
APP04024,61745,41,Employed,43776,No,6350,Average,Yes
APP04025,54422,55,Self-Employed,77471,No,40698,Good,Yes
APP04026,52594,32,Unemployed,16866,No,42625,Good,Yes
APP04027,75204,46,Employed,23195,No,62483,Average,Yes
APP04028,59227,39,Employed,58054,No,1913,Good,Yes
APP04029,69136,65,Employed,52571,No,70105,Good,Yes
APP04030,66095,27,Employed,30308,No,53447,Good,Yes
APP04031,99473,27,Employed,43793,No,3464,Good,Yes
APP04032,81369,46,Employed,8323,No,13642,Good,Yes
APP04033,65440,60,Employed,8519,Yes,4122,Poor,No
APP04034,118823,25,Self-Employed,14018,No,61509,Average,Yes
APP04035,72491,41,Self-Employed,59795,No,14502,Good,Yes
APP04036,107940,34,Employed,87053,No,4602,Good,Yes
APP04037,78844,24,Unemployed,29721,No,11901,Poor,No
APP04038,26193,43,Employed,8224,No,45205,Average,Yes
APP04039,107934,62,,72320,No,40143,Good,Yes
APP04040,63763,40,Self-Employed,86258,No,20454,Good,Yes
APP04041,58613,35,Employed,18126,Yes,75492,Good,Yes
APP04042,68098,65,Employed,41646,No,68530,Good,Yes
APP04043,51372,49,Employed,20080,No,25842,Average,Yes
APP04044,66454,28,Self-Employed,15104,No,38491,Good,Yes
APP04045,45971,61,Self-Employed,66576,No,41829,Poor,No
APP04046,106460,39,Employed,96916,No,60738,Good,Yes
APP04047,57010,59,Employed,69426,No,34808,Good,Yes
APP04048,50511,48,Employed,98557,No,44171,Good,Yes
APP04049,39572,47,Employed,46268,No,33593,Good,Yes
APP04050,67714,24,Unemployed,90298,No,61263,Good,No
APP04051,65271,35,Employed,24483,No,44919,Good,Yes
APP04052,71460,55,Unemployed,16201,No,66395,Poor,No
APP04053,,57,Self-Employed,71739,Yes,5245,Good,Yes
APP04054,,21,Unemployed,40284,No,72440,Good,No
APP04055,79508,23,,35180,Yes,65732,Good,No
APP04056,117030,44,,68772,No,65662,Good,Yes
APP04057,37807,47,Employed,36681,No,12084,Good,Yes
APP04058,,60,Self-Employed,59393,No,21814,Good,Yes
APP04059,68177,56,Employed,33448,Yes,78441,Good,No
APP04060,59810,54,Employed,79457,No,76072,Poor,No
APP04061,50172,49,Self-Employed,34677,No,18897,Good,Yes
APP04062,32179,44,Employed,55824,No,35199,Average,No
APP04063,93581,44,Employed,7202,Yes,13320,Good,Yes
APP04064,42323,62,Employed,80214,Yes,21748,Good,Yes
APP04065,42243,24,Employed,63932,No,15594,Good,Yes
APP04066,93757,23,Employed,23263,No,7394,Good,Yes
APP04067,25713,54,Employed,25460,No,46779,Good,Yes
APP04068,30227,43,Self-Employed,29937,No,20022,Good,Yes
APP04069,59512,43,Self-Employed,59770,Yes,79387,Poor,No
APP04070,68465,65,Employed,57090,No,41720,Average,Yes
APP04071,74625,25,Self-Employed,31017,No,29368,Good,Yes
APP04072,52381,51,Employed,70936,No,73140,Good,Yes
APP04073,187356,61,,89459,No,50039,Good,Yes
APP04074,54152,26,Self-Employed,9134,No,11039,Good,Yes
APP04075,54081,57,Self-Employed,44634,No,40328,Average,Yes
APP04076,41917,30,Employed,61384,No,35845,Poor,No
APP04077,63441,60,Employed,60711,No,61445,Good,Yes
APP04078,79129,27,Self-Employed,6856,No,55808,Good,Yes
APP04079,103126,59,Employed,25004,No,30293,Good,Yes
APP04080,30697,58,Self-Employed,10874,Yes,38089,Average,No
APP04081,53713,41,Employed,59052,No,41984,Good,Yes
APP04082,,40,Self-Employed,66312,Yes,34374,Poor,No
APP04083,78141,23,Employed,20176,No,9510,Average,Yes
APP04084,60177,42,Employed,36636,No,72530,Poor,No
APP04085,76588,24,Employed,36331,No,54132,Good,Yes
APP04086,41692,48,Employed,82881,No,38108,Good,Yes
APP04087,120953,32,Self-Employed,23493,Yes,45997,Average,No
APP04088,93787,58,Employed,57090,Yes,17840,Average,No
APP04089,32757,56,Employed,79379,No,42914,Good,Yes
APP04090,36986,61,Employed,83810,No,59936,Poor,No
APP04091,37458,25,Employed,68324,No,43160,Poor,No
APP04092,81405,33,Employed,33455,No,38973,Good,Yes
APP04093,33657,43,Employed,83189,No,37528,Good,Yes
APP04094,51696,50,Employed,75506,No,61168,Good,Yes
APP04095,73623,57,Employed,71925,No,60514,Poor,No
APP04096,58240,45,Unemployed,11397,No,60256,Average,No
APP04097,67413,47,Self-Employed,9110,No,20447,Good,Yes
APP04098,37141,34,Unemployed,71060,No,49814,Good,No
APP04099,78416,56,Employed,94756,Yes,62534,Good,No
APP04100,45531,59,Employed,78504,No,45390,Good,Yes
APP04101,51845,36,Employed,83990,No,62539,Good,Yes
APP04102,66775,42,Employed,56773,Yes,68498,Average,No
APP04103,62849,,Employed,33936,No,14737,Average,Yes
APP04104,60651,41,,69385,No,25201,Good,Yes
APP04105,42801,28,Employed,72637,No,48503,Average,No
APP04106,52434,36,Self-Employed,69159,No,23885,Good,Yes
APP04107,60059,51,Unemployed,94937,No,75369,Good,No
APP04108,32316,62,Self-Employed,39882,Yes,16337,Average,No
APP04109,48726,30,Employed,8767,No,29199,Good,Yes
APP04110,71436,52,Employed,91302,Yes,79550,Good,No
APP04111,33767,54,Employed,20247,No,15945,Good,Yes
APP04112,100968,29,Employed,71245,No,36457,Good,Yes
APP04113,106237,37,Employed,87954,No,25789,Average,Yes
APP04114,34262,31,Employed,34463,No,64974,Good,Yes
APP04115,110528,52,Employed,83889,No,25028,Good,Yes
APP04116,56246,,Self-Employed,36546,Yes,13753,Average,No
APP04117,72434,42,Self-Employed,80455,No,74718,Good,Yes
APP04118,47983,37,Employed,11634,No,26075,Good,Yes
APP04119,90896,24,,67248,Yes,59598,Good,No
APP04120,72030,45,Self-Employed,69328,No,23955,Poor,No
APP04121,41595,41,Employed,51685,No,15108,Average,Yes
APP04122,35517,57,Employed,70274,No,64391,Good,Yes
APP04123,,58,Employed,92702,No,5391,Average,Yes
APP04124,65295,21,Employed,74716,No,27226,Good,Yes
APP04125,77630,45,Employed,96323,No,62626,Good,Yes
APP04126,80421,56,Self-Employed,47618,No,41459,Average,Yes
APP04127,56898,37,Employed,55188,No,55476,Good,Yes
APP04128,35648,61,Employed,30055,Yes,6279,Average,Yes
APP04129,44142,44,Employed,98632,No,60235,Good,Yes
APP04130,100776,22,Self-Employed,10238,No,14583,Good,Yes
APP04131,48244,60,Employed,39069,No,64888,Good,Yes
APP04132,64000,35,Employed,33281,No,45570,Good,Yes
APP04133,36977,52,Employed,41719,No,59394,Good,Yes
APP04134,,59,Employed,92183,No,17814,Good,Yes
APP04135,48832,26,Employed,39964,Yes,32239,Average,No
APP04136,96098,21,Employed,92113,No,64363,Good,Yes
APP04137,84983,43,Self-Employed,45217,No,72954,Good,Yes
APP04138,48004,59,Unemployed,86203,No,18899,Good,Yes
APP04139,56676,37,,54566,No,63678,Good,Yes
APP04140,46821,54,Employed,34579,No,9576,Average,Yes
APP04141,31677,61,Employed,47688,Yes,34634,Good,No
APP04142,40792,49,Self-Employed,45316,No,75159,Poor,No
APP04143,65598,29,Employed,29692,No,75666,Average,Yes
APP04144,69457,33,Self-Employed,32516,No,24438,Good,Yes
APP04145,64148,26,Self-Employed,22713,No,16240,Poor,Yes
APP04146,52382,26,Unemployed,36920,No,12809,Average,No
APP04147,91307,40,Self-Employed,64319,No,38989,Poor,No
APP04148,61740,23,Self-Employed,41723,No,8274,Good,Yes
APP04149,82336,37,Employed,72671,No,29191,Good,Yes
APP04150,,32,Employed,98763,No,2344,Good,Yes
APP04151,18000,,Employed,40825,Yes,21492,Good,Yes
APP04152,,21,Employed,48951,No,72122,Poor,No
APP04153,31601,37,Employed,20590,No,36311,Average,Yes
APP04154,54529,23,Employed,42260,No,6826,Average,Yes
APP04155,52374,46,Employed,74049,No,52100,Poor,No
APP04156,122569,35,Employed,25653,No,76495,Poor,No
APP04157,71833,56,Employed,22295,No,37609,Good,Yes
APP04158,64650,52,Employed,40756,No,50319,Average,Yes
APP04159,87443,52,Employed,82772,No,73634,Good,Yes
APP04160,70822,24,Employed,64247,No,34109,Good,Yes
APP04161,48832,38,Self-Employed,95970,No,53502,Poor,No
APP04162,97175,39,Employed,90931,No,35816,Poor,Yes
APP04163,36414,63,Employed,19358,No,77008,Average,Yes
APP04164,69394,55,,9043,No,40800,Good,Yes
APP04165,29902,60,Employed,42914,Yes,70967,Average,No
APP04166,65767,34,Employed,54598,No,41069,Good,Yes
APP04167,65444,53,Unemployed,53979,No,53803,Good,Yes
APP04168,127581,34,Employed,17740,Yes,31505,Good,Yes
APP04169,29669,54,Employed,16858,No,73487,Good,Yes
APP04170,45784,24,Employed,9452,No,52108,Good,Yes
APP04171,86882,44,Employed,85832,Yes,2573,Average,No
APP04172,69772,49,Self-Employed,95036,No,2236,Good,Yes
APP04173,65071,39,Employed,15990,No,54418,Average,Yes
APP04174,39020,26,Unemployed,25247,No,10027,Good,Yes
APP04175,45992,53,Employed,13537,Yes,57577,Good,No
APP04176,105069,60,Self-Employed,88363,No,26439,Good,Yes
APP04177,58625,39,Employed,96077,Yes,43575,Average,No
APP04178,71041,21,Employed,29871,No,14778,Average,Yes
APP04179,56969,25,Self-Employed,33840,Yes,20452,Good,No
APP04180,35232,47,Employed,39454,Yes,35517,Good,No
APP04181,91337,,Employed,52734,No,53573,Average,Yes
APP04182,75249,26,Employed,69834,Yes,13303,Good,Yes
APP04183,169335,60,Employed,52917,No,23221,Good,Yes
APP04184,37990,33,Employed,95345,Yes,17350,Good,No
APP04185,86878,55,Employed,14490,Yes,69151,Good,Yes
APP04186,33253,39,Employed,80868,No,52193,Good,Yes
APP04187,64402,32,Employed,36776,No,38011,Good,Yes
APP04188,93109,36,Employed,40867,No,75809,Good,Yes
APP04189,23615,63,Employed,72339,No,59130,Good,Yes
APP04190,54714,30,Unemployed,93291,No,74646,Good,No
APP04191,46567,45,Employed,73039,No,48210,Poor,No
APP04192,43749,40,Unemployed,78707,No,11906,Good,No
APP04193,71357,51,Employed,76324,No,54359,Good,Yes
APP04194,99350,24,Employed,35493,Yes,16918,Good,Yes
APP04195,56507,64,Employed,76908,No,28332,Good,Yes
APP04196,65813,43,Employed,79529,No,41260,Average,Yes
APP04197,63167,22,Self-Employed,55673,No,13432,Good,Yes
APP04198,60049,42,Employed,55992,No,2642,Poor,Yes
APP04199,36750,57,,77173,Yes,26840,Average,No
APP04200,98805,28,Unemployed,82618,No,66121,Poor,No
APP04201,68524,27,Unemployed,37034,No,2215,Good,Yes
APP04202,71668,34,Employed,81148,No,9645,Good,Yes
APP04203,41738,23,Employed,82350,No,64742,Good,Yes
APP04204,,36,Employed,27242,No,25162,Average,Yes
APP04205,55428,39,,73110,No,75119,Good,Yes
APP04206,30084,38,Employed,22721,No,31039,Average,Yes
APP04207,28071,36,Employed,13840,No,63940,Good,Yes
APP04208,45787,28,Self-Employed,59582,Yes,21444,Good,No
APP04209,75905,53,Employed,91322,No,5885,Good,Yes
APP04210,44721,32,Employed,8369,No,70643,Good,Yes
APP04211,37935,31,Self-Employed,83518,No,74256,Good,No
APP04212,41585,25,Employed,53115,Yes,56940,Good,No
APP04213,48884,47,Employed,86785,Yes,61835,Good,No
APP04214,51168,32,Self-Employed,85130,No,1563,Average,Yes
APP04215,158988,37,Employed,88152,Yes,60552,Good,No
APP04216,96440,26,Employed,78043,Yes,38304,Good,No
APP04217,95154,53,Employed,85084,No,36770,Good,Yes
APP04218,101515,25,Employed,21722,No,43666,Poor,Yes
APP04219,38278,48,Self-Employed,33866,No,22426,Good,Yes
APP04220,34615,34,Employed,28036,No,56007,Poor,No
APP04221,36461,25,Employed,75531,No,24352,Good,Yes
APP04222,109385,53,Employed,19596,No,45130,Poor,Yes
APP04223,46904,61,Unemployed,22312,Yes,11817,Good,Yes
APP04224,34166,39,Employed,88502,No,54331,Good,Yes
APP04225,49422,42,Employed,72059,No,15979,Average,Yes
APP04226,53891,25,Unemployed,88161,No,14463,Poor,No
APP04227,67703,22,Unemployed,18239,No,2918,Average,Yes
APP04228,67173,50,Employed,42903,No,10621,Good,Yes
APP04229,41333,59,Employed,31899,No,19373,Good,Yes
APP04230,81687,24,Employed,5920,No,18562,Good,Yes
APP04231,45002,53,Employed,32030,No,26886,Good,Yes
APP04232,55925,33,Employed,41060,No,5299,Good,Yes
APP04233,81728,40,Employed,13761,No,74881,Good,Yes
APP04234,44949,27,Employed,58816,No,10415,Good,Yes
APP04235,46439,35,Employed,41401,No,56455,Average,Yes
APP04236,78304,43,Unemployed,9414,No,43271,Good,Yes
APP04237,40787,,Employed,71878,No,44670,Good,Yes
APP04238,50460,43,Employed,74282,No,9336,Good,Yes
APP04239,,39,Unemployed,84275,Yes,20214,Good,No
APP04240,151213,,,51126,No,62611,Good,Yes
APP04241,78789,40,Employed,97023,Yes,37631,Good,Yes
APP04242,74220,49,Employed,91836,No,37108,Poor,No
APP04243,76188,44,Employed,57378,No,44127,Good,Yes
APP04244,37018,38,Employed,47270,No,35271,Good,Yes
APP04245,63204,30,Employed,5288,No,64685,Good,Yes
APP04246,59202,61,Employed,72544,Yes,60148,Good,No
APP04247,69342,28,Employed,58671,No,26043,Good,Yes
APP04248,63230,46,Employed,94067,No,65154,Good,Yes
APP04249,71180,49,Employed,61452,No,41970,Good,Yes
APP04250,52153,30,Employed,99321,No,50591,Average,No
APP04251,,37,Employed,86113,Yes,69428,Average,No
APP04252,34530,22,Unemployed,95592,No,38603,Good,No
APP04253,51955,26,Employed,36128,Yes,60745,Average,No
APP04254,112193,25,,19187,No,50619,Good,Yes
APP04255,69256,,Self-Employed,80703,No,34713,Good,Yes
APP04256,59438,61,Employed,79689,No,63335,Good,Yes
APP04257,140837,25,Self-Employed,25088,No,9308,Good,Yes
APP04258,32524,38,Self-Employed,77651,No,46916,Good,No
APP04259,36419,,Employed,60287,No,4666,Average,Yes
APP04260,129679,40,Self-Employed,15405,No,13337,Average,Yes
APP04261,61254,61,Employed,52669,No,48311,Poor,No
APP04262,53795,47,Self-Employed,93458,No,25301,Good,Yes
APP04263,34977,32,Employed,53113,Yes,21736,Good,No
APP04264,73391,27,Employed,79926,No,76511,Good,Yes
APP04265,76658,23,Unemployed,7746,No,29907,Poor,No
APP04266,36665,30,Employed,74168,Yes,45615,Average,No
APP04267,56330,54,Unemployed,94950,No,43206,Average,No
APP04268,51592,45,Employed,52455,No,5899,Good,Yes
APP04269,67325,55,Employed,37082,No,54268,Good,Yes
APP04270,36259,36,Employed,66432,Yes,41519,Good,No
APP04271,105396,22,Employed,92045,No,31132,Average,Yes
APP04272,90601,44,Employed,21793,No,6215,Average,Yes
APP04273,50954,,Employed,43351,No,24148,Good,Yes
APP04274,54432,58,Employed,19848,No,70844,Good,Yes
APP04275,56427,42,Self-Employed,52182,Yes,14723,Average,No
APP04276,42271,,Employed,56340,No,18327,Good,Yes
APP04277,49146,63,Self-Employed,94699,No,17218,Poor,No
APP04278,53129,59,Employed,44189,Yes,71374,Good,No
APP04279,123982,47,Employed,58861,No,56300,Good,Yes
APP04280,91865,49,Employed,89100,No,70666,Average,Yes
APP04281,91372,58,Unemployed,35533,No,73186,Average,No
APP04282,70867,40,Employed,69046,Yes,74309,Good,No
APP04283,36290,47,Employed,76930,No,39372,Poor,No
APP04284,58890,61,Self-Employed,36400,No,38622,Poor,Yes
APP04285,92857,40,Employed,20612,No,66485,Good,Yes
APP04286,34060,64,Self-Employed,52776,Yes,27222,Good,Yes
APP04287,79901,39,Employed,38896,No,2755,Good,Yes
APP04288,170634,40,Employed,30314,No,27192,Good,Yes
APP04289,96753,55,Employed,97475,No,57592,Poor,No
APP04290,113370,22,Employed,52705,Yes,10766,Good,Yes
APP04291,,50,Self-Employed,86365,Yes,62998,Good,No
APP04292,92751,54,Self-Employed,23555,No,65422,Poor,No
APP04293,43437,,Employed,94247,Yes,8972,Good,No
APP04294,85840,23,Unemployed,80471,No,8729,Average,No
APP04295,80545,26,Employed,81826,No,16706,Good,Yes
APP04296,68361,,Employed,42028,No,29155,Poor,Yes
APP04297,108478,47,Employed,51136,No,43086,Average,Yes
APP04298,47082,30,Employed,61369,Yes,39358,Poor,No
APP04299,55156,29,Employed,80028,No,68400,Poor,No
APP04300,62634,53,Employed,85660,No,12236,Good,Yes
APP04301,37751,52,Employed,12414,No,56108,Good,Yes
APP04302,66451,26,Self-Employed,90886,No,44362,Average,No
APP04303,27683,61,Self-Employed,94062,No,59209,Average,No
APP04304,96108,56,Employed,61324,Yes,28014,Good,Yes
APP04305,61273,22,Employed,22741,No,38239,Poor,Yes
APP04306,47463,49,Employed,82749,No,3259,Good,Yes
APP04307,41218,24,Self-Employed,57116,No,10172,Poor,No
APP04308,53989,21,,82634,No,30625,Good,Yes
APP04309,81782,39,Employed,82407,No,39019,Good,Yes
APP04310,76771,46,Unemployed,13239,Yes,7774,Good,No
APP04311,43678,45,Employed,62667,No,66174,Good,Yes
APP04312,41002,30,Employed,50899,No,75738,Good,Yes
APP04313,80636,35,Employed,94881,No,48115,Good,Yes
APP04314,,42,Employed,33181,Yes,5219,Good,Yes
APP04315,61640,41,Unemployed,24570,No,59367,Average,No
APP04316,63436,42,Employed,90223,No,18156,Good,Yes
APP04317,69046,56,Employed,19128,No,58958,Good,Yes
APP04318,88285,54,Employed,70219,No,35313,Poor,Yes
APP04319,33988,50,Employed,33502,No,5221,Average,Yes
APP04320,25389,45,Employed,58945,Yes,23021,Good,No
APP04321,46479,65,Employed,63541,No,34735,Average,Yes
APP04322,134967,,Employed,44650,No,59164,Poor,Yes
APP04323,149056,21,Employed,97622,No,11512,Poor,Yes
APP04324,136780,65,Employed,17524,Yes,23673,Average,Yes
APP04325,55009,24,Employed,42183,No,7599,Average,Yes
APP04326,26907,27,Unemployed,45888,No,49649,Good,No
APP04327,20905,29,Employed,64949,No,38467,Average,No
APP04328,45514,56,Unemployed,43690,No,74391,Average,No
APP04329,54883,39,Employed,14218,No,59504,Good,Yes
APP04330,107730,21,Self-Employed,95006,No,62453,Good,No
APP04331,88664,30,Employed,44528,No,13987,Good,Yes
APP04332,66465,56,Employed,37554,No,22063,Average,Yes
APP04333,40202,29,Employed,47439,No,41538,Good,Yes
APP04334,38939,65,Employed,25577,No,2065,Good,Yes
APP04335,67269,62,Self-Employed,14521,No,69740,Poor,No
APP04336,82107,52,Employed,19115,No,62441,Good,Yes
APP04337,71571,52,Employed,20832,No,5577,Poor,Yes
APP04338,37667,26,Unemployed,23779,No,68074,Good,No
APP04339,80411,58,Employed,44896,No,1355,Good,Yes
APP04340,72676,37,Employed,64270,Yes,10023,Good,Yes
APP04341,37060,30,Employed,64744,No,5374,Good,Yes
APP04342,42157,47,Employed,5009,No,38854,Good,Yes
APP04343,81791,55,Self-Employed,92491,No,62940,Average,No
APP04344,53991,41,Employed,83170,No,15105,Average,Yes
APP04345,122665,45,Employed,96574,No,61947,Poor,No
APP04346,75178,48,Employed,39199,Yes,15609,Good,Yes
APP04347,48200,35,Employed,68156,No,79252,Good,Yes
APP04348,59725,24,Employed,20962,No,68424,Good,Yes
APP04349,61736,49,Employed,82618,Yes,59238,Good,No
APP04350,43231,29,Employed,20330,No,47743,Average,Yes
APP04351,39793,47,Self-Employed,35969,No,20161,Good,Yes
APP04352,82267,46,Employed,51629,No,10422,Poor,Yes
APP04353,87770,39,Employed,61481,No,37364,Average,Yes
APP04354,78732,48,Employed,58165,No,32810,Average,Yes
APP04355,118657,37,Unemployed,14699,No,54284,Average,Yes
APP04356,47019,,Employed,45059,No,14437,Good,Yes
APP04357,127455,61,Unemployed,92676,No,45408,Average,No
APP04358,40002,62,Unemployed,87875,No,55775,Good,Yes
APP04359,38040,40,Self-Employed,61124,No,24618,Good,Yes
APP04360,27177,65,Employed,59371,No,62621,Good,Yes
APP04361,49094,,Employed,15609,No,35116,Good,Yes
APP04362,47831,59,Employed,24025,No,13848,Good,Yes
APP04363,,43,Self-Employed,29001,No,16387,Good,Yes
APP04364,66960,52,Self-Employed,51379,No,23033,Good,Yes
APP04365,35076,53,Unemployed,74479,No,13492,Average,No
APP04366,50281,25,Employed,48769,No,45471,Good,Yes
APP04367,50764,,Employed,16976,No,75982,Good,Yes
APP04368,26982,54,Employed,46738,No,71790,Good,Yes
APP04369,38587,60,Employed,20450,No,26577,Average,Yes
APP04370,42414,31,,76359,No,69309,Good,Yes
APP04371,114374,23,Employed,20818,No,76368,Good,Yes
APP04372,65398,53,Unemployed,50841,No,24239,Good,Yes
APP04373,80828,31,Employed,70874,No,72518,Poor,No
APP04374,30568,36,Self-Employed,26679,No,79797,Good,Yes
APP04375,102693,38,Self-Employed,12223,No,64016,Good,Yes
APP04376,107753,50,Employed,58513,No,31828,Good,Yes
APP04377,,30,Employed,10149,No,49075,Average,Yes
APP04378,43683,38,Employed,60838,No,29771,Good,Yes
APP04379,74996,58,Employed,76582,No,79681,Poor,No
APP04380,80184,39,Employed,36285,No,6360,Good,Yes
APP04381,44213,56,Employed,51393,No,71553,Good,Yes
APP04382,52293,33,Unemployed,93232,No,6889,Good,No
APP04383,45857,23,Employed,49755,No,4334,Average,Yes
APP04384,63057,,Self-Employed,99673,No,75255,Good,No
APP04385,102830,58,Self-Employed,19915,No,69515,Good,Yes
APP04386,,21,Employed,72349,No,29563,Poor,No
APP04387,94133,47,Employed,66999,No,76645,Good,Yes
APP04388,42207,28,Self-Employed,87869,No,69087,Good,No
APP04389,40973,,Employed,13782,No,72257,Good,Yes
APP04390,86722,37,Employed,31620,No,48014,Poor,Yes
APP04391,90851,29,Unemployed,17557,No,76708,Average,No
APP04392,88013,26,Employed,93644,No,64957,Average,No
APP04393,33190,63,Employed,45530,No,75256,Good,Yes
APP04394,48651,45,Employed,91456,No,23239,Good,Yes
APP04395,86894,59,Employed,32969,Yes,43036,Good,Yes
APP04396,61132,48,Unemployed,17005,Yes,69545,Good,No
APP04397,37010,53,Self-Employed,33171,No,46799,Good,Yes
APP04398,73743,57,Employed,61732,No,64287,Poor,Yes
APP04399,43497,29,Unemployed,85297,No,77875,Good,No
APP04400,134543,38,Self-Employed,41612,No,64560,Average,Yes
APP04401,120244,41,Employed,91907,No,25913,Good,Yes
APP04402,78743,22,Employed,28202,No,10377,Average,Yes
APP04403,110697,63,Employed,70886,No,22547,Good,Yes
APP04404,61775,58,Employed,74893,No,53360,Good,Yes
APP04405,84673,60,Employed,31026,Yes,1865,Good,Yes
APP04406,116666,56,Employed,7562,No,15988,Poor,Yes
APP04407,67008,63,Employed,39698,Yes,26825,Poor,No
APP04408,53491,57,Self-Employed,9294,No,70143,Good,Yes
APP04409,27862,35,Self-Employed,90572,No,5029,Good,Yes
APP04410,,48,Employed,95585,No,4945,Good,Yes
APP04411,86911,38,Self-Employed,74861,No,44591,Good,Yes
APP04412,91825,,Employed,74035,No,15044,Average,Yes
APP04413,75287,42,Employed,27885,No,20135,Good,Yes
APP04414,,31,Employed,12023,No,15555,Good,Yes
APP04415,24650,33,Self-Employed,81200,No,46947,Average,No
APP04416,48014,24,Unemployed,58120,No,5388,Good,Yes
APP04417,52321,42,Self-Employed,69755,No,75260,Average,No
APP04418,52119,27,Unemployed,79066,Yes,10728,Good,No
APP04419,79257,63,Employed,43896,Yes,76176,Average,No
APP04420,146628,44,,18732,No,62472,Good,Yes
APP04421,63430,24,Employed,80528,No,66413,Good,Yes
APP04422,54425,48,Employed,48108,No,14652,Poor,Yes
APP04423,53394,35,Employed,83558,No,53902,Good,Yes
APP04424,63454,21,Self-Employed,46581,No,65549,Poor,No
APP04425,41331,23,,25617,No,45085,Average,Yes
APP04426,63335,34,Employed,21245,No,44535,Poor,No
APP04427,,58,Employed,75673,Yes,13594,Good,Yes
APP04428,65937,21,Employed,59614,No,33724,Good,Yes
APP04429,73717,58,Employed,43437,Yes,12893,Average,No
APP04430,72932,58,Employed,51751,No,77856,Average,Yes
APP04431,27031,41,Employed,57216,No,55103,Average,No
APP04432,79913,49,Unemployed,27745,Yes,4825,Good,No
APP04433,44362,,Self-Employed,40926,Yes,38665,Poor,No
APP04434,36643,,Employed,32779,No,51399,Good,Yes
APP04435,36501,48,Unemployed,41900,No,8556,Average,No
APP04436,,41,,52553,Yes,53534,Good,No
APP04437,54282,27,Employed,21469,No,15007,Good,Yes
APP04438,28148,23,Employed,42384,No,33222,Good,Yes
APP04439,74400,65,Employed,41622,No,50419,Average,Yes
APP04440,31391,40,Employed,32170,No,29839,Average,Yes
APP04441,63896,39,Employed,99857,No,31090,Poor,No
APP04442,66798,55,Employed,11995,No,67646,Good,Yes
APP04443,89376,24,Employed,66080,No,25432,Good,Yes
APP04444,133767,25,Self-Employed,21572,No,52760,Good,Yes
APP04445,32468,21,Employed,84755,Yes,68083,Good,No
APP04446,58600,24,Self-Employed,91849,No,13059,Good,Yes
APP04447,52984,32,Employed,43140,Yes,4628,Good,Yes
APP04448,72932,47,Unemployed,83230,Yes,66217,Good,No
APP04449,66115,62,Employed,28741,No,44539,Good,Yes
APP04450,51198,43,Unemployed,18307,No,66388,Good,Yes
APP04451,49202,45,Self-Employed,35008,No,17830,Poor,No
APP04452,36304,41,Employed,37459,No,66778,Average,Yes
APP04453,93586,44,Employed,42749,No,8530,Average,Yes
APP04454,73773,45,Employed,40431,No,70773,Average,Yes
APP04455,90680,65,Unemployed,44059,Yes,65980,Good,No
APP04456,52178,52,Employed,72453,No,45819,Average,Yes
APP04457,44646,52,Employed,28330,No,49059,Average,Yes
APP04458,36933,25,Employed,6765,No,28322,Good,Yes
APP04459,70517,56,Employed,51520,No,16928,Poor,Yes
APP04460,37579,62,Employed,47588,No,36980,Good,Yes
APP04461,137861,62,Unemployed,10706,No,52939,Good,Yes
APP04462,33312,59,,17711,No,79879,Average,Yes
APP04463,67863,36,Unemployed,53442,Yes,65563,Average,No
APP04464,121441,53,Employed,27301,No,35310,Good,Yes
APP04465,78566,41,Employed,88372,No,59717,Good,Yes
APP04466,64936,29,Employed,21463,No,9536,Good,Yes
APP04467,38804,26,Self-Employed,6912,No,33788,Good,Yes
APP04468,32219,65,Employed,47519,No,34569,Poor,Yes
APP04469,84848,55,Employed,98685,Yes,79907,Average,No
APP04470,118168,59,Employed,65218,No,31890,Average,Yes
APP04471,,42,Employed,38633,No,7579,Good,Yes
APP04472,35937,61,Self-Employed,6602,No,6311,Good,Yes
APP04473,19849,25,Employed,51070,No,56172,Good,Yes
APP04474,38590,62,Employed,24614,No,23838,Good,Yes
APP04475,57008,43,Employed,66537,Yes,69644,Good,No
APP04476,123217,37,Employed,60386,Yes,39153,Good,No
APP04477,81228,32,Employed,30195,No,27099,Good,Yes
APP04478,68830,43,Employed,11544,No,60970,Good,Yes
APP04479,50114,36,Employed,76727,No,33985,Good,Yes
APP04480,46151,23,Employed,60619,No,59253,Good,Yes
APP04481,,,Employed,85002,No,57413,Average,Yes
APP04482,65672,42,Employed,29681,No,58134,Good,Yes
APP04483,23293,29,Employed,67022,No,68713,Average,No
APP04484,44312,49,Employed,16275,No,68024,Average,Yes
APP04485,40778,57,Employed,32722,No,53504,Poor,No
APP04486,46924,43,Employed,67371,No,76600,Good,Yes
APP04487,77297,33,Self-Employed,83430,No,2637,Good,Yes
APP04488,57168,52,Employed,35488,No,74503,Good,Yes
APP04489,57960,43,Employed,80891,No,12712,Poor,No
APP04490,108354,65,,69386,No,17720,Average,Yes
APP04491,43857,37,Employed,38124,No,65575,Good,Yes
APP04492,138828,60,Self-Employed,88258,Yes,32634,Good,Yes
APP04493,44356,41,Employed,53377,Yes,34600,Good,No
APP04494,62457,22,Employed,66583,No,21637,Good,Yes
APP04495,52868,57,Employed,52085,No,18731,Average,Yes
APP04496,63427,26,Self-Employed,48008,No,9393,Good,Yes
APP04497,73289,64,Unemployed,85558,No,16545,Good,Yes
APP04498,72935,38,Employed,32997,No,45773,Good,Yes
APP04499,42753,50,Self-Employed,8480,No,56822,Good,Yes
APP04500,36199,,Employed,88579,No,59368,Good,Yes
APP04501,185077,53,Employed,83377,No,30240,Good,Yes
APP04502,,,Employed,39823,No,73834,Good,Yes
APP04503,82186,37,,22618,No,26970,Average,Yes
APP04504,29105,63,Employed,69176,No,9780,Good,Yes
APP04505,52906,52,Self-Employed,12482,Yes,75673,Good,No
APP04506,56662,62,Employed,45257,No,43713,Poor,Yes
APP04507,74226,34,Employed,13157,No,77739,Good,Yes
APP04508,18000,,Employed,61801,No,32100,Good,Yes
APP04509,64658,56,Employed,7585,No,60834,Good,Yes
APP04510,35765,54,Employed,64778,No,9685,Good,Yes
APP04511,69429,29,Employed,68955,No,68472,Good,Yes
APP04512,37637,62,Employed,51279,No,14485,Good,Yes
APP04513,40828,48,Employed,21626,No,6426,Good,Yes
APP04514,53049,31,Employed,14632,No,8723,Average,Yes
APP04515,37367,34,Employed,34763,No,45033,Good,Yes
APP04516,48441,59,Employed,49195,No,24058,Poor,No
APP04517,35069,39,Employed,66010,No,76915,Average,No
APP04518,26296,35,Employed,5119,No,68361,Average,Yes
APP04519,94862,48,Employed,72551,No,64461,Average,Yes
APP04520,33486,44,Employed,72708,No,64961,Good,Yes
APP04521,55364,28,Self-Employed,47231,No,71364,Good,Yes
APP04522,84196,63,Self-Employed,37624,No,69352,Poor,No
APP04523,45496,29,Self-Employed,85019,No,74328,Good,No
APP04524,,53,Employed,79536,No,74815,Good,Yes
APP04525,,53,Employed,98411,No,24567,Good,Yes
APP04526,99227,39,Employed,40333,No,18346,Good,Yes
APP04527,35451,23,Employed,91149,No,51805,Good,Yes
APP04528,56080,30,Employed,13303,No,10743,Good,Yes
APP04529,27515,60,Self-Employed,44089,No,17680,Average,Yes
APP04530,50270,,Employed,49211,Yes,62064,Good,No
APP04531,60931,21,Employed,46883,Yes,52297,Average,No
APP04532,40844,49,Employed,64384,No,52417,Good,Yes
APP04533,48847,54,Employed,21170,No,76100,Good,Yes
APP04534,31837,33,Employed,87313,Yes,53742,Good,No
APP04535,62118,21,Employed,57418,No,35034,Average,Yes
APP04536,96487,54,Employed,90900,Yes,23146,Poor,No
APP04537,36621,49,Self-Employed,5250,Yes,27746,Good,No
APP04538,45338,33,Employed,64849,Yes,22947,Good,Yes
APP04539,75226,,Self-Employed,44183,No,3764,Average,Yes
APP04540,103522,59,Employed,52984,No,21664,Average,Yes
APP04541,30643,44,Employed,75661,No,66994,Good,Yes
APP04542,55612,46,Employed,26579,No,58530,Good,Yes
APP04543,68153,37,Unemployed,24465,No,50125,Poor,No
APP04544,57307,27,Employed,71786,No,72274,Good,Yes
APP04545,19684,33,Employed,54530,No,21866,Good,Yes
APP04546,75176,25,Employed,27196,No,46637,Good,Yes
APP04547,118872,46,Employed,50982,No,3475,Average,Yes
APP04548,63234,23,Employed,48658,No,71469,Good,Yes
APP04549,37726,27,Self-Employed,70687,No,36371,Average,No
APP04550,47629,59,Employed,5253,No,15052,Average,Yes
APP04551,133061,21,Employed,60742,No,19906,Good,Yes
APP04552,90362,37,Unemployed,62539,Yes,68011,Good,No
APP04553,80026,63,Self-Employed,75823,No,9596,Poor,Yes
APP04554,70438,45,,89477,Yes,74091,Good,No
APP04555,44560,23,Employed,46818,Yes,30504,Good,No
APP04556,54822,35,,37539,No,20836,Poor,Yes
APP04557,57933,49,Self-Employed,14720,No,27217,Poor,No
APP04558,76834,63,Self-Employed,36999,No,33310,Good,Yes
APP04559,118316,52,Self-Employed,11506,Yes,44301,Good,Yes
APP04560,99246,46,Employed,81268,No,47358,Good,Yes
APP04561,31678,36,Employed,81666,No,36378,Poor,No
APP04562,66363,45,Employed,44638,No,36263,Average,Yes
APP04563,83587,48,Employed,29666,Yes,23539,Good,Yes
APP04564,79268,29,Self-Employed,16212,Yes,31321,Average,No
APP04565,45204,,Employed,85868,No,37904,Average,No
APP04566,,49,Employed,88362,No,48209,Good,Yes
APP04567,33773,42,Self-Employed,30298,No,11325,Average,Yes
APP04568,36852,36,Employed,64067,No,61354,Good,Yes
APP04569,66650,61,Employed,29572,No,54765,Average,Yes
APP04570,155540,64,Self-Employed,26387,No,24603,Good,Yes
APP04571,41184,61,Unemployed,7015,No,37288,Average,Yes
APP04572,53235,27,Self-Employed,59830,Yes,75807,Good,No
APP04573,97429,34,Employed,19244,No,2618,Good,Yes
APP04574,59520,49,Employed,6175,Yes,65097,Good,Yes
APP04575,51613,39,Employed,14961,No,41426,Average,Yes
APP04576,77392,39,Self-Employed,34808,No,49886,Good,Yes
APP04577,67828,,Employed,68571,No,55078,Average,No
APP04578,95397,61,Self-Employed,24249,Yes,37026,Good,Yes
APP04579,107287,65,Employed,89321,No,16157,Average,Yes
APP04580,68889,35,Employed,32406,No,72858,Good,Yes
APP04581,68417,23,Self-Employed,36466,No,59475,Good,Yes
APP04582,66069,31,Self-Employed,25708,Yes,45208,Good,No
APP04583,74773,50,Employed,29112,Yes,36428,Good,Yes
APP04584,61508,60,Unemployed,12043,No,40447,Average,No
APP04585,59984,38,Unemployed,33003,No,66060,Average,No
APP04586,102804,22,Unemployed,86664,Yes,1988,Good,No
APP04587,118700,52,Self-Employed,70400,No,69361,Average,No
APP04588,30446,28,Self-Employed,88150,No,4693,Good,Yes
APP04589,60271,42,Employed,14962,No,49657,Good,Yes
APP04590,44011,26,Employed,48284,No,27317,Good,Yes
APP04591,52165,32,Employed,26779,No,54581,Good,Yes
APP04592,71914,60,Employed,73515,No,7758,Average,Yes
APP04593,81093,56,Employed,97173,No,44942,Poor,No
APP04594,57048,,Employed,82459,No,68564,Good,Yes
APP04595,25364,48,Employed,8351,Yes,40076,Good,Yes
APP04596,38864,65,Unemployed,35083,No,7663,Poor,No
APP04597,89817,38,Self-Employed,7715,No,3953,Good,Yes
APP04598,,22,Employed,8816,Yes,50075,Good,No
APP04599,102380,33,Employed,12554,No,6493,Good,Yes
APP04600,75861,65,Self-Employed,31251,No,6632,Average,Yes
APP04601,108486,35,Self-Employed,33899,Yes,34610,Average,No
APP04602,54871,40,Unemployed,43043,No,17551,Average,Yes
APP04603,23729,,Unemployed,43468,No,17131,Good,Yes
APP04604,72821,62,Unemployed,78284,Yes,38997,Average,No
APP04605,106478,,Employed,18433,No,23183,Good,Yes
APP04606,90965,23,Employed,19985,No,18322,Poor,Yes
APP04607,44529,39,,64526,No,41639,Good,Yes
APP04608,62389,23,Employed,59316,No,23980,Good,Yes
APP04609,47208,34,Self-Employed,19630,Yes,7337,Poor,No
APP04610,41499,60,Employed,85965,No,54936,Average,Yes
APP04611,92229,24,Self-Employed,36261,No,47263,Average,No
APP04612,35004,31,Employed,39862,No,17757,Good,Yes
APP04613,40130,51,Employed,44944,No,46997,Average,Yes
APP04614,36508,63,Employed,35657,No,76492,Average,Yes
APP04615,30684,52,Unemployed,57958,No,76562,Average,No
APP04616,64086,47,Employed,41922,Yes,43023,Poor,No
APP04617,101192,50,Unemployed,29646,Yes,8744,Good,Yes
APP04618,55210,63,Self-Employed,90925,No,37197,Good,Yes
APP04619,30470,22,Self-Employed,34293,No,3132,Average,Yes
APP04620,87560,29,Self-Employed,71356,No,33801,Good,Yes
APP04621,128113,48,Employed,37987,Yes,72844,Good,Yes
APP04622,44860,51,Employed,46346,No,37928,Good,Yes
APP04623,48376,54,Employed,27415,Yes,44489,Average,No
APP04624,75671,35,Self-Employed,76471,Yes,13485,Good,No
APP04625,124485,45,Self-Employed,75034,No,2236,Good,Yes
APP04626,47485,56,Employed,7113,No,79477,Good,Yes
APP04627,32942,,Employed,10718,No,27722,Good,Yes
APP04628,79717,29,Employed,92626,Yes,23069,Good,No
APP04629,85964,57,Employed,89439,No,46131,Good,Yes
APP04630,60166,65,Employed,53078,Yes,59880,Poor,No
APP04631,46674,59,Employed,51869,Yes,20861,Good,Yes
APP04632,93861,52,Employed,82180,No,42406,Average,Yes
APP04633,76093,37,Employed,18153,No,27278,Average,Yes
APP04634,42459,55,Employed,67101,No,38996,Good,Yes
APP04635,61340,57,Employed,50218,No,13743,Good,Yes
APP04636,32658,39,Employed,75616,No,41299,Poor,No
APP04637,81695,,Employed,7860,No,4740,Good,Yes
APP04638,53321,49,Employed,61309,Yes,67360,Good,No
APP04639,49317,27,Employed,57889,Yes,50585,Good,No
APP04640,59119,48,Employed,84881,No,75378,Good,Yes
APP04641,61098,29,Employed,69299,No,48379,Good,Yes
APP04642,89753,48,Self-Employed,88615,No,15391,Good,Yes
APP04643,78283,26,Employed,89291,No,39240,Good,Yes
APP04644,55922,49,Employed,43776,No,53511,Average,Yes
APP04645,84605,37,Employed,18056,No,30564,Poor,Yes
APP04646,71857,36,Employed,64877,No,44659,Good,Yes
APP04647,49520,43,Self-Employed,88006,No,13852,Good,Yes
APP04648,56725,51,Employed,12121,Yes,62393,Average,No
APP04649,56129,23,Employed,58003,No,72853,Good,Yes
APP04650,75317,41,Employed,15925,Yes,25875,Good,Yes
APP04651,50865,46,Employed,7565,No,63673,Average,Yes
APP04652,50333,56,Employed,69565,No,8264,Poor,Yes
APP04653,145516,62,Employed,69776,No,20490,Good,Yes
APP04654,91581,57,Employed,62063,No,37488,Good,Yes
APP04655,42609,42,Employed,86626,No,31526,Good,Yes
APP04656,,62,Employed,12683,No,49950,Good,Yes
APP04657,63282,32,,15000,No,45476,Good,Yes
APP04658,71560,62,Employed,87131,No,7894,Good,Yes
APP04659,,33,Employed,52811,No,11404,Good,Yes
APP04660,102482,31,Employed,30940,No,5085,Good,Yes
APP04661,70097,36,Employed,75125,No,76256,Good,Yes
APP04662,58347,28,Self-Employed,89968,No,51982,Poor,No
APP04663,95902,60,Employed,70512,No,68591,Poor,No
APP04664,66641,60,Employed,80234,No,43760,Average,Yes
APP04665,63371,65,,31837,Yes,16313,Good,Yes
APP04666,69107,22,Self-Employed,32434,No,50501,Good,Yes
APP04667,57525,50,Employed,87092,No,40922,Average,Yes
APP04668,60250,50,Self-Employed,63412,No,33247,Average,Yes
APP04669,46078,32,Self-Employed,27245,No,30373,Average,Yes
APP04670,42791,30,Employed,54795,No,52356,Good,Yes
APP04671,38282,64,Unemployed,70157,No,49803,Average,No
APP04672,32071,31,Employed,25762,No,12974,Poor,Yes
APP04673,40386,35,Self-Employed,67216,No,65482,Good,Yes
APP04674,55475,36,Self-Employed,9004,No,51251,Good,Yes
APP04675,62850,37,Employed,33851,No,43329,Good,Yes
APP04676,53104,46,Employed,69027,No,60164,Average,Yes
APP04677,20786,22,Unemployed,19188,No,13140,Good,Yes
APP04678,121864,32,Employed,26109,Yes,73658,Poor,No
APP04679,97833,46,Employed,88514,No,22376,Good,Yes
APP04680,73328,43,Employed,69061,No,21758,Poor,Yes
APP04681,141559,38,Self-Employed,52397,No,65377,Good,Yes
APP04682,38649,52,,25035,No,27385,Good,Yes
APP04683,140299,58,Employed,37434,No,66626,Average,Yes
APP04684,38861,23,,59561,Yes,26913,Poor,No
APP04685,66805,58,Employed,19755,No,44504,Poor,Yes
APP04686,33822,23,Unemployed,50766,No,19237,Good,Yes
APP04687,60398,50,Employed,43853,No,58790,Good,Yes
APP04688,71387,21,Employed,50285,Yes,14188,Good,Yes
APP04689,55965,50,Employed,15028,No,72055,Good,Yes
APP04690,82731,65,Employed,15117,No,30360,Good,Yes
APP04691,62734,52,Employed,96591,No,38254,Good,Yes
APP04692,,48,Self-Employed,98040,Yes,2898,Poor,No
APP04693,46492,41,Employed,45486,No,78087,Good,Yes
APP04694,86423,33,Unemployed,79955,No,65241,Average,No
APP04695,44708,47,Employed,67300,No,36314,Average,Yes
APP04696,90584,56,Self-Employed,16107,No,73701,Good,Yes
APP04697,104018,27,Employed,33184,No,74554,Poor,No
APP04698,28316,42,Self-Employed,34797,Yes,43111,Good,No
APP04699,99899,30,Employed,61599,No,19474,Poor,No
APP04700,151644,59,Self-Employed,60098,No,39482,Poor,Yes
APP04701,67205,35,Unemployed,92733,No,26659,Poor,No
APP04702,78565,35,Employed,80053,Yes,36391,Average,No
APP04703,95679,24,Employed,86401,No,73000,Good,Yes
APP04704,53005,52,Self-Employed,89667,No,23265,Good,Yes
APP04705,65129,43,Self-Employed,81121,No,67278,Good,Yes
APP04706,,26,Employed,36624,Yes,74889,Good,No
APP04707,63862,,Employed,25426,No,64599,Average,Yes
APP04708,75076,40,Employed,59318,No,42653,Average,Yes
APP04709,75688,57,Employed,70509,No,45554,Good,Yes
APP04710,96910,40,Employed,41724,No,65751,Good,Yes
APP04711,42338,32,Employed,85592,No,4516,Good,Yes
APP04712,47213,53,Employed,96254,No,59138,Good,Yes
APP04713,140798,48,Employed,59093,Yes,42781,Good,Yes
APP04714,56075,28,Unemployed,48376,No,32374,Average,No
APP04715,65651,21,,85074,Yes,61587,Average,No
APP04716,58218,57,Unemployed,7306,No,22034,Good,Yes
APP04717,41454,42,Self-Employed,17256,No,71747,Good,Yes
APP04718,124578,26,Employed,85337,Yes,55391,Average,No
APP04719,47317,41,Self-Employed,74543,No,49202,Good,Yes
APP04720,36128,52,Unemployed,44533,No,42327,Poor,No
APP04721,48985,55,Unemployed,89441,Yes,17808,Good,No
APP04722,24375,35,Self-Employed,38389,Yes,49739,Good,No
APP04723,44758,25,Employed,65215,No,58268,Poor,No
APP04724,38810,26,Employed,65262,No,1923,Good,Yes
APP04725,79217,45,Employed,22512,No,29947,Good,Yes
APP04726,,60,Unemployed,32061,No,66765,Average,No
APP04727,89466,49,Employed,92021,No,50945,Average,Yes
APP04728,112580,27,Self-Employed,22424,No,49606,Good,Yes
APP04729,85274,60,Employed,21490,Yes,19060,Good,Yes
APP04730,54457,33,Employed,50563,No,50935,Good,Yes
APP04731,63934,58,Employed,13759,No,63106,Average,Yes
APP04732,30208,38,Employed,89989,No,32739,Good,Yes
APP04733,56495,22,Employed,14514,No,15385,Average,Yes
APP04734,40737,28,Employed,63573,No,7105,Average,Yes
APP04735,82006,31,Employed,37279,No,40950,Good,Yes
APP04736,190964,53,Self-Employed,81406,No,55025,Good,Yes
APP04737,,58,Employed,61032,No,13849,Good,Yes
APP04738,24492,47,Self-Employed,41889,Yes,34294,Good,No
APP04739,50998,40,Employed,98468,Yes,45923,Average,No
APP04740,63400,32,Employed,11292,No,13313,Average,Yes
APP04741,62406,63,Employed,59890,Yes,22321,Good,Yes
APP04742,43184,51,Self-Employed,99009,No,49065,Poor,No
APP04743,67002,47,Employed,70641,No,58277,Good,Yes
APP04744,34303,52,Employed,75278,Yes,51243,Good,No
APP04745,39218,30,Unemployed,8049,Yes,57377,Good,No
APP04746,80234,23,Employed,7030,No,46939,Good,Yes
APP04747,37989,65,Employed,8430,No,67031,Good,Yes
APP04748,76443,47,Self-Employed,99214,No,66312,Poor,No
APP04749,32398,55,Employed,98054,No,63904,Good,Yes
APP04750,132756,51,Employed,36778,No,46461,Poor,Yes
APP04751,42348,35,Employed,32643,No,79536,Good,Yes
APP04752,54255,36,Employed,18866,Yes,4090,Average,Yes
APP04753,69625,33,Employed,36268,Yes,16457,Poor,No
APP04754,46523,55,Employed,40164,No,64901,Good,Yes
APP04755,64000,31,Self-Employed,76087,No,66277,Good,Yes
APP04756,77731,41,Employed,87298,No,65681,Good,Yes
APP04757,92446,31,Employed,75940,No,69944,Poor,No
APP04758,85671,50,Self-Employed,66415,No,34386,Average,Yes
APP04759,,55,Employed,77761,No,74615,Average,Yes
APP04760,56169,42,Self-Employed,75157,Yes,17524,Average,No
APP04761,172681,58,Self-Employed,50196,No,75019,Good,Yes
APP04762,92001,51,Employed,36906,No,44978,Good,Yes
APP04763,39628,34,Employed,31864,No,13947,Good,Yes
APP04764,62761,44,Unemployed,69539,No,59150,Good,No
APP04765,51600,52,Unemployed,96134,No,24374,Average,No
APP04766,56455,56,Employed,60200,No,18416,Average,Yes
APP04767,34504,52,Employed,91690,No,14594,Poor,No
APP04768,49848,35,Employed,6352,No,3323,Good,Yes
APP04769,135578,63,Employed,80475,No,61408,Good,Yes
APP04770,77861,55,,86092,No,39434,Average,Yes
APP04771,19557,23,Employed,64944,No,78320,Good,No
APP04772,103738,36,Self-Employed,93736,No,35702,Good,Yes
APP04773,97972,25,,61042,No,67625,Good,Yes
APP04774,51043,41,Self-Employed,27851,No,77479,Good,Yes
APP04775,82857,30,Employed,25493,Yes,2775,Poor,No
APP04776,40756,39,Employed,57804,No,9320,Good,Yes
APP04777,48557,45,Employed,91116,No,28481,Poor,No
APP04778,117765,24,Employed,11875,No,69739,Poor,No
APP04779,53094,49,Employed,62417,No,67198,Good,Yes
APP04780,25867,39,Self-Employed,78131,No,29972,Average,No
APP04781,58315,63,Employed,15963,No,16792,Good,Yes
APP04782,57915,22,Self-Employed,16093,No,64383,Good,Yes
APP04783,102885,30,Employed,39782,No,48156,Poor,Yes
APP04784,60388,63,Employed,31019,No,3496,Good,Yes
APP04785,49632,45,Employed,23840,No,64533,Good,Yes
APP04786,96026,40,Self-Employed,23876,No,76600,Good,Yes
APP04787,63352,39,Employed,17414,No,4325,Good,Yes
APP04788,42813,,Employed,63031,Yes,23584,Good,No
APP04789,100896,44,Unemployed,70372,No,65738,Good,No
APP04790,65463,31,Self-Employed,71779,Yes,47187,Good,No
APP04791,60079,54,Employed,55574,Yes,79159,Poor,No
APP04792,65001,48,Self-Employed,95526,No,73325,Good,Yes
APP04793,37060,25,Employed,88651,No,15083,Good,Yes
APP04794,47318,25,Self-Employed,95975,Yes,54248,Good,No
APP04795,60097,41,Employed,41936,No,52610,Average,Yes
APP04796,54968,32,Employed,88389,No,9758,Good,Yes
APP04797,106371,24,Employed,77473,No,8072,Poor,Yes
APP04798,66167,62,Employed,37297,No,45986,Average,Yes
APP04799,88151,40,Employed,15126,No,32835,Good,Yes
APP04800,60254,58,Self-Employed,69849,Yes,44090,Good,No
APP04801,96513,45,Self-Employed,17963,No,19867,Good,Yes
APP04802,71753,34,Employed,32909,Yes,44976,Average,No
APP04803,60363,31,Employed,52535,No,31288,Good,Yes
APP04804,59642,52,Employed,69589,No,71115,Average,No
APP04805,39050,31,Employed,92992,No,25181,Poor,No
APP04806,75374,38,Unemployed,61358,No,69796,Average,No
APP04807,58924,47,Employed,68784,Yes,31809,Average,No
APP04808,47868,38,Employed,34451,No,46675,Average,No
APP04809,98717,43,Employed,70293,No,23624,Good,Yes
APP04810,34184,31,Employed,46590,Yes,64918,Good,No
APP04811,49611,41,Employed,86408,No,67648,Good,Yes
APP04812,95280,64,Employed,42283,No,64915,Good,Yes
APP04813,69154,25,Employed,49486,No,51547,Poor,No
APP04814,58722,43,Employed,46096,No,25078,Good,Yes
APP04815,67175,61,Employed,82057,No,51283,Average,Yes
APP04816,65045,45,Employed,95601,No,76801,Average,No
APP04817,30321,61,Employed,36091,No,52222,Average,Yes
APP04818,51274,30,Self-Employed,50128,No,76555,Good,No
APP04819,124186,42,Employed,72063,No,25062,Good,Yes
APP04820,44596,39,Unemployed,90061,No,67834,Good,No
APP04821,51993,21,Employed,51902,No,57759,Poor,No
APP04822,47022,27,Employed,15345,No,65717,Good,Yes
APP04823,57696,24,Employed,40024,No,57150,Good,Yes
APP04824,46152,21,Employed,57284,Yes,38949,Good,No
APP04825,74692,35,Unemployed,44665,Yes,55239,Good,No
APP04826,65571,60,Employed,22723,No,74635,Good,Yes
APP04827,84982,32,Employed,8514,No,33986,Poor,Yes
APP04828,37391,42,Unemployed,70304,No,76188,Average,No
APP04829,51480,42,Employed,99310,No,4903,Poor,No
APP04830,54205,37,Employed,92325,No,2120,Good,Yes
APP04831,73655,49,Employed,69911,No,40010,Good,Yes
APP04832,41988,,Employed,84945,No,68033,Average,No
APP04833,90594,40,Employed,29294,No,20579,Average,Yes
APP04834,102333,,Employed,64131,No,55780,Good,Yes
APP04835,38450,63,,10757,No,44205,Poor,No
APP04836,48108,35,Self-Employed,72182,No,23973,Poor,No
APP04837,47227,32,Employed,97138,No,23578,Good,Yes
APP04838,196158,60,Employed,86776,No,6789,Good,Yes
APP04839,49446,,Employed,55772,No,43361,Good,Yes
APP04840,127648,50,Employed,79930,No,36561,Poor,Yes
APP04841,33932,58,Employed,94670,No,23864,Good,Yes
APP04842,38436,23,,25522,No,77664,Average,No
APP04843,44052,48,Self-Employed,80360,No,65660,Average,No
APP04844,41009,46,Employed,30635,No,42471,Good,Yes
APP04845,53186,50,Employed,88310,No,42215,Good,Yes
APP04846,43615,33,Employed,14344,No,16295,Good,Yes
APP04847,41498,33,Employed,21931,Yes,52281,Poor,No
APP04848,101054,22,Employed,73459,No,76337,Average,No
APP04849,104069,57,Employed,21604,No,71965,Average,Yes
APP04850,91976,58,Employed,20015,Yes,7697,Good,Yes
APP04851,75955,22,Employed,57769,No,5195,Good,Yes
APP04852,62557,56,Employed,84324,No,76938,Poor,No
APP04853,47975,46,Unemployed,30504,No,16793,Good,Yes
APP04854,39073,31,Employed,84908,Yes,44483,Good,No
APP04855,70647,28,Employed,81756,No,6902,Good,Yes
APP04856,35382,64,Employed,60015,No,67621,Good,Yes
APP04857,38362,60,Employed,66423,No,10311,Good,Yes
APP04858,100802,63,Unemployed,8842,No,51857,Good,Yes
APP04859,141124,42,Employed,39878,No,5474,Average,Yes
APP04860,71617,40,Unemployed,30023,No,13377,Good,Yes
APP04861,98716,28,Employed,19250,Yes,41459,Poor,No
APP04862,53716,49,Employed,42018,No,4609,Good,Yes
APP04863,32864,60,Employed,38716,Yes,16453,Good,Yes
APP04864,79030,46,Self-Employed,74245,No,11758,Good,Yes
APP04865,77519,50,Employed,61819,No,4205,Poor,Yes
APP04866,61967,37,Self-Employed,91745,No,77709,Poor,No
APP04867,,40,Employed,18814,No,36563,Good,Yes
APP04868,92512,36,Employed,10676,No,68856,Good,Yes
APP04869,38504,63,Employed,55788,Yes,29300,Good,Yes
APP04870,42357,27,Employed,5098,Yes,4365,Poor,No
APP04871,38118,,Employed,79833,No,55957,Average,No
APP04872,62339,65,Employed,53067,No,4062,Poor,Yes
APP04873,36774,47,Employed,51366,No,44670,Good,Yes
APP04874,44099,43,Self-Employed,39437,No,11990,Good,Yes
APP04875,43674,,Self-Employed,40623,No,53995,Average,No
APP04876,53361,29,Self-Employed,45958,Yes,71524,Poor,No
APP04877,30723,55,Employed,6523,No,76505,Good,Yes
APP04878,62401,,Unemployed,12937,No,42694,Good,Yes
APP04879,105176,57,Self-Employed,52980,No,43084,Poor,Yes
APP04880,63772,62,Employed,19262,Yes,4024,Good,Yes
APP04881,120054,37,Employed,78982,No,61820,Good,Yes
APP04882,109360,51,Employed,31076,No,76540,Good,Yes
APP04883,85142,28,Employed,14300,No,35620,Good,Yes
APP04884,62051,35,Self-Employed,27345,No,63702,Good,Yes
APP04885,60611,51,Self-Employed,38924,No,63999,Average,No
APP04886,84610,50,Self-Employed,8355,No,63070,Good,Yes
APP04887,50304,40,Employed,18459,No,60936,Good,Yes
APP04888,25718,59,Employed,35765,No,17993,Average,Yes
APP04889,74869,32,Employed,34496,No,60363,Poor,No
APP04890,36066,37,Employed,81037,Yes,12407,Average,No
APP04891,38915,,Self-Employed,85109,No,57288,Average,No
APP04892,60006,,Employed,23375,No,1280,Poor,Yes
APP04893,57486,49,Employed,16774,No,73587,Average,Yes
APP04894,31782,39,Employed,65245,No,66364,Poor,No
APP04895,64639,31,Self-Employed,81439,No,54954,Average,No
APP04896,92676,54,Employed,96554,Yes,8463,Average,No
APP04897,36111,27,Self-Employed,5646,No,66174,Average,No
APP04898,106374,64,Unemployed,44299,No,70139,Poor,No
APP04899,29733,54,Self-Employed,74729,No,55351,Average,No
APP04900,155577,40,Self-Employed,83713,Yes,78095,Average,No
APP04901,49863,58,Employed,10917,No,8337,Good,Yes
APP04902,64063,44,Employed,69658,No,56983,Poor,No
APP04903,25609,30,Self-Employed,32449,No,42459,Good,Yes
APP04904,58346,52,Self-Employed,12087,No,12503,Good,Yes
APP04905,66497,35,Employed,51465,Yes,53015,Average,No
APP04906,57718,57,Self-Employed,20025,No,64163,Good,Yes
APP04907,46570,40,Employed,75016,No,14015,Good,Yes
APP04908,39189,23,Employed,75420,No,63686,Good,Yes
APP04909,99791,57,Employed,84996,No,8345,Good,Yes
APP04910,60838,60,Employed,40869,Yes,47721,Good,Yes
APP04911,120023,28,Employed,6264,No,64079,Good,Yes
APP04912,47343,60,Employed,29675,No,12531,Poor,Yes
APP04913,49338,64,Employed,49442,No,46150,Good,Yes
APP04914,86605,43,Self-Employed,70931,No,34565,Average,Yes
APP04915,28905,60,Employed,41294,Yes,48975,Average,No
APP04916,34754,31,Employed,55925,No,34514,Good,Yes
APP04917,98319,28,Employed,54805,No,20822,Average,Yes
APP04918,35409,49,Employed,20673,No,21051,Good,Yes
APP04919,26464,50,Employed,64190,No,69311,Average,No
APP04920,139098,30,Employed,46729,No,13360,Good,Yes
APP04921,32045,59,Unemployed,81752,No,10726,Poor,No
APP04922,65183,48,Employed,70608,No,8669,Good,Yes
APP04923,61895,56,Self-Employed,15590,Yes,6858,Good,Yes
APP04924,18000,33,Self-Employed,51432,No,2145,Good,Yes
APP04925,53200,52,Unemployed,71737,No,13672,Average,No
APP04926,73415,,Employed,13266,No,16225,Good,Yes
APP04927,,57,Employed,80287,No,22308,Good,Yes
APP04928,90101,46,Employed,26090,No,10799,Good,Yes
APP04929,50399,42,Employed,52793,No,8438,Good,Yes
APP04930,82679,24,Employed,94353,No,43777,Average,Yes
APP04931,43998,51,Self-Employed,59277,No,57776,Good,Yes
APP04932,31805,38,Employed,45285,No,50785,Average,Yes
APP04933,33461,58,Employed,5646,No,44980,Good,Yes
APP04934,31075,44,Employed,17674,No,35805,Good,Yes
APP04935,94506,43,Unemployed,59973,No,51084,Good,Yes
APP04936,30350,42,Employed,51913,No,72247,Poor,No
APP04937,67875,22,Employed,39564,No,50566,Average,Yes
APP04938,53233,,Employed,92706,No,5808,Good,Yes
APP04939,57292,31,Employed,36586,No,46063,Average,Yes
APP04940,110827,48,Self-Employed,56029,No,42413,Average,Yes
APP04941,49257,52,Self-Employed,59028,No,36710,Good,Yes
APP04942,79009,25,Employed,55109,No,45935,Good,Yes
APP04943,61023,58,Employed,50371,No,54137,Good,Yes
APP04944,56033,30,Self-Employed,37021,No,3944,Good,Yes
APP04945,168904,60,Employed,91333,No,38936,Good,Yes
APP04946,31367,44,Unemployed,47826,No,65561,Average,No
APP04947,107174,55,Employed,55203,No,42931,Good,Yes
APP04948,80618,64,Employed,67365,No,6361,Good,Yes
APP04949,48354,43,Employed,11427,Yes,62231,Good,No
APP04950,124903,37,Employed,79222,No,75365,Good,Yes
APP04951,26120,21,,53688,No,68296,Good,No
APP04952,47444,51,Self-Employed,67432,No,29643,Average,No
APP04953,34832,51,Employed,78341,No,43251,Good,Yes
APP04954,72225,,Employed,88039,No,47714,Average,Yes
APP04955,36360,62,Employed,42261,No,57548,Good,Yes
APP04956,72910,54,Unemployed,82086,No,53619,Average,No
APP04957,55172,29,Employed,29590,No,16727,Good,Yes
APP04958,48358,42,Employed,67732,No,67600,Average,No
APP04959,,33,Employed,14757,No,68085,Average,Yes
APP04960,53168,45,Employed,6903,No,32944,Good,Yes
APP04961,36762,38,Self-Employed,14097,No,11342,Average,Yes
APP04962,211656,,Self-Employed,35341,No,49077,Good,Yes
APP04963,48188,60,Employed,7954,No,29224,Good,Yes
APP04964,22119,37,Self-Employed,64897,No,59570,Poor,No
APP04965,41075,35,Employed,35072,No,25937,Good,Yes
APP04966,33922,62,Unemployed,74956,Yes,21777,Good,No
APP04967,87018,35,Employed,9362,No,69549,Good,Yes
APP04968,69345,35,Employed,25587,No,49650,Good,Yes
APP04969,71791,59,Employed,43760,Yes,7793,Poor,No
APP04970,50797,33,Employed,41352,No,55460,Good,Yes
APP04971,52912,37,,17445,No,60466,Good,Yes
APP04972,50776,52,Self-Employed,99443,No,19581,Good,Yes
APP04973,57847,29,Self-Employed,32022,Yes,77445,Good,No
APP04974,87378,60,Employed,73498,No,30456,Good,Yes
APP04975,69796,40,Employed,25903,No,75305,Good,Yes
APP04976,75143,46,Employed,88396,No,24196,Good,Yes
APP04977,75124,47,Employed,41837,No,49126,Poor,No
APP04978,89331,41,Employed,90586,No,41888,Good,Yes
APP04979,68307,38,Employed,37474,No,79381,Good,Yes
APP04980,70515,33,Employed,5821,No,33260,Poor,Yes
APP04981,102443,36,Employed,54117,No,15164,Average,Yes
APP04982,44482,29,Employed,54855,No,66824,Average,No
APP04983,40824,32,Employed,16384,Yes,4321,Average,No
APP04984,35187,64,Self-Employed,27322,No,70912,Good,Yes
APP04985,65148,58,Employed,79432,Yes,9737,Average,No
APP04986,26054,39,Employed,8492,No,46189,Good,Yes
APP04987,73871,27,Employed,51505,No,57360,Average,Yes
APP04988,57123,55,Employed,55389,Yes,27570,Good,Yes
APP04989,99976,38,Self-Employed,70428,No,67735,Poor,No
APP04990,44344,36,Employed,8558,Yes,47903,Average,No
APP04991,54754,59,Self-Employed,60636,No,32217,Good,Yes
APP04992,99418,24,Employed,5294,Yes,26704,Good,Yes
APP04993,111805,45,Self-Employed,30192,No,9849,Good,Yes
APP04994,44180,52,Unemployed,52470,No,51589,Average,No
APP04995,65114,60,Employed,91572,Yes,29759,Good,Yes
APP04996,68500,33,Self-Employed,17026,No,26324,Good,Yes
APP04997,70986,65,Employed,21082,No,76046,Poor,No
APP04998,53313,37,Unemployed,68579,No,22551,Poor,No
APP04999,106801,57,Self-Employed,40612,Yes,70249,Poor,No
APP05000,25635,26,Unemployed,64225,No,78017,Good,No
APP05001,49642,39,Employed,99758,No,65996,Average,No
APP05002,73399,33,Self-Employed,98753,No,2542,Poor,No
APP05003,73707,46,Employed,38603,No,69621,Good,Yes
APP05004,110287,34,Employed,52873,No,17860,Good,Yes
APP05005,102878,51,Employed,90946,Yes,28909,Average,No
APP05006,,24,Self-Employed,13756,No,79335,Poor,No
APP05007,107693,59,,47969,No,32993,Average,Yes
APP05008,43512,28,Employed,40870,No,52732,Good,Yes
APP05009,91217,45,Employed,33014,No,25547,Good,Yes
APP05010,135515,33,Employed,99449,Yes,30185,Average,No
APP05011,103655,52,Self-Employed,74687,No,48212,Good,Yes
APP05012,62925,58,Self-Employed,41931,No,75915,Average,No
APP05013,51679,58,,83757,No,23314,Good,Yes
APP05014,30159,48,Employed,51518,No,20542,Good,Yes
APP05015,68999,50,Employed,87918,No,3076,Good,Yes
APP05016,,23,Employed,30306,No,16967,Good,Yes
APP05017,41990,48,Employed,26242,No,21731,Average,Yes
APP05018,35111,23,Employed,28492,Yes,5967,Good,No
APP05019,48773,65,Employed,56156,No,45525,Average,Yes
APP05020,59250,54,Employed,32675,No,11014,Average,Yes
APP05021,67862,36,Employed,18976,No,41375,Good,Yes
APP05022,45792,42,Employed,99490,No,15930,Poor,No
APP05023,97079,52,Employed,90541,No,74922,Average,Yes
APP05024,54634,58,,65326,No,25261,Average,Yes
APP05025,,28,Unemployed,89697,Yes,8341,Poor,No
APP05026,66432,28,Employed,93869,Yes,67056,Good,No
APP05027,145175,26,Employed,69230,No,32761,Good,Yes
APP05028,69767,34,Employed,54275,No,65790,Good,Yes
APP05029,,52,Self-Employed,88790,No,25687,Good,Yes
APP05030,30174,55,Self-Employed,58941,No,40503,Good,Yes
APP05031,54359,30,Self-Employed,17046,Yes,36183,Average,No
APP05032,66690,23,Employed,39851,No,45075,Good,Yes
APP05033,50397,32,Employed,47362,No,32730,Good,Yes
APP05034,28358,51,Self-Employed,93860,No,40247,Good,Yes
APP05035,40919,49,Employed,67623,No,54667,Good,Yes
APP05036,115456,25,Self-Employed,88151,No,33760,Average,No
APP05037,114394,45,Employed,76971,No,55068,Average,Yes
APP05038,40260,61,Employed,34437,No,57430,Good,Yes
APP05039,81214,51,Self-Employed,73277,Yes,60165,Good,No
APP05040,35304,41,Employed,23553,No,38204,Good,Yes
APP05041,112876,40,Employed,43774,No,1299,Average,Yes
APP05042,67001,59,Employed,81579,No,60527,Poor,No
APP05043,91990,42,Self-Employed,63133,No,72818,Good,Yes
APP05044,27731,24,Employed,83414,No,52557,Average,No
APP05045,81392,33,Employed,29197,No,42439,Poor,No
APP05046,59793,65,Employed,76226,Yes,45208,Good,Yes
APP05047,88033,62,Unemployed,24221,No,51624,Poor,No
APP05048,90562,40,Unemployed,56804,No,79883,Good,No
APP05049,61803,33,Employed,46186,No,5902,Poor,Yes
APP05050,45786,37,Employed,57865,No,2673,Good,Yes
APP05051,,56,Employed,17876,No,77169,Good,Yes
APP05052,58398,53,Employed,39317,Yes,35797,Poor,No
APP05053,40512,21,Self-Employed,68356,No,49376,Good,Yes
APP05054,39657,35,Employed,58060,No,60522,Poor,No
APP05055,30865,33,Employed,57152,No,59626,Good,Yes
APP05056,47690,37,Employed,53529,No,52128,Average,No
APP05057,98549,44,Employed,94669,No,38279,Good,Yes
APP05058,64999,28,Employed,93784,No,46510,Poor,No
APP05059,47273,47,Employed,39214,No,58642,Good,Yes
APP05060,86188,65,Self-Employed,38430,No,68214,Good,Yes
APP05061,41253,43,Employed,57715,No,11057,Average,Yes
APP05062,62630,28,Employed,14083,Yes,22959,Poor,No
APP05063,55341,28,Employed,33786,Yes,32410,Good,No
APP05064,85196,46,Unemployed,26932,No,53574,Good,Yes
APP05065,29506,33,Employed,26222,No,32258,Good,Yes
APP05066,40926,59,Unemployed,65658,No,19872,Good,Yes
APP05067,28707,57,Self-Employed,41513,No,3618,Average,Yes
APP05068,53385,48,Self-Employed,21261,Yes,67558,Good,No
APP05069,103491,45,,89319,No,34096,Average,Yes
APP05070,47794,36,Employed,88044,No,27009,Good,Yes
APP05071,47681,22,Employed,86934,No,42935,Good,Yes
APP05072,88821,38,Employed,42121,No,10711,Good,Yes
APP05073,97047,37,Unemployed,10413,No,32391,Average,Yes
APP05074,57656,50,Employed,15140,No,60391,Good,Yes
APP05075,81652,59,Employed,31225,Yes,59153,Good,Yes
APP05076,36956,33,Employed,25897,No,61980,Good,Yes
APP05077,111546,52,Self-Employed,88029,No,37926,Average,Yes
APP05078,157790,49,Employed,98704,Yes,30144,Good,Yes
APP05079,75860,50,Employed,82584,Yes,66684,Poor,No
APP05080,23486,38,Employed,74336,No,14690,Average,Yes
APP05081,46672,33,Self-Employed,60919,No,58286,Good,Yes
APP05082,79053,63,Employed,78141,No,71148,Good,Yes
APP05083,49634,41,Employed,94968,No,23606,Good,Yes
APP05084,106360,50,Employed,62128,No,16626,Poor,Yes
APP05085,78180,41,Unemployed,19688,No,41489,Good,Yes
APP05086,43660,37,Employed,20567,No,18095,Good,Yes
APP05087,60878,,Self-Employed,60467,No,69791,Good,Yes
APP05088,40130,39,Employed,36680,No,20309,Average,Yes
APP05089,55267,35,Employed,91474,No,25803,Average,Yes
APP05090,46748,29,Employed,63106,No,71185,Poor,No
APP05091,101798,30,Employed,69267,No,17244,Good,Yes
APP05092,155485,64,Employed,5553,No,70898,Good,Yes
APP05093,31510,51,Employed,52391,No,17574,Good,Yes
APP05094,25252,43,Employed,45961,No,73033,Poor,No
APP05095,53732,50,Employed,72058,No,26094,Poor,Yes
APP05096,30297,53,Employed,41351,No,20453,Poor,No
APP05097,61261,29,Self-Employed,97775,No,38698,Good,Yes
APP05098,84046,21,Self-Employed,68669,No,30169,Good,Yes
APP05099,117532,64,Employed,67692,Yes,16938,Good,Yes
APP05100,65692,55,Employed,92337,No,27730,Good,Yes
APP05101,55005,31,Self-Employed,99544,Yes,57345,Good,No
APP05102,24633,54,Self-Employed,23793,No,66720,Good,Yes
APP05103,,36,Unemployed,82001,No,65840,Good,No
APP05104,61956,29,Employed,20420,No,60789,Good,Yes
APP05105,79988,52,Employed,48419,No,1429,Good,Yes
APP05106,43620,35,Employed,14518,No,34702,Good,Yes
APP05107,49332,32,Employed,64220,No,14349,Average,Yes
APP05108,30853,53,Employed,49509,No,6805,Good,Yes
APP05109,21397,65,Employed,64726,Yes,59135,Average,No
APP05110,36435,34,Employed,69406,No,63685,Good,Yes
APP05111,29598,28,,63846,Yes,65355,Average,No
APP05112,69816,28,Employed,32933,No,71335,Good,Yes
APP05113,47522,47,Employed,84511,No,47614,Good,Yes
APP05114,47094,32,Self-Employed,57410,No,79852,Average,No
APP05115,38527,21,Self-Employed,51536,No,39214,Poor,No
APP05116,18000,63,Employed,98771,No,70796,Good,Yes
APP05117,118284,60,Unemployed,31933,No,9922,Good,Yes
APP05118,38253,62,Employed,55163,No,12765,Poor,Yes
APP05119,49837,31,Employed,69821,No,47638,Good,Yes
APP05120,31176,59,Unemployed,16896,No,10807,Good,Yes
APP05121,92918,63,Employed,38653,Yes,6949,Poor,No
APP05122,64000,51,Employed,81160,Yes,16489,Average,No
APP05123,41367,37,Employed,27492,No,63215,Good,Yes
APP05124,50292,53,Employed,51863,No,74269,Poor,No
APP05125,127680,52,Employed,64910,No,27344,Good,Yes
APP05126,58062,49,Employed,68760,No,78006,Good,Yes
APP05127,55288,41,Employed,74189,No,64954,Average,No
APP05128,39280,41,Self-Employed,87268,No,18863,Good,Yes
APP05129,25579,60,Employed,42322,No,47303,Good,Yes
APP05130,55831,43,Employed,72130,No,78562,Poor,No
APP05131,69464,26,Employed,74557,Yes,68054,Good,No
APP05132,98411,42,Self-Employed,33526,No,29705,Average,Yes
APP05133,21813,58,Self-Employed,96975,No,25200,Good,Yes
APP05134,36164,57,Self-Employed,87196,Yes,65721,Good,No
APP05135,46201,65,Employed,32537,No,44384,Average,Yes
APP05136,59906,28,Employed,69132,No,13912,Average,Yes
APP05137,56209,61,Employed,73191,Yes,26899,Poor,No
APP05138,56803,55,Employed,45991,No,53283,Poor,No
APP05139,72095,31,Employed,87056,No,13100,Good,Yes
APP05140,39959,44,Unemployed,70572,No,56199,Good,Yes
APP05141,91351,41,Employed,67525,Yes,57084,Good,No
APP05142,72923,22,Unemployed,25980,No,22389,Good,Yes
APP05143,51957,60,Employed,43745,No,32444,Good,Yes
APP05144,123316,39,Unemployed,46223,No,74901,Good,Yes
APP05145,,59,Employed,74698,No,60185,Average,Yes
APP05146,91300,48,Unemployed,63747,No,63237,Good,Yes
APP05147,18000,37,Employed,13157,Yes,41785,Poor,No
APP05148,122104,,Unemployed,34231,Yes,17838,Good,No
APP05149,85797,39,Employed,49940,No,47709,Good,Yes
APP05150,148002,58,Employed,74990,Yes,61996,Average,No
APP05151,104711,48,Employed,75639,Yes,1307,Average,Yes
APP05152,122071,22,Employed,51602,No,9988,Good,Yes
APP05153,89098,58,Employed,16109,Yes,38469,Good,Yes
APP05154,110085,57,Unemployed,32826,Yes,35538,Good,No
APP05155,147186,24,Employed,29196,No,78600,Average,Yes
APP05156,66141,42,,79198,No,8280,Poor,No
APP05157,29572,46,Employed,22099,No,26571,Good,Yes
APP05158,52247,63,Employed,49168,No,65394,Good,Yes
APP05159,71509,56,Employed,68718,No,49382,Good,Yes
APP05160,62056,33,Self-Employed,96655,No,45368,Good,No
APP05161,34240,52,Employed,99928,Yes,59555,Good,No
APP05162,,37,Employed,95528,No,4159,Good,Yes
APP05163,42984,61,Employed,73233,Yes,75852,Good,No
APP05164,86300,56,Employed,75912,Yes,16110,Good,Yes
APP05165,122180,39,Employed,77125,No,7465,Good,Yes
APP05166,90631,55,Employed,86947,No,27777,Good,Yes
APP05167,96562,60,,95420,No,56486,Average,Yes
APP05168,57857,48,Employed,47342,No,19287,Poor,Yes
APP05169,27396,21,Self-Employed,44569,No,4939,Good,Yes
APP05170,48886,62,Employed,48744,No,5536,Good,Yes
APP05171,53405,38,,67683,No,21270,Good,Yes
APP05172,47975,60,Employed,78667,No,11687,Good,Yes
APP05173,61495,53,Employed,87702,Yes,30422,Good,Yes
APP05174,73184,32,Employed,48340,No,14673,Average,Yes
APP05175,88076,28,Employed,39520,No,28201,Good,Yes
APP05176,,44,Employed,98418,No,36114,Good,Yes
APP05177,25474,36,Employed,27029,No,59661,Average,Yes
APP05178,48282,24,Employed,26090,Yes,18965,Good,No
APP05179,61192,,Employed,72964,No,38530,Good,Yes
APP05180,104023,64,Employed,22067,No,65413,Average,Yes
APP05181,46471,47,Employed,42944,No,78924,Good,Yes
APP05182,75565,29,Self-Employed,32777,No,45027,Average,Yes
APP05183,,36,Self-Employed,21027,No,35153,Poor,No
APP05184,61197,32,Employed,60072,No,50891,Average,No
APP05185,91203,51,Self-Employed,40484,No,39417,Good,Yes
APP05186,44566,44,Unemployed,48912,No,14016,Good,Yes
APP05187,46317,34,Employed,23607,No,37296,Good,Yes
APP05188,59680,65,Employed,77947,Yes,78349,Poor,No
APP05189,44983,45,Unemployed,34898,No,51594,Poor,No
APP05190,75411,54,Employed,37558,No,23391,Good,Yes
APP05191,43528,23,Employed,28955,No,75825,Poor,No
APP05192,66432,44,Employed,46268,No,31698,Good,Yes
APP05193,57355,62,Self-Employed,49040,No,31820,Good,Yes
APP05194,66093,29,Unemployed,55318,Yes,49711,Good,No
APP05195,48787,46,Employed,96919,No,45949,Good,Yes
APP05196,51509,40,Unemployed,90946,No,23944,Poor,No
APP05197,62649,60,Employed,62892,No,37899,Good,Yes
APP05198,65712,30,Employed,8696,No,27269,Average,Yes
APP05199,59887,39,Employed,63165,No,59285,Poor,No
APP05200,129251,23,Unemployed,13519,No,10678,Average,Yes
APP05201,38417,44,Employed,72483,Yes,60270,Good,No
APP05202,58291,25,Employed,42057,No,13732,Average,Yes
APP05203,29554,23,Employed,84581,No,25173,Good,Yes
APP05204,70936,47,Employed,94540,No,27333,Average,Yes
APP05205,36324,36,Employed,44625,No,79243,Good,Yes
APP05206,52937,35,Employed,48753,No,47596,Average,Yes
APP05207,50750,55,Unemployed,61064,No,62427,Average,No
APP05208,68084,32,Employed,23728,No,44875,Average,Yes
APP05209,46786,61,,93097,Yes,78669,Poor,No
APP05210,45900,64,Employed,46135,Yes,15013,Good,Yes
APP05211,114489,46,Employed,20848,No,48785,Good,Yes
APP05212,68197,54,Employed,77460,No,63993,Good,Yes
APP05213,46613,43,Self-Employed,25819,Yes,50656,Good,No
APP05214,53596,51,Employed,18635,No,71858,Good,Yes
APP05215,125808,40,Self-Employed,58473,No,48456,Good,Yes
APP05216,53975,32,Self-Employed,68792,No,66289,Average,No
APP05217,43999,43,Employed,59108,No,14888,Poor,Yes
APP05218,44084,24,Employed,67369,No,21703,Good,Yes
APP05219,46863,43,Employed,15975,Yes,36081,Good,Yes
APP05220,45916,21,Employed,50222,No,68278,Good,Yes
APP05221,33734,45,Employed,38917,No,34698,Good,Yes
APP05222,36178,22,Employed,97470,No,50569,Average,Yes
APP05223,41312,50,Employed,9714,No,32269,Good,Yes
APP05224,78300,23,Unemployed,33338,Yes,64652,Average,No
APP05225,50541,41,Employed,94477,No,16823,Good,Yes
APP05226,54659,45,Employed,98432,No,47908,Poor,No
APP05227,106259,40,Employed,83366,No,46653,Poor,No
APP05228,107458,42,Self-Employed,12220,No,32856,Poor,Yes
APP05229,52846,41,,58329,Yes,56705,Good,No
APP05230,45171,53,Unemployed,43012,No,3250,Good,Yes
APP05231,40664,58,Self-Employed,81613,No,67478,Good,Yes
APP05232,81949,35,Employed,10227,Yes,28489,Average,No
APP05233,54720,35,Employed,23727,No,63649,Good,Yes
APP05234,50422,45,Employed,51474,No,25100,Average,Yes
APP05235,41604,41,Self-Employed,19977,No,15845,Average,Yes
APP05236,42436,44,Self-Employed,70808,No,31770,Good,Yes
APP05237,,25,Unemployed,82973,No,63992,Average,No
APP05238,33195,26,Employed,71929,No,56578,Good,Yes
APP05239,93882,63,Employed,46827,No,32681,Good,Yes
APP05240,47187,64,Employed,88447,Yes,75092,Average,No
APP05241,56093,43,Employed,18080,No,33293,Poor,Yes
APP05242,32875,24,Employed,29732,Yes,28709,Average,No
APP05243,59667,47,Employed,51506,No,12433,Average,Yes
APP05244,51759,38,Employed,10827,No,6552,Poor,Yes
APP05245,58663,41,Employed,14090,No,28642,Good,Yes
APP05246,116351,48,Employed,42757,No,8268,Poor,Yes
APP05247,64995,55,Employed,94669,Yes,37548,Good,Yes
APP05248,41961,42,Employed,91299,No,68941,Good,Yes
APP05249,43565,60,Employed,49268,No,38613,Good,Yes
APP05250,78426,43,Employed,18505,No,38966,Good,Yes
APP05251,107636,23,Unemployed,21920,No,21022,Good,Yes
APP05252,68116,60,Employed,40867,No,14137,Good,Yes
APP05253,81799,30,Unemployed,24957,Yes,18564,Good,No
APP05254,78943,45,Employed,12883,No,45871,Good,Yes
APP05255,113627,28,Employed,69009,No,47752,Good,Yes
APP05256,24954,31,Employed,60238,No,18395,Average,Yes
APP05257,81012,25,Employed,32673,No,32515,Good,Yes
APP05258,93413,65,Employed,79000,Yes,45926,Good,Yes
APP05259,32849,57,Self-Employed,78715,No,61077,Good,Yes
APP05260,40278,65,Employed,51645,No,26262,Good,Yes
APP05261,40915,58,Employed,14171,No,22437,Poor,Yes
APP05262,43224,49,Employed,92255,No,58707,Average,No
APP05263,48307,25,Employed,68523,No,41591,Average,Yes
APP05264,66921,29,Unemployed,28470,No,68683,Good,Yes
APP05265,88579,22,Self-Employed,62993,Yes,17669,Good,No
APP05266,97606,21,Employed,43477,No,61904,Good,Yes
APP05267,41154,60,Employed,65358,Yes,13801,Average,No
APP05268,41027,50,Employed,50018,No,47197,Average,Yes
APP05269,,31,Unemployed,51120,No,23407,Poor,No
APP05270,80269,48,Employed,74909,No,8986,Good,Yes
APP05271,62280,64,Self-Employed,63304,Yes,49724,Good,Yes
APP05272,74243,32,Employed,12596,No,41037,Good,Yes
APP05273,59201,59,Unemployed,11210,No,39392,Average,Yes
APP05274,75975,46,Employed,33976,Yes,47809,Good,Yes
APP05275,51579,33,Employed,45873,No,30423,Good,Yes
APP05276,67715,28,Employed,31146,No,53943,Poor,No
APP05277,30405,48,Unemployed,66889,No,11337,Average,No
APP05278,44029,50,Unemployed,23535,No,57483,Good,Yes
APP05279,44243,29,Self-Employed,71893,No,46805,Good,Yes
APP05280,50697,,Self-Employed,78449,No,39431,Average,No
APP05281,39544,51,Employed,16810,No,11084,Good,Yes
APP05282,47193,41,Self-Employed,66827,No,22983,Average,Yes
APP05283,30352,54,Self-Employed,96336,No,24328,Good,Yes
APP05284,76804,51,Employed,23318,Yes,19471,Poor,No
APP05285,57813,45,,91384,No,76380,Average,No
APP05286,27855,32,Employed,62575,Yes,73336,Poor,No
APP05287,41210,21,Employed,61140,No,44145,Good,Yes
APP05288,69813,42,Self-Employed,9933,No,17248,Good,Yes
APP05289,46992,60,Employed,76089,No,72980,Good,Yes
APP05290,43848,57,Employed,50436,No,60203,Poor,No
APP05291,58019,21,Employed,73512,No,4063,Good,Yes
APP05292,70033,21,Employed,81872,Yes,39766,Good,No
APP05293,31437,62,Employed,54761,No,48791,Good,Yes
APP05294,76854,62,Unemployed,30046,Yes,6251,Average,No
APP05295,41855,41,Employed,18449,No,4937,Poor,Yes
APP05296,59518,35,Self-Employed,20248,Yes,37618,Average,No
APP05297,59051,37,Employed,87359,No,1154,Good,Yes
APP05298,47331,42,Unemployed,16740,No,4700,Poor,No
APP05299,37853,58,Employed,41546,Yes,14046,Good,Yes
APP05300,52762,55,Employed,36756,Yes,72888,Poor,No
APP05301,124679,65,Employed,87218,No,61536,Good,Yes
APP05302,32511,36,,50381,No,36584,Good,No
APP05303,128494,28,Employed,99662,No,38857,Good,Yes
APP05304,,37,Employed,75020,No,55196,Good,Yes
APP05305,60963,37,Unemployed,85838,No,38477,Good,No
APP05306,,,Employed,14374,No,6050,Good,Yes
APP05307,42405,33,Employed,29045,No,59360,Good,Yes
APP05308,47848,37,Employed,17867,No,5562,Good,Yes
APP05309,37479,58,Employed,49044,No,39401,Good,Yes
APP05310,54616,37,Employed,73237,No,69075,Poor,No
APP05311,49958,34,Employed,21061,No,10273,Poor,Yes
APP05312,137992,65,Self-Employed,17366,No,56824,Poor,No
APP05313,,26,Employed,63388,No,4660,Average,Yes
APP05314,62838,55,Employed,26880,No,79452,Average,Yes
APP05315,67079,34,Employed,50536,No,54885,Average,Yes
APP05316,37066,28,Employed,9856,No,77550,Average,Yes
APP05317,81730,35,Employed,69658,No,53790,Good,Yes
APP05318,,47,Self-Employed,56425,No,20140,Good,Yes
APP05319,19546,33,Unemployed,66505,No,74183,Good,No
APP05320,80743,51,Self-Employed,31164,No,50507,Average,Yes
APP05321,36296,55,Employed,31467,No,46499,Average,Yes
APP05322,37444,26,Self-Employed,81129,No,34900,Good,No
APP05323,81769,25,Unemployed,73263,No,23483,Good,Yes
APP05324,51322,42,Employed,60074,No,42875,Good,Yes
APP05325,90680,43,Employed,64674,No,29919,Average,Yes
APP05326,103433,45,Employed,13934,No,68468,Good,Yes
APP05327,44886,54,Employed,86336,No,3275,Good,Yes
APP05328,85739,46,,78141,No,42877,Good,Yes
APP05329,42708,25,Employed,61097,Yes,67089,Average,No
APP05330,163898,46,Employed,92267,No,3181,Poor,Yes
APP05331,43926,40,Employed,21021,No,23302,Poor,Yes
APP05332,95210,26,Employed,70232,Yes,5070,Good,Yes
APP05333,87711,26,Employed,96483,No,48005,Good,Yes
APP05334,69171,38,Unemployed,34451,No,26022,Good,Yes
APP05335,44372,24,Employed,6453,No,76819,Good,Yes
APP05336,56048,37,Self-Employed,74812,Yes,49687,Average,No
APP05337,22765,34,Employed,5663,Yes,45382,Good,Yes
APP05338,66376,34,Employed,87891,No,73462,Average,No
APP05339,70223,33,Employed,10349,No,18662,Good,Yes
APP05340,63715,27,Self-Employed,67013,No,45417,Poor,No
APP05341,18000,64,Employed,40832,Yes,43880,Good,Yes
APP05342,33947,35,Employed,24317,No,7487,Good,Yes
APP05343,42850,39,Employed,90335,Yes,74633,Average,No
APP05344,68415,63,Unemployed,75893,No,56319,Average,No
APP05345,68344,64,Employed,37342,No,71160,Good,Yes
APP05346,55576,55,Employed,31995,No,78620,Poor,No
APP05347,,37,Employed,74921,No,38893,Good,Yes
APP05348,37809,55,Employed,84474,No,64489,Good,Yes
APP05349,78961,39,Self-Employed,73006,No,46627,Poor,No
APP05350,74290,40,Unemployed,65799,No,78193,Good,No
APP05351,71111,56,Employed,26653,No,20531,Good,Yes
APP05352,55281,55,Unemployed,86016,No,2092,Average,No
APP05353,136753,52,Self-Employed,76218,No,15690,Average,Yes
APP05354,74910,64,Employed,54141,No,11113,Good,Yes
APP05355,38807,60,Unemployed,53601,Yes,35519,Good,No
APP05356,67093,44,Employed,59071,No,7115,Good,Yes
APP05357,84180,37,Employed,83686,No,18396,Good,Yes
APP05358,46049,27,Self-Employed,75515,No,8605,Poor,No
APP05359,,63,Employed,86343,No,39453,Good,Yes
APP05360,71255,21,Employed,53192,No,22075,Good,Yes
APP05361,20910,55,Self-Employed,64342,No,38210,Average,Yes
APP05362,68662,52,Self-Employed,86184,No,8022,Average,Yes
APP05363,49980,56,Self-Employed,27070,No,41833,Average,Yes
APP05364,76407,33,Employed,47182,Yes,11275,Good,Yes
APP05365,91766,26,Unemployed,63962,No,8848,Poor,No
APP05366,65508,34,Employed,91939,No,25492,Good,Yes
APP05367,126939,57,Employed,6504,Yes,70079,Good,Yes
APP05368,55364,35,Employed,25194,No,63293,Average,Yes
APP05369,79481,24,Employed,27273,No,76773,Good,Yes
APP05370,86191,60,Employed,36028,Yes,37355,Poor,No
APP05371,57428,,Employed,31770,No,25683,Good,Yes
APP05372,,48,Self-Employed,61063,No,77702,Poor,No
APP05373,45913,36,Unemployed,89134,Yes,31160,Good,No
APP05374,49610,24,,65513,No,1719,Poor,No
APP05375,33239,65,Employed,27945,No,65789,Average,Yes
APP05376,66885,46,Self-Employed,87057,Yes,14368,Average,No
APP05377,69457,48,Self-Employed,65044,No,57715,Good,Yes
APP05378,102004,52,Employed,25801,No,2195,Poor,Yes
APP05379,85658,65,Self-Employed,39358,No,9768,Good,Yes
APP05380,52783,22,Employed,80047,No,39202,Good,Yes
APP05381,35310,51,Employed,75198,Yes,6364,Average,No
APP05382,72903,23,Employed,59775,No,71202,Good,Yes
APP05383,98907,28,Employed,18753,No,60240,Good,Yes
APP05384,84283,44,Self-Employed,81312,No,26927,Average,No
APP05385,97745,35,Employed,34217,No,48204,Good,Yes
APP05386,54543,63,Employed,78302,Yes,57527,Average,No
APP05387,,51,Unemployed,66519,Yes,60677,Average,No
APP05388,43066,29,,30096,No,32258,Good,Yes
APP05389,58510,59,Employed,25175,No,72005,Good,Yes
APP05390,,,Employed,17436,No,75401,Average,Yes
APP05391,65848,22,Employed,27985,No,16462,Average,Yes
APP05392,56609,28,Employed,19994,No,72988,Good,Yes
APP05393,56498,27,Employed,63620,No,57302,Good,Yes
APP05394,42302,64,Employed,61884,No,71163,Good,Yes
APP05395,91659,59,Self-Employed,60686,No,34556,Average,Yes
APP05396,62102,62,Self-Employed,65980,No,53235,Average,Yes
APP05397,55470,36,Employed,82405,No,19595,Good,Yes
APP05398,42863,55,Employed,91788,No,60337,Average,No
APP05399,32950,50,Employed,26886,No,46957,Poor,Yes
APP05400,108086,30,Employed,60839,No,38995,Good,Yes
APP05401,77010,58,Employed,12442,No,55722,Average,Yes
APP05402,28892,38,Employed,16414,Yes,44635,Poor,No
APP05403,84585,,Employed,67162,No,61463,Poor,No
APP05404,90873,,Employed,51225,No,68816,Good,Yes
APP05405,63454,59,Employed,77042,No,64248,Good,Yes
APP05406,123161,54,Employed,45439,No,25293,Poor,Yes
APP05407,66146,63,Employed,17122,No,78113,Good,Yes
APP05408,31714,65,Employed,87845,No,52330,Good,Yes
APP05409,70716,43,Employed,12874,No,26554,Good,Yes
APP05410,66990,25,Employed,22952,Yes,4364,Average,No
APP05411,45735,50,Employed,31313,No,79060,Good,Yes
APP05412,77668,26,Employed,99552,No,48322,Poor,No
APP05413,28329,64,Employed,44602,No,18976,Good,Yes
APP05414,93700,24,Self-Employed,52662,No,39799,Average,Yes
APP05415,40415,49,Employed,78121,No,32406,Good,Yes
APP05416,38518,,Employed,65459,No,76158,Good,Yes
APP05417,57004,26,Unemployed,84935,No,39920,Good,No
APP05418,72907,52,Unemployed,51211,No,39289,Poor,No
APP05419,64593,62,Employed,97357,No,63773,Good,Yes
APP05420,42955,38,Self-Employed,80697,No,31882,Average,No
APP05421,47780,,Employed,43130,Yes,16525,Average,No
APP05422,36034,60,Unemployed,41221,Yes,61703,Good,No
APP05423,54230,52,Employed,93302,No,72899,Average,No
APP05424,97330,29,Self-Employed,70019,No,4612,Good,Yes
APP05425,59885,,Self-Employed,64036,No,68932,Average,No
APP05426,88330,30,Employed,76994,No,35591,Good,Yes
APP05427,115501,40,,58279,No,23842,Average,Yes
APP05428,46050,26,Employed,20121,No,4095,Average,Yes
APP05429,55168,23,Employed,35325,Yes,17236,Good,Yes
APP05430,159394,62,Employed,58005,No,27297,Good,Yes
APP05431,114927,31,Unemployed,6726,No,6584,Good,Yes
APP05432,28269,63,Employed,46548,No,15914,Poor,Yes
APP05433,71419,37,Employed,76801,No,59210,Good,Yes
APP05434,60015,52,Employed,20602,Yes,55262,Good,Yes
APP05435,,24,Employed,11133,No,61817,Good,Yes
APP05436,42910,24,Employed,84423,No,14055,Poor,No
APP05437,41121,37,Self-Employed,63641,No,4399,Good,Yes
APP05438,44261,61,Unemployed,21775,No,38019,Good,Yes
APP05439,46385,39,Employed,81599,Yes,28080,Average,No
APP05440,86595,25,Employed,67522,No,62362,Poor,No
APP05441,35262,52,Employed,36741,No,43567,Average,Yes
APP05442,45339,42,Employed,40739,No,74563,Good,Yes
APP05443,26824,26,Employed,19809,No,5835,Good,Yes
APP05444,94401,55,Employed,84349,No,29730,Good,Yes
APP05445,106305,42,Employed,53356,No,33014,Good,Yes
APP05446,51788,21,,57917,No,10945,Good,Yes
APP05447,52471,40,Self-Employed,88932,No,47058,Average,No
APP05448,73574,42,Unemployed,6504,No,4176,Poor,Yes
APP05449,116497,31,Employed,11358,Yes,57305,Average,No
APP05450,72112,33,Self-Employed,20350,No,3958,Good,Yes
APP05451,43836,62,Employed,7854,No,70004,Average,Yes
APP05452,28959,23,Unemployed,67525,No,6137,Good,Yes
APP05453,36326,29,Employed,65219,No,37052,Good,Yes
APP05454,62010,32,Self-Employed,25026,Yes,13275,Good,Yes
APP05455,44676,43,Employed,19194,Yes,11517,Good,Yes
APP05456,,34,Employed,18840,No,57976,Good,Yes
APP05457,46783,53,Employed,95558,No,62166,Good,Yes
APP05458,37270,,Employed,70883,No,59397,Good,Yes
APP05459,35328,61,Employed,60616,No,32915,Good,Yes
APP05460,121195,29,Employed,35636,No,79272,Good,Yes
APP05461,,43,Self-Employed,46139,No,27858,Poor,No
APP05462,130723,30,Employed,13494,No,20377,Poor,Yes
APP05463,76502,39,Employed,99824,No,79724,Poor,No
APP05464,49444,,Employed,76733,No,78205,Poor,No
APP05465,108837,43,Employed,64038,No,47755,Poor,Yes
APP05466,59114,50,,60838,No,17514,Average,Yes
APP05467,66269,45,Employed,52910,No,19841,Poor,No
APP05468,58855,48,,29456,No,42150,Average,Yes
APP05469,18000,54,Employed,26507,No,62312,Average,Yes
APP05470,123529,65,Employed,57206,No,7119,Good,Yes
APP05471,74836,45,Employed,11669,No,55326,Average,Yes
APP05472,69600,,Unemployed,12075,No,9146,Poor,No
APP05473,58355,34,Employed,58277,No,67685,Good,Yes
APP05474,64579,62,Self-Employed,92382,No,43037,Good,Yes
APP05475,45859,50,Employed,91856,No,79186,Good,Yes
APP05476,79186,61,Employed,6029,No,60486,Average,Yes
APP05477,33320,45,Employed,15202,No,40281,Average,Yes
APP05478,65240,34,Employed,60392,No,12153,Good,Yes
APP05479,77250,55,Employed,85605,No,43849,Good,Yes
APP05480,54869,54,Employed,95673,No,10041,Poor,No
APP05481,70897,30,Employed,86755,No,72508,Average,No
APP05482,38407,55,Employed,69373,No,19175,Good,Yes
APP05483,38851,31,Self-Employed,24050,No,69364,Average,No
APP05484,66744,31,Self-Employed,11899,No,25008,Good,Yes
APP05485,81426,41,Employed,9514,No,18530,Good,Yes
APP05486,25807,41,Employed,63147,No,25035,Poor,No
APP05487,75888,42,Employed,8438,No,56897,Poor,Yes
APP05488,46989,65,Employed,75228,Yes,42492,Good,Yes
APP05489,55014,27,,72685,No,9490,Good,Yes
APP05490,32837,37,Employed,12563,Yes,11828,Good,Yes
APP05491,40899,22,Employed,91129,No,30904,Poor,No
APP05492,92675,32,Employed,54583,Yes,27745,Poor,No
APP05493,60894,,Self-Employed,90922,No,68287,Good,Yes
APP05494,50506,38,Employed,90653,Yes,46208,Good,No
APP05495,56936,31,Employed,23718,Yes,15750,Good,Yes
APP05496,74775,36,Employed,41155,Yes,3239,Poor,No
APP05497,73154,38,Employed,17790,No,9087,Good,Yes
APP05498,58008,55,Employed,78623,No,56333,Good,Yes
APP05499,98119,46,Self-Employed,52892,No,67921,Average,No
APP05500,92856,36,Employed,93237,Yes,62821,Good,No
APP05501,72267,26,Self-Employed,24780,No,63400,Good,Yes
APP05502,61493,64,Employed,70395,No,21616,Good,Yes
APP05503,80652,63,Employed,98977,No,79138,Average,No
APP05504,69115,62,Self-Employed,68211,No,7826,Average,Yes
APP05505,96709,32,Employed,11534,No,65867,Good,Yes
APP05506,89940,33,Self-Employed,60900,Yes,8649,Good,Yes
APP05507,37945,24,Self-Employed,22085,Yes,22135,Good,No
APP05508,36806,59,Employed,7898,No,40138,Good,Yes
APP05509,43763,22,Self-Employed,36821,No,5214,Good,Yes
APP05510,93094,46,Unemployed,30280,No,32140,Good,Yes
APP05511,29518,47,Employed,79933,No,28659,Poor,No
APP05512,71664,47,Employed,40500,Yes,52127,Average,No
APP05513,70632,35,Employed,74631,No,57723,Average,Yes
APP05514,101244,28,Employed,6543,No,8149,Average,Yes
APP05515,65072,27,Employed,6407,No,4007,Poor,Yes
APP05516,32783,60,Employed,7785,No,62295,Average,Yes
APP05517,38964,32,Employed,25839,No,42711,Average,Yes
APP05518,35249,,Employed,40529,No,43236,Good,Yes
APP05519,47100,63,Employed,62745,Yes,78477,Good,No
APP05520,55259,37,Employed,98662,No,35582,Good,Yes
APP05521,35513,37,Employed,38669,No,16499,Poor,Yes
APP05522,116296,56,Self-Employed,10288,No,54771,Good,Yes
APP05523,33048,41,Employed,23516,Yes,65439,Good,No
APP05524,109957,28,Employed,90296,No,40687,Average,Yes
APP05525,102275,25,Employed,71441,Yes,55653,Good,No
APP05526,89889,,Employed,80069,No,41601,Poor,No
APP05527,43910,36,Employed,16796,Yes,33181,Good,Yes
APP05528,69997,56,Self-Employed,17824,No,3708,Average,Yes
APP05529,33768,48,Employed,15663,No,14726,Average,Yes
APP05530,,,Unemployed,86431,No,38902,Poor,No
APP05531,58035,32,Employed,24947,Yes,32326,Good,Yes
APP05532,49906,57,Employed,66099,No,67588,Poor,No
APP05533,34593,50,Self-Employed,54036,No,9567,Good,Yes
APP05534,19677,43,Self-Employed,56717,No,4960,Good,Yes
APP05535,37600,36,Employed,23566,No,7884,Good,Yes
APP05536,98998,34,Unemployed,65348,No,54569,Average,No
APP05537,50052,30,Employed,9095,No,47963,Good,Yes
APP05538,55598,,Self-Employed,99380,No,50945,Good,No
APP05539,80588,65,Employed,7542,No,13397,Good,Yes
APP05540,135219,57,Self-Employed,9765,No,41792,Good,Yes
APP05541,108918,49,Employed,35842,Yes,61646,Good,Yes
APP05542,38737,23,Employed,84004,No,55026,Good,Yes
APP05543,25033,35,Employed,29433,No,35656,Poor,No
APP05544,173499,56,Employed,49834,No,9177,Good,Yes
APP05545,166566,39,Employed,6708,Yes,69781,Good,Yes
APP05546,65310,33,Employed,12494,No,42570,Average,Yes
APP05547,33873,62,Employed,62757,Yes,71283,Good,No
APP05548,92554,41,Self-Employed,23464,No,35657,Good,Yes
APP05549,57154,57,Employed,70954,No,19724,Good,Yes
APP05550,57026,47,Self-Employed,79612,No,25286,Poor,No
APP05551,89734,49,Employed,85782,No,34034,Poor,No
APP05552,69743,40,Employed,17711,No,49524,Good,Yes
APP05553,35189,45,Employed,48273,No,61744,Good,Yes
APP05554,51843,26,,94973,No,20169,Good,Yes
APP05555,80791,,Employed,78348,Yes,15830,Good,Yes
APP05556,75487,22,Employed,16111,No,17010,Good,Yes
APP05557,67508,42,Employed,52738,No,74825,Average,Yes
APP05558,,52,Employed,92626,Yes,13952,Good,Yes
APP05559,50987,36,Employed,46804,No,28314,Average,Yes
APP05560,65023,38,Self-Employed,84555,No,39384,Good,Yes
APP05561,18000,25,Self-Employed,52105,Yes,44940,Poor,No
APP05562,49009,56,Self-Employed,15147,No,68789,Good,Yes
APP05563,84614,50,Unemployed,19046,No,9918,Average,Yes
APP05564,50333,65,Employed,9434,No,9533,Average,Yes
APP05565,48645,39,Employed,23555,No,25996,Average,Yes
APP05566,37551,43,Self-Employed,89893,Yes,33643,Good,No
APP05567,94241,54,Employed,66769,No,30528,Good,Yes
APP05568,76796,33,Self-Employed,75191,No,31960,Average,No
APP05569,86989,63,Employed,64058,No,68265,Average,Yes
APP05570,27593,49,Employed,41721,No,67097,Good,Yes
APP05571,55821,56,Employed,25602,No,64635,Good,Yes
APP05572,52894,42,Unemployed,92933,Yes,60667,Good,No
APP05573,52883,56,Self-Employed,53909,Yes,4191,Average,No
APP05574,45474,29,Self-Employed,50704,No,12802,Average,No
APP05575,51347,59,Self-Employed,99630,Yes,58843,Average,No
APP05576,87943,39,Employed,41473,No,47993,Good,Yes
APP05577,25370,58,,86142,No,54242,Good,Yes
APP05578,133503,26,Self-Employed,86923,No,57638,Average,Yes
APP05579,74595,35,Employed,27104,No,72998,Good,Yes
APP05580,58868,40,Employed,14010,No,51176,Good,Yes
APP05581,90235,29,Employed,97684,No,22770,Good,Yes
APP05582,31219,52,Employed,45460,No,7558,Good,Yes
APP05583,44488,24,Employed,5211,Yes,35135,Average,No
APP05584,56818,38,Employed,52407,No,57078,Good,Yes
APP05585,110924,25,Self-Employed,63834,No,23270,Good,Yes
APP05586,58758,40,Self-Employed,78728,No,10486,Good,Yes
APP05587,73469,43,Employed,94580,No,79901,Average,No
APP05588,46018,31,Employed,91941,No,34091,Good,Yes
APP05589,74696,57,Employed,94313,No,18089,Average,Yes
APP05590,127626,42,Unemployed,8052,Yes,14000,Good,Yes
APP05591,93910,24,Employed,72619,No,69160,Good,Yes
APP05592,57841,49,Employed,26457,No,65749,Good,Yes
APP05593,81314,64,Employed,22818,No,49452,Poor,Yes
APP05594,77807,54,Employed,81030,Yes,44228,Good,Yes
APP05595,75362,33,Unemployed,44627,No,76164,Average,No
APP05596,98961,62,Self-Employed,92077,No,19033,Poor,Yes
APP05597,98628,29,Employed,9031,No,33816,Good,Yes
APP05598,56663,62,Employed,81207,No,2949,Average,Yes
APP05599,80093,51,Employed,17999,No,34069,Good,Yes
APP05600,50499,27,Self-Employed,21775,No,31353,Good,Yes
APP05601,39605,24,Self-Employed,50348,Yes,76010,Good,No
APP05602,53148,39,Employed,42581,No,29300,Average,Yes
APP05603,57975,62,Employed,51186,No,66948,Good,Yes
APP05604,28407,50,Unemployed,94303,Yes,61561,Good,No
APP05605,88367,51,Employed,67452,No,12634,Good,Yes
APP05606,18000,55,Employed,32579,No,77055,Good,Yes
APP05607,203570,41,Employed,21426,No,50846,Poor,Yes
APP05608,117942,51,Employed,44904,No,48127,Good,Yes
APP05609,53351,39,Self-Employed,47906,No,1925,Poor,Yes
APP05610,60255,51,Employed,62123,No,56238,Average,No
APP05611,68764,52,Employed,30270,No,5395,Average,Yes
APP05612,46027,22,Employed,77913,No,15645,Good,Yes
APP05613,65433,30,Employed,14354,No,8791,Good,Yes
APP05614,56235,22,Unemployed,58243,No,30878,Good,Yes
APP05615,57508,22,Employed,64236,No,63861,Good,Yes
APP05616,65105,44,Unemployed,24649,Yes,56883,Good,No
APP05617,33223,37,Unemployed,83471,Yes,9429,Good,No
APP05618,61078,52,Unemployed,63466,No,64078,Poor,No
APP05619,,36,Self-Employed,66344,No,37407,Good,Yes
APP05620,63582,,Employed,52286,No,3578,Good,Yes
APP05621,54447,59,Unemployed,91411,No,18682,Average,No
APP05622,100121,51,Employed,70923,No,63030,Good,Yes
APP05623,51172,63,Employed,41274,No,58931,Good,Yes
APP05624,66463,44,Employed,27668,No,15880,Good,Yes
APP05625,107569,21,Employed,11751,Yes,4002,Good,Yes
APP05626,57895,31,Employed,20709,No,24321,Good,Yes
APP05627,66079,41,,99305,No,63799,Good,Yes
APP05628,57453,24,Employed,43643,No,75133,Good,Yes
APP05629,104706,27,Employed,90375,No,46258,Good,Yes
APP05630,53430,46,Employed,21204,No,8197,Good,Yes
APP05631,106896,32,Self-Employed,45409,No,40665,Average,Yes
APP05632,57267,51,Employed,96249,No,79905,Good,Yes
APP05633,40755,37,Employed,13658,No,75155,Good,Yes
APP05634,81456,53,Employed,61429,No,79464,Poor,No
APP05635,52313,31,Employed,92321,No,56254,Average,No
APP05636,79326,48,Employed,95220,No,34661,Good,Yes
APP05637,18000,52,Employed,85371,No,71557,Poor,No
APP05638,60141,21,Employed,86314,Yes,71719,Average,No
APP05639,48790,48,Employed,66957,No,12405,Good,Yes
APP05640,37184,62,Employed,25940,No,62255,Poor,Yes
APP05641,46777,27,Unemployed,74414,No,73625,Good,No
APP05642,,22,Employed,97947,No,71983,Poor,No
APP05643,58718,62,Self-Employed,54964,No,56840,Good,Yes
APP05644,32429,44,Self-Employed,29766,No,43451,Good,Yes
APP05645,69177,24,Employed,59480,Yes,62363,Average,No
APP05646,110957,64,Unemployed,70608,No,41776,Good,Yes
APP05647,68085,39,Self-Employed,24787,No,26377,Good,Yes
APP05648,86348,46,Self-Employed,73323,No,21456,Average,Yes
APP05649,98189,31,Employed,60806,Yes,43712,Good,No
APP05650,104665,60,Employed,63173,No,37020,Poor,Yes
APP05651,139199,63,Employed,34069,No,42435,Good,Yes
APP05652,,31,Employed,19750,No,21595,Poor,Yes
APP05653,43425,65,Self-Employed,64228,No,47656,Good,Yes
APP05654,85362,23,Self-Employed,60692,Yes,53304,Good,No
APP05655,82522,32,Employed,37111,No,64741,Good,Yes
APP05656,85064,23,,33110,No,47609,Average,Yes
APP05657,140404,62,Self-Employed,37988,No,60730,Good,Yes
APP05658,60308,47,Employed,51539,Yes,14381,Good,Yes
APP05659,72684,22,Employed,97608,No,10564,Good,Yes
APP05660,38597,36,,77539,No,15192,Good,Yes
APP05661,156842,22,Self-Employed,85915,Yes,67855,Good,No
APP05662,51568,50,Self-Employed,53037,No,44936,Average,No
APP05663,52229,40,Employed,54982,No,36970,Good,Yes
APP05664,51332,58,Employed,24411,No,61211,Good,Yes
APP05665,44887,48,Self-Employed,73499,No,10802,Poor,No
APP05666,43211,45,Self-Employed,45050,No,1490,Average,Yes
APP05667,47403,52,Employed,75532,Yes,25566,Poor,No
APP05668,32451,30,Employed,43860,No,20663,Poor,Yes
APP05669,42138,62,Self-Employed,15309,No,25279,Good,Yes
APP05670,144225,60,Employed,21440,No,77912,Poor,Yes
APP05671,83545,53,Employed,82099,Yes,45852,Good,No
APP05672,91013,33,Self-Employed,29569,No,47540,Poor,No
APP05673,101910,61,Employed,30114,No,52798,Good,Yes
APP05674,136962,62,Self-Employed,93290,Yes,32420,Good,Yes
APP05675,27037,57,Employed,67475,Yes,78339,Average,No
APP05676,34498,36,Employed,15859,No,77888,Poor,No
APP05677,41790,65,Employed,18641,No,61770,Average,Yes
APP05678,48568,42,Employed,30875,No,17724,Good,Yes
APP05679,52410,40,Employed,61430,No,70536,Good,Yes
APP05680,49068,63,Self-Employed,76518,No,8973,Average,Yes
APP05681,66223,47,Employed,31077,No,50762,Good,Yes
APP05682,60961,,Unemployed,87711,No,37120,Average,No
APP05683,43340,36,Employed,15372,No,4098,Good,Yes
APP05684,,54,Employed,24722,Yes,72409,Good,No
APP05685,38381,52,Employed,97194,No,76926,Average,No
APP05686,46861,46,Self-Employed,17801,No,72684,Average,Yes
APP05687,53686,45,Employed,89371,No,16205,Poor,No
APP05688,36089,22,,71874,Yes,27306,Good,No
APP05689,48110,32,Self-Employed,11943,No,76503,Poor,No
APP05690,36068,60,Employed,50952,No,9407,Poor,Yes
APP05691,56697,29,Employed,54303,Yes,47081,Average,No
APP05692,37020,32,Employed,93553,No,39356,Poor,No
APP05693,40949,46,Employed,45005,No,13000,Average,Yes
APP05694,33296,29,Employed,47443,No,71040,Good,Yes
APP05695,55995,30,Self-Employed,15686,No,11598,Good,Yes
APP05696,40627,52,Employed,65721,No,47824,Average,No
APP05697,90233,54,Employed,25035,Yes,26136,Poor,No
APP05698,72022,40,Employed,12366,No,34021,Good,Yes
APP05699,58143,59,,99707,No,17697,Average,No
APP05700,41908,22,Employed,30615,No,50349,Average,No
APP05701,71206,21,Employed,18400,No,79106,Good,Yes
APP05702,81872,56,Employed,71452,No,66850,Good,Yes
APP05703,63979,44,Self-Employed,83060,No,54973,Average,No
APP05704,123472,47,Employed,11087,No,60754,Good,Yes
APP05705,73787,22,Employed,15012,Yes,67304,Good,No
APP05706,90511,51,Self-Employed,13567,No,38331,Average,Yes
APP05707,63717,34,Employed,9461,No,45796,Average,Yes
APP05708,81320,22,Employed,67648,No,71743,Good,Yes
APP05709,41921,49,,60890,No,55980,Poor,No
APP05710,48816,35,Self-Employed,67967,No,11746,Good,Yes
APP05711,70215,32,Employed,53038,No,62583,Good,Yes
APP05712,,57,Employed,82663,No,2794,Average,Yes
APP05713,75397,48,Unemployed,56933,Yes,67955,Average,No
APP05714,98447,40,Employed,92281,No,63276,Good,Yes
APP05715,31598,59,Employed,51137,Yes,66629,Good,No
APP05716,38700,44,Self-Employed,80113,No,2864,Average,Yes
APP05717,66530,41,Employed,43699,No,77823,Average,No
APP05718,43310,30,Employed,46346,Yes,49516,Good,No
APP05719,250000,34,Employed,85654,No,64204,Good,Yes
APP05720,75673,57,Employed,15228,No,45758,Good,Yes
APP05721,57922,38,Self-Employed,58667,No,27840,Good,Yes
APP05722,47579,,Employed,74002,No,24396,Good,Yes
APP05723,48341,34,Employed,76290,No,6525,Good,Yes
APP05724,60819,54,Self-Employed,61192,No,43859,Good,Yes
APP05725,63101,32,Employed,47566,No,12344,Good,Yes
APP05726,48854,42,Employed,29774,No,45834,Good,Yes
APP05727,53060,26,Employed,91395,No,50368,Good,Yes
APP05728,,56,Employed,40130,Yes,35924,Average,No
APP05729,111874,65,Employed,80904,No,13350,Good,Yes
APP05730,67206,56,Employed,8008,No,35184,Average,Yes
APP05731,32811,42,Employed,27056,No,70415,Average,No
APP05732,76453,34,Self-Employed,37831,No,37186,Good,Yes
APP05733,120756,36,Self-Employed,68800,No,28076,Good,Yes
APP05734,111135,56,Employed,35336,No,50751,Average,Yes
APP05735,83499,45,Employed,8930,No,49890,Good,Yes
APP05736,113799,52,Employed,21517,No,8159,Good,Yes
APP05737,61459,53,Employed,29621,No,19683,Average,Yes
APP05738,79598,65,Self-Employed,21725,No,40058,Good,Yes
APP05739,44168,56,Employed,24354,No,29940,Average,Yes
APP05740,68434,40,Employed,78051,No,26277,Poor,Yes
APP05741,109140,38,Employed,44143,No,36211,Good,Yes
APP05742,46021,58,Employed,43492,No,23935,Good,Yes
APP05743,40719,23,Employed,96828,No,28450,Good,Yes
APP05744,62691,43,Unemployed,47437,No,62117,Poor,No
APP05745,54182,52,Self-Employed,93128,No,41308,Good,Yes
APP05746,80356,65,Employed,33411,No,69956,Good,Yes
APP05747,48929,36,Employed,43059,No,75936,Good,Yes
APP05748,130014,25,Employed,42647,Yes,73844,Good,No
APP05749,33582,24,Self-Employed,56877,No,21043,Good,Yes
APP05750,105480,41,Self-Employed,60503,No,38358,Good,Yes
APP05751,42528,60,Employed,28572,No,43269,Good,Yes
APP05752,26740,34,Self-Employed,80391,No,68323,Poor,No
APP05753,66779,59,Employed,52170,No,45163,Average,Yes
APP05754,53505,51,Employed,5669,Yes,20965,Average,Yes
APP05755,36416,34,Self-Employed,61177,No,44256,Good,No
APP05756,28155,26,Employed,80816,No,4498,Good,Yes
APP05757,59775,32,Self-Employed,28794,No,66897,Average,No
APP05758,93081,36,Employed,8598,No,45714,Good,Yes
APP05759,78067,37,Employed,81682,No,52486,Good,Yes
APP05760,61551,65,Employed,97746,No,16874,Good,Yes
APP05761,74428,43,Employed,12274,Yes,45093,Good,Yes
APP05762,59270,,Employed,94113,No,42920,Good,Yes
APP05763,31531,27,Employed,39131,No,49951,Good,Yes
APP05764,31656,52,Employed,94437,Yes,67946,Good,No
APP05765,54758,35,Employed,66640,Yes,61399,Poor,No
APP05766,55815,64,Self-Employed,89573,No,44203,Good,Yes
APP05767,87996,37,Employed,79654,No,71579,Poor,No
APP05768,84363,61,Employed,7660,No,29315,Poor,Yes
APP05769,78780,64,Employed,11217,No,39912,Average,Yes
APP05770,52890,54,Employed,54946,No,52305,Poor,No
APP05771,32235,25,Employed,17314,Yes,35821,Good,No
APP05772,72224,65,Employed,48798,No,29552,Average,Yes
APP05773,75995,47,Employed,95690,No,9879,Average,Yes
APP05774,20481,43,Employed,33002,No,51236,Good,Yes
APP05775,41219,60,Employed,51447,No,16216,Good,Yes
APP05776,43964,34,Unemployed,41505,Yes,11922,Good,No
APP05777,63282,35,,64834,No,15390,Good,Yes
APP05778,41797,,Self-Employed,23415,No,55390,Poor,No
APP05779,58979,53,Employed,29694,No,11930,Good,Yes
APP05780,54577,51,Employed,86583,Yes,78123,Good,No
APP05781,55853,55,Employed,82077,No,60925,Poor,No
APP05782,43465,37,Unemployed,79973,Yes,32026,Good,No
APP05783,45006,48,,78237,No,47869,Poor,No
APP05784,36900,39,Employed,48647,No,1603,Poor,Yes
APP05785,71192,43,Employed,74245,No,67718,Poor,No
APP05786,77582,52,Employed,41784,No,22426,Average,Yes
APP05787,42418,60,Unemployed,14567,No,6679,Average,Yes
APP05788,118942,33,Self-Employed,42371,No,60891,Average,No
APP05789,52080,40,Self-Employed,20073,Yes,27037,Good,Yes
APP05790,119454,55,Employed,42131,No,45836,Good,Yes
APP05791,44943,25,Self-Employed,33255,No,67678,Good,Yes
APP05792,24104,29,Employed,61920,Yes,62299,Average,No
APP05793,71904,49,Employed,39346,No,27610,Average,Yes
APP05794,67100,26,Self-Employed,72031,No,69627,Good,Yes
APP05795,60936,45,Employed,53654,No,31719,Average,Yes
APP05796,44941,51,Employed,92352,No,40502,Average,No
APP05797,59074,42,Employed,13647,Yes,49384,Average,No
APP05798,47669,22,Employed,70332,Yes,6607,Good,No
APP05799,,65,Employed,68878,Yes,48176,Good,Yes
APP05800,87626,25,Employed,95310,Yes,46616,Good,No
APP05801,65186,47,Self-Employed,40297,No,70006,Good,Yes
APP05802,78951,45,Self-Employed,34017,No,28939,Good,Yes
APP05803,54055,28,Unemployed,21377,No,20133,Average,No
APP05804,51441,21,Employed,30202,Yes,38645,Good,Yes
APP05805,35705,40,Self-Employed,52680,No,55299,Good,Yes
APP05806,50797,64,Self-Employed,84583,No,45390,Average,No
APP05807,18000,43,Employed,32007,No,11918,Good,Yes
APP05808,46005,52,Employed,19986,No,28483,Average,Yes
APP05809,57830,31,Employed,30852,No,6039,Poor,Yes
APP05810,77323,59,Employed,14588,No,59407,Average,Yes
APP05811,53167,44,Employed,93036,No,70753,Average,No
APP05812,70161,31,Employed,87899,No,4608,Average,Yes
APP05813,22498,49,Employed,34307,No,42509,Good,Yes
APP05814,58485,46,Employed,28464,No,45712,Good,Yes
APP05815,28179,36,Employed,91013,Yes,35667,Good,No
APP05816,34834,55,Self-Employed,5168,No,40716,Good,Yes
APP05817,55153,40,Self-Employed,62055,No,57118,Good,Yes
APP05818,106555,23,Employed,92020,Yes,39214,Good,No
APP05819,70908,21,Employed,53313,No,73653,Average,Yes
APP05820,60494,21,Employed,5282,No,43729,Poor,Yes
APP05821,59475,37,Employed,25793,No,6672,Good,Yes
APP05822,43520,22,Employed,92632,No,76313,Good,No
APP05823,46972,49,Self-Employed,6617,No,12598,Average,Yes
APP05824,72723,,Employed,42504,No,62972,Average,Yes
APP05825,32167,26,Self-Employed,80026,No,42626,Good,Yes
APP05826,78353,28,Self-Employed,84619,Yes,59531,Good,No
APP05827,50376,49,Employed,50373,No,41561,Good,Yes
APP05828,86995,53,Employed,27086,Yes,5659,Good,Yes
APP05829,92466,23,Employed,61972,No,30619,Average,Yes
APP05830,28260,55,,30059,No,50034,Good,Yes
APP05831,46184,25,Employed,29250,No,50682,Good,Yes
APP05832,40828,47,Unemployed,81722,Yes,77871,Good,No
APP05833,26539,64,Self-Employed,19655,No,48900,Poor,No
APP05834,,32,Unemployed,5525,No,23629,Good,Yes
APP05835,,40,Employed,36994,No,4431,Good,Yes
APP05836,78935,65,Employed,51643,No,63285,Average,Yes
APP05837,142184,40,Employed,71983,No,71254,Average,Yes
APP05838,87133,29,Employed,79206,No,49477,Average,Yes
APP05839,42971,59,Employed,68034,No,39108,Good,Yes
APP05840,50529,24,Employed,64518,No,69018,Poor,No
APP05841,,39,Employed,68246,No,19988,Good,Yes
APP05842,73056,58,Unemployed,30795,Yes,32500,Good,Yes
APP05843,46272,47,Unemployed,41324,No,41105,Good,Yes
APP05844,30412,65,Employed,63561,No,4900,Good,Yes
APP05845,250000,63,Self-Employed,11229,No,55398,Good,Yes
APP05846,56307,33,Employed,33056,No,15896,Average,Yes
APP05847,51819,33,Employed,43610,No,27319,Good,Yes
APP05848,63139,42,Self-Employed,55677,No,33745,Poor,No
APP05849,53792,48,Employed,51216,No,51442,Average,Yes
APP05850,63407,65,Self-Employed,73223,No,6173,Average,Yes
APP05851,107069,42,Employed,49976,No,27928,Average,Yes
APP05852,56730,63,Self-Employed,90892,No,22675,Average,Yes
APP05853,35557,39,Unemployed,41130,No,1120,Average,No
APP05854,55791,28,Employed,54910,No,55641,Average,No
APP05855,48685,28,Employed,5305,Yes,19639,Good,Yes
APP05856,113875,62,,34495,No,14149,Good,Yes
APP05857,101631,46,Employed,87324,No,64039,Good,Yes
APP05858,,46,Employed,36690,No,4097,Average,Yes
APP05859,33748,43,Self-Employed,29053,No,72119,Good,Yes
APP05860,34560,63,Employed,56636,No,55265,Good,Yes
APP05861,60410,33,Unemployed,12479,No,14568,Good,Yes
APP05862,69804,,Self-Employed,55502,No,28658,Average,Yes
APP05863,50692,29,Employed,33848,No,76049,Poor,No
APP05864,48340,40,Employed,41395,Yes,49889,Average,No
APP05865,45951,39,Employed,80180,No,49089,Average,No
APP05866,59372,59,Employed,67887,No,52593,Good,Yes
APP05867,20534,32,Employed,47380,Yes,37556,Good,No
APP05868,36552,35,Employed,59864,No,14217,Good,Yes
APP05869,45249,51,Self-Employed,77852,Yes,12920,Good,No
APP05870,103309,34,Employed,75849,No,55298,Good,Yes
APP05871,41601,31,Self-Employed,22606,No,70831,Poor,No
APP05872,65076,46,Self-Employed,33587,No,24717,Good,Yes
APP05873,66439,62,Employed,38083,No,40769,Good,Yes
APP05874,107599,47,Employed,22817,No,79387,Poor,No
APP05875,105901,31,Self-Employed,6155,No,21316,Good,Yes
APP05876,58467,58,Unemployed,21527,No,31827,Good,Yes
APP05877,48442,54,Employed,81783,Yes,29718,Good,No
APP05878,44506,63,Employed,56862,No,3574,Good,Yes
APP05879,53832,39,Employed,37458,No,41252,Average,Yes
APP05880,49355,26,Employed,62793,Yes,17486,Good,Yes
APP05881,76975,58,Employed,75284,No,11159,Average,Yes
APP05882,72493,62,Employed,38671,No,57123,Poor,Yes
APP05883,78308,48,Employed,49277,No,61495,Good,Yes
APP05884,105744,21,,11100,No,71222,Good,Yes
APP05885,138745,55,Employed,61724,Yes,74796,Average,No
APP05886,63462,60,Employed,38859,No,69656,Good,Yes
APP05887,98406,28,Self-Employed,46185,No,10677,Good,Yes
APP05888,51218,27,Employed,45147,Yes,18667,Average,No
APP05889,102268,31,Unemployed,65079,No,10676,Good,Yes
APP05890,96740,59,Employed,59384,No,28928,Poor,Yes
APP05891,94456,24,Employed,45100,No,10802,Good,Yes
APP05892,62594,45,Employed,6611,No,52609,Good,Yes
APP05893,44415,32,Self-Employed,63991,No,57621,Poor,No
APP05894,32034,46,Employed,88560,No,13608,Good,Yes
APP05895,58929,58,Employed,78107,No,50105,Good,Yes
APP05896,119606,32,Self-Employed,98253,No,2816,Poor,Yes
APP05897,52191,63,Self-Employed,18212,No,35315,Good,Yes
APP05898,85426,57,Employed,26139,No,23542,Good,Yes
APP05899,87718,44,Self-Employed,56230,No,79881,Good,Yes
APP05900,52809,,Employed,27409,No,73900,Good,Yes
APP05901,108495,33,Employed,8282,No,12658,Average,Yes
APP05902,18000,45,,43217,No,73472,Good,Yes
APP05903,34609,24,Employed,32326,No,34084,Average,Yes
APP05904,39738,31,Employed,30057,Yes,46555,Good,Yes
APP05905,41491,52,Employed,95551,No,43167,Poor,No
APP05906,69802,27,Employed,27653,Yes,58366,Good,No
APP05907,68365,31,,17296,No,27462,Average,Yes
APP05908,71639,48,Employed,16905,No,6505,Poor,Yes
APP05909,78459,61,Employed,81601,No,33993,Good,Yes
APP05910,39126,43,Employed,72911,No,44016,Good,Yes
APP05911,34680,65,Employed,17301,No,44838,Good,Yes
APP05912,71714,43,Self-Employed,25877,No,63615,Poor,No
APP05913,45184,48,Employed,75998,No,4494,Average,Yes
APP05914,29596,63,Employed,31089,No,79059,Poor,Yes
APP05915,92893,46,Employed,98246,Yes,79255,Average,No
APP05916,112409,45,Self-Employed,56354,No,8822,Good,Yes
APP05917,120912,49,Employed,23241,No,28177,Good,Yes
APP05918,65268,39,Employed,86587,Yes,47635,Poor,No
APP05919,79520,53,Employed,35350,No,30493,Good,Yes
APP05920,111139,56,Unemployed,32437,No,39522,Good,Yes
APP05921,44957,34,Employed,36107,Yes,26748,Good,Yes
APP05922,98904,34,Employed,77979,No,57259,Good,Yes
APP05923,67916,55,Employed,21455,No,29757,Good,Yes
APP05924,90515,50,Employed,41270,Yes,34961,Average,No
APP05925,65241,48,Employed,7929,No,46497,Good,Yes
APP05926,107518,37,,83530,No,77567,Good,Yes
APP05927,66349,23,Employed,37368,No,51703,Good,Yes
APP05928,30770,36,Employed,28576,No,8657,Average,Yes
APP05929,115320,50,Employed,60090,No,26193,Good,Yes
APP05930,39172,49,Employed,71974,No,34157,Good,Yes
APP05931,105448,65,Employed,82225,No,59474,Poor,No
APP05932,57612,35,Employed,38040,No,36303,Good,Yes
APP05933,101855,45,Employed,82169,Yes,53069,Good,Yes
APP05934,99982,58,Employed,49164,No,67320,Good,Yes
APP05935,72814,62,Employed,14609,No,9243,Good,Yes
APP05936,75429,58,Self-Employed,85399,No,61493,Good,Yes
APP05937,72568,43,Employed,57025,No,59901,Poor,No
APP05938,24243,45,Self-Employed,62235,No,65757,Good,Yes
APP05939,,62,Employed,94062,Yes,76529,Average,No
APP05940,36311,27,Employed,58119,No,25458,Poor,No
APP05941,64805,42,Employed,5530,No,34893,Good,Yes
APP05942,35874,37,Employed,87709,No,21752,Good,Yes
APP05943,35202,38,Employed,32051,No,26841,Average,Yes
APP05944,123540,61,Self-Employed,52668,No,27056,Good,Yes
APP05945,97086,30,Unemployed,24464,No,69712,Average,No
APP05946,59888,30,Employed,33213,No,5969,Average,Yes
APP05947,65202,27,Self-Employed,70232,No,17013,Good,Yes
APP05948,,58,Employed,45809,No,49234,Good,Yes
APP05949,77540,47,Unemployed,64577,No,61450,Good,Yes
APP05950,44262,53,Employed,83240,No,56093,Good,Yes
APP05951,93834,21,Self-Employed,37378,No,4679,Good,Yes
APP05952,53541,64,Employed,58992,No,36850,Average,Yes
APP05953,49671,54,Self-Employed,78871,No,15573,Good,Yes
APP05954,,24,Employed,72937,No,79063,Average,No
APP05955,45986,37,Employed,56285,No,79912,Good,Yes
APP05956,69564,24,Employed,41421,No,5021,Average,Yes
APP05957,47112,63,Self-Employed,43713,No,53750,Poor,No
APP05958,74083,46,Employed,46148,No,65232,Average,Yes
APP05959,103705,24,Employed,38140,No,26658,Good,Yes
APP05960,43408,21,Employed,71412,No,55797,Good,Yes
APP05961,56576,27,Self-Employed,16914,No,15826,Good,Yes
APP05962,73843,50,Employed,96908,No,11109,Good,Yes
APP05963,49314,29,Employed,79004,No,74099,Poor,No
APP05964,73943,55,Unemployed,33325,No,51760,Good,Yes
APP05965,77036,28,Employed,9042,No,65539,Average,Yes
APP05966,97691,44,Employed,72574,Yes,43084,Average,No
APP05967,,39,Employed,74764,No,13223,Good,Yes
APP05968,39256,56,Self-Employed,96544,No,30756,Good,Yes
APP05969,52245,63,Employed,29102,Yes,70651,Good,No
APP05970,38817,47,Employed,12859,No,2233,Good,Yes
APP05971,77352,52,Self-Employed,91938,No,17367,Average,Yes
APP05972,35572,34,Employed,29572,Yes,21010,Average,No
APP05973,171435,38,Self-Employed,73545,No,21777,Good,Yes
APP05974,107502,48,Employed,10763,No,8788,Good,Yes
APP05975,60341,49,Employed,77256,No,68009,Good,Yes
APP05976,88648,36,Employed,17067,No,13602,Good,Yes
APP05977,28725,,Self-Employed,71081,No,66544,Good,Yes
APP05978,186767,51,Employed,55573,No,29050,Average,Yes
APP05979,46005,24,Employed,95771,No,37128,Good,Yes
APP05980,56833,57,Unemployed,8507,No,37565,Good,Yes
APP05981,26028,37,Employed,32745,No,57339,Good,Yes
APP05982,74677,59,Self-Employed,11603,No,58773,Average,Yes
APP05983,36470,46,Employed,88524,No,51614,Good,Yes
APP05984,62808,59,Employed,61421,No,62128,Good,Yes
APP05985,46966,61,Self-Employed,55822,No,1656,Good,Yes
APP05986,36942,24,Employed,17488,No,40880,Good,Yes
APP05987,41779,50,Self-Employed,51458,No,42398,Good,Yes
APP05988,66417,50,Employed,42877,Yes,19908,Poor,No
APP05989,33706,42,Employed,34996,No,44953,Good,Yes
APP05990,42836,31,Employed,78358,No,37905,Average,No
APP05991,80868,22,Employed,10821,No,38297,Average,Yes
APP05992,193535,64,Employed,66435,No,10358,Average,Yes
APP05993,74385,32,Self-Employed,83184,Yes,35386,Good,No
APP05994,39709,50,Employed,91194,No,61548,Average,No
APP05995,50863,56,Employed,75862,No,33389,Average,Yes
APP05996,60859,38,Self-Employed,31833,No,39512,Good,Yes
APP05997,51270,46,Self-Employed,62048,No,77434,Average,No
APP05998,90082,27,Employed,18433,No,69871,Good,Yes
APP05999,66169,21,Employed,16121,No,74367,Good,Yes
APP06000,90277,46,Self-Employed,65669,No,7136,Good,Yes
APP06001,52083,43,Employed,85855,No,49868,Poor,No
APP06002,108942,46,Employed,11389,No,18650,Average,Yes
APP06003,55669,65,Unemployed,15070,Yes,32935,Average,No
APP06004,38757,26,Employed,58733,No,54700,Good,Yes
APP06005,159834,26,Employed,25730,No,46734,Good,Yes
APP06006,26393,64,Self-Employed,63123,No,40953,Good,Yes
APP06007,43031,28,Self-Employed,25382,No,65341,Average,No
APP06008,,44,Self-Employed,16066,Yes,54925,Good,No
APP06009,185505,42,Employed,56830,No,65863,Good,Yes
APP06010,135291,39,Employed,86909,No,74623,Poor,No
APP06011,117520,57,Self-Employed,70087,No,57246,Poor,No
APP06012,51705,38,Employed,82779,No,32236,Poor,No
APP06013,178774,51,Self-Employed,30302,No,17809,Good,Yes
APP06014,70817,57,Employed,89168,No,22402,Poor,Yes
APP06015,93141,50,Self-Employed,40819,No,32334,Average,Yes
APP06016,65053,62,Employed,85983,No,59467,Poor,No
APP06017,58679,53,Employed,49762,No,4172,Poor,Yes
APP06018,53573,30,Employed,30446,Yes,65328,Poor,No
APP06019,54599,57,Self-Employed,29725,No,60893,Good,Yes
APP06020,78899,32,Employed,58928,No,40454,Good,Yes
APP06021,70781,50,Employed,12506,No,32574,Average,Yes
APP06022,,47,Employed,93355,No,9903,Good,Yes
APP06023,118348,59,Employed,30789,Yes,23886,Good,Yes
APP06024,18000,29,Self-Employed,36884,No,9661,Average,Yes
APP06025,75474,41,Employed,27164,No,65692,Good,Yes
APP06026,82874,32,Employed,5286,No,41238,Good,Yes
APP06027,100532,49,Employed,70792,No,20496,Good,Yes
APP06028,58274,53,Employed,61103,No,2429,Good,Yes
APP06029,65885,63,Unemployed,81916,No,42390,Average,No
APP06030,93506,35,Employed,8896,No,60415,Poor,Yes
APP06031,117374,22,Employed,93222,No,61553,Average,No
APP06032,52410,59,Employed,36434,No,17940,Average,Yes
APP06033,67659,64,Self-Employed,91742,No,79610,Good,Yes
APP06034,127702,38,Employed,15177,No,45934,Good,Yes
APP06035,23070,23,Self-Employed,75672,No,27229,Average,Yes
APP06036,43985,27,Employed,60039,No,32032,Average,Yes
APP06037,116044,63,Self-Employed,39028,No,10831,Good,Yes
APP06038,98100,38,Employed,12519,No,39975,Average,Yes
APP06039,75902,64,Unemployed,62450,No,60510,Poor,No
APP06040,49032,58,Employed,7512,No,33343,Good,Yes
APP06041,40347,57,Employed,52622,Yes,69481,Good,No
APP06042,45984,53,Self-Employed,62400,No,38663,Good,Yes
APP06043,120415,64,Employed,74590,No,72148,Good,Yes
APP06044,45220,51,Employed,99177,No,56553,Poor,No
APP06045,62802,31,Unemployed,29709,No,5346,Poor,No
APP06046,42742,24,Employed,35627,No,6294,Average,Yes
APP06047,87671,38,Employed,37409,Yes,64208,Average,No
APP06048,47083,24,Employed,74500,No,29189,Average,No
APP06049,57422,54,Employed,93523,No,15950,Good,Yes
APP06050,28130,49,Self-Employed,97561,No,69360,Average,No
APP06051,29030,44,Employed,94852,No,78681,Average,No
APP06052,60208,42,Employed,88541,No,64891,Average,No
APP06053,33050,22,Employed,99143,No,58285,Good,Yes
APP06054,,64,Employed,40715,No,1076,Good,Yes
APP06055,23728,26,Unemployed,95091,No,9372,Good,Yes
APP06056,41857,62,,77297,Yes,54005,Average,No
APP06057,60453,45,Employed,21004,No,33356,Good,Yes
APP06058,50909,41,Employed,9319,No,2539,Good,Yes
APP06059,36506,36,Unemployed,25376,No,59529,Average,No
APP06060,38989,51,Employed,78981,No,34082,Good,Yes
APP06061,38419,34,Employed,65011,No,53047,Good,Yes
APP06062,52737,59,Employed,26314,Yes,37999,Poor,No
APP06063,144418,48,Employed,75483,No,3093,Good,Yes
APP06064,62142,52,Self-Employed,18426,No,51238,Good,Yes
APP06065,102171,48,Employed,83075,Yes,63259,Good,No
APP06066,75376,29,Unemployed,80445,No,13322,Good,Yes
APP06067,99046,65,Employed,97395,No,71395,Good,Yes
APP06068,18000,42,Employed,19277,No,15343,Average,Yes
APP06069,52318,52,Unemployed,91128,Yes,34404,Good,No
APP06070,108046,25,Self-Employed,37405,No,42648,Good,Yes
APP06071,46389,43,Self-Employed,44526,No,25795,Good,Yes
APP06072,,25,,49502,No,40536,Good,Yes
APP06073,116991,62,,64556,No,57750,Good,Yes
APP06074,48581,52,Employed,99503,No,57442,Good,Yes
APP06075,47843,,Employed,61996,No,73860,Good,Yes
APP06076,38024,59,Employed,93038,No,69105,Good,Yes
APP06077,45197,35,Employed,29228,No,78823,Good,Yes
APP06078,34456,27,Self-Employed,42849,No,48035,Good,Yes
APP06079,72770,49,Employed,52927,No,32641,Average,Yes
APP06080,31160,23,Employed,35676,No,19968,Good,Yes
APP06081,78730,39,Employed,97802,Yes,20274,Good,No
APP06082,79597,30,Employed,73940,Yes,12923,Good,Yes
APP06083,28412,48,Employed,50494,No,58407,Good,Yes
APP06084,120514,49,Employed,76374,No,52685,Good,Yes
APP06085,75601,35,Employed,49407,No,24091,Good,Yes
APP06086,84075,55,Employed,6636,No,71479,Average,Yes
APP06087,42647,26,Unemployed,56603,No,44631,Average,No
APP06088,,32,Employed,64393,Yes,6453,Good,Yes
APP06089,99606,58,Employed,98215,No,5855,Good,Yes
APP06090,57396,33,Self-Employed,8875,No,12312,Good,Yes
APP06091,147704,49,Employed,53649,No,17690,Average,Yes
APP06092,61202,39,Unemployed,14325,Yes,71108,Good,No
APP06093,100253,23,Employed,19155,No,62497,Good,Yes
APP06094,,28,Self-Employed,62994,No,16936,Good,Yes
APP06095,78087,28,Employed,26999,Yes,20631,Poor,No
APP06096,28283,40,Employed,76172,No,51306,Good,Yes
APP06097,70903,24,Employed,53849,No,69850,Good,Yes
APP06098,43104,41,Employed,25730,Yes,26022,Average,No
APP06099,40996,23,Self-Employed,51910,No,42514,Good,Yes
APP06100,131524,65,Employed,5084,Yes,71340,Good,Yes
APP06101,54497,28,Employed,86960,No,61880,Average,No
APP06102,38201,43,Employed,6204,No,71429,Poor,Yes
APP06103,51046,36,Self-Employed,5666,No,22968,Average,Yes
APP06104,33420,33,Self-Employed,63093,No,55584,Good,No
APP06105,114388,23,Employed,97484,No,10007,Average,Yes
APP06106,43873,29,Employed,86314,No,49680,Poor,No
APP06107,76137,34,Employed,28942,Yes,25018,Good,Yes
APP06108,110453,33,Employed,23683,No,56417,Good,Yes
APP06109,47908,27,Employed,64481,No,12208,Poor,No
APP06110,76230,35,Employed,83151,Yes,53581,Good,No
APP06111,37743,27,Unemployed,39397,No,56973,Good,No
APP06112,180357,58,Self-Employed,46074,No,68715,Good,Yes
APP06113,91443,54,Employed,15972,No,55279,Good,Yes
APP06114,55019,61,Employed,19519,No,42306,Average,Yes
APP06115,42375,42,Unemployed,58993,No,62949,Good,No
APP06116,57000,44,Employed,14752,Yes,23470,Good,Yes
APP06117,51488,57,Employed,24194,No,54520,Average,Yes
APP06118,144484,64,Unemployed,27294,Yes,58238,Average,No
APP06119,34565,21,Employed,47173,No,32011,Average,No
APP06120,63752,30,Employed,9333,No,79128,Good,Yes
APP06121,59507,,Employed,52478,No,29131,Good,Yes
APP06122,56912,36,Employed,93224,No,7675,Good,Yes
APP06123,57138,28,Employed,7324,No,24974,Good,Yes
APP06124,56947,45,Employed,64944,No,8856,Good,Yes
APP06125,88874,32,Employed,84405,No,27805,Average,Yes
APP06126,78916,45,Unemployed,34684,No,11102,Good,Yes
APP06127,72447,37,Employed,17494,No,35723,Good,Yes
APP06128,18000,46,Employed,9117,No,62460,Average,No
APP06129,,34,Employed,66171,Yes,6328,Good,Yes
APP06130,28483,,Employed,57462,No,45486,Good,Yes
APP06131,80253,,Self-Employed,26783,No,4462,Good,Yes
APP06132,116497,43,Employed,84004,No,70884,Good,Yes
APP06133,39549,63,Employed,74873,No,73789,Poor,No
APP06134,53332,26,Employed,31261,No,39896,Average,Yes
APP06135,45816,25,Employed,76569,No,61769,Good,Yes
APP06136,104615,63,Employed,28274,No,47840,Good,Yes
APP06137,62621,45,Employed,69150,No,27912,Good,Yes
APP06138,130594,38,Employed,16262,No,20366,Average,Yes
APP06139,72279,33,,70763,Yes,60929,Poor,No
APP06140,66917,63,Self-Employed,27684,Yes,34968,Good,Yes
APP06141,61870,34,Self-Employed,59385,No,73699,Poor,No
APP06142,86699,48,Self-Employed,21384,No,78080,Good,Yes
APP06143,27451,38,,73967,Yes,17621,Good,No
APP06144,62349,48,Unemployed,10784,No,45324,Good,Yes
APP06145,58138,47,Employed,20715,No,43418,Average,Yes
APP06146,83161,52,Employed,22493,No,69580,Good,Yes
APP06147,55140,29,Self-Employed,8928,No,55588,Average,Yes
APP06148,37597,60,Employed,75776,Yes,48983,Good,No
APP06149,60199,52,Employed,98190,Yes,54643,Average,No
APP06150,36858,40,,78948,No,31767,Good,Yes
APP06151,,48,Employed,86760,No,76863,Good,No
APP06152,83225,53,Employed,5571,No,5552,Good,Yes
APP06153,77861,24,Employed,16198,Yes,3301,Average,Yes
APP06154,74035,54,Employed,58107,No,33832,Average,Yes
APP06155,107841,23,Self-Employed,97898,No,13211,Good,Yes
APP06156,44482,46,Self-Employed,67768,No,44039,Good,Yes
APP06157,31511,28,Self-Employed,40543,No,1712,Average,Yes
APP06158,58139,26,Self-Employed,18884,Yes,37315,Good,No
APP06159,51314,36,Employed,19519,Yes,24299,Poor,No
APP06160,41071,44,Employed,39462,No,16986,Poor,Yes
APP06161,57882,59,Employed,72812,No,36127,Good,Yes
APP06162,45564,50,Unemployed,8023,No,68509,Average,No
APP06163,26263,65,Employed,85957,No,52776,Average,Yes
APP06164,49196,33,Self-Employed,94447,No,13635,Good,Yes
APP06165,35980,25,Employed,89438,No,40411,Good,Yes
APP06166,66592,45,Unemployed,91738,No,74602,Good,No
APP06167,44662,40,Employed,6457,No,35699,Poor,Yes
APP06168,98946,38,Self-Employed,97890,No,38173,Average,No
APP06169,123481,38,Employed,39804,No,75367,Good,Yes
APP06170,81456,22,Employed,87582,No,11729,Good,Yes
APP06171,29856,30,Employed,22747,No,59068,Good,Yes
APP06172,118118,65,Unemployed,47420,No,24634,Average,Yes
APP06173,121927,32,Employed,9196,No,69405,Good,Yes
APP06174,60509,33,Unemployed,8807,No,5295,Average,Yes
APP06175,108816,31,Self-Employed,94611,Yes,79242,Good,No
APP06176,46810,39,Self-Employed,82008,No,61720,Good,No
APP06177,25908,55,Employed,55333,No,23462,Good,Yes
APP06178,42615,59,,54919,No,61108,Good,Yes
APP06179,130651,46,Employed,76132,No,73915,Average,Yes
APP06180,30672,34,Unemployed,37459,No,9920,Average,No
APP06181,59987,65,Unemployed,77378,No,73173,Poor,No
APP06182,60929,64,Self-Employed,51076,No,29454,Average,Yes
APP06183,47632,44,Employed,65602,Yes,1510,Good,Yes
APP06184,49144,61,Employed,96659,No,9881,Poor,Yes
APP06185,61983,21,Unemployed,49775,No,70899,Average,No
APP06186,46589,63,Employed,44748,No,78631,Good,Yes
APP06187,31640,42,Self-Employed,91046,No,71734,Good,No
APP06188,66096,43,Employed,90745,No,35881,Poor,Yes
APP06189,97257,39,Employed,99280,No,76951,Average,Yes
APP06190,88735,38,Self-Employed,57332,No,33141,Average,Yes
APP06191,41678,32,Employed,37705,No,9982,Good,Yes
APP06192,34168,48,Employed,27837,Yes,27934,Average,No
APP06193,52797,48,Unemployed,8239,No,79875,Good,Yes
APP06194,,53,Self-Employed,74039,No,50450,Good,Yes
APP06195,80227,39,Self-Employed,27180,No,27860,Average,Yes
APP06196,82362,48,Self-Employed,62631,No,50310,Average,No
APP06197,89548,57,Employed,92076,No,34902,Good,Yes
APP06198,72507,46,Employed,95270,Yes,4914,Good,Yes
APP06199,63346,55,Employed,5419,No,16889,Good,Yes
APP06200,80833,54,Employed,35122,Yes,2520,Good,Yes
APP06201,,55,Employed,84551,No,21129,Good,Yes
APP06202,31748,60,Self-Employed,55962,Yes,59426,Good,No
APP06203,83071,36,Employed,81713,No,16272,Good,Yes
APP06204,104724,,Employed,86066,No,42716,Average,Yes
APP06205,36275,,Employed,47049,No,56427,Good,Yes
APP06206,86852,43,Employed,39103,No,44346,Good,Yes
APP06207,127828,42,Employed,48266,No,2214,Poor,Yes
APP06208,59939,,Self-Employed,67016,No,29704,Average,Yes
APP06209,41523,48,Employed,39880,No,35889,Good,Yes
APP06210,63415,55,Employed,78624,No,28078,Good,Yes
APP06211,46834,65,Employed,90879,No,44155,Average,Yes
APP06212,45459,28,Employed,31820,No,41539,Good,Yes
APP06213,72914,64,Employed,96674,No,15809,Average,Yes
APP06214,29156,42,Unemployed,64159,No,60406,Good,No
APP06215,31330,,Employed,88426,No,13732,Poor,No
APP06216,60523,46,Employed,14872,No,37258,Average,Yes
APP06217,59401,60,Employed,28892,No,60748,Good,Yes
APP06218,70031,41,Employed,35497,Yes,56084,Good,Yes
APP06219,139518,45,Employed,33768,No,35143,Good,Yes
APP06220,62889,61,Employed,21327,No,63325,Good,Yes
APP06221,78533,21,Employed,87479,No,57387,Good,Yes
APP06222,38681,,Employed,44768,No,31378,Good,Yes
APP06223,84768,43,Employed,96497,No,71746,Good,Yes
APP06224,47345,43,Employed,60430,No,12215,Average,Yes
APP06225,61960,63,Employed,18147,No,29320,Good,Yes
APP06226,57132,63,Self-Employed,56861,Yes,56127,Average,No
APP06227,,43,Employed,99387,Yes,69965,Average,No
APP06228,33277,52,Self-Employed,58691,No,26484,Poor,No
APP06229,21475,50,Employed,5178,No,45338,Average,Yes
APP06230,54505,33,Employed,93643,Yes,1935,Poor,No
APP06231,74083,,Employed,27315,No,30297,Poor,Yes
APP06232,64255,38,Self-Employed,70410,No,27144,Good,Yes
APP06233,104463,43,Employed,53933,No,67555,Good,Yes
APP06234,73051,35,Employed,35916,No,6844,Good,Yes
APP06235,46554,53,Employed,31851,No,5907,Good,Yes
APP06236,21071,41,Employed,93232,No,35973,Good,Yes
APP06237,53923,59,Employed,91633,No,33184,Average,Yes
APP06238,95290,43,Employed,53748,Yes,13763,Good,Yes
APP06239,50296,47,Employed,29557,Yes,21804,Good,Yes
APP06240,60770,65,Self-Employed,14722,No,77961,Good,Yes
APP06241,72527,64,Employed,19875,No,41541,Poor,Yes
APP06242,37995,38,Employed,54614,No,7940,Good,Yes
APP06243,79424,44,Employed,34244,No,4930,Poor,Yes
APP06244,125342,60,Employed,8996,No,4313,Good,Yes
APP06245,55511,62,Employed,48241,No,31733,Average,Yes
APP06246,36099,27,Employed,75888,No,69384,Good,Yes
APP06247,58228,40,Employed,89711,No,66800,Good,Yes
APP06248,22051,47,Employed,60602,Yes,30063,Poor,No
APP06249,69822,26,Employed,73713,Yes,62179,Good,No
APP06250,73543,47,Employed,39587,No,60428,Good,Yes
APP06251,127534,29,Employed,52143,No,39157,Good,Yes
APP06252,54984,65,Employed,74315,No,32947,Average,Yes
APP06253,72108,51,Employed,74128,No,15263,Poor,Yes
APP06254,40722,41,,45330,Yes,23023,Average,No
APP06255,51109,46,Unemployed,56648,No,27757,Good,Yes
APP06256,30205,60,Employed,92766,Yes,65205,Good,No
APP06257,54965,65,Employed,65040,No,44683,Good,Yes
APP06258,52298,33,Employed,66045,No,16872,Average,Yes
APP06259,68647,43,Employed,79539,No,8570,Good,Yes
APP06260,45319,40,Unemployed,15946,No,40236,Average,No
APP06261,62293,57,Self-Employed,54674,No,53639,Good,Yes
APP06262,51641,48,Self-Employed,96146,No,65692,Good,Yes
APP06263,51685,37,Unemployed,39358,No,63988,Good,Yes
APP06264,62209,48,Employed,33018,No,66108,Good,Yes
APP06265,61104,61,Employed,62115,No,36380,Average,Yes
APP06266,84510,22,Self-Employed,26006,Yes,69387,Good,No
APP06267,56829,45,Employed,57815,No,36124,Good,Yes
APP06268,51259,61,Unemployed,19787,No,14282,Good,Yes
APP06269,55312,26,Employed,60080,No,32393,Good,Yes
APP06270,43499,31,Employed,62226,No,27862,Good,Yes
APP06271,51029,58,Unemployed,44748,No,31982,Average,No
APP06272,149660,26,Employed,41361,No,53031,Good,Yes
APP06273,39791,65,Self-Employed,28319,No,52896,Good,Yes
APP06274,52929,31,Employed,36438,No,18767,Average,Yes
APP06275,50399,34,Self-Employed,52343,No,25959,Average,No
APP06276,53684,22,Unemployed,28528,No,48033,Good,No
APP06277,51691,60,Employed,79369,No,7646,Poor,Yes
APP06278,68034,23,Employed,72358,No,55404,Poor,No
APP06279,27792,55,Employed,30584,Yes,15132,Good,Yes
APP06280,95686,53,Self-Employed,14256,No,68206,Average,Yes
APP06281,79759,44,Self-Employed,5017,No,32725,Good,Yes
APP06282,,39,Employed,61688,No,18444,Good,Yes
APP06283,21612,38,Employed,25080,No,53758,Good,Yes
APP06284,38654,44,Self-Employed,6195,No,44768,Average,Yes
APP06285,53793,65,Self-Employed,39113,No,14583,Average,Yes
APP06286,191613,55,Employed,96390,No,66346,Good,Yes
APP06287,76616,21,Employed,70545,Yes,36810,Good,No
APP06288,26600,56,Self-Employed,86488,No,13027,Good,Yes
APP06289,,45,Employed,18750,No,63898,Good,Yes
APP06290,58580,65,Unemployed,11962,No,11541,Poor,No
APP06291,67256,63,Employed,6095,No,77475,Good,Yes
APP06292,33205,54,Employed,95788,No,35903,Good,Yes
APP06293,56464,45,Employed,33519,No,58530,Good,Yes
APP06294,43441,36,Unemployed,48653,No,36705,Poor,No
APP06295,36512,54,Employed,42480,No,15817,Average,Yes
APP06296,67435,49,Employed,74393,Yes,60891,Good,No
APP06297,84995,39,Employed,34447,No,23859,Good,Yes
APP06298,87603,43,Self-Employed,55868,No,54911,Good,Yes
APP06299,77697,39,Employed,99580,No,21332,Poor,No
APP06300,47968,45,Employed,47186,No,20048,Good,Yes
APP06301,82756,36,Employed,57371,No,37138,Good,Yes
APP06302,68953,29,Employed,52740,No,65483,Good,Yes
APP06303,63728,21,Employed,81303,No,49477,Good,Yes
APP06304,45562,62,Employed,30350,No,6109,Good,Yes
APP06305,47978,39,Employed,21192,Yes,58975,Good,Yes
APP06306,62028,53,Self-Employed,76639,No,46802,Good,Yes
APP06307,179880,54,Self-Employed,44484,Yes,50262,Good,Yes
APP06308,68711,36,Unemployed,91804,No,28933,Good,No
APP06309,45573,64,Employed,66195,No,44937,Good,Yes
APP06310,41255,60,Self-Employed,58613,No,30379,Average,Yes
APP06311,48089,38,Employed,11693,Yes,7439,Good,Yes
APP06312,159833,54,Employed,74389,Yes,67710,Good,Yes
APP06313,50133,45,Employed,70174,Yes,54564,Average,No
APP06314,90237,65,Employed,65807,No,53965,Poor,Yes
APP06315,50662,26,Employed,30451,Yes,16301,Good,Yes
APP06316,67483,41,Employed,94940,No,53424,Good,Yes
APP06317,85681,26,Employed,35557,No,19330,Average,Yes
APP06318,46386,52,Employed,19462,No,55315,Good,Yes
APP06319,44963,,Employed,98784,No,27349,Poor,No
APP06320,126575,63,Employed,75893,No,13444,Poor,Yes
APP06321,93449,59,Employed,44405,Yes,72595,Good,Yes
APP06322,85640,51,Employed,93912,No,9267,Good,Yes
APP06323,85509,62,Employed,13656,No,61181,Good,Yes
APP06324,73785,30,Employed,13328,No,9040,Poor,Yes
APP06325,148761,50,Employed,69833,No,55093,Average,Yes
APP06326,61197,38,Self-Employed,21907,No,9720,Good,Yes
APP06327,77798,44,,92128,No,41197,Good,Yes
APP06328,31232,29,Employed,84834,No,15852,Average,No
APP06329,41393,51,Self-Employed,34105,No,69460,Poor,No
APP06330,34952,35,Employed,89440,No,32717,Average,No
APP06331,106450,24,Employed,9074,No,2219,Good,Yes
APP06332,19024,60,Employed,57121,No,50625,Good,Yes
APP06333,50064,29,Employed,93878,Yes,36166,Good,No
APP06334,18000,65,Employed,86261,No,68919,Poor,No
APP06335,41275,29,Self-Employed,38827,Yes,35218,Good,No
APP06336,48107,46,Employed,22373,No,33480,Average,Yes
APP06337,111892,24,Employed,25001,No,36873,Good,Yes
APP06338,,37,Employed,53878,Yes,68928,Good,No
APP06339,41241,36,Self-Employed,61693,No,47359,Average,No
APP06340,96934,35,Self-Employed,8117,No,53880,Average,Yes
APP06341,60483,55,Employed,44287,No,57912,Good,Yes
APP06342,61023,25,Employed,83887,No,75064,Good,Yes
APP06343,34923,,Employed,47211,No,67164,Average,No
APP06344,38430,40,Employed,21072,Yes,74255,Average,No
APP06345,41390,35,Employed,95712,No,28121,Average,No
APP06346,61268,38,Employed,30296,No,17972,Good,Yes
APP06347,62140,22,Unemployed,80851,No,17068,Good,Yes
APP06348,120204,49,Employed,23410,No,68766,Poor,Yes
APP06349,71352,33,Employed,45201,No,66617,Poor,No
APP06350,18000,24,Employed,51590,No,52383,Good,Yes
APP06351,67527,62,Employed,52560,No,5972,Poor,Yes
APP06352,31244,65,Employed,54065,No,26126,Good,Yes
APP06353,38848,30,Self-Employed,26370,Yes,59002,Good,No
APP06354,41632,51,Employed,54012,No,20637,Average,Yes
APP06355,,61,Unemployed,50763,No,50301,Good,No
APP06356,32315,28,Employed,24828,No,43877,Poor,No
APP06357,65753,23,Employed,98878,No,21751,Good,Yes
APP06358,31801,29,Employed,87229,No,74813,Good,No
APP06359,70446,50,Self-Employed,89320,No,21282,Good,Yes
APP06360,164183,31,Employed,70129,Yes,71689,Good,No
APP06361,32988,55,Employed,20190,No,43734,Good,Yes
APP06362,52790,57,Employed,58969,No,8254,Good,Yes
APP06363,19275,62,Unemployed,83037,No,66856,Good,No
APP06364,52401,33,Employed,8680,No,63523,Average,Yes
APP06365,80123,56,Employed,52105,No,66647,Good,Yes
APP06366,82983,33,Employed,42632,No,51414,Average,Yes
APP06367,62126,32,Employed,25152,Yes,57218,Good,No
APP06368,89525,57,Employed,40934,No,72658,Good,Yes
APP06369,,30,Employed,98432,No,11088,Good,Yes
APP06370,129656,29,Self-Employed,73708,No,7560,Good,Yes
APP06371,47428,27,Employed,33456,Yes,10881,Average,No
APP06372,31229,22,Self-Employed,62509,No,69736,Poor,No
APP06373,49978,43,Self-Employed,28432,No,45472,Good,Yes
APP06374,39181,59,Employed,63030,No,14909,Good,Yes
APP06375,73512,60,Employed,90136,No,12195,Good,Yes
APP06376,35262,59,Self-Employed,57903,No,36188,Poor,No
APP06377,58066,41,Employed,74667,Yes,65443,Average,No
APP06378,87484,43,Employed,48067,No,64609,Good,Yes
APP06379,57342,49,Self-Employed,54792,No,68249,Good,Yes
APP06380,39193,34,Employed,71032,No,61747,Good,Yes
APP06381,101800,46,Self-Employed,82178,No,5868,Average,Yes
APP06382,25759,25,Employed,67648,Yes,57893,Average,No
APP06383,51771,51,Employed,97862,No,41998,Poor,No
APP06384,58886,45,Employed,82883,Yes,58387,Good,No
APP06385,60431,51,Self-Employed,78830,No,39258,Average,Yes
APP06386,65077,40,Employed,85285,No,39200,Good,Yes
APP06387,78968,64,Employed,31715,Yes,10965,Average,Yes
APP06388,59052,37,Self-Employed,46044,No,72513,Good,Yes
APP06389,50842,65,Self-Employed,58624,No,30595,Average,Yes
APP06390,49945,22,Self-Employed,48927,No,47008,Good,Yes
APP06391,45566,45,Employed,85508,No,17365,Good,Yes
APP06392,85519,33,Self-Employed,7572,No,30142,Average,Yes
APP06393,44854,59,Employed,24872,No,69776,Poor,No
APP06394,87829,48,Employed,88762,No,17558,Average,Yes
APP06395,60515,62,Unemployed,10615,No,17282,Average,Yes
APP06396,47455,,Employed,26564,Yes,21579,Average,No
APP06397,79252,23,Employed,38369,No,46398,Good,Yes
APP06398,43250,55,Employed,76320,Yes,42134,Good,No
APP06399,79960,38,Self-Employed,58217,No,14850,Poor,No
APP06400,66027,31,Employed,95687,No,55666,Poor,No
APP06401,45879,40,Employed,26648,Yes,72696,Good,No
APP06402,76114,25,Employed,87851,No,16707,Good,Yes
APP06403,76731,39,Employed,31877,Yes,54163,Poor,No
APP06404,101011,42,Self-Employed,28322,No,47324,Average,Yes
APP06405,92676,39,Employed,52346,No,26986,Good,Yes
APP06406,74845,36,Self-Employed,11764,No,49809,Good,Yes
APP06407,36123,44,Self-Employed,41509,No,17583,Poor,No
APP06408,180586,61,Employed,38789,Yes,66882,Good,Yes
APP06409,31904,24,Employed,20210,No,2755,Good,Yes
APP06410,91975,35,Employed,86776,No,45798,Good,Yes
APP06411,72851,45,Self-Employed,41660,No,26184,Good,Yes
APP06412,35374,64,Employed,98282,No,70627,Good,Yes
APP06413,56736,55,Employed,90472,No,40450,Good,Yes
APP06414,57911,34,Employed,23507,No,64397,Good,Yes
APP06415,107970,39,Employed,52987,No,73982,Average,Yes
APP06416,43526,58,Self-Employed,62171,No,27414,Good,Yes
APP06417,53328,56,Self-Employed,82801,Yes,70547,Good,No
APP06418,,27,Employed,89136,No,58376,Good,Yes
APP06419,130973,50,Employed,64282,No,9546,Good,Yes
APP06420,37064,39,Self-Employed,8338,No,9210,Good,Yes
APP06421,69509,45,Employed,50721,No,65570,Average,Yes
APP06422,57324,36,Employed,89056,No,37997,Good,Yes
APP06423,57411,60,Self-Employed,72839,No,40117,Good,Yes
APP06424,86382,28,,87663,No,71408,Average,No
APP06425,127283,38,Employed,69038,No,72400,Good,Yes
APP06426,67189,48,Employed,9183,No,9904,Good,Yes
APP06427,,36,Self-Employed,96961,No,30518,Poor,No
APP06428,69571,39,Employed,92212,No,71723,Poor,No
APP06429,94844,62,Self-Employed,17025,Yes,65768,Poor,No
APP06430,48717,,Unemployed,15706,No,57960,Good,Yes
APP06431,97346,65,Unemployed,56212,No,9055,Poor,Yes
APP06432,98896,33,Self-Employed,76920,No,50074,Average,No
APP06433,97659,27,Employed,41306,No,46966,Good,Yes
APP06434,44580,47,Self-Employed,17956,Yes,14206,Average,No
APP06435,55623,30,Employed,53503,No,62135,Good,Yes
APP06436,66827,54,Self-Employed,37069,No,25646,Good,Yes
APP06437,32378,56,Employed,38418,Yes,50029,Good,No
APP06438,,45,Employed,66274,No,29585,Good,Yes
APP06439,59669,26,,89133,No,7667,Good,Yes
APP06440,68177,44,Self-Employed,58066,No,42459,Good,Yes
APP06441,46279,38,Employed,70322,No,25225,Good,Yes
APP06442,33024,43,Employed,67695,No,6634,Average,Yes
APP06443,45720,26,Self-Employed,57359,No,16682,Good,Yes
APP06444,66220,49,Self-Employed,34522,No,49890,Average,Yes
APP06445,81238,45,Employed,40890,No,9009,Good,Yes
APP06446,64531,37,Employed,34992,Yes,7910,Average,No
APP06447,70131,44,Employed,92162,No,75578,Good,Yes
APP06448,51557,31,Employed,83529,No,9494,Average,Yes
APP06449,75013,46,Unemployed,60038,No,30709,Average,No
APP06450,116935,54,Employed,91663,No,11539,Poor,Yes
APP06451,82393,48,Employed,89209,No,75202,Good,Yes
APP06452,86370,23,Employed,93131,No,39012,Good,Yes
APP06453,68488,31,Unemployed,26069,Yes,9778,Good,No
APP06454,30506,58,Employed,73163,No,61736,Good,Yes
APP06455,37496,34,Employed,62876,No,62682,Good,Yes
APP06456,73629,46,Employed,74714,No,72195,Poor,No
APP06457,59705,41,Self-Employed,30021,No,56747,Good,Yes
APP06458,73133,59,Self-Employed,71007,No,5323,Good,Yes
APP06459,127579,50,Employed,43934,No,44475,Average,Yes
APP06460,83184,28,Employed,84239,No,31339,Good,Yes
APP06461,105725,40,Employed,80560,No,60138,Good,Yes
APP06462,62612,52,Employed,25079,No,47683,Average,Yes
APP06463,41725,42,Employed,22466,Yes,58291,Good,No
APP06464,58458,27,Employed,73185,No,15255,Average,Yes
APP06465,41771,29,Employed,57295,No,35529,Good,Yes
APP06466,120974,65,Self-Employed,57935,No,35136,Good,Yes
APP06467,85629,21,Employed,76489,No,78497,Poor,No
APP06468,75836,49,Employed,86222,Yes,2510,Poor,No
APP06469,104639,28,Employed,27702,No,65467,Good,Yes
APP06470,24175,24,Employed,57776,No,8672,Average,Yes
APP06471,78179,55,Employed,83751,No,7350,Good,Yes
APP06472,33267,23,Employed,87915,Yes,26926,Good,No
APP06473,59804,65,Self-Employed,32304,No,56361,Average,Yes
APP06474,52147,60,Unemployed,14895,No,54597,Good,Yes
APP06475,80812,27,Self-Employed,27118,No,50603,Average,Yes
APP06476,66488,47,Employed,94822,Yes,62190,Average,No
APP06477,109908,21,Unemployed,48936,Yes,19358,Average,No
APP06478,45764,47,Employed,44765,No,51074,Good,Yes
APP06479,82553,36,Employed,6243,No,51405,Average,Yes
APP06480,64544,58,Employed,9846,No,52693,Poor,Yes
APP06481,28745,27,Employed,68526,No,47962,Good,Yes
APP06482,39685,64,Self-Employed,61034,Yes,18500,Good,No
APP06483,56087,43,Employed,59675,Yes,73230,Poor,No
APP06484,,61,Employed,15481,No,78104,Good,Yes
APP06485,73923,31,Employed,38446,No,55446,Good,Yes
APP06486,35480,62,Self-Employed,82174,Yes,36082,Good,No
APP06487,56329,53,Self-Employed,21617,Yes,43438,Good,No
APP06488,148763,,Employed,88855,No,9561,Good,Yes
APP06489,63079,57,Self-Employed,16540,No,29708,Good,Yes
APP06490,51782,61,Self-Employed,21069,No,78115,Good,Yes
APP06491,74861,,Employed,50386,No,44270,Average,Yes
APP06492,84595,55,Employed,94803,Yes,45290,Good,Yes
APP06493,48865,25,,36307,No,76364,Good,Yes
APP06494,75226,52,Employed,67531,No,71022,Average,Yes
APP06495,51746,23,Employed,60924,No,45929,Poor,No
APP06496,82934,55,Employed,19214,Yes,22250,Good,Yes
APP06497,64761,34,Employed,28576,No,10238,Good,Yes
APP06498,74532,51,Self-Employed,93365,No,69228,Good,Yes
APP06499,42637,51,Employed,22559,No,73687,Good,Yes
APP06500,41462,37,Employed,71026,No,40049,Poor,No
APP06501,91819,44,,96646,No,8469,Good,Yes
APP06502,57894,43,Employed,16353,No,48892,Good,Yes
APP06503,,38,Employed,42922,Yes,30029,Good,No
APP06504,52272,34,Unemployed,26274,No,13471,Good,Yes
APP06505,,35,Employed,26048,No,73612,Good,Yes
APP06506,,35,Employed,16304,No,19916,Average,Yes
APP06507,56448,26,Employed,66707,No,57182,Poor,No
APP06508,85459,47,Employed,75903,No,34921,Good,Yes
APP06509,101716,35,Unemployed,69295,Yes,66406,Good,No
APP06510,47401,56,Employed,92842,No,56366,Good,Yes
APP06511,144923,28,Self-Employed,18839,No,10730,Average,Yes
APP06512,69083,35,,35385,No,36519,Good,Yes
APP06513,37526,23,Employed,37734,No,21523,Average,Yes
APP06514,70840,33,Employed,27048,Yes,57373,Good,No
APP06515,50501,61,Employed,18509,Yes,44030,Good,Yes
APP06516,72943,54,Self-Employed,51237,No,27874,Good,Yes
APP06517,58854,44,Employed,84272,Yes,27027,Good,No
APP06518,62039,,Employed,95681,No,10044,Average,Yes
APP06519,39810,,Employed,17287,No,17892,Good,Yes
APP06520,93679,52,Employed,83200,No,57364,Average,Yes
APP06521,35662,50,Self-Employed,83335,No,49182,Good,Yes
APP06522,36430,33,Employed,41953,No,29092,Good,Yes
APP06523,70786,21,Employed,15453,No,67053,Good,Yes
APP06524,123424,54,Employed,99051,No,39269,Good,Yes
APP06525,51197,35,Employed,67281,No,63760,Average,No
APP06526,82252,64,Employed,98309,Yes,62713,Good,No
APP06527,97256,34,Employed,50947,No,67992,Good,Yes
APP06528,86570,49,,42543,No,68132,Good,Yes
APP06529,52159,54,Employed,28483,Yes,54646,Good,No
APP06530,36722,38,Employed,98439,Yes,60204,Average,No
APP06531,22219,27,Employed,29059,No,62376,Poor,No
APP06532,53307,,Self-Employed,7257,No,14364,Good,Yes
APP06533,101950,51,Self-Employed,53684,Yes,24719,Poor,No
APP06534,36179,45,Employed,40820,No,9235,Poor,Yes
APP06535,82223,58,Employed,29831,No,15960,Good,Yes
APP06536,39126,34,Self-Employed,65288,No,62485,Good,Yes
APP06537,62933,28,Employed,39606,No,75822,Good,Yes
APP06538,82504,47,,43214,No,54217,Good,Yes
APP06539,44593,22,Unemployed,7189,No,70998,Good,No
APP06540,64784,37,Employed,60962,No,26120,Good,Yes
APP06541,49777,57,Employed,16597,No,67818,Good,Yes
APP06542,82406,34,Employed,25311,No,27764,Average,Yes
APP06543,66702,45,Employed,73126,No,71639,Good,Yes
APP06544,61545,,Unemployed,34758,Yes,64046,Average,No
APP06545,120977,49,Unemployed,20505,Yes,78704,Poor,No
APP06546,80833,40,Employed,59855,No,66355,Average,Yes
APP06547,43978,41,Employed,25416,No,32459,Good,Yes
APP06548,57726,42,Employed,30743,No,9696,Good,Yes
APP06549,57985,55,Employed,64027,No,70068,Good,Yes
APP06550,62208,57,Employed,75287,No,46124,Poor,No
APP06551,186863,36,Unemployed,75268,No,68793,Average,No
APP06552,70897,63,Employed,50813,No,31583,Good,Yes
APP06553,24003,37,Employed,48158,Yes,3287,Good,Yes
APP06554,46997,36,Employed,79826,No,5141,Average,Yes
APP06555,25148,22,Employed,23338,Yes,53969,Average,No
APP06556,51725,24,Employed,19459,No,10043,Poor,Yes
APP06557,24534,41,Employed,68146,No,59891,Average,No
APP06558,40534,59,Employed,43903,No,34136,Good,Yes
APP06559,30266,,Self-Employed,72450,No,45486,Average,No
APP06560,71323,50,Employed,29377,Yes,64296,Poor,No
APP06561,60015,26,Employed,35863,No,20993,Average,Yes
APP06562,68764,37,Self-Employed,90184,No,33619,Good,Yes
APP06563,57242,59,Self-Employed,45057,No,58635,Average,No
APP06564,,45,Employed,61141,Yes,73556,Poor,No
APP06565,,25,Employed,15135,No,23934,Good,Yes
APP06566,142501,25,Self-Employed,21989,No,50195,Good,Yes
APP06567,72131,40,Employed,8409,No,76146,Average,Yes
APP06568,49535,36,Employed,45315,Yes,52259,Average,No
APP06569,31554,61,Employed,98947,No,71530,Good,Yes
APP06570,39874,57,,88018,No,75239,Average,No
APP06571,73568,60,Employed,65126,No,74418,Good,Yes
APP06572,97246,,Employed,86804,Yes,60920,Poor,No
APP06573,67473,25,Self-Employed,61446,No,44616,Poor,No
APP06574,85995,62,Self-Employed,40033,No,8643,Good,Yes
APP06575,82500,22,Unemployed,21487,No,18594,Poor,No
APP06576,75361,,Employed,67040,Yes,21206,Good,No
APP06577,44613,63,Employed,23340,No,3628,Average,Yes
APP06578,64885,56,Self-Employed,44656,No,9052,Good,Yes
APP06579,40959,42,Employed,83451,No,24286,Good,Yes
APP06580,60472,42,Employed,17277,No,8169,Poor,Yes
APP06581,69633,42,Employed,17257,No,14393,Poor,Yes
APP06582,127714,54,Employed,26318,No,5299,Good,Yes
APP06583,33280,49,Employed,57432,No,33906,Good,Yes
APP06584,74517,58,Employed,28914,No,65885,Good,Yes
APP06585,116851,53,Unemployed,52804,No,65167,Poor,No
APP06586,84422,38,Employed,33688,No,72486,Good,Yes
APP06587,87284,27,Unemployed,53093,No,59902,Good,Yes
APP06588,78164,21,Self-Employed,31375,No,20311,Average,Yes
APP06589,107619,53,Employed,98101,No,56489,Poor,No
APP06590,36781,21,Self-Employed,51808,No,60552,Good,Yes
APP06591,32159,44,Employed,75646,Yes,43905,Average,No
APP06592,59829,24,Employed,71552,Yes,64754,Average,No
APP06593,22688,24,Employed,51603,No,6630,Good,Yes
APP06594,104390,38,Employed,27692,No,47988,Average,Yes
APP06595,103925,47,Employed,53518,No,38912,Average,Yes
APP06596,49370,63,Employed,69692,No,64612,Good,Yes
APP06597,50780,52,Employed,48692,No,11109,Good,Yes
APP06598,58078,53,Employed,12783,No,17797,Average,Yes
APP06599,61421,48,Employed,6708,No,45137,Good,Yes
APP06600,63534,62,Employed,36148,No,75829,Good,Yes
APP06601,77134,61,Employed,19271,Yes,7573,Good,Yes
APP06602,55516,56,Self-Employed,91088,No,59727,Good,Yes
APP06603,91724,26,Employed,21704,No,17227,Good,Yes
APP06604,73334,36,Self-Employed,42457,No,9330,Good,Yes
APP06605,45659,54,Employed,72647,No,32187,Good,Yes
APP06606,109415,43,Employed,82465,No,47061,Good,Yes
APP06607,32561,62,Employed,50383,Yes,66334,Good,No
APP06608,57562,44,Employed,22208,No,51141,Average,Yes
APP06609,92708,33,Unemployed,30735,Yes,39842,Average,No
APP06610,43335,38,Employed,44802,No,23568,Good,Yes
APP06611,68968,33,Employed,39636,No,24112,Poor,Yes
APP06612,76619,57,,38124,Yes,61876,Average,No
APP06613,40736,63,Employed,17526,No,10011,Average,Yes
APP06614,58075,59,Self-Employed,91764,No,12571,Good,Yes
APP06615,55920,62,Employed,7827,No,57859,Good,Yes
APP06616,46808,37,Self-Employed,46800,Yes,76922,Poor,No
APP06617,169034,35,Employed,98131,No,10499,Good,Yes
APP06618,42561,38,Employed,67674,No,49145,Average,No
APP06619,94308,43,Employed,38764,No,19896,Good,Yes
APP06620,50279,50,Employed,18879,No,3035,Poor,Yes
APP06621,36795,54,Self-Employed,96568,Yes,66749,Good,No
APP06622,62841,24,Employed,6329,No,41180,Good,Yes
APP06623,80354,23,Employed,69732,No,2887,Average,Yes
APP06624,90792,27,Unemployed,88613,Yes,71741,Good,No
APP06625,121191,38,Employed,7390,No,43319,Good,Yes
APP06626,225813,62,Employed,73892,No,59228,Good,Yes
APP06627,67160,27,Employed,99890,No,34457,Good,Yes
APP06628,44521,60,Employed,65766,Yes,15606,Good,Yes
APP06629,73563,26,Employed,44395,No,37780,Average,Yes
APP06630,53226,42,Employed,88068,No,23726,Average,Yes
APP06631,91015,21,Self-Employed,57647,Yes,24442,Poor,No
APP06632,33469,24,Employed,76197,No,51866,Good,Yes
APP06633,174181,,Self-Employed,60839,No,8432,Good,Yes
APP06634,88196,,Employed,8638,Yes,32364,Poor,No
APP06635,28122,41,Employed,25249,No,44185,Average,Yes
APP06636,43610,46,Self-Employed,12483,No,57079,Average,Yes
APP06637,86624,34,Unemployed,15135,No,50999,Good,Yes
APP06638,101870,29,Employed,6464,No,71013,Poor,No
APP06639,33847,32,Employed,45011,No,79398,Good,Yes
APP06640,82699,62,Self-Employed,21972,No,75056,Good,Yes
APP06641,24979,26,Unemployed,86291,No,61368,Average,No
APP06642,57636,40,Unemployed,76254,Yes,55195,Good,No
APP06643,98965,44,Employed,59452,No,3799,Good,Yes
APP06644,46813,47,Employed,51457,No,43146,Average,Yes
APP06645,30454,58,Employed,29308,No,53434,Average,Yes
APP06646,64081,28,Unemployed,50120,No,33622,Average,No
APP06647,45706,21,Employed,65917,No,31399,Good,Yes
APP06648,79650,44,Employed,79312,No,43860,Good,Yes
APP06649,40284,27,Unemployed,12760,Yes,72625,Good,No
APP06650,42379,39,Employed,72304,No,21613,Poor,No
APP06651,24165,42,Self-Employed,75559,No,32525,Good,Yes
APP06652,64769,55,Employed,58102,Yes,52594,Good,No
APP06653,55809,,Employed,25360,No,15695,Good,Yes
APP06654,35148,49,Employed,56223,Yes,66957,Good,No
APP06655,65468,42,Employed,52757,No,53619,Poor,No
APP06656,95252,31,Employed,50192,No,28829,Good,Yes
APP06657,,40,Employed,48761,No,58051,Average,Yes
APP06658,67695,49,Employed,15528,Yes,23068,Good,Yes
APP06659,67852,61,Unemployed,22375,No,62182,Good,Yes
APP06660,34897,62,Employed,14247,No,6584,Poor,Yes
APP06661,151382,54,Employed,28035,No,34713,Average,Yes
APP06662,48544,21,Employed,30030,No,21669,Average,Yes
APP06663,80608,51,Employed,28282,No,65519,Average,Yes
APP06664,84817,50,Unemployed,25038,No,60467,Good,Yes
APP06665,56347,38,Employed,74865,No,67507,Good,Yes
APP06666,78839,37,Employed,82764,No,52473,Good,Yes
APP06667,67018,,Self-Employed,36075,No,63830,Average,No
APP06668,31703,34,Employed,33987,No,35664,Good,Yes
APP06669,51667,43,Employed,85183,No,54567,Good,Yes
APP06670,45545,45,,64273,No,3458,Poor,Yes
APP06671,48743,35,Self-Employed,32877,Yes,70577,Good,No
APP06672,33366,42,Employed,72793,No,55097,Good,Yes
APP06673,99608,23,Employed,37736,Yes,69422,Good,No
APP06674,123377,39,Unemployed,60723,Yes,61898,Poor,No
APP06675,93172,64,Employed,99300,No,23624,Poor,Yes
APP06676,106281,54,Self-Employed,33651,No,22558,Good,Yes
APP06677,51381,,Unemployed,93400,Yes,64171,Good,No
APP06678,45062,21,Self-Employed,35462,No,15592,Good,Yes
APP06679,42266,41,Employed,56327,No,9742,Good,Yes
APP06680,80172,49,Employed,48698,No,2188,Good,Yes
APP06681,66455,26,Employed,79400,Yes,24576,Good,No
APP06682,,57,Employed,10804,No,8842,Poor,Yes
APP06683,107465,21,Unemployed,64577,No,64333,Good,No
APP06684,,21,Employed,77263,Yes,39279,Average,No
APP06685,,47,Employed,49854,Yes,20949,Good,Yes
APP06686,44165,41,Self-Employed,15003,No,48565,Good,Yes
APP06687,81552,36,Employed,28256,No,6558,Good,Yes
APP06688,95883,64,Employed,69569,Yes,58364,Average,No
APP06689,76907,60,Employed,90067,Yes,40610,Average,No
APP06690,140885,46,Employed,45053,No,1512,Good,Yes
APP06691,125223,36,Self-Employed,58239,No,26218,Good,Yes
APP06692,73172,48,Self-Employed,26697,No,60265,Poor,Yes
APP06693,41140,21,Employed,44160,No,15861,Average,Yes
APP06694,33276,56,Employed,36995,Yes,76988,Average,No
APP06695,50402,30,Self-Employed,67275,No,71834,Good,No
APP06696,84208,63,Unemployed,98546,No,62481,Average,No
APP06697,136502,,Employed,82264,No,7205,Good,Yes
APP06698,72399,43,Self-Employed,23256,Yes,28953,Good,No
APP06699,101521,27,Employed,59879,No,24558,Good,Yes
APP06700,53729,64,Employed,11309,No,11872,Good,Yes
APP06701,79407,27,Self-Employed,28457,No,79970,Good,Yes
APP06702,86908,64,Employed,21361,No,12629,Good,Yes
APP06703,24619,35,Employed,36877,No,25911,Good,Yes
APP06704,49814,54,Employed,69487,No,70531,Average,Yes
APP06705,91993,65,Employed,52442,No,12406,Poor,Yes
APP06706,67888,24,Employed,93626,No,38093,Good,Yes
APP06707,35020,34,Employed,25211,No,78080,Good,Yes
APP06708,20101,34,Employed,39600,Yes,20536,Good,No
APP06709,50894,36,Employed,36336,Yes,56542,Good,No
APP06710,58098,27,Employed,27417,No,7323,Good,Yes
APP06711,40309,52,Employed,99351,No,48469,Good,Yes
APP06712,63990,39,Self-Employed,41786,No,27785,Good,Yes
APP06713,75356,22,Employed,94348,No,56266,Average,No
APP06714,81138,30,Unemployed,42095,No,35198,Poor,No
APP06715,20784,,Unemployed,24389,No,24621,Average,No
APP06716,33212,57,Employed,16325,No,44135,Good,Yes
APP06717,52314,32,Employed,86279,No,12035,Average,Yes
APP06718,77620,26,Employed,8049,No,65340,Good,Yes
APP06719,74776,42,Employed,96617,No,60306,Good,Yes
APP06720,74194,52,Employed,44728,No,44052,Poor,Yes
APP06721,50492,61,Employed,28501,Yes,29997,Average,No
APP06722,51775,40,,63657,No,73303,Average,No
APP06723,43233,21,Unemployed,17627,No,51122,Good,Yes
APP06724,84778,26,Unemployed,11854,No,23499,Poor,No
APP06725,39651,39,Employed,83639,No,64730,Average,No
APP06726,87958,38,Employed,45344,No,51167,Good,Yes
APP06727,65883,26,Employed,54234,No,11034,Good,Yes
APP06728,58796,65,Employed,21786,No,10024,Good,Yes
APP06729,44649,,Self-Employed,10835,No,75110,Good,Yes
APP06730,32601,43,Self-Employed,39939,No,23745,Average,Yes
APP06731,44831,43,Employed,53084,No,53415,Good,Yes
APP06732,51720,46,Employed,77716,Yes,3878,Poor,No
APP06733,20662,33,Employed,52600,No,44964,Average,No
APP06734,54901,27,Unemployed,79338,No,19259,Good,Yes
APP06735,90950,35,Employed,15966,Yes,12030,Good,Yes
APP06736,77447,,Employed,11076,No,62107,Good,Yes
APP06737,47993,47,,20092,No,64954,Good,Yes
APP06738,61281,46,Self-Employed,78341,No,57502,Good,Yes
APP06739,46715,53,Unemployed,77136,No,1884,Good,Yes
APP06740,64154,35,Employed,18430,No,23508,Poor,Yes
APP06741,119988,56,Employed,7944,No,29516,Poor,Yes
APP06742,92774,65,Employed,70102,No,55577,Average,Yes
APP06743,75846,47,Unemployed,86252,Yes,60688,Average,No
APP06744,48065,25,Self-Employed,76640,No,50601,Poor,No
APP06745,84084,22,Self-Employed,24266,No,63338,Good,Yes
APP06746,28085,53,Employed,60458,No,34757,Good,Yes
APP06747,53559,36,Self-Employed,76950,Yes,43806,Average,No
APP06748,78024,43,Employed,29304,No,6076,Poor,Yes
APP06749,83725,58,Employed,55133,No,34746,Good,Yes
APP06750,81109,36,Employed,34874,No,35178,Good,Yes
APP06751,68513,34,Employed,26430,No,49310,Good,Yes
APP06752,54941,49,Employed,97111,Yes,30854,Good,No
APP06753,76434,46,Self-Employed,91695,No,19838,Good,Yes
APP06754,39078,55,Self-Employed,47338,No,19770,Good,Yes
APP06755,41027,35,Employed,17994,No,11576,Poor,Yes
APP06756,61690,23,Self-Employed,74151,No,56381,Poor,No
APP06757,64863,43,Employed,29292,No,50183,Poor,Yes
APP06758,26386,49,Employed,21009,No,46761,Good,Yes
APP06759,73638,54,Employed,41245,No,42951,Good,Yes
APP06760,84951,53,Self-Employed,55336,No,30035,Good,Yes
APP06761,57949,61,Employed,14257,No,61729,Poor,Yes
APP06762,174662,61,Self-Employed,59316,No,73840,Good,Yes
APP06763,44125,43,Self-Employed,6458,Yes,35759,Good,No
APP06764,51002,27,Employed,89728,No,33318,Good,Yes
APP06765,50228,23,Employed,92470,No,13855,Good,Yes
APP06766,57978,52,Self-Employed,74642,No,53986,Good,Yes
APP06767,51750,51,Employed,49322,Yes,45089,Average,No
APP06768,31858,38,Self-Employed,29215,No,79052,Good,Yes
APP06769,46918,63,Self-Employed,75691,No,47162,Good,Yes
APP06770,57421,27,Employed,93521,No,23800,Good,Yes
APP06771,104293,61,Unemployed,20061,No,45472,Average,Yes
APP06772,161637,21,Employed,49253,No,78791,Good,Yes
APP06773,109432,34,Unemployed,34950,Yes,58143,Poor,No
APP06774,42327,52,Employed,38890,No,11158,Good,Yes
APP06775,43870,26,Self-Employed,43547,No,28110,Good,Yes
APP06776,55849,59,Employed,95421,No,24596,Good,Yes
APP06777,133941,30,Self-Employed,29571,No,68689,Good,Yes
APP06778,55696,27,Employed,51804,No,49282,Average,No
APP06779,33015,46,Employed,95391,No,64998,Poor,No
APP06780,47886,54,Employed,50225,No,14923,Average,Yes
APP06781,84354,50,Self-Employed,87042,No,72735,Good,Yes
APP06782,81844,56,Employed,10583,Yes,5607,Good,Yes
APP06783,54831,41,Self-Employed,95538,No,30612,Poor,No
APP06784,81604,37,Self-Employed,22815,Yes,2118,Good,Yes
APP06785,21572,53,Unemployed,98094,No,15558,Average,No
APP06786,62870,30,Employed,21680,No,77016,Poor,No
APP06787,88381,62,Self-Employed,47215,No,7201,Good,Yes
APP06788,41246,32,Employed,34318,No,12487,Good,Yes
APP06789,41182,36,Self-Employed,46157,No,74063,Average,No
APP06790,25905,61,,28800,No,57104,Good,Yes
APP06791,122707,,,96705,No,33150,Good,Yes
APP06792,43392,35,Employed,34044,No,6432,Good,Yes
APP06793,66874,47,Employed,67061,No,63018,Good,Yes
APP06794,78737,48,Employed,18058,No,39925,Average,Yes
APP06795,118484,37,Unemployed,83317,No,26518,Good,Yes
APP06796,55985,22,Employed,56538,No,29499,Average,Yes
APP06797,47068,56,Unemployed,98047,No,40917,Poor,No
APP06798,64860,27,Employed,45223,Yes,44547,Good,No
APP06799,106931,33,Unemployed,23568,No,65630,Average,No
APP06800,55577,35,Self-Employed,37872,No,61965,Good,Yes
APP06801,39043,45,Self-Employed,75012,No,61598,Average,No
APP06802,29994,43,Employed,67615,No,58615,Poor,No
APP06803,34631,42,Employed,78943,No,60865,Good,Yes
APP06804,88528,46,Employed,11980,No,54531,Average,Yes
APP06805,51939,53,Employed,60135,No,69574,Good,Yes
APP06806,45648,31,Employed,93556,No,45039,Average,No
APP06807,43474,30,Self-Employed,15251,No,42147,Average,Yes
APP06808,62341,45,Employed,13962,No,56402,Average,Yes
APP06809,53871,57,Employed,73077,No,14114,Good,Yes
APP06810,53061,63,Employed,34942,No,62379,Average,Yes
APP06811,110117,58,Employed,67565,No,74956,Average,Yes
APP06812,119875,61,Employed,56812,No,24405,Good,Yes
APP06813,29074,65,Self-Employed,98676,No,49273,Good,Yes
APP06814,69530,44,Employed,89460,No,3577,Good,Yes
APP06815,42299,60,Self-Employed,69417,No,61500,Good,Yes
APP06816,53658,53,Employed,29859,No,45214,Good,Yes
APP06817,68960,37,Self-Employed,29881,No,54219,Good,Yes
APP06818,54523,,Employed,88813,No,12296,Average,Yes
APP06819,66557,57,Self-Employed,60607,No,64947,Poor,No
APP06820,81222,22,Employed,79982,Yes,21219,Average,No
APP06821,68505,52,Employed,47737,Yes,55099,Average,No
APP06822,44848,44,Employed,14792,No,47858,Good,Yes
APP06823,45205,29,Self-Employed,36605,Yes,52650,Good,No
APP06824,31390,24,Self-Employed,20309,No,4969,Poor,Yes
APP06825,40857,37,Employed,79274,No,59606,Average,No
APP06826,145079,37,Employed,71549,Yes,63825,Good,Yes
APP06827,42011,50,Employed,13399,No,38510,Good,Yes
APP06828,35069,60,Employed,64032,No,33300,Good,Yes
APP06829,69291,31,Employed,88043,No,28061,Good,Yes
APP06830,57093,41,Employed,71250,No,74303,Good,Yes
APP06831,54945,41,Unemployed,53556,No,60650,Poor,No
APP06832,113116,38,Unemployed,34627,No,56191,Average,No
APP06833,76819,49,Employed,89274,No,74123,Good,Yes
APP06834,47269,44,Employed,45166,No,28553,Good,Yes
APP06835,,30,Employed,86262,No,50781,Average,No
APP06836,47855,65,Employed,79385,No,55198,Good,Yes
APP06837,88941,37,Employed,82542,No,79702,Average,No
APP06838,52231,38,Employed,99031,Yes,34748,Good,No
APP06839,26774,62,,76132,No,32614,Good,Yes
APP06840,58709,40,Self-Employed,8234,No,7675,Good,Yes
APP06841,30045,57,Employed,24516,No,8778,Poor,Yes
APP06842,160332,65,Employed,8344,No,41432,Good,Yes
APP06843,38853,38,Self-Employed,23042,No,14523,Good,Yes
APP06844,55785,37,Self-Employed,10837,No,6762,Good,Yes
APP06845,67393,29,Employed,52654,No,77227,Average,No
APP06846,52691,,Self-Employed,7680,No,76162,Average,No
APP06847,52659,49,Employed,49895,No,26697,Good,Yes
APP06848,72542,,Employed,90390,No,63400,Good,Yes
APP06849,119240,24,Employed,76115,No,69931,Average,No
APP06850,84752,38,Self-Employed,94676,Yes,37715,Average,No
APP06851,116708,40,Employed,26531,Yes,18672,Average,Yes
APP06852,37463,63,Employed,55453,No,11255,Average,Yes
APP06853,,64,Self-Employed,35265,Yes,12125,Average,No
APP06854,,29,Self-Employed,51913,No,63958,Good,Yes
APP06855,70269,33,Self-Employed,57922,No,31369,Good,Yes
APP06856,111458,35,Employed,8438,No,55787,Average,Yes
APP06857,54325,47,Unemployed,27159,No,43557,Good,Yes
APP06858,49992,35,Employed,71953,No,32179,Good,Yes
APP06859,76297,48,Employed,78428,No,10781,Average,Yes
APP06860,26955,57,Employed,59098,Yes,27342,Good,Yes
APP06861,53934,39,Employed,30729,No,67374,Average,No
APP06862,56484,46,Employed,43483,No,65100,Good,Yes
APP06863,39654,46,Self-Employed,14123,Yes,3241,Good,Yes
APP06864,96546,45,Employed,95552,Yes,12082,Good,Yes
APP06865,37201,46,Employed,87524,Yes,60716,Poor,No
APP06866,56441,46,Employed,11232,No,27523,Poor,Yes
APP06867,68461,48,Employed,20817,No,51844,Good,Yes
APP06868,110321,38,Employed,60204,No,45451,Good,Yes
APP06869,59716,52,Unemployed,27081,No,52513,Good,Yes
APP06870,91434,23,Self-Employed,93768,No,5242,Good,Yes
APP06871,82238,22,Unemployed,76781,No,74558,Good,No
APP06872,63428,53,Employed,30963,No,2657,Good,Yes
APP06873,36747,62,Self-Employed,5580,No,1635,Average,Yes
APP06874,31462,39,Employed,80948,No,18866,Average,Yes
APP06875,62946,37,Self-Employed,45289,No,79486,Good,Yes
APP06876,46999,64,Employed,66026,No,6730,Average,Yes
APP06877,90741,53,Employed,32263,No,70086,Good,Yes
APP06878,83930,32,Employed,18573,No,13568,Good,Yes
APP06879,55217,23,Employed,69155,No,9619,Average,Yes
APP06880,35637,63,Employed,47781,No,62539,Good,Yes
APP06881,75503,46,Employed,27341,Yes,67888,Good,Yes
APP06882,37950,55,Self-Employed,18075,No,63582,Good,Yes
APP06883,42650,,Unemployed,60146,No,20041,Poor,No
APP06884,38614,56,Employed,73927,No,70508,Average,No
APP06885,56375,27,Employed,31969,No,6679,Good,Yes
APP06886,101589,56,Self-Employed,74839,No,28016,Average,Yes
APP06887,59864,36,Employed,22397,Yes,37591,Good,Yes
APP06888,49151,44,Employed,37149,No,6351,Poor,No
APP06889,30199,21,Self-Employed,75764,No,46808,Average,No
APP06890,76923,45,Employed,67714,No,45191,Good,Yes
APP06891,42231,30,Employed,30700,No,79382,Average,No
APP06892,63258,36,Employed,16603,No,50111,Average,Yes
APP06893,51159,36,Employed,9035,No,32406,Poor,Yes
APP06894,87490,28,Employed,84602,No,63425,Average,No
APP06895,55901,,Employed,12138,No,27462,Good,Yes
APP06896,58430,59,Employed,15910,No,43097,Good,Yes
APP06897,74659,48,Employed,27583,Yes,5382,Good,Yes
APP06898,154852,26,Employed,47339,No,26491,Good,Yes
APP06899,89492,36,Employed,80030,No,42721,Good,Yes
APP06900,57655,40,Employed,28511,No,56483,Good,Yes
APP06901,60086,36,Employed,56633,No,8824,Good,Yes
APP06902,47378,27,Employed,13585,No,63978,Average,Yes
APP06903,39128,61,Employed,49129,No,72113,Average,No
APP06904,46787,34,Employed,21876,No,23202,Good,Yes
APP06905,42389,63,Employed,25063,No,61462,Good,Yes
APP06906,80508,46,Employed,39849,No,15248,Good,Yes
APP06907,37051,46,Employed,77328,No,42350,Poor,No
APP06908,109321,34,Unemployed,75679,Yes,64013,Good,No
APP06909,84164,27,Employed,44422,No,31533,Poor,Yes
APP06910,60556,53,Employed,16274,No,3078,Poor,Yes
APP06911,60009,46,Employed,31666,No,43657,Poor,Yes
APP06912,46692,65,Self-Employed,53009,No,67731,Good,Yes
APP06913,67754,40,Employed,87594,No,9558,Good,Yes
APP06914,97904,23,,96984,No,3342,Poor,Yes
APP06915,43725,24,Employed,65560,No,64914,Good,Yes
APP06916,,46,,38315,No,22103,Good,Yes
APP06917,82335,31,Unemployed,70878,No,29783,Good,Yes
APP06918,69429,22,Unemployed,36942,Yes,7872,Good,No
APP06919,36243,34,Employed,64420,No,8633,Poor,Yes
APP06920,43134,64,Employed,28158,Yes,49549,Good,Yes
APP06921,40762,50,Self-Employed,30364,No,44626,Average,No
APP06922,43307,32,Employed,12146,No,24100,Average,Yes
APP06923,51867,46,Employed,44913,No,36766,Good,Yes
APP06924,53218,64,Self-Employed,63727,No,31668,Average,Yes
APP06925,44768,53,Employed,79936,No,55909,Poor,No
APP06926,42656,33,Unemployed,81983,No,69105,Poor,No
APP06927,54130,34,Employed,99282,No,61443,Average,No
APP06928,64703,44,Employed,13337,No,1348,Good,Yes
APP06929,52040,54,Employed,51848,No,8865,Good,Yes
APP06930,101063,64,Self-Employed,54531,No,34921,Good,Yes
APP06931,75413,46,Employed,81431,Yes,68292,Good,No
APP06932,29326,41,Employed,30304,No,19721,Good,Yes
APP06933,75946,48,Unemployed,11590,No,70437,Good,Yes
APP06934,78794,56,Employed,34807,No,9691,Good,Yes
APP06935,49339,,Employed,98473,No,6736,Good,Yes
APP06936,30615,22,Self-Employed,90447,No,73160,Good,No
APP06937,60218,62,Employed,42548,No,13796,Good,Yes
APP06938,59792,29,Employed,88246,No,37638,Average,No
APP06939,36220,43,Employed,8112,No,26751,Good,Yes
APP06940,31227,35,Self-Employed,34849,No,12663,Average,Yes
APP06941,57682,33,Employed,74047,No,50937,Poor,No
APP06942,54026,43,Self-Employed,26038,No,77130,Good,Yes
APP06943,49728,37,Employed,23847,No,52991,Poor,Yes
APP06944,57790,22,Unemployed,86872,No,28942,Average,No
APP06945,36529,40,Employed,63516,No,57232,Good,Yes
APP06946,49337,40,Employed,98957,No,12317,Good,Yes
APP06947,76275,23,Employed,17794,No,46821,Poor,Yes
APP06948,51257,32,Employed,38832,No,38087,Good,Yes
APP06949,28274,60,Employed,34565,No,29439,Good,Yes
APP06950,48503,22,Employed,88613,No,59426,Poor,No
APP06951,37069,,Employed,29253,No,10360,Average,Yes
APP06952,67664,34,Employed,38579,No,43090,Average,Yes
APP06953,69257,36,Employed,18569,Yes,68497,Poor,No
APP06954,28443,39,Self-Employed,78663,No,16935,Average,No
APP06955,84428,54,,27582,No,21899,Good,Yes
APP06956,36374,64,Employed,11490,No,53193,Good,Yes
APP06957,121023,26,Employed,46335,Yes,62034,Average,No
APP06958,58697,33,Employed,42189,No,23384,Good,Yes
APP06959,34242,56,Self-Employed,21873,No,29432,Good,Yes
APP06960,35890,42,Self-Employed,17692,No,59453,Good,Yes
APP06961,70175,38,Employed,90173,No,23541,Good,Yes
APP06962,50313,32,Employed,11445,No,53634,Good,Yes
APP06963,57446,50,Employed,14435,Yes,13548,Average,Yes
APP06964,123977,60,Employed,28279,No,33494,Average,Yes
APP06965,43802,27,Employed,95520,No,55405,Good,Yes
APP06966,61641,52,Employed,13112,Yes,37332,Average,No
APP06967,113667,39,Employed,82521,Yes,2520,Average,No
APP06968,67767,26,Employed,89745,No,33104,Good,Yes
APP06969,29118,40,Unemployed,40897,No,23778,Good,Yes
APP06970,75322,47,Employed,32920,No,9001,Good,Yes
APP06971,35552,63,Employed,69351,No,1722,Average,Yes
APP06972,113002,57,Employed,71750,No,4596,Good,Yes
APP06973,,27,Employed,79098,No,75991,Good,No
APP06974,228292,25,Self-Employed,83904,No,60236,Good,Yes
APP06975,116125,31,Employed,30498,No,75240,Poor,Yes
APP06976,41924,35,Employed,70261,No,10068,Average,Yes
APP06977,60543,23,,17816,No,46070,Good,Yes
APP06978,84224,25,Employed,53519,No,7580,Poor,Yes
APP06979,85370,43,Self-Employed,63224,No,3118,Good,Yes
APP06980,73215,57,Employed,20365,Yes,37836,Average,Yes
APP06981,,29,Employed,12268,No,52061,Good,Yes
APP06982,56770,35,Employed,23501,No,6021,Good,Yes
APP06983,50872,23,Employed,44956,No,29840,Average,Yes
APP06984,51329,49,Employed,89345,No,8123,Average,Yes
APP06985,88289,26,,55532,Yes,29606,Good,Yes
APP06986,70716,37,Employed,76107,Yes,38272,Good,Yes
APP06987,68403,46,Self-Employed,21544,Yes,27665,Good,Yes
APP06988,,41,Employed,15068,No,46524,Average,Yes
APP06989,23840,28,Employed,27764,No,47183,Good,Yes
APP06990,68984,41,Employed,34819,No,27302,Average,Yes
APP06991,66201,31,Employed,57070,No,31778,Poor,Yes
APP06992,127142,58,Employed,88718,No,35844,Good,Yes
APP06993,30159,28,Employed,45479,No,30677,Poor,No
APP06994,120914,62,Employed,54286,No,61091,Good,Yes
APP06995,,44,Unemployed,5438,No,12056,Average,Yes
APP06996,74768,55,Employed,8165,Yes,68706,Average,No
APP06997,127550,34,Self-Employed,12958,No,27169,Good,Yes
APP06998,77222,34,Self-Employed,71404,No,58193,Good,Yes
APP06999,71845,30,Unemployed,51188,No,70818,Poor,No
APP07000,66912,32,Employed,23331,No,71109,Good,Yes
APP07001,48269,58,Self-Employed,61297,No,36737,Good,Yes
APP07002,59236,64,Unemployed,56738,No,21272,Good,Yes
APP07003,43483,54,Employed,13436,No,48855,Good,Yes
APP07004,58809,61,Employed,65839,Yes,15533,Good,Yes
APP07005,20972,30,Employed,77880,No,63457,Good,Yes
APP07006,72778,37,Employed,32223,No,57196,Good,Yes
APP07007,56802,37,Employed,70311,No,63856,Average,No
APP07008,51576,23,Employed,23973,No,35227,Good,Yes
APP07009,66237,51,Self-Employed,76889,Yes,45037,Good,No
APP07010,31476,21,Employed,91619,No,9115,Good,Yes
APP07011,142953,32,Self-Employed,46977,No,55324,Good,Yes
APP07012,57288,59,Employed,28239,No,39460,Good,Yes
APP07013,56189,24,Employed,42922,No,41230,Good,Yes
APP07014,38858,62,Employed,28757,No,67912,Good,Yes
APP07015,60650,33,Employed,5118,No,62013,Good,Yes
APP07016,111997,54,Self-Employed,66793,No,43280,Average,Yes
APP07017,95632,62,Employed,9040,No,29053,Poor,Yes
APP07018,88133,41,Employed,24987,No,36268,Good,Yes
APP07019,76725,42,Unemployed,73633,No,28710,Average,No
APP07020,51060,24,Employed,68244,Yes,12977,Good,No
APP07021,31242,38,Self-Employed,11966,Yes,52016,Average,No
APP07022,54810,25,Employed,67705,Yes,55630,Average,No
APP07023,53958,39,Employed,93405,No,77726,Average,No
APP07024,96188,22,Employed,12078,No,37001,Poor,Yes
APP07025,68963,32,Unemployed,44490,No,79786,Good,No
APP07026,123951,37,Employed,74296,No,15781,Good,Yes
APP07027,102844,30,Self-Employed,68434,No,52874,Good,Yes
APP07028,48858,54,Unemployed,26519,No,79587,Average,No
APP07029,26750,26,Employed,20491,No,51586,Average,No
APP07030,111928,28,Employed,79503,No,36737,Good,Yes
APP07031,110616,31,Self-Employed,95843,No,41705,Good,Yes
APP07032,32445,32,Employed,77920,No,67795,Average,No
APP07033,,29,Employed,96504,No,75190,Good,Yes
APP07034,71257,22,Employed,62475,No,36860,Good,Yes
APP07035,64499,28,Self-Employed,93264,No,62017,Good,No
APP07036,124089,31,Self-Employed,70591,No,74761,Good,Yes
APP07037,109887,56,Employed,91344,Yes,23288,Good,No
APP07038,80435,30,Employed,20351,No,39960,Good,Yes
APP07039,74239,41,Unemployed,82479,Yes,79638,Good,No
APP07040,79180,40,Employed,23691,No,28925,Poor,Yes
APP07041,,28,Self-Employed,7606,No,49955,Good,Yes
APP07042,58531,56,Employed,54171,No,52905,Average,Yes
APP07043,39977,49,Self-Employed,35234,No,13178,Average,Yes
APP07044,51649,62,Unemployed,9135,No,64723,Poor,No
APP07045,50874,32,Employed,98129,No,33619,Average,No
APP07046,45081,34,Employed,68314,No,40526,Average,Yes
APP07047,63808,,Employed,90672,Yes,51785,Average,No
APP07048,51860,42,Employed,99913,Yes,33428,Good,No
APP07049,75215,41,Employed,42237,No,26682,Good,Yes
APP07050,28913,64,Employed,29200,No,44168,Good,Yes
APP07051,57016,50,Employed,22469,Yes,28396,Good,Yes
APP07052,63659,59,Employed,53943,No,35296,Good,Yes
APP07053,52173,40,Self-Employed,62578,Yes,9564,Good,No
APP07054,55521,44,Employed,49880,No,67735,Good,Yes
APP07055,29400,43,Employed,41789,No,33525,Average,Yes
APP07056,,27,Employed,20986,No,7540,Poor,Yes
APP07057,,29,Self-Employed,46977,No,63412,Good,Yes
APP07058,74921,21,Employed,13098,Yes,2550,Good,Yes
APP07059,95753,46,Employed,87180,No,48348,Poor,No
APP07060,65696,58,Employed,9456,No,56510,Average,Yes
APP07061,74422,58,Self-Employed,41161,No,16106,Poor,Yes
APP07062,64366,64,Self-Employed,14513,Yes,11369,Good,Yes
APP07063,81756,42,Self-Employed,78623,No,9997,Average,Yes
APP07064,29506,64,Employed,34710,No,79473,Average,Yes
APP07065,40134,30,Employed,15745,No,60652,Good,Yes
APP07066,122541,26,Self-Employed,55492,No,25704,Good,Yes
APP07067,19829,37,Employed,92046,No,27509,Good,Yes
APP07068,56332,58,Employed,91321,No,52241,Good,Yes
APP07069,101684,44,Employed,28717,Yes,37156,Poor,No
APP07070,57534,,Self-Employed,73368,No,22436,Good,Yes
APP07071,50003,28,Employed,7877,No,5511,Average,Yes
APP07072,63598,41,Employed,17526,Yes,62924,Average,No
APP07073,51185,26,Employed,52450,No,71170,Good,Yes
APP07074,60839,41,Employed,26732,No,17271,Average,Yes
APP07075,44116,59,Employed,80835,No,6009,Good,Yes
APP07076,98815,44,Employed,93452,Yes,10371,Good,Yes
APP07077,113842,53,Employed,5412,No,33726,Poor,Yes
APP07078,,38,Employed,27127,No,24649,Good,Yes
APP07079,32150,48,Employed,46758,No,6803,Good,Yes
APP07080,47400,52,Employed,58493,Yes,36935,Average,No
APP07081,55232,32,Employed,92011,Yes,17110,Average,No
APP07082,75327,62,Employed,89729,No,6289,Average,Yes
APP07083,38120,47,Employed,65531,No,52976,Poor,No
APP07084,42446,30,Employed,29452,No,46228,Good,Yes
APP07085,75501,62,Employed,79412,No,66285,Average,Yes
APP07086,,52,Employed,24252,Yes,24880,Poor,No
APP07087,45360,62,Employed,96691,No,11730,Good,Yes
APP07088,32930,46,Unemployed,5555,No,29453,Good,Yes
APP07089,,45,Employed,59128,Yes,62518,Good,Yes
APP07090,85356,31,Employed,13398,Yes,20097,Good,Yes
APP07091,53207,43,Employed,43722,No,21145,Good,Yes
APP07092,88713,54,Employed,65319,Yes,12659,Average,Yes
APP07093,56732,60,Employed,70512,No,78935,Poor,No
APP07094,88638,43,Self-Employed,79629,No,77417,Average,No
APP07095,64462,49,Employed,61366,No,52986,Poor,Yes
APP07096,62516,51,Employed,28875,No,17971,Good,Yes
APP07097,57010,,Self-Employed,89479,No,61558,Good,Yes
APP07098,31281,60,Employed,82055,No,47131,Poor,No
APP07099,143522,53,Employed,20205,No,60216,Poor,No
APP07100,39278,41,Employed,83519,No,68972,Good,Yes
APP07101,32536,22,Employed,97401,No,26159,Average,No
APP07102,54519,38,Employed,65536,Yes,73182,Good,No
APP07103,38927,53,Employed,31771,Yes,71986,Good,No
APP07104,58620,57,Employed,62626,No,44223,Poor,Yes
APP07105,81764,54,Self-Employed,37541,No,55081,Average,Yes
APP07106,93900,40,Self-Employed,69215,Yes,33472,Good,No
APP07107,86572,55,Self-Employed,56756,No,52753,Good,Yes
APP07108,52290,38,Self-Employed,93302,Yes,44368,Good,No
APP07109,61354,44,Employed,63701,No,26503,Average,Yes
APP07110,72088,,Employed,25328,No,26504,Good,Yes
APP07111,27203,50,Employed,73885,No,52482,Poor,No
APP07112,77564,64,Self-Employed,33583,No,76574,Average,No
APP07113,31142,,Employed,30877,No,16922,Good,Yes
APP07114,150280,43,Employed,42219,No,32010,Average,Yes
APP07115,50014,31,Self-Employed,6140,Yes,64651,Good,No
APP07116,55210,22,Self-Employed,97068,No,10718,Good,Yes
APP07117,42435,46,Self-Employed,55571,Yes,79539,Good,No
APP07118,45189,56,Employed,78482,Yes,54573,Poor,No
APP07119,166949,53,Employed,29496,No,72953,Good,Yes
APP07120,91607,33,Employed,75929,No,67206,Average,Yes
APP07121,29880,60,Employed,58881,No,62394,Good,Yes
APP07122,118066,45,Employed,45294,No,3599,Good,Yes
APP07123,102648,24,Employed,97214,No,33113,Average,Yes
APP07124,52868,62,,51915,No,16947,Average,Yes
APP07125,68879,39,Employed,67459,No,69835,Good,Yes
APP07126,59598,,Self-Employed,6458,No,54743,Good,Yes
APP07127,145766,57,Self-Employed,33638,No,9459,Good,Yes
APP07128,41931,50,Employed,89426,No,29408,Good,Yes
APP07129,64075,39,Employed,77101,No,6475,Average,Yes
APP07130,49485,43,Employed,55992,Yes,59460,Good,No
APP07131,31484,36,Employed,90515,No,34047,Average,Yes
APP07132,160868,21,Self-Employed,51191,Yes,19515,Average,No
APP07133,35256,32,Self-Employed,58818,Yes,41898,Good,No
APP07134,66248,44,Self-Employed,41305,Yes,4322,Good,Yes
APP07135,27413,54,Employed,63904,No,21326,Good,Yes
APP07136,50137,28,Self-Employed,35305,Yes,14849,Good,Yes
APP07137,72547,38,Employed,41622,No,74521,Average,Yes
APP07138,41397,25,Employed,96801,No,30791,Good,Yes
APP07139,78132,46,,15574,No,47173,Average,Yes
APP07140,53158,50,Self-Employed,14999,No,40732,Good,Yes
APP07141,101127,33,Employed,9115,No,53077,Good,Yes
APP07142,110735,39,Employed,35404,No,23050,Good,Yes
APP07143,46077,49,Employed,42832,No,10542,Average,Yes
APP07144,62108,23,,13979,Yes,7435,Good,Yes
APP07145,65163,46,Employed,57167,No,16278,Average,Yes
APP07146,79285,60,Employed,60414,No,39144,Good,Yes
APP07147,60390,32,Employed,76348,No,19646,Good,Yes
APP07148,65362,22,Self-Employed,97717,No,35286,Good,No
APP07149,53775,31,Employed,63838,No,3315,Good,Yes
APP07150,63194,64,Employed,15607,Yes,50577,Average,Yes
APP07151,107600,48,Employed,13410,Yes,70375,Good,Yes
APP07152,80245,38,Self-Employed,78867,No,4760,Good,Yes
APP07153,82262,33,Employed,66782,Yes,18225,Average,No
APP07154,,57,Self-Employed,20382,No,26104,Good,Yes
APP07155,55988,42,Employed,29069,No,23692,Good,Yes
APP07156,69256,32,Employed,76273,No,4190,Average,Yes
APP07157,36819,22,Unemployed,58785,Yes,9420,Good,No
APP07158,106198,57,Employed,60575,No,73084,Poor,No
APP07159,18000,27,Employed,24951,No,57198,Good,Yes
APP07160,,46,Employed,64761,No,76717,Good,Yes
APP07161,100258,46,Employed,78210,No,35797,Poor,No
APP07162,32479,44,Employed,89099,No,70444,Average,No
APP07163,71826,32,Unemployed,74988,No,65507,Good,No
APP07164,44168,36,Self-Employed,59756,No,70120,Good,No
APP07165,50825,43,Employed,68960,No,4093,Good,Yes
APP07166,91837,60,Employed,51086,No,52549,Good,Yes
APP07167,65593,29,Self-Employed,26555,No,45764,Average,Yes
APP07168,24020,52,Employed,88810,No,44072,Good,Yes
APP07169,38666,35,Employed,55599,Yes,40846,Good,No
APP07170,93060,57,Self-Employed,61460,No,63882,Good,Yes
APP07171,73433,33,Employed,99060,No,77476,Good,Yes
APP07172,131763,25,,98576,No,66485,Good,Yes
APP07173,127937,31,Self-Employed,60700,No,69761,Good,Yes
APP07174,51436,30,Unemployed,8226,No,39228,Average,Yes
APP07175,185082,33,Employed,42634,No,55558,Good,Yes
APP07176,60665,61,Self-Employed,94043,No,33830,Good,Yes
APP07177,38906,35,Employed,32389,No,29463,Poor,Yes
APP07178,45115,62,Employed,99931,Yes,71727,Average,No
APP07179,21733,27,Employed,13010,No,72512,Good,No
APP07180,123656,60,Employed,58971,No,54895,Poor,Yes
APP07181,122976,48,Employed,53968,No,67190,Poor,Yes
APP07182,37992,52,Self-Employed,29259,No,29469,Good,Yes
APP07183,54152,55,Employed,95118,Yes,35267,Average,No
APP07184,62638,35,Employed,63821,Yes,65860,Good,No
APP07185,38946,56,Self-Employed,26872,No,32446,Good,Yes
APP07186,27236,41,Self-Employed,41485,No,4157,Good,Yes
APP07187,54581,26,Employed,73517,Yes,28911,Good,No
APP07188,51928,21,Employed,33281,No,32460,Good,Yes
APP07189,50378,24,Self-Employed,88563,No,13216,Average,No
APP07190,66325,31,Self-Employed,20739,No,28186,Good,Yes
APP07191,114163,64,Employed,30128,No,74819,Poor,Yes
APP07192,52350,46,Employed,18765,No,68824,Average,Yes
APP07193,64783,57,Employed,14897,No,36228,Average,Yes
APP07194,83216,43,Self-Employed,33530,No,57081,Good,Yes
APP07195,76993,49,Employed,99922,No,12996,Average,Yes
APP07196,45506,41,Employed,13961,No,60452,Good,Yes
APP07197,62659,65,Self-Employed,25235,No,38587,Average,Yes
APP07198,76764,65,Employed,30804,No,58083,Good,Yes
APP07199,36111,47,Unemployed,63817,No,51878,Average,No
APP07200,105947,59,Employed,75808,No,19388,Good,Yes
APP07201,114269,60,Employed,76434,Yes,66941,Average,No
APP07202,43341,33,,5820,No,46202,Average,Yes
APP07203,,43,Unemployed,66926,No,62952,Average,No
APP07204,80108,36,Self-Employed,64920,No,8425,Good,Yes
APP07205,46938,50,Unemployed,54177,No,49613,Good,Yes
APP07206,74520,24,Self-Employed,41025,No,24059,Good,Yes
APP07207,64574,60,Employed,80757,No,69011,Good,Yes
APP07208,30994,36,Employed,37669,No,76011,Good,Yes
APP07209,73771,51,Employed,26851,No,5410,Good,Yes
APP07210,36572,62,Employed,34459,No,58218,Average,Yes
APP07211,91559,45,Unemployed,46767,No,9135,Good,Yes
APP07212,44358,64,Employed,25335,Yes,68743,Poor,No
APP07213,55800,32,,62719,No,10837,Good,Yes
APP07214,111260,46,Unemployed,89000,Yes,16406,Average,No
APP07215,75017,57,Employed,61569,No,20878,Good,Yes
APP07216,36914,53,Self-Employed,47433,No,58499,Poor,No
APP07217,38002,48,Employed,80703,Yes,24110,Good,No
APP07218,45817,,Self-Employed,76064,No,48091,Good,Yes
APP07219,71660,32,Employed,39871,No,46183,Good,Yes
APP07220,70498,25,Employed,62395,Yes,32779,Good,No
APP07221,41056,48,Employed,74335,No,43620,Good,Yes
APP07222,35485,55,Unemployed,28319,No,10337,Average,No
APP07223,68105,25,Self-Employed,39796,No,70218,Good,Yes
APP07224,55285,54,Employed,15049,No,17359,Average,Yes
APP07225,158395,54,Unemployed,98830,No,70538,Average,No
APP07226,60996,33,Employed,13158,No,41980,Poor,Yes
APP07227,,59,Self-Employed,21018,No,49501,Good,Yes
APP07228,35434,62,Employed,50584,No,21326,Good,Yes
APP07229,29559,65,Employed,87201,No,18564,Good,Yes
APP07230,36245,34,Employed,38809,Yes,39766,Good,No
APP07231,102458,31,Employed,78017,No,22121,Good,Yes
APP07232,132236,62,Employed,69223,No,34428,Good,Yes
APP07233,42198,58,Employed,65673,No,35777,Good,Yes
APP07234,48769,,Employed,85277,No,22402,Average,No
APP07235,35456,53,Employed,6346,No,24047,Good,Yes
APP07236,26552,27,Unemployed,93270,No,77860,Good,No
APP07237,82900,61,Employed,83776,No,47409,Good,Yes
APP07238,66334,28,Employed,94097,No,66718,Good,No
APP07239,60284,57,Employed,80391,No,4614,Average,Yes
APP07240,31955,30,Employed,88466,Yes,1152,Average,No
APP07241,125502,63,Self-Employed,24292,No,42009,Poor,Yes
APP07242,47839,35,Self-Employed,35327,No,66318,Average,Yes
APP07243,76285,58,Employed,34946,Yes,49263,Good,Yes
APP07244,31180,35,,15371,No,49888,Good,Yes
APP07245,55070,25,Self-Employed,74310,No,12009,Poor,No
APP07246,68406,49,Unemployed,17936,No,78307,Average,No
APP07247,69514,,Employed,9988,No,42846,Average,Yes
APP07248,64324,30,Employed,78667,No,9106,Average,Yes
APP07249,74954,32,Employed,90943,No,33722,Good,Yes
APP07250,36075,24,Employed,77592,No,6686,Average,Yes
APP07251,65573,51,Self-Employed,83408,Yes,34033,Good,No
APP07252,63151,38,Employed,61584,No,57213,Good,Yes
APP07253,66593,36,Employed,89336,No,26559,Good,Yes
APP07254,61985,60,Employed,52187,No,25735,Good,Yes
APP07255,33832,56,Employed,98891,No,41633,Good,Yes
APP07256,33160,45,Employed,14824,Yes,40380,Good,Yes
APP07257,22152,43,Employed,81872,Yes,37904,Good,No
APP07258,86681,32,Self-Employed,65932,No,41831,Good,Yes
APP07259,87077,54,Employed,60161,No,4789,Good,Yes
APP07260,87702,56,Employed,73952,No,38467,Average,Yes
APP07261,68882,57,Employed,84828,No,79369,Average,No
APP07262,22976,23,Employed,86974,No,61383,Good,Yes
APP07263,37801,29,Employed,21661,No,23718,Average,Yes
APP07264,64782,38,Employed,23718,No,54539,Good,Yes
APP07265,63773,63,,6536,No,27062,Good,Yes
APP07266,54277,55,Employed,17525,No,16130,Good,Yes
APP07267,70835,54,Self-Employed,30069,No,62111,Good,Yes
APP07268,60315,61,Employed,73498,No,17557,Average,Yes
APP07269,63351,34,Employed,50198,No,68831,Good,Yes
APP07270,45005,,Employed,77001,No,31052,Good,Yes
APP07271,93340,49,Employed,51221,No,60791,Good,Yes
APP07272,49427,61,Employed,57782,No,21508,Poor,Yes
APP07273,32968,65,Employed,15551,No,52566,Good,Yes
APP07274,42410,35,Employed,78773,Yes,17790,Poor,No
APP07275,51292,48,Employed,77022,No,2725,Poor,Yes
APP07276,93845,62,Employed,34218,No,65354,Average,Yes
APP07277,58870,36,Unemployed,36215,No,68637,Average,No
APP07278,55179,32,,25870,No,70565,Good,Yes
APP07279,34208,,Employed,82315,No,3868,Good,Yes
APP07280,85440,54,Employed,75966,No,61113,Poor,No
APP07281,44744,62,Employed,62869,Yes,67034,Good,No
APP07282,57359,21,Employed,27688,No,25624,Good,Yes
APP07283,116796,59,Self-Employed,21326,Yes,38166,Good,Yes
APP07284,75436,52,Employed,9776,Yes,33225,Average,Yes
APP07285,28836,46,Employed,9333,No,35768,Good,Yes
APP07286,27060,37,Unemployed,22778,No,67890,Good,Yes
APP07287,58289,47,Self-Employed,14551,No,34012,Average,Yes
APP07288,34765,44,Self-Employed,57830,No,24887,Good,Yes
APP07289,80334,55,Self-Employed,39019,No,11300,Good,Yes
APP07290,61152,62,Self-Employed,47270,No,54312,Good,Yes
APP07291,64636,59,Employed,61436,No,7652,Good,Yes
APP07292,43655,46,Employed,67615,No,5833,Good,Yes
APP07293,131363,58,Employed,66579,No,54845,Good,Yes
APP07294,215619,43,,29781,No,55849,Average,Yes
APP07295,52931,42,Self-Employed,81915,No,16727,Average,Yes
APP07296,70331,24,Employed,92182,No,76618,Good,Yes
APP07297,,29,Employed,35014,No,63237,Poor,No
APP07298,53383,24,Employed,6621,No,55228,Good,Yes
APP07299,41261,27,Employed,90420,No,60593,Good,Yes
APP07300,36822,43,Self-Employed,92737,No,33539,Average,No
APP07301,35993,22,Employed,9840,Yes,36996,Good,Yes
APP07302,72003,44,Employed,5471,No,69747,Average,Yes
APP07303,47489,60,Employed,82558,Yes,3008,Good,Yes
APP07304,18805,51,Employed,33639,No,64391,Good,Yes
APP07305,,51,Self-Employed,91885,No,36358,Average,Yes
APP07306,58976,60,Employed,25591,No,37654,Good,Yes
APP07307,109985,63,Unemployed,86810,No,26730,Good,Yes
APP07308,70969,54,Unemployed,11521,Yes,48959,Good,No
APP07309,30844,44,Unemployed,29761,No,54378,Good,Yes
APP07310,21999,46,Employed,97447,No,13700,Average,Yes
APP07311,43405,36,,26964,No,45692,Average,No
APP07312,45288,33,Employed,17636,No,37728,Average,Yes
APP07313,91722,35,Self-Employed,86420,No,62771,Good,Yes
APP07314,59761,47,Unemployed,16191,No,44078,Good,Yes
APP07315,99933,24,Unemployed,14258,Yes,34936,Average,No
APP07316,33055,36,Self-Employed,35725,No,42786,Good,Yes
APP07317,92639,50,Employed,65356,No,39755,Good,Yes
APP07318,82996,64,Employed,72521,Yes,74879,Average,No
APP07319,24195,50,Employed,88718,No,25639,Good,Yes
APP07320,108801,56,Self-Employed,56387,No,3951,Average,Yes
APP07321,62577,23,Employed,42375,No,53298,Good,Yes
APP07322,71576,42,Employed,39089,Yes,48704,Average,No
APP07323,40656,42,Employed,85456,No,72888,Good,Yes
APP07324,106506,32,Employed,73762,No,10281,Poor,Yes
APP07325,,41,Unemployed,91016,No,42289,Good,No
APP07326,87251,24,Employed,96583,No,12911,Poor,Yes
APP07327,86801,51,Self-Employed,33505,Yes,37001,Good,Yes
APP07328,38705,64,Employed,55319,No,64150,Average,Yes
APP07329,146476,51,Self-Employed,65023,No,68734,Average,Yes
APP07330,66589,43,Employed,20566,No,66875,Good,Yes
APP07331,80527,40,Employed,10068,No,44245,Good,Yes
APP07332,30179,35,Unemployed,87438,No,51083,Poor,No
APP07333,,43,Self-Employed,55875,No,44574,Good,Yes
APP07334,34581,48,Employed,59224,No,45338,Average,Yes
APP07335,95158,36,Employed,57717,No,70927,Good,Yes
APP07336,38348,57,Employed,76721,Yes,17533,Average,No
APP07337,45413,41,Employed,18823,No,35663,Good,Yes
APP07338,85566,35,Employed,63335,No,49195,Average,Yes
APP07339,95273,37,Employed,49601,No,61463,Good,Yes
APP07340,33861,57,Employed,90211,No,61189,Good,Yes
APP07341,98009,33,Employed,54364,No,10263,Good,Yes
APP07342,96023,39,Employed,94579,No,18531,Average,Yes
APP07343,39341,50,Unemployed,38559,No,73010,Good,No
APP07344,123191,65,Employed,96855,Yes,29244,Good,Yes
APP07345,31148,38,Self-Employed,88140,Yes,1214,Average,No
APP07346,45295,34,Employed,60505,No,16784,Good,Yes
APP07347,74433,56,Employed,38602,No,77595,Poor,No
APP07348,40864,,Employed,40713,No,25470,Average,Yes
APP07349,67563,40,Employed,78411,No,49483,Good,Yes
APP07350,66875,39,Employed,60160,No,58405,Good,Yes
APP07351,55156,65,Employed,43151,No,52080,Average,Yes
APP07352,87263,64,Self-Employed,65425,No,30828,Good,Yes
APP07353,54140,27,Employed,74657,No,35003,Average,No
APP07354,66589,64,Self-Employed,7176,Yes,67201,Good,Yes
APP07355,100510,24,Unemployed,13537,No,53360,Good,Yes
APP07356,85640,,Employed,13976,No,2851,Good,Yes
APP07357,85460,22,Employed,27034,Yes,17073,Poor,No
APP07358,35774,25,Employed,45564,No,23618,Average,Yes
APP07359,75982,30,Employed,81347,Yes,29873,Good,No
APP07360,40408,52,Employed,38354,No,46575,Poor,No
APP07361,33707,62,Self-Employed,6660,No,29954,Good,Yes
APP07362,58095,61,Unemployed,50919,No,66176,Average,No
APP07363,39941,33,Self-Employed,99680,No,38433,Average,No
APP07364,85637,59,Employed,38157,Yes,40672,Average,No
APP07365,86564,25,Employed,96319,No,34764,Good,Yes
APP07366,25487,30,Employed,14628,Yes,25527,Good,Yes
APP07367,41331,30,Employed,21444,No,58259,Average,Yes
APP07368,31107,58,Employed,73792,No,19135,Good,Yes
APP07369,48723,47,Employed,52615,No,55470,Good,Yes
APP07370,73639,41,Unemployed,77687,No,42847,Average,No
APP07371,53802,28,Self-Employed,87038,No,9079,Average,Yes
APP07372,46014,,Self-Employed,28853,No,2419,Good,Yes
APP07373,107708,48,Unemployed,69869,No,14386,Good,Yes
APP07374,21267,59,Employed,62722,No,61121,Good,Yes
APP07375,104683,34,Employed,86846,No,31383,Average,Yes
APP07376,46966,41,Self-Employed,45860,No,64585,Average,No
APP07377,57928,50,Unemployed,9928,No,40651,Average,Yes
APP07378,47325,41,Employed,59548,No,3587,Average,Yes
APP07379,,29,Employed,96093,Yes,67842,Average,No
APP07380,34481,37,Self-Employed,6390,No,74965,Good,Yes
APP07381,60318,25,Employed,27825,Yes,6863,Good,Yes
APP07382,76073,51,Employed,35026,No,17460,Average,Yes
APP07383,29061,60,Employed,77755,No,57529,Good,Yes
APP07384,,58,Unemployed,35711,Yes,79777,Poor,No
APP07385,56130,63,Employed,27713,No,70228,Poor,Yes
APP07386,40259,39,Self-Employed,66613,No,8817,Good,Yes
APP07387,41568,56,Employed,9409,No,48972,Good,Yes
APP07388,51260,53,Employed,21207,No,53551,Good,Yes
APP07389,80371,33,Unemployed,43763,No,50836,Average,No
APP07390,51425,34,Employed,38782,No,45877,Average,Yes
APP07391,97479,53,Employed,37981,No,24084,Good,Yes
APP07392,,49,Employed,15313,No,53812,Average,Yes
APP07393,34157,63,Self-Employed,39280,No,58548,Average,Yes
APP07394,142765,56,Employed,80809,No,46486,Good,Yes
APP07395,44624,64,Employed,44315,Yes,40275,Good,Yes
APP07396,33263,30,Self-Employed,60686,No,18303,Good,Yes
APP07397,27397,51,Employed,20540,No,44033,Good,Yes
APP07398,97333,26,,11623,No,11132,Good,Yes
APP07399,51458,21,Self-Employed,88596,No,6745,Good,Yes
APP07400,53526,27,Employed,36480,No,62450,Poor,No
APP07401,55852,47,Employed,38282,No,54426,Good,Yes
APP07402,94648,41,Employed,88380,No,52274,Good,Yes
APP07403,55343,48,Unemployed,72238,No,74322,Good,No
APP07404,172288,36,Employed,76845,No,31081,Average,Yes
APP07405,63722,43,Employed,69790,No,32579,Average,Yes
APP07406,96752,40,Self-Employed,15050,No,33686,Average,Yes
APP07407,86203,58,Employed,96010,No,37757,Average,Yes
APP07408,59024,45,Employed,91368,No,41515,Good,Yes
APP07409,46072,48,Employed,27441,Yes,62463,Good,No
APP07410,69667,25,Self-Employed,81379,No,18199,Average,No
APP07411,75482,41,Employed,43893,No,35293,Good,Yes
APP07412,46371,38,Self-Employed,69958,No,40905,Average,No
APP07413,64664,26,Employed,20732,No,14360,Good,Yes
APP07414,104652,49,Employed,56163,No,56453,Poor,No
APP07415,152295,39,Employed,17029,No,5445,Good,Yes
APP07416,88130,53,Unemployed,55936,No,47287,Good,Yes
APP07417,138738,21,Employed,28141,Yes,16969,Good,Yes
APP07418,,65,Employed,47984,No,1669,Average,Yes
APP07419,82285,23,Employed,68457,No,25946,Good,Yes
APP07420,109583,62,Employed,88322,No,34902,Good,Yes
APP07421,40085,41,Employed,20702,No,65567,Good,Yes
APP07422,48223,55,Employed,89861,No,33220,Good,Yes
APP07423,131158,61,Employed,42054,No,73319,Good,Yes
APP07424,38689,60,Employed,85161,No,67561,Good,Yes
APP07425,32813,23,Self-Employed,53692,Yes,16226,Poor,No
APP07426,119335,45,Unemployed,86910,Yes,13302,Average,No
APP07427,102811,65,Employed,67968,No,20264,Good,Yes
APP07428,72879,58,Employed,53328,No,29415,Good,Yes
APP07429,58778,65,Employed,34691,No,47095,Good,Yes
APP07430,49255,40,Employed,97046,No,10802,Good,Yes
APP07431,68117,64,Employed,81085,No,43031,Average,Yes
APP07432,122151,65,,41213,No,46881,Good,Yes
APP07433,66800,54,Unemployed,20839,No,53210,Poor,No
APP07434,159091,41,Employed,79056,No,44457,Good,Yes
APP07435,40056,43,Employed,99045,No,66189,Good,Yes
APP07436,59471,26,Employed,31503,No,51686,Poor,No
APP07437,50727,33,Employed,92007,No,74040,Good,No
APP07438,36820,43,Self-Employed,16910,No,56373,Good,Yes
APP07439,56006,29,Employed,95460,Yes,35453,Good,No
APP07440,72395,37,Unemployed,75807,No,17565,Good,Yes
APP07441,75963,22,Employed,37927,No,1831,Good,Yes
APP07442,159341,39,Employed,33940,No,8142,Poor,Yes
APP07443,73947,39,Unemployed,66126,No,15984,Poor,No
APP07444,100676,27,Employed,61383,No,18099,Average,Yes
APP07445,61811,62,Employed,92299,No,59621,Good,Yes
APP07446,127673,62,Self-Employed,77793,No,31498,Poor,No
APP07447,176558,40,Employed,56335,No,26639,Average,Yes
APP07448,76198,29,Self-Employed,93119,No,5137,Good,Yes
APP07449,38384,37,Employed,61309,No,43554,Good,Yes
APP07450,46870,47,Employed,85720,Yes,49420,Average,No
APP07451,68116,22,Employed,84890,Yes,70351,Average,No
APP07452,73683,56,Unemployed,92324,Yes,40725,Good,No
APP07453,82157,39,Employed,11422,No,1610,Good,Yes
APP07454,73806,37,Employed,60463,No,6157,Poor,Yes
APP07455,60189,25,Employed,49497,No,22409,Good,Yes
APP07456,45063,59,,51602,No,11996,Good,Yes
APP07457,71870,38,Employed,48692,Yes,61876,Poor,No
APP07458,138253,27,Employed,84559,No,9521,Good,Yes
APP07459,94946,37,Self-Employed,35251,No,13702,Poor,Yes
APP07460,76322,59,Employed,48961,No,53676,Average,Yes
APP07461,95359,56,Employed,24065,No,19931,Good,Yes
APP07462,50773,60,Employed,28913,Yes,77557,Good,No
APP07463,47733,65,Employed,67740,No,69192,Good,Yes
APP07464,42856,24,Self-Employed,16109,No,59819,Good,No
APP07465,56711,58,Employed,22843,Yes,28108,Average,No
APP07466,49622,45,Employed,55163,No,5486,Good,Yes
APP07467,103345,25,Employed,9158,Yes,27576,Average,No
APP07468,48446,50,Self-Employed,17058,No,30762,Average,Yes
APP07469,41809,32,Unemployed,87019,No,11067,Good,Yes
APP07470,143812,24,Employed,85384,No,10531,Poor,Yes
APP07471,48971,,Employed,38039,No,53781,Average,Yes
APP07472,64292,49,Employed,38059,No,19360,Poor,Yes
APP07473,73511,29,Employed,93969,No,54563,Good,Yes
APP07474,35975,24,Employed,7455,No,44316,Average,Yes
APP07475,104618,44,Unemployed,60128,No,72216,Good,No
APP07476,79922,34,Employed,61752,No,63976,Poor,No
APP07477,120979,25,Self-Employed,79849,No,12958,Good,Yes
APP07478,44199,38,Employed,95416,Yes,49203,Good,No
APP07479,62737,,Self-Employed,38804,No,52597,Good,Yes
APP07480,61072,39,Employed,46594,No,69102,Good,Yes
APP07481,67565,,Employed,68773,No,51636,Good,Yes
APP07482,31180,38,Unemployed,96891,No,12116,Good,Yes
APP07483,63068,37,Employed,89625,No,21417,Poor,No
APP07484,31577,50,Employed,68370,No,51370,Good,Yes
APP07485,70499,44,Self-Employed,86389,No,73043,Good,Yes
APP07486,23022,31,Employed,13094,No,71431,Poor,No
APP07487,26079,55,Employed,40827,No,29376,Good,Yes
APP07488,86721,43,Self-Employed,6244,No,66623,Poor,No
APP07489,46912,37,Unemployed,21860,Yes,41392,Good,No
APP07490,38467,21,Self-Employed,64897,No,37683,Good,Yes
APP07491,106296,35,Employed,89128,No,28720,Good,Yes
APP07492,69531,52,Self-Employed,65114,Yes,54578,Poor,No
APP07493,88835,29,Self-Employed,68093,No,48368,Poor,No
APP07494,55675,35,Self-Employed,14863,No,30598,Average,Yes
APP07495,200372,48,Self-Employed,68162,No,61264,Good,Yes
APP07496,45710,44,Employed,48163,No,30968,Poor,Yes
APP07497,131547,,Employed,66887,No,47167,Poor,No
APP07498,58366,,Employed,35986,No,31998,Good,Yes
APP07499,28497,47,Unemployed,60241,No,10233,Average,No
APP07500,,39,Employed,45287,No,13734,Poor,Yes
APP07501,69130,65,Unemployed,58071,Yes,52882,Good,No
APP07502,37384,32,Unemployed,18974,No,65087,Good,Yes
APP07503,39620,40,Unemployed,42603,No,38009,Poor,No
APP07504,59337,21,Unemployed,40556,Yes,26721,Good,No
APP07505,70227,41,Self-Employed,74957,No,27583,Poor,No
APP07506,19738,65,Self-Employed,72109,No,48214,Good,Yes
APP07507,96375,21,Self-Employed,91342,No,37947,Good,Yes
APP07508,48030,30,Employed,65045,Yes,1058,Good,Yes
APP07509,32952,52,Employed,34882,No,61946,Average,Yes
APP07510,91636,59,Employed,79406,No,12243,Good,Yes
APP07511,59366,42,Employed,52215,Yes,54310,Good,No
APP07512,103712,38,Employed,23382,No,28193,Good,Yes
APP07513,73070,52,Unemployed,76004,No,46662,Average,No
APP07514,59959,47,Employed,17590,No,68554,Poor,Yes
APP07515,56015,48,Employed,21925,No,13188,Average,Yes
APP07516,74557,38,Self-Employed,77082,No,62433,Average,No
APP07517,49812,59,Employed,78164,No,4026,Good,Yes
APP07518,40882,49,Employed,80124,No,73788,Good,Yes
APP07519,78949,38,Self-Employed,32866,No,16925,Good,Yes
APP07520,56223,64,Employed,87326,No,63759,Average,Yes
APP07521,60913,28,Self-Employed,73653,No,6310,Poor,No
APP07522,97961,51,Employed,84227,No,26837,Average,Yes
APP07523,57003,54,Employed,72318,Yes,51050,Poor,No
APP07524,60407,27,Self-Employed,60062,No,53047,Average,No
APP07525,45810,56,Employed,15393,No,56206,Good,Yes
APP07526,72834,38,Unemployed,72539,No,28718,Good,Yes
APP07527,70229,58,Employed,70594,No,53615,Poor,No
APP07528,89990,29,Employed,34687,No,34852,Poor,Yes
APP07529,46235,29,,74903,No,45708,Good,No
APP07530,48829,28,Unemployed,57293,No,44231,Average,No
APP07531,85696,55,Employed,58144,Yes,14283,Good,Yes
APP07532,67211,38,Employed,39922,No,67881,Good,Yes
APP07533,39907,25,Self-Employed,16095,No,69504,Poor,No
APP07534,108018,,Employed,25608,No,17094,Poor,Yes
APP07535,27940,48,Employed,78039,No,33906,Good,Yes
APP07536,85394,50,Self-Employed,30787,No,37725,Good,Yes
APP07537,33954,24,Employed,5214,No,44365,Average,Yes
APP07538,140183,59,Employed,99717,No,2760,Good,Yes
APP07539,29942,40,Employed,25015,No,60946,Good,Yes
APP07540,100772,45,Unemployed,67261,No,69095,Good,Yes
APP07541,57836,48,Employed,93058,No,12233,Good,Yes
APP07542,50875,32,Self-Employed,61973,No,71834,Average,No
APP07543,65220,22,Employed,80908,Yes,68222,Good,No
APP07544,79734,63,Employed,97755,No,43838,Good,Yes
APP07545,39939,34,Employed,86735,No,22704,Poor,No
APP07546,41564,42,Employed,58001,No,17392,Poor,Yes
APP07547,80372,51,Employed,39552,Yes,39641,Good,Yes
APP07548,27828,43,Employed,50834,No,41069,Good,Yes
APP07549,46129,40,Self-Employed,84973,No,52498,Good,Yes
APP07550,235722,58,Self-Employed,86069,No,64329,Good,Yes
APP07551,38812,,Employed,85356,No,74825,Good,Yes
APP07552,100570,35,Self-Employed,61736,Yes,63906,Good,No
APP07553,46093,44,Employed,50311,No,72815,Poor,No
APP07554,75446,45,Employed,34577,No,40450,Poor,Yes
APP07555,80544,21,Employed,5319,No,4072,Average,Yes
APP07556,99721,27,Employed,77626,Yes,5095,Average,No
APP07557,54830,51,,31315,No,22211,Average,Yes
APP07558,146840,32,Employed,36319,No,49505,Good,Yes
APP07559,46023,62,,85131,No,27483,Good,Yes
APP07560,66669,25,Employed,9964,No,14125,Average,Yes
APP07561,67002,64,Unemployed,93124,No,68189,Average,No
APP07562,36214,,Self-Employed,5129,No,78815,Good,Yes
APP07563,52757,58,Employed,94221,No,2315,Good,Yes
APP07564,64523,32,Unemployed,48202,No,8065,Poor,No
APP07565,49397,59,Employed,14702,No,40448,Good,Yes
APP07566,179965,38,Self-Employed,69045,No,27676,Good,Yes
APP07567,41139,22,Employed,90106,No,62790,Good,Yes
APP07568,102012,30,Employed,46617,No,52690,Good,Yes
APP07569,88213,35,Employed,70679,No,6412,Good,Yes
APP07570,59627,50,Employed,98039,No,44046,Good,Yes
APP07571,40650,64,Employed,27867,Yes,27586,Average,Yes
APP07572,42463,37,Employed,82943,Yes,77244,Good,No
APP07573,47525,24,,33048,No,38547,Average,Yes
APP07574,26863,27,Employed,45502,No,74285,Good,Yes
APP07575,38198,61,Self-Employed,31768,Yes,3384,Good,Yes
APP07576,30791,51,Employed,47371,No,9159,Poor,Yes
APP07577,109946,59,Self-Employed,5483,No,31515,Average,Yes
APP07578,79254,54,Employed,33827,No,71070,Average,Yes
APP07579,,,,47303,No,44024,Good,Yes
APP07580,78204,58,Employed,65063,No,66107,Good,Yes
APP07581,64682,65,Unemployed,65549,No,23399,Average,Yes
APP07582,115775,54,Employed,60460,No,9808,Good,Yes
APP07583,,64,,32838,No,20437,Average,Yes
APP07584,62950,35,Employed,95003,No,51979,Good,Yes
APP07585,83975,34,Employed,42237,Yes,69842,Average,No
APP07586,33109,26,Employed,25605,Yes,36945,Average,No
APP07587,241727,57,Employed,57679,No,16296,Good,Yes
APP07588,60776,52,Self-Employed,76148,No,51371,Good,Yes
APP07589,63959,23,Self-Employed,6162,No,16558,Average,Yes
APP07590,105630,23,Unemployed,31253,No,46053,Average,No
APP07591,90566,42,Employed,83373,No,9081,Good,Yes
APP07592,61037,42,Employed,53167,No,65080,Good,Yes
APP07593,63618,30,Employed,43806,Yes,64608,Good,No
APP07594,30492,23,Unemployed,93436,Yes,43759,Good,No
APP07595,46709,32,Employed,13506,No,4016,Good,Yes
APP07596,75724,49,Employed,63479,No,23135,Poor,Yes
APP07597,,37,Unemployed,37508,Yes,11925,Good,No
APP07598,,27,Employed,11728,No,42353,Poor,Yes
APP07599,56833,,Employed,25306,No,9037,Average,Yes
APP07600,32139,22,Employed,64654,No,69708,Good,Yes
APP07601,96532,24,Employed,7686,No,68163,Good,Yes
APP07602,114501,30,Unemployed,61264,No,13332,Poor,No
APP07603,,59,Employed,95901,No,55896,Good,Yes
APP07604,55741,44,Employed,80534,No,56024,Good,Yes
APP07605,,37,Employed,37832,No,32344,Poor,Yes
APP07606,250000,26,Employed,18130,No,13087,Good,Yes
APP07607,63191,39,Employed,49181,No,11437,Good,Yes
APP07608,33250,25,Employed,42330,No,59419,Good,Yes
APP07609,46086,52,Employed,97315,No,18394,Average,Yes
APP07610,79504,30,Employed,99037,No,48673,Good,Yes
APP07611,29142,29,,44006,No,69405,Good,Yes
APP07612,64753,47,Employed,19134,No,47855,Good,Yes
APP07613,71200,33,Self-Employed,91508,No,77943,Average,No
APP07614,119719,39,Employed,80387,No,51995,Average,Yes
APP07615,108195,,Employed,53571,No,25854,Good,Yes
APP07616,88536,44,Unemployed,39709,No,68345,Average,No
APP07617,22672,58,Employed,47576,No,25562,Good,Yes
APP07618,90814,24,Employed,90679,No,77754,Good,Yes
APP07619,82420,44,Employed,22541,No,38741,Poor,Yes
APP07620,67324,55,Employed,81644,No,76307,Good,Yes
APP07621,27543,23,Employed,6728,No,15504,Poor,No
APP07622,42300,,Employed,92454,No,1900,Average,Yes
APP07623,35491,57,Employed,52528,Yes,16494,Good,Yes
APP07624,,60,Employed,26541,No,8771,Average,Yes
APP07625,59921,55,Self-Employed,5271,No,58983,Good,Yes
APP07626,41902,51,,58157,Yes,21899,Good,Yes
APP07627,195534,64,Employed,28226,No,51518,Average,Yes
APP07628,55612,45,Employed,64970,No,53824,Poor,No
APP07629,107397,60,Employed,31711,No,55371,Good,Yes
APP07630,29614,33,Employed,13362,No,66776,Poor,No
APP07631,47267,24,Employed,52980,No,12768,Poor,No
APP07632,62674,34,Employed,58626,No,4987,Good,Yes
APP07633,39872,33,Self-Employed,47996,No,3347,Poor,No
APP07634,49618,47,Self-Employed,48513,No,9199,Good,Yes
APP07635,54395,26,Employed,61017,Yes,30956,Good,No
APP07636,54006,37,Self-Employed,55004,Yes,77423,Poor,No
APP07637,138262,56,Self-Employed,17594,Yes,28905,Good,Yes
APP07638,71133,60,Employed,23723,No,36781,Average,Yes
APP07639,74450,55,Unemployed,18470,Yes,65337,Good,No
APP07640,76492,37,Self-Employed,70863,No,73569,Good,No
APP07641,79046,61,Employed,55217,No,77744,Average,Yes
APP07642,57803,22,Employed,45836,No,66290,Good,Yes
APP07643,51936,33,Unemployed,80842,No,40699,Good,No
APP07644,64677,22,Employed,35950,No,19129,Poor,Yes
APP07645,100978,48,Employed,58970,No,48271,Poor,Yes
APP07646,99599,63,Employed,12069,No,16547,Good,Yes
APP07647,53848,46,Employed,75718,No,5402,Good,Yes
APP07648,84764,42,Employed,71043,No,73629,Good,Yes
APP07649,54970,63,Self-Employed,81226,No,39298,Poor,No
APP07650,60922,23,Employed,89025,No,41151,Good,Yes
APP07651,48485,55,Employed,77013,Yes,49128,Good,No
APP07652,55291,32,Self-Employed,85227,Yes,36661,Poor,No
APP07653,109721,44,Employed,37837,No,36110,Good,Yes
APP07654,62548,25,Employed,37617,Yes,73296,Good,No
APP07655,63766,40,Employed,94709,Yes,65507,Good,No
APP07656,31284,59,,91885,No,17795,Poor,No
APP07657,52205,59,Employed,57107,Yes,24050,Good,No
APP07658,53826,33,,39823,No,53189,Good,Yes
APP07659,41315,61,Employed,87270,Yes,46116,Poor,No
APP07660,60588,65,Self-Employed,35724,No,61527,Average,Yes
APP07661,49462,32,Employed,19595,Yes,58483,Good,No
APP07662,62199,33,Employed,65752,No,56975,Good,Yes
APP07663,63372,30,Employed,9049,No,70537,Good,Yes
APP07664,39027,,Employed,41015,No,61558,Good,Yes
APP07665,50145,60,Employed,81728,No,20185,Good,Yes
APP07666,62126,36,Employed,33046,Yes,69954,Good,No
APP07667,102236,65,Self-Employed,93475,No,27507,Average,Yes
APP07668,67348,55,Unemployed,95803,Yes,72961,Good,No
APP07669,44544,23,Employed,82503,No,66117,Good,Yes
APP07670,71801,25,Employed,98826,Yes,6853,Good,Yes
APP07671,129378,46,Employed,55423,No,61931,Poor,Yes
APP07672,90637,31,Self-Employed,59074,No,40509,Good,Yes
APP07673,76764,27,Employed,84436,No,78192,Average,No
APP07674,83168,30,Employed,51816,No,37215,Good,Yes
APP07675,114700,62,,43638,Yes,6294,Average,Yes
APP07676,97356,54,Self-Employed,63402,No,24158,Good,Yes
APP07677,77431,23,Employed,67478,No,34987,Good,Yes
APP07678,97051,,Employed,76335,No,47761,Average,Yes
APP07679,36877,,,68479,No,13016,Good,Yes
APP07680,30518,31,Employed,75844,No,41692,Good,Yes
APP07681,64395,65,Self-Employed,69083,Yes,39194,Good,Yes
APP07682,61883,27,Employed,50642,No,67096,Good,Yes
APP07683,46974,65,Employed,17819,No,24890,Average,Yes
APP07684,87006,22,Self-Employed,79617,No,36512,Good,Yes
APP07685,25947,26,Employed,7924,No,31700,Good,Yes
APP07686,47167,61,Employed,99288,No,50946,Good,Yes
APP07687,48236,52,Employed,83704,No,67059,Good,Yes
APP07688,28732,40,Self-Employed,68737,No,54374,Good,Yes
APP07689,117563,54,Employed,96828,Yes,37739,Good,Yes
APP07690,32548,36,Employed,63185,No,51389,Good,Yes
APP07691,46044,,Employed,10361,No,26457,Poor,Yes
APP07692,90282,32,Self-Employed,58141,No,12384,Good,Yes
APP07693,80243,27,Employed,31334,No,26258,Poor,Yes
APP07694,36440,59,Employed,40100,No,36051,Average,Yes
APP07695,81570,37,Unemployed,48661,No,35702,Good,Yes
APP07696,68357,65,Unemployed,78587,No,59270,Good,Yes
APP07697,171436,31,Unemployed,52778,No,74971,Good,Yes
APP07698,71961,26,Employed,50095,No,31728,Good,Yes
APP07699,56305,43,Self-Employed,33687,No,7829,Average,Yes
APP07700,40810,47,Employed,56288,No,3640,Average,Yes
APP07701,42924,26,Employed,28597,No,1312,Good,Yes
APP07702,41378,58,Employed,29794,No,75110,Good,Yes
APP07703,111201,22,Employed,76940,No,79655,Average,No
APP07704,60487,42,Employed,37542,Yes,5059,Good,Yes
APP07705,77378,40,Employed,9883,No,29298,Poor,Yes
APP07706,118600,45,Self-Employed,37649,No,53878,Good,Yes
APP07707,20760,35,Employed,65664,No,15137,Good,Yes
APP07708,106680,49,Employed,82329,No,47961,Poor,No
APP07709,61515,28,Employed,96384,No,65276,Good,Yes
APP07710,72975,57,Unemployed,75891,No,68789,Average,No
APP07711,,53,Employed,45741,Yes,56807,Good,No
APP07712,42715,42,Employed,33416,No,7459,Poor,Yes
APP07713,74763,25,Employed,17315,Yes,28523,Poor,No
APP07714,175460,59,Self-Employed,64630,No,77420,Good,Yes
APP07715,94239,38,Employed,53439,No,16228,Good,Yes
APP07716,106041,58,Employed,69382,Yes,36860,Average,No
APP07717,55034,57,Employed,27528,No,27400,Poor,Yes
APP07718,45799,50,Self-Employed,35746,No,17238,Average,Yes
APP07719,42224,51,Employed,32749,No,26559,Poor,Yes
APP07720,48164,30,Employed,80777,No,15972,Good,Yes
APP07721,23822,35,Employed,21267,No,70303,Poor,No
APP07722,43299,62,Unemployed,62805,No,14781,Good,Yes
APP07723,46627,64,Employed,9879,No,50260,Good,Yes
APP07724,55447,38,Employed,57205,No,75443,Good,Yes
APP07725,63665,43,Employed,11072,No,76259,Average,Yes
APP07726,70629,53,Employed,21708,No,48434,Good,Yes
APP07727,,36,Employed,15737,No,22401,Poor,Yes
APP07728,46187,58,Employed,37939,No,20584,Poor,Yes
APP07729,24800,55,Unemployed,37654,No,60050,Average,No
APP07730,46315,54,Employed,83510,Yes,78476,Good,No
APP07731,38735,48,Self-Employed,26440,No,7130,Good,Yes
APP07732,74001,22,Employed,13207,No,63368,Good,Yes
APP07733,90335,50,Unemployed,62334,Yes,10716,Average,No
APP07734,91533,33,Employed,70308,No,24557,Good,Yes
APP07735,84350,,Employed,33008,No,45763,Average,Yes
APP07736,56501,36,Employed,62267,No,24481,Good,Yes
APP07737,47440,25,Self-Employed,78725,No,52371,Average,No
APP07738,42869,48,Self-Employed,38018,No,33958,Good,Yes
APP07739,,59,Employed,54909,No,18310,Average,Yes
APP07740,93754,65,Employed,18930,Yes,42944,Good,Yes
APP07741,55463,40,Employed,7246,No,2897,Good,Yes
APP07742,34243,44,Employed,98230,No,59545,Poor,No
APP07743,41365,47,Employed,33474,No,42261,Good,Yes
APP07744,40618,50,Employed,31496,No,75789,Poor,No
APP07745,61173,65,Employed,97458,No,9120,Good,Yes
APP07746,96999,47,Self-Employed,74182,No,58851,Good,Yes
APP07747,51303,46,Self-Employed,60603,No,24775,Good,Yes
APP07748,21774,27,Employed,71436,No,30479,Poor,No
APP07749,55104,62,Self-Employed,72443,Yes,28530,Poor,No
APP07750,55928,58,Employed,77517,No,29284,Good,Yes
APP07751,54224,25,Self-Employed,11383,No,35036,Good,Yes
APP07752,45240,43,Employed,44219,No,2659,Average,Yes
APP07753,66168,48,Self-Employed,33037,No,67894,Poor,No
APP07754,61813,54,Employed,11704,Yes,70662,Average,No
APP07755,59333,35,Employed,44197,No,4125,Poor,Yes
APP07756,72243,52,Self-Employed,63536,No,62304,Good,Yes
APP07757,49448,46,Employed,21957,No,6710,Average,Yes
APP07758,48201,51,Employed,33978,Yes,64817,Average,No
APP07759,111653,39,Employed,65721,No,49426,Good,Yes
APP07760,77173,29,Self-Employed,60036,Yes,25202,Average,No
APP07761,87049,49,Employed,87535,Yes,49497,Poor,No
APP07762,104177,59,Employed,80167,No,41025,Poor,Yes
APP07763,76022,24,Employed,96733,No,51225,Good,Yes
APP07764,91115,23,Employed,61733,No,38554,Good,Yes
APP07765,29478,49,Employed,71354,No,62057,Good,Yes
APP07766,65773,31,Self-Employed,86748,No,4576,Good,Yes
APP07767,55264,53,Employed,84799,Yes,28198,Poor,No
APP07768,127651,58,Employed,73279,No,45184,Good,Yes
APP07769,91084,31,Employed,52524,No,47471,Average,Yes
APP07770,45180,47,Employed,30955,No,14394,Good,Yes
APP07771,70959,,Self-Employed,88335,No,6888,Good,Yes
APP07772,64703,41,Employed,78782,No,2657,Good,Yes
APP07773,73611,59,Unemployed,84601,No,33628,Good,Yes
APP07774,37935,,,18375,No,27101,Good,Yes
APP07775,70552,58,Employed,34907,No,45857,Average,Yes
APP07776,54146,22,Employed,45364,No,36512,Average,Yes
APP07777,68132,47,Self-Employed,84643,Yes,32131,Good,No
APP07778,43309,56,Self-Employed,89824,No,67622,Good,Yes
APP07779,46112,,Employed,32065,No,50100,Average,No
APP07780,101756,38,Unemployed,70211,No,52042,Average,No
APP07781,37380,21,Employed,12392,No,31164,Good,Yes
APP07782,,,Self-Employed,43909,No,62371,Good,Yes
APP07783,58623,55,Self-Employed,51234,No,13015,Good,Yes
APP07784,42393,51,Self-Employed,77735,No,32758,Good,Yes
APP07785,40289,48,Unemployed,89737,No,4727,Good,Yes
APP07786,62905,59,Self-Employed,37042,No,10120,Good,Yes
APP07787,30480,21,Unemployed,55135,No,7441,Poor,No
APP07788,38121,45,Employed,66508,No,35873,Good,Yes
APP07789,151213,63,Employed,36225,No,56089,Average,Yes
APP07790,73782,,Employed,98626,No,25703,Good,Yes
APP07791,42879,40,Self-Employed,88199,No,3102,Poor,No
APP07792,72424,23,Employed,33158,No,56869,Average,No
APP07793,77451,22,Employed,53255,No,17387,Poor,No
APP07794,93863,38,Self-Employed,26930,No,58091,Average,No
APP07795,56663,64,Unemployed,53878,No,1581,Average,Yes
APP07796,93109,30,Employed,69917,No,25675,Good,Yes
APP07797,23976,25,Employed,13125,No,50077,Good,Yes
APP07798,37300,29,Employed,87661,No,69821,Poor,No
APP07799,64592,22,Employed,61406,No,60576,Average,No
APP07800,69594,54,Self-Employed,99012,No,36520,Good,Yes
APP07801,39807,58,Unemployed,7431,No,57763,Poor,No
APP07802,67430,51,Employed,83992,No,43466,Good,Yes
APP07803,45314,30,Employed,80236,No,65258,Good,Yes
APP07804,52969,32,Self-Employed,17621,No,61993,Average,No
APP07805,95154,56,Employed,36854,No,78092,Good,Yes
APP07806,90321,41,Employed,89056,No,9290,Good,Yes
APP07807,38308,26,Self-Employed,54253,Yes,27916,Good,No
APP07808,37285,23,Self-Employed,43122,Yes,16198,Poor,No
APP07809,49865,30,Employed,91022,No,50831,Poor,No
APP07810,59282,25,Self-Employed,13868,No,53458,Good,Yes
APP07811,44625,46,Employed,49947,No,17101,Good,Yes
APP07812,95836,41,Employed,66976,No,34303,Good,Yes
APP07813,70152,65,,62811,No,48570,Poor,Yes
APP07814,72030,46,Employed,30106,No,53057,Poor,Yes
APP07815,33933,58,Employed,58515,Yes,9109,Good,Yes
APP07816,101456,64,Employed,72313,No,73765,Average,Yes
APP07817,18000,46,Employed,60564,No,3693,Average,Yes
APP07818,87328,28,Employed,70024,No,77862,Good,Yes
APP07819,91358,25,Employed,29327,No,25990,Good,Yes
APP07820,49391,35,Employed,84121,No,25991,Good,Yes
APP07821,106395,36,Employed,47721,No,36236,Good,Yes
APP07822,58320,21,Employed,98786,Yes,55902,Good,No
APP07823,61710,36,Employed,7212,No,13609,Good,Yes
APP07824,69905,57,Self-Employed,41130,Yes,21144,Good,Yes
APP07825,250000,23,Employed,22145,No,76964,Good,Yes
APP07826,109875,51,Employed,57783,No,70271,Average,Yes
APP07827,82257,33,Employed,28104,No,17779,Poor,Yes
APP07828,,36,Employed,75060,No,46268,Poor,No
APP07829,64005,63,Unemployed,88777,No,17085,Average,No
APP07830,41614,41,Employed,25034,No,44455,Average,Yes
APP07831,86860,22,Employed,20264,No,29896,Good,Yes
APP07832,63915,47,Self-Employed,88159,No,29632,Good,Yes
APP07833,36173,58,Employed,39321,No,51171,Good,Yes
APP07834,62231,46,Employed,46285,No,20895,Good,Yes
APP07835,40940,58,Self-Employed,25992,Yes,32937,Average,No
APP07836,64225,45,Self-Employed,45405,No,74095,Good,Yes
APP07837,40762,31,Employed,26974,No,60674,Average,Yes
APP07838,60747,28,Employed,68263,Yes,31279,Good,No
APP07839,84104,28,Self-Employed,52393,No,19191,Good,Yes
APP07840,58585,53,,79866,No,53062,Poor,No
APP07841,50322,,Employed,34709,No,64807,Good,Yes
APP07842,65747,58,Employed,53032,No,69000,Good,Yes
APP07843,82111,41,Employed,29655,No,45578,Good,Yes
APP07844,36456,28,Employed,93775,Yes,41827,Good,No
APP07845,67467,41,Employed,54584,No,57852,Average,Yes
APP07846,108553,40,Self-Employed,21479,No,14886,Average,Yes
APP07847,77672,28,Employed,30913,No,68319,Good,Yes
APP07848,61580,51,Employed,12876,Yes,6840,Poor,No
APP07849,80016,49,Employed,7643,No,48638,Average,Yes
APP07850,73550,29,Self-Employed,54963,No,47586,Good,Yes
APP07851,84223,,Employed,37027,Yes,25545,Good,Yes
APP07852,24133,50,Employed,96558,Yes,3802,Average,No
APP07853,29823,46,Employed,21276,No,57711,Average,Yes
APP07854,94303,30,Employed,80422,No,2910,Good,Yes
APP07855,30477,49,Unemployed,35017,No,15189,Good,Yes
APP07856,71883,36,Employed,26236,No,43995,Good,Yes
APP07857,,56,,97115,Yes,75259,Good,No
APP07858,38323,40,Self-Employed,81245,No,6209,Good,Yes
APP07859,,65,Employed,64909,No,46724,Poor,Yes
APP07860,65681,57,Employed,71226,No,26983,Average,Yes
APP07861,155089,42,Employed,99181,Yes,53884,Average,No
APP07862,45294,27,Employed,61355,Yes,76280,Good,No
APP07863,114708,43,Employed,14681,No,22219,Good,Yes
APP07864,70311,61,Employed,11162,No,76518,Good,Yes
APP07865,44562,,Employed,68328,No,69779,Good,Yes
APP07866,85971,49,Employed,67472,No,48957,Good,Yes
APP07867,77395,36,Self-Employed,76077,No,60901,Good,Yes
APP07868,60976,58,Self-Employed,15334,No,69326,Good,Yes
APP07869,67639,48,Self-Employed,94766,No,64474,Poor,No
APP07870,45865,58,Employed,57360,No,26810,Average,Yes
APP07871,41378,51,Unemployed,66708,No,65196,Good,No
APP07872,84444,34,Employed,8311,Yes,25768,Average,No
APP07873,54248,53,Employed,96293,No,69499,Average,No
APP07874,57876,29,Employed,58446,No,21182,Good,Yes
APP07875,68051,47,Employed,58519,Yes,46209,Good,No
APP07876,67608,44,Employed,94638,No,55741,Average,No
APP07877,31537,33,Employed,93288,No,34638,Good,Yes
APP07878,107035,46,Employed,25928,No,62855,Average,Yes
APP07879,63363,49,Employed,93454,No,74103,Good,Yes
APP07880,54770,63,Unemployed,74979,No,15714,Good,Yes
APP07881,72837,48,Employed,6796,No,3642,Good,Yes
APP07882,66739,48,Employed,27785,No,50495,Average,Yes
APP07883,84734,28,Self-Employed,44233,No,48573,Poor,No
APP07884,76435,43,Employed,60368,No,27963,Good,Yes
APP07885,82878,49,,71626,No,63052,Good,Yes
APP07886,110199,25,Employed,24970,Yes,66265,Good,No
APP07887,89298,62,Self-Employed,84487,No,27227,Poor,No
APP07888,55820,27,Self-Employed,85343,No,54900,Average,No
APP07889,36199,62,Employed,65325,No,51720,Good,Yes
APP07890,127085,56,Employed,92504,No,28069,Poor,Yes
APP07891,53913,61,Employed,82233,No,77563,Average,Yes
APP07892,48494,47,Employed,26054,No,28366,Good,Yes
APP07893,27462,22,Unemployed,80874,No,50002,Good,No
APP07894,69871,45,Employed,95554,No,31030,Good,Yes
APP07895,64158,29,Employed,18073,No,1935,Average,Yes
APP07896,30342,47,Employed,97976,No,8239,Good,Yes
APP07897,73576,21,Employed,7374,No,19353,Poor,Yes
APP07898,47950,43,Unemployed,54606,No,65161,Average,No
APP07899,201338,30,Self-Employed,78520,No,35923,Average,Yes
APP07900,46439,62,Employed,80092,No,47501,Good,Yes
APP07901,49329,45,Self-Employed,74794,No,75565,Poor,No
APP07902,40475,23,Employed,55288,No,12615,Good,Yes
APP07903,106633,26,Employed,66842,No,69084,Poor,No
APP07904,50734,26,Self-Employed,71494,No,30960,Good,Yes
APP07905,43299,22,Employed,51981,No,27661,Poor,No
APP07906,82473,38,Employed,61590,No,50417,Average,Yes
APP07907,32239,43,Employed,85405,No,71992,Poor,No
APP07908,79491,22,Employed,34724,No,28534,Good,Yes
APP07909,133750,32,Employed,54705,No,61151,Good,Yes
APP07910,77426,42,,5806,Yes,2520,Good,Yes
APP07911,79950,57,Employed,70306,No,50225,Good,Yes
APP07912,88754,40,Employed,23562,No,50814,Good,Yes
APP07913,,59,Self-Employed,50695,No,44929,Poor,No
APP07914,103420,44,Employed,24969,No,75088,Average,Yes
APP07915,73127,40,Employed,7236,Yes,75149,Good,No
APP07916,90116,21,Employed,50906,Yes,28023,Poor,No
APP07917,40273,21,Employed,45359,No,37053,Average,Yes
APP07918,85087,37,Employed,45389,Yes,63598,Poor,No
APP07919,38162,21,Employed,24837,No,67669,Poor,No
APP07920,,65,Employed,94984,No,34020,Average,Yes
APP07921,18000,50,Self-Employed,5333,No,28573,Good,Yes
APP07922,71879,61,Employed,89697,No,65829,Poor,No
APP07923,44907,23,Employed,75006,No,30773,Good,Yes
APP07924,98925,31,Employed,21347,No,33013,Average,Yes
APP07925,71517,44,Employed,49858,No,11707,Average,Yes
APP07926,99503,42,Employed,98941,No,43893,Good,Yes
APP07927,36845,64,Employed,66151,No,26789,Average,Yes
APP07928,95738,65,Employed,17101,No,47658,Good,Yes
APP07929,154776,46,Self-Employed,48476,No,36409,Good,Yes
APP07930,84624,33,Employed,49479,No,60103,Good,Yes
APP07931,85627,21,Self-Employed,81215,No,22944,Poor,No
APP07932,64758,44,Employed,92035,No,14588,Good,Yes
APP07933,47382,30,Employed,12813,No,56534,Poor,No
APP07934,84511,55,Employed,34834,No,31346,Average,Yes
APP07935,30466,44,Employed,33352,No,45525,Average,Yes
APP07936,49717,48,Employed,99625,Yes,75344,Average,No
APP07937,27041,56,Unemployed,58127,No,39243,Good,Yes
APP07938,43715,36,Employed,88584,No,13039,Good,Yes
APP07939,80099,60,Self-Employed,45473,No,34710,Good,Yes
APP07940,75322,36,Self-Employed,73659,No,38804,Good,Yes
APP07941,61391,37,Employed,32226,No,61512,Good,Yes
APP07942,64782,35,Employed,91620,No,16420,Good,Yes
APP07943,25680,36,Employed,48239,No,28405,Average,Yes
APP07944,50739,35,Self-Employed,81354,No,4952,Good,Yes
APP07945,44156,54,Self-Employed,29303,No,56456,Average,Yes
APP07946,44602,31,Employed,70892,No,59771,Good,Yes
APP07947,78583,21,Employed,43490,No,37118,Poor,No
APP07948,40736,35,Employed,7987,No,43523,Good,Yes
APP07949,45706,46,Self-Employed,44236,No,60235,Poor,No
APP07950,23457,24,Unemployed,57252,No,22196,Good,Yes
APP07951,52562,63,Employed,19417,No,48950,Good,Yes
APP07952,36775,25,Employed,22472,Yes,77150,Good,No
APP07953,62177,55,Employed,49162,No,52979,Good,Yes
APP07954,39109,33,Employed,37559,No,7171,Poor,Yes
APP07955,62890,30,Self-Employed,46870,Yes,23931,Good,No
APP07956,56218,31,Employed,48779,No,42011,Good,Yes
APP07957,127328,38,Employed,18307,No,6741,Average,Yes
APP07958,75045,54,Employed,22213,Yes,54449,Good,Yes
APP07959,26220,59,Employed,85576,No,52683,Good,Yes
APP07960,33959,61,Employed,20458,No,70230,Good,Yes
APP07961,61509,62,Self-Employed,68262,Yes,40499,Good,No
APP07962,39485,43,Self-Employed,44760,No,55679,Good,Yes
APP07963,18000,,Employed,96982,No,15379,Average,Yes
APP07964,110128,59,Employed,11280,No,1227,Good,Yes
APP07965,82967,23,Employed,83887,No,14608,Average,Yes
APP07966,75852,32,Employed,51688,No,5915,Average,Yes
APP07967,45652,27,Employed,5508,No,34790,Average,Yes
APP07968,72733,46,Employed,30048,No,37996,Good,Yes
APP07969,43701,53,Employed,43731,No,51913,Good,Yes
APP07970,,57,Self-Employed,34849,No,12121,Good,Yes
APP07971,39650,35,Employed,39433,No,17963,Poor,No
APP07972,118709,22,,92084,Yes,64068,Average,No
APP07973,29599,61,Employed,39289,No,46545,Good,Yes
APP07974,104467,27,Self-Employed,44789,Yes,3320,Poor,No
APP07975,61060,52,Employed,77307,Yes,68024,Good,No
APP07976,48139,24,Employed,80414,No,50755,Average,No
APP07977,64683,40,Employed,12989,Yes,15744,Average,Yes
APP07978,83459,56,Employed,71887,No,20913,Poor,Yes
APP07979,110983,52,Self-Employed,50844,No,44730,Poor,No
APP07980,69080,48,Unemployed,17716,No,45303,Good,Yes
APP07981,40187,33,Employed,30148,No,64610,Good,Yes
APP07982,61521,21,Self-Employed,9278,Yes,29328,Good,No
APP07983,135898,55,Employed,39223,No,44395,Poor,Yes
APP07984,110035,50,Employed,29264,No,47021,Average,Yes
APP07985,90314,56,Self-Employed,41300,No,45135,Good,Yes
APP07986,85833,45,Employed,60132,No,6760,Good,Yes
APP07987,82195,36,Employed,74572,No,33489,Good,Yes
APP07988,101067,,Self-Employed,62508,No,27772,Good,Yes
APP07989,48855,21,Employed,69446,No,79429,Good,No
APP07990,32608,25,Employed,87236,No,37789,Average,No
APP07991,61892,,,88013,No,35383,Good,Yes
APP07992,41531,44,,86768,No,39211,Average,No
APP07993,37322,63,Self-Employed,19551,No,73623,Good,Yes
APP07994,43390,65,Employed,28852,No,49305,Poor,No
APP07995,183596,57,Self-Employed,52721,No,31742,Average,Yes
APP07996,63790,56,Self-Employed,39080,No,73094,Good,Yes
APP07997,70612,56,Employed,17509,No,74458,Average,Yes
APP07998,34615,24,Self-Employed,32336,No,21881,Good,Yes
APP07999,26171,56,Employed,97666,Yes,32078,Poor,No
APP08000,,38,Employed,37958,Yes,77350,Average,No
APP08001,114610,36,Employed,44797,No,43743,Average,Yes
APP08002,69740,61,Employed,5608,No,35108,Good,Yes
APP08003,78548,38,Employed,73344,No,16437,Good,Yes
APP08004,83655,42,Employed,44287,No,31371,Good,Yes
APP08005,45981,22,Employed,14798,No,50868,Good,Yes
APP08006,112048,41,Employed,97013,No,4057,Average,Yes
APP08007,45132,56,Employed,78856,Yes,7581,Good,Yes
APP08008,112973,64,Self-Employed,73984,Yes,1425,Good,Yes
APP08009,73214,59,Self-Employed,95998,Yes,18295,Good,No
APP08010,26823,59,Self-Employed,43711,No,15456,Poor,No
APP08011,42851,49,Employed,73261,No,68214,Poor,No
APP08012,26873,46,Self-Employed,24590,No,15634,Good,Yes
APP08013,101273,41,Employed,71226,No,53233,Good,Yes
APP08014,59336,37,Employed,6338,Yes,10350,Good,Yes
APP08015,22012,36,Employed,16999,Yes,47891,Good,No
APP08016,71053,51,Employed,45400,No,35414,Poor,Yes
APP08017,47116,29,Self-Employed,6149,No,33285,Average,No
APP08018,30773,51,Employed,48887,No,68668,Poor,No
APP08019,127667,,Employed,54665,No,14250,Poor,Yes
APP08020,62968,57,Self-Employed,64053,No,48022,Average,No
APP08021,52578,22,Employed,14537,Yes,65927,Average,No
APP08022,50129,34,Self-Employed,22196,No,57398,Poor,No
APP08023,30367,53,Self-Employed,63262,Yes,78684,Average,No
APP08024,33358,55,Employed,67528,No,1166,Good,Yes
APP08025,106971,59,Employed,7461,No,70864,Average,Yes
APP08026,48477,40,Employed,56335,No,49463,Good,Yes
APP08027,60599,22,Employed,79573,Yes,1196,Poor,No
APP08028,23912,61,Employed,11565,No,37774,Good,Yes
APP08029,33155,,Employed,44251,Yes,61628,Good,No
APP08030,78946,57,Unemployed,36019,No,15421,Good,Yes
APP08031,71116,38,Self-Employed,91798,Yes,54600,Poor,No
APP08032,132074,36,Self-Employed,22651,No,12034,Poor,Yes
APP08033,109802,24,Employed,35244,No,64473,Average,Yes
APP08034,54083,32,Employed,90352,No,45909,Good,Yes
APP08035,74230,49,Self-Employed,36412,No,3677,Good,Yes
APP08036,,27,Employed,55478,No,8179,Good,Yes
APP08037,151261,34,Self-Employed,8138,No,69245,Poor,Yes
APP08038,100625,32,Unemployed,98566,No,3607,Poor,No
APP08039,64761,55,Employed,83370,No,24585,Poor,No
APP08040,65662,25,Self-Employed,65268,No,45786,Average,No
APP08041,114953,37,Employed,10772,Yes,17862,Poor,No
APP08042,77879,62,Self-Employed,12113,Yes,18714,Good,Yes
APP08043,120992,52,Employed,56772,Yes,62307,Good,Yes
APP08044,,30,Employed,32081,No,23989,Poor,No
APP08045,,63,Self-Employed,64165,No,4048,Good,Yes
APP08046,47579,37,Self-Employed,61828,No,57969,Average,No
APP08047,132253,25,Employed,84672,No,76395,Average,Yes
APP08048,120328,65,Employed,31731,No,66723,Good,Yes
APP08049,,62,Employed,59897,No,44336,Good,Yes
APP08050,119747,29,Self-Employed,78850,No,34566,Good,Yes
APP08051,133854,53,Unemployed,51623,No,74088,Average,No
APP08052,62043,,Self-Employed,83911,No,61532,Good,Yes
APP08053,182494,56,Self-Employed,17471,No,46082,Good,Yes
APP08054,59160,38,Self-Employed,74720,No,70506,Average,No
APP08055,54479,29,Employed,94583,No,48535,Good,Yes
APP08056,88587,49,Employed,36529,No,77907,Good,Yes
APP08057,51169,34,Employed,39802,No,68805,Good,Yes
APP08058,62349,45,Self-Employed,12937,Yes,44485,Good,Yes
APP08059,113136,35,Self-Employed,65942,No,73904,Average,Yes
APP08060,60521,26,Employed,57483,No,28053,Poor,Yes
APP08061,27983,62,Employed,8833,Yes,56373,Good,Yes
APP08062,70784,49,Employed,76460,No,14531,Poor,Yes
APP08063,43860,35,Employed,83782,No,71734,Good,Yes
APP08064,88563,49,Employed,91176,No,20596,Average,Yes
APP08065,82075,24,Employed,56845,No,75974,Poor,No
APP08066,116335,38,Unemployed,47995,No,2342,Good,Yes
APP08067,90264,64,Employed,88233,No,54865,Good,Yes
APP08068,97999,59,Employed,42876,No,12854,Good,Yes
APP08069,44401,36,Employed,67267,No,61894,Average,No
APP08070,86154,31,Unemployed,63459,No,39861,Good,Yes
APP08071,145496,34,Self-Employed,40355,Yes,72862,Good,No
APP08072,44012,,Employed,13255,No,57490,Good,Yes
APP08073,134859,62,Unemployed,7034,No,61693,Good,Yes
APP08074,46859,58,Employed,45683,Yes,10518,Average,Yes
APP08075,40893,65,Employed,50714,No,8628,Average,Yes
APP08076,68555,62,Employed,83154,No,68194,Average,Yes
APP08077,82806,38,Employed,44369,No,18836,Good,Yes
APP08078,90435,40,Employed,31710,No,69488,Good,Yes
APP08079,38922,45,Unemployed,48899,No,12261,Good,Yes
APP08080,72958,58,Self-Employed,27609,No,25368,Average,Yes
APP08081,44073,33,Employed,13679,No,74370,Good,Yes
APP08082,30702,24,Employed,15739,Yes,67338,Poor,No
APP08083,39504,34,Employed,35320,No,5285,Good,Yes
APP08084,42796,53,Employed,6204,No,36400,Poor,No
APP08085,75873,48,Employed,25919,Yes,72880,Average,No
APP08086,100770,57,Employed,79815,No,2166,Average,Yes
APP08087,30920,28,Self-Employed,27289,No,9478,Good,Yes
APP08088,70297,64,Self-Employed,15519,Yes,51970,Good,No
APP08089,35333,54,Employed,95163,No,9294,Average,Yes
APP08090,79633,64,Employed,64135,No,36458,Average,Yes
APP08091,45337,25,Employed,10702,No,41118,Good,Yes
APP08092,37384,25,Employed,10913,Yes,68960,Good,No
APP08093,85987,51,Employed,63152,No,76634,Average,Yes
APP08094,46073,65,Employed,56312,No,41466,Poor,Yes
APP08095,52048,29,Employed,11496,No,41318,Good,Yes
APP08096,22095,62,Self-Employed,26310,No,58417,Good,Yes
APP08097,91862,52,Employed,93259,No,16208,Poor,No
APP08098,86813,53,Self-Employed,59341,No,75328,Average,Yes
APP08099,60148,23,Employed,46831,No,1095,Good,Yes
APP08100,30173,50,Self-Employed,28765,No,1142,Good,Yes
APP08101,103395,32,,17701,No,50428,Average,Yes
APP08102,44457,49,Employed,43250,No,27977,Good,Yes
APP08103,48927,23,Employed,92625,No,32451,Good,Yes
APP08104,169824,46,Employed,9628,No,18494,Average,Yes
APP08105,43716,50,Employed,99143,Yes,33216,Good,No
APP08106,83792,,Unemployed,24742,No,66411,Good,Yes
APP08107,77268,,Self-Employed,43833,No,56241,Good,Yes
APP08108,71516,22,Employed,9280,No,8478,Average,Yes
APP08109,68118,23,Employed,60554,No,5478,Good,Yes
APP08110,71074,24,Employed,50938,Yes,40989,Good,No
APP08111,67811,45,Self-Employed,68337,No,58683,Good,Yes
APP08112,58614,33,Self-Employed,56554,No,53495,Good,Yes
APP08113,118442,59,Employed,42827,No,69265,Average,Yes
APP08114,33236,64,Employed,75087,Yes,11528,Poor,No
APP08115,95012,55,Self-Employed,7377,No,48854,Average,Yes
APP08116,86869,43,Employed,56398,No,61515,Good,Yes
APP08117,82156,29,Employed,15818,No,75089,Good,Yes
APP08118,99185,22,Self-Employed,46421,No,8970,Good,Yes
APP08119,57551,61,Self-Employed,80157,No,19932,Good,Yes
APP08120,25876,,Employed,18534,Yes,29013,Good,Yes
APP08121,58080,,Unemployed,93902,No,43719,Good,Yes
APP08122,38410,64,Employed,89408,No,33280,Poor,No
APP08123,43164,22,Employed,44416,No,69028,Poor,No
APP08124,34304,52,Employed,5568,Yes,76092,Average,No
APP08125,48402,38,Unemployed,80026,No,6536,Good,Yes
APP08126,45872,33,Employed,88685,Yes,56275,Average,No
APP08127,20582,25,Employed,21600,No,10028,Good,Yes
APP08128,82224,62,Employed,92038,No,71938,Good,Yes
APP08129,162957,64,Employed,91839,No,12226,Good,Yes
APP08130,78819,30,Self-Employed,49773,No,79329,Good,Yes
APP08131,54764,63,Employed,80813,No,34792,Good,Yes
APP08132,58540,45,Self-Employed,47270,No,31173,Good,Yes
APP08133,49645,54,Unemployed,58584,No,47316,Good,Yes
APP08134,62481,57,Employed,35385,No,32154,Poor,Yes
APP08135,59009,50,Self-Employed,20150,No,19541,Good,Yes
APP08136,41094,27,Employed,75921,No,50702,Good,Yes
APP08137,127951,26,Employed,5132,No,58541,Good,Yes
APP08138,30726,23,Employed,60058,No,75680,Good,Yes
APP08139,82897,33,Self-Employed,87145,Yes,33320,Average,No
APP08140,57329,23,,26021,No,56756,Good,Yes
APP08141,141135,46,Employed,36625,No,66855,Good,Yes
APP08142,69947,44,Unemployed,60811,No,66679,Average,No
APP08143,51029,26,Self-Employed,28453,No,3707,Average,Yes
APP08144,53671,63,Employed,85511,No,29100,Good,Yes
APP08145,61087,62,Employed,39827,No,2060,Good,Yes
APP08146,35877,32,Employed,60253,No,45167,Poor,No
APP08147,42489,56,Employed,26482,No,69342,Average,Yes
APP08148,26873,22,Employed,8932,No,65379,Poor,No
APP08149,39607,31,Employed,21502,No,65089,Poor,No
APP08150,62590,59,Employed,9389,No,28795,Average,Yes
APP08151,68678,54,Self-Employed,49517,No,4660,Good,Yes
APP08152,24622,46,Employed,60731,No,14621,Average,Yes
APP08153,56407,38,Employed,9244,No,53985,Average,Yes
APP08154,77314,41,Employed,13596,No,11574,Good,Yes
APP08155,55759,56,Employed,51125,No,10901,Average,Yes
APP08156,45112,60,Employed,80922,No,28940,Average,Yes
APP08157,49843,64,Employed,64661,Yes,8468,Good,Yes
APP08158,47040,42,Employed,14947,No,27053,Good,Yes
APP08159,45052,50,Employed,89317,Yes,77606,Good,No
APP08160,64882,63,Employed,92158,No,2576,Poor,Yes
APP08161,169492,50,Employed,35871,Yes,66613,Poor,No
APP08162,42935,28,Employed,63522,No,79496,Good,Yes
APP08163,51997,54,Employed,51771,No,35476,Good,Yes
APP08164,58620,29,Employed,94492,No,75501,Good,No
APP08165,44037,40,Employed,53331,No,21630,Good,Yes
APP08166,98352,60,Unemployed,96197,No,78601,Good,Yes
APP08167,20644,45,Employed,23938,No,69063,Good,Yes
APP08168,47246,39,Self-Employed,37826,Yes,70891,Good,No
APP08169,86711,25,Self-Employed,79228,No,11301,Good,Yes
APP08170,52562,31,Unemployed,79443,No,69735,Average,No
APP08171,41470,35,Employed,74557,No,75404,Poor,No
APP08172,73163,28,Self-Employed,86663,Yes,65705,Good,No
APP08173,90215,39,Unemployed,71742,Yes,8218,Good,No
APP08174,,43,Employed,65428,No,7697,Poor,Yes
APP08175,,47,Employed,48598,No,29251,Poor,No
APP08176,73673,60,Unemployed,49373,No,56689,Good,No
APP08177,50070,52,Employed,43585,No,1984,Good,Yes
APP08178,83904,46,Employed,63920,No,76101,Good,Yes
APP08179,116958,47,Self-Employed,43633,Yes,42510,Good,Yes
APP08180,18575,39,Employed,19012,No,29311,Good,Yes
APP08181,63075,62,Employed,15120,No,45337,Good,Yes
APP08182,27475,49,Employed,92825,No,57547,Average,No
APP08183,180035,59,Employed,7350,Yes,22589,Good,Yes
APP08184,48603,61,Self-Employed,15019,No,23999,Average,Yes
APP08185,83949,53,Employed,47304,No,37986,Good,Yes
APP08186,59054,39,Self-Employed,29978,Yes,53925,Good,No
APP08187,41803,57,Employed,43556,No,56803,Average,Yes
APP08188,39623,39,Employed,16158,No,26600,Average,Yes
APP08189,122474,53,Employed,17436,No,26477,Good,Yes
APP08190,92251,36,Employed,81063,No,39482,Good,Yes
APP08191,143877,43,Self-Employed,77115,No,43812,Good,Yes
APP08192,61516,27,Employed,14904,No,52304,Good,Yes
APP08193,68300,46,Self-Employed,68440,No,49799,Good,Yes
APP08194,53203,52,Employed,62885,No,30429,Good,Yes
APP08195,52729,32,Employed,72769,Yes,24454,Good,No
APP08196,37543,28,Employed,50073,Yes,25326,Good,Yes
APP08197,62312,25,Self-Employed,30649,No,51987,Average,Yes
APP08198,42064,62,Employed,68050,Yes,35219,Good,Yes
APP08199,73201,48,Employed,40279,Yes,11614,Good,Yes
APP08200,,25,Self-Employed,25801,No,1468,Average,Yes
APP08201,68293,,Employed,43820,No,3345,Average,Yes
APP08202,127505,25,Employed,77511,Yes,69534,Good,Yes
APP08203,58990,42,Employed,50200,Yes,37168,Good,Yes
APP08204,84341,35,,33487,No,52937,Average,No
APP08205,151037,33,Employed,84028,Yes,74394,Poor,No
APP08206,108021,48,Employed,88756,No,10976,Good,Yes
APP08207,100813,53,Employed,46159,No,36362,Average,Yes
APP08208,52265,63,Employed,40595,No,43586,Poor,Yes
APP08209,66532,43,Self-Employed,63206,No,67481,Good,Yes
APP08210,33153,53,Unemployed,10508,No,79504,Good,Yes
APP08211,75103,63,Self-Employed,70676,No,57223,Average,No
APP08212,67887,38,Employed,79317,No,51705,Good,Yes
APP08213,60635,50,Employed,42757,No,73705,Good,Yes
APP08214,95257,46,Self-Employed,21589,No,67153,Good,Yes
APP08215,34843,36,Unemployed,7738,No,69338,Good,Yes
APP08216,125215,33,Employed,65538,Yes,1214,Good,Yes
APP08217,90030,59,Employed,30554,No,41640,Average,Yes
APP08218,58123,53,Self-Employed,49070,No,62836,Poor,No
APP08219,56116,46,Employed,41704,No,15335,Good,Yes
APP08220,74487,21,Employed,21614,Yes,60365,Good,No
APP08221,118953,58,Unemployed,53295,No,1724,Average,Yes
APP08222,62807,22,Self-Employed,48661,No,46438,Good,Yes
APP08223,64018,26,Employed,64294,No,68255,Average,Yes
APP08224,60491,,Employed,28929,No,35077,Average,Yes
APP08225,133788,62,Employed,25391,No,59417,Poor,Yes
APP08226,50823,44,Unemployed,82363,No,42901,Good,Yes
APP08227,59209,38,Unemployed,71708,No,52136,Good,No
APP08228,115919,47,Self-Employed,78360,No,41817,Good,Yes
APP08229,,61,Employed,16713,No,38591,Good,Yes
APP08230,100085,28,Employed,26284,Yes,67488,Poor,No
APP08231,39816,48,Self-Employed,59675,Yes,8327,Poor,No
APP08232,,30,Employed,86434,Yes,47187,Poor,No
APP08233,117019,37,Employed,89751,No,10070,Good,Yes
APP08234,44256,49,Employed,84031,No,45462,Average,Yes
APP08235,56051,26,Employed,9123,No,77124,Good,Yes
APP08236,67347,34,Unemployed,82984,No,5511,Poor,No
APP08237,38445,42,Employed,90414,No,34339,Good,Yes
APP08238,49806,26,Self-Employed,10391,No,64356,Good,Yes
APP08239,63120,46,Employed,44547,No,30206,Average,Yes
APP08240,61274,59,Self-Employed,55978,Yes,42105,Average,No
APP08241,106751,32,Employed,27111,No,10062,Average,Yes
APP08242,120061,55,Employed,54085,No,18623,Good,Yes
APP08243,40817,34,Employed,89166,No,55228,Poor,No
APP08244,63081,42,Employed,87360,No,66458,Average,Yes
APP08245,81268,43,Employed,94285,No,52070,Average,No
APP08246,118712,27,Self-Employed,50990,No,67117,Good,Yes
APP08247,82902,60,Employed,44004,No,48847,Average,Yes
APP08248,68392,45,Employed,68250,No,65006,Good,Yes
APP08249,80987,33,Employed,44592,Yes,78648,Good,No
APP08250,81251,41,,8985,No,7543,Good,Yes
APP08251,39523,61,Self-Employed,73393,No,38892,Average,Yes
APP08252,65438,30,Employed,31693,Yes,16002,Good,Yes
APP08253,115696,29,Employed,9663,No,37753,Good,Yes
APP08254,54655,35,Self-Employed,6959,No,40467,Average,Yes
APP08255,63599,22,Employed,93479,No,50132,Good,Yes
APP08256,53797,45,Self-Employed,28947,No,35705,Good,Yes
APP08257,21181,33,Employed,47550,No,26652,Poor,No
APP08258,60559,54,Employed,95305,No,4410,Good,Yes
APP08259,68728,54,Employed,49414,No,3749,Good,Yes
APP08260,47642,55,Employed,12468,No,14826,Good,Yes
APP08261,35686,58,Self-Employed,57434,No,36470,Good,Yes
APP08262,40369,23,Employed,13379,Yes,33984,Good,Yes
APP08263,84625,62,Employed,14033,No,16065,Poor,Yes
APP08264,145763,26,Employed,85890,No,65965,Average,No
APP08265,,39,Employed,32495,No,54996,Good,Yes
APP08266,32766,23,Self-Employed,69474,Yes,28110,Good,No
APP08267,88140,38,Employed,53348,No,63960,Good,Yes
APP08268,44519,59,Self-Employed,26121,No,79150,Good,Yes
APP08269,46170,29,Unemployed,54193,No,20358,Poor,No
APP08270,48738,32,Employed,11554,No,29645,Good,Yes
APP08271,82440,25,Self-Employed,37985,No,79439,Average,No
APP08272,92389,23,Employed,54669,No,11893,Average,Yes
APP08273,57411,31,Employed,26697,No,7098,Average,Yes
APP08274,57851,50,Employed,67718,No,42158,Good,Yes
APP08275,73941,24,Employed,9922,Yes,38006,Good,Yes
APP08276,77474,25,Unemployed,51057,Yes,7185,Good,No
APP08277,,21,Employed,72925,No,23913,Average,Yes
APP08278,33662,47,Employed,45845,Yes,34096,Good,No
APP08279,60543,48,,88086,No,65955,Good,Yes
APP08280,37104,49,Employed,65058,No,56920,Average,No
APP08281,58640,38,,96057,Yes,73248,Good,No
APP08282,54194,32,Self-Employed,31992,No,27267,Good,Yes
APP08283,58751,33,Employed,94185,No,25441,Good,Yes
APP08284,41865,61,Self-Employed,62648,No,37591,Good,Yes
APP08285,30725,,Self-Employed,75792,Yes,1595,Poor,No
APP08286,23379,57,Employed,90705,Yes,17378,Good,No
APP08287,56561,65,Employed,57364,No,17706,Good,Yes
APP08288,49422,36,Employed,86907,No,5826,Poor,No
APP08289,44264,44,Self-Employed,56461,Yes,36955,Good,No
APP08290,108798,55,Employed,61924,No,72536,Good,Yes
APP08291,40756,,Employed,47284,No,1318,Good,Yes
APP08292,113513,56,Employed,18836,No,50645,Poor,Yes
APP08293,124596,31,Employed,57583,No,70467,Average,Yes
APP08294,24939,49,Employed,97858,Yes,9494,Good,No
APP08295,62547,55,Employed,79783,No,73463,Good,Yes
APP08296,50123,35,Employed,76012,No,65663,Poor,No
APP08297,18000,51,Employed,66114,No,17951,Good,Yes
APP08298,31320,62,Employed,38051,No,72522,Good,Yes
APP08299,85035,61,Employed,21113,No,64517,Average,Yes
APP08300,148857,63,Self-Employed,26332,No,9800,Average,Yes
APP08301,90067,36,Employed,5601,Yes,66617,Poor,No
APP08302,69406,30,Employed,68981,No,43832,Average,Yes
APP08303,59427,52,Employed,82128,No,65461,Poor,No
APP08304,127938,22,Employed,30547,No,49796,Average,Yes
APP08305,157756,44,Employed,13726,No,31957,Good,Yes
APP08306,,43,Employed,36894,No,48490,Good,Yes
APP08307,24394,22,Self-Employed,32745,No,51258,Poor,No
APP08308,23340,58,Employed,47833,No,61530,Good,Yes
APP08309,108765,51,Self-Employed,30090,No,66624,Average,No
APP08310,58743,60,Unemployed,37275,No,53394,Average,No
APP08311,65157,46,Employed,91218,No,79182,Good,Yes
APP08312,26804,49,Employed,36809,No,62506,Good,Yes
APP08313,42752,23,Employed,79624,No,72950,Good,Yes
APP08314,52530,34,Unemployed,64454,No,26240,Good,Yes
APP08315,65882,,Self-Employed,37066,No,25982,Average,Yes
APP08316,50148,21,,82690,No,29624,Good,Yes
APP08317,37620,23,Employed,61532,No,35738,Poor,No
APP08318,42152,46,Self-Employed,5819,No,76951,Good,Yes
APP08319,103347,38,Self-Employed,11529,No,6809,Average,Yes
APP08320,66987,29,Employed,76501,No,40377,Good,Yes
APP08321,79029,58,Employed,47420,No,13732,Good,Yes
APP08322,40039,43,Employed,43523,No,65061,Good,Yes
APP08323,18000,41,Employed,18854,No,3460,Good,Yes
APP08324,47415,21,Self-Employed,19945,No,36956,Average,No
APP08325,40625,41,,80786,Yes,32185,Poor,No
APP08326,70204,47,Employed,83757,No,8282,Good,Yes
APP08327,250000,62,,58200,No,30761,Good,Yes
APP08328,82037,26,Employed,33037,No,64913,Average,Yes
APP08329,,64,Employed,93607,No,11860,Poor,Yes
APP08330,77501,56,Unemployed,64276,No,78697,Good,Yes
APP08331,,48,Employed,80681,No,5618,Good,Yes
APP08332,70169,65,Employed,5312,No,23839,Good,Yes
APP08333,133704,37,Employed,47780,No,62217,Good,Yes
APP08334,136681,60,Employed,87740,No,29244,Good,Yes
APP08335,46314,23,Employed,37132,No,38948,Good,Yes
APP08336,67241,32,Employed,74022,Yes,15746,Good,Yes
APP08337,31537,59,Employed,67479,No,57524,Good,Yes
APP08338,86960,32,Employed,19461,No,15184,Good,Yes
APP08339,120706,22,Employed,78616,No,68050,Good,Yes
APP08340,61084,42,Employed,15690,No,43620,Good,Yes
APP08341,44435,43,Self-Employed,74152,No,44304,Good,Yes
APP08342,70556,50,Employed,99142,No,74747,Good,Yes
APP08343,72400,25,Unemployed,96008,Yes,62067,Good,No
APP08344,62231,29,Employed,81023,No,59708,Average,Yes
APP08345,65025,41,Employed,55779,No,68785,Good,Yes
APP08346,55486,31,Unemployed,69108,No,8254,Average,No
APP08347,,25,Employed,74170,No,58358,Good,Yes
APP08348,83567,55,Employed,5798,No,19423,Good,Yes
APP08349,38550,47,Employed,14725,No,23195,Average,Yes
APP08350,38076,22,Self-Employed,61721,No,2197,Good,Yes
APP08351,53510,44,Employed,5621,Yes,71604,Good,Yes
APP08352,83590,51,Employed,91346,No,59390,Good,Yes
APP08353,64134,53,Employed,51518,No,12004,Good,Yes
APP08354,44922,59,Self-Employed,29488,Yes,26906,Good,No
APP08355,67493,50,Employed,42413,No,38915,Average,Yes
APP08356,51701,57,Employed,85824,No,40019,Good,Yes
APP08357,89172,48,Employed,93083,No,48057,Poor,No
APP08358,69701,51,Self-Employed,16042,No,38303,Good,Yes
APP08359,52064,,Employed,78906,No,52243,Good,Yes
APP08360,66588,,Employed,59932,No,70826,Poor,No
APP08361,,22,Self-Employed,60623,No,32448,Good,Yes
APP08362,46433,60,Employed,79048,No,70260,Poor,No
APP08363,71919,61,Employed,26170,No,18349,Good,Yes
APP08364,58127,47,Unemployed,55449,No,10589,Good,Yes
APP08365,72711,55,Self-Employed,35338,No,19913,Good,Yes
APP08366,44692,22,Employed,13979,No,17321,Good,Yes
APP08367,63054,59,,14983,No,78821,Good,Yes
APP08368,98777,57,Employed,17965,No,31103,Good,Yes
APP08369,39358,41,Unemployed,63415,No,52466,Good,No
APP08370,,25,Unemployed,15054,No,55988,Good,Yes
APP08371,33555,65,Employed,59160,No,36171,Good,Yes
APP08372,35430,41,Employed,60888,No,18662,Poor,Yes
APP08373,78433,49,Self-Employed,90870,No,35610,Good,Yes
APP08374,31871,40,Employed,64506,No,38427,Average,Yes
APP08375,52473,58,Employed,98631,No,76367,Good,Yes
APP08376,79247,40,Employed,7944,No,45921,Good,Yes
APP08377,72374,45,Employed,71894,Yes,77620,Good,No
APP08378,50443,22,Self-Employed,7516,No,46560,Average,No
APP08379,65383,52,Unemployed,74291,No,12455,Poor,No
APP08380,62964,46,Employed,41656,No,31366,Good,Yes
APP08381,54241,26,Employed,63074,No,63593,Good,Yes
APP08382,54569,61,Employed,34406,Yes,34308,Good,Yes
APP08383,164069,23,Self-Employed,20115,No,8879,Average,Yes
APP08384,86361,53,Employed,73734,No,8590,Good,Yes
APP08385,183211,21,Employed,90939,No,19728,Average,Yes
APP08386,47976,25,Employed,22440,No,45617,Average,Yes
APP08387,57749,,Employed,92467,Yes,66582,Poor,No
APP08388,32947,39,Employed,18317,Yes,43163,Good,Yes
APP08389,41681,32,Unemployed,74888,No,59940,Average,No
APP08390,141204,45,Employed,96147,No,52002,Good,Yes
APP08391,47438,55,Employed,19000,No,42404,Good,Yes
APP08392,142312,32,Employed,46334,No,17970,Good,Yes
APP08393,34289,50,Employed,37058,No,70770,Average,No
APP08394,37348,25,Employed,41905,No,22782,Good,Yes
APP08395,51459,54,,76548,No,20973,Average,Yes
APP08396,58303,42,Self-Employed,67813,Yes,21366,Average,No
APP08397,90898,59,,97025,No,8559,Average,Yes
APP08398,73493,33,Employed,22621,No,40394,Good,Yes
APP08399,,23,Employed,56610,No,26875,Poor,No
APP08400,56506,40,Self-Employed,47667,No,42233,Good,Yes
APP08401,51975,51,Employed,92291,No,36796,Average,Yes
APP08402,39756,25,,6009,No,42064,Good,Yes
APP08403,40236,44,Employed,98971,No,24515,Average,Yes
APP08404,95287,60,Employed,50575,Yes,65396,Good,Yes
APP08405,26355,53,Employed,64426,No,43201,Average,Yes
APP08406,124233,28,Unemployed,39205,Yes,17466,Good,No
APP08407,51418,44,Employed,85990,No,72242,Average,No
APP08408,42382,40,Employed,58389,No,9647,Good,Yes
APP08409,83700,36,Employed,67967,No,58941,Average,Yes
APP08410,117061,32,Employed,66646,No,54597,Good,Yes
APP08411,99214,33,Employed,39578,No,6756,Average,Yes
APP08412,75202,65,Employed,12219,No,72219,Good,Yes
APP08413,97850,62,Employed,81732,No,25989,Good,Yes
APP08414,27714,59,Employed,32523,No,59531,Average,Yes
APP08415,47443,45,Employed,85648,Yes,22883,Average,No
APP08416,39818,52,Employed,62821,Yes,42530,Average,No
APP08417,104108,44,Employed,38602,No,77814,Poor,No
APP08418,50490,64,Employed,61453,No,49251,Good,Yes
APP08419,87775,29,Employed,66322,No,24409,Good,Yes
APP08420,76362,60,Employed,72135,No,37212,Good,Yes
APP08421,40703,43,Employed,83122,Yes,54407,Good,No
APP08422,46072,33,Employed,20177,No,36170,Good,Yes
APP08423,107400,52,Employed,94694,No,72949,Average,Yes
APP08424,42325,35,Employed,44030,No,69529,Good,Yes
APP08425,63468,56,Employed,86743,No,12598,Good,Yes
APP08426,42191,25,Employed,25946,No,63010,Good,Yes
APP08427,52095,42,,7758,No,75451,Good,Yes
APP08428,58766,36,Employed,59468,No,26036,Good,Yes
APP08429,42185,61,Employed,35843,Yes,19819,Good,Yes
APP08430,38945,30,Employed,98524,Yes,1758,Poor,No
APP08431,68249,44,Self-Employed,14923,No,10137,Good,Yes
APP08432,41026,38,Employed,9494,No,76912,Poor,No
APP08433,41660,38,Unemployed,9277,No,31899,Good,Yes
APP08434,39321,27,Employed,25603,Yes,31600,Good,Yes
APP08435,57933,24,Self-Employed,60023,No,22068,Good,Yes
APP08436,91745,46,Employed,53029,No,13961,Average,Yes
APP08437,118189,25,Self-Employed,38257,Yes,41194,Poor,No
APP08438,43280,36,Employed,13435,No,58132,Good,Yes
APP08439,157904,55,Employed,27205,No,44513,Good,Yes
APP08440,38177,46,Employed,22494,No,3801,Good,Yes
APP08441,97704,38,Unemployed,75838,No,64474,Good,No
APP08442,43362,49,Unemployed,79095,No,74596,Average,No
APP08443,40546,43,Employed,78816,No,35790,Good,Yes
APP08444,42914,34,,97059,No,29951,Good,Yes
APP08445,,35,Employed,89003,No,19158,Poor,No
APP08446,77893,53,,52291,Yes,24848,Good,Yes
APP08447,81108,45,Employed,44419,No,51911,Average,Yes
APP08448,39234,41,Unemployed,91998,No,61842,Average,No
APP08449,38436,37,Employed,63066,No,27245,Good,Yes
APP08450,39720,43,Employed,32968,No,27834,Good,Yes
APP08451,57068,63,Employed,58624,No,36637,Good,Yes
APP08452,54586,37,Employed,99254,No,14446,Poor,No
APP08453,39125,,Employed,85700,No,74249,Average,No
APP08454,67739,49,Employed,31722,No,56731,Good,Yes
APP08455,166085,40,Employed,95531,No,35253,Average,Yes
APP08456,47809,50,Employed,98239,No,10660,Average,Yes
APP08457,49366,39,Employed,26961,No,68057,Good,Yes
APP08458,77184,59,Employed,90081,No,39213,Good,Yes
APP08459,46660,33,Self-Employed,88904,Yes,63954,Average,No
APP08460,81075,38,Employed,8777,No,3638,Good,Yes
APP08461,43423,43,Self-Employed,68620,No,22619,Poor,No
APP08462,136838,53,Employed,34002,No,50146,Average,Yes
APP08463,70070,59,Employed,69088,No,39546,Good,Yes
APP08464,45392,60,Employed,91788,No,24311,Poor,Yes
APP08465,46036,38,Self-Employed,52384,No,16889,Good,Yes
APP08466,47614,,Self-Employed,44369,No,24843,Poor,No
APP08467,,53,Employed,92545,No,59645,Good,Yes
APP08468,33900,52,Employed,97541,No,15513,Average,Yes
APP08469,44424,37,Self-Employed,10912,No,47911,Average,Yes
APP08470,46600,39,Employed,92671,No,34471,Good,Yes
APP08471,59578,47,Employed,12863,No,61280,Good,Yes
APP08472,53109,26,Employed,37042,No,16928,Good,Yes
APP08473,30670,55,Employed,77445,Yes,22337,Good,No
APP08474,50120,57,Employed,78819,Yes,32496,Good,Yes
APP08475,57371,54,Employed,73953,No,14159,Poor,No
APP08476,45227,40,Employed,8716,No,37434,Average,Yes
APP08477,81728,45,Employed,17632,No,33868,Good,Yes
APP08478,90747,24,Employed,93941,No,79217,Average,No
APP08479,57920,30,Employed,12739,No,47915,Good,Yes
APP08480,66559,30,Employed,12462,No,6487,Poor,Yes
APP08481,22689,44,Employed,84386,No,37335,Good,Yes
APP08482,49643,41,,65920,No,70402,Good,No
APP08483,94303,31,Employed,38407,No,69475,Good,Yes
APP08484,49590,47,Employed,20742,Yes,76983,Poor,No
APP08485,43059,36,Self-Employed,88996,Yes,71644,Good,No
APP08486,167219,46,Employed,98911,No,14928,Good,Yes
APP08487,136037,50,Employed,9747,No,1282,Good,Yes
APP08488,74051,36,Employed,57641,Yes,49684,Good,Yes
APP08489,100169,27,Self-Employed,29824,No,56493,Good,Yes
APP08490,22036,36,Self-Employed,84077,No,11366,Average,No
APP08491,42096,55,Employed,37877,Yes,14180,Good,Yes
APP08492,48563,36,Employed,72890,No,77083,Good,Yes
APP08493,53955,60,Employed,56255,No,75563,Good,Yes
APP08494,48128,32,Employed,56445,No,13401,Good,Yes
APP08495,19046,55,Employed,86510,No,20514,Good,Yes
APP08496,71383,41,Employed,49688,Yes,71477,Good,No
APP08497,76630,63,Self-Employed,85332,No,35364,Good,Yes
APP08498,123371,56,Self-Employed,39526,No,64048,Good,Yes
APP08499,42081,37,Employed,21604,No,32283,Good,Yes
APP08500,40560,52,Employed,48270,Yes,59174,Good,No
APP08501,18000,61,Self-Employed,52344,No,32349,Good,Yes
APP08502,52575,26,Self-Employed,50446,No,72035,Average,No
APP08503,90003,44,Employed,81791,No,26720,Average,Yes
APP08504,45561,47,Employed,58644,No,42326,Good,Yes
APP08505,157416,40,Self-Employed,89402,No,42219,Good,Yes
APP08506,53457,45,Self-Employed,53848,No,52261,Good,Yes
APP08507,64103,22,Employed,26348,No,25229,Poor,Yes
APP08508,32491,29,Employed,17302,No,51770,Good,Yes
APP08509,68278,48,Employed,87494,No,12142,Good,Yes
APP08510,24622,58,Employed,10336,Yes,71595,Good,Yes
APP08511,81983,23,Self-Employed,16173,No,12390,Good,Yes
APP08512,83124,40,Employed,11048,No,67383,Good,Yes
APP08513,110612,26,Employed,45255,No,55759,Average,Yes
APP08514,37915,59,Employed,55598,No,27944,Good,Yes
APP08515,64496,53,Employed,6888,No,26867,Good,Yes
APP08516,77328,21,Employed,53981,No,77318,Poor,No
APP08517,73213,57,Self-Employed,42407,No,16404,Good,Yes
APP08518,40648,26,Unemployed,78496,No,58114,Good,No
APP08519,20449,65,Employed,83846,No,15511,Good,Yes
APP08520,70139,54,Employed,70072,No,72526,Good,Yes
APP08521,56021,35,Unemployed,49982,No,59613,Average,No
APP08522,46495,65,Employed,25534,No,74684,Good,Yes
APP08523,84616,46,Unemployed,85476,No,70450,Average,No
APP08524,58799,34,Employed,37459,Yes,44410,Average,No
APP08525,33139,27,Employed,38848,No,13026,Good,Yes
APP08526,25158,51,Employed,92021,No,18495,Good,Yes
APP08527,36101,44,Self-Employed,97682,Yes,16944,Good,No
APP08528,176126,51,Self-Employed,90322,No,18431,Poor,Yes
APP08529,83063,49,Employed,99832,No,38637,Good,Yes
APP08530,65315,62,Employed,87546,No,69556,Good,Yes
APP08531,55290,52,Employed,71914,No,2826,Poor,No
APP08532,53679,37,Employed,32913,No,19840,Good,Yes
APP08533,101452,34,Employed,95531,No,48147,Good,Yes
APP08534,48114,60,Self-Employed,88280,No,69361,Good,No
APP08535,77786,56,Employed,27871,No,24501,Good,Yes
APP08536,51293,44,Employed,51470,No,31220,Good,Yes
APP08537,143655,65,Employed,11655,No,30501,Average,Yes
APP08538,83795,47,Employed,95564,Yes,24202,Good,Yes
APP08539,105093,45,Employed,59413,No,56202,Good,Yes
APP08540,46125,52,Unemployed,28294,No,52809,Good,Yes
APP08541,96593,38,Employed,32778,No,67619,Average,Yes
APP08542,52127,38,Employed,98162,No,73489,Average,No
APP08543,63046,57,Employed,63483,Yes,72138,Good,No
APP08544,125225,46,Unemployed,44965,No,43673,Good,Yes
APP08545,,29,Employed,52485,No,15670,Average,Yes
APP08546,65746,55,Employed,14362,No,18551,Good,Yes
APP08547,73072,28,Unemployed,12127,No,47630,Good,Yes
APP08548,75819,40,Employed,61307,No,73553,Good,Yes
APP08549,48984,62,Employed,53640,No,42904,Good,Yes
APP08550,153418,42,Employed,39120,No,74923,Good,Yes
APP08551,33503,39,Self-Employed,58781,Yes,21718,Average,No
APP08552,115682,50,Employed,11904,Yes,7821,Good,Yes
APP08553,103661,48,Employed,94679,No,63907,Good,Yes
APP08554,141139,55,,32903,No,70471,Good,Yes
APP08555,29360,63,Employed,11819,No,36398,Good,Yes
APP08556,40584,31,Unemployed,21103,No,9093,Good,Yes
APP08557,117416,51,Employed,14070,No,4344,Good,Yes
APP08558,25782,59,Employed,21967,No,5942,Good,Yes
APP08559,29120,56,Unemployed,44592,Yes,35690,Good,No
APP08560,,50,Employed,75115,No,19550,Good,Yes
APP08561,65414,43,Employed,30873,Yes,37492,Poor,No
APP08562,122835,39,Employed,46413,No,39591,Good,Yes
APP08563,55201,32,Employed,93232,No,37189,Average,Yes
APP08564,45633,35,Employed,33103,No,49974,Good,Yes
APP08565,69025,51,Employed,80498,No,54673,Good,Yes
APP08566,74118,63,Employed,19993,Yes,32280,Good,Yes
APP08567,73179,57,Employed,21941,Yes,27626,Good,Yes
APP08568,55382,57,Employed,48335,No,30104,Good,Yes
APP08569,24892,35,Employed,27240,No,6544,Good,Yes
APP08570,39703,49,Employed,90788,No,26409,Good,Yes
APP08571,113689,63,Employed,9821,No,16793,Good,Yes
APP08572,65270,46,Employed,61741,No,23976,Average,Yes
APP08573,51894,64,Unemployed,62402,No,57437,Good,No
APP08574,99238,22,Unemployed,11272,No,79095,Good,Yes
APP08575,36082,40,Employed,74594,No,73961,Average,No
APP08576,54214,35,Unemployed,49545,No,65908,Good,No
APP08577,63837,24,Unemployed,73692,No,59239,Average,No
APP08578,49192,42,Employed,83558,No,75650,Poor,No
APP08579,62783,58,Employed,35675,No,60411,Good,Yes
APP08580,55140,43,Unemployed,51026,No,38205,Good,Yes
APP08581,31965,46,Employed,29772,Yes,48508,Poor,No
APP08582,65106,31,Employed,24144,No,25157,Good,Yes
APP08583,33003,48,Self-Employed,5057,No,1261,Good,Yes
APP08584,,22,Employed,96545,Yes,28935,Good,No
APP08585,111353,28,Employed,46888,No,32982,Good,Yes
APP08586,52873,49,Employed,6242,Yes,58914,Poor,No
APP08587,35416,31,Employed,5849,No,68878,Good,Yes
APP08588,56667,57,Employed,32393,No,77050,Good,Yes
APP08589,41263,38,Self-Employed,6324,No,28792,Good,Yes
APP08590,78404,34,Employed,40579,Yes,76634,Good,No
APP08591,56134,30,Employed,10979,No,64151,Good,Yes
APP08592,129507,55,Employed,8729,No,3437,Poor,Yes
APP08593,101260,29,Employed,68591,No,48026,Poor,No
APP08594,56006,55,Unemployed,91150,No,29886,Good,Yes
APP08595,82795,31,Employed,43892,No,3687,Good,Yes
APP08596,50269,64,Employed,84493,No,42989,Good,Yes
APP08597,60924,32,Employed,7780,Yes,47201,Good,Yes
APP08598,50994,23,Employed,78881,No,20926,Good,Yes
APP08599,84711,59,Employed,10966,No,75251,Average,Yes
APP08600,114341,,Employed,84652,No,49226,Good,Yes
APP08601,85947,48,,88825,No,14901,Average,Yes
APP08602,90851,31,Employed,79668,No,57979,Good,Yes
APP08603,90895,59,Unemployed,82971,No,40432,Poor,No
APP08604,76893,45,Employed,58341,No,38385,Good,Yes
APP08605,35933,41,Employed,30164,Yes,66928,Average,No
APP08606,128996,30,Self-Employed,66107,No,11916,Average,Yes
APP08607,135142,63,Self-Employed,46756,Yes,39788,Poor,No
APP08608,54006,35,Employed,5507,No,62680,Average,Yes
APP08609,50781,39,Unemployed,50298,No,53171,Average,No
APP08610,79038,42,Self-Employed,66863,No,1428,Good,Yes
APP08611,76877,41,Employed,6319,Yes,63209,Good,Yes
APP08612,54788,64,Employed,64029,No,75629,Good,Yes
APP08613,34187,52,Employed,66991,No,56669,Good,Yes
APP08614,68849,43,Employed,20020,No,70196,Average,Yes
APP08615,76899,33,Employed,45952,No,29504,Good,Yes
APP08616,,25,Employed,96612,No,28698,Good,Yes
APP08617,70212,24,Self-Employed,88998,Yes,26348,Good,No
APP08618,53109,48,Employed,44028,No,59063,Good,Yes
APP08619,93845,34,Employed,38235,No,75423,Good,Yes
APP08620,61805,28,Employed,16788,No,70947,Good,Yes
APP08621,48673,29,Employed,8343,Yes,12867,Good,Yes
APP08622,55315,55,Self-Employed,33259,No,50463,Good,Yes
APP08623,27348,57,Employed,94327,No,79681,Good,Yes
APP08624,55276,41,Employed,96068,No,24334,Poor,No
APP08625,81789,38,Employed,82189,No,51148,Poor,No
APP08626,69913,53,Self-Employed,38328,No,72623,Good,Yes
APP08627,118943,28,Employed,18645,No,72064,Good,Yes
APP08628,53304,37,Employed,61576,No,26397,Good,Yes
APP08629,74712,63,Employed,66418,Yes,8420,Poor,No
APP08630,85719,51,Self-Employed,45334,No,52035,Good,Yes
APP08631,172195,54,Employed,70706,No,75810,Average,Yes
APP08632,64039,26,Unemployed,75935,Yes,41131,Poor,No
APP08633,37504,42,Employed,79391,No,37159,Poor,No
APP08634,87875,34,Employed,52718,No,69252,Average,Yes
APP08635,138923,23,Employed,80206,No,34543,Average,Yes
APP08636,51894,32,Employed,7420,Yes,54793,Poor,No
APP08637,87604,56,Self-Employed,69638,No,31703,Poor,No
APP08638,104300,32,Self-Employed,27385,No,30794,Good,Yes
APP08639,94824,65,Employed,30699,No,15837,Poor,Yes
APP08640,63488,22,Employed,13674,No,7988,Average,Yes
APP08641,43817,22,Unemployed,23277,Yes,70928,Good,No
APP08642,57845,35,Employed,99241,No,15316,Good,Yes
APP08643,73752,43,Self-Employed,44462,No,5915,Average,Yes
APP08644,90292,49,,93138,No,47002,Good,Yes
APP08645,69729,37,Employed,20475,No,44134,Average,Yes
APP08646,50571,52,Self-Employed,24386,No,45853,Good,Yes
APP08647,77035,27,Employed,57992,No,37980,Poor,No
APP08648,88357,50,Employed,38206,No,12213,Good,Yes
APP08649,71177,48,Employed,66172,No,2652,Good,Yes
APP08650,41184,34,Employed,45094,No,4667,Poor,Yes
APP08651,55297,64,Employed,82102,Yes,75509,Good,No
APP08652,91915,50,Self-Employed,45998,No,43016,Average,Yes
APP08653,32201,37,Employed,59373,No,32578,Good,Yes
APP08654,23392,52,Employed,35502,No,33456,Poor,No
APP08655,118271,26,Employed,71884,No,52523,Good,Yes
APP08656,75526,44,Employed,67200,No,30756,Good,Yes
APP08657,78836,26,Employed,42715,No,63920,Poor,No
APP08658,36958,47,Employed,31223,No,21535,Good,Yes
APP08659,83616,38,Employed,63340,No,30013,Poor,Yes
APP08660,67912,44,Employed,94599,Yes,74865,Average,No
APP08661,29412,57,,17601,No,21562,Good,Yes
APP08662,113894,,Employed,80916,No,53265,Good,Yes
APP08663,,58,Employed,56584,No,29801,Good,Yes
APP08664,50205,54,Unemployed,54928,No,38225,Good,Yes
APP08665,50615,60,Self-Employed,96360,No,4570,Good,Yes
APP08666,24228,35,Employed,62558,No,14211,Good,Yes
APP08667,78363,31,Employed,83899,No,9051,Poor,No
APP08668,67504,42,Self-Employed,53875,No,67732,Good,Yes
APP08669,54982,44,Self-Employed,28736,No,76974,Good,Yes
APP08670,106662,21,Self-Employed,70977,No,6370,Good,Yes
APP08671,32188,38,Employed,92702,No,7071,Good,Yes
APP08672,45869,64,Employed,84917,No,44621,Average,Yes
APP08673,40929,32,Employed,23845,No,40819,Good,Yes
APP08674,52926,63,Employed,35104,No,52395,Poor,Yes
APP08675,61850,48,Employed,54104,No,59208,Average,Yes
APP08676,72810,60,Employed,59302,No,63980,Good,Yes
APP08677,51326,27,Employed,23412,No,12778,Average,Yes
APP08678,40428,43,Unemployed,26851,No,3989,Average,Yes
APP08679,128130,41,Employed,77089,No,71244,Average,Yes
APP08680,177609,54,Employed,74380,No,38094,Good,Yes
APP08681,63996,31,Self-Employed,84725,No,77728,Good,No
APP08682,42683,42,Employed,93628,No,43089,Good,Yes
APP08683,116548,62,Employed,34285,No,41292,Good,Yes
APP08684,31290,55,Employed,86662,No,50215,Good,Yes
APP08685,51609,49,Employed,68271,No,14441,Average,Yes
APP08686,43864,62,Employed,95988,No,21069,Good,Yes
APP08687,35607,48,Unemployed,30847,Yes,72559,Good,No
APP08688,52896,38,Employed,30619,No,17774,Good,Yes
APP08689,40669,34,Employed,71908,No,19405,Good,Yes
APP08690,60343,38,Employed,93199,Yes,41289,Good,No
APP08691,60738,48,Employed,83333,No,51651,Average,Yes
APP08692,45365,44,Self-Employed,74069,No,1071,Poor,No
APP08693,50786,28,Employed,41794,No,37086,Good,Yes
APP08694,54080,62,Employed,73188,No,32522,Good,Yes
APP08695,86382,65,Employed,81104,No,69384,Average,Yes
APP08696,56123,28,Employed,76562,No,67336,Good,Yes
APP08697,86961,24,Employed,69297,No,72568,Good,Yes
APP08698,78098,47,Employed,9477,No,67522,Good,Yes
APP08699,77597,56,Employed,67673,No,63150,Good,Yes
APP08700,112042,25,Unemployed,50438,No,68861,Average,No
APP08701,36256,53,Employed,96349,No,14810,Poor,No
APP08702,48493,54,Employed,62683,No,27927,Good,Yes
APP08703,132665,50,Employed,62782,No,55006,Good,Yes
APP08704,53440,28,,99435,No,73927,Good,Yes
APP08705,18000,59,Employed,13891,No,53686,Good,Yes
APP08706,54763,46,Self-Employed,31250,No,17428,Poor,Yes
APP08707,,57,Employed,67328,No,75629,Good,Yes
APP08708,18479,54,Employed,34947,No,61067,Good,Yes
APP08709,109357,27,Unemployed,37884,No,57607,Good,Yes
APP08710,43518,60,Employed,89801,No,61238,Good,Yes
APP08711,69561,48,Employed,60039,Yes,53072,Good,No
APP08712,54198,59,Employed,14772,No,2747,Good,Yes
APP08713,33602,59,Employed,34532,No,21036,Average,Yes
APP08714,,48,Employed,12226,No,76569,Good,Yes
APP08715,39392,34,Employed,57832,No,23800,Average,Yes
APP08716,97797,58,Employed,21460,No,61958,Poor,Yes
APP08717,56146,24,Employed,86426,No,34534,Poor,No
APP08718,47442,62,Self-Employed,59845,No,72695,Good,Yes
APP08719,39400,38,Self-Employed,10641,No,45056,Average,Yes
APP08720,102782,64,Employed,33583,No,50919,Average,Yes
APP08721,115959,45,Employed,63552,No,19930,Good,Yes
APP08722,102256,27,Employed,36872,No,5544,Average,Yes
APP08723,74884,58,Employed,53752,No,60768,Good,Yes
APP08724,68359,48,Employed,91389,No,6344,Average,Yes
APP08725,34715,25,Employed,38253,Yes,58022,Good,No
APP08726,53717,23,Employed,36908,Yes,44884,Average,No
APP08727,44107,64,Self-Employed,82877,No,65782,Good,Yes
APP08728,26387,51,Employed,35282,No,17256,Good,Yes
APP08729,96545,62,Unemployed,12406,Yes,43781,Good,No
APP08730,43870,40,,22190,No,49520,Good,Yes
APP08731,102773,39,Employed,95136,No,6870,Poor,No
APP08732,89222,31,Employed,93663,Yes,59376,Good,No
APP08733,77082,60,Employed,26357,No,31733,Good,Yes
APP08734,79055,23,Self-Employed,57583,No,11184,Average,Yes
APP08735,45488,43,Employed,18050,No,31578,Good,Yes
APP08736,138432,27,Employed,69094,No,8766,Good,Yes
APP08737,61176,43,,22604,No,71152,Good,Yes
APP08738,68732,27,Employed,9730,No,37084,Average,Yes
APP08739,44802,54,Unemployed,83365,No,11904,Poor,No
APP08740,39461,62,Employed,35913,Yes,20916,Average,No
APP08741,74376,39,Employed,15310,No,58247,Poor,Yes
APP08742,66170,29,Employed,84221,Yes,63101,Good,No
APP08743,42062,38,Self-Employed,77428,No,4264,Poor,No
APP08744,31408,61,Employed,69957,No,5731,Good,Yes
APP08745,33882,65,Self-Employed,91569,No,73458,Good,No
APP08746,102781,62,Self-Employed,51476,No,27148,Good,Yes
APP08747,45530,45,Self-Employed,17165,No,16273,Good,Yes
APP08748,51513,34,Employed,10828,No,10722,Average,Yes
APP08749,115238,64,Employed,35252,No,38601,Good,Yes
APP08750,36212,45,Employed,13249,No,61913,Average,Yes
APP08751,43259,39,Employed,55873,No,42168,Good,Yes
APP08752,42453,,Employed,6377,Yes,2633,Good,Yes
APP08753,124272,35,Employed,47158,No,39228,Good,Yes
APP08754,147137,36,Employed,21954,No,25621,Good,Yes
APP08755,84146,47,Employed,39985,No,54946,Poor,Yes
APP08756,85359,60,,69128,No,42357,Average,Yes
APP08757,46209,30,Employed,38342,Yes,77262,Good,No
APP08758,144119,24,Self-Employed,37427,No,48255,Good,Yes
APP08759,67681,39,Employed,99121,No,50966,Good,Yes
APP08760,88080,48,Employed,73287,No,42098,Good,Yes
APP08761,57217,41,Employed,53817,No,25569,Average,Yes
APP08762,53183,34,Unemployed,60041,No,50818,Good,No
APP08763,126813,53,Self-Employed,63917,No,27300,Good,Yes
APP08764,76495,30,Employed,7335,No,57671,Average,Yes
APP08765,115291,39,Employed,12625,No,19711,Good,Yes
APP08766,67306,50,Employed,66673,No,30045,Average,Yes
APP08767,40959,42,Employed,39625,Yes,47108,Average,No
APP08768,46147,23,Self-Employed,10267,No,50651,Good,Yes
APP08769,62845,57,Employed,33264,No,53820,Average,Yes
APP08770,45260,61,,17377,No,56325,Average,Yes
APP08771,36452,38,Employed,92050,Yes,26146,Good,No
APP08772,103026,31,Self-Employed,24278,Yes,71514,Good,No
APP08773,,22,Employed,18651,No,3365,Good,Yes
APP08774,63850,32,,64486,No,15886,Poor,No
APP08775,68553,26,Employed,54582,No,6541,Good,Yes
APP08776,46048,63,Employed,59714,No,54051,Good,Yes
APP08777,115262,60,Employed,46415,No,22620,Good,Yes
APP08778,36293,64,Employed,49381,Yes,16733,Good,Yes
APP08779,67497,49,Self-Employed,78986,No,38973,Good,Yes
APP08780,67027,50,Self-Employed,25893,Yes,49905,Good,No
APP08781,58553,22,Employed,42670,No,49920,Good,Yes
APP08782,33473,29,Employed,95993,Yes,45039,Average,No
APP08783,88785,22,Employed,23049,No,79367,Poor,No
APP08784,83841,49,Employed,32908,No,68957,Good,Yes
APP08785,44271,53,Employed,23199,Yes,19870,Poor,No
APP08786,82493,30,Employed,6947,No,60939,Good,Yes
APP08787,71026,54,Self-Employed,30634,No,45974,Average,Yes
APP08788,33719,64,Self-Employed,9414,No,6571,Good,Yes
APP08789,40857,28,Employed,19695,No,4917,Good,Yes
APP08790,100140,57,Self-Employed,39455,No,64170,Good,Yes
APP08791,68964,53,Employed,6969,No,44054,Good,Yes
APP08792,46544,26,Employed,76531,No,46135,Average,No
APP08793,40773,64,Employed,80581,No,27565,Good,Yes
APP08794,47580,60,Self-Employed,44084,No,74497,Good,Yes
APP08795,49123,65,Self-Employed,98543,Yes,57354,Poor,No
APP08796,41004,39,,69504,No,74294,Average,No
APP08797,27400,52,Employed,75654,No,8842,Good,Yes
APP08798,100218,47,Employed,23269,Yes,47115,Good,Yes
APP08799,92863,21,Employed,84557,Yes,51365,Poor,No
APP08800,33831,,Employed,94779,No,10953,Good,Yes
APP08801,63796,53,Self-Employed,27449,No,28355,Average,Yes
APP08802,39978,60,Unemployed,70214,No,17970,Average,No
APP08803,53337,52,Employed,75959,No,78772,Good,Yes
APP08804,51377,25,Self-Employed,33991,No,43930,Poor,No
APP08805,49492,37,Employed,50126,No,25906,Good,Yes
APP08806,147772,28,Employed,14266,No,53495,Average,Yes
APP08807,49215,62,Employed,21444,No,53104,Good,Yes
APP08808,41705,54,Self-Employed,10849,Yes,28439,Average,No
APP08809,42571,29,Employed,58216,No,79520,Poor,No
APP08810,95971,43,Self-Employed,64400,No,64908,Good,Yes
APP08811,28528,55,Employed,92031,No,32625,Average,No
APP08812,42571,27,Employed,56508,Yes,53145,Good,No
APP08813,115056,35,Employed,29758,No,57133,Average,Yes
APP08814,66963,40,Self-Employed,10650,No,14732,Average,Yes
APP08815,65412,45,Employed,89071,No,70375,Poor,No
APP08816,156618,23,Self-Employed,50492,No,66257,Poor,No
APP08817,67034,44,Employed,75046,No,60698,Good,Yes
APP08818,43626,54,Employed,6392,No,18591,Good,Yes
APP08819,52847,42,Self-Employed,51373,No,11764,Poor,No
APP08820,35996,31,Employed,35944,No,15263,Average,Yes
APP08821,105585,28,Self-Employed,7881,No,8348,Good,Yes
APP08822,77703,59,Employed,78689,No,75283,Good,Yes
APP08823,99517,63,Employed,53726,No,68268,Good,Yes
APP08824,103564,55,Self-Employed,36652,No,8172,Average,Yes
APP08825,,58,Self-Employed,81551,No,54560,Average,No
APP08826,39221,28,Employed,47458,No,20401,Good,Yes
APP08827,58620,57,Employed,5332,No,2365,Good,Yes
APP08828,40512,47,Employed,94723,No,24099,Average,Yes
APP08829,64623,48,Employed,29290,No,35762,Poor,Yes
APP08830,99862,60,Employed,83905,No,2583,Good,Yes
APP08831,55628,54,Employed,82559,No,26574,Poor,No
APP08832,64190,52,Self-Employed,20426,No,56328,Good,Yes
APP08833,57519,35,Self-Employed,50030,No,19046,Poor,Yes
APP08834,86105,64,Employed,8819,No,39307,Average,Yes
APP08835,44427,37,Self-Employed,38682,Yes,71119,Poor,No
APP08836,22330,53,Employed,74443,No,3243,Average,Yes
APP08837,74161,36,Employed,27522,No,63065,Good,Yes
APP08838,93585,49,Self-Employed,16127,Yes,31328,Poor,No
APP08839,73348,29,Self-Employed,53177,No,43751,Average,No
APP08840,44981,53,Employed,56014,No,19239,Good,Yes
APP08841,36003,49,Self-Employed,69204,No,46737,Good,Yes
APP08842,74954,33,Employed,77118,No,58725,Good,Yes
APP08843,63944,41,Self-Employed,71102,Yes,16921,Average,No
APP08844,56698,41,Employed,85314,Yes,28118,Average,No
APP08845,136245,25,Self-Employed,26176,No,45823,Good,Yes
APP08846,39185,30,Employed,59128,No,33926,Good,Yes
APP08847,133368,26,,39209,No,24159,Good,Yes
APP08848,60864,33,Employed,96401,Yes,36683,Good,No
APP08849,26268,21,Employed,46827,Yes,23975,Good,No
APP08850,55351,40,Self-Employed,96173,No,24848,Poor,No
APP08851,92399,28,Unemployed,78061,No,49240,Poor,No
APP08852,50911,30,Self-Employed,73254,No,38688,Good,Yes
APP08853,30898,,Employed,51699,No,54489,Good,Yes
APP08854,55719,61,Self-Employed,47121,No,67158,Good,Yes
APP08855,40797,23,Employed,55022,No,75494,Good,Yes
APP08856,74863,31,Employed,32895,Yes,12957,Poor,No
APP08857,84976,32,Self-Employed,90928,No,50469,Good,Yes
APP08858,37301,30,Employed,80461,Yes,47010,Good,No
APP08859,43673,45,Self-Employed,81133,Yes,69489,Average,No
APP08860,84338,45,Self-Employed,46150,No,71775,Good,Yes
APP08861,40767,31,Employed,11753,No,61080,Good,Yes
APP08862,36869,56,Employed,69892,No,48041,Good,Yes
APP08863,35302,59,Employed,40569,Yes,16742,Good,Yes
APP08864,70299,46,Unemployed,87691,No,22854,Good,Yes
APP08865,68956,34,Employed,79132,No,48619,Poor,No
APP08866,44103,59,Employed,18806,Yes,12008,Average,Yes
APP08867,60137,60,Employed,62163,No,15533,Poor,Yes
APP08868,119290,21,Employed,70760,No,73003,Average,Yes
APP08869,38707,24,,58973,Yes,76549,Average,No
APP08870,24930,50,Employed,53834,No,1414,Good,Yes
APP08871,73636,32,Unemployed,26647,Yes,69136,Average,No
APP08872,57092,55,Employed,27411,No,75103,Good,Yes
APP08873,43590,33,Employed,77961,No,42533,Good,Yes
APP08874,80462,51,Employed,6776,No,36463,Average,Yes
APP08875,87531,58,Unemployed,78996,No,73585,Average,No
APP08876,22212,63,Employed,55046,No,1595,Good,Yes
APP08877,44731,43,Employed,93941,No,67398,Good,Yes
APP08878,170243,24,Employed,99746,Yes,24430,Good,Yes
APP08879,78013,36,Employed,68031,No,51652,Average,Yes
APP08880,81336,27,Employed,44164,No,26533,Poor,Yes
APP08881,101712,42,Employed,50133,No,42313,Average,Yes
APP08882,60463,49,Employed,24400,No,64857,Average,Yes
APP08883,85872,31,Employed,14427,Yes,15320,Good,Yes
APP08884,82887,53,Self-Employed,59983,No,53450,Good,Yes
APP08885,76471,49,Employed,81522,No,71969,Average,Yes
APP08886,51906,59,Employed,29868,No,72183,Good,Yes
APP08887,64830,32,Employed,44867,No,71636,Good,Yes
APP08888,46043,27,Employed,57703,No,41959,Average,Yes
APP08889,60347,59,Employed,91250,Yes,61648,Poor,No
APP08890,35464,62,Employed,18170,No,36302,Good,Yes
APP08891,42038,46,Employed,27504,No,37353,Poor,No
APP08892,52842,60,Employed,92260,Yes,23424,Good,No
APP08893,39239,29,Employed,8756,No,23533,Good,Yes
APP08894,,61,Unemployed,67331,No,3988,Good,Yes
APP08895,55733,54,Unemployed,65755,Yes,42986,Poor,No
APP08896,71906,65,Self-Employed,41409,Yes,25392,Good,Yes
APP08897,91974,33,Employed,49476,No,15827,Average,Yes
APP08898,48698,56,Employed,86217,No,10615,Good,Yes
APP08899,109414,45,Self-Employed,20673,No,28413,Good,Yes
APP08900,91535,44,Employed,26999,Yes,72022,Good,Yes
APP08901,75278,64,Employed,53673,No,41796,Good,Yes
APP08902,64295,37,Employed,43926,No,44998,Good,Yes
APP08903,69266,22,Employed,59565,No,5292,Good,Yes
APP08904,102362,33,Self-Employed,92480,No,42068,Average,No
APP08905,104059,51,Self-Employed,92125,Yes,53741,Average,No
APP08906,109407,49,Self-Employed,26852,No,12907,Good,Yes
APP08907,61126,48,Self-Employed,33704,No,78701,Good,Yes
APP08908,,47,Employed,20397,No,73294,Good,Yes
APP08909,109831,,Self-Employed,93140,No,79455,Good,Yes
APP08910,45317,51,Employed,42797,No,29465,Average,Yes
APP08911,51990,60,Employed,47722,No,65962,Good,Yes
APP08912,60435,35,Employed,81251,No,26970,Poor,No
APP08913,89942,53,Self-Employed,53732,Yes,60181,Poor,No
APP08914,90574,40,Unemployed,16377,No,75879,Good,Yes
APP08915,54080,62,Employed,46596,Yes,13247,Average,No
APP08916,30431,32,Employed,64900,No,12085,Good,Yes
APP08917,,57,Employed,73325,No,9248,Good,Yes
APP08918,39690,29,Employed,66308,No,64070,Poor,No
APP08919,30688,43,Employed,16322,No,53664,Average,Yes
APP08920,33974,28,Self-Employed,33913,No,42263,Good,Yes
APP08921,69492,,Employed,74689,Yes,62139,Average,No
APP08922,110699,34,,88618,No,68144,Average,No
APP08923,61059,47,Self-Employed,9483,No,76013,Poor,No
APP08924,65988,45,Employed,9012,No,16899,Good,Yes
APP08925,102171,33,Employed,66123,No,35892,Average,Yes
APP08926,,41,Self-Employed,57064,Yes,73918,Poor,No
APP08927,75825,65,Self-Employed,19757,No,37445,Good,Yes
APP08928,59688,51,Employed,57088,No,39525,Good,Yes
APP08929,77406,57,Employed,97576,No,75453,Good,Yes
APP08930,48268,63,Employed,64936,No,59039,Good,Yes
APP08931,41524,25,Employed,47668,No,44612,Good,Yes
APP08932,63916,33,,83616,No,29226,Poor,No
APP08933,126025,48,Employed,25218,No,73313,Average,Yes
APP08934,88390,63,Self-Employed,44361,No,1706,Good,Yes
APP08935,47745,45,Employed,55138,No,26359,Average,Yes
APP08936,32816,55,Employed,52931,No,75740,Average,No
APP08937,28146,59,Employed,92492,No,40358,Good,Yes
APP08938,108483,27,Employed,32803,No,50285,Good,Yes
APP08939,39039,58,Employed,10368,No,43077,Good,Yes
APP08940,51825,52,Self-Employed,92056,No,32391,Good,Yes
APP08941,108732,23,Employed,25621,Yes,53557,Good,Yes
APP08942,29023,65,Employed,41008,Yes,61552,Good,No
APP08943,117432,59,Employed,55435,No,29790,Average,Yes
APP08944,53528,57,Employed,97709,Yes,47651,Good,No
APP08945,35783,42,Employed,55851,Yes,7538,Good,Yes
APP08946,53680,28,Employed,47536,No,44260,Poor,No
APP08947,43344,37,Employed,60446,Yes,60072,Average,No
APP08948,73165,47,Employed,97227,No,47234,Average,Yes
APP08949,44821,53,Unemployed,82705,No,70397,Good,No
APP08950,25384,37,Employed,21052,Yes,23609,Average,No
APP08951,54331,62,Employed,81310,No,39849,Good,Yes
APP08952,32587,,Employed,84904,No,7911,Average,Yes
APP08953,65778,47,Employed,70616,Yes,56302,Good,No
APP08954,35168,28,Employed,67437,No,35988,Good,Yes
APP08955,48170,43,Employed,46883,No,42899,Poor,No
APP08956,65138,62,Employed,65961,No,11143,Good,Yes
APP08957,54529,49,Self-Employed,75070,No,79791,Good,No
APP08958,67157,40,Employed,16668,No,61982,Good,Yes
APP08959,81489,,Unemployed,29446,Yes,32650,Good,No
APP08960,,37,Self-Employed,23438,No,46027,Good,Yes
APP08961,58286,36,Employed,84915,No,49879,Average,Yes
APP08962,18000,39,Employed,69600,No,76901,Good,Yes
APP08963,67064,28,Employed,47824,No,61703,Good,Yes
APP08964,52404,58,Employed,83475,No,28624,Average,Yes
APP08965,38544,58,Employed,73094,No,78239,Average,No
APP08966,69160,,Employed,91791,No,24842,Poor,No
APP08967,101703,61,Unemployed,12297,Yes,46579,Good,No
APP08968,48431,56,Employed,53370,Yes,56353,Good,No
APP08969,39220,46,Employed,72141,No,22419,Good,Yes
APP08970,64625,51,Employed,24712,No,76553,Poor,No
APP08971,32895,64,Employed,36077,No,18073,Good,Yes
APP08972,44575,32,Self-Employed,44803,Yes,35900,Poor,No
APP08973,104004,37,Employed,80461,Yes,15210,Poor,No
APP08974,61703,35,Employed,51890,No,70124,Good,Yes
APP08975,25754,29,Self-Employed,51823,No,18506,Good,Yes
APP08976,26728,59,Self-Employed,45934,No,3745,Good,Yes
APP08977,64540,62,Self-Employed,26716,No,4076,Good,Yes
APP08978,88448,32,Self-Employed,92692,Yes,33687,Average,No
APP08979,28974,52,Employed,35191,No,42299,Good,Yes
APP08980,73458,45,Employed,58909,No,4289,Good,Yes
APP08981,109180,59,Employed,19134,No,8336,Good,Yes
APP08982,140314,38,Employed,46253,No,8700,Good,Yes
APP08983,69644,35,Employed,90861,No,53812,Good,Yes
APP08984,75370,52,Self-Employed,99569,No,24685,Good,Yes
APP08985,22975,26,Employed,39366,No,45443,Good,Yes
APP08986,154352,64,Unemployed,19629,No,6822,Average,Yes
APP08987,46311,63,Employed,34873,No,71477,Average,Yes
APP08988,39420,55,,36088,No,25050,Poor,Yes
APP08989,53490,54,Employed,66228,No,62478,Poor,No
APP08990,118463,58,Employed,52135,No,66310,Good,Yes
APP08991,162060,25,Employed,78004,No,79045,Average,No
APP08992,63483,38,Employed,71624,Yes,59542,Good,No
APP08993,94018,36,Employed,28874,Yes,35982,Good,Yes
APP08994,61178,28,Unemployed,79504,No,13058,Good,Yes
APP08995,37613,45,Employed,85509,No,4782,Good,Yes
APP08996,116615,,Employed,61847,Yes,71015,Average,No
APP08997,45349,46,Employed,93128,Yes,36286,Good,No
APP08998,119741,42,Employed,79380,No,60247,Good,Yes
APP08999,107629,51,Self-Employed,61563,No,40210,Good,Yes
APP09000,79096,63,Self-Employed,91086,No,70493,Poor,No
APP09001,136645,30,Unemployed,62034,No,60224,Good,Yes
APP09002,163842,32,Employed,54513,No,7751,Good,Yes
APP09003,55450,48,Employed,38845,No,60420,Poor,No
APP09004,41695,26,Self-Employed,88872,No,22078,Good,Yes
APP09005,25931,40,Unemployed,16659,No,62071,Poor,No
APP09006,164754,25,Unemployed,49983,No,75933,Poor,No
APP09007,49229,43,Self-Employed,56054,No,74480,Good,Yes
APP09008,,29,Employed,57701,No,10875,Average,Yes
APP09009,42982,49,Employed,66930,No,5319,Poor,No
APP09010,119889,36,Self-Employed,53051,No,62382,Good,Yes
APP09011,43785,42,Self-Employed,29398,No,57087,Good,Yes
APP09012,35095,28,Self-Employed,86410,No,14918,Poor,No
APP09013,54626,40,Employed,67465,No,55081,Good,Yes
APP09014,47231,34,Employed,86528,No,2224,Good,Yes
APP09015,78467,59,Employed,31224,No,50862,Poor,Yes
APP09016,58628,57,Employed,65520,No,66752,Good,Yes
APP09017,79584,54,Employed,72847,Yes,51705,Average,No
APP09018,,31,Unemployed,41423,No,6166,Good,Yes
APP09019,44480,60,,82163,No,79287,Average,No
APP09020,46143,53,Employed,5238,No,29131,Good,Yes
APP09021,150591,51,Employed,61517,No,31058,Good,Yes
APP09022,66398,64,Employed,63289,No,7695,Good,Yes
APP09023,24573,54,Employed,55715,No,14202,Good,Yes
APP09024,47477,27,Unemployed,64855,No,22423,Good,Yes
APP09025,62673,43,Employed,20887,Yes,64137,Good,Yes
APP09026,137658,27,,70054,No,55648,Poor,No
APP09027,95322,45,Self-Employed,36900,No,47108,Good,Yes
APP09028,39629,23,Employed,47945,Yes,69248,Good,No
APP09029,178146,58,Employed,36645,Yes,79827,Good,Yes
APP09030,59165,40,Employed,50024,No,31397,Poor,Yes
APP09031,105130,54,Employed,64049,No,31907,Average,Yes
APP09032,35680,64,Employed,84643,No,59151,Average,No
APP09033,20393,64,Employed,50926,Yes,51904,Good,No
APP09034,31834,50,Self-Employed,35706,No,2058,Good,Yes
APP09035,18000,37,Employed,51354,No,52779,Good,Yes
APP09036,155211,30,Employed,70436,No,57849,Average,Yes
APP09037,66081,55,Employed,37937,Yes,78889,Good,No
APP09038,39577,40,Employed,44357,Yes,47355,Average,No
APP09039,73554,38,Employed,58470,No,55069,Good,Yes
APP09040,65336,65,Self-Employed,32931,No,63311,Good,Yes
APP09041,,64,Employed,24863,Yes,8581,Good,Yes
APP09042,103403,47,Employed,18337,No,59038,Good,Yes
APP09043,52661,56,Unemployed,38498,Yes,44202,Good,No
APP09044,40383,43,Employed,9593,Yes,8906,Good,Yes
APP09045,87081,52,Employed,60431,Yes,53921,Good,No
APP09046,86090,30,Employed,21711,No,19526,Average,Yes
APP09047,62782,31,Employed,40853,No,43494,Good,Yes
APP09048,159851,58,Employed,30576,No,23196,Good,Yes
APP09049,49270,26,Employed,64887,No,9258,Good,Yes
APP09050,40021,61,Employed,85783,No,20818,Good,Yes
APP09051,72420,,Employed,65164,No,35666,Good,Yes
APP09052,44284,56,Self-Employed,56538,No,40036,Good,Yes
APP09053,74988,57,Employed,68563,Yes,12730,Good,Yes
APP09054,41243,37,Employed,7849,No,26357,Good,Yes
APP09055,50111,60,Employed,16670,No,68892,Average,Yes
APP09056,140502,60,Employed,14018,No,72920,Good,Yes
APP09057,49990,32,Employed,14329,No,43279,Good,Yes
APP09058,41882,41,Employed,29746,Yes,39739,Good,Yes
APP09059,101611,60,Employed,55545,Yes,46931,Good,Yes
APP09060,37389,39,Employed,15895,No,17951,Good,Yes
APP09061,43927,23,Employed,93836,No,79492,Good,No
APP09062,77773,38,,86154,No,59877,Good,Yes
APP09063,91527,39,Employed,97306,No,19861,Average,Yes
APP09064,103914,26,Unemployed,9038,No,22500,Good,Yes
APP09065,42867,36,Self-Employed,85883,No,52225,Average,No
APP09066,78457,28,Unemployed,81355,Yes,26505,Average,No
APP09067,48647,38,Self-Employed,90700,No,29070,Average,No
APP09068,45686,63,Employed,55155,No,62694,Poor,No
APP09069,103109,59,Employed,79849,Yes,22087,Good,Yes
APP09070,46854,32,Employed,9872,No,56714,Good,Yes
APP09071,68002,65,Self-Employed,12208,Yes,74856,Average,No
APP09072,64351,30,Employed,16261,No,10807,Good,Yes
APP09073,37059,27,Employed,91905,No,12398,Poor,No
APP09074,92674,21,Self-Employed,10811,No,75487,Good,Yes
APP09075,77206,56,Employed,14514,Yes,17078,Good,Yes
APP09076,24545,41,Employed,93389,No,2651,Good,Yes
APP09077,67978,57,Employed,15202,No,69612,Good,Yes
APP09078,42373,44,Self-Employed,87627,No,23302,Good,Yes
APP09079,98300,45,Self-Employed,79981,No,24570,Poor,No
APP09080,31309,27,Self-Employed,8827,No,18927,Good,Yes
APP09081,51107,62,Self-Employed,7076,No,73496,Good,Yes
APP09082,70616,37,Employed,55767,No,62179,Good,Yes
APP09083,61485,49,Unemployed,99732,No,48147,Good,No
APP09084,84578,50,Employed,88489,No,36807,Good,Yes
APP09085,30297,27,Self-Employed,34452,No,12339,Good,Yes
APP09086,,53,Employed,41699,No,74153,Good,Yes
APP09087,75994,27,Employed,41851,No,60223,Poor,No
APP09088,110633,44,,74747,No,23032,Average,Yes
APP09089,88921,31,Employed,37408,No,75852,Average,Yes
APP09090,59687,29,,19041,No,74880,Good,Yes
APP09091,33665,32,Employed,75975,Yes,53102,Good,No
APP09092,46560,55,Employed,48511,No,78815,Average,No
APP09093,122688,24,Employed,12294,Yes,15793,Average,Yes
APP09094,111921,56,Employed,80055,No,58780,Good,Yes
APP09095,,48,Employed,60605,No,13022,Good,Yes
APP09096,18000,33,Self-Employed,51490,No,55644,Good,Yes
APP09097,54524,43,Employed,68968,No,73668,Good,Yes
APP09098,52714,39,,53010,No,43352,Average,No
APP09099,53621,62,Employed,66600,No,61282,Good,Yes
APP09100,76111,57,Employed,87411,No,12307,Good,Yes
APP09101,89000,59,Employed,63284,Yes,51022,Average,No
APP09102,93689,44,Employed,67662,No,5992,Good,Yes
APP09103,73326,36,Unemployed,63316,No,3915,Average,Yes
APP09104,26682,53,Self-Employed,55462,No,51091,Poor,No
APP09105,,32,Self-Employed,21337,No,46252,Good,Yes
APP09106,169218,54,Employed,36889,No,27011,Good,Yes
APP09107,71004,27,Employed,70845,No,41521,Good,Yes
APP09108,70800,31,Employed,45420,No,55063,Good,Yes
APP09109,70535,51,Employed,43582,Yes,51933,Average,No
APP09110,72332,49,Self-Employed,77131,No,6817,Average,Yes
APP09111,20531,33,Employed,5529,No,54571,Average,Yes
APP09112,53869,51,Employed,69504,No,53103,Average,No
APP09113,58986,22,Employed,51477,No,53900,Good,Yes
APP09114,106806,59,Employed,40792,No,67941,Average,Yes
APP09115,61301,35,Employed,37351,No,46560,Average,Yes
APP09116,28600,31,Employed,21423,No,75094,Good,Yes
APP09117,72812,54,Employed,36754,No,78421,Poor,No
APP09118,41789,59,Employed,42185,No,60396,Good,Yes
APP09119,34702,24,Employed,46558,No,29336,Average,No
APP09120,41222,31,Self-Employed,68869,No,12305,Average,Yes
APP09121,76590,49,Self-Employed,48089,No,65791,Good,Yes
APP09122,105719,22,Self-Employed,80647,No,12584,Good,Yes
APP09123,74564,36,Employed,65775,No,12547,Good,Yes
APP09124,79739,59,Employed,23012,No,73604,Good,Yes
APP09125,74233,33,Unemployed,31331,No,45230,Good,Yes
APP09126,62799,57,Employed,12529,No,24173,Good,Yes
APP09127,82102,37,,94844,No,77076,Good,Yes
APP09128,20204,41,Employed,89222,No,56879,Good,Yes
APP09129,63076,64,,13056,No,43253,Good,Yes
APP09130,37492,39,Employed,59537,No,27029,Good,Yes
APP09131,,27,Self-Employed,96238,No,54453,Average,No
APP09132,56156,58,Employed,75979,No,58741,Average,Yes
APP09133,60841,28,Employed,51722,No,57257,Good,Yes
APP09134,30480,33,Employed,27905,No,16432,Good,Yes
APP09135,94814,57,Employed,31509,No,56082,Poor,No
APP09136,79570,22,Employed,74943,No,46934,Good,Yes
APP09137,77090,,Employed,79155,No,68156,Average,Yes
APP09138,41616,31,Employed,55226,Yes,50357,Good,No
APP09139,42360,44,Self-Employed,16490,No,12556,Good,Yes
APP09140,66351,26,Employed,93717,No,26164,Average,Yes
APP09141,43896,46,Employed,85252,Yes,59762,Poor,No
APP09142,72970,27,Employed,18351,No,59457,Poor,No
APP09143,22690,59,Employed,10389,No,18594,Average,Yes
APP09144,48180,39,Employed,55907,No,29013,Good,Yes
APP09145,134678,26,Employed,31994,No,2210,Good,Yes
APP09146,73121,63,Self-Employed,31909,No,27205,Good,Yes
APP09147,64677,49,Employed,13286,Yes,3081,Good,Yes
APP09148,146598,63,Self-Employed,95572,No,69957,Poor,No
APP09149,20972,59,Employed,83866,No,53665,Good,Yes
APP09150,41573,22,Self-Employed,15814,No,77563,Good,Yes
APP09151,50090,,Employed,88277,No,71462,Good,Yes
APP09152,88288,24,Employed,69881,Yes,48675,Good,No
APP09153,88978,26,Self-Employed,35917,No,40731,Good,Yes
APP09154,40635,57,Employed,87769,No,70814,Good,Yes
APP09155,94012,48,Employed,61812,No,24575,Good,Yes
APP09156,50042,50,Employed,85624,No,18658,Average,Yes
APP09157,103501,27,Self-Employed,49580,Yes,33392,Good,Yes
APP09158,37700,29,Self-Employed,52562,No,5203,Good,Yes
APP09159,56761,45,Self-Employed,32646,No,24856,Average,Yes
APP09160,48123,53,,41831,No,7611,Average,Yes
APP09161,96501,21,Employed,58936,No,5160,Good,Yes
APP09162,47422,26,Employed,94971,No,44556,Good,Yes
APP09163,58865,38,Employed,62011,Yes,56945,Average,No
APP09164,75370,30,Unemployed,19001,No,43397,Good,Yes
APP09165,76685,48,Employed,5665,No,6576,Good,Yes
APP09166,89432,31,Unemployed,85844,Yes,32203,Good,No
APP09167,65980,53,Employed,39611,No,9765,Average,Yes
APP09168,49706,21,Self-Employed,34922,No,52355,Average,No
APP09169,51264,33,Employed,81069,No,66286,Poor,No
APP09170,60697,57,Self-Employed,94810,Yes,10220,Good,No
APP09171,,40,Employed,76064,No,6281,Good,Yes
APP09172,56155,,Employed,21515,No,33070,Average,Yes
APP09173,60521,23,Employed,42181,Yes,24974,Good,No
APP09174,30313,38,Employed,77143,No,21594,Good,Yes
APP09175,81017,61,Employed,91158,No,17700,Good,Yes
APP09176,65095,34,Unemployed,99867,No,26037,Good,Yes
APP09177,94178,51,Employed,53598,No,77265,Average,Yes
APP09178,60004,47,Employed,83140,No,68756,Good,Yes
APP09179,27442,37,,9430,No,48507,Good,Yes
APP09180,51062,49,Employed,32153,No,64237,Good,Yes
APP09181,54838,56,Self-Employed,40294,No,2164,Average,Yes
APP09182,83818,57,Self-Employed,97675,No,9805,Poor,No
APP09183,23635,46,Unemployed,5322,No,24104,Poor,No
APP09184,61122,37,Employed,34262,No,51868,Good,Yes
APP09185,75603,42,Employed,93389,No,70790,Poor,No
APP09186,44553,45,Employed,34134,No,19260,Good,Yes
APP09187,62049,22,Employed,26381,No,11997,Good,Yes
APP09188,45249,42,Unemployed,74358,No,67986,Good,No
APP09189,43208,25,,75807,No,33322,Good,Yes
APP09190,49927,24,Employed,49857,No,56261,Average,Yes
APP09191,43577,56,Self-Employed,94957,No,44294,Average,Yes
APP09192,81612,26,Employed,24257,Yes,14897,Average,No
APP09193,43104,41,Employed,91775,No,56345,Poor,No
APP09194,39966,33,Self-Employed,76773,Yes,34241,Good,No
APP09195,132942,57,Employed,39980,No,23732,Good,Yes
APP09196,92451,45,Unemployed,81656,No,72313,Average,No
APP09197,25963,46,Employed,17654,No,1473,Poor,Yes
APP09198,42530,59,Employed,17443,No,32985,Poor,Yes
APP09199,66917,40,Employed,93344,No,24740,Good,Yes
APP09200,69410,53,Employed,14004,No,5304,Average,Yes
APP09201,30680,34,Employed,5388,No,7353,Average,Yes
APP09202,101058,56,Self-Employed,41958,No,14611,Good,Yes
APP09203,86982,37,Employed,14866,No,40895,Average,Yes
APP09204,74530,41,Employed,86988,Yes,23329,Good,No
APP09205,110484,36,Employed,92656,No,67191,Good,Yes
APP09206,73543,36,Employed,50831,No,19958,Poor,Yes
APP09207,73421,40,Unemployed,45420,Yes,57897,Average,No
APP09208,120941,49,Self-Employed,56209,No,17620,Good,Yes
APP09209,98484,48,Employed,26488,No,4362,Average,Yes
APP09210,41086,28,Employed,33307,No,21905,Good,Yes
APP09211,79781,44,Employed,14593,No,67168,Good,Yes
APP09212,44497,23,Employed,47413,No,7498,Good,Yes
APP09213,75280,45,Employed,63111,Yes,28215,Average,No
APP09214,74353,39,Employed,93371,No,1633,Poor,No
APP09215,32194,53,Employed,75212,No,50789,Good,Yes
APP09216,56799,22,Employed,73691,No,75478,Poor,No
APP09217,67607,35,Self-Employed,34260,No,31365,Average,Yes
APP09218,49304,42,Employed,89388,No,46577,Good,Yes
APP09219,69128,30,Employed,94961,No,36730,Average,Yes
APP09220,,38,Self-Employed,93565,Yes,77893,Average,No
APP09221,59180,42,Self-Employed,8686,No,59144,Good,Yes
APP09222,66381,,Employed,62413,No,4494,Good,Yes
APP09223,111819,33,Self-Employed,66106,Yes,9589,Good,Yes
APP09224,74239,53,Self-Employed,33031,No,38168,Poor,Yes
APP09225,65675,25,Employed,99279,No,50908,Poor,No
APP09226,38986,46,Employed,32663,No,23941,Good,Yes
APP09227,81151,33,Self-Employed,25578,No,54297,Poor,No
APP09228,69610,47,Employed,50994,No,46546,Good,Yes
APP09229,106914,34,Employed,35699,No,35372,Good,Yes
APP09230,61279,44,Employed,92783,No,47001,Average,No
APP09231,26497,23,Employed,46807,No,73401,Good,Yes
APP09232,27919,50,Employed,43964,No,20213,Good,Yes
APP09233,83546,55,Employed,64457,No,63506,Good,Yes
APP09234,46421,34,Employed,12706,No,1945,Good,Yes
APP09235,73031,32,Employed,76890,No,7699,Average,Yes
APP09236,63165,48,Employed,77998,Yes,76025,Good,No
APP09237,55660,64,Self-Employed,50032,No,56121,Average,Yes
APP09238,57454,49,Employed,95791,No,51032,Average,Yes
APP09239,40647,63,Employed,60037,Yes,27390,Good,Yes
APP09240,59576,37,Unemployed,71047,Yes,15563,Average,No
APP09241,46123,60,Employed,92813,No,31013,Poor,No
APP09242,50746,41,Employed,68303,No,48273,Good,Yes
APP09243,51868,43,Employed,46023,No,51116,Good,Yes
APP09244,54181,40,Employed,7353,No,14395,Average,Yes
APP09245,90860,31,Employed,74188,No,36195,Good,Yes
APP09246,56596,54,Employed,96662,No,45774,Good,Yes
APP09247,95108,30,Employed,49672,No,76837,Good,Yes
APP09248,119867,30,Employed,37278,Yes,44404,Good,Yes
APP09249,88153,63,Self-Employed,54330,No,46867,Good,Yes
APP09250,76314,26,Self-Employed,74202,No,61450,Good,No
APP09251,69506,56,Self-Employed,5066,No,34094,Good,Yes
APP09252,88567,44,Employed,89285,No,31326,Good,Yes
APP09253,,32,Employed,89204,No,47682,Average,No
APP09254,93448,63,Employed,56423,No,62881,Average,Yes
APP09255,79098,43,Employed,16626,No,51369,Good,Yes
APP09256,51030,47,Self-Employed,68822,No,15704,Good,Yes
APP09257,89790,65,Employed,18095,No,32418,Average,Yes
APP09258,62522,57,Employed,53217,No,41495,Good,Yes
APP09259,57202,26,Employed,13895,No,42376,Poor,Yes
APP09260,48427,21,,60961,No,27828,Good,Yes
APP09261,64654,26,Employed,35217,No,42271,Good,Yes
APP09262,93949,42,Employed,83944,Yes,54165,Good,No
APP09263,89512,61,Employed,80995,No,37970,Average,Yes
APP09264,70342,44,Unemployed,99855,No,36656,Good,No
APP09265,78585,45,Employed,29463,No,64325,Average,Yes
APP09266,106336,35,Self-Employed,10871,No,60790,Good,Yes
APP09267,56085,46,Self-Employed,47085,No,34370,Good,Yes
APP09268,36321,28,Employed,12923,No,79685,Good,Yes
APP09269,107754,44,Employed,21957,No,6251,Good,Yes
APP09270,47273,58,Employed,61744,No,26754,Good,Yes
APP09271,43978,26,Employed,61252,No,3910,Good,Yes
APP09272,26737,55,Employed,9116,Yes,67318,Good,Yes
APP09273,77589,62,Employed,47076,No,60695,Good,Yes
APP09274,28925,21,Employed,55371,No,55010,Average,No
APP09275,42808,56,Self-Employed,30462,Yes,17943,Average,No
APP09276,78183,32,Unemployed,87844,No,56910,Good,No
APP09277,83031,58,Employed,20304,No,29070,Good,Yes
APP09278,44749,31,Employed,29121,No,69617,Good,Yes
APP09279,56485,32,Self-Employed,19914,Yes,16761,Good,Yes
APP09280,40515,62,Employed,16072,No,18209,Good,Yes
APP09281,46879,59,Employed,88503,No,76886,Good,Yes
APP09282,67636,27,Employed,31397,No,41845,Poor,Yes
APP09283,47875,31,Self-Employed,73640,No,36264,Average,No
APP09284,53756,56,Employed,45658,No,28788,Good,Yes
APP09285,31038,51,Employed,65408,No,66666,Average,Yes
APP09286,99901,53,Employed,93177,Yes,28864,Good,Yes
APP09287,75481,33,Self-Employed,85238,Yes,29136,Good,No
APP09288,85726,38,Unemployed,11554,No,10743,Average,Yes
APP09289,107236,61,Employed,85294,Yes,42137,Good,No
APP09290,41388,44,Unemployed,47923,Yes,73976,Average,No
APP09291,51063,29,Employed,38264,No,76646,Good,Yes
APP09292,25576,51,Employed,68877,Yes,79646,Average,No
APP09293,246543,61,Unemployed,95270,No,38373,Good,Yes
APP09294,56094,30,Employed,13943,No,62221,Average,Yes
APP09295,95753,22,Employed,77967,No,44650,Good,Yes
APP09296,34370,58,Employed,24333,No,44289,Good,Yes
APP09297,93946,35,Self-Employed,41113,No,64693,Poor,No
APP09298,138416,23,Self-Employed,88013,No,66993,Average,No
APP09299,58394,63,Self-Employed,56851,No,2564,Average,Yes
APP09300,,51,Employed,11408,No,75480,Good,Yes
APP09301,56367,26,Self-Employed,53265,Yes,66016,Good,No
APP09302,22028,23,Employed,80016,No,57968,Good,Yes
APP09303,58986,31,Employed,55244,No,68311,Good,Yes
APP09304,86815,35,Self-Employed,20854,No,43444,Average,Yes
APP09305,59042,65,Employed,47279,No,62088,Average,Yes
APP09306,52798,48,Employed,92813,No,48293,Poor,No
APP09307,76077,30,Employed,67529,No,43892,Good,Yes
APP09308,78740,58,Employed,74339,No,17717,Good,Yes
APP09309,28428,27,Employed,79664,No,67946,Average,No
APP09310,62447,35,,13616,No,70826,Average,Yes
APP09311,179565,38,Employed,60246,No,77724,Poor,Yes
APP09312,32904,38,Employed,40712,No,10515,Average,Yes
APP09313,57737,61,Self-Employed,18220,No,24034,Poor,Yes
APP09314,143758,44,Employed,24257,No,55147,Good,Yes
APP09315,98615,22,Employed,79210,No,68563,Average,No
APP09316,47623,60,Self-Employed,20341,Yes,60353,Good,No
APP09317,65832,40,Self-Employed,34680,Yes,36992,Average,No
APP09318,59943,54,Employed,32063,No,58352,Average,Yes
APP09319,42850,,Employed,9620,No,6698,Good,Yes
APP09320,58028,46,Unemployed,48905,No,53341,Good,No
APP09321,52898,27,Employed,77763,No,1633,Good,Yes
APP09322,63123,58,Unemployed,7105,No,4756,Good,Yes
APP09323,42844,50,Employed,15692,No,60826,Good,Yes
APP09324,33780,62,Employed,73418,No,38733,Good,Yes
APP09325,58896,25,Employed,61390,Yes,5705,Good,Yes
APP09326,129820,31,Employed,72949,No,39067,Good,Yes
APP09327,,21,Self-Employed,26860,Yes,5958,Good,Yes
APP09328,51683,54,Unemployed,81358,No,28337,Good,Yes
APP09329,84241,21,Unemployed,50588,No,13432,Good,Yes
APP09330,55874,39,Self-Employed,62979,No,18330,Average,Yes
APP09331,139067,22,Self-Employed,13755,Yes,16453,Average,No
APP09332,59894,41,Employed,24478,No,30370,Poor,Yes
APP09333,82234,40,Self-Employed,78469,No,9525,Good,Yes
APP09334,42725,43,Employed,26271,Yes,42691,Poor,No
APP09335,75244,41,Employed,13790,No,33161,Good,Yes
APP09336,67907,44,Employed,61734,No,67349,Good,Yes
APP09337,58494,24,Self-Employed,57054,No,66248,Good,Yes
APP09338,47873,32,Employed,62750,No,66118,Good,Yes
APP09339,45026,42,Self-Employed,63739,No,38102,Good,Yes
APP09340,68129,40,,52519,No,23972,Average,Yes
APP09341,79628,38,Self-Employed,51909,Yes,33817,Poor,No
APP09342,56663,21,Unemployed,92796,Yes,55302,Poor,No
APP09343,68280,50,Employed,55719,No,42853,Average,Yes
APP09344,,53,Unemployed,63644,No,50320,Average,No
APP09345,62720,44,Employed,30362,No,55804,Good,Yes
APP09346,54825,34,Employed,87754,Yes,73551,Poor,No
APP09347,60487,56,Self-Employed,7315,No,75574,Average,Yes
APP09348,202039,25,Employed,57937,No,67397,Good,Yes
APP09349,69033,31,Employed,41466,No,6140,Average,Yes
APP09350,80216,44,Employed,62371,No,78367,Good,Yes
APP09351,73073,51,Employed,39216,Yes,56587,Good,Yes
APP09352,53307,33,Employed,73180,No,55778,Poor,No
APP09353,107409,36,Employed,6931,No,2825,Average,Yes
APP09354,52632,44,Unemployed,43559,No,38873,Poor,No
APP09355,96459,33,Employed,83970,Yes,50493,Poor,No
APP09356,51622,44,Employed,28769,No,23002,Good,Yes
APP09357,38953,46,Unemployed,10011,Yes,7576,Good,No
APP09358,70723,22,Unemployed,52170,No,43063,Good,Yes
APP09359,36498,,Self-Employed,97771,No,36257,Poor,No
APP09360,76354,58,Employed,11095,No,4482,Good,Yes
APP09361,35057,21,Employed,11655,No,42034,Average,Yes
APP09362,51976,31,Employed,61536,No,9510,Good,Yes
APP09363,31502,55,Employed,28756,No,34540,Average,Yes
APP09364,213838,63,,43972,No,22363,Good,Yes
APP09365,28505,49,Employed,83898,Yes,77667,Good,No
APP09366,60266,57,Employed,23891,Yes,3744,Good,Yes
APP09367,100367,37,Employed,73333,No,45242,Good,Yes
APP09368,95652,59,Employed,52926,No,13002,Good,Yes
APP09369,88010,62,Employed,90971,No,26224,Average,Yes
APP09370,52018,48,Self-Employed,97431,No,15528,Good,Yes
APP09371,110204,49,Employed,51071,No,79617,Average,Yes
APP09372,90502,63,Employed,60541,No,3557,Poor,Yes
APP09373,66015,23,Employed,75855,No,43767,Average,Yes
APP09374,66860,30,Employed,35274,No,49035,Good,Yes
APP09375,52330,62,Employed,26540,No,62001,Average,Yes
APP09376,39845,34,Employed,96645,No,50453,Good,Yes
APP09377,104696,32,Employed,46098,Yes,19276,Good,Yes
APP09378,108293,62,Self-Employed,5151,Yes,48245,Good,Yes
APP09379,40306,50,Employed,84583,No,78022,Good,Yes
APP09380,55988,52,Employed,61968,No,68028,Average,Yes
APP09381,56250,52,Employed,21013,No,36826,Good,Yes
APP09382,59125,62,Employed,7863,No,38715,Good,Yes
APP09383,61761,52,Employed,32691,No,11500,Good,Yes
APP09384,,46,Employed,93149,No,46024,Good,Yes
APP09385,42867,21,Employed,93682,Yes,23139,Good,No
APP09386,40997,62,Employed,34545,No,9541,Good,Yes
APP09387,104671,22,Employed,84413,No,38463,Good,Yes
APP09388,48723,37,Employed,46975,No,4561,Average,Yes
APP09389,33987,50,Employed,67163,Yes,10490,Average,No
APP09390,48233,59,Self-Employed,36772,No,18304,Good,Yes
APP09391,51719,27,Employed,54017,No,79260,Poor,No
APP09392,120793,47,Employed,32909,No,64870,Good,Yes
APP09393,90969,29,Self-Employed,10806,No,43799,Average,Yes
APP09394,100557,42,Employed,18241,No,19373,Good,Yes
APP09395,86776,54,Employed,32614,Yes,41995,Average,No
APP09396,91850,21,Self-Employed,97744,No,52271,Good,Yes
APP09397,44023,29,Self-Employed,96739,No,1361,Good,Yes
APP09398,54870,40,Self-Employed,83628,Yes,79044,Good,No
APP09399,38432,,Employed,27088,No,50516,Good,Yes
APP09400,54578,56,Employed,46952,No,79071,Average,No
APP09401,81630,60,Employed,46779,No,38056,Average,Yes
APP09402,63746,65,Employed,41762,No,50257,Good,Yes
APP09403,108257,24,Employed,9264,No,37455,Good,Yes
APP09404,35899,29,Self-Employed,55780,No,1749,Good,Yes
APP09405,75147,61,Employed,11917,No,68141,Good,Yes
APP09406,34213,42,Employed,81182,No,36471,Good,Yes
APP09407,62597,38,Employed,70674,No,38204,Good,Yes
APP09408,83721,32,Unemployed,38510,Yes,29437,Average,No
APP09409,54479,62,Self-Employed,66478,Yes,35180,Good,Yes
APP09410,76888,63,Unemployed,27139,Yes,58319,Average,No
APP09411,38957,59,Employed,30199,No,56349,Average,Yes
APP09412,,,Employed,34843,No,64862,Good,Yes
APP09413,77093,26,Employed,80716,No,77999,Good,Yes
APP09414,131519,39,Employed,25016,No,31902,Poor,Yes
APP09415,38326,27,Employed,58464,No,27778,Good,Yes
APP09416,103994,36,Employed,24044,No,39988,Good,Yes
APP09417,61184,25,Employed,32079,Yes,13197,Poor,No
APP09418,32894,36,Employed,27371,No,60884,Good,Yes
APP09419,36059,21,Employed,66275,No,46910,Average,No
APP09420,60428,57,Employed,55039,No,17696,Good,Yes
APP09421,50016,59,Employed,73523,No,69259,Average,Yes
APP09422,33233,39,Employed,25895,No,49906,Average,Yes
APP09423,27995,57,Employed,5869,No,3689,Good,Yes
APP09424,40990,37,Self-Employed,69648,Yes,16525,Average,No
APP09425,65468,46,Employed,15911,Yes,71396,Average,No
APP09426,59827,42,Self-Employed,28399,No,31103,Good,Yes
APP09427,47884,,Employed,34040,No,78764,Poor,No
APP09428,65706,53,Employed,75946,No,42850,Good,Yes
APP09429,95809,22,Employed,64460,No,17425,Poor,No
APP09430,71643,50,Unemployed,22505,No,47918,Good,Yes
APP09431,56812,40,Employed,61799,No,9086,Good,Yes
APP09432,91102,38,Employed,72274,No,64794,Good,Yes
APP09433,38955,63,Employed,41945,No,50599,Good,Yes
APP09434,54224,30,Employed,28366,Yes,77152,Poor,No
APP09435,54809,44,Employed,69503,No,55519,Good,Yes
APP09436,34388,24,Employed,63035,No,4883,Good,Yes
APP09437,49670,57,Employed,12402,No,38638,Good,Yes
APP09438,23585,24,Employed,68335,Yes,42974,Good,No
APP09439,141858,33,Self-Employed,51409,No,73425,Good,Yes
APP09440,,45,Employed,76570,No,35165,Good,Yes
APP09441,122498,33,Employed,23118,No,47888,Poor,Yes
APP09442,61037,38,Self-Employed,29531,Yes,15691,Good,Yes
APP09443,77365,44,Employed,56615,Yes,20325,Average,No
APP09444,,22,Employed,50765,No,44338,Average,Yes
APP09445,65885,53,Employed,41705,No,56062,Good,Yes
APP09446,80404,39,Employed,75873,No,35401,Poor,No
APP09447,80915,29,Employed,58651,No,35181,Good,Yes
APP09448,85029,48,Unemployed,72476,No,21224,Good,Yes
APP09449,50835,,Employed,19559,No,56152,Good,Yes
APP09450,48336,59,Employed,74254,No,1432,Good,Yes
APP09451,29282,30,Unemployed,48845,No,41509,Good,No
APP09452,75929,21,Unemployed,8208,No,1282,Average,Yes
APP09453,97652,62,Employed,27277,Yes,47884,Poor,No
APP09454,124156,41,Self-Employed,7447,No,3442,Average,Yes
APP09455,68832,29,Employed,48403,No,75265,Good,Yes
APP09456,42497,35,Self-Employed,35959,Yes,38758,Average,No
APP09457,27957,55,Self-Employed,98808,No,55038,Poor,No
APP09458,95880,25,Employed,87508,No,68434,Good,Yes
APP09459,26736,61,Employed,83439,No,19598,Good,Yes
APP09460,51474,42,Employed,52606,No,43664,Good,Yes
APP09461,54239,61,Employed,81673,Yes,69213,Good,No
APP09462,58154,43,Employed,30353,No,43484,Average,Yes
APP09463,60974,27,Self-Employed,58262,No,32029,Average,No
APP09464,63848,43,Employed,42327,No,30141,Good,Yes
APP09465,20235,64,Employed,21277,No,31345,Average,Yes
APP09466,60397,45,Self-Employed,11898,No,49619,Average,Yes
APP09467,22000,47,Employed,58031,No,4607,Average,Yes
APP09468,83416,61,Employed,14276,Yes,33815,Good,Yes
APP09469,46737,26,Employed,73210,No,45287,Good,Yes
APP09470,22730,54,Employed,92540,No,63124,Good,Yes
APP09471,41594,29,Employed,20400,No,42870,Average,Yes
APP09472,46424,53,Self-Employed,49739,No,74168,Average,No
APP09473,102530,26,Employed,75184,No,36058,Good,Yes
APP09474,65551,57,Employed,32250,No,52413,Good,Yes
APP09475,70059,,Employed,92473,No,2389,Average,Yes
APP09476,102094,54,Employed,89404,No,19837,Good,Yes
APP09477,57459,61,Employed,14857,No,65421,Good,Yes
APP09478,84245,49,,7603,No,47311,Good,Yes
APP09479,81621,34,Self-Employed,97764,Yes,75748,Good,No
APP09480,33630,56,Employed,95865,No,60477,Good,Yes
APP09481,116418,56,Employed,45117,No,36523,Good,Yes
APP09482,31665,35,Employed,9804,No,62518,Average,Yes
APP09483,90664,28,Self-Employed,63793,No,37955,Poor,No
APP09484,30316,,Employed,32874,No,27083,Good,Yes
APP09485,78642,56,Employed,93989,No,4721,Good,Yes
APP09486,138685,41,Employed,80493,Yes,69384,Good,No
APP09487,54517,48,Employed,66711,No,34096,Good,Yes
APP09488,53463,24,Employed,32028,No,55128,Average,Yes
APP09489,78968,36,Self-Employed,71621,No,13092,Good,Yes
APP09490,51734,42,Unemployed,32471,Yes,66488,Good,No
APP09491,135988,32,Employed,8575,No,66112,Average,Yes
APP09492,65420,36,Employed,53301,No,39090,Average,Yes
APP09493,51949,60,Employed,51425,No,54099,Good,Yes
APP09494,47050,58,Employed,77486,No,42195,Good,Yes
APP09495,39430,62,Employed,87239,No,44629,Good,Yes
APP09496,45234,57,Employed,38675,No,71215,Good,Yes
APP09497,51241,49,Employed,47700,No,77386,Good,Yes
APP09498,48178,38,Employed,49688,No,30032,Average,Yes
APP09499,44619,30,Employed,35801,Yes,27207,Good,Yes
APP09500,,62,Employed,75622,No,25001,Average,Yes
APP09501,37743,59,Employed,54600,No,61890,Average,Yes
APP09502,64093,38,Employed,91826,Yes,58109,Good,No
APP09503,78334,21,Employed,66780,No,4460,Good,Yes
APP09504,79670,59,Employed,25130,No,7987,Average,Yes
APP09505,58438,41,,20657,No,52050,Good,Yes
APP09506,53841,21,Employed,40377,No,22722,Good,Yes
APP09507,73519,35,Employed,37958,No,8235,Good,Yes
APP09508,67645,24,,43678,Yes,33679,Average,No
APP09509,53400,40,Employed,22441,No,70321,Good,Yes
APP09510,29710,30,Employed,97931,Yes,29939,Good,No
APP09511,48608,43,Employed,18842,No,55955,Poor,Yes
APP09512,35816,61,Employed,67002,No,72145,Average,Yes
APP09513,44439,,Employed,6242,No,14376,Average,Yes
APP09514,60904,53,Employed,43661,No,49166,Average,Yes
APP09515,70512,54,Employed,34372,No,72705,Good,Yes
APP09516,133693,59,Employed,41292,No,16280,Poor,Yes
APP09517,47111,30,Employed,52317,No,79108,Good,Yes
APP09518,85023,40,Self-Employed,62036,No,29842,Average,Yes
APP09519,68857,21,Employed,60434,No,18185,Good,Yes
APP09520,107506,,Unemployed,64918,No,67188,Poor,No
APP09521,77762,21,Employed,85232,No,37965,Average,No
APP09522,38112,25,Employed,89238,No,53984,Good,Yes
APP09523,27632,36,Employed,75039,Yes,39679,Poor,No
APP09524,69021,35,Employed,12500,No,51839,Poor,Yes
APP09525,47301,48,Self-Employed,96323,No,3794,Good,Yes
APP09526,38598,51,Employed,95003,No,28664,Good,Yes
APP09527,33918,43,Employed,72612,No,52928,Average,Yes
APP09528,64508,65,Employed,54157,No,28712,Poor,Yes
APP09529,118251,63,Employed,28809,No,62285,Good,Yes
APP09530,49921,37,Employed,76853,No,76910,Good,Yes
APP09531,78254,54,Self-Employed,88397,No,3956,Average,Yes
APP09532,57301,33,Employed,68193,No,68570,Good,Yes
APP09533,33586,34,Employed,64762,No,14356,Good,Yes
APP09534,83514,31,Employed,23335,No,73470,Good,Yes
APP09535,36662,48,Self-Employed,38991,No,75797,Good,Yes
APP09536,60587,62,Self-Employed,73698,No,45965,Poor,No
APP09537,51453,52,Employed,6605,Yes,38842,Good,Yes
APP09538,89678,55,Unemployed,65920,No,60921,Good,No
APP09539,37270,51,Employed,77834,No,73524,Good,Yes
APP09540,71539,37,Employed,36797,No,19363,Good,Yes
APP09541,41118,29,Employed,12236,No,31213,Average,Yes
APP09542,47672,30,Employed,82816,No,33985,Good,Yes
APP09543,18000,28,Employed,18474,Yes,67820,Average,No
APP09544,153821,41,Employed,40226,No,11816,Poor,Yes
APP09545,76868,33,Employed,72189,No,50220,Good,Yes
APP09546,42480,25,Employed,82614,Yes,28724,Poor,No
APP09547,36171,26,Self-Employed,86926,No,70956,Good,No
APP09548,48005,50,Self-Employed,55390,No,27843,Average,Yes
APP09549,82842,51,Employed,50208,No,78258,Good,Yes
APP09550,25608,37,Employed,85590,No,2235,Good,Yes
APP09551,56296,31,Employed,58492,No,19925,Average,Yes
APP09552,133104,40,Unemployed,59972,No,37128,Good,Yes
APP09553,36020,29,Employed,46227,No,21250,Good,Yes
APP09554,62210,22,Employed,40417,No,59254,Good,Yes
APP09555,161715,,Employed,50651,No,65350,Good,Yes
APP09556,79743,21,Self-Employed,39661,No,56103,Good,Yes
APP09557,63498,24,Employed,37637,No,77661,Good,Yes
APP09558,75364,56,Employed,99398,No,37027,Average,Yes
APP09559,50097,45,Employed,36940,No,78402,Good,Yes
APP09560,107682,23,,29356,No,10844,Good,Yes
APP09561,50131,29,Employed,38623,No,67830,Average,Yes
APP09562,24846,42,Employed,61124,Yes,4037,Average,No
APP09563,50313,43,Employed,91544,No,43021,Good,Yes
APP09564,38835,32,Employed,79847,No,39273,Average,No
APP09565,52868,30,Employed,85013,No,68648,Good,Yes
APP09566,53397,54,Self-Employed,86606,No,56358,Average,No
APP09567,102841,63,Self-Employed,92450,No,35843,Good,Yes
APP09568,82042,30,Employed,27332,No,71758,Good,Yes
APP09569,67546,50,Employed,48545,No,70984,Good,Yes
APP09570,,42,,41594,No,2954,Average,Yes
APP09571,37258,26,Employed,41278,No,69810,Good,Yes
APP09572,22484,22,Employed,66967,No,42600,Poor,No
APP09573,63134,50,Employed,43171,No,67278,Poor,No
APP09574,85793,22,Employed,63551,No,15325,Poor,Yes
APP09575,57145,52,Employed,41317,No,12937,Good,Yes
APP09576,47165,62,Self-Employed,34557,No,58054,Average,Yes
APP09577,73949,36,Employed,38542,No,22753,Good,Yes
APP09578,57792,32,Self-Employed,81357,No,45148,Good,Yes
APP09579,128115,21,Unemployed,62100,Yes,55416,Good,No
APP09580,104488,28,Unemployed,97530,Yes,49222,Good,No
APP09581,92400,33,Employed,84102,No,56218,Average,Yes
APP09582,84380,35,Employed,51149,Yes,50008,Poor,No
APP09583,33575,64,Employed,28026,No,30951,Good,Yes
APP09584,80858,28,Self-Employed,69021,No,8149,Good,Yes
APP09585,71072,30,Employed,74031,Yes,68572,Poor,No
APP09586,78825,25,Unemployed,49097,Yes,67835,Good,No
APP09587,74890,39,Employed,26843,No,1449,Poor,Yes
APP09588,73559,58,Employed,57938,No,67428,Poor,No
APP09589,202297,31,Employed,29114,Yes,12928,Good,Yes
APP09590,57978,63,Self-Employed,94300,No,27296,Average,No
APP09591,91441,40,Employed,64744,No,33655,Average,Yes
APP09592,48541,40,Employed,32733,Yes,54691,Average,No
APP09593,85638,41,Employed,25494,No,8301,Good,Yes
APP09594,,38,Employed,73089,No,66305,Average,Yes
APP09595,70692,30,Employed,72240,No,75477,Good,No
APP09596,127168,54,Employed,61728,No,76263,Average,Yes
APP09597,40303,46,Employed,63359,No,8255,Good,Yes
APP09598,48187,50,Employed,62368,No,73631,Good,Yes
APP09599,66017,29,Unemployed,39210,No,45858,Average,No
APP09600,89185,51,Unemployed,94054,No,58427,Good,Yes
APP09601,65046,62,Employed,50531,No,74517,Good,Yes
APP09602,107011,24,Employed,6931,No,53219,Good,Yes
APP09603,44549,26,Employed,38094,No,37082,Good,Yes
APP09604,35912,34,Unemployed,17377,No,42484,Good,Yes
APP09605,68924,24,Employed,39521,Yes,55076,Good,No
APP09606,57952,46,Employed,62785,No,75631,Good,Yes
APP09607,,59,Employed,7153,No,71295,Good,Yes
APP09608,59265,37,Employed,87669,No,46588,Good,Yes
APP09609,51487,39,Employed,62979,No,17670,Good,Yes
APP09610,58010,26,Self-Employed,33060,No,28392,Good,Yes
APP09611,60784,49,Employed,34564,Yes,29583,Good,Yes
APP09612,52306,31,Employed,49238,No,23845,Poor,No
APP09613,54759,36,Employed,28569,No,59993,Good,Yes
APP09614,50035,50,Self-Employed,5412,Yes,67043,Average,No
APP09615,88221,45,Employed,7523,Yes,26267,Poor,No
APP09616,65474,60,Employed,38985,No,67844,Good,Yes
APP09617,165651,31,Employed,16801,No,59021,Good,Yes
APP09618,64500,27,Unemployed,7125,No,35848,Good,Yes
APP09619,46827,46,Employed,86631,No,56194,Good,Yes
APP09620,199567,,Employed,31043,No,61778,Good,Yes
APP09621,72275,45,Employed,52797,No,45321,Average,Yes
APP09622,93681,,Self-Employed,22044,No,36006,Good,Yes
APP09623,78319,51,,9439,No,9035,Good,Yes
APP09624,79416,46,Employed,75762,Yes,1108,Average,No
APP09625,76355,62,Employed,16871,No,75043,Average,Yes
APP09626,36540,61,Employed,7443,No,22131,Good,Yes
APP09627,70791,56,Employed,60787,No,53376,Good,Yes
APP09628,,43,Unemployed,6279,No,75526,Average,No
APP09629,55472,33,Employed,46447,No,65645,Good,Yes
APP09630,43285,45,Unemployed,32439,No,10684,Average,Yes
APP09631,70471,22,Employed,35345,Yes,64351,Good,No
APP09632,69735,22,Unemployed,5370,No,58385,Good,Yes
APP09633,74505,36,Employed,96613,No,27022,Good,Yes
APP09634,68281,29,Employed,54111,No,55479,Poor,No
APP09635,,48,Employed,59389,No,66245,Average,No
APP09636,53351,33,Employed,68282,No,24022,Good,Yes
APP09637,90788,55,Employed,80765,Yes,69653,Good,Yes
APP09638,97016,61,Employed,62751,No,7226,Good,Yes
APP09639,35812,33,Employed,77409,No,42669,Average,No
APP09640,30127,51,Employed,47630,No,19424,Good,Yes
APP09641,43261,41,Self-Employed,40271,No,58513,Average,No
APP09642,96033,52,Employed,83198,No,14814,Average,Yes
APP09643,103652,54,Unemployed,87204,No,27975,Good,Yes
APP09644,39576,28,Unemployed,18092,No,11063,Average,Yes
APP09645,68898,61,Employed,56553,No,65141,Good,Yes
APP09646,136981,22,Employed,69946,Yes,11450,Good,No
APP09647,72330,58,Employed,12942,No,58129,Average,Yes
APP09648,113752,52,Employed,93312,No,56871,Good,Yes
APP09649,94045,60,Employed,54410,No,12247,Average,Yes
APP09650,39835,48,Employed,66318,No,45718,Good,Yes
APP09651,,57,Employed,21933,No,40253,Good,Yes
APP09652,60946,61,Employed,30121,Yes,47966,Poor,No
APP09653,62879,21,Employed,16495,No,75041,Average,Yes
APP09654,90622,61,Self-Employed,30080,No,7362,Average,Yes
APP09655,72114,30,Employed,51778,No,65820,Good,Yes
APP09656,18000,24,Employed,84195,Yes,69106,Good,No
APP09657,33234,55,Self-Employed,55704,No,10976,Poor,No
APP09658,22422,30,Employed,28224,No,52832,Good,Yes
APP09659,64927,31,Employed,9239,No,56468,Poor,No
APP09660,66858,34,Employed,64087,Yes,44345,Good,No
APP09661,68156,58,Employed,44915,No,40731,Good,Yes
APP09662,38971,32,Employed,98514,No,26108,Good,Yes
APP09663,81265,65,Employed,79077,No,55437,Good,Yes
APP09664,82819,37,Employed,81794,No,23558,Average,Yes
APP09665,34108,36,Employed,6162,No,37342,Poor,No
APP09666,31020,55,Employed,78891,No,68732,Good,Yes
APP09667,59996,22,Employed,23488,No,8074,Good,Yes
APP09668,,31,Self-Employed,60651,Yes,42741,Average,No
APP09669,128925,61,Employed,47505,Yes,39400,Average,Yes
APP09670,77314,23,Employed,59302,No,30900,Good,Yes
APP09671,43200,49,,17677,No,48205,Good,Yes
APP09672,89427,38,,48405,No,2234,Good,Yes
APP09673,48948,40,Self-Employed,8510,No,39905,Average,Yes
APP09674,42477,34,Self-Employed,8895,No,39370,Good,Yes
APP09675,22864,54,Employed,67485,No,41773,Average,Yes
APP09676,62829,51,Self-Employed,95411,Yes,17783,Good,No
APP09677,45191,60,Employed,78852,No,17400,Average,Yes
APP09678,62661,62,Employed,49570,No,52129,Good,Yes
APP09679,21320,38,Employed,10308,No,8325,Good,Yes
APP09680,64765,50,Employed,9277,No,25168,Good,Yes
APP09681,20092,45,Employed,20000,No,66634,Average,No
APP09682,97897,39,Employed,97702,No,9197,Good,Yes
APP09683,75883,28,Self-Employed,42873,Yes,37977,Poor,No
APP09684,52929,48,Self-Employed,85124,Yes,53822,Average,No
APP09685,77290,28,Employed,71989,No,12190,Good,Yes
APP09686,38637,51,Employed,62516,No,25685,Average,Yes
APP09687,61986,23,Self-Employed,95043,No,45142,Average,No
APP09688,85798,23,Self-Employed,26889,No,26851,Average,Yes
APP09689,18000,64,Employed,48215,No,9685,Poor,Yes
APP09690,49062,42,Employed,87149,No,19360,Average,Yes
APP09691,59392,37,Employed,57417,No,9644,Good,Yes
APP09692,54927,56,Employed,28412,No,78701,Average,Yes
APP09693,115589,37,Employed,24847,Yes,19616,Average,Yes
APP09694,36183,34,Employed,76524,No,42914,Good,Yes
APP09695,45369,29,Employed,6215,No,34853,Good,Yes
APP09696,25335,50,Employed,91848,Yes,45992,Poor,No
APP09697,118389,41,Self-Employed,6750,No,40349,Good,Yes
APP09698,53705,32,Employed,64944,No,58446,Average,Yes
APP09699,49257,57,Employed,62451,No,69968,Good,Yes
APP09700,58600,52,Self-Employed,59949,Yes,23539,Average,No
APP09701,79890,31,Employed,50063,No,15505,Good,Yes
APP09702,70152,40,Employed,85981,No,78763,Average,No
APP09703,197530,55,Employed,67637,No,69420,Good,Yes
APP09704,73598,31,Self-Employed,79277,No,29750,Average,No
APP09705,48666,28,Unemployed,15975,No,71688,Good,No
APP09706,46606,24,Employed,9740,No,53973,Average,Yes
APP09707,50280,47,Self-Employed,7710,No,35556,Good,Yes
APP09708,30524,64,Employed,18985,No,70000,Good,Yes
APP09709,61086,60,Self-Employed,68366,Yes,54347,Good,No
APP09710,85362,58,Unemployed,51932,No,66290,Poor,No
APP09711,45528,50,Employed,76464,No,34003,Average,Yes
APP09712,41722,64,Self-Employed,23214,No,64099,Good,Yes
APP09713,118691,47,Employed,39861,No,29987,Poor,Yes
APP09714,31577,41,Employed,89407,No,59071,Average,No
APP09715,23661,40,Self-Employed,93893,No,35407,Good,Yes
APP09716,35714,24,Employed,92564,No,33010,Average,No
APP09717,29999,31,Employed,82739,No,63934,Good,Yes
APP09718,71389,33,Employed,70382,No,10878,Good,Yes
APP09719,51010,29,Self-Employed,91799,No,74329,Average,No
APP09720,54352,24,Self-Employed,72847,No,41186,Good,Yes
APP09721,100803,32,Employed,95624,No,51250,Good,Yes
APP09722,43958,29,Employed,7355,Yes,33016,Average,No
APP09723,85041,33,Unemployed,92556,No,52024,Poor,No
APP09724,118444,,Employed,57795,No,57078,Good,Yes
APP09725,,58,Unemployed,15621,No,69610,Good,Yes
APP09726,83597,62,Self-Employed,25417,No,68496,Average,Yes
APP09727,53814,33,Employed,85955,No,29267,Average,No
APP09728,90939,,Employed,53081,No,49652,Poor,Yes
APP09729,29582,48,Employed,98368,No,62666,Good,Yes
APP09730,28613,39,Employed,16165,No,61424,Average,Yes
APP09731,50314,44,Employed,44188,Yes,71384,Good,No
APP09732,40219,39,Self-Employed,36528,No,66724,Average,Yes
APP09733,,33,Self-Employed,54033,Yes,57711,Good,No
APP09734,54356,33,Employed,65177,No,60160,Poor,No
APP09735,82959,48,Self-Employed,67855,No,64788,Good,Yes
APP09736,49944,22,Employed,5123,Yes,67193,Average,No
APP09737,41414,30,Employed,13451,Yes,28861,Good,Yes
APP09738,51222,42,Employed,8331,Yes,62763,Good,Yes
APP09739,42446,33,Self-Employed,87137,No,75988,Average,No
APP09740,39411,29,Employed,34763,No,19404,Good,Yes
APP09741,29035,53,Employed,39871,Yes,4811,Good,Yes
APP09742,61906,34,Employed,47785,No,6719,Good,Yes
APP09743,46452,40,Employed,85684,No,18121,Good,Yes
APP09744,92682,35,Employed,6346,No,73663,Good,Yes
APP09745,31281,52,Employed,16269,No,11017,Good,Yes
APP09746,47012,53,Self-Employed,70090,No,60061,Average,No
APP09747,135660,37,Employed,96570,No,69496,Average,No
APP09748,39312,44,Employed,66065,Yes,70324,Good,No
APP09749,53942,50,Employed,29807,No,33923,Good,Yes
APP09750,34716,33,Unemployed,54387,No,40126,Average,No
APP09751,32706,36,Employed,97623,No,26537,Good,Yes
APP09752,120378,22,Self-Employed,55167,No,12640,Good,Yes
APP09753,64800,37,Self-Employed,40483,No,17762,Good,Yes
APP09754,63720,52,Self-Employed,41425,No,11648,Good,Yes
APP09755,27966,63,Self-Employed,96868,No,33194,Good,Yes
APP09756,70512,28,Employed,73297,No,14457,Average,Yes
APP09757,101006,23,Employed,70281,Yes,32869,Good,Yes
APP09758,100646,32,Employed,27045,No,68244,Poor,No
APP09759,81052,40,Self-Employed,58151,Yes,52707,Poor,No
APP09760,36092,36,Unemployed,38891,No,53357,Average,No
APP09761,69079,34,Unemployed,27819,No,65137,Good,Yes
APP09762,81025,36,Employed,90077,No,4254,Good,Yes
APP09763,,63,Employed,41400,No,63766,Good,Yes
APP09764,36226,53,,31865,Yes,16512,Good,Yes
APP09765,89480,50,Employed,93513,No,28328,Poor,No
APP09766,88994,32,Employed,23748,No,25335,Good,Yes
APP09767,29889,35,Employed,75823,Yes,9347,Average,No
APP09768,85807,38,Unemployed,67011,No,14723,Average,Yes
APP09769,62629,48,Employed,92446,Yes,76551,Average,No
APP09770,85268,43,Employed,84044,No,48422,Good,Yes
APP09771,45097,34,Employed,72003,No,38444,Average,Yes
APP09772,80212,50,Employed,34884,No,60866,Poor,No
APP09773,87713,,Unemployed,52079,No,65285,Good,Yes
APP09774,51226,65,Employed,94727,No,9711,Good,Yes
APP09775,60481,35,Employed,7204,No,59532,Good,Yes
APP09776,44814,27,Employed,80462,No,74659,Good,Yes
APP09777,126164,35,Unemployed,28922,No,47249,Good,Yes
APP09778,56839,62,Employed,22577,No,49518,Good,Yes
APP09779,39624,58,Employed,27061,Yes,69762,Good,No
APP09780,43477,,Employed,10676,No,54679,Average,Yes
APP09781,63522,31,Employed,99238,Yes,79626,Good,No
APP09782,84213,49,Self-Employed,87638,Yes,23333,Average,No
APP09783,32892,51,Employed,54500,No,67793,Good,Yes
APP09784,137798,45,Employed,72935,No,49380,Average,Yes
APP09785,68941,44,Employed,57877,No,29893,Good,Yes
APP09786,74014,39,Unemployed,82100,No,70762,Average,No
APP09787,57432,22,Employed,85253,No,79703,Good,Yes
APP09788,60522,42,Self-Employed,27115,No,5570,Good,Yes
APP09789,56127,40,Employed,48676,No,74116,Poor,No
APP09790,94855,53,Self-Employed,65311,No,17046,Average,Yes
APP09791,59786,28,,97952,Yes,17210,Good,No
APP09792,84734,45,Employed,69855,Yes,4299,Poor,No
APP09793,49359,29,Employed,90275,No,73853,Good,Yes
APP09794,65522,54,,85381,No,60992,Good,Yes
APP09795,41787,43,,60296,No,5222,Average,Yes
APP09796,103729,25,Employed,89897,Yes,51049,Good,No
APP09797,,45,Employed,40855,No,10491,Good,Yes
APP09798,51837,28,Employed,41032,Yes,60361,Good,No
APP09799,52071,36,Employed,79192,No,33315,Good,Yes
APP09800,51166,65,Employed,17782,No,5090,Good,Yes
APP09801,83052,35,Self-Employed,34053,No,66523,Good,Yes
APP09802,52031,21,Self-Employed,62814,No,46221,Poor,No
APP09803,112349,42,Employed,44906,Yes,62057,Good,Yes
APP09804,41514,23,Employed,94369,No,54288,Good,Yes
APP09805,64752,58,Employed,96058,Yes,35317,Average,No
APP09806,42319,34,Self-Employed,52745,Yes,56195,Good,No
APP09807,72514,,Employed,56211,Yes,2166,Good,Yes
APP09808,59571,38,Employed,73840,No,27839,Poor,No
APP09809,55956,61,Employed,48440,No,62450,Poor,No
APP09810,102428,38,,23059,No,61282,Good,Yes
APP09811,44696,23,Employed,75962,Yes,71105,Poor,No
APP09812,78122,30,Employed,75090,No,49273,Poor,No
APP09813,42449,,Employed,28273,No,75434,Average,Yes
APP09814,63121,21,Employed,84127,Yes,45059,Good,No
APP09815,35035,47,Employed,63297,No,40536,Good,Yes
APP09816,44532,47,Employed,27449,No,16580,Good,Yes
APP09817,57823,31,Employed,66944,No,62528,Average,No
APP09818,135767,25,Self-Employed,27193,Yes,55673,Average,No
APP09819,62784,27,Employed,30197,No,37400,Average,Yes
APP09820,126336,39,Employed,85561,Yes,7882,Good,Yes
APP09821,66254,49,Employed,93302,No,10930,Good,Yes
APP09822,50408,35,Employed,29404,No,10042,Good,Yes
APP09823,119948,55,Employed,93165,No,30672,Average,Yes
APP09824,73040,57,Self-Employed,27686,No,13559,Good,Yes
APP09825,44931,32,Employed,16140,No,69007,Average,Yes
APP09826,74151,50,Self-Employed,10531,No,72048,Average,Yes
APP09827,52598,40,Self-Employed,28001,No,68685,Good,Yes
APP09828,24515,57,Employed,41598,No,49100,Good,Yes
APP09829,91426,23,Self-Employed,93117,No,48112,Good,Yes
APP09830,98206,29,Employed,28005,No,71383,Poor,Yes
APP09831,137197,61,Employed,39719,No,33098,Good,Yes
APP09832,72552,,Unemployed,74745,No,5925,Good,Yes
APP09833,53647,46,Employed,33697,No,38161,Average,Yes
APP09834,87365,22,Employed,70015,No,44743,Good,Yes
APP09835,87950,43,Employed,46047,Yes,44407,Good,Yes
APP09836,125408,43,Employed,23662,No,13561,Average,Yes
APP09837,58807,41,Employed,74736,No,62890,Average,No
APP09838,55692,36,Unemployed,7569,No,58825,Good,Yes
APP09839,43482,29,Employed,32772,No,19158,Good,Yes
APP09840,76417,33,Self-Employed,38837,Yes,44547,Average,No
APP09841,29893,48,Employed,48531,No,63436,Average,No
APP09842,85079,47,Employed,69588,No,1607,Good,Yes
APP09843,78169,37,Employed,48643,No,22737,Average,Yes
APP09844,78072,,Employed,61461,No,38291,Poor,Yes
APP09845,63851,56,Employed,61599,No,67757,Good,Yes
APP09846,119604,21,Unemployed,40461,No,64118,Good,Yes
APP09847,88832,38,Employed,93727,No,12928,Average,Yes
APP09848,45657,29,Employed,95806,No,37557,Good,Yes
APP09849,46026,33,Employed,60276,No,25066,Average,Yes
APP09850,40386,60,Employed,11811,No,32713,Poor,Yes
APP09851,76894,65,,51657,No,43709,Average,Yes
APP09852,38255,35,Employed,22520,No,40448,Good,Yes
APP09853,97697,63,Self-Employed,50905,No,12184,Average,Yes
APP09854,108819,64,Self-Employed,22906,No,10613,Good,Yes
APP09855,40398,24,Employed,71866,No,11291,Good,Yes
APP09856,55194,53,Employed,12641,No,67462,Good,Yes
APP09857,60450,44,Employed,95564,No,2575,Poor,No
APP09858,89312,56,Self-Employed,23561,No,16990,Good,Yes
APP09859,123785,61,Self-Employed,67762,Yes,76515,Poor,No
APP09860,28103,30,Self-Employed,92111,Yes,6216,Good,No
APP09861,51996,56,Employed,28549,No,3869,Average,Yes
APP09862,53231,40,Employed,93758,No,31599,Good,Yes
APP09863,31946,61,Employed,41924,No,12945,Good,Yes
APP09864,48233,65,Unemployed,96250,Yes,45695,Poor,No
APP09865,72736,64,Unemployed,97280,Yes,27748,Good,No
APP09866,52928,31,Employed,22868,No,17509,Good,Yes
APP09867,29942,32,Self-Employed,83953,No,79890,Poor,No
APP09868,218696,38,Unemployed,23375,No,27947,Average,Yes
APP09869,67635,50,Employed,26512,No,51640,Good,Yes
APP09870,63093,64,Self-Employed,12992,No,70055,Average,Yes
APP09871,36608,57,Employed,19871,No,73869,Average,Yes
APP09872,67469,40,Employed,65061,Yes,33400,Good,No
APP09873,55726,45,Employed,47679,No,78116,Good,Yes
APP09874,25649,32,Employed,80140,No,58241,Good,Yes
APP09875,,41,Self-Employed,36540,No,47079,Good,Yes
APP09876,85804,45,Employed,97019,Yes,55769,Good,No
APP09877,143905,31,Employed,9738,No,29451,Good,Yes
APP09878,70779,29,Employed,10979,No,34528,Good,Yes
APP09879,98567,45,Employed,71631,No,47315,Good,Yes
APP09880,55939,55,,89316,No,26820,Good,Yes
APP09881,57708,52,Employed,80573,No,61736,Good,Yes
APP09882,98031,34,Employed,51533,No,20836,Average,Yes
APP09883,126798,21,Self-Employed,30616,No,63948,Poor,No
APP09884,107753,37,Unemployed,6278,No,13020,Good,Yes
APP09885,37132,45,Employed,53398,No,18174,Good,Yes
APP09886,58219,28,Self-Employed,50185,No,60494,Average,No
APP09887,67981,25,Unemployed,37703,No,21788,Poor,No
APP09888,53383,25,Employed,59917,No,63836,Good,Yes
APP09889,71442,61,Employed,74237,No,62926,Good,Yes
APP09890,86800,55,Self-Employed,71584,No,21327,Good,Yes
APP09891,,39,Employed,30009,No,6773,Average,Yes
APP09892,128122,43,Employed,60604,No,14142,Poor,Yes
APP09893,51733,29,Self-Employed,19134,No,60450,Average,Yes
APP09894,32477,50,Employed,16552,No,67913,Good,Yes
APP09895,70496,36,Self-Employed,79656,No,31261,Average,Yes
APP09896,140058,53,Employed,70906,No,13973,Good,Yes
APP09897,,22,Employed,77953,Yes,6962,Average,No
APP09898,81730,34,Employed,19484,No,18049,Good,Yes
APP09899,82058,21,Employed,91889,No,78395,Good,No
APP09900,65398,46,Self-Employed,17646,Yes,14452,Good,Yes
APP09901,60187,45,Employed,87654,No,7807,Average,Yes
APP09902,39599,36,Unemployed,38476,No,63052,Average,No
APP09903,21490,35,Employed,15016,No,49618,Good,Yes
APP09904,36380,46,Employed,32243,No,43251,Good,Yes
APP09905,50335,64,Unemployed,22238,No,36380,Good,Yes
APP09906,98316,36,,51614,No,56445,Good,Yes
APP09907,57279,34,Self-Employed,95226,No,56170,Good,Yes
APP09908,47503,49,Employed,36148,Yes,34530,Good,Yes
APP09909,40181,44,Self-Employed,63149,No,19504,Good,Yes
APP09910,80633,35,Employed,89713,No,67460,Average,No
APP09911,110565,,Unemployed,64857,No,14005,Average,No
APP09912,96824,28,Self-Employed,39409,No,43186,Good,Yes
APP09913,78816,54,Employed,99130,No,55721,Good,Yes
APP09914,30886,22,Employed,22804,No,51471,Good,Yes
APP09915,51218,47,Employed,54709,Yes,49885,Good,Yes
APP09916,144118,30,Employed,80687,Yes,53338,Poor,No
APP09917,99407,55,Employed,5062,No,70177,Average,Yes
APP09918,30038,43,Employed,71694,No,29866,Good,Yes
APP09919,58518,28,Employed,30317,No,50567,Average,Yes
APP09920,70650,48,Employed,21124,No,56060,Average,Yes
APP09921,42580,43,Self-Employed,31048,No,47636,Good,Yes
APP09922,21225,24,Self-Employed,96848,No,72337,Average,No
APP09923,62728,34,Self-Employed,89734,No,52728,Good,Yes
APP09924,42092,62,Employed,25307,No,34530,Good,Yes
APP09925,42166,49,Employed,16118,No,67801,Average,Yes
APP09926,51149,21,Employed,39594,No,39676,Poor,No
APP09927,56497,24,Unemployed,61272,No,42883,Good,No
APP09928,59755,52,,87379,Yes,47000,Good,No
APP09929,40308,53,Employed,96779,No,26500,Poor,No
APP09930,54339,46,Employed,76360,No,58081,Good,Yes
APP09931,27208,37,Employed,61906,No,8752,Average,Yes
APP09932,69014,59,Employed,18522,No,69639,Good,Yes
APP09933,18000,43,Employed,12033,No,60608,Good,Yes
APP09934,52671,,Employed,61623,No,28937,Good,Yes
APP09935,90738,35,Employed,56211,No,18885,Average,Yes
APP09936,37250,33,Employed,85378,No,31644,Good,Yes
APP09937,82826,22,Employed,35648,No,64599,Good,Yes
APP09938,100930,39,Self-Employed,8771,No,3494,Good,Yes
APP09939,18000,44,Self-Employed,45252,No,37966,Good,Yes
APP09940,56049,65,Employed,97072,No,21075,Good,Yes
APP09941,18000,44,Self-Employed,80580,No,70121,Good,No
APP09942,56892,31,Unemployed,8208,No,33693,Good,Yes
APP09943,59807,42,Employed,88094,No,56134,Good,Yes
APP09944,19633,35,Employed,49811,No,29274,Average,Yes
APP09945,142668,30,Self-Employed,39653,No,27046,Good,Yes
APP09946,68241,61,Employed,37940,No,26744,Good,Yes
APP09947,40947,47,Unemployed,61539,Yes,54576,Good,No
APP09948,116020,29,Employed,55407,No,77175,Good,Yes
APP09949,26744,48,Unemployed,67380,No,17443,Average,No
APP09950,34509,21,Employed,59496,No,51868,Poor,No
APP09951,21319,37,Self-Employed,18675,No,21969,Good,Yes
APP09952,134938,51,Employed,29437,No,44399,Average,Yes
APP09953,69679,64,Unemployed,84898,No,43786,Average,No
APP09954,80727,30,Employed,68010,No,36554,Average,Yes
APP09955,68703,57,,47598,No,40393,Poor,No
APP09956,77676,49,Employed,22347,No,70538,Good,Yes
APP09957,62146,38,Unemployed,5731,No,8000,Poor,No
APP09958,67779,58,Employed,34629,No,66592,Poor,No
APP09959,,59,Employed,10210,No,37523,Good,Yes
APP09960,45626,26,Self-Employed,50817,No,27354,Good,Yes
APP09961,58754,60,Self-Employed,83071,Yes,14995,Average,No
APP09962,67861,32,Employed,32113,No,65370,Good,Yes
APP09963,63060,34,Employed,85537,No,47771,Average,Yes
APP09964,30856,64,Self-Employed,71934,No,58542,Good,Yes
APP09965,32756,30,Self-Employed,16900,No,25882,Good,Yes
APP09966,97673,40,Employed,66233,No,32044,Poor,Yes
APP09967,52258,35,Employed,19410,No,73178,Poor,No
APP09968,78059,51,Employed,67205,No,76933,Good,Yes
APP09969,36704,27,Employed,18558,No,59448,Average,Yes
APP09970,30921,61,Employed,42289,No,60205,Good,Yes
APP09971,41047,30,Employed,58826,No,55858,Good,Yes
APP09972,54282,30,Unemployed,9786,No,47390,Good,Yes
APP09973,44480,59,Employed,19564,Yes,48011,Good,Yes
APP09974,107406,48,Self-Employed,35439,Yes,77140,Good,No
APP09975,65048,50,Employed,48920,Yes,60322,Poor,No
APP09976,137878,57,Employed,86556,No,52772,Average,Yes
APP09977,71976,23,Employed,22791,Yes,15936,Good,Yes
APP09978,20261,63,Unemployed,38010,No,78189,Average,No
APP09979,96502,35,Employed,50199,Yes,42103,Poor,No
APP09980,30418,41,Employed,33099,No,75553,Good,Yes
APP09981,66559,57,Employed,64446,No,57371,Good,Yes
APP09982,42340,32,Employed,29377,No,4166,Poor,Yes
APP09983,157364,24,Employed,78373,Yes,43581,Average,No
APP09984,114682,29,Self-Employed,52990,No,71522,Poor,No
APP09985,42971,59,Self-Employed,13199,Yes,5091,Good,Yes
APP09986,56658,62,Employed,64565,No,69471,Poor,No
APP09987,66981,48,Unemployed,59078,No,49458,Average,No
APP09988,88489,43,Employed,37167,No,4518,Average,Yes
APP09989,60792,65,Self-Employed,6060,No,30514,Good,Yes
APP09990,37831,60,Employed,24067,No,3383,Good,Yes
APP09991,43443,64,Self-Employed,43542,Yes,1136,Good,Yes
APP09992,59879,42,Self-Employed,23992,Yes,71818,Good,No
APP09993,104569,44,Unemployed,59862,No,60138,Good,Yes
APP09994,72739,46,Employed,72671,Yes,23868,Average,No
APP09995,42364,50,,86322,No,9983,Good,Yes
APP09996,80328,53,Self-Employed,66463,No,5300,Good,Yes
APP09997,50411,36,Self-Employed,70456,No,73461,Good,No
APP09998,89571,,,62802,No,50419,Good,Yes
APP09999,187073,63,Employed,98621,No,13684,Good,Yes
APP10000,51053,38,Employed,29795,No,54835,Good,Yes
