transaction_id,age,income,transaction_amount,account_age_days,transactions_24h,failed_attempts_24h,merchant_risk_score,distance_from_home_km,device_trust_score,is_international,is_new_device,transaction_hour,merchant_category,payment_method,is_fraud
1,23.0,30051.86,70.81,1400,5,2,0.1424,6.61,0.7174,0,0,1,gaming,card,0
2,62.0,40837.89,170.51,895,3,0,0.068,7.05,0.8782,0,0,3,electronics,upi,0
3,55.0,63875.37,123.26,2136,6,0,0.2726,20.89,0.7289,0,0,11,electronics,net_banking,0
4,43.0,38929.69,408.65,58,4,0,0.0205,27.01,0.5039,0,0,1,grocery,upi,0
5,42.0,47192.34,420.26,2981,2,0,0.268,2.13,0.7618,1,0,2,grocery,card,0
6,66.0,70111.05,28.72,2727,4,1,0.1128,3.82,0.8113,0,0,6,gaming,wallet,0
7,22.0,45399.82,511.87,3090,5,1,0.3509,4.51,0.9103,1,1,9,travel,wallet,1
8,57.0,62281.6,97.73,3270,7,0,0.3205,35.82,0.8394,0,0,17,food,upi,0
9,29.0,132070.23,227.98,3553,5,0,0.0957,10.13,0.885,0,0,9,electronics,card,0
10,23.0,50039.41,70.39,617,2,0,0.0848,1.9,0.8792,0,0,9,travel,card,0
11,48.0,105211.12,260.89,3345,4,0,0.1135,9.03,0.4897,0,1,18,fashion,card,0
12,73.0,74812.63,2308.39,2268,7,3,0.2364,12.72,0.8907,0,0,11,electronics,card,1
13,59.0,24541.12,204.41,520,5,2,0.0448,7.56,0.7209,0,0,12,fashion,,0
14,61.0,29998.81,113.65,3936,10,0,0.0844,3.26,0.7715,0,0,10,,card,1
15,58.0,34773.49,142.71,3252,2,0,0.0886,14.54,0.8072,0,0,3,grocery,card,0
16,62.0,34369.65,41.43,1096,8,0,0.1943,3.39,0.8402,0,0,16,jewelry,card,0
17,47.0,52335.44,766.57,3565,7,0,0.4535,5.53,0.7227,0,0,14,jewelry,card,0
18,25.0,77121.91,246.13,2931,0,0,0.2405,1.51,0.8429,0,1,22,fashion,card,0
19,65.0,109691.33,63.06,1804,2,0,0.3022,1.89,0.9814,0,0,16,gaming,upi,0
20,43.0,65158.94,65.15,673,5,1,0.4729,2.06,0.8646,0,0,17,food,net_banking,0
21,46.0,43043.42,182.77,2932,6,0,0.5767,2.99,0.8732,0,0,20,food,upi,0
22,39.0,17498.24,457.12,3730,4,0,0.0782,12.01,0.6474,0,0,2,jewelry,card,0
23,28.0,57177.33,56.94,795,4,0,0.1549,20.99,0.9083,0,0,0,food,upi,0
3773,48.0,123432.92,11.01,3289,6,1,0.3339,4.02,0.9078,1,0,8,grocery,wallet,0
25,62.0,60821.54,164.24,941,4,0,0.1465,6.72,0.8756,0,0,15,fashion,net_banking,0
26,54.0,175171.47,71.0,1200,1,0,0.4213,3.77,,0,1,2,,upi,0
27,40.0,,112.76,1535,4,1,0.1838,7.47,0.8859,1,1,8,grocery,card,0
28,,84700.09,1034.33,3906,7,0,0.3285,14.95,0.9309,1,0,20,electronics,upi,0
29,49.0,32401.05,44.91,3854,1,0,0.0923,4.85,0.7766,0,0,0,food,upi,0
30,43.0,41478.95,86.58,2692,4,0,0.1772,21.29,0.8068,0,0,5,travel,card,0
31,43.0,52204.5,466.63,893,4,0,0.0466,8.05,0.8404,0,0,23,fashion,upi,0
32,30.0,35904.38,223.5,871,5,0,0.1351,4.09,0.5535,0,0,23,electronics,upi,0
33,23.0,72427.69,81.59,354,7,0,0.0869,9.52,0.868,0,1,12,travel,upi,0
34,49.0,66929.05,472.36,3171,2,0,0.4722,11.53,0.8031,0,0,21,,card,0
35,68.0,,495.34,906,3,0,0.3631,7.36,0.8032,0,0,3,electronics,card,0
36,21.0,106227.43,250.72,3595,2,0,0.2896,12.31,0.7331,0,0,6,travel,card,0
37,,58183.62,97.57,2413,8,1,0.0898,13.16,0.8837,0,1,5,electronics,wallet,0
38,65.0,21249.73,113.82,1964,5,0,0.187,1.42,0.8508,0,1,0,food,card,0
39,33.0,53468.6,239.28,3719,6,0,0.0779,8.67,0.8914,0,0,21,electronics,wallet,0
40,54.0,64199.58,48.47,649,1,0,0.1617,6.19,0.7596,0,0,19,food,upi,0
41,27.0,93913.02,679.08,1870,4,1,0.0772,32.08,0.7138,1,0,15,fashion,card,1
42,61.0,45682.77,985.52,1056,6,1,0.2162,3.78,0.8001,0,0,8,electronics,card,1
43,57.0,86721.27,142.17,749,4,0,0.207,23.57,0.8622,1,0,14,fashion,card,0
44,38.0,60962.64,257.0,3774,4,0,0.1332,2.96,0.8483,1,1,20,jewelry,upi,1
45,21.0,26683.71,589.2,2432,2,0,0.2129,0.84,0.855,1,0,17,food,wallet,0
46,73.0,25254.17,1272.22,669,4,0,0.0624,16.05,0.9113,0,0,10,fashion,upi,0
47,43.0,101976.37,854.01,456,3,2,0.1134,4.48,0.8395,0,0,16,food,upi,0
48,68.0,106178.8,31.73,1268,3,0,0.2239,3.86,0.7072,0,0,6,gaming,card,0
49,56.0,65689.12,131.29,3339,3,0,0.1345,11.88,0.7677,0,1,23,electronics,card,0
50,,125207.44,296.97,607,3,0,0.2255,2.3,0.8575,1,0,15,electronics,upi,0
51,61.0,98343.71,109.81,2974,3,0,0.3989,3.73,0.9122,0,0,6,electronics,upi,0
52,29.0,80104.26,1070.33,449,3,1,0.155,15.4,0.9703,0,0,14,food,card,0
53,38.0,33318.47,918.12,1367,5,2,0.0555,11.7,0.7655,0,0,5,food,upi,0
54,44.0,142539.48,79.6,2102,3,1,0.0778,4.56,0.8591,0,0,5,food,card,0
55,46.0,73869.42,153.02,542,3,1,0.178,5.69,0.8595,1,0,6,grocery,upi,0
56,,44483.66,85.06,1604,3,1,0.1681,34.3,0.6836,0,0,7,grocery,upi,0
57,49.0,38083.64,148.09,1093,2,0,0.1427,8.84,0.9776,0,0,8,fashion,card,0
58,26.0,63342.99,143.67,213,3,0,0.0347,19.63,0.8331,0,1,23,jewelry,card,0
59,60.0,21938.67,467.41,33,5,0,0.0405,0.52,0.8972,0,0,4,food,upi,0
60,56.0,80814.26,74.03,606,1,0,0.2982,4.65,0.8847,0,0,23,grocery,card,0
61,70.0,32552.99,13.15,3001,4,0,0.1376,6.71,0.8059,0,0,20,grocery,wallet,0
62,60.0,67435.23,36.18,179,2,1,0.0403,16.39,0.9675,1,0,8,electronics,upi,0
63,38.0,41282.64,64.37,2037,4,0,0.0771,5.67,0.5618,0,1,20,electronics,upi,0
64,73.0,47555.76,93.43,127,3,0,0.2145,11.05,0.5969,0,0,10,jewelry,upi,0
65,41.0,36271.52,217.05,886,4,0,0.0638,1.31,0.8997,0,0,16,grocery,net_banking,0
66,36.0,50332.8,61.14,738,1,0,0.1609,34.04,0.874,0,0,21,electronics,net_banking,0
67,69.0,155476.09,53.62,1379,5,0,0.0877,14.7,0.8066,0,0,20,electronics,upi,0
68,39.0,117815.05,71.06,2982,7,1,0.258,14.88,0.6963,0,0,17,grocery,card,0
69,22.0,66839.66,58.99,1701,8,2,0.0998,2.5,0.9634,0,0,17,gaming,card,0
70,44.0,54240.15,103.39,88,9,0,0.4209,32.48,0.7325,0,0,0,,card,1
71,63.0,87500.44,99.05,604,11,0,0.2398,36.39,0.7207,0,0,3,grocery,card,0
72,28.0,102392.85,358.53,1238,3,0,0.2327,0.27,0.536,0,0,4,gaming,upi,0
73,44.0,34845.82,66.92,1135,6,0,0.1855,2.28,0.5997,0,0,5,food,card,0
74,25.0,52706.66,125.88,2272,5,1,0.1291,14.22,0.826,0,0,16,grocery,upi,0
75,57.0,20191.39,104.37,1422,3,0,0.4792,0.05,0.5108,0,0,23,grocery,upi,0
76,45.0,102006.79,404.17,2982,1,0,0.0579,5.8,0.9296,0,1,4,electronics,card,0
77,36.0,171245.21,154.27,1032,6,0,0.1666,5.68,0.706,1,0,2,gaming,wallet,0
78,30.0,57476.64,514.74,2721,5,0,0.0463,27.13,0.7276,0,1,2,grocery,,1
79,50.0,17091.44,56.86,429,4,0,0.1344,4.32,0.917,0,0,22,travel,net_banking,0
80,56.0,76878.25,171.33,3954,4,0,0.0456,17.5,0.7776,0,0,3,travel,card,0
81,71.0,33451.08,101.2,3947,6,0,0.0638,7.48,0.887,0,0,9,travel,net_banking,0
82,42.0,38186.84,52.82,1124,4,0,0.113,14.25,0.937,0,0,17,gaming,,0
83,27.0,77629.71,168.25,959,4,0,0.1931,1.9,0.6238,0,0,3,fashion,upi,0
84,65.0,63265.36,1018.29,30,5,0,0.1719,21.39,0.8679,0,0,1,food,card,0
85,53.0,42050.59,76.71,3904,3,0,0.2263,6.07,0.9888,0,0,20,fashion,upi,0
86,,38476.59,158.46,181,7,0,0.3266,8.24,0.955,0,0,5,electronics,net_banking,0
87,23.0,58941.36,48.46,38,2,0,0.348,0.28,0.8672,0,0,13,electronics,upi,0
88,35.0,43909.34,41.83,417,4,1,0.052,2.74,0.7106,0,0,1,grocery,card,0
89,61.0,29881.89,81.92,1200,7,0,0.2205,1.13,0.6973,0,1,10,fashion,card,1
90,65.0,45806.38,114.78,3901,8,0,0.0647,0.22,0.8458,0,0,16,gaming,upi,0
91,42.0,66294.65,119.99,691,6,0,0.101,5.47,0.897,0,0,19,grocery,wallet,0
92,63.0,49867.84,143.59,2293,3,2,0.2427,7.38,0.8788,0,0,14,food,card,0
93,65.0,25277.22,34.63,2612,3,0,0.0505,4.18,0.8617,0,0,11,gaming,card,0
94,40.0,94757.28,96.26,3203,8,0,0.0914,0.52,0.8643,0,0,21,electronics,wallet,0
95,69.0,15000.0,297.29,2806,5,0,0.08,0.93,0.9249,0,0,17,fashion,upi,0
96,34.0,43027.19,46.28,3940,5,0,0.079,2.53,0.7604,0,0,10,,upi,0
4511,35.0,53009.91,1911.37,2490,5,0,0.1107,10.3,0.855,0,1,7,food,card,1
98,56.0,59670.13,241.24,3381,6,1,0.333,0.15,0.8834,0,0,12,jewelry,net_banking,0
99,54.0,74906.99,82.33,1299,2,0,0.1849,3.5,0.8646,0,0,11,food,card,0
100,25.0,102212.48,253.28,1648,2,0,0.2344,5.8,0.8334,0,0,4,grocery,card,0
101,65.0,37170.32,39.32,2956,2,0,0.36,10.75,0.7941,0,1,4,food,card,0
102,29.0,75940.75,437.64,3507,5,1,0.0687,0.94,0.9575,0,0,8,gaming,card,0
103,63.0,61254.25,259.5,50,3,0,0.3075,1.11,0.8543,0,0,8,gaming,upi,0
104,18.0,21455.62,190.3,1751,7,0,0.3344,0.59,0.8049,0,0,12,travel,net_banking,0
105,63.0,156433.39,554.34,3215,8,0,0.2035,0.89,0.6514,0,0,22,electronics,card,1
106,62.0,24928.38,129.49,482,2,0,0.0982,2.72,0.8984,0,1,15,electronics,upi,0
107,,,97.04,1430,3,0,0.267,19.44,0.8778,0,0,22,food,card,0
108,55.0,68156.82,710.17,2206,7,0,0.0974,4.14,0.7633,0,1,7,travel,card,0
109,44.0,64003.22,1134.25,358,1,0,0.2314,12.82,,0,1,18,food,upi,0
110,58.0,41901.26,89.97,3665,6,1,0.1018,11.2,0.5912,0,0,2,gaming,card,0
111,33.0,86688.58,160.65,1489,2,0,0.2162,1.99,0.7671,0,0,8,food,card,0
112,62.0,23315.8,511.83,3144,2,1,0.305,3.52,0.9742,0,0,16,jewelry,card,0
113,,53044.3,166.47,1726,3,0,0.0994,0.43,0.8371,0,0,10,electronics,net_banking,0
114,44.0,40334.3,326.21,1625,3,0,0.0732,16.85,0.7025,0,0,3,electronics,wallet,0
115,46.0,37895.01,392.82,3864,5,0,0.0714,8.99,0.6909,1,0,0,fashion,,0
116,50.0,69626.45,102.58,3423,6,0,0.0378,9.66,0.8401,0,0,18,jewelry,card,0
117,20.0,99478.98,273.75,2077,4,1,0.2102,6.03,0.9296,0,1,10,food,upi,0
118,25.0,45537.79,178.89,1872,4,1,0.1662,1.7,0.9001,0,0,3,,upi,0
119,31.0,84496.3,53.31,3129,5,0,0.1053,6.43,0.7199,0,0,3,gaming,card,0
120,24.0,56525.43,66.91,2747,4,0,0.2054,4.17,0.8081,0,0,1,fashion,card,0
121,43.0,33660.68,93.74,3917,5,1,0.247,7.82,0.9306,1,1,14,jewelry,card,1
122,56.0,47725.2,455.54,1352,7,2,0.0878,3.32,0.8724,0,0,6,electronics,upi,1
123,55.0,46647.34,470.74,477,4,0,0.0061,6.85,0.8695,1,0,13,gaming,card,0
124,44.0,37493.6,381.03,803,3,0,0.1221,1.74,0.9645,0,0,9,electronics,card,0
125,66.0,69616.3,279.52,2124,1,0,0.1879,2.36,0.7232,0,0,9,grocery,net_banking,0
126,50.0,62576.42,271.99,1274,6,0,0.1447,0.19,0.8445,0,1,17,grocery,card,1
127,22.0,22930.68,237.58,3242,1,0,0.1748,1.75,0.7454,0,1,22,electronics,upi,0
128,61.0,22175.63,270.58,3504,3,1,0.0858,4.3,0.7695,0,0,23,travel,card,0
129,50.0,69471.02,289.55,771,5,0,0.234,10.5,0.9091,0,1,11,food,upi,0
130,54.0,35125.44,44.19,3959,2,0,0.2201,10.02,0.9065,0,0,7,travel,wallet,0
131,50.0,64939.48,81.67,2535,4,0,0.1235,0.82,0.6843,0,0,11,fashion,wallet,0
132,49.0,84507.94,64.33,1077,3,1,0.0045,6.3,0.8475,0,0,8,,upi,0
133,23.0,27338.86,544.63,828,1,0,0.2551,0.0,0.9375,0,0,22,,upi,0
134,49.0,,941.11,686,4,0,0.1886,6.3,0.8319,0,1,18,grocery,card,1
135,63.0,138140.41,20.57,1900,3,0,0.0158,18.21,0.9525,0,0,13,food,,0
136,35.0,66732.84,860.72,312,0,1,0.0981,2.33,0.9718,1,0,10,grocery,card,0
137,52.0,43673.91,196.31,550,1,0,0.172,6.42,0.8712,1,0,21,grocery,card,0
138,19.0,32906.36,495.55,3022,2,0,0.0816,10.3,0.7256,0,1,5,jewelry,card,0
139,37.0,,298.7,1970,3,0,0.4201,1.92,0.8012,0,0,21,fashion,upi,0
140,42.0,,760.03,2126,2,0,0.1921,10.57,0.594,0,0,23,grocery,upi,0
141,74.0,89407.97,222.0,1318,5,0,0.3988,5.79,0.6424,0,0,13,gaming,card,0
142,30.0,35877.85,46.04,2237,0,0,0.2779,8.57,0.7335,0,0,13,gaming,upi,0
143,33.0,100361.35,161.95,1391,4,0,0.5116,4.69,0.6002,0,0,21,electronics,card,0
144,,44123.27,301.45,209,8,0,0.0305,13.04,0.9583,0,0,9,food,card,0
145,74.0,30984.61,145.04,2285,2,0,0.123,0.04,0.8026,0,0,20,grocery,upi,0
146,66.0,43504.63,347.47,351,7,0,0.283,4.58,0.78,0,0,14,fashion,card,0
147,19.0,15000.0,168.55,2764,4,0,0.1259,8.46,0.8524,0,0,0,fashion,upi,0
148,31.0,51465.44,99.23,3661,3,0,0.2693,2.41,0.6963,0,0,6,grocery,upi,0
149,64.0,,60.76,2679,1,0,0.0759,4.9,0.8162,0,0,22,gaming,card,0
150,21.0,86568.99,121.65,2319,1,0,0.0373,4.26,0.7046,0,0,8,gaming,card,0
151,66.0,19489.3,220.86,3858,10,0,0.4375,22.4,0.8497,0,0,15,travel,upi,1
152,34.0,104204.96,25.37,900,4,0,0.1109,20.91,0.837,0,1,22,electronics,upi,0
153,70.0,86371.94,82.51,3102,1,1,0.1388,6.23,0.6521,0,0,8,travel,upi,0
154,34.0,109503.57,24.44,853,6,0,0.0744,0.55,0.8623,0,1,22,,card,0
155,42.0,53428.08,97.11,31,4,0,0.1411,1.98,0.8813,0,0,7,grocery,card,0
156,55.0,96060.33,596.02,986,2,0,0.415,7.86,0.8473,0,0,9,food,upi,0
157,25.0,,54.97,2024,4,1,0.1083,0.47,0.9232,0,1,16,gaming,upi,0
158,49.0,81410.91,363.62,283,4,1,0.3732,1.35,0.5006,1,1,0,grocery,net_banking,1
159,46.0,35988.29,3108.15,1136,6,1,0.1641,3.96,0.6942,0,0,1,travel,upi,1
160,62.0,22177.14,770.08,227,3,0,0.3994,9.25,0.9565,0,0,12,food,wallet,0
161,74.0,29637.96,205.71,996,5,0,0.1436,0.66,0.9226,0,0,14,electronics,card,0
162,55.0,,424.7,2888,6,0,0.4401,17.34,0.7228,0,0,11,food,card,0
163,41.0,34951.75,45.75,634,2,1,0.1125,10.96,0.5206,0,0,15,gaming,card,0
164,41.0,67638.25,37.32,1077,6,0,0.2274,0.14,0.7574,0,0,4,grocery,card,0
165,41.0,20344.34,185.24,568,6,1,0.1645,4.77,0.8832,0,0,19,fashion,card,0
166,64.0,17071.83,268.16,1556,2,0,0.1566,1.32,0.9193,0,0,9,grocery,upi,0
167,36.0,116996.76,537.73,3051,3,0,0.2192,1.63,0.9306,0,0,20,grocery,wallet,0
5671,38.0,26992.9,86.95,1430,4,0,0.2799,5.09,0.9261,0,0,13,gaming,upi,0
169,37.0,30883.43,218.41,824,3,0,0.2517,6.48,0.9979,0,0,20,fashion,,0
170,19.0,54909.34,211.04,1300,6,0,0.3682,3.11,0.7156,1,0,21,gaming,card,0
171,24.0,96357.2,157.84,2690,3,0,0.6281,0.43,0.88,0,0,11,food,card,0
172,23.0,69261.8,167.42,1930,9,0,0.1963,8.16,0.8815,1,0,7,electronics,card,0
173,61.0,59671.58,76.57,1855,6,0,0.0758,11.36,0.9693,1,0,0,grocery,wallet,0
174,59.0,100450.79,238.09,3464,3,2,0.3382,4.59,0.9408,1,0,7,electronics,card,1
175,57.0,,218.77,3282,3,1,0.155,1.46,0.9078,0,0,22,food,card,1
176,44.0,55951.28,115.93,999,4,1,0.0413,4.53,0.9102,0,0,19,travel,wallet,0
177,58.0,54462.72,350.28,2825,7,0,0.1651,23.99,0.7676,0,0,22,grocery,card,0
178,27.0,47338.03,503.1,3171,2,0,0.2366,13.51,0.8698,0,1,11,food,card,0
179,69.0,44386.71,354.37,3602,5,1,0.3083,3.42,0.9241,0,0,13,fashion,upi,0
180,46.0,57249.03,63.47,1077,2,0,0.2698,1.3,0.6608,0,0,10,electronics,card,0
181,71.0,56050.74,198.86,2920,4,0,0.02,7.68,0.9311,0,0,11,travel,card,0
182,26.0,30898.2,72.35,772,7,3,0.1834,22.4,0.9707,0,0,7,grocery,net_banking,1
183,46.0,85483.29,198.25,1794,6,0,0.1492,6.76,0.844,1,1,21,travel,wallet,0
184,57.0,32147.07,72.63,318,5,0,0.3137,11.75,0.9249,0,0,14,fashion,card,0
185,46.0,48779.24,645.56,2427,5,1,0.0501,8.12,0.9271,0,0,19,fashion,card,0
186,43.0,46755.36,393.98,2746,3,0,0.1241,1.16,0.97,0,0,6,grocery,net_banking,0
187,27.0,66973.04,570.18,1803,3,0,0.4125,21.95,0.7913,0,0,21,electronics,net_banking,0
188,39.0,17147.05,515.26,1664,3,0,0.327,15.49,0.8218,0,0,4,travel,upi,0
189,31.0,89777.43,137.33,990,1,0,0.0951,10.67,0.904,0,0,16,travel,card,0
190,35.0,37901.42,117.61,3088,5,0,0.1978,4.96,0.9567,0,0,0,grocery,upi,0
191,56.0,107588.42,1027.29,3644,7,0,0.5041,3.0,0.866,1,0,21,grocery,card,1
192,53.0,42281.2,152.6,556,3,0,0.2895,16.47,0.6304,0,1,11,grocery,upi,0
193,52.0,53542.15,46.45,1125,6,1,0.183,1.01,0.9726,0,0,5,fashion,,0
194,38.0,157577.2,492.96,2425,3,1,0.1374,2.6,0.7737,1,0,19,fashion,upi,1
195,72.0,47219.04,207.83,1482,4,0,0.4665,0.3,0.8689,0,1,20,food,,1
196,22.0,108711.83,811.51,81,8,0,0.2972,12.36,0.9276,1,0,21,food,card,1
197,37.0,56193.89,229.51,112,3,0,0.3736,11.88,0.7623,0,0,9,grocery,upi,0
198,24.0,69117.89,176.44,958,7,0,0.1114,9.87,,0,0,3,food,card,0
199,37.0,57157.49,828.05,3871,3,0,0.1898,8.39,0.7553,0,0,11,grocery,wallet,0
200,72.0,87676.3,38.65,2450,5,0,0.0922,5.07,0.7575,1,0,17,jewelry,card,0
201,38.0,37723.79,100.24,1043,6,0,0.1331,10.6,0.8061,0,0,9,jewelry,card,0
202,69.0,32011.86,74.11,252,8,0,0.246,6.74,0.7775,0,1,9,gaming,upi,1
203,46.0,38710.71,20.04,3032,7,1,0.193,1.37,0.9121,0,0,23,food,upi,0
204,57.0,58100.48,431.01,1527,6,1,0.485,33.44,,0,1,22,jewelry,upi,1
205,44.0,,103.08,1592,3,1,0.6081,5.22,0.8427,0,0,10,grocery,card,1
206,33.0,81286.86,445.11,2259,5,0,0.121,16.92,0.7991,0,0,4,grocery,card,0
207,61.0,112723.24,265.61,936,6,0,0.2424,0.97,0.8,0,0,4,travel,wallet,0
208,73.0,32156.74,330.33,2918,4,0,0.0307,7.08,0.8856,1,0,7,food,card,0
209,33.0,36732.48,114.16,1275,1,0,0.0712,9.71,0.7878,0,0,13,travel,net_banking,0
210,62.0,24963.17,83.82,2831,3,0,0.0644,11.69,0.728,0,0,21,fashion,net_banking,0
211,32.0,168012.49,196.9,2083,4,0,0.0351,5.46,0.8908,0,0,4,jewelry,card,0
212,58.0,65033.43,451.3,618,3,0,0.1461,3.71,0.8516,0,0,16,food,card,0
213,62.0,71609.26,171.16,2504,7,0,0.1045,11.92,0.9508,0,0,13,food,card,1
214,43.0,26317.09,89.21,328,3,0,0.0266,15.93,0.7347,0,0,2,grocery,wallet,0
215,60.0,54964.62,54.27,2868,5,0,0.0988,0.54,0.8216,0,0,23,food,upi,0
216,33.0,72778.43,220.77,1524,4,0,0.4877,15.78,0.7554,0,0,17,electronics,net_banking,0
217,22.0,47861.74,103.43,2691,2,0,0.2723,10.72,0.8153,0,0,17,food,card,0
218,23.0,99382.03,167.54,985,2,0,0.214,1.52,0.9189,0,0,13,electronics,upi,0
219,43.0,196142.28,141.77,1646,2,0,0.2384,2.36,0.8522,0,0,6,electronics,wallet,0
220,69.0,32669.72,115.41,1243,3,0,0.2306,2.84,0.9209,0,0,4,fashion,wallet,0
221,25.0,31349.09,241.47,1026,4,0,0.1809,6.54,0.8598,0,0,23,travel,card,0
222,43.0,33939.09,313.39,1389,4,1,0.0701,8.86,0.8816,0,1,1,food,net_banking,0
223,,133052.36,1284.64,243,5,1,0.0582,0.79,0.805,0,0,22,grocery,card,0
224,29.0,97575.71,384.11,1606,2,1,0.3488,8.87,0.906,0,1,20,grocery,card,1
225,59.0,51049.35,885.93,518,2,0,0.1063,15.62,0.9338,0,1,13,fashion,upi,0
226,35.0,56117.12,79.39,2088,4,0,0.3078,9.67,0.7676,1,0,12,travel,upi,0
227,64.0,35101.16,36.31,389,3,0,0.2847,4.84,0.8652,0,0,13,electronics,upi,0
228,51.0,,177.42,66,2,0,0.1101,0.01,0.7639,0,1,13,food,card,0
229,49.0,44629.15,424.53,1773,2,0,0.2561,12.03,0.4666,0,0,23,food,card,0
230,28.0,47669.47,362.9,1213,6,2,0.1677,7.93,0.8042,0,0,18,food,card,0
231,44.0,76873.99,604.46,3511,3,0,0.2136,14.34,0.8279,1,0,15,grocery,card,0
232,66.0,49597.28,14.25,1079,5,0,0.0296,10.81,0.8733,0,0,23,travel,card,0
233,,48332.39,630.13,1615,4,0,0.125,7.22,0.8618,0,1,9,fashion,,0
234,61.0,55320.83,251.75,967,6,0,0.1432,12.7,0.4973,1,0,18,travel,card,0
235,46.0,85181.02,38.43,3561,4,0,0.2554,20.28,0.847,1,0,21,travel,card,0
236,59.0,136033.94,371.11,3160,2,0,0.1417,10.95,0.8368,0,0,3,grocery,wallet,0
237,55.0,75894.99,213.24,712,1,0,0.1258,4.28,0.7316,0,0,14,jewelry,wallet,0
238,42.0,85554.71,263.53,1027,2,0,0.1142,39.16,0.9144,1,0,22,gaming,net_banking,0
239,35.0,49274.83,488.86,770,4,2,0.1847,14.04,0.8954,1,0,0,fashion,card,0
240,53.0,37264.62,276.78,629,5,0,0.2151,1.32,0.8935,1,1,12,food,wallet,1
241,25.0,78808.87,41.27,985,2,1,0.1816,3.37,0.778,0,0,17,grocery,card,0
242,51.0,60431.81,156.01,3411,4,0,0.0751,8.78,0.8661,0,0,19,grocery,card,0
243,23.0,25150.74,35.71,1851,6,1,0.0497,7.95,0.7974,0,0,20,food,net_banking,0
244,,45919.73,344.47,1550,5,0,0.3619,10.08,0.8547,0,0,14,food,card,0
245,53.0,52548.67,728.46,787,3,0,0.4267,5.07,0.7188,0,0,10,gaming,upi,1
246,22.0,41536.87,52.01,760,3,0,0.0163,4.89,0.7168,0,0,23,food,card,0
247,61.0,124249.02,91.97,2234,4,0,0.067,4.77,0.7808,0,0,21,grocery,wallet,0
248,41.0,71610.71,74.48,3012,4,2,0.0939,14.51,0.8833,1,0,19,grocery,upi,1
249,62.0,117047.45,114.33,2245,1,1,0.3534,9.43,0.8904,0,1,11,food,upi,0
250,20.0,63574.79,271.89,2638,4,0,0.1606,2.6,0.9074,0,1,9,grocery,upi,0
251,28.0,57517.92,115.57,1068,5,0,0.2999,3.2,0.5152,0,1,20,fashion,wallet,0
252,46.0,32858.3,345.67,3782,1,0,0.1649,9.31,0.9305,0,0,4,grocery,card,0
253,28.0,55362.05,522.35,3295,3,0,0.2715,3.37,0.7803,0,0,4,electronics,upi,0
254,36.0,55396.3,541.7,3514,1,0,0.0698,1.53,0.8999,0,0,0,travel,wallet,0
255,55.0,25930.52,58.84,2680,5,0,0.3468,6.24,0.9439,0,0,12,grocery,upi,0
256,26.0,40878.04,719.74,2786,7,0,0.2812,15.44,0.8312,0,0,16,fashion,card,0
257,56.0,46040.79,779.79,311,4,0,0.1483,20.83,0.7076,0,0,13,grocery,,1
258,23.0,69044.2,850.34,669,4,0,0.1171,11.32,0.9617,0,0,17,jewelry,card,0
259,27.0,70886.2,153.72,555,4,0,0.3201,1.37,0.8384,0,0,4,travel,card,0
260,51.0,39949.17,84.87,1948,6,0,0.2454,0.35,0.8914,0,0,6,food,card,0
261,63.0,71179.97,67.27,2364,1,0,0.2998,2.18,0.9407,0,0,17,travel,,0
262,27.0,49758.92,59.81,501,4,0,0.4637,23.3,0.7254,0,1,19,fashion,net_banking,1
263,35.0,15000.0,182.12,3013,9,3,0.2617,13.48,0.5896,0,1,22,food,upi,1
264,70.0,42129.45,420.23,2211,4,1,0.0918,6.04,0.7765,0,0,19,gaming,card,0
265,74.0,99561.64,664.82,2393,3,0,0.0914,0.1,0.6556,0,0,23,travel,net_banking,0
266,51.0,21809.38,110.76,3669,4,1,0.0328,1.31,0.6672,0,0,16,electronics,net_banking,0
267,43.0,58516.77,173.17,2351,3,0,0.1799,15.97,0.8954,0,0,13,jewelry,card,0
268,37.0,131528.93,162.19,45,9,1,0.1863,2.38,0.8903,0,0,0,food,wallet,1
269,52.0,36197.72,95.36,3082,1,0,0.1742,10.57,0.9727,0,1,15,,wallet,0
270,51.0,55065.05,375.67,3507,3,0,0.059,4.68,0.936,0,0,5,fashion,card,0
271,34.0,26846.2,258.74,361,4,0,0.1472,7.44,0.725,0,1,8,travel,net_banking,0
272,19.0,134600.39,207.43,2171,3,0,0.147,12.32,0.7647,0,0,19,electronics,wallet,0
273,26.0,52536.08,257.56,1894,5,0,0.1853,3.16,0.7806,0,0,1,fashion,card,0
274,72.0,56428.7,333.09,630,4,0,0.1934,0.75,0.7574,0,0,23,food,card,0
275,41.0,115838.67,329.77,1126,4,0,0.2665,16.79,0.5648,0,1,5,grocery,wallet,0
276,45.0,79134.29,77.83,3427,4,2,0.2457,2.24,0.8078,0,0,20,fashion,upi,0
277,44.0,33978.82,441.11,1585,2,0,0.2172,12.19,0.8112,0,0,14,fashion,card,0
278,62.0,,232.37,2161,1,1,0.0764,9.1,0.6479,0,0,20,electronics,upi,0
279,21.0,72207.61,116.55,3115,4,1,0.1409,1.86,0.784,0,0,3,travel,upi,0
280,22.0,39019.7,227.51,1809,2,0,0.1774,3.06,0.8356,0,0,9,fashion,card,0
281,33.0,17164.6,254.03,3568,5,0,0.1173,0.4,0.7635,0,0,20,fashion,upi,0
282,45.0,53412.82,530.99,2013,2,0,0.4054,1.17,0.9181,0,0,8,fashion,upi,1
283,56.0,24366.67,63.23,3943,5,0,0.1019,1.49,0.9161,0,0,3,grocery,wallet,0
284,45.0,133792.24,677.18,615,6,0,0.2193,11.69,0.863,0,0,21,food,upi,0
285,43.0,60616.45,184.22,3555,6,1,0.1796,17.86,0.6674,1,0,21,electronics,wallet,0
286,,33431.11,108.51,477,1,0,0.0912,15.02,0.9814,0,0,8,fashion,card,0
287,27.0,37452.95,105.24,3258,5,1,0.2827,15.96,0.822,0,0,19,jewelry,card,0
288,50.0,19456.18,66.13,2656,4,0,0.1899,1.7,0.9411,1,0,6,grocery,upi,0
8893,57.0,60525.33,284.48,2821,3,0,0.3469,9.84,0.7832,0,0,11,food,wallet,0
290,44.0,96188.61,354.38,3525,7,1,0.0992,0.16,0.9488,0,0,11,gaming,card,0
291,64.0,187694.49,1304.85,2573,6,0,0.1268,0.18,0.7493,0,0,1,fashion,upi,0
292,,82010.83,35.71,2787,4,0,0.1873,17.48,0.7819,0,0,20,travel,card,0
293,72.0,52285.01,69.58,3024,1,1,0.1684,1.57,0.8291,1,0,6,travel,card,0
294,36.0,43369.46,381.66,3367,9,1,0.1857,20.08,0.704,1,1,7,gaming,wallet,1
295,49.0,32500.66,171.97,951,3,0,0.1916,0.15,0.6936,0,1,0,,card,0
296,47.0,170750.67,414.63,3383,4,1,0.1781,10.08,0.8721,0,0,9,fashion,net_banking,0
297,66.0,49576.72,162.59,2368,1,1,0.0914,11.04,0.7711,0,1,2,gaming,card,0
298,43.0,176078.44,100.72,157,2,0,0.3222,1.71,0.9786,0,0,15,jewelry,upi,0
299,34.0,118364.51,143.61,3676,6,0,0.1187,3.68,0.7337,0,0,0,grocery,upi,0
300,,21113.13,16.62,3090,5,1,0.0355,32.19,0.6639,1,0,12,grocery,wallet,0
301,38.0,38132.21,57.37,3569,4,0,0.2869,0.61,0.9126,0,0,19,fashion,upi,0
302,65.0,38067.4,464.63,3095,7,0,0.0411,23.6,0.5698,1,0,15,fashion,card,0
303,18.0,52636.92,592.8,1401,3,0,0.3245,6.42,0.8664,0,0,21,electronics,card,0
304,69.0,53205.42,734.45,1419,4,0,0.1122,1.77,0.5601,0,0,16,gaming,upi,0
305,48.0,250000.0,279.73,1127,6,0,0.1991,7.38,0.9668,1,0,15,gaming,card,0
306,25.0,30412.63,18.86,1657,3,0,0.0299,6.09,0.7103,0,0,19,food,upi,0
307,35.0,62381.37,95.39,168,5,0,0.1868,0.51,0.8422,0,0,15,food,card,0
308,49.0,77201.0,676.96,2989,4,1,0.0889,3.13,0.8891,0,0,19,electronics,card,0
309,35.0,54952.47,912.34,3016,3,0,0.1577,9.45,0.793,0,0,0,gaming,card,0
310,,58436.02,703.17,3946,7,0,0.1358,21.93,0.5018,0,0,23,,card,0
311,55.0,30959.76,142.12,2215,3,1,0.1243,11.44,0.8411,1,0,12,jewelry,upi,0
312,56.0,58317.41,48.73,3951,2,0,0.4166,7.95,0.8217,0,0,7,fashion,upi,0
313,24.0,72864.58,172.83,863,4,0,0.1282,5.02,0.8888,1,0,10,food,card,0
314,34.0,65858.83,182.69,1911,7,0,0.0925,1.97,0.7025,1,0,1,travel,net_banking,1
315,31.0,75259.62,861.37,3136,1,0,0.2691,0.83,0.9206,0,0,1,food,card,0
316,55.0,119613.72,226.05,3164,3,0,0.0375,12.98,0.6439,0,0,20,gaming,card,0
317,59.0,92080.65,183.03,3101,2,0,0.2555,19.07,0.8806,0,0,17,gaming,wallet,0
318,59.0,57199.5,193.73,1880,1,0,0.0959,9.19,0.8241,0,1,12,jewelry,upi,0
319,71.0,28871.82,268.49,320,4,0,0.3831,27.19,0.798,0,0,19,travel,wallet,1
320,61.0,39540.69,336.77,3467,3,0,0.135,6.55,0.8818,0,0,2,fashion,card,0
321,36.0,48741.75,87.22,1544,7,1,0.2904,1.88,0.9804,0,0,15,gaming,wallet,0
322,24.0,63188.57,62.51,2609,3,0,0.0345,3.24,0.7839,0,0,4,grocery,upi,0
323,53.0,42277.29,708.76,559,6,1,0.2109,6.39,0.4789,0,0,20,food,upi,0
324,70.0,32873.93,34.88,3748,3,0,0.2258,1.8,0.7547,0,0,12,electronics,card,0
325,73.0,28611.93,925.84,1049,5,0,0.2217,20.63,0.8269,0,0,22,grocery,card,0
326,31.0,22179.88,26.64,3989,2,0,0.2403,28.09,0.5713,0,0,5,electronics,upi,0
327,,48332.79,100.33,2870,2,0,0.08,3.04,0.7756,0,0,3,electronics,net_banking,0
328,20.0,24508.43,475.71,1340,5,0,0.2976,0.97,0.8355,0,0,10,gaming,upi,0
329,26.0,,180.06,1497,3,0,0.1537,4.33,0.708,0,1,11,electronics,upi,0
330,49.0,44286.82,48.25,3917,3,0,0.2129,11.17,0.5252,0,0,18,fashion,card,0
331,49.0,26379.28,275.72,2387,6,1,0.3035,2.69,0.8304,0,0,6,food,card,0
332,39.0,67775.24,192.47,2779,8,0,0.2378,2.03,0.9656,0,1,14,grocery,card,0
333,35.0,82636.86,145.03,2462,2,0,0.1605,0.75,0.8373,0,0,9,,wallet,0
334,65.0,40656.08,96.45,975,6,1,0.0705,1.56,0.6447,0,0,17,jewelry,card,0
335,44.0,43248.74,173.88,555,3,0,0.1502,1.39,0.7123,0,0,6,electronics,card,0
336,64.0,73915.28,100.59,42,6,0,0.1403,10.6,0.9147,0,0,7,gaming,wallet,0
337,72.0,37137.82,2053.89,1637,4,0,0.1054,4.75,0.7174,0,0,15,electronics,card,0
338,36.0,35759.99,141.59,2744,4,0,0.1276,2.07,0.6805,0,0,21,electronics,wallet,0
339,29.0,106208.84,123.87,1227,5,0,0.0445,4.23,0.9129,0,1,20,electronics,upi,0
340,72.0,89446.12,104.72,912,5,1,0.4996,3.88,0.7875,0,0,2,fashion,upi,1
341,54.0,76568.49,1064.12,1573,3,0,0.1263,6.08,0.7186,0,0,10,electronics,wallet,1
342,34.0,91509.04,34.95,948,4,1,0.0524,8.68,0.9554,0,0,22,electronics,wallet,0
343,53.0,18538.13,257.85,1756,5,0,0.0073,4.63,0.6628,1,0,20,fashion,card,1
344,47.0,115809.05,141.69,2222,5,0,0.0358,3.37,0.9415,0,0,21,food,wallet,0
345,69.0,68235.66,43.36,1111,1,0,0.3245,0.8,0.4513,0,0,7,electronics,wallet,0
346,32.0,95895.87,79.35,152,5,0,0.3687,6.67,0.8679,0,1,7,fashion,upi,0
347,74.0,68052.0,247.13,434,3,1,0.2897,24.09,0.7668,1,1,2,gaming,card,0
348,71.0,56500.07,75.84,1682,4,0,0.2332,5.44,0.9249,0,0,4,grocery,card,0
349,28.0,47271.76,233.35,734,3,0,0.1655,4.79,0.7978,0,0,11,jewelry,card,0
350,27.0,67306.89,1014.46,3203,6,0,0.088,1.16,0.8695,0,0,7,travel,card,0
351,48.0,46333.81,213.48,684,2,0,0.0255,28.29,0.7387,0,0,23,grocery,card,0
352,20.0,88647.25,42.07,138,3,0,0.1527,2.12,0.8714,1,0,2,travel,card,0
353,35.0,22983.63,77.18,2488,2,0,0.139,7.84,0.5906,0,0,13,food,card,0
354,42.0,40832.02,135.31,2507,2,0,0.0826,6.69,0.7536,0,0,0,fashion,card,0
355,73.0,169353.11,126.56,2697,3,0,0.1189,12.28,0.9123,0,0,15,electronics,upi,0
356,74.0,38977.67,209.55,658,3,0,0.3329,14.27,0.9614,0,0,7,food,card,0
357,26.0,48233.66,246.02,2732,3,0,0.2318,0.28,0.9098,0,0,23,gaming,upi,0
358,68.0,33849.14,1015.85,3455,3,0,0.2464,16.98,0.8217,0,0,2,jewelry,upi,0
359,23.0,66158.16,179.33,2430,4,0,0.2289,10.7,0.9209,1,1,17,grocery,card,0
360,60.0,,56.87,1581,7,1,0.1874,0.37,0.7795,0,0,13,gaming,wallet,0
361,66.0,49662.35,570.64,1941,2,0,0.0634,11.72,0.7975,0,0,4,fashion,card,0
362,68.0,87725.25,636.5,3254,1,0,0.0795,1.36,0.7516,0,0,20,grocery,wallet,0
363,30.0,37450.25,227.1,598,11,0,0.3338,1.93,0.9211,0,0,17,electronics,upi,1
364,68.0,84865.64,140.69,2903,3,0,0.5555,23.33,0.7821,0,0,7,fashion,card,0
365,24.0,86449.4,335.46,1100,4,0,0.1127,4.14,0.8774,0,0,18,electronics,upi,0
366,47.0,98254.3,145.75,3515,2,1,0.2648,15.43,0.9107,0,0,12,grocery,card,0
367,44.0,59419.99,23.04,585,1,0,0.1591,13.9,0.9326,0,0,17,gaming,upi,0
368,36.0,250000.0,316.22,2081,3,1,0.1421,6.93,0.7286,0,0,10,fashion,wallet,0
369,19.0,98231.48,439.31,1620,1,0,0.1836,3.8,0.7628,0,0,11,food,upi,0
3878,31.0,56696.63,335.18,1240,9,0,0.1698,0.09,0.7957,0,0,2,travel,upi,0
371,37.0,33973.29,86.68,1547,6,0,0.4197,21.34,0.8539,0,0,5,grocery,net_banking,0
372,55.0,52140.95,225.68,178,4,0,0.1927,4.68,0.7346,0,0,6,food,net_banking,0
373,41.0,120519.68,230.62,3435,2,2,0.1076,3.52,0.8585,0,0,17,jewelry,upi,0
374,39.0,140833.34,196.04,2149,3,0,0.0701,10.85,0.7148,0,0,3,,net_banking,0
375,68.0,124016.45,201.91,2413,3,0,0.1221,9.25,0.9263,0,0,0,grocery,upi,0
5594,53.0,103777.22,181.5,270,4,0,0.1512,3.95,0.9571,0,0,7,travel,card,0
377,59.0,27569.78,222.45,2129,2,0,0.2208,14.81,0.8283,0,1,18,fashion,upi,0
378,60.0,71899.71,377.53,2437,1,0,0.154,1.68,0.645,0,0,13,jewelry,card,0
379,39.0,27786.82,609.87,1695,4,1,0.2623,2.19,0.7909,0,0,0,travel,wallet,1
380,32.0,,84.49,550,6,0,0.0756,0.55,0.7528,0,0,11,electronics,upi,0
381,18.0,62731.92,151.51,146,5,1,0.1744,12.4,0.9293,0,1,10,grocery,card,1
382,71.0,,117.96,2173,4,0,0.6798,23.13,0.8714,0,0,5,food,wallet,0
383,,90395.15,102.24,768,1,0,0.2508,3.16,0.9383,0,0,4,fashion,card,0
384,31.0,72295.23,35.76,1832,3,0,0.3399,3.52,0.7513,1,0,19,food,wallet,0
385,19.0,73678.09,184.41,2432,1,0,0.1551,10.4,0.9548,0,0,1,fashion,net_banking,0
386,,32001.23,290.7,2396,3,1,0.2137,5.91,0.8121,0,1,6,food,card,0
387,21.0,,154.14,698,3,0,0.0573,9.37,,0,0,6,electronics,upi,0
388,65.0,24008.76,178.39,2652,5,0,0.1368,19.57,0.733,0,0,17,food,card,0
389,68.0,18274.02,273.53,3765,7,0,0.1522,7.31,0.6811,0,0,1,fashion,card,0
390,26.0,,738.1,1464,5,0,0.6891,11.44,0.7542,0,1,20,fashion,upi,1
391,60.0,36347.11,118.3,500,7,1,0.1449,9.33,0.8355,0,0,14,grocery,card,1
392,28.0,88872.91,55.78,2031,8,0,0.0985,17.0,0.891,0,0,10,electronics,wallet,0
393,38.0,101182.35,164.44,2478,3,0,0.0453,0.53,0.4601,0,1,22,jewelry,card,0
394,52.0,39122.93,1183.84,1598,1,1,0.0844,9.26,0.949,0,0,4,grocery,,0
395,,76096.65,56.38,2409,4,0,0.0676,10.0,0.8473,0,0,19,food,wallet,0
396,67.0,38232.92,344.84,3068,4,1,0.1368,11.77,,0,0,19,grocery,card,0
397,20.0,19927.48,572.99,2324,5,0,0.309,10.73,0.959,0,1,10,food,wallet,0
398,29.0,58859.51,16.9,3191,1,0,0.0521,4.7,0.9401,1,0,8,,card,0
399,33.0,42451.09,271.29,609,1,0,0.1595,5.73,0.6762,0,0,8,fashion,card,0
400,35.0,43175.98,329.1,1192,2,0,0.4755,0.36,0.8353,0,1,0,gaming,card,0
401,74.0,163003.54,137.77,2234,2,0,0.3485,3.04,0.9321,1,0,18,electronics,wallet,0
402,62.0,23762.57,94.3,1060,8,0,0.0758,11.68,0.8882,0,0,6,food,upi,1
403,36.0,67891.6,99.71,3977,5,0,0.1178,5.17,0.8144,0,0,12,grocery,wallet,0
404,73.0,31823.0,129.59,2722,3,0,0.3308,19.78,0.7119,0,0,0,electronics,card,0
405,46.0,90638.31,133.07,1665,6,0,0.1618,5.0,0.7229,0,1,14,grocery,net_banking,0
406,46.0,64810.68,110.19,3102,1,0,0.0575,2.85,0.7137,0,0,11,fashion,card,0
407,42.0,67760.04,127.55,3933,7,0,0.1537,12.68,0.8513,0,0,4,travel,card,0
7646,48.0,47353.09,143.49,1455,3,0,0.16,5.02,0.8852,0,0,8,gaming,wallet,0
409,71.0,36098.81,53.44,2240,4,0,0.0659,5.57,0.3643,0,0,10,food,card,0
410,18.0,91589.9,31.31,1726,11,1,0.1097,7.72,0.8717,1,1,16,jewelry,wallet,1
411,27.0,145659.53,601.69,3027,5,0,0.1268,5.8,0.9247,0,1,12,grocery,card,0
412,31.0,71629.18,148.55,1251,8,0,0.0789,0.1,0.7358,0,0,6,fashion,card,0
7228,68.0,28632.59,195.75,966,8,0,0.4261,2.41,0.9019,0,1,14,jewelry,,0
414,25.0,66270.8,161.05,3073,1,0,0.2214,4.84,0.7769,1,0,20,fashion,card,0
415,19.0,209022.69,221.9,3565,3,0,0.2333,1.2,0.7063,0,1,4,gaming,net_banking,0
416,56.0,58187.22,106.58,599,2,1,0.1244,15.03,0.5278,0,0,3,food,card,0
417,73.0,122896.88,298.54,2470,5,0,0.1578,1.08,0.9523,0,0,20,grocery,card,0
418,24.0,36603.8,68.76,3119,4,2,0.2522,4.01,0.8647,0,0,10,food,wallet,0
419,34.0,53741.52,133.1,683,5,0,0.1522,2.8,0.776,0,0,1,grocery,card,0
420,46.0,77330.93,19.65,2655,4,0,0.0589,16.01,0.7876,0,0,18,food,upi,0
421,70.0,68433.59,581.26,3919,3,0,0.1404,8.48,0.6907,0,0,9,food,card,0
422,57.0,36082.91,150.94,3376,3,2,0.0514,22.31,0.8139,0,0,14,grocery,upi,0
423,61.0,35237.07,351.8,801,4,0,0.0552,2.69,0.7547,0,0,6,grocery,upi,0
424,51.0,94716.63,289.9,3961,5,1,0.1322,1.04,0.9017,0,0,18,grocery,card,0
425,41.0,105920.22,311.93,1447,1,0,0.1148,2.15,0.9222,0,1,1,food,upi,0
426,29.0,126344.48,178.61,1921,6,1,0.0229,7.77,0.7932,0,0,13,fashion,upi,0
427,67.0,148338.22,265.39,1187,2,1,0.3091,16.85,0.8554,0,0,4,food,card,0
428,63.0,59226.78,68.83,2806,1,0,0.1834,15.78,0.9532,0,1,15,travel,,0
429,19.0,46347.79,55.8,529,7,0,0.1221,0.05,0.9685,0,0,14,electronics,card,1
430,58.0,115628.01,162.69,2848,6,1,0.4613,1.64,0.7412,1,0,12,fashion,net_banking,1
431,22.0,81411.89,91.21,249,5,0,0.0817,2.32,0.859,0,0,23,fashion,upi,0
432,60.0,32039.93,748.76,3382,2,0,0.3332,4.46,0.7486,0,0,0,,net_banking,0
433,65.0,31150.6,261.94,1324,4,0,0.2458,1.16,0.5168,0,0,3,gaming,net_banking,0
434,25.0,72088.52,87.92,2086,3,0,0.2596,1.65,0.6291,0,0,19,travel,wallet,0
435,42.0,49890.58,137.2,935,8,0,0.0257,10.6,0.6373,0,1,7,fashion,card,0
436,25.0,54206.28,205.61,457,1,1,0.1444,7.68,0.9703,0,0,20,grocery,card,0
437,50.0,99208.78,168.17,122,5,0,0.2029,16.65,0.8046,0,0,20,fashion,wallet,0
438,70.0,83496.41,236.21,3918,3,0,0.2137,1.86,0.9312,0,0,22,gaming,card,0
439,22.0,114292.79,192.79,570,4,0,0.3874,12.66,0.6463,0,0,19,food,upi,0
440,40.0,19010.44,44.8,255,5,1,0.3664,1.46,0.8465,0,0,5,food,card,1
441,73.0,63225.14,20.95,2069,7,1,0.3315,1.65,0.8321,0,0,0,grocery,card,1
442,35.0,80593.01,123.88,3850,4,0,0.0643,5.94,0.8222,0,0,19,fashion,upi,0
443,25.0,23753.05,315.28,359,3,1,0.0945,11.73,0.5622,0,0,20,electronics,card,1
444,45.0,38364.81,125.28,1043,3,0,0.1795,1.01,0.9466,0,1,7,grocery,upi,0
445,46.0,34641.98,619.88,2236,1,0,0.4799,5.24,0.8,0,0,23,food,net_banking,0
446,,,171.76,1985,5,0,0.4156,11.44,0.9165,0,0,1,grocery,upi,0
447,35.0,134646.51,699.35,608,5,0,0.2895,8.91,0.706,0,0,9,grocery,wallet,0
448,72.0,167294.77,569.56,3804,7,0,0.2339,32.84,0.8944,0,0,23,electronics,card,1
449,47.0,35144.74,515.04,1452,5,0,0.054,13.44,0.6727,0,0,20,electronics,,0
450,34.0,73474.59,54.02,2716,4,0,0.0907,15.8,0.8797,0,1,4,gaming,upi,0
451,72.0,74789.09,183.11,1848,3,0,0.3811,4.56,0.9371,0,0,10,grocery,net_banking,0
452,70.0,68069.37,611.39,2354,7,2,0.1591,14.83,0.9122,0,0,10,travel,upi,0
453,46.0,68495.77,236.35,3620,4,1,0.0563,8.89,0.6449,0,0,3,electronics,net_banking,0
454,19.0,,313.35,1323,5,0,0.2646,6.88,0.923,1,0,22,grocery,net_banking,0
455,52.0,139142.24,44.93,3263,1,0,0.2365,0.59,0.9743,0,0,16,food,card,0
456,49.0,100855.6,1226.29,1190,5,0,0.065,2.67,0.7555,1,0,22,electronics,card,0
457,26.0,30699.57,81.58,1288,6,1,0.3588,0.17,0.9031,0,0,21,electronics,net_banking,0
458,54.0,85198.16,24.5,160,6,0,0.1666,1.19,0.968,0,0,11,travel,wallet,0
459,65.0,89849.72,126.7,1406,6,2,0.0922,21.15,0.5425,0,0,17,food,upi,0
460,24.0,65402.81,15.57,2357,2,0,0.2462,0.02,0.818,1,0,19,grocery,card,0
461,59.0,102474.77,60.81,2570,5,0,0.1394,0.1,0.9023,0,0,5,food,card,0
462,25.0,60993.9,2324.98,1737,5,0,0.5672,8.09,0.6632,1,0,13,electronics,upi,1
463,60.0,61411.09,123.09,1445,4,0,0.4961,2.45,0.7106,0,0,14,fashion,wallet,1
464,41.0,58792.57,43.17,920,8,0,0.3981,6.51,0.7966,0,0,10,grocery,card,1
465,18.0,18125.12,184.61,3619,0,2,0.0281,18.52,0.8206,0,1,10,electronics,card,0
466,73.0,52620.94,73.34,1555,3,1,0.052,8.6,0.6438,0,1,18,jewelry,card,0
467,27.0,38084.04,427.3,1244,6,0,0.2106,13.48,0.8527,0,0,4,food,wallet,0
468,51.0,28639.5,73.95,3765,5,0,0.2223,13.24,0.9678,0,0,22,travel,net_banking,0
469,28.0,121030.58,235.97,2558,3,0,0.3368,10.47,0.5917,0,0,17,,upi,0
470,71.0,72576.95,57.16,3398,3,0,0.0963,35.33,0.8809,0,0,18,food,card,0
471,60.0,54104.97,2421.12,1573,2,1,0.1137,2.66,0.9542,0,0,21,electronics,upi,0
6405,64.0,32105.92,393.71,2686,8,0,0.4031,4.14,0.7935,0,0,20,food,card,0
473,42.0,64730.11,155.63,2926,7,0,0.2059,1.58,0.7156,0,0,6,fashion,card,0
474,44.0,94880.96,134.29,3920,5,1,0.1862,3.34,0.6657,0,0,21,jewelry,upi,0
475,54.0,34900.53,103.48,3161,6,1,0.4348,4.87,0.5725,0,0,14,gaming,wallet,0
476,62.0,54854.14,84.1,1864,2,0,0.3532,2.12,0.6892,0,0,23,fashion,card,0
477,66.0,88656.54,81.82,2403,4,0,0.0744,2.7,0.376,0,0,10,travel,card,0
478,19.0,18963.81,964.19,1416,4,0,0.085,5.61,0.7531,0,0,18,grocery,card,0
479,55.0,53285.8,103.58,1841,7,0,0.0943,0.06,0.7949,0,0,0,travel,wallet,0
480,24.0,43433.15,21.4,1570,1,0,0.3315,3.7,0.6709,0,0,15,jewelry,card,0
481,34.0,51097.05,56.09,424,5,0,0.1549,34.1,0.6843,0,0,1,food,upi,0
482,65.0,41739.06,455.17,3502,6,1,0.2418,0.62,0.5411,0,0,9,,net_banking,1
483,32.0,59324.76,139.86,573,3,2,0.116,9.64,0.5845,0,0,7,fashion,upi,0
484,63.0,158432.42,157.41,1092,2,0,0.1654,0.36,0.6721,0,0,19,travel,upi,0
485,44.0,46024.59,579.85,1035,3,0,0.1764,13.29,0.7816,1,0,6,grocery,card,0
486,31.0,64571.57,82.75,911,4,0,0.1403,0.59,0.9046,0,1,18,fashion,upi,0
487,37.0,164752.4,338.79,2005,4,0,0.1926,0.56,0.6412,0,0,0,,wallet,0
488,48.0,40642.92,92.3,3843,2,0,0.2241,21.35,0.9268,0,0,19,grocery,card,0
489,61.0,149217.45,320.16,1333,5,0,0.1058,7.0,0.4583,0,1,21,electronics,card,1
490,52.0,55161.26,121.73,2945,8,0,0.2426,1.7,0.9661,0,0,7,grocery,upi,0
491,71.0,146551.38,141.37,2939,6,1,0.0566,2.07,0.9853,0,0,15,grocery,upi,0
492,67.0,83091.62,408.74,3062,6,0,0.1787,8.27,0.8456,0,0,22,gaming,card,0
493,60.0,65120.72,380.31,2501,7,1,0.0651,0.78,0.9022,0,0,14,gaming,card,0
494,52.0,53050.08,152.56,2968,7,0,0.346,3.81,0.8498,0,0,6,fashion,card,0
495,34.0,39021.41,112.32,3052,5,0,0.2223,25.63,0.9027,0,0,18,food,card,0
496,41.0,57341.15,890.79,2741,4,0,0.0989,5.21,0.7441,1,0,0,travel,card,0
497,24.0,90096.56,324.5,2247,3,0,0.2266,5.61,0.8769,0,1,13,travel,card,0
498,39.0,54604.81,121.73,392,5,0,0.2561,9.51,0.6284,0,1,14,fashion,card,0
499,70.0,46209.74,93.68,2047,1,0,0.1369,7.19,0.9176,0,0,17,grocery,wallet,0
500,42.0,47913.76,501.63,3022,3,0,0.346,7.87,0.7388,1,0,20,electronics,card,0
501,24.0,94935.27,202.02,1387,0,0,0.0214,9.81,0.84,0,1,2,electronics,card,0
502,55.0,107896.45,152.84,1018,1,1,0.2814,1.14,0.8007,0,1,6,grocery,net_banking,0
503,,38107.09,201.93,2389,3,1,0.1133,1.57,0.6336,1,0,1,food,upi,1
504,67.0,38076.98,252.33,555,5,1,0.2077,2.69,0.6845,0,0,2,gaming,upi,1
505,33.0,67760.58,170.08,2884,5,1,0.1989,15.73,0.8363,0,0,20,jewelry,card,0
506,43.0,127418.36,599.83,3932,1,0,0.1485,9.32,0.6297,0,0,1,fashion,upi,0
507,48.0,103299.02,634.16,1952,2,0,0.1742,1.4,0.7423,1,0,20,food,net_banking,0
508,32.0,27627.58,306.39,140,3,1,0.1153,4.68,0.8464,0,0,1,food,upi,0
509,33.0,47564.72,711.71,1107,3,0,0.2305,13.85,0.8864,0,0,17,,card,0
510,31.0,32966.81,181.54,155,4,0,0.0946,8.19,0.8026,0,0,20,food,upi,0
511,74.0,47474.91,358.99,1853,6,1,0.1828,0.39,0.8981,0,0,22,electronics,card,1
512,60.0,132921.49,491.48,1260,8,0,0.2275,22.72,0.8116,0,0,20,grocery,wallet,0
513,65.0,25151.13,498.7,3100,4,0,0.3159,1.71,0.9021,0,0,15,fashion,upi,0
514,64.0,22577.58,449.87,3381,4,1,0.1222,9.72,0.7904,0,0,8,food,card,0
515,72.0,,338.37,1756,3,0,0.2625,0.57,0.8574,0,0,15,fashion,upi,0
516,24.0,64415.48,1274.21,3912,1,2,0.1317,2.74,0.9309,0,0,7,gaming,net_banking,0
517,68.0,77381.55,104.93,1814,4,0,0.157,8.21,0.8768,0,0,0,fashion,upi,0
518,21.0,69960.43,154.12,500,1,0,0.0381,14.47,0.891,0,0,6,gaming,card,0
519,45.0,104999.98,145.25,3636,4,0,0.3101,7.05,0.8294,0,0,16,travel,upi,0
520,51.0,20855.88,124.57,1599,5,0,0.1138,3.78,0.869,0,0,17,jewelry,net_banking,0
521,38.0,105733.13,24.64,3545,2,0,0.1095,4.14,0.7592,0,0,19,electronics,card,0
522,26.0,46324.95,711.82,2945,2,0,0.0918,5.82,0.8933,0,0,19,grocery,card,0
523,,82241.09,64.52,3760,8,0,0.0409,18.5,0.889,0,0,15,jewelry,upi,0
524,65.0,26561.14,213.32,2592,4,0,0.1989,5.49,0.9021,0,0,6,,wallet,0
525,36.0,55150.14,43.43,2383,6,0,0.1617,0.95,0.9055,0,1,1,,card,0
526,35.0,62632.36,334.85,956,2,1,0.2562,9.37,0.8639,0,0,17,fashion,upi,0
527,70.0,103855.06,82.07,1138,4,1,0.4241,6.19,0.6362,0,0,16,electronics,upi,0
528,26.0,22998.83,57.8,1336,3,1,0.1358,3.47,0.8132,0,0,4,grocery,card,0
529,70.0,55938.18,218.61,1259,2,2,0.3413,21.2,0.9184,0,0,5,grocery,upi,0
530,,30278.98,89.32,2389,2,0,0.2038,11.77,0.8983,0,1,19,fashion,wallet,0
531,52.0,72628.4,101.37,3484,6,1,0.1168,4.47,0.6288,0,0,23,food,card,0
532,27.0,84335.45,213.74,170,4,0,0.1184,1.46,0.7324,0,0,15,grocery,wallet,0
533,26.0,111639.71,400.59,2485,3,0,0.3511,16.63,0.6492,0,0,2,grocery,card,0
534,34.0,40979.3,79.4,3040,3,0,0.2586,7.57,0.9488,0,0,8,food,card,0
535,50.0,91588.69,66.8,1789,5,0,0.0917,0.71,0.7151,1,0,15,food,card,0
536,26.0,116260.0,184.28,1123,5,1,0.2015,3.77,0.6534,0,0,13,fashion,card,0
537,43.0,22276.84,308.65,1746,5,0,0.2194,12.08,0.9056,0,0,17,electronics,card,0
538,24.0,77024.45,777.21,3318,2,0,0.0514,7.14,0.9923,0,1,12,grocery,card,0
539,48.0,93178.25,61.66,3660,3,1,0.079,10.54,0.7387,0,0,8,fashion,card,0
540,19.0,47704.88,130.97,2744,3,1,0.2809,18.25,0.9454,1,1,17,travel,upi,1
541,58.0,28258.88,583.32,1957,3,2,0.0731,2.42,0.6743,0,0,17,food,card,0
542,21.0,92384.47,1294.72,2592,3,0,0.0367,3.4,0.6727,0,0,7,gaming,card,0
543,29.0,28434.5,66.68,2717,4,0,0.092,7.89,0.614,0,1,13,electronics,net_banking,0
544,27.0,49861.04,85.98,3076,5,2,0.1109,12.73,0.8727,0,0,6,fashion,upi,0
545,65.0,53799.54,263.5,604,0,1,0.0203,2.76,0.7968,0,0,6,fashion,upi,0
546,21.0,81522.5,101.01,328,2,0,0.4926,8.05,0.8809,0,0,13,electronics,upi,0
547,42.0,38965.86,84.24,1402,3,0,0.1813,6.72,0.862,0,0,14,electronics,card,0
548,51.0,37743.46,229.85,1062,2,1,0.1234,6.9,0.8781,0,0,10,electronics,card,0
549,47.0,,847.57,2470,3,0,0.2978,7.08,0.7252,0,0,7,food,net_banking,0
550,56.0,95664.56,48.59,2101,5,1,0.3034,0.43,0.7841,0,0,8,food,,0
551,63.0,193529.64,805.36,3676,4,0,0.034,28.24,0.7233,0,1,18,jewelry,card,0
552,40.0,24003.95,101.31,3115,1,0,0.5235,5.21,0.7445,0,0,4,food,card,0
553,65.0,65416.29,254.36,616,3,1,0.1333,2.61,0.7247,0,0,2,grocery,card,0
554,36.0,30257.34,883.43,3400,3,0,0.1844,0.91,0.8689,0,0,13,grocery,card,0
555,74.0,96320.33,249.21,3089,8,2,0.1848,41.5,0.9367,0,0,8,fashion,card,1
556,46.0,32823.14,133.68,1546,6,1,0.1299,5.79,0.6417,0,0,4,grocery,card,0
557,59.0,,369.12,260,4,0,0.2126,1.68,0.7807,0,0,2,food,card,0
558,67.0,39774.83,151.38,3180,4,0,0.4859,13.37,0.8158,0,0,3,electronics,wallet,0
559,63.0,52742.62,303.17,796,6,1,0.2334,31.64,0.9675,0,0,3,food,upi,0
560,66.0,65699.54,146.68,904,5,0,0.2859,7.34,0.8768,0,0,0,jewelry,upi,0
561,48.0,71762.99,425.86,1897,4,0,0.0698,4.61,0.7978,1,0,5,grocery,upi,0
562,20.0,54825.81,44.64,357,5,0,0.3728,0.21,0.6589,0,0,2,gaming,net_banking,0
563,46.0,26466.85,65.33,1615,2,0,0.2242,27.32,0.9149,0,0,18,electronics,card,0
564,28.0,82073.53,43.99,1008,5,2,0.0667,2.78,0.6466,0,0,18,food,upi,1
565,68.0,53421.11,170.12,240,0,0,0.0654,10.99,0.7847,0,0,5,food,card,0
566,31.0,104197.41,38.99,3615,6,1,0.0193,0.44,0.8135,0,0,2,food,upi,0
567,,37265.83,90.12,1065,4,1,0.0764,9.92,0.8974,0,0,21,gaming,card,0
568,32.0,22784.54,59.47,2189,4,0,0.0241,7.45,0.9474,0,0,22,fashion,wallet,0
569,54.0,53980.28,790.47,3272,5,0,0.0203,6.92,0.8198,0,0,21,travel,card,0
570,50.0,112180.27,66.84,1940,4,0,0.0817,4.62,0.9044,0,0,2,gaming,card,0
571,72.0,60090.48,49.72,1192,4,1,0.1484,9.67,0.7919,0,1,17,food,card,0
572,41.0,49279.83,230.74,2981,8,0,0.1097,0.32,0.852,0,0,7,food,upi,0
573,34.0,34077.67,972.41,2777,5,0,0.1236,0.05,0.795,0,0,20,gaming,net_banking,0
574,20.0,144619.3,160.27,70,3,0,0.2806,16.66,0.7649,0,1,18,food,upi,0
8780,,50589.39,367.98,3383,7,1,0.2726,3.1,0.8252,0,0,11,food,card,0
576,39.0,36905.71,654.4,499,6,0,0.4518,0.49,0.9538,0,0,5,electronics,card,0
577,70.0,75252.72,433.19,2958,3,0,0.2113,6.08,0.6115,0,0,21,food,upi,0
578,47.0,19816.64,275.44,425,3,0,0.0616,5.6,0.9295,0,0,4,food,upi,0
579,68.0,110869.97,100.55,290,2,0,0.0766,10.15,0.9694,0,0,2,food,card,0
580,23.0,77528.02,283.98,513,6,0,0.4846,8.14,0.7616,1,1,12,food,,1
581,23.0,90189.25,46.16,2970,2,0,0.1919,0.48,0.7905,0,1,21,fashion,card,0
582,65.0,74761.09,96.47,1830,1,0,0.1283,4.32,0.6351,0,0,13,food,wallet,0
583,24.0,,753.27,2418,4,1,0.0858,2.7,0.536,0,0,1,travel,wallet,0
584,20.0,30649.04,661.79,1144,5,1,0.1811,29.81,0.7732,0,0,11,travel,net_banking,0
585,41.0,50921.83,278.79,506,3,0,0.0551,2.7,0.4588,0,0,19,food,upi,0
586,70.0,32167.39,26.14,3149,2,0,0.1544,5.5,0.8288,0,0,16,travel,card,0
587,57.0,71859.92,53.77,3335,3,0,0.1358,2.59,0.9749,0,0,1,,card,0
588,23.0,85717.94,91.24,3360,6,0,0.1106,1.02,0.9187,1,0,14,food,card,0
589,65.0,123912.78,151.6,287,1,0,0.1072,5.66,0.8588,0,0,19,food,wallet,0
590,66.0,67478.25,51.55,3702,3,0,0.3097,3.35,0.7414,0,0,14,gaming,net_banking,0
591,63.0,91455.24,140.7,2181,2,0,0.1425,7.45,0.9837,0,0,23,grocery,net_banking,0
592,69.0,46707.45,1053.9,808,1,1,0.0077,0.15,0.7637,1,0,9,food,card,0
593,31.0,42278.59,268.75,819,5,1,0.2132,17.42,0.8415,1,0,17,gaming,net_banking,1
594,,71368.22,224.03,2026,6,1,0.0979,6.55,0.8043,0,1,15,grocery,card,1
595,36.0,44468.15,65.07,2426,4,0,0.1741,3.82,0.7796,0,0,22,grocery,wallet,0
596,63.0,63776.54,34.95,223,6,2,0.3439,1.39,0.544,0,0,5,grocery,card,1
597,51.0,30682.04,52.71,1999,2,0,0.0265,2.68,0.6694,1,0,12,jewelry,card,0
598,62.0,33866.89,33.57,982,4,0,0.0511,3.45,0.9012,0,0,14,food,net_banking,0
599,53.0,78007.76,194.03,3673,8,0,0.0654,1.96,0.8913,0,0,3,grocery,card,0
600,54.0,89569.31,264.24,2471,4,0,0.1662,3.64,0.8565,0,0,23,,card,0
601,53.0,31983.57,68.56,1506,2,0,0.2292,4.92,0.7152,0,0,21,fashion,card,0
602,62.0,79532.92,208.7,1706,1,0,0.3035,4.76,0.8029,0,0,14,food,upi,0
603,60.0,41031.03,782.08,3353,1,0,0.3697,6.42,0.7911,0,0,20,travel,card,0
604,25.0,,1274.94,2772,3,0,0.0257,1.6,0.825,0,0,3,fashion,wallet,0
605,65.0,119899.35,388.92,1568,1,0,0.0807,10.95,,1,0,19,fashion,card,0
606,48.0,85751.29,151.13,3361,7,0,0.1001,2.1,0.7597,0,0,13,food,card,0
607,36.0,85205.23,376.55,2498,3,0,0.1545,13.17,0.8722,0,0,4,food,card,0
608,47.0,157144.83,695.59,266,5,0,0.3389,28.66,,0,0,22,gaming,card,1
609,73.0,37345.02,24.18,2533,3,0,0.2498,2.99,,0,0,19,,upi,0
610,66.0,31979.72,792.37,3756,3,0,0.1299,13.92,0.7272,0,0,8,grocery,card,0
611,65.0,36972.19,104.41,3457,2,0,0.37,8.72,0.9519,0,0,2,fashion,upi,0
612,44.0,47815.87,105.42,198,2,1,0.3505,9.45,0.8718,0,0,1,fashion,upi,0
613,62.0,15064.34,126.22,3531,5,1,0.2285,13.06,0.7919,0,1,15,electronics,card,0
614,,49069.99,247.9,3927,8,1,0.2033,4.52,0.9429,0,0,0,grocery,card,1
615,57.0,40764.81,59.25,675,3,0,0.0846,5.6,0.8421,0,1,12,grocery,upi,0
616,54.0,84639.5,135.39,2561,5,0,0.1951,14.76,0.5511,0,0,8,electronics,wallet,0
617,32.0,66763.99,304.37,3027,2,0,0.1817,2.14,0.6922,0,1,7,grocery,card,0
618,33.0,39525.66,223.97,201,5,1,0.186,12.33,0.9404,0,0,15,grocery,card,1
619,21.0,76082.0,263.43,3315,2,0,0.286,20.42,0.8618,0,0,7,grocery,card,0
620,25.0,81869.61,130.19,1592,3,0,0.1235,2.21,0.5793,0,0,5,jewelry,upi,0
621,42.0,36040.13,360.2,1218,3,0,0.1684,25.09,0.7437,0,1,21,gaming,net_banking,0
622,45.0,41937.06,517.69,1055,5,0,0.1087,16.75,0.6709,0,0,7,gaming,upi,0
623,27.0,16173.65,487.55,2037,5,0,0.1145,3.06,0.8401,0,0,12,electronics,upi,0
624,41.0,30188.78,276.05,3200,7,0,0.1098,3.92,0.6697,0,0,2,grocery,card,0
625,52.0,36560.74,460.29,3291,5,1,0.1157,1.8,0.8973,0,0,12,electronics,net_banking,0
626,31.0,57289.91,430.1,925,8,2,0.1176,8.25,0.7551,0,0,23,electronics,net_banking,0
627,37.0,32699.92,2616.16,3313,2,0,0.4659,3.49,0.8986,0,0,12,electronics,wallet,1
628,38.0,41468.52,608.52,3310,3,0,0.2004,0.38,0.5993,0,0,5,food,card,0
629,46.0,28033.53,164.71,273,5,1,0.1933,0.93,0.9899,1,0,18,gaming,wallet,1
630,38.0,60427.59,72.33,1269,2,0,0.5671,4.29,0.8664,0,0,21,electronics,card,0
631,60.0,69510.39,138.63,89,6,1,0.202,20.34,0.9252,0,1,23,travel,net_banking,1
632,36.0,68623.44,129.18,3956,9,1,0.2075,2.64,0.9066,0,0,17,electronics,card,0
633,42.0,55375.2,300.18,1905,6,0,0.1339,1.55,0.7317,0,1,15,grocery,upi,0
634,39.0,23564.54,89.36,1103,3,0,0.156,5.54,0.8654,0,0,21,travel,wallet,0
635,28.0,39109.24,592.96,3580,3,0,0.0193,3.33,0.8221,0,0,7,food,upi,0
636,57.0,43961.51,44.85,2749,4,1,0.0558,5.94,0.6771,0,0,3,gaming,wallet,0
637,31.0,44058.61,35.18,3762,5,0,0.0864,10.72,0.8522,0,0,2,fashion,net_banking,0
638,34.0,57315.6,157.25,3206,0,0,0.4842,3.33,0.7429,0,0,14,grocery,net_banking,0
639,63.0,120467.61,77.51,3822,3,1,0.1807,5.61,0.9695,0,1,11,gaming,,0
640,72.0,,51.15,889,3,0,0.0459,10.62,0.6074,0,1,9,food,wallet,0
641,56.0,31950.84,95.19,840,7,0,0.124,8.66,0.8663,0,0,14,grocery,card,0
642,70.0,79874.35,84.05,330,2,0,0.079,0.1,0.8044,0,0,4,grocery,upi,0
643,66.0,78217.98,181.83,1391,3,0,0.1361,17.05,0.5778,0,0,7,jewelry,card,0
644,45.0,,96.78,2218,4,0,0.178,1.43,0.7586,0,0,18,travel,card,0
645,61.0,87725.22,104.99,2273,6,0,0.1378,14.29,0.8732,0,1,14,food,card,0
646,36.0,50356.42,179.13,2718,2,0,0.2969,9.05,0.8297,0,0,13,fashion,card,0
647,44.0,25326.69,496.31,2940,6,0,0.0334,11.56,0.8518,0,0,15,grocery,wallet,0
648,48.0,70646.93,783.45,3274,2,0,0.1376,2.5,0.5172,0,1,14,electronics,upi,0
649,72.0,61970.73,208.66,2094,9,0,0.1431,2.09,,0,0,17,fashion,upi,0
650,66.0,,225.54,1112,3,1,0.1571,27.0,0.6672,0,0,8,electronics,net_banking,0
651,45.0,53878.63,149.87,1773,6,0,0.3977,3.04,0.4964,0,1,14,jewelry,upi,0
652,55.0,37033.99,291.26,3492,3,0,0.1322,2.55,0.816,1,0,12,food,,1
653,29.0,76930.7,265.91,3269,3,1,0.2297,4.4,,0,0,12,gaming,card,0
654,63.0,53701.2,677.77,3665,9,1,0.397,2.89,0.9818,1,0,7,food,card,1
655,49.0,60272.75,27.23,2174,6,0,0.0552,7.34,0.9308,0,0,0,electronics,upi,0
656,48.0,66937.63,142.37,3123,4,0,0.19,12.41,0.8763,0,0,20,food,upi,0
657,61.0,,252.69,1670,4,0,0.1101,22.07,0.8262,0,0,8,electronics,upi,0
658,54.0,33631.98,175.33,60,1,0,0.1702,17.8,0.9649,0,1,17,fashion,card,0
659,,16311.39,70.37,2982,8,1,0.4573,24.91,0.6986,1,0,0,fashion,upi,1
660,34.0,75034.01,49.09,376,8,2,0.6073,7.32,0.7865,0,1,13,gaming,card,1
661,28.0,28236.56,403.14,2551,6,1,0.1078,3.86,0.6785,1,0,18,gaming,upi,0
662,59.0,59160.05,84.44,3991,2,1,0.2675,2.31,0.9212,0,0,4,fashion,upi,0
663,20.0,67449.33,31.13,131,6,0,0.092,2.17,0.9688,0,0,10,grocery,card,0
664,29.0,76602.31,423.91,2943,4,0,0.2805,6.41,0.8947,0,0,21,food,upi,0
665,52.0,28364.09,284.84,3476,4,0,0.0569,1.57,0.9794,0,0,16,grocery,card,0
666,57.0,53063.76,160.31,2518,5,1,0.1624,0.35,0.6848,0,0,19,electronics,card,0
667,46.0,137825.37,72.13,2769,4,1,0.0943,0.16,0.784,0,0,16,electronics,upi,0
668,67.0,141204.09,160.7,3608,5,0,0.159,11.7,0.8712,0,1,13,jewelry,card,0
669,,94666.57,607.01,3115,3,0,0.1791,3.09,0.8472,0,0,11,jewelry,upi,0
670,25.0,,35.81,187,4,0,0.0192,0.67,0.6566,0,0,5,grocery,net_banking,0
671,72.0,31643.24,37.67,3103,10,0,0.2865,4.44,0.8606,0,0,12,gaming,upi,0
672,53.0,81660.88,96.08,3036,4,0,0.3284,25.75,0.7034,0,0,1,gaming,upi,0
673,54.0,50421.69,175.27,935,3,0,0.2918,0.69,0.8283,0,0,6,fashion,card,0
674,23.0,74860.3,109.58,2629,2,0,0.073,20.83,0.6559,0,0,11,electronics,card,0
675,53.0,38832.96,342.33,3372,1,0,0.2108,21.19,0.6276,0,0,13,grocery,card,0
676,59.0,50009.85,534.75,3397,3,0,0.2165,5.67,0.7047,1,0,2,fashion,upi,0
677,51.0,60196.5,237.87,3487,5,0,0.154,10.02,0.7446,0,0,13,food,card,0
678,22.0,62978.04,315.26,3118,3,0,0.5489,0.47,0.8495,0,1,9,fashion,card,1
679,47.0,,236.29,514,2,0,0.3051,2.01,0.5429,0,0,17,food,card,0
680,71.0,39995.86,181.72,1955,3,1,0.167,8.36,0.6459,0,0,22,electronics,card,0
681,59.0,26272.6,49.37,955,2,0,0.1529,4.29,0.945,0,0,11,fashion,upi,0
682,25.0,134419.43,64.39,311,3,1,0.0679,0.01,0.7754,0,0,10,,upi,0
683,72.0,216247.37,46.62,1075,4,1,0.302,0.96,0.8379,0,0,15,grocery,net_banking,1
684,72.0,70345.2,155.16,3640,2,1,0.1688,9.15,0.7887,0,0,16,grocery,wallet,0
685,27.0,26552.86,227.06,2404,2,1,0.1165,3.12,0.8996,0,0,21,fashion,net_banking,0
686,63.0,35948.09,42.25,3061,4,1,0.2668,1.53,0.9515,0,0,3,electronics,wallet,0
687,,72773.21,193.55,2026,6,0,0.2329,7.37,0.9105,0,0,12,gaming,wallet,0
688,51.0,115001.68,75.02,1444,1,0,0.2915,13.18,0.8203,1,0,14,food,card,0
689,43.0,28225.99,61.79,1946,4,0,0.1944,2.9,0.7441,0,1,11,food,net_banking,0
690,62.0,51364.65,96.31,3936,3,0,0.1739,23.81,0.8028,0,0,5,food,net_banking,0
691,74.0,61258.08,58.7,1169,2,0,0.0202,1.28,0.9452,0,0,10,,card,0
692,63.0,88486.62,330.17,1265,2,0,0.1765,10.19,0.876,0,0,20,electronics,upi,0
693,71.0,45529.14,152.16,3393,3,1,0.3858,16.28,0.897,0,0,2,travel,card,0
694,71.0,23271.63,406.74,1501,8,1,0.0909,11.96,0.6797,0,0,10,grocery,card,1
695,23.0,77400.39,115.52,3618,4,1,0.3771,8.07,0.6994,0,1,12,travel,upi,0
696,32.0,102101.86,119.97,3899,3,0,0.1067,23.2,0.8291,0,0,7,jewelry,wallet,0
697,59.0,52557.5,1171.85,292,4,0,0.2839,22.22,0.7911,0,1,23,food,upi,1
698,51.0,68732.02,35.51,2682,3,0,0.1366,0.48,0.8114,0,0,22,electronics,card,0
699,20.0,42366.71,650.3,403,6,0,0.0338,22.3,0.8164,0,0,12,fashion,wallet,0
700,23.0,34541.38,941.51,3520,5,0,0.1113,5.69,0.8423,0,0,7,gaming,wallet,0
701,47.0,96724.56,387.14,487,5,0,0.2512,3.53,0.8464,0,0,17,food,upi,0
702,53.0,68064.51,129.35,3554,3,0,0.345,1.48,0.5888,1,1,22,jewelry,card,0
703,27.0,,749.84,3084,5,0,0.2806,2.15,0.8855,0,0,9,jewelry,card,1
704,27.0,125649.53,130.48,2159,5,0,0.1065,2.9,0.8319,0,0,4,food,card,0
705,25.0,30789.38,88.87,855,7,3,0.0773,16.03,0.5342,0,0,14,grocery,card,1
706,50.0,40598.0,122.08,1089,6,0,0.3607,7.21,0.7453,1,0,1,grocery,card,1
707,18.0,59991.12,101.77,1741,4,1,0.3475,4.34,0.6672,0,1,7,grocery,upi,0
708,50.0,40324.57,69.85,3394,6,1,0.1437,15.6,0.9066,0,0,22,jewelry,card,0
709,45.0,,546.19,3593,6,1,0.2817,5.24,0.7394,0,0,9,gaming,card,0
710,44.0,49613.53,83.06,2022,3,0,0.0881,5.03,0.8457,0,0,19,food,upi,0
711,56.0,31862.83,174.74,954,2,0,0.3606,1.68,0.6804,0,0,18,travel,card,0
712,47.0,57026.02,42.49,2270,3,1,0.2641,8.7,0.8132,1,0,9,electronics,net_banking,0
713,59.0,60401.84,185.63,3331,6,1,0.2577,0.27,0.6335,0,0,21,travel,card,0
714,61.0,91965.02,56.66,2179,4,0,0.3633,5.47,0.6832,0,0,4,jewelry,upi,0
715,70.0,68276.16,55.28,3565,2,0,0.1729,2.15,0.6604,0,1,20,grocery,card,0
716,63.0,70878.26,161.37,68,3,0,0.1006,14.39,0.9154,0,0,7,electronics,upi,0
717,47.0,65594.62,517.98,2022,3,2,0.0265,11.63,0.6609,0,0,23,fashion,card,1
718,46.0,49591.07,279.6,212,5,0,0.3181,0.35,0.7795,0,0,21,travel,net_banking,0
719,31.0,37092.42,299.49,2458,2,0,0.2627,5.52,0.827,0,0,16,gaming,card,0
720,52.0,64469.63,158.07,2477,4,0,0.3536,22.21,0.677,0,0,19,fashion,net_banking,0
721,25.0,45792.24,128.68,1269,4,0,0.1026,4.96,0.7601,1,0,15,,card,0
722,71.0,139314.73,397.06,3183,3,0,0.1562,6.23,0.8998,0,0,7,grocery,card,0
723,66.0,115069.17,102.49,3806,1,2,0.2588,0.84,0.8071,0,1,10,electronics,card,0
724,24.0,77897.57,414.63,1844,6,0,0.1101,20.63,0.8775,0,1,7,grocery,wallet,0
725,62.0,67727.34,619.49,1756,5,0,0.232,6.75,0.9071,0,0,16,grocery,card,0
726,24.0,52402.57,77.6,785,3,1,0.0454,1.22,0.8929,0,1,9,electronics,wallet,0
727,59.0,27487.05,89.88,141,1,0,0.3568,1.23,0.9395,0,0,15,electronics,net_banking,0
728,22.0,48834.57,104.3,1644,6,0,0.0299,10.16,0.7346,1,1,7,grocery,wallet,0
729,45.0,58154.5,41.51,1782,3,1,0.2578,1.04,0.9016,0,1,16,fashion,upi,0
7825,64.0,62887.17,659.08,3843,5,0,0.2079,29.51,0.9121,0,0,9,grocery,upi,0
731,59.0,71206.08,661.43,3452,2,1,0.3336,22.19,0.8482,0,0,0,fashion,card,0
732,41.0,91292.15,63.27,461,4,1,0.4433,1.75,0.9261,0,1,17,electronics,upi,0
733,70.0,37586.63,677.33,635,2,0,0.1399,18.45,0.8101,0,1,21,gaming,upi,0
734,62.0,37774.78,116.69,2253,3,1,0.0085,3.72,,0,0,21,food,net_banking,0
735,29.0,122156.66,1490.69,1520,3,0,0.1147,4.49,0.8994,0,0,15,food,card,0
736,,84046.74,91.03,2817,0,0,0.1522,10.09,0.7677,0,1,9,fashion,card,0
737,59.0,44363.15,155.86,1310,3,0,0.4173,2.3,0.7901,0,0,2,grocery,net_banking,0
738,37.0,51850.63,72.44,1680,4,0,0.2345,14.99,0.9229,0,1,19,fashion,card,1
739,60.0,51979.04,90.49,1793,2,0,0.1362,3.56,0.9098,0,0,1,grocery,wallet,0
740,69.0,55963.46,686.18,2417,6,0,0.0879,0.17,0.7892,0,0,1,travel,net_banking,1
741,64.0,71329.42,289.31,306,2,0,0.2873,0.61,0.7314,0,1,20,gaming,net_banking,0
742,61.0,221756.34,503.6,3537,7,0,0.2961,2.35,0.9377,1,1,20,electronics,card,1
743,54.0,61050.37,48.3,1375,4,0,0.2308,1.58,0.9224,0,0,14,electronics,net_banking,0
744,33.0,79183.04,346.47,874,8,0,0.1048,3.75,0.7095,0,0,0,grocery,upi,0
745,63.0,21753.42,68.14,2572,5,0,0.0684,0.8,0.839,0,0,11,electronics,card,0
746,38.0,42124.87,47.26,566,3,1,0.3108,12.08,0.4653,0,0,23,electronics,card,0
747,48.0,108113.48,228.54,2372,3,0,0.3084,2.05,0.8596,0,0,5,food,card,0
748,35.0,68621.55,226.22,271,7,0,0.0703,1.19,0.5957,0,0,23,grocery,card,0
749,35.0,15000.0,189.86,1077,5,0,0.128,3.94,0.7707,1,0,22,grocery,card,0
750,26.0,79682.18,368.9,2913,5,0,0.452,4.78,0.6938,0,0,4,grocery,upi,1
751,72.0,157957.12,431.18,1506,2,0,0.1616,4.33,0.7912,0,0,17,travel,upi,0
752,26.0,18349.16,782.65,3605,4,0,0.0452,12.91,0.8606,0,1,9,fashion,card,0
753,22.0,126848.87,54.74,1442,4,1,0.3002,2.09,0.7788,0,0,16,fashion,card,0
754,71.0,15000.0,808.33,2770,1,0,0.0454,0.99,0.7087,0,0,6,grocery,upi,0
755,49.0,92132.95,1182.36,148,5,0,0.0332,1.56,0.7724,0,0,18,,card,1
756,42.0,54739.0,124.8,3906,5,0,0.1848,7.75,0.6391,0,0,9,food,upi,0
757,60.0,15102.33,33.94,2474,3,0,0.3914,3.0,0.9468,0,0,20,food,net_banking,0
758,39.0,70295.58,45.13,2841,6,0,0.1766,15.72,0.7422,1,0,20,grocery,net_banking,0
759,25.0,103574.9,113.42,1321,4,1,0.3196,1.7,0.7761,0,0,1,food,wallet,0
760,59.0,67186.41,1348.97,1175,5,0,0.1319,17.82,0.7605,0,0,17,fashion,upi,0
761,28.0,75867.5,183.1,1763,3,0,0.0424,0.77,0.9105,0,0,11,food,,0
762,49.0,43855.99,97.1,1044,2,0,0.4218,19.88,0.6799,0,0,15,travel,card,0
763,72.0,19758.2,90.7,112,1,1,0.384,5.95,0.8635,0,0,21,travel,card,0
764,71.0,80467.9,47.95,2676,2,0,0.1664,0.96,,1,0,16,food,wallet,0
765,38.0,143983.37,431.61,2875,8,0,0.1223,4.18,0.3987,0,0,17,electronics,upi,0
766,62.0,102370.92,164.17,2712,7,0,0.1814,8.6,0.6735,0,0,7,gaming,wallet,0
767,52.0,18430.4,1469.66,2228,6,0,0.1597,25.1,0.8349,0,0,14,fashion,wallet,0
768,45.0,23906.28,337.37,2109,5,0,0.1625,12.76,0.8869,0,1,15,grocery,wallet,0
769,25.0,34537.68,412.77,3942,3,0,0.1465,3.26,0.6733,0,0,3,food,wallet,0
770,39.0,22901.37,141.3,2121,1,1,0.1168,0.29,0.6998,1,0,2,gaming,card,0
771,55.0,56353.12,60.46,2832,4,0,0.3316,5.33,0.8118,0,0,21,food,card,0
772,74.0,68286.49,75.14,1684,0,0,0.1396,4.9,0.881,0,0,22,travel,net_banking,0
773,18.0,25045.49,45.77,161,6,0,0.1121,6.98,0.6337,0,0,21,jewelry,,0
774,58.0,84331.36,447.35,1419,3,0,0.2891,10.9,0.8474,0,0,10,food,card,0
775,66.0,76549.71,122.49,2893,3,1,0.0562,7.7,0.6465,0,0,20,travel,net_banking,0
776,72.0,40684.44,466.59,2547,2,1,0.2529,2.31,0.8062,0,0,16,fashion,upi,0
777,42.0,50021.16,206.21,2783,4,0,0.155,1.88,0.9353,1,0,3,fashion,upi,0
778,24.0,18820.42,134.31,2997,10,0,0.5474,6.44,0.9,0,0,2,travel,net_banking,0
779,33.0,45813.97,55.89,896,4,0,0.0074,0.53,0.7051,0,0,15,travel,card,0
780,66.0,55223.85,243.37,3259,2,0,0.3196,6.22,0.8792,0,0,13,gaming,card,0
781,68.0,60349.0,144.65,2866,2,0,0.243,5.97,0.6526,0,1,19,grocery,wallet,0
782,54.0,67742.62,443.7,1252,4,1,0.1833,6.3,0.8571,0,0,17,jewelry,upi,0
783,24.0,62907.55,88.02,2029,6,1,0.2352,8.04,0.6769,0,0,14,electronics,wallet,0
784,24.0,47557.72,333.31,3435,7,1,0.1445,7.0,0.8664,0,1,16,jewelry,wallet,0
785,45.0,64375.97,928.72,693,6,1,0.3624,1.44,0.6393,1,0,5,grocery,net_banking,1
786,51.0,95435.51,236.4,1231,5,0,0.1048,1.41,0.6156,0,1,20,grocery,upi,1
787,19.0,52185.74,394.75,792,1,0,0.2096,9.35,0.6471,0,0,0,electronics,upi,0
788,57.0,65497.4,318.89,1240,2,0,0.1858,9.19,0.8457,0,0,17,gaming,card,0
789,49.0,49647.06,1201.17,842,3,0,0.5472,18.32,0.7366,0,0,2,electronics,card,0
790,18.0,38536.88,261.0,3229,4,0,0.395,1.57,0.9532,0,0,0,food,upi,0
791,23.0,73326.13,362.46,3965,5,0,0.3235,0.62,0.8039,0,0,12,electronics,card,0
792,43.0,40526.61,173.59,3878,3,0,0.4459,4.04,0.8082,0,0,15,food,card,1
793,59.0,68014.03,82.98,1451,7,1,0.0152,6.2,0.7637,0,0,3,gaming,card,1
794,65.0,,53.77,3730,6,1,0.1048,17.2,,1,0,19,grocery,card,0
795,42.0,46533.34,638.98,354,4,1,0.095,2.79,0.8664,0,0,4,gaming,card,0
796,34.0,45917.88,65.67,470,4,0,0.172,1.38,0.9429,0,0,13,fashion,net_banking,0
797,73.0,41590.29,379.49,1322,5,0,0.2683,11.52,0.9595,0,0,13,travel,card,0
798,44.0,22245.56,272.86,1175,4,0,0.4448,15.76,0.5982,0,0,15,grocery,card,0
799,35.0,67892.49,450.67,3672,4,1,0.0531,3.14,0.8072,0,0,20,fashion,card,0
800,43.0,62469.84,107.58,3046,6,0,0.0722,8.29,0.8627,0,1,18,grocery,card,1
801,18.0,87764.04,81.63,3020,2,0,0.1264,6.21,0.7928,0,0,1,food,upi,0
802,35.0,41059.9,262.78,3230,2,1,0.2118,10.03,0.9342,0,0,18,food,card,0
803,47.0,155990.36,134.37,2909,2,0,0.1471,22.97,0.5868,0,0,6,grocery,card,0
804,70.0,44633.22,52.56,2031,7,0,0.0146,27.58,0.9065,0,0,23,food,upi,0
805,60.0,33988.52,1250.73,263,4,1,0.2751,1.58,0.9412,0,0,10,grocery,card,1
806,62.0,31842.65,81.58,93,2,1,0.0505,5.18,0.9355,0,0,16,gaming,card,0
807,49.0,21193.1,66.64,3903,6,1,0.0737,1.1,0.8332,0,1,5,grocery,wallet,0
808,24.0,127775.97,141.29,2022,3,1,0.0389,7.01,0.8209,0,0,8,grocery,upi,0
809,40.0,116911.85,630.06,3813,4,1,0.4189,9.9,0.9022,0,0,11,electronics,card,0
810,74.0,76534.61,20.62,153,5,0,0.2532,4.39,0.8598,1,0,0,gaming,wallet,0
811,20.0,33598.6,579.89,2554,1,1,0.1521,8.61,0.866,0,0,7,grocery,card,0
812,68.0,148938.04,72.35,1147,3,0,0.3045,8.14,0.5873,0,0,9,gaming,card,0
813,57.0,45326.31,234.51,1476,5,0,0.242,6.67,0.9138,0,0,19,grocery,card,0
814,34.0,47435.41,91.56,2637,5,0,0.2751,19.56,0.7659,0,0,13,food,upi,0
815,62.0,121246.5,1319.32,1996,4,0,0.1705,21.48,0.8399,0,0,13,jewelry,upi,0
816,65.0,,203.89,564,5,0,0.2462,4.09,0.937,0,0,10,fashion,upi,0
817,20.0,184553.6,88.67,3998,6,0,0.4084,3.21,0.776,0,1,19,grocery,upi,0
818,24.0,63062.76,133.2,2858,6,1,0.0879,0.51,0.7535,0,0,16,electronics,upi,0
819,55.0,44210.67,196.88,1461,0,1,0.2038,25.12,0.6212,0,0,7,travel,upi,0
820,74.0,39284.91,215.0,2496,8,1,0.0842,11.04,0.7901,0,0,5,jewelry,wallet,0
821,19.0,19915.24,279.14,631,3,0,0.052,15.91,0.596,0,0,21,electronics,upi,0
822,55.0,47186.39,179.75,1735,2,0,0.2379,0.98,0.822,0,1,17,grocery,net_banking,0
823,25.0,103219.68,45.41,1716,0,0,0.1458,0.37,0.777,1,0,12,fashion,net_banking,0
824,55.0,,128.08,1507,5,0,0.2596,0.89,0.8324,0,0,12,food,card,0
825,53.0,55617.76,330.17,1950,5,0,0.159,6.08,,0,0,20,grocery,card,0
826,23.0,31820.77,92.12,3661,2,0,0.0567,6.86,0.8735,0,0,17,grocery,upi,0
827,56.0,62309.47,352.74,57,4,0,0.3787,8.61,0.53,0,0,6,grocery,upi,0
828,69.0,96003.12,185.8,2226,4,1,0.0842,7.63,0.8199,0,1,20,electronics,card,0
829,67.0,69701.98,144.78,3764,5,1,0.1501,30.1,0.3575,0,0,14,food,upi,1
830,19.0,60282.24,594.13,3558,5,0,0.3721,17.95,0.8703,0,0,0,food,wallet,0
831,32.0,35481.32,31.65,3593,3,0,0.1558,3.62,0.9365,0,0,7,electronics,upi,0
832,31.0,88613.41,91.62,1667,3,1,0.2414,11.27,0.6865,0,0,21,electronics,,0
833,43.0,15000.0,617.32,2281,1,0,0.229,16.2,0.6475,1,0,1,jewelry,upi,0
834,,67890.65,1122.15,2390,2,0,0.1193,0.28,0.8917,0,0,19,food,upi,0
835,66.0,,1770.38,3355,1,0,0.2903,10.05,0.8173,0,0,11,travel,upi,0
836,,23992.18,189.3,3819,4,2,0.2658,6.66,0.9627,0,1,10,grocery,upi,1
837,64.0,48162.47,284.53,1041,3,0,0.2204,9.37,0.819,0,1,0,electronics,upi,0
838,29.0,54761.21,407.64,522,0,0,0.2687,5.94,0.779,0,0,21,jewelry,card,0
839,18.0,42645.11,644.21,1082,4,0,0.0372,4.78,0.7262,0,1,11,food,card,0
840,69.0,97255.26,246.18,1073,5,1,0.0775,2.79,0.9507,0,0,3,grocery,upi,0
841,34.0,71320.32,454.46,1222,5,0,0.1346,4.51,0.9759,1,0,18,gaming,upi,0
842,55.0,,285.07,3669,2,0,0.2751,7.89,0.9378,0,0,17,travel,net_banking,0
843,69.0,85270.89,303.44,885,5,0,0.2651,15.78,0.8976,0,0,18,fashion,upi,0
844,20.0,55509.05,71.85,1705,5,0,0.4652,8.3,0.8478,0,0,10,electronics,card,0
845,18.0,250000.0,129.51,1449,2,0,0.1156,11.5,0.7718,0,0,17,gaming,wallet,0
846,18.0,59774.19,106.72,1109,3,0,0.1791,11.52,0.9224,0,0,8,jewelry,net_banking,1
847,26.0,61236.19,54.82,809,6,1,0.1116,1.52,0.8998,0,0,10,gaming,card,0
8036,43.0,76837.71,42.27,3859,3,0,0.2253,7.92,0.7411,0,0,20,grocery,card,0
849,64.0,40789.94,117.84,2516,5,0,0.1144,1.3,0.7137,0,0,23,food,upi,0
850,52.0,103377.87,138.25,435,3,0,0.1966,5.16,0.7175,0,0,10,fashion,card,0
851,73.0,26385.96,199.94,2630,3,1,0.1822,10.9,0.8067,0,0,18,food,,0
852,63.0,16788.21,313.78,2457,4,0,0.0163,5.05,0.8532,0,0,12,grocery,net_banking,0
853,72.0,55986.28,217.26,1456,5,0,0.052,6.87,0.791,0,0,3,fashion,upi,0
854,31.0,116891.09,139.22,3158,5,0,0.4331,15.97,0.7226,0,0,14,electronics,upi,0
855,34.0,56297.09,72.08,3215,3,0,0.1676,10.1,0.9013,0,0,21,travel,card,0
856,66.0,45716.75,432.69,3153,2,1,0.4752,0.4,0.884,0,1,19,grocery,net_banking,0
857,31.0,19789.76,162.57,2567,7,1,0.2673,0.19,0.8763,0,0,22,grocery,upi,0
858,21.0,70532.45,116.65,1784,5,0,0.2383,3.55,0.7733,0,0,20,grocery,upi,0
859,56.0,79125.44,149.38,851,4,0,0.2364,7.62,0.7957,0,0,7,electronics,card,0
860,63.0,20643.08,86.51,204,2,0,0.364,6.81,0.5421,0,1,2,jewelry,net_banking,0
861,73.0,102650.09,105.88,3675,3,1,0.1853,2.47,0.6081,0,0,16,fashion,card,0
862,70.0,83802.74,102.57,3368,6,0,0.2036,15.64,0.9291,0,1,6,travel,card,0
863,24.0,102525.03,135.05,828,7,1,0.4077,12.85,0.93,0,0,8,grocery,card,0
864,62.0,75813.17,346.79,3216,5,0,0.1943,1.2,0.9527,0,0,8,travel,card,0
865,66.0,78795.72,270.45,219,3,0,0.3837,15.21,0.7283,0,0,2,travel,net_banking,0
866,57.0,,845.3,972,3,0,0.0456,14.44,0.8821,0,0,20,travel,card,0
867,64.0,,604.67,626,1,1,0.1524,0.95,0.893,0,0,11,gaming,upi,0
868,65.0,20226.96,1273.31,1381,7,1,0.3094,34.09,0.9544,0,0,2,fashion,card,1
869,43.0,24088.88,314.86,1299,7,0,0.084,5.67,0.6324,1,0,1,grocery,wallet,0
870,20.0,36690.9,309.84,2064,8,1,0.0942,16.23,0.8054,1,0,13,food,card,0
871,44.0,51209.86,110.56,1851,6,0,0.2696,5.21,0.856,0,1,22,gaming,wallet,0
872,29.0,68088.51,411.16,483,5,0,0.1917,4.31,0.7098,0,1,12,fashion,card,0
873,,65753.18,93.4,625,7,0,0.2149,0.1,,0,0,2,grocery,upi,0
874,25.0,101670.93,41.37,3287,1,0,0.1886,20.81,0.6624,0,0,21,grocery,card,0
875,57.0,103441.43,828.22,2206,3,1,0.0887,0.93,0.9377,0,0,8,food,net_banking,0
876,46.0,34039.49,51.61,3690,2,0,0.0248,5.43,0.9315,1,0,12,grocery,upi,0
877,48.0,62711.83,279.17,548,4,0,0.3605,1.69,0.8397,0,0,13,jewelry,wallet,0
878,60.0,34502.29,74.64,1253,4,0,0.1129,3.17,0.9818,0,0,9,gaming,card,0
879,49.0,49590.4,555.36,656,2,0,0.1308,11.18,0.6668,0,0,15,food,card,0
880,53.0,65648.74,636.45,3698,1,1,0.1851,1.28,0.8973,0,0,17,electronics,card,0
881,22.0,15000.0,305.56,660,4,1,0.3102,4.63,0.7398,0,1,3,travel,upi,1
882,66.0,207165.38,625.98,3209,4,0,0.0102,7.92,0.8297,0,0,17,grocery,,0
883,43.0,75102.81,181.33,793,6,1,0.2891,22.41,0.6382,0,0,19,travel,upi,0
884,26.0,39634.36,1680.98,2919,5,0,0.277,4.21,0.6957,0,0,14,electronics,card,0
885,64.0,158758.88,379.6,1837,2,0,0.0472,10.37,0.8709,0,1,4,gaming,upi,0
886,59.0,45433.33,73.14,3877,2,1,0.0525,1.45,0.5718,0,0,20,electronics,card,0
887,21.0,59158.42,192.98,307,2,0,0.3334,3.44,,1,0,6,grocery,,0
888,29.0,42073.56,154.54,1318,6,1,0.2356,1.73,0.8556,0,0,0,electronics,wallet,0
889,18.0,136445.97,140.12,2900,4,0,0.0326,1.94,0.9062,1,0,2,food,upi,0
890,33.0,51914.16,34.32,3665,5,1,0.0595,14.12,0.7482,0,0,16,jewelry,card,0
891,23.0,59712.98,265.02,2170,6,0,0.1866,25.76,0.8787,0,0,12,travel,upi,0
892,58.0,106635.17,45.02,420,3,0,0.3189,1.39,0.8367,1,0,16,electronics,card,0
893,47.0,75880.51,14.4,2528,5,0,0.1418,0.35,0.9528,1,1,14,food,wallet,0
894,73.0,53380.3,127.61,1927,2,1,0.3554,8.34,0.8576,0,1,11,gaming,upi,0
7526,23.0,58486.64,111.42,3246,3,0,0.1539,1.44,0.7504,0,0,8,grocery,wallet,0
896,52.0,222182.47,76.05,2221,2,0,0.3068,10.46,0.8412,0,0,9,fashion,net_banking,0
897,47.0,65490.75,8.08,3594,3,1,0.0592,5.32,0.5781,0,1,4,food,card,1
898,21.0,58647.87,76.87,517,3,0,0.1443,9.15,0.8479,0,0,10,grocery,card,0
899,22.0,60411.42,151.31,2506,3,0,0.0338,2.78,0.5868,0,0,9,food,,0
900,53.0,113077.05,95.47,2957,4,0,0.4382,0.66,0.8167,1,0,17,grocery,card,0
901,18.0,39558.26,265.15,1641,3,0,0.1648,10.36,0.6884,0,0,4,grocery,upi,0
902,20.0,47193.61,724.6,1916,6,0,0.3315,5.38,0.8078,1,0,23,fashion,card,0
903,30.0,23611.63,301.67,2790,6,0,0.1079,6.57,0.7503,0,0,2,travel,card,0
904,68.0,28680.17,502.38,1838,2,0,0.293,2.45,0.9215,0,0,9,fashion,card,0
905,44.0,41369.47,545.71,1588,4,1,0.1347,0.11,0.6859,0,0,10,grocery,wallet,0
906,58.0,53333.67,64.98,2338,3,2,0.1271,2.52,0.5971,0,0,7,electronics,card,1
907,41.0,145522.25,279.24,3220,5,0,0.0976,12.88,0.8138,0,1,22,grocery,upi,0
908,27.0,,486.93,564,4,1,0.3155,10.51,0.8249,0,0,11,food,net_banking,0
909,39.0,,116.4,3499,7,0,0.311,11.11,0.892,0,0,22,grocery,wallet,1
910,23.0,36853.25,81.64,824,5,0,0.1897,3.38,0.8138,0,1,15,electronics,upi,0
911,61.0,117148.8,305.93,418,6,0,0.1243,9.07,0.8362,0,0,4,gaming,upi,0
912,28.0,102203.8,40.91,747,2,1,0.2592,7.79,0.8223,0,0,10,fashion,card,0
913,39.0,55858.16,60.64,334,5,0,0.2472,5.29,0.8745,0,0,12,grocery,upi,0
914,73.0,43118.13,92.41,3809,2,0,0.2315,2.86,0.8485,0,0,0,gaming,net_banking,0
915,51.0,102109.55,282.44,1188,5,0,0.2243,12.73,0.9821,0,0,15,food,card,0
916,44.0,31848.91,224.05,3099,1,0,0.3738,1.94,0.7315,0,0,21,,wallet,0
917,48.0,68234.47,505.39,754,3,1,0.4782,0.01,0.9155,0,0,9,grocery,upi,0
918,62.0,191961.65,71.6,2130,8,0,0.0349,0.39,0.827,0,0,7,food,upi,0
919,,61576.41,67.86,1721,5,2,0.0716,3.14,0.7056,1,0,10,food,card,1
920,54.0,35900.38,303.95,2648,5,0,0.3785,3.97,0.7768,0,0,1,jewelry,card,1
921,67.0,68926.17,80.99,3954,4,2,0.196,13.32,0.7128,0,0,1,food,card,0
922,50.0,42471.29,98.44,2610,5,1,0.1576,2.66,0.575,1,1,18,grocery,net_banking,0
923,43.0,25548.27,28.11,2816,3,0,0.1457,3.45,0.8123,0,0,3,food,card,0
924,26.0,80874.86,240.76,1071,1,1,0.0256,6.31,0.6322,0,0,21,grocery,upi,0
925,32.0,101711.68,840.71,514,2,0,0.1207,7.43,0.6811,0,0,23,grocery,upi,0
926,71.0,46355.25,64.31,373,3,1,0.1048,14.38,0.9129,1,0,23,electronics,upi,0
927,48.0,44694.64,500.03,1221,5,1,0.0962,9.76,0.9666,1,0,2,electronics,card,1
928,35.0,32410.17,169.62,2233,7,0,0.079,9.87,0.9055,0,0,4,electronics,card,0
929,41.0,50646.42,30.8,269,4,1,0.1571,2.49,0.9392,0,0,6,food,upi,0
930,50.0,40367.72,73.57,1074,5,0,0.2597,18.74,0.77,1,0,19,food,wallet,0
931,48.0,31540.27,69.16,2536,7,0,0.2029,6.87,0.8712,0,0,13,travel,upi,1
932,57.0,155714.79,131.16,3497,3,0,0.2025,8.18,0.9504,0,0,5,grocery,upi,0
933,32.0,71086.98,273.82,3958,4,1,0.3352,4.88,0.93,0,0,12,gaming,wallet,0
934,55.0,,1143.54,967,3,0,0.121,9.93,0.6185,1,1,0,electronics,,0
935,43.0,89407.35,43.03,435,6,0,0.0768,15.71,0.9085,1,0,18,travel,upi,1
936,71.0,84049.26,110.85,2304,3,0,0.1262,13.55,0.8112,0,0,7,jewelry,upi,0
937,27.0,43821.42,73.48,3754,2,0,0.152,0.65,0.9552,0,0,0,fashion,card,0
938,26.0,63894.75,50.65,1697,4,0,0.2912,0.81,0.5382,0,0,5,travel,card,1
939,44.0,47435.29,198.03,3619,3,0,0.0873,4.17,0.8156,0,0,12,grocery,net_banking,0
940,46.0,69999.51,180.27,2979,5,1,0.0713,0.65,0.9088,0,0,7,food,upi,0
941,57.0,66371.2,29.35,3598,4,1,0.1813,1.83,0.901,0,0,21,food,wallet,0
7730,72.0,31190.14,296.88,1927,4,0,0.1219,9.36,0.6819,1,1,12,grocery,card,0
943,70.0,26475.48,53.92,456,4,1,0.463,2.29,0.7025,0,0,20,grocery,card,0
944,45.0,59606.44,182.14,1663,5,0,0.0658,3.31,0.6769,0,0,11,gaming,card,0
945,25.0,49155.31,640.63,228,5,0,0.2786,1.62,0.8586,0,0,6,jewelry,card,0
946,24.0,19445.75,286.01,206,4,2,0.1194,10.59,0.5594,0,0,13,grocery,card,1
947,73.0,72714.96,214.96,1916,4,1,0.2895,17.92,0.7413,0,0,9,food,card,0
948,25.0,93528.98,106.08,2655,4,0,0.3542,0.07,0.5214,0,0,9,food,card,1
949,72.0,220948.41,192.45,3547,3,1,0.5719,7.43,0.672,0,0,13,travel,card,0
950,33.0,44352.74,316.15,542,4,0,0.2989,6.24,0.9611,0,0,15,grocery,net_banking,0
3550,54.0,141912.28,302.7,888,3,1,0.2148,0.82,0.8493,0,0,0,travel,upi,0
952,35.0,29878.87,163.0,444,3,1,0.2986,8.32,0.7129,0,0,22,gaming,wallet,1
953,53.0,61687.8,223.71,3709,7,0,0.1425,1.14,0.9829,0,0,23,fashion,net_banking,0
954,42.0,61473.62,48.25,2656,1,1,0.2559,0.13,0.581,0,0,23,food,upi,0
955,62.0,35202.61,86.37,1940,2,0,0.0713,38.93,0.7743,0,0,20,fashion,net_banking,0
956,52.0,49954.96,365.23,438,3,0,0.0178,2.32,0.8668,0,0,18,electronics,upi,0
957,40.0,18524.0,417.79,1502,1,0,0.2684,2.9,0.9535,1,0,8,fashion,upi,0
958,54.0,91545.89,197.66,541,3,0,0.2694,15.7,0.9602,0,0,6,travel,upi,0
959,73.0,35997.86,789.91,149,4,0,0.3751,9.34,0.8652,0,0,13,food,upi,0
960,41.0,53961.57,299.16,1773,5,0,0.2355,4.11,0.7043,0,0,12,food,upi,0
961,26.0,25094.58,142.57,2025,2,1,0.2272,46.62,0.806,0,0,17,fashion,upi,0
962,41.0,39926.44,53.15,1825,1,1,0.3081,5.25,0.8797,0,0,8,food,card,0
963,65.0,47160.56,758.76,3489,7,0,0.1604,1.07,0.7121,0,0,19,grocery,wallet,0
964,30.0,54659.51,388.88,3657,2,0,0.2476,10.67,0.7102,0,0,7,food,wallet,0
965,72.0,71606.52,1087.1,512,3,0,0.0116,9.61,0.6291,0,0,3,grocery,upi,0
966,51.0,121367.66,1571.53,1126,3,0,0.0269,2.83,0.9585,0,1,7,fashion,card,0
967,52.0,82296.14,49.7,2018,4,1,0.1656,1.53,0.5258,0,0,19,travel,card,1
968,36.0,93365.67,49.83,1621,4,1,0.137,1.01,0.7862,0,0,22,food,upi,0
969,70.0,121837.77,10.28,1760,4,0,0.1389,2.39,0.7008,0,0,1,grocery,upi,0
970,20.0,75239.21,450.93,2838,2,0,0.1603,15.96,0.6589,0,0,19,travel,wallet,0
971,35.0,,347.04,744,2,0,0.4239,10.29,0.8502,0,0,20,travel,wallet,0
972,41.0,95807.86,198.49,3313,2,1,0.3776,10.41,0.5141,0,0,16,electronics,card,1
973,45.0,99234.75,52.82,1081,3,1,0.4801,2.24,0.7349,1,0,7,jewelry,net_banking,0
974,45.0,78574.28,164.67,1416,3,0,0.6077,19.52,0.8172,0,0,12,travel,wallet,0
975,,24711.98,216.52,910,6,0,0.0968,0.97,0.7587,0,0,11,,upi,0
976,30.0,34623.41,393.74,2535,6,0,0.1265,0.91,0.5836,0,0,18,gaming,upi,0
977,23.0,47283.6,236.5,2791,3,1,0.1155,45.9,0.7186,1,0,8,travel,net_banking,1
978,50.0,84447.05,349.59,2508,3,0,0.0868,12.04,0.574,0,0,7,fashion,wallet,0
979,37.0,54358.05,158.99,1989,4,2,0.2221,6.17,0.8847,0,0,11,food,card,0
980,50.0,102782.07,586.66,1233,5,0,0.3174,1.53,0.9235,1,0,7,fashion,card,0
981,51.0,,338.56,2760,5,2,0.1088,6.13,0.9511,0,1,11,grocery,card,1
982,58.0,106365.04,54.93,500,3,0,0.1653,30.72,0.8728,0,0,20,fashion,wallet,0
983,49.0,,722.11,1268,2,1,0.1454,7.44,0.603,0,0,6,electronics,net_banking,0
984,54.0,31093.12,613.1,2739,5,0,0.147,2.74,0.7682,0,0,2,fashion,card,0
985,51.0,71720.94,286.7,2778,2,0,0.1489,0.96,0.9196,0,1,19,grocery,card,0
986,55.0,39377.41,238.33,1094,6,0,0.0996,2.21,,0,1,15,fashion,net_banking,0
987,53.0,22205.65,945.36,1384,5,0,0.0924,3.69,0.5896,0,0,11,grocery,wallet,0
988,36.0,46956.61,35.15,1293,3,0,0.0868,2.2,0.9543,0,0,3,food,wallet,0
989,32.0,113970.37,622.77,3550,4,0,0.0589,15.91,0.8925,0,0,11,jewelry,net_banking,0
990,62.0,70862.49,111.8,2302,2,1,0.3293,21.45,0.8225,0,0,6,grocery,wallet,0
991,37.0,166855.53,538.15,500,6,1,0.3324,18.2,0.9138,0,0,8,gaming,card,0
992,49.0,60631.21,203.03,668,3,0,0.3708,7.61,0.7966,1,0,17,grocery,upi,0
993,29.0,211373.07,51.94,304,1,0,0.1155,14.1,0.6771,0,0,13,fashion,upi,0
994,42.0,60640.92,109.56,988,6,0,0.2489,7.08,0.8704,1,0,14,electronics,card,1
995,48.0,55684.25,500.04,912,3,0,0.4344,2.62,0.7106,0,0,3,gaming,card,0
996,53.0,27212.29,145.87,1800,4,1,0.3813,15.16,0.778,0,0,10,food,wallet,0
997,48.0,101305.7,96.69,2996,3,0,0.0618,14.94,0.8324,0,1,19,grocery,card,0
998,38.0,41727.67,96.04,3517,5,0,0.0677,1.81,0.7978,0,1,17,food,wallet,0
999,72.0,38530.76,342.13,2247,5,0,0.3267,0.6,0.6819,1,0,8,grocery,card,0
1000,47.0,111275.6,1036.49,3095,2,0,0.377,12.12,0.6986,0,0,1,food,card,0
1001,64.0,103996.33,21.16,2630,1,0,0.301,2.44,0.6943,0,0,3,,card,0
1002,,102510.11,2962.06,1290,6,1,0.2317,1.27,0.8237,0,1,10,electronics,card,0
1003,49.0,45066.0,220.68,2459,4,0,0.2324,4.92,0.946,0,0,0,grocery,net_banking,0
1004,68.0,53479.4,321.56,1229,4,0,0.4368,4.61,0.9356,0,0,20,electronics,net_banking,0
1005,25.0,53218.88,116.36,1255,3,1,0.0152,2.34,0.5854,0,1,19,food,net_banking,0
1006,70.0,,179.37,3949,7,0,0.2326,20.19,0.9179,0,0,8,fashion,upi,0
1007,66.0,129255.85,218.21,3645,6,0,0.1946,6.1,0.8161,0,0,13,fashion,card,0
1008,46.0,67344.0,63.05,2623,5,2,0.4436,17.79,0.8973,0,0,7,electronics,wallet,1
1009,59.0,162963.02,80.42,2384,3,0,0.1921,3.69,0.8686,0,0,14,travel,,0
1010,47.0,,588.47,2751,4,1,0.3155,7.58,0.9685,0,0,4,food,upi,0
1011,33.0,48336.82,38.12,3019,2,0,0.1734,6.11,0.7237,0,0,11,electronics,card,0
1012,63.0,86758.16,279.78,248,2,1,0.0805,11.1,0.9419,1,0,16,fashion,,0
1013,32.0,,124.27,1453,2,0,0.1724,3.98,0.8643,0,0,18,grocery,card,0
3286,44.0,183098.21,226.44,3666,3,0,0.3503,18.59,0.9687,0,0,16,,upi,0
1015,47.0,105649.12,1293.22,2130,5,0,0.4845,1.23,0.5937,0,0,2,travel,wallet,0
1016,65.0,55782.16,69.3,1198,5,0,0.2086,9.99,0.7667,0,0,3,food,card,0
1017,39.0,48820.58,58.14,1340,4,0,0.1025,17.82,0.8107,0,0,17,electronics,net_banking,0
1018,46.0,75502.93,149.3,3372,5,0,0.1125,5.93,0.9109,0,1,11,grocery,card,0
1019,20.0,138105.68,83.46,840,5,0,0.089,18.28,0.9019,1,0,23,electronics,card,0
1020,24.0,69819.0,181.15,3645,4,0,0.1107,23.92,0.8252,0,0,6,food,card,0
1021,21.0,70620.87,210.26,1700,2,0,0.4145,24.58,0.8278,0,0,9,food,wallet,0
1022,22.0,56576.97,227.61,788,3,0,0.0712,0.58,0.8354,0,0,8,grocery,card,0
1023,67.0,45924.24,159.03,598,3,1,0.5565,30.26,0.6202,1,0,15,jewelry,upi,1
1024,65.0,50307.75,89.19,2865,7,0,0.0293,15.18,0.9273,0,1,5,fashion,upi,0
1025,64.0,59253.06,342.53,3613,8,1,0.4475,12.33,0.7993,0,1,21,food,upi,0
1026,21.0,141498.37,160.98,3500,5,0,0.109,3.52,0.9457,0,0,5,fashion,card,0
1027,22.0,48206.34,109.66,706,9,1,0.1075,2.81,0.7393,0,0,1,electronics,card,1
1028,33.0,56614.77,790.73,3519,3,0,0.3601,1.61,0.816,1,0,11,gaming,upi,0
1029,50.0,34170.94,159.44,925,8,0,0.0905,11.81,0.9081,0,0,23,,net_banking,1
1030,37.0,81571.53,536.43,1851,2,2,0.1672,3.11,0.8307,1,0,2,jewelry,wallet,0
1031,45.0,116630.02,613.88,52,3,1,0.1114,5.04,0.981,1,0,2,food,card,0
1032,27.0,134398.2,652.38,1057,5,2,0.2831,10.53,0.8842,0,0,6,grocery,wallet,0
1033,59.0,61509.01,359.28,1300,6,0,0.1173,9.95,0.7342,0,0,5,fashion,wallet,0
1034,35.0,75431.73,179.89,3826,1,0,0.1773,7.05,0.7423,0,0,22,food,card,0
1035,21.0,50545.83,168.83,1134,7,0,0.0398,2.77,0.6941,0,0,23,gaming,wallet,0
1036,60.0,73533.67,141.01,1128,4,0,0.114,3.84,0.8067,1,0,7,electronics,card,0
1037,69.0,65366.77,20.62,1115,6,0,0.0409,1.71,0.8535,0,0,19,electronics,card,0
1038,18.0,56791.04,369.36,1033,2,0,0.1993,5.49,0.7113,0,0,11,jewelry,upi,0
1039,42.0,59328.97,229.85,2173,5,0,0.3197,7.22,0.9281,1,0,8,fashion,upi,0
1040,65.0,70519.58,410.95,846,7,1,0.1021,4.66,0.9334,0,0,4,fashion,card,1
1041,58.0,46784.38,160.13,1183,5,0,0.4525,27.41,0.6798,0,1,15,grocery,net_banking,1
1042,66.0,48132.61,349.95,2144,0,0,0.1764,21.93,0.8893,0,0,16,food,card,0
1043,41.0,140665.16,45.4,3032,7,0,0.0938,19.91,0.9562,0,1,0,gaming,net_banking,0
1044,39.0,,55.91,455,4,0,0.1974,5.99,0.8502,0,0,22,travel,net_banking,0
1045,58.0,28358.63,15.13,1413,4,0,0.0836,0.05,0.799,0,0,17,grocery,card,0
1046,26.0,27512.05,157.37,2295,7,1,0.1371,20.18,0.9338,0,1,5,electronics,upi,1
1047,31.0,32488.92,83.13,3669,3,0,0.1647,36.7,0.6417,0,1,0,gaming,upi,0
1048,52.0,51962.62,72.94,3776,3,1,0.1532,11.96,0.773,0,0,9,grocery,card,0
1049,56.0,,251.54,3492,6,0,0.0491,2.94,0.8526,0,0,2,fashion,upi,0
1050,24.0,76136.08,117.62,2034,2,0,0.0394,8.86,0.7971,0,0,3,electronics,upi,0
1051,46.0,60458.08,42.94,419,4,0,0.3076,1.45,0.9306,0,0,9,jewelry,upi,0
1052,38.0,73570.77,2293.25,3862,6,0,0.18,17.62,0.898,0,0,16,fashion,net_banking,0
1053,46.0,37588.04,173.46,2497,3,0,0.1695,0.83,0.8784,0,0,4,food,card,0
1054,72.0,48089.59,60.93,3625,3,0,0.0112,8.53,0.6098,0,0,15,food,upi,0
1055,22.0,54395.49,92.12,3685,3,0,0.0652,7.19,0.9817,0,0,1,grocery,net_banking,0
1056,74.0,23011.96,151.38,3175,1,0,0.2799,0.89,0.8616,0,0,5,food,wallet,0
1057,43.0,29038.21,151.07,1698,2,0,0.2369,0.96,0.8379,0,0,13,fashion,net_banking,0
1058,62.0,29679.95,661.9,2443,2,0,0.1862,4.4,0.6735,0,0,13,gaming,card,0
1059,,83729.61,166.26,2773,4,1,0.0875,0.01,0.7503,0,0,16,food,upi,0
1060,,62946.07,1150.75,3526,4,0,0.088,5.54,0.9398,0,0,7,gaming,upi,0
1061,61.0,76970.09,116.81,927,4,1,0.1013,2.66,0.833,0,0,17,food,card,0
1062,57.0,19995.81,275.72,2233,4,0,0.0497,24.09,0.7556,0,0,18,food,wallet,0
1063,26.0,24321.76,500.16,2395,3,0,0.0318,1.79,0.9609,0,0,23,fashion,,0
1064,58.0,79209.93,594.73,852,4,0,0.0549,14.51,0.8255,0,0,7,gaming,net_banking,0
1065,60.0,,668.36,1625,6,0,0.3416,14.83,0.6575,0,0,5,gaming,,0
1066,40.0,107864.88,137.13,3702,8,1,0.5541,1.37,0.8799,1,0,23,food,net_banking,1
1067,70.0,20176.3,179.01,93,3,0,0.2025,6.25,0.7532,0,0,9,travel,upi,0
9528,46.0,,257.42,2002,7,1,0.2072,19.35,0.3596,0,0,15,electronics,upi,1
5200,72.0,68264.06,48.79,432,2,0,0.1991,3.22,0.7263,0,0,20,electronics,upi,0
1070,18.0,97927.78,536.04,3633,2,2,0.2867,9.76,0.7787,1,0,11,electronics,upi,0
1071,56.0,250000.0,441.33,1155,8,0,0.0484,0.81,0.551,0,0,4,grocery,wallet,0
1072,29.0,15753.86,165.09,1590,8,0,0.2346,14.83,0.7145,0,0,19,gaming,card,0
1073,61.0,80623.54,984.46,349,5,0,0.0796,3.05,0.7534,0,0,14,grocery,upi,0
1074,47.0,20345.17,122.6,1362,4,0,0.1968,0.17,0.8228,0,0,16,grocery,card,0
1075,44.0,69550.71,87.95,3989,2,0,0.0842,5.64,0.9053,0,0,7,grocery,card,0
1076,27.0,49087.7,112.71,3070,2,0,0.1638,0.76,0.663,0,0,22,food,net_banking,0
1077,58.0,59069.43,58.59,1730,5,0,0.0581,9.22,0.7902,0,0,21,gaming,upi,0
1078,27.0,33311.6,335.41,2548,7,0,0.1914,4.7,0.8293,0,0,20,grocery,card,0
1079,41.0,84489.8,240.19,3859,5,0,0.1743,5.57,0.604,0,0,14,,card,0
1080,65.0,24797.34,331.27,1775,7,0,0.0943,15.74,0.6983,0,0,8,food,wallet,1
1081,70.0,108878.62,118.94,1199,1,0,0.1198,3.78,0.9126,0,0,11,electronics,upi,0
1082,74.0,43914.54,169.84,3517,4,2,0.0815,0.73,0.6678,0,0,22,fashion,wallet,0
1083,72.0,25428.06,20.38,3406,3,0,0.2611,6.9,0.7816,0,0,18,food,wallet,0
1084,49.0,132230.74,262.22,2080,7,0,0.2306,3.26,0.7837,0,0,19,grocery,card,0
1085,29.0,53000.15,198.7,76,3,0,0.0773,2.65,0.7042,0,0,21,grocery,wallet,0
1086,65.0,157045.09,59.89,80,4,0,0.1186,12.96,0.9229,0,0,21,electronics,net_banking,0
1087,63.0,107670.87,162.11,496,6,0,0.2139,4.28,0.8787,1,0,4,electronics,net_banking,1
1088,74.0,35458.15,139.09,2782,3,1,0.1885,3.65,0.7879,0,0,19,grocery,upi,0
1089,55.0,52488.22,1050.76,726,5,0,0.0622,0.78,0.5274,1,0,9,jewelry,card,0
1090,,58786.02,62.29,280,4,0,0.0605,1.26,0.6139,1,0,22,grocery,upi,0
1091,46.0,127332.27,250.73,2736,5,0,0.2826,6.68,0.7947,0,0,11,electronics,card,0
1092,43.0,69963.1,60.47,1939,2,0,0.2609,4.04,0.8558,1,0,16,grocery,card,0
1093,66.0,60599.95,103.04,2136,5,1,0.2935,6.33,0.8597,0,0,21,electronics,upi,0
1094,,49274.14,237.41,792,9,0,0.2589,15.65,0.8938,0,0,22,grocery,upi,0
1095,36.0,53491.72,145.71,882,2,0,0.1514,3.22,0.7032,0,0,4,grocery,net_banking,0
1096,22.0,112714.59,178.92,990,2,0,0.5422,0.34,0.9107,0,1,5,gaming,net_banking,0
1097,,55112.2,251.06,2586,5,1,0.2448,8.44,0.8446,0,0,5,food,card,0
1098,61.0,44260.15,109.87,3919,1,1,0.3399,6.45,0.6262,0,0,21,,upi,0
1099,20.0,40320.27,435.77,3665,6,1,0.2287,6.56,0.8736,0,0,13,food,card,0
1100,42.0,40559.19,132.62,480,6,0,0.221,8.24,0.8859,0,0,11,grocery,net_banking,0
1101,45.0,25436.38,163.27,2728,5,1,0.2064,5.92,0.6962,0,0,11,food,card,0
1102,44.0,36402.11,258.34,3038,3,0,0.142,8.09,0.7365,0,0,9,travel,card,0
1103,70.0,125394.45,225.87,191,8,1,0.2403,0.89,0.9405,1,1,3,electronics,net_banking,1
1104,26.0,49092.37,342.81,2560,1,1,0.0442,9.39,0.8581,0,0,18,electronics,card,0
1105,35.0,81025.15,247.13,1794,0,2,0.1934,6.12,0.8423,0,0,2,gaming,upi,0
1106,28.0,15000.0,287.72,804,1,1,0.1515,5.78,0.9589,0,0,23,grocery,card,0
1107,31.0,75181.44,130.01,3164,7,1,0.2418,20.68,0.9566,1,1,22,electronics,wallet,0
1108,69.0,50329.39,61.82,3743,2,0,0.112,18.43,0.827,0,0,11,fashion,card,0
1109,71.0,42205.1,43.18,2405,5,1,0.1789,3.02,0.7358,0,0,7,grocery,wallet,0
1110,20.0,60755.72,33.86,829,5,0,0.2426,13.09,0.7811,0,0,21,food,upi,0
1111,,41872.5,1049.1,1732,2,0,0.5288,3.76,0.9394,0,0,8,food,card,0
1112,31.0,17102.11,19.69,2076,3,1,0.2818,20.98,0.7709,0,0,20,travel,wallet,0
1113,28.0,91338.24,593.88,3612,2,0,0.3523,10.6,0.6125,0,1,2,electronics,card,0
1114,34.0,62865.21,79.21,3168,5,1,0.4508,4.16,0.9255,1,0,1,gaming,net_banking,0
1115,29.0,46277.91,589.57,2692,7,0,0.1757,0.96,0.8776,1,1,17,fashion,card,0
1116,45.0,32327.92,19.89,3061,4,1,0.0993,5.03,0.6008,1,0,10,food,upi,0
1117,74.0,24505.84,142.29,2785,5,0,0.213,11.6,0.7099,0,0,17,grocery,wallet,0
1118,51.0,62207.41,770.46,1299,2,0,0.1232,5.96,0.7831,1,0,20,food,card,0
1119,59.0,133583.36,367.3,559,4,1,0.3256,24.33,0.6645,0,0,22,electronics,card,0
1120,46.0,61502.31,128.47,3361,3,0,0.1094,12.11,0.8031,1,0,7,fashion,card,0
1121,18.0,25708.31,25.79,2228,5,0,0.0487,3.31,0.6477,0,0,0,food,wallet,0
1122,22.0,62249.31,47.96,3849,6,0,0.3275,6.22,0.6674,0,0,10,grocery,card,0
1123,33.0,53409.82,722.06,2733,2,0,0.1497,16.62,0.6709,0,0,5,travel,upi,0
1124,31.0,88460.59,127.07,1911,4,0,0.1809,3.71,0.827,0,0,19,electronics,card,0
1125,65.0,76787.08,167.53,2597,3,1,0.0935,8.38,0.5543,0,0,6,travel,wallet,0
1126,66.0,15000.0,239.01,2619,6,0,0.1063,0.25,0.7979,0,0,3,grocery,wallet,1
1127,66.0,74233.56,48.92,3926,2,0,0.1242,10.41,0.9245,1,0,10,gaming,card,1
1128,54.0,31671.57,270.49,1477,7,0,0.1918,2.86,0.8399,0,1,15,jewelry,upi,0
1129,49.0,,118.31,1539,3,0,0.2621,11.45,0.7378,1,0,5,food,upi,0
1130,55.0,49584.23,241.45,1435,4,0,0.0289,6.57,0.8945,0,0,5,grocery,card,0
1131,41.0,68949.01,100.98,458,3,1,0.0813,3.44,0.9855,0,0,8,grocery,net_banking,0
1132,56.0,22307.64,37.33,1894,0,0,0.2116,1.89,0.571,0,0,13,fashion,net_banking,0
1133,,81032.49,117.4,1797,4,0,0.4348,6.19,0.6432,0,0,7,food,upi,0
1134,61.0,83694.19,341.63,812,6,0,0.0515,1.22,0.8887,0,0,12,travel,net_banking,0
1135,52.0,,266.94,3266,3,0,0.3686,16.35,0.881,0,1,9,gaming,wallet,0
1136,21.0,34128.75,185.65,2766,8,0,0.0962,3.57,0.7072,0,0,22,grocery,card,0
1137,59.0,32094.2,441.9,988,0,0,0.1878,3.18,0.5948,1,0,18,grocery,card,0
1138,38.0,96698.3,146.84,687,7,0,0.0496,5.99,0.5972,0,0,16,food,card,0
1139,60.0,23954.61,190.42,2483,1,1,0.2185,3.8,0.8429,1,0,1,fashion,upi,1
1140,48.0,98769.8,111.41,50,6,1,0.3984,0.84,0.849,0,1,9,food,upi,1
1141,68.0,50223.03,468.52,629,4,0,0.1524,4.54,0.8014,0,1,17,electronics,upi,0
1142,37.0,52176.08,240.92,1774,5,0,0.2081,0.21,0.9618,0,1,11,food,upi,1
1143,71.0,21496.39,103.13,3962,4,0,0.0562,12.69,0.7753,0,0,14,grocery,upi,0
1144,66.0,50736.17,40.61,333,4,0,0.1156,0.24,0.8807,1,0,16,gaming,card,0
1145,36.0,77077.02,543.44,2128,3,0,0.4776,0.84,0.6495,0,0,11,grocery,card,0
1146,45.0,26372.13,85.53,2262,8,1,0.3237,0.76,0.6978,0,0,2,grocery,net_banking,1
1147,48.0,72354.88,193.45,1029,1,0,0.2416,4.43,0.7542,0,1,0,fashion,card,0
1148,61.0,57759.62,1892.32,2095,5,0,0.0432,5.6,0.7998,0,0,1,gaming,wallet,0
1149,57.0,38600.59,401.2,2547,2,1,0.1718,5.55,0.7284,0,0,14,grocery,card,0
1150,66.0,88005.86,901.54,574,3,0,0.025,3.79,0.8104,0,0,5,grocery,net_banking,0
1151,39.0,16380.51,105.09,3818,7,1,0.0142,4.69,0.9381,1,0,4,food,net_banking,0
1152,46.0,66553.6,525.28,1006,3,1,0.0764,7.92,0.8724,0,1,7,travel,wallet,0
1153,42.0,134024.49,184.87,1493,6,0,0.0686,0.05,0.9316,0,0,10,food,card,0
1154,69.0,121425.62,259.56,127,3,0,0.1733,16.21,0.6317,0,0,9,jewelry,upi,0
1155,35.0,68151.07,1358.04,2386,3,0,0.0595,12.91,0.7474,1,0,11,electronics,net_banking,0
1156,51.0,46591.06,136.23,2387,4,1,0.1226,33.28,0.855,0,0,12,fashion,upi,0
1157,24.0,38769.81,183.5,491,5,0,0.2703,28.19,0.9795,0,1,20,,card,0
1158,66.0,46559.17,72.95,1192,4,1,0.2135,11.74,0.9431,0,1,17,grocery,upi,0
1159,39.0,,437.65,3073,7,1,0.4705,3.36,0.6229,0,0,14,electronics,card,1
1160,37.0,35281.16,102.75,2860,3,0,0.1247,22.72,0.5822,0,0,3,grocery,wallet,0
1161,,83422.35,500.53,1249,3,0,0.2522,5.45,0.6694,0,1,23,electronics,card,0
1162,46.0,177784.38,34.57,2530,8,0,0.1717,3.88,0.903,1,0,16,food,card,0
1163,66.0,53159.53,311.56,2995,1,0,0.1218,0.21,0.8555,0,0,16,fashion,wallet,0
1164,48.0,26256.56,94.56,1513,4,1,0.1025,8.56,0.7356,0,0,21,food,wallet,0
1165,47.0,26251.51,373.71,727,4,0,0.2425,3.69,0.8718,1,0,23,grocery,wallet,1
1166,23.0,84305.26,177.58,116,3,0,0.3772,0.11,0.9546,0,0,20,travel,card,0
1167,19.0,53222.05,105.38,3820,6,0,0.1851,14.31,0.8486,0,0,5,gaming,net_banking,0
1168,40.0,89084.93,122.29,1301,5,0,0.091,27.26,0.9683,0,0,13,travel,wallet,0
1169,74.0,41010.75,76.9,3230,2,0,0.2522,18.63,0.8114,0,0,16,fashion,card,0
1170,70.0,86849.45,416.02,1319,6,2,0.3097,3.44,0.7446,0,0,18,electronics,net_banking,0
1171,53.0,50413.99,63.07,2857,5,0,0.2522,0.54,0.9259,0,0,0,grocery,card,0
1172,53.0,36761.68,137.81,1350,3,0,0.0509,0.95,0.8936,0,1,11,jewelry,wallet,0
1173,40.0,44114.3,254.22,2441,4,1,0.1899,11.04,0.8854,0,0,2,,wallet,0
1174,28.0,28472.92,903.66,3815,7,0,0.0563,2.43,0.9815,0,1,9,grocery,wallet,0
1175,18.0,164264.99,178.33,3022,4,0,0.1044,12.87,0.9256,0,0,23,gaming,wallet,0
1176,37.0,52160.38,141.24,683,3,0,0.3963,3.5,0.7372,0,0,9,grocery,wallet,0
1177,36.0,,236.65,2109,3,0,0.1999,3.01,0.7269,0,0,10,fashion,upi,0
1178,28.0,40937.85,22.63,1102,0,0,0.0691,8.36,0.8411,0,0,18,grocery,net_banking,0
1179,32.0,30838.78,54.29,900,5,0,0.1248,0.46,0.8135,1,0,15,grocery,upi,0
1180,19.0,48361.25,123.67,3334,4,0,0.1752,11.59,0.7866,0,0,20,travel,upi,0
1181,52.0,100784.95,88.23,3930,6,0,0.0351,18.73,0.7026,1,0,0,grocery,card,0
1182,70.0,41302.82,36.31,3702,1,0,0.3069,27.62,0.7659,0,0,17,,upi,0
1183,57.0,34074.2,424.43,3361,6,2,0.1784,10.38,0.8243,0,1,11,fashion,card,1
1184,43.0,59909.71,233.39,1889,4,0,0.2992,23.96,0.8841,0,0,14,travel,upi,0
1185,41.0,72370.27,207.1,2118,11,1,0.1231,25.2,0.7065,0,0,19,food,card,0
1186,35.0,135761.5,89.92,2173,6,0,0.3211,13.96,0.9729,0,0,16,grocery,card,0
1187,26.0,66812.88,194.87,2952,2,0,0.3192,14.94,0.938,0,0,4,fashion,card,0
1188,52.0,78376.89,301.09,239,7,0,0.3639,3.13,0.9369,0,0,18,fashion,card,0
1189,50.0,81690.24,138.11,3312,4,0,0.1886,4.27,0.8925,0,0,4,fashion,card,0
1190,18.0,29170.99,280.77,3237,2,0,0.5777,1.26,0.861,0,0,16,fashion,upi,0
1191,41.0,32378.69,81.2,3980,3,0,0.0819,0.64,0.9367,0,0,19,electronics,upi,0
1192,,30301.29,198.43,2390,2,2,0.1309,0.65,0.8143,0,0,8,food,upi,0
1193,27.0,26434.05,564.23,1845,0,2,0.2334,10.73,0.802,0,1,20,grocery,card,0
1194,58.0,85185.92,617.07,1931,4,0,0.4697,3.05,0.5498,0,0,21,gaming,card,0
1195,47.0,,678.95,2492,5,1,0.3177,8.34,0.9152,0,0,5,travel,wallet,0
1196,54.0,57458.1,239.49,1231,5,1,0.1768,9.34,0.8318,1,0,2,gaming,wallet,1
1197,58.0,15000.0,185.78,3114,4,0,0.2245,24.08,0.7841,0,0,18,travel,wallet,1
1198,73.0,170348.35,114.91,1791,5,0,0.179,0.06,0.8729,0,0,9,,wallet,0
1199,63.0,33632.19,29.53,1148,2,1,0.1435,21.56,0.9363,1,0,12,gaming,net_banking,0
1200,53.0,170005.4,46.9,2949,2,0,0.0304,10.64,0.9112,0,0,8,food,card,0
1201,68.0,24785.29,152.16,1367,5,0,0.0172,0.98,0.9174,0,0,2,grocery,card,0
1202,,35181.22,161.53,350,4,0,0.3572,2.01,0.7925,0,0,15,food,net_banking,0
1203,74.0,16375.17,738.91,2102,5,0,0.43,25.57,0.6561,0,0,6,grocery,card,1
1204,61.0,67121.33,670.32,2042,4,0,0.0576,6.03,0.9038,0,0,10,grocery,net_banking,0
1205,55.0,30013.34,90.6,1187,2,0,0.0558,7.61,0.7907,1,0,3,fashion,card,0
1206,69.0,,408.01,167,3,2,0.1498,0.75,0.989,1,0,6,food,net_banking,0
1207,47.0,25853.61,111.71,1918,3,0,0.1065,8.03,0.8072,0,0,15,electronics,upi,0
1208,59.0,84341.87,356.23,3095,4,0,0.3627,3.89,0.8312,1,0,20,food,wallet,0
1209,34.0,81340.02,403.02,3211,1,0,0.4628,8.59,0.6984,0,0,15,grocery,upi,0
1210,72.0,149000.82,623.31,867,3,0,0.2216,2.41,0.6325,1,0,1,jewelry,card,0
1211,53.0,37720.15,109.98,1738,7,0,0.1544,5.18,0.7929,0,0,13,travel,card,0
1212,62.0,62034.08,496.34,3616,3,0,0.1486,10.13,0.7565,0,0,18,food,wallet,0
1213,44.0,27063.85,27.66,1397,6,0,0.4643,1.56,0.6569,0,0,3,gaming,wallet,0
1214,67.0,45744.05,657.98,1920,3,0,0.1676,9.75,0.7887,0,0,17,gaming,net_banking,0
1215,22.0,41345.69,175.55,2727,4,1,0.225,16.34,0.9394,0,0,3,electronics,card,0
1216,24.0,71007.16,179.33,1845,6,1,0.3329,1.06,0.8339,0,0,8,electronics,net_banking,0
1217,46.0,96225.58,23.47,3370,8,0,0.5069,1.24,0.789,0,0,2,food,card,1
4639,53.0,58142.11,449.68,2569,0,0,0.5034,2.83,0.5639,0,0,8,food,net_banking,0
1219,64.0,34597.67,698.15,1983,5,0,0.0685,14.64,0.5148,1,0,2,gaming,upi,0
1220,43.0,95248.62,117.48,2079,4,0,0.0763,7.6,0.8485,0,0,23,food,card,0
1221,55.0,53682.46,367.39,2985,6,0,0.1372,2.7,0.953,0,0,22,electronics,net_banking,0
1222,49.0,46007.52,186.33,1371,4,0,0.3208,7.89,0.6609,0,0,6,jewelry,upi,0
1223,72.0,37250.0,520.94,1123,3,0,0.036,16.86,0.7394,0,0,8,travel,upi,1
1224,55.0,40421.77,217.99,1458,4,1,0.0607,0.3,0.7992,0,0,5,food,upi,0
1225,41.0,,70.89,952,2,0,0.1748,8.48,,0,1,12,food,card,0
1226,73.0,65131.55,190.45,806,6,1,0.3036,2.01,0.7305,0,1,22,grocery,card,1
1227,24.0,60543.96,892.63,3282,3,0,0.3522,0.74,0.6887,0,1,17,grocery,card,0
1228,74.0,47612.6,296.07,1400,2,0,0.0933,11.97,0.9205,0,0,16,electronics,upi,0
1229,26.0,211161.12,160.21,1101,3,0,0.221,2.36,0.4855,0,0,16,gaming,wallet,0
1230,34.0,,1717.63,3252,3,0,0.1176,0.1,0.5999,0,1,14,grocery,card,0
1231,64.0,36993.75,573.74,3160,4,0,0.0641,1.14,0.9509,0,0,1,grocery,card,0
1232,,47315.83,407.36,1005,6,0,0.1827,0.15,0.5751,0,0,1,food,card,1
1233,73.0,48886.37,247.23,1240,4,0,0.0454,10.38,0.566,1,1,8,grocery,wallet,0
1234,60.0,59594.47,373.62,3290,2,0,0.2924,20.41,0.8665,0,1,1,grocery,card,0
1235,54.0,37399.56,385.94,1133,5,0,0.2282,0.73,0.5,0,0,7,gaming,upi,0
1236,37.0,,20.29,3449,9,1,0.1866,6.82,0.9402,0,1,4,jewelry,net_banking,1
1237,18.0,122239.43,267.17,2482,3,0,0.0597,14.75,0.8242,0,0,7,food,card,0
1238,25.0,26704.65,153.26,2675,7,0,0.4498,7.51,0.7214,0,0,10,grocery,card,1
1239,34.0,29572.72,109.2,2149,3,1,0.0554,2.51,0.6834,1,0,16,grocery,upi,0
1240,20.0,42165.23,148.05,151,7,1,0.1833,1.17,0.8987,0,0,5,electronics,upi,0
1241,46.0,43254.26,37.98,3303,6,0,0.3782,5.28,0.8197,0,0,17,food,upi,0
1242,62.0,165089.77,29.62,2257,5,0,0.1753,44.85,0.8051,0,0,11,travel,card,0
1243,,95418.57,626.07,716,0,1,0.0531,2.39,0.7493,0,0,9,travel,net_banking,0
1244,45.0,,285.75,3337,5,1,0.0743,6.56,0.8579,0,0,16,food,card,0
1245,67.0,47557.15,16.12,1195,7,0,0.2624,5.16,0.7365,0,0,1,travel,card,0
1246,74.0,46986.52,101.15,1482,4,0,0.2658,6.88,0.8174,0,1,7,food,card,0
1247,67.0,24751.73,434.2,2567,7,0,0.2129,24.81,0.6291,0,0,5,electronics,card,0
1248,44.0,84545.54,136.04,1152,4,0,0.2997,7.51,0.6446,1,0,18,fashion,card,0
4394,21.0,34605.31,139.06,2242,4,0,0.131,2.26,0.7419,0,0,9,fashion,card,0
1250,73.0,111567.72,514.25,1305,4,0,0.1416,17.42,0.6539,0,0,16,grocery,card,0
1251,31.0,48978.28,46.35,2742,3,1,0.1681,0.31,0.8279,0,0,2,gaming,card,0
1252,41.0,50874.14,155.97,1709,4,1,0.174,11.74,0.7041,0,0,11,food,wallet,0
1253,22.0,60392.1,114.99,2858,4,1,0.1325,4.33,0.6847,0,0,20,jewelry,card,0
6553,28.0,66126.53,252.39,3383,3,0,0.0364,4.39,0.7932,0,0,21,grocery,wallet,0
1255,55.0,24501.02,42.04,1052,4,0,0.4161,6.84,0.8077,0,0,15,electronics,net_banking,0
1256,22.0,82447.69,80.39,973,3,0,0.0779,2.4,0.8728,0,0,4,grocery,upi,0
1257,30.0,54383.49,94.82,284,3,0,0.0729,5.43,0.8803,0,1,10,food,card,0
1258,49.0,30725.19,238.93,2598,4,0,0.0413,7.27,0.944,0,0,8,grocery,card,0
1259,48.0,17475.5,511.41,864,2,0,0.2839,0.38,0.8123,0,0,4,electronics,card,0
1260,,51022.8,300.85,1905,5,0,0.1178,4.49,0.9475,1,0,7,travel,card,1
1261,33.0,121945.63,381.2,3962,1,1,0.3421,8.92,0.9659,0,0,12,jewelry,upi,0
1262,70.0,138159.63,137.87,1011,3,0,0.2514,12.4,0.667,0,0,17,grocery,card,0
1263,43.0,66872.65,328.97,803,4,0,0.2414,9.99,0.9081,0,0,22,gaming,net_banking,0
1264,64.0,161812.18,155.18,3725,6,1,0.1627,5.45,0.9223,0,0,7,,wallet,1
1265,31.0,,115.76,1448,1,0,0.1633,10.1,0.688,0,0,18,electronics,card,0
1266,20.0,92911.75,1199.98,1203,6,0,0.1557,13.84,0.9471,0,0,3,electronics,upi,0
1267,21.0,42912.2,17.5,2886,7,0,0.1483,16.98,0.5916,0,1,2,food,card,1
1268,39.0,41442.37,27.65,543,10,0,0.1392,14.21,0.5815,0,0,10,jewelry,wallet,1
1269,,37890.6,263.92,1531,4,0,0.2335,7.93,0.8682,1,0,19,grocery,card,0
1270,20.0,17708.46,138.1,821,6,0,0.1107,10.47,0.7142,0,1,10,fashion,card,0
1271,39.0,,42.78,3570,5,1,0.2061,0.4,0.982,0,0,14,travel,card,0
1272,24.0,38645.69,62.7,1207,4,0,0.3102,7.12,0.8872,0,0,11,food,net_banking,1
1273,71.0,35393.98,71.42,2280,6,2,0.4228,20.77,0.8754,0,0,17,travel,card,0
1274,56.0,,439.35,2104,4,0,0.1665,0.65,0.8049,1,0,17,fashion,upi,0
1275,,49152.88,605.08,1986,2,0,0.1764,0.83,0.8694,0,0,5,,card,0
1276,58.0,145075.45,927.52,293,2,0,0.1559,16.44,0.8501,0,0,3,food,net_banking,0
1277,55.0,173974.99,36.74,1072,2,1,0.3473,4.44,0.789,0,0,10,fashion,net_banking,0
1278,62.0,22061.99,45.87,3424,1,1,0.1066,22.36,0.6805,0,0,16,fashion,net_banking,0
1279,18.0,45258.33,42.83,2206,6,0,0.0788,2.67,0.7644,0,0,18,gaming,card,0
1280,67.0,31138.23,653.15,3513,3,0,0.4006,15.93,0.7183,0,0,8,grocery,upi,0
1281,60.0,94719.41,273.19,2251,4,0,0.2188,0.59,0.7535,0,1,12,grocery,net_banking,0
1282,60.0,64390.08,195.03,1293,3,1,0.2331,1.88,0.8849,0,0,10,fashion,,0
1283,40.0,38753.46,226.46,1401,3,1,0.1434,0.96,0.6808,0,0,19,electronics,card,0
1284,63.0,57239.74,170.06,3107,5,0,0.1429,11.09,0.9139,1,0,18,gaming,net_banking,0
1285,39.0,,58.66,973,2,0,0.1329,0.65,0.8554,0,0,12,fashion,card,0
1286,20.0,133642.53,300.7,2410,2,0,0.0874,7.35,0.8613,0,0,14,food,card,0
1287,69.0,74303.71,149.43,3744,7,0,0.1108,1.91,0.8026,1,1,4,food,card,1
1288,31.0,79498.33,54.2,3386,4,0,0.1445,1.77,,0,0,7,food,upi,0
1289,23.0,15000.0,319.66,1567,6,0,0.2064,0.05,0.7571,0,0,18,electronics,upi,0
1290,53.0,53016.3,117.59,1129,2,1,0.1216,0.29,0.657,1,1,1,travel,upi,0
1291,31.0,172966.72,225.98,2497,2,0,0.372,21.27,0.7918,0,0,1,travel,card,0
1292,66.0,,158.85,2452,6,0,0.037,6.04,0.7937,0,0,18,jewelry,upi,0
1293,43.0,19914.22,438.93,2898,3,0,0.2783,11.02,0.9654,0,0,20,electronics,card,0
1294,18.0,,224.33,318,5,0,0.145,17.34,0.6352,0,0,10,fashion,upi,0
1295,72.0,28403.08,74.39,2173,9,0,0.3171,12.3,0.9174,0,0,1,travel,card,1
1296,47.0,140954.77,248.38,67,4,0,0.1893,3.37,0.8445,0,0,14,grocery,card,0
1297,32.0,62908.81,256.63,3964,3,1,0.0784,0.73,0.9705,1,0,3,electronics,net_banking,0
1298,56.0,36055.0,300.15,3502,2,0,0.0558,10.7,0.9861,0,0,19,food,card,0
1299,48.0,56043.04,507.16,2966,4,0,0.1346,5.81,0.944,0,0,4,grocery,card,0
1300,19.0,15000.0,97.22,1199,4,1,0.0266,4.76,0.8512,1,0,4,food,upi,0
1301,61.0,30283.54,351.04,2993,6,1,0.212,12.64,0.7692,0,0,16,grocery,card,0
1302,40.0,56113.55,32.08,1798,6,0,0.2318,14.9,0.8739,0,0,0,electronics,wallet,0
1303,57.0,87571.42,159.65,2606,4,0,0.0211,20.38,0.8144,1,0,17,travel,card,0
1304,69.0,18908.48,136.77,950,2,0,0.3661,6.31,0.9742,0,0,6,electronics,card,0
1305,52.0,44598.39,765.71,1914,2,1,0.2089,26.13,0.8983,0,0,0,gaming,wallet,0
1306,56.0,,153.95,3510,8,0,0.1974,1.36,0.9298,0,0,19,food,card,0
1307,32.0,24755.16,330.61,783,4,1,0.3102,1.53,0.6209,1,0,12,grocery,card,1
1308,31.0,62388.67,30.91,1556,1,0,0.265,3.79,0.935,0,0,3,food,upi,0
1309,41.0,57032.38,126.62,1187,4,0,0.1891,2.32,0.9513,0,0,2,fashion,wallet,0
1310,66.0,141209.18,77.22,741,5,0,0.1945,7.63,0.7996,0,0,6,travel,upi,0
1311,47.0,48460.95,2139.8,1606,5,0,0.2314,1.71,0.7367,0,0,0,grocery,upi,0
1312,37.0,50046.51,92.4,2443,3,0,0.0165,3.74,0.9188,0,0,21,grocery,card,0
1313,62.0,88019.73,193.69,247,2,1,0.1281,2.05,0.6889,0,0,19,food,upi,0
1314,66.0,26518.47,204.29,845,6,0,0.1984,6.79,0.6548,0,0,0,gaming,card,0
1315,69.0,48708.2,36.73,3274,4,0,0.22,0.92,0.9039,1,0,6,electronics,card,0
1316,35.0,42806.26,106.37,1064,4,0,0.2115,15.2,0.6198,0,0,20,food,card,0
1317,58.0,50954.43,269.81,1362,3,0,0.2909,9.85,0.8897,1,1,18,food,card,1
1318,51.0,87703.05,196.11,2700,3,0,0.2915,0.13,0.7762,0,0,21,food,card,0
1319,43.0,74598.62,18.04,2993,0,0,0.1995,18.41,0.8394,0,1,20,grocery,net_banking,0
1320,40.0,36436.02,102.1,3838,5,1,0.1538,3.62,0.8575,1,1,4,fashion,upi,0
1321,24.0,59294.57,499.59,660,0,0,0.2701,1.45,0.7214,0,0,19,grocery,wallet,0
1322,33.0,124845.39,324.14,3026,12,0,0.3403,7.86,0.4979,0,0,3,electronics,card,1
9249,46.0,74171.69,142.31,1728,2,0,0.1214,3.07,0.8774,0,0,15,food,net_banking,0
1324,68.0,59571.36,67.18,522,1,0,0.0639,2.13,0.8815,0,0,18,food,card,0
1325,67.0,49456.57,648.0,3510,7,0,0.0828,8.48,0.8484,0,1,5,travel,card,1
1326,28.0,53126.74,172.18,1270,2,0,0.0689,2.87,0.8389,0,0,13,grocery,upi,0
1327,56.0,22431.62,884.64,1709,2,0,0.1287,2.53,0.7797,0,0,20,grocery,wallet,0
1328,22.0,119492.4,180.6,3191,1,0,0.2993,19.56,0.793,1,0,8,food,card,0
1329,56.0,35925.22,23.23,2110,6,0,0.156,4.77,0.9624,0,0,16,fashion,upi,0
1330,37.0,96705.74,420.82,1122,4,1,0.1093,13.12,0.8711,0,0,2,travel,card,0
1331,43.0,39078.64,115.52,1308,3,0,0.2712,6.8,0.8231,1,0,10,grocery,card,0
1332,58.0,38990.02,123.56,2968,4,1,0.0855,12.86,0.9491,0,0,12,fashion,card,0
1333,42.0,107184.43,42.09,757,5,0,0.0238,0.36,0.87,0,0,20,,card,0
1334,64.0,95008.82,911.56,1903,6,1,0.0837,5.13,0.9067,0,0,23,food,upi,0
1335,48.0,61688.62,106.9,2997,4,0,0.174,2.44,0.7925,0,0,3,jewelry,upi,0
1336,74.0,83593.52,869.56,3541,3,0,0.4321,21.45,0.7426,0,1,5,food,upi,0
1337,54.0,46928.69,116.95,3309,1,0,0.4865,1.35,0.9141,0,0,12,travel,wallet,0
1338,34.0,54747.46,71.18,1455,0,0,0.1973,5.68,0.8357,0,1,15,electronics,net_banking,0
1339,62.0,38223.09,673.5,818,9,0,0.3,12.05,0.8565,0,0,10,food,upi,1
1340,41.0,90429.35,167.27,3740,6,0,0.2617,0.82,0.9343,0,1,1,travel,card,0
1341,48.0,37560.61,168.91,2401,5,1,0.3397,6.06,0.8983,0,0,2,fashion,wallet,1
1342,25.0,124483.0,49.97,1647,4,0,0.0284,6.01,0.7355,0,1,23,grocery,card,0
1343,24.0,46229.79,113.9,3610,6,0,0.2474,6.11,0.885,0,0,8,food,upi,0
1344,50.0,55623.9,276.35,2913,3,0,0.1151,4.16,0.8696,0,1,10,electronics,net_banking,0
1345,28.0,83482.21,49.1,1921,3,2,0.0682,0.6,0.8001,0,0,14,travel,card,0
1346,74.0,55726.66,104.99,804,7,0,0.1768,33.74,0.454,0,0,1,gaming,upi,0
1347,66.0,46687.83,118.22,354,3,0,0.1032,12.89,0.662,0,0,2,gaming,wallet,0
1348,57.0,54099.25,192.37,2137,6,1,0.1418,7.78,0.8491,0,1,20,grocery,card,1
1349,,,790.38,484,3,2,0.2556,3.5,0.9511,0,0,20,gaming,net_banking,0
1350,51.0,38197.29,133.35,1261,6,0,0.1049,0.11,0.7798,0,0,19,grocery,card,0
5251,26.0,117522.69,1055.99,2067,2,0,0.0049,1.45,0.7484,0,0,15,gaming,net_banking,0
1352,40.0,55312.06,2805.47,80,5,1,0.6053,3.02,0.8339,0,1,1,grocery,card,1
1353,46.0,88486.95,116.72,3957,6,1,0.4585,7.54,0.7418,0,0,13,travel,upi,0
1354,70.0,52061.11,148.75,1765,4,1,0.1956,4.47,0.9314,0,0,21,fashion,card,0
1355,30.0,148695.07,125.85,3484,3,0,0.1822,1.37,0.8099,0,0,2,fashion,wallet,0
228,51.0,,177.42,66,2,0,0.1101,0.01,0.7639,0,1,13,food,card,0
1357,37.0,48260.2,194.55,1859,0,0,0.2886,2.54,0.6942,0,0,18,travel,upi,0
1358,25.0,50062.16,452.03,3835,2,2,0.1007,20.79,0.734,0,0,17,jewelry,upi,0
1359,23.0,26660.43,269.6,2540,2,1,0.0729,10.2,0.8977,0,1,15,gaming,card,0
1360,38.0,31097.69,528.51,3240,5,0,0.0973,34.85,0.704,1,0,22,electronics,net_banking,0
1361,22.0,41077.74,511.31,2749,2,0,0.2464,15.12,0.7437,0,1,2,fashion,card,0
1362,,102723.37,221.74,2965,3,1,0.1515,2.36,0.7762,0,0,9,grocery,upi,1
1363,37.0,54007.01,262.24,1476,3,2,0.2373,36.05,0.7263,0,0,15,travel,card,0
1364,29.0,42130.79,545.49,1829,1,1,0.2025,2.16,0.8233,0,0,18,grocery,upi,0
1365,49.0,107977.98,59.25,226,4,0,0.0211,8.88,0.4416,0,0,11,electronics,card,0
1366,19.0,129086.23,2188.93,1058,8,1,0.3892,9.24,0.8513,0,0,2,grocery,card,0
1367,35.0,109704.85,107.81,286,12,0,0.1402,46.01,0.7856,1,0,10,gaming,upi,1
1368,43.0,34402.65,126.72,1317,5,0,0.3331,1.74,0.7082,0,0,0,food,upi,0
1369,,,53.57,2911,8,0,0.2169,0.82,0.8996,0,0,3,grocery,upi,1
1370,54.0,149140.38,55.19,841,6,1,0.3157,0.9,0.6947,0,0,10,food,wallet,0
1371,68.0,62800.31,476.75,1929,4,0,0.3856,8.54,0.8308,0,0,17,grocery,card,0
1372,37.0,47471.92,1742.63,2220,5,1,0.2273,0.8,0.6858,0,0,15,grocery,upi,0
1373,43.0,81648.59,102.08,680,1,0,0.1135,4.47,0.8078,0,0,4,electronics,net_banking,0
1374,41.0,95712.38,254.75,3250,2,1,0.4226,9.22,0.6685,0,0,5,gaming,upi,0
1375,68.0,40166.6,224.33,3091,7,0,0.4549,5.45,0.6596,1,0,14,grocery,card,1
2042,68.0,119045.89,176.29,1488,3,0,0.1829,12.41,0.7298,1,0,2,travel,upi,0
1377,72.0,91555.12,1655.19,173,7,0,0.0615,33.16,0.3773,0,0,5,travel,card,0
1378,60.0,29054.55,823.8,48,4,1,0.1537,9.98,0.6754,0,0,0,grocery,card,0
1379,46.0,55374.72,141.78,1192,6,0,0.1391,0.02,0.8395,0,1,14,fashion,card,0
1380,,29797.33,305.43,528,5,0,0.1472,8.54,0.7037,1,0,8,grocery,net_banking,0
1381,73.0,32020.1,337.31,99,5,1,0.19,2.57,0.8712,0,0,10,jewelry,card,0
1382,34.0,40351.48,176.42,1859,5,1,0.1527,2.07,0.8053,1,1,3,travel,wallet,1
1383,37.0,71503.68,60.16,2114,6,0,0.0681,3.79,0.9001,0,0,0,food,wallet,0
1384,69.0,46072.71,80.98,103,3,1,0.3495,10.24,0.7122,0,0,10,gaming,upi,0
1385,40.0,38501.73,567.43,2406,2,2,0.0111,5.29,0.9258,0,0,16,jewelry,upi,0
1386,31.0,56581.85,629.08,1630,3,0,0.0789,11.81,0.8416,0,0,22,electronics,,0
1387,49.0,29268.26,146.26,825,4,0,0.2359,0.83,0.7274,0,0,13,grocery,card,0
1388,36.0,69628.57,233.69,471,9,1,0.4261,1.56,0.7978,0,0,16,grocery,upi,0
1389,68.0,102472.65,595.99,3043,3,0,0.4596,20.35,0.8451,0,0,17,electronics,wallet,0
1390,69.0,52655.51,32.74,457,5,0,0.1291,15.5,0.6127,1,0,13,travel,card,0
1391,35.0,49199.14,115.19,825,2,1,0.1668,0.71,0.6154,0,0,10,grocery,upi,0
1392,,67540.36,1354.01,2859,2,0,0.3213,7.64,0.9808,0,0,13,food,wallet,0
1393,74.0,18023.47,242.81,2529,4,2,0.3048,3.18,0.4943,0,0,0,travel,upi,1
1394,60.0,73890.39,58.19,3998,0,1,0.0256,6.19,0.8406,0,0,19,jewelry,wallet,0
1395,30.0,250000.0,202.4,190,8,2,0.2106,4.66,0.9039,1,0,15,travel,net_banking,1
1396,51.0,51411.47,499.89,802,5,1,0.2281,41.14,0.9676,1,0,16,fashion,wallet,1
1397,53.0,51511.98,14.1,2656,2,0,0.0626,23.12,0.5961,0,0,21,jewelry,card,0
1398,55.0,82790.81,214.7,941,3,0,0.1975,8.28,0.6639,0,0,8,jewelry,upi,0
1399,19.0,135947.14,124.03,1542,2,1,0.2362,2.85,0.7302,0,0,12,travel,wallet,0
1400,,94025.45,34.85,1206,3,1,0.1933,1.08,0.787,1,0,3,travel,card,0
1401,66.0,16806.23,195.37,3239,5,0,0.1086,8.76,0.7802,1,1,13,grocery,net_banking,1
1402,31.0,74978.59,157.04,3146,3,0,0.1611,3.86,0.8463,0,0,14,food,upi,0
1403,35.0,226307.52,175.72,3229,7,0,0.1284,12.04,0.8821,1,0,23,grocery,card,1
1404,36.0,77453.35,127.06,2038,3,0,0.4417,1.73,0.8752,1,0,3,food,wallet,0
1405,28.0,29145.55,64.82,1966,3,0,0.0995,1.51,0.7986,0,0,2,grocery,card,0
1406,26.0,64221.59,42.02,2295,5,1,0.3217,3.56,0.8642,0,0,11,travel,card,1
1407,37.0,,90.22,297,4,1,0.0577,13.55,0.8565,0,1,23,electronics,upi,0
1408,67.0,108350.92,425.05,2199,3,0,0.1759,8.39,0.7878,0,1,23,electronics,net_banking,0
1409,18.0,32511.63,227.24,1128,5,0,0.1588,3.99,0.5683,1,0,1,food,card,0
1410,,57292.35,167.97,3751,4,1,0.1936,3.66,,0,0,15,fashion,net_banking,1
1411,21.0,34314.03,63.64,761,2,0,0.0847,1.88,0.8416,1,0,16,grocery,upi,0
1412,50.0,40722.74,123.85,168,3,0,0.1753,4.45,0.8529,0,0,7,fashion,card,0
1413,32.0,124551.1,376.2,3854,0,0,0.2306,13.52,0.7292,0,0,4,gaming,card,0
6205,21.0,27964.78,366.58,181,4,0,0.2213,0.8,0.7727,0,1,17,jewelry,net_banking,0
1415,51.0,40438.08,111.69,2084,5,1,0.0691,3.78,0.9166,0,0,10,travel,upi,0
1416,62.0,29296.2,13.22,1546,6,0,0.2423,23.3,0.7978,1,0,22,travel,card,0
1417,54.0,19646.46,91.66,1099,6,2,0.1941,7.88,0.9163,0,0,2,grocery,upi,0
1418,42.0,27636.26,111.08,1967,1,0,0.1342,3.84,0.8671,0,1,0,gaming,upi,0
1419,67.0,58493.22,72.66,2937,7,0,0.2417,10.26,0.7793,1,0,16,jewelry,card,0
1420,,94298.17,119.08,482,2,1,0.0732,4.08,0.681,1,0,3,food,upi,0
1421,72.0,40412.53,407.28,2656,6,0,0.0391,6.39,0.8611,1,0,3,food,card,0
9762,26.0,,1127.25,3072,4,1,0.1488,2.89,0.9287,0,0,2,gaming,card,1
1423,51.0,37066.29,484.27,1182,3,0,0.4386,3.07,0.8924,0,1,1,food,wallet,0
1424,56.0,48251.49,39.83,2721,4,0,0.2047,24.2,0.7923,0,0,20,grocery,card,0
1425,32.0,30373.36,132.67,3683,4,0,0.3999,12.03,0.7104,0,0,7,grocery,upi,0
1426,64.0,94845.77,25.89,3731,6,0,0.1163,10.77,0.7641,0,1,16,grocery,upi,0
1427,56.0,174332.44,117.49,2602,1,0,0.1279,1.18,0.8074,0,0,7,food,upi,0
1428,69.0,20870.44,63.26,3764,1,0,0.2233,1.69,0.9911,0,0,8,,card,0
1429,33.0,45465.06,648.21,3115,3,0,0.133,3.67,0.7476,0,0,22,travel,card,0
1430,62.0,110273.33,271.15,2064,1,0,0.1514,5.52,0.9377,0,0,0,fashion,wallet,0
1431,44.0,24816.61,496.6,529,2,1,0.2667,7.18,0.8839,1,0,23,grocery,net_banking,0
1432,28.0,75114.18,117.17,3416,4,0,0.1179,19.64,0.6974,0,0,10,electronics,card,0
1433,27.0,107677.74,64.93,1167,4,0,0.1181,5.05,0.7213,0,0,19,electronics,upi,0
1434,50.0,57418.07,62.89,2954,6,0,0.3816,26.55,0.7742,0,0,15,grocery,upi,1
1435,36.0,74438.84,234.72,2590,5,0,0.0815,29.21,0.9384,0,0,0,food,card,0
1436,23.0,144868.94,1100.06,1461,5,0,0.2124,14.21,0.5823,0,0,4,gaming,card,0
1437,42.0,160608.19,271.87,3105,7,0,0.3236,10.81,0.8615,0,0,1,grocery,upi,0
1438,55.0,,123.74,2639,2,1,0.0415,4.97,0.6453,0,0,13,,,0
1439,36.0,41039.1,149.04,2989,2,0,0.2138,4.43,0.809,0,0,14,fashion,upi,0
1440,72.0,33159.99,174.45,3812,2,1,0.1251,1.62,0.7585,0,0,5,gaming,upi,0
1441,62.0,94128.74,1365.94,1121,4,0,0.3799,1.95,0.7964,0,0,16,fashion,card,0
1442,47.0,25864.12,618.05,3063,3,1,0.4389,9.88,0.8805,0,0,15,food,upi,0
1443,71.0,47866.58,233.44,187,0,0,0.2504,1.26,0.9591,0,0,20,fashion,upi,0
1444,42.0,58195.76,200.88,2846,6,0,0.2864,13.11,0.606,0,0,3,travel,,0
1445,25.0,41707.53,242.82,647,1,0,0.0798,7.3,0.3832,0,0,7,grocery,card,0
1446,20.0,64150.66,295.08,910,5,0,0.0903,45.36,0.8102,0,0,11,fashion,card,0
1447,71.0,225386.23,119.08,806,4,0,0.1403,12.04,0.9033,0,0,0,gaming,card,0
1448,72.0,51441.95,77.39,3329,7,0,0.2639,4.23,0.9746,1,0,20,gaming,upi,1
1449,60.0,43287.33,505.31,1514,0,1,0.3952,12.92,0.6817,0,1,11,food,card,1
1450,23.0,96136.18,184.0,1576,5,0,0.2081,4.5,0.8163,0,0,19,grocery,card,0
1451,34.0,62746.59,464.84,1464,5,0,0.2842,7.3,0.8623,0,0,23,grocery,card,0
1452,20.0,121385.07,933.66,2507,2,1,0.1618,19.24,0.9163,0,1,18,jewelry,upi,0
1453,,60214.39,302.95,3666,3,0,0.1608,0.98,0.9883,0,0,5,gaming,card,0
1454,32.0,47975.98,257.63,2720,4,2,0.2416,3.75,0.6916,1,0,0,fashion,net_banking,1
1455,50.0,20620.47,4416.93,431,5,0,0.0408,0.84,0.7615,1,1,2,food,card,1
1456,21.0,22566.78,221.4,2075,10,2,0.3428,2.29,0.6825,1,0,9,food,upi,1
1457,74.0,20039.37,60.49,457,5,0,0.2964,2.88,0.9736,0,0,7,food,card,0
1458,43.0,67759.84,135.87,687,8,0,0.3688,8.37,0.8306,1,0,20,electronics,card,0
1459,33.0,25999.99,849.49,810,3,0,0.1166,3.67,0.8334,0,0,20,food,card,0
1460,,109716.61,49.34,2798,1,0,0.3017,1.41,0.9093,0,0,6,jewelry,card,0
1461,63.0,55922.61,84.82,3505,4,0,0.1124,8.36,0.7891,0,0,8,gaming,card,0
1462,35.0,48087.89,544.24,1011,2,0,0.2567,5.2,0.9015,0,0,1,electronics,net_banking,0
1463,20.0,34577.84,137.19,3770,5,1,0.0559,0.95,0.9103,1,0,9,food,upi,0
1464,20.0,77445.58,161.21,1083,4,3,0.0864,3.61,0.8363,0,1,20,fashion,card,1
1465,66.0,35334.48,526.54,1249,2,2,0.1347,27.85,0.9173,0,0,10,travel,wallet,0
1466,24.0,31988.46,87.89,533,5,0,0.5042,1.17,0.7172,0,0,9,travel,card,0
1467,54.0,,41.44,215,2,0,0.4872,21.67,0.974,0,1,11,gaming,upi,0
1468,39.0,66844.89,44.88,2491,8,0,0.1538,17.44,0.7942,0,1,23,gaming,upi,0
1469,62.0,48333.36,322.06,1647,4,0,0.2674,14.58,0.8859,0,0,10,electronics,net_banking,1
1470,21.0,78266.63,233.24,496,2,0,0.1399,6.15,0.6555,0,0,6,travel,card,0
1471,69.0,55270.85,90.05,2271,6,1,0.3764,7.15,0.9193,0,0,14,travel,card,1
1472,57.0,67896.9,56.5,1400,4,0,0.3244,9.11,0.986,1,0,2,jewelry,upi,0
1473,43.0,35095.29,137.33,1589,6,0,0.4968,2.21,0.9346,0,0,17,electronics,card,0
1474,29.0,171752.15,549.76,3561,4,1,0.0999,1.97,0.8776,0,0,0,electronics,net_banking,0
1475,73.0,39986.51,78.03,1631,2,0,0.1355,1.83,0.6146,0,0,18,electronics,,0
1476,35.0,129430.26,92.78,1828,4,0,0.0843,1.72,0.567,0,0,8,electronics,card,0
1477,45.0,49573.45,54.73,2758,2,0,0.2012,7.92,0.8519,1,0,14,gaming,upi,0
1478,40.0,85732.9,124.65,3581,7,0,0.2296,0.26,0.801,0,0,18,jewelry,upi,0
1479,31.0,82364.63,252.41,2960,4,1,0.1807,15.41,0.6546,0,0,14,grocery,card,0
1480,41.0,103347.97,1492.38,1986,5,0,0.1642,8.76,0.809,0,0,9,fashion,upi,0
1481,26.0,34639.34,223.8,1243,5,0,0.1809,4.53,0.8621,0,0,3,travel,upi,0
1482,18.0,99378.19,170.59,739,6,1,0.1041,16.99,0.818,0,1,13,electronics,upi,1
1483,34.0,151847.25,426.62,520,3,0,0.1502,14.0,0.9725,0,0,3,fashion,net_banking,0
1484,24.0,47705.76,361.11,3042,4,3,0.2103,28.51,0.8717,0,1,1,grocery,net_banking,0
1485,41.0,56059.94,101.02,2955,4,0,0.2614,4.99,0.8966,0,0,6,jewelry,card,0
1486,67.0,41241.19,1799.06,1433,2,0,0.1178,6.68,0.8554,0,0,21,jewelry,upi,0
1487,27.0,45458.2,175.66,3756,3,1,0.3162,1.99,0.9048,0,0,10,fashion,card,0
1488,18.0,140979.67,228.0,3866,2,0,0.5332,1.27,0.411,0,0,6,fashion,card,0
1489,24.0,31658.42,312.41,2494,5,0,0.1759,7.79,0.817,0,0,16,gaming,card,0
1490,46.0,32758.68,254.38,1070,2,1,0.0282,7.8,0.8694,0,1,9,fashion,card,0
1491,33.0,133396.87,827.45,2041,4,1,0.193,2.08,0.8542,0,0,2,fashion,upi,0
1492,45.0,77543.17,99.79,3293,4,2,0.233,11.56,0.7156,0,0,22,electronics,upi,0
1493,,176538.12,394.0,2042,4,0,0.0137,3.0,0.8105,1,0,9,electronics,card,0
1494,36.0,42930.9,212.2,1990,3,1,0.0642,3.91,0.9488,1,0,5,travel,card,0
1495,41.0,58955.79,480.91,2144,4,0,0.0548,12.6,0.9079,0,0,18,fashion,wallet,0
1496,42.0,38243.01,145.18,3373,4,0,0.0131,4.02,0.8074,0,0,2,grocery,upi,0
1497,,59510.27,126.79,1660,3,0,0.3419,6.81,0.6923,0,0,9,grocery,wallet,0
1498,62.0,20729.96,374.29,756,3,0,0.0592,13.04,0.8127,0,0,3,electronics,card,0
1499,44.0,80162.69,257.48,2069,6,1,0.0223,22.13,0.8405,0,0,3,food,upi,0
1500,65.0,65709.53,79.25,2545,6,0,0.3349,2.58,0.7963,0,0,18,fashion,card,1
1501,48.0,53286.24,691.3,3740,3,2,0.139,11.15,0.9574,0,0,14,travel,card,0
1502,32.0,44373.07,374.45,479,2,0,0.1361,4.52,0.7782,1,0,8,grocery,card,0
1503,31.0,33623.27,167.13,3772,1,0,0.158,13.56,0.8121,0,0,4,food,card,0
1504,,82070.23,112.7,3227,3,0,0.0936,4.98,0.653,1,1,4,travel,upi,1
1505,52.0,28882.44,259.07,2850,5,0,0.3843,6.29,0.66,0,0,19,grocery,upi,0
1506,31.0,72884.5,348.43,965,4,1,0.2731,1.25,0.6416,0,0,4,travel,card,0
1507,70.0,172135.41,36.56,849,10,0,0.1905,5.99,0.5352,0,0,3,fashion,upi,0
1508,45.0,124508.0,262.08,1727,1,0,0.1598,3.71,0.9214,0,0,14,food,upi,0
1509,67.0,24035.04,345.68,754,8,0,0.1313,2.28,0.8174,0,0,2,jewelry,card,0
1510,56.0,40940.81,17.12,2634,2,0,0.0379,11.41,0.6846,0,1,8,travel,card,0
1511,37.0,69347.57,219.02,3016,6,0,0.0794,0.01,0.7272,0,1,3,electronics,upi,1
1512,31.0,52914.54,360.53,1928,4,0,0.151,12.15,0.8228,0,0,6,fashion,upi,1
1513,60.0,25474.04,321.77,2776,1,0,0.1214,1.73,0.9486,0,0,20,food,wallet,0
1514,36.0,67982.95,401.58,3122,9,0,0.1857,10.37,0.7881,1,0,18,electronics,upi,0
4687,72.0,47721.35,81.44,1681,3,2,0.1907,9.49,0.807,0,0,18,travel,upi,0
1516,71.0,157623.95,63.63,2762,3,1,0.0589,2.94,0.8192,0,0,13,fashion,net_banking,0
1517,45.0,47849.34,29.76,957,3,0,0.0999,13.56,0.6937,0,0,1,,card,0
1518,20.0,104557.28,536.56,547,7,1,0.1582,3.52,0.3267,0,0,18,gaming,,0
1519,46.0,27397.03,363.59,3763,5,1,0.132,16.47,0.4118,0,1,21,grocery,wallet,0
1520,,,579.08,3100,6,0,0.2206,3.16,0.9267,0,0,15,grocery,card,1
1521,67.0,81797.55,87.17,3402,5,1,0.213,7.61,0.4057,0,0,5,gaming,card,0
1522,58.0,99821.65,402.14,1711,7,0,0.1729,20.18,0.8292,0,0,20,travel,upi,1
1523,28.0,32484.63,40.06,655,5,0,0.3623,4.16,0.8211,0,0,7,fashion,card,1
1524,26.0,55733.19,75.45,2403,4,0,0.1569,7.3,0.8121,0,0,19,fashion,upi,0
1525,52.0,25725.03,204.17,2569,3,1,0.3408,15.47,0.7992,0,0,22,travel,card,0
1526,20.0,49782.44,349.38,889,6,0,0.0379,1.66,0.8821,0,0,18,travel,card,0
1527,36.0,87150.87,964.85,1895,5,0,0.4218,6.34,0.7302,0,0,23,grocery,card,1
1528,25.0,43297.98,141.58,1709,2,0,0.0694,1.7,0.8295,0,0,13,food,upi,0
1529,19.0,47959.84,75.73,1060,8,0,0.1624,7.96,0.9204,1,0,5,jewelry,net_banking,0
1530,70.0,29545.92,71.94,3274,5,0,0.0341,18.92,0.7778,0,0,13,grocery,upi,0
1531,23.0,38503.0,90.48,1958,3,0,0.035,6.19,0.8075,0,0,3,food,upi,0
1532,18.0,,1659.02,3707,4,0,0.2584,18.85,0.7737,1,0,15,fashion,wallet,0
1533,71.0,57250.81,383.69,35,4,0,0.4088,2.51,0.6716,0,0,4,food,card,0
1534,28.0,31691.99,547.57,3756,6,1,0.277,18.97,0.8593,0,0,10,grocery,card,0
2653,74.0,38400.75,229.05,1597,3,0,0.0945,8.42,0.8457,1,0,3,,upi,0
1536,19.0,22845.36,179.7,2809,7,0,0.5492,11.16,0.9566,0,0,7,food,wallet,0
1537,26.0,31486.07,362.21,1172,2,0,0.0674,6.27,0.962,0,0,8,food,net_banking,0
1538,24.0,116224.08,108.54,343,5,1,0.1519,7.33,,0,0,19,travel,net_banking,0
1539,58.0,50854.46,134.51,948,3,0,0.2201,29.68,0.7211,0,0,0,electronics,upi,0
1540,53.0,155591.62,91.68,1787,3,0,0.0326,1.34,0.7814,0,0,2,fashion,net_banking,0
1541,45.0,52190.05,115.06,1371,3,0,0.1153,2.46,0.9629,1,0,16,grocery,card,0
1542,31.0,53922.34,189.04,796,0,0,0.1232,14.66,0.9375,0,1,9,food,upi,0
1543,23.0,78243.44,79.14,80,3,0,0.1561,6.08,0.646,0,0,9,gaming,card,0
1544,50.0,15000.0,239.59,2799,9,0,0.3669,3.37,0.8121,0,0,7,jewelry,card,0
7732,36.0,58090.64,218.78,3271,6,0,0.0172,3.68,0.9228,0,0,13,grocery,card,0
227,64.0,35101.16,36.31,389,3,0,0.2847,4.84,0.8652,0,0,13,electronics,upi,0
1547,57.0,124543.44,78.69,3139,3,0,0.164,4.29,0.7133,0,0,10,grocery,upi,0
1548,66.0,93494.9,199.92,3910,2,1,0.1315,1.37,,0,0,9,travel,upi,0
1549,46.0,29482.67,108.64,3999,7,1,0.2073,25.9,0.7331,0,0,20,electronics,wallet,1
1550,18.0,108908.65,188.59,802,4,0,0.4915,6.78,0.8576,0,1,16,food,card,0
1551,33.0,47610.83,539.74,1725,6,0,0.0219,3.53,0.9125,0,0,1,food,net_banking,0
1552,66.0,33444.39,51.42,239,5,0,0.2019,6.53,0.7931,0,1,23,jewelry,card,0
9449,62.0,37398.03,40.89,1395,1,0,0.289,1.2,0.4557,0,0,16,electronics,upi,0
1554,53.0,49195.89,167.41,3378,3,0,0.3053,2.46,0.6952,1,0,5,fashion,card,0
1555,44.0,128186.87,271.73,3873,3,0,0.1149,13.01,0.7795,0,0,3,fashion,wallet,0
1556,27.0,,84.79,833,4,1,0.0236,0.66,0.8895,0,0,13,fashion,card,0
1557,69.0,61586.68,564.06,1870,4,0,0.0517,4.34,0.8199,0,0,20,fashion,card,0
1558,62.0,90259.52,158.75,125,2,1,0.1493,0.81,0.8949,0,0,15,food,wallet,0
1559,74.0,100324.77,121.37,3268,5,0,0.1901,7.21,0.6151,0,0,1,travel,upi,0
1560,66.0,84632.3,101.23,2205,4,0,0.1294,1.31,0.7795,0,0,3,grocery,net_banking,0
1561,34.0,120065.58,137.62,1189,3,1,0.2283,2.45,0.718,0,0,21,electronics,upi,0
1562,32.0,76869.45,273.5,3877,4,0,0.295,5.76,0.9084,0,0,13,travel,upi,0
1563,32.0,60312.63,213.96,569,6,0,0.123,8.78,0.6631,0,0,12,grocery,card,0
1564,70.0,108731.1,172.97,1091,5,0,0.2678,1.86,0.9151,0,1,6,grocery,net_banking,0
1565,49.0,52317.99,88.37,2998,2,0,0.2247,0.62,0.9619,0,0,20,travel,card,0
1566,43.0,56014.96,83.41,1652,0,0,0.1261,5.45,,0,1,13,gaming,card,0
1567,73.0,141769.22,113.53,2811,4,0,0.0775,8.29,0.8585,0,0,12,electronics,wallet,0
1568,52.0,134208.08,285.21,971,4,1,0.2066,0.8,0.9232,0,0,20,fashion,card,0
1569,69.0,54753.24,349.05,2643,3,2,0.4347,1.96,0.543,0,0,9,jewelry,card,0
1570,74.0,42857.46,399.42,2245,4,0,0.1405,9.8,0.8272,0,0,21,food,,0
1571,22.0,122986.99,179.74,216,4,1,0.1922,13.59,0.7301,0,1,13,food,card,0
1572,38.0,85418.55,264.15,1311,1,0,0.4471,1.3,0.6908,0,0,3,food,wallet,0
1573,59.0,,152.1,1210,9,1,0.1764,28.67,0.8171,0,0,1,grocery,upi,1
1574,64.0,46076.51,31.52,2377,6,0,0.3843,2.65,0.7606,0,0,2,gaming,card,0
1575,26.0,66007.36,145.04,1770,4,0,0.0594,26.74,0.7347,0,0,23,food,card,0
1576,36.0,54347.22,123.67,1927,4,0,0.1119,6.23,0.9259,0,0,17,food,wallet,0
1577,49.0,38166.08,63.68,703,2,0,0.3202,21.02,0.9125,0,0,14,grocery,upi,0
1578,63.0,59045.39,102.06,3717,4,0,0.0984,3.9,0.732,0,0,6,fashion,card,0
1579,24.0,,206.04,3006,5,0,0.1698,12.75,0.9003,0,0,11,fashion,card,0
1580,52.0,44739.91,57.96,2689,7,0,0.1917,0.47,0.6889,0,0,8,fashion,card,0
1581,34.0,90417.45,88.43,1124,6,0,0.1537,30.32,0.9707,0,0,14,jewelry,card,0
1582,30.0,111741.82,846.29,2739,3,0,0.0783,1.03,0.6199,0,0,9,food,upi,0
1583,47.0,93763.62,36.24,962,3,1,0.0879,4.07,0.9168,1,0,23,food,wallet,1
1584,41.0,47247.35,149.87,1961,5,0,0.1704,4.16,0.8251,0,0,17,travel,card,0
1585,54.0,83348.87,56.07,1094,2,1,0.3395,11.14,0.8402,0,1,4,gaming,upi,0
1586,36.0,57409.62,84.89,1233,7,1,0.2554,8.1,0.721,0,0,13,electronics,upi,0
1587,64.0,27873.4,147.71,2608,3,1,0.1517,5.39,0.6194,1,0,3,food,card,0
1588,22.0,79625.5,67.05,1276,3,0,0.2713,3.27,0.672,0,0,21,gaming,card,0
1589,67.0,,319.54,2928,2,0,0.3145,2.84,0.7792,0,0,11,grocery,card,0
1590,19.0,229014.33,695.14,2030,3,1,0.3169,8.93,0.53,0,0,6,,card,0
1591,59.0,122588.37,417.65,3924,4,0,0.2753,0.14,0.6742,0,0,2,food,upi,0
1592,37.0,81326.0,501.48,791,5,0,0.0863,0.13,0.5488,1,0,7,food,wallet,0
1593,39.0,63078.31,45.3,3781,3,0,0.0379,14.07,0.9582,0,1,2,jewelry,net_banking,0
1594,19.0,60182.43,141.16,555,3,0,0.1458,17.72,0.9603,0,1,19,fashion,card,0
1595,58.0,31667.91,287.26,2212,5,0,0.0512,8.79,0.5813,0,1,4,gaming,upi,0
1596,27.0,,430.16,1508,3,0,0.3263,10.67,0.8493,0,0,13,food,card,0
1597,55.0,34036.23,1039.31,3016,4,0,0.0571,4.95,0.8117,0,0,18,grocery,upi,0
1598,59.0,53575.34,524.26,547,5,0,0.091,0.6,0.7907,0,0,19,travel,card,0
1599,66.0,17275.45,441.18,1041,4,0,0.1328,13.35,0.9929,1,0,10,electronics,card,0
1600,58.0,40770.39,2506.27,946,4,0,0.3114,7.59,0.8636,0,0,7,gaming,wallet,0
1601,35.0,47997.36,198.2,3685,4,0,0.134,4.42,0.8802,0,0,13,electronics,card,0
846,18.0,59774.19,106.72,1109,3,0,0.1791,11.52,0.9224,0,0,8,jewelry,net_banking,1
1603,65.0,,214.93,681,1,0,0.5955,1.99,0.9057,0,0,11,food,card,0
1604,36.0,45581.44,72.09,3166,4,0,0.0316,9.94,0.8872,1,0,4,grocery,wallet,0
1605,25.0,141949.99,192.6,1163,4,0,0.3549,1.54,0.97,0,0,7,travel,net_banking,0
1606,68.0,79163.32,32.01,922,6,0,0.1125,14.98,0.4256,0,0,12,jewelry,wallet,0
1607,26.0,40413.66,106.0,1992,5,0,0.0889,1.02,0.8992,0,0,16,gaming,card,0
1608,51.0,52970.86,160.39,3172,5,0,0.033,0.91,0.7312,0,0,19,grocery,card,0
1609,31.0,54150.16,465.26,3363,2,0,0.0227,11.57,0.957,0,0,7,grocery,upi,0
4857,66.0,24242.6,794.06,79,5,0,0.1522,10.03,0.8653,0,0,15,jewelry,wallet,0
1611,62.0,36028.55,68.67,3595,2,0,0.0918,6.45,0.6607,0,0,17,,card,0
1612,26.0,95882.3,1435.1,3988,1,0,0.0564,16.62,0.8374,0,0,8,food,upi,0
1613,56.0,43660.85,208.79,1303,4,0,0.2175,4.1,0.8702,0,0,18,gaming,card,0
1614,57.0,30121.83,228.84,2082,11,1,0.2309,5.29,0.972,0,0,10,grocery,wallet,1
7150,36.0,28134.11,55.13,1465,2,0,0.1033,7.51,0.8574,0,0,23,food,card,0
1616,27.0,58688.19,96.82,1919,5,0,0.1028,16.28,0.8692,0,0,12,electronics,card,0
1617,63.0,18584.83,514.29,2619,4,0,0.4623,6.61,0.8106,0,0,11,grocery,card,0
1618,46.0,53781.13,213.31,2612,3,0,0.2918,5.12,0.7387,0,0,18,travel,upi,0
1619,24.0,88652.32,200.49,1914,7,0,0.2199,6.25,0.8202,1,1,13,gaming,card,1
1620,,70492.71,225.91,1916,4,1,0.2479,8.31,0.8455,1,0,6,travel,card,0
1621,33.0,187489.06,42.51,1969,6,0,0.415,1.05,0.8488,0,0,16,food,upi,0
1622,18.0,109447.33,163.42,1649,6,0,0.1252,12.26,0.9792,1,0,11,food,wallet,0
1623,,122027.56,736.04,519,4,1,0.133,29.62,0.7864,0,0,3,jewelry,upi,0
1624,18.0,250000.0,533.61,1502,2,0,0.0785,26.02,0.8897,0,0,23,jewelry,net_banking,0
1625,49.0,83455.97,158.82,2870,4,0,0.1663,3.15,0.9242,0,0,2,electronics,upi,0
1626,74.0,60160.85,859.74,3911,8,0,0.1377,5.62,0.68,0,0,1,electronics,card,1
1627,50.0,93961.99,51.1,3256,0,0,0.3741,1.93,0.9214,0,0,11,,net_banking,0
1628,51.0,40437.32,68.12,3450,4,0,0.385,4.4,0.8709,0,0,2,fashion,wallet,0
1629,40.0,58355.91,1160.47,3138,2,0,0.1177,19.83,0.9362,0,0,20,travel,upi,0
1630,25.0,38516.36,320.84,2024,3,1,0.0638,17.16,0.5859,0,1,7,travel,upi,0
1631,50.0,68458.29,134.84,2737,2,0,0.1105,5.7,0.9066,0,0,0,electronics,net_banking,0
1632,69.0,38427.88,170.31,3350,5,0,0.3366,13.8,0.7735,1,1,7,fashion,net_banking,0
1633,23.0,37694.81,80.34,914,4,0,0.387,3.05,0.9222,0,0,23,grocery,card,0
1634,68.0,69043.97,237.35,621,5,0,0.0446,0.06,0.9105,0,0,2,fashion,wallet,0
1635,41.0,50988.08,219.28,1087,6,0,0.2067,16.11,0.8141,0,0,5,fashion,card,0
1636,48.0,19052.47,183.62,2131,4,0,0.106,4.61,0.5757,0,0,4,fashion,card,0
1637,27.0,24699.35,56.44,3151,7,0,0.1041,2.52,0.6336,0,0,7,grocery,upi,0
1638,53.0,29263.37,234.56,1817,7,2,0.1169,17.25,0.8118,0,0,14,electronics,,1
1639,28.0,33841.86,106.0,3931,5,0,0.1436,33.04,0.7842,0,0,22,food,card,0
1640,33.0,69080.05,67.15,1319,3,0,0.0652,2.53,0.941,0,0,7,food,net_banking,0
1641,59.0,62038.15,638.87,1863,2,1,0.0325,1.34,0.908,0,0,14,electronics,card,0
1642,20.0,98813.76,1576.05,3676,4,1,0.049,0.61,0.7264,1,1,5,jewelry,card,1
1643,43.0,83210.55,1255.86,707,1,0,0.1986,5.66,0.907,1,1,17,food,card,0
1644,,99174.39,344.84,3334,6,2,0.1661,2.67,0.6995,1,0,11,grocery,wallet,1
1645,25.0,76857.35,138.02,629,4,0,0.1985,13.66,0.8987,0,0,16,grocery,card,0
1646,34.0,61723.01,167.77,3631,6,1,0.2362,16.09,0.6194,1,0,13,jewelry,card,1
1647,37.0,100682.97,270.04,1313,4,0,0.2343,5.41,0.7531,0,0,8,electronics,card,0
1648,55.0,91195.93,118.24,2551,5,0,0.3504,12.87,0.5928,0,0,1,grocery,card,1
1649,73.0,67639.06,673.01,2855,2,0,0.1974,9.32,0.6286,0,0,21,,net_banking,0
1650,65.0,110655.6,23.51,1523,2,1,0.0643,3.64,0.9066,0,0,0,fashion,card,0
1651,28.0,15137.11,133.92,2214,3,0,0.2404,1.27,0.9116,0,1,0,electronics,wallet,0
1652,19.0,46879.4,401.03,3034,1,0,0.0103,19.04,0.8141,1,0,18,grocery,wallet,0
1653,20.0,46485.87,77.31,3507,5,0,0.2074,4.6,0.8602,0,0,18,grocery,card,0
1654,51.0,103679.95,141.57,461,3,0,0.5062,0.76,0.8725,0,0,15,grocery,wallet,0
1655,26.0,130529.65,325.9,1996,4,0,0.0784,3.57,0.8747,0,0,14,gaming,,0
1656,31.0,24772.51,821.58,3416,5,1,0.2561,5.02,0.7465,0,0,2,electronics,card,0
1657,66.0,119518.97,49.35,2236,2,0,0.0336,13.26,0.7957,0,0,15,food,card,0
1658,67.0,,45.83,144,5,0,0.1977,2.62,0.6845,0,0,8,fashion,card,0
1659,65.0,29360.93,69.89,528,3,0,0.1535,2.17,0.8911,1,0,13,jewelry,card,0
1660,32.0,48350.48,38.68,3278,10,0,0.0363,0.62,0.9552,0,0,9,jewelry,card,0
1661,53.0,46169.51,41.54,1710,5,0,0.1631,5.27,0.6793,0,0,2,electronics,card,0
1662,52.0,23340.82,68.05,2824,6,0,0.3502,6.28,0.7814,0,0,17,food,upi,1
1663,28.0,78631.0,617.98,3573,5,0,0.2402,1.8,0.9089,0,0,17,food,upi,0
1664,49.0,79918.27,131.75,381,5,0,0.6081,0.1,0.9453,0,0,14,grocery,card,0
1665,47.0,98204.9,185.74,1836,5,0,0.4574,19.01,0.761,0,1,16,electronics,upi,0
1666,40.0,43333.79,69.23,613,4,0,0.321,3.19,0.9773,0,0,22,travel,card,0
1667,60.0,53815.56,339.17,3373,3,0,0.3048,9.21,0.9295,0,0,7,gaming,card,0
1668,56.0,54087.24,1174.64,1825,7,2,0.1719,1.1,0.9535,0,0,23,jewelry,card,0
1669,48.0,139174.8,74.09,3510,4,1,0.0843,5.3,0.9788,0,0,0,food,card,0
1670,59.0,15000.0,1010.0,1220,4,0,0.0551,14.9,,0,0,2,electronics,net_banking,0
1671,61.0,32492.65,259.14,606,7,0,0.0743,2.56,0.8323,0,0,7,grocery,card,0
1672,50.0,55167.87,183.06,3473,1,0,0.0846,3.43,0.9486,0,0,2,electronics,card,0
1673,33.0,30273.4,268.56,2464,5,1,0.3213,4.0,0.5976,0,1,23,grocery,net_banking,0
1674,61.0,47715.53,266.0,795,4,0,0.3062,5.83,0.5798,0,0,14,grocery,card,0
1675,58.0,51315.44,1152.93,2786,3,0,0.1263,1.49,0.8042,0,0,9,food,card,0
1676,74.0,38305.97,302.83,1685,3,0,0.1438,4.54,0.8504,0,0,19,gaming,upi,0
1677,26.0,56985.17,309.22,215,5,0,0.0214,9.56,0.867,1,0,11,electronics,card,0
1678,41.0,77696.89,118.09,1064,0,0,0.3662,0.23,0.6967,1,0,23,fashion,upi,0
1679,70.0,48297.83,416.56,3007,3,0,0.1933,10.54,0.6495,0,0,17,grocery,upi,0
1680,47.0,42865.88,69.14,534,3,0,0.2302,1.13,0.6347,0,0,23,jewelry,card,0
1681,71.0,50207.4,200.73,1370,5,0,0.3213,2.93,0.8269,0,0,9,fashion,card,0
1682,18.0,54775.51,3217.12,1061,5,0,0.3108,9.81,0.8248,1,0,16,fashion,wallet,0
4021,25.0,34221.86,54.27,894,4,3,0.2345,2.6,0.6119,0,0,1,grocery,card,0
1684,63.0,70894.14,227.26,3444,5,0,0.0591,21.78,0.5191,0,0,0,jewelry,card,0
1685,38.0,42917.62,236.18,3156,5,0,0.0826,4.35,,0,0,14,gaming,card,0
1686,47.0,110076.71,143.29,2870,3,0,0.0936,0.95,0.8235,0,1,21,travel,card,0
1687,42.0,76127.73,146.71,385,6,0,0.0636,6.08,0.8927,1,1,12,gaming,card,1
1688,41.0,104675.98,197.23,3659,4,0,0.0219,2.27,0.7697,0,1,2,grocery,upi,0
1689,71.0,31540.77,139.9,672,4,0,0.3152,7.05,0.6895,0,0,17,gaming,card,0
1690,23.0,44838.65,224.74,1638,5,1,0.1778,28.58,0.6494,0,1,18,electronics,card,0
1691,62.0,27770.69,110.54,3316,3,0,0.0985,15.4,0.9311,0,0,18,food,card,0
1692,68.0,37318.08,1360.15,984,5,0,0.054,2.55,0.9413,0,0,19,fashion,upi,0
1693,55.0,109507.3,139.9,890,4,2,0.2863,21.81,0.7983,0,0,18,electronics,upi,1
1694,40.0,124642.92,318.16,134,3,0,0.2087,12.94,0.8769,0,1,16,grocery,card,0
1695,27.0,29249.42,92.2,1452,6,0,0.1875,17.78,0.8726,0,0,9,fashion,card,0
1696,56.0,42746.21,457.65,1995,7,1,0.0565,3.12,0.9275,0,0,19,grocery,net_banking,0
1697,44.0,52742.71,374.81,1885,5,0,0.1814,3.16,0.927,0,0,6,electronics,card,0
1698,26.0,75899.97,273.75,187,5,0,0.1031,0.97,0.9286,0,1,19,fashion,wallet,0
1699,38.0,20893.49,64.43,843,7,0,0.2545,3.26,0.6249,1,0,15,fashion,card,1
1700,72.0,22775.45,84.82,46,4,0,0.264,16.58,0.7954,1,0,19,grocery,card,0
1701,33.0,,971.78,923,3,0,0.123,8.24,0.9125,0,0,4,jewelry,,0
1702,28.0,18828.32,83.89,2430,5,1,0.205,8.66,0.9182,0,0,7,grocery,card,1
1703,56.0,43016.97,341.67,64,1,0,0.0784,0.2,0.8021,0,0,17,food,card,0
1704,29.0,60128.48,69.99,684,2,0,0.4252,13.31,0.7955,0,1,23,fashion,upi,0
1705,70.0,69127.28,493.41,2189,8,0,0.4295,9.02,0.7413,0,0,1,electronics,wallet,1
1706,66.0,50875.84,90.61,2252,4,0,0.262,4.21,0.9439,0,0,21,food,card,0
1707,74.0,44977.71,68.7,3588,3,0,0.2148,16.7,0.8331,0,1,19,fashion,card,0
1708,70.0,87518.23,88.29,2306,4,1,0.1404,0.85,0.8994,0,0,0,grocery,card,0
1709,31.0,64340.96,103.46,3705,3,0,0.0554,25.89,0.9737,1,0,0,grocery,net_banking,0
1710,30.0,38531.42,269.79,2903,8,0,0.3264,8.99,0.8197,0,0,17,grocery,card,0
1711,37.0,56153.04,192.93,2215,1,0,0.2982,11.87,0.7197,0,0,14,grocery,card,0
1712,44.0,67902.72,60.21,1551,0,0,0.3191,0.91,0.8635,0,0,13,electronics,,0
1713,68.0,141509.05,175.04,471,1,2,0.2909,5.67,0.956,0,0,22,electronics,card,0
1714,59.0,84758.94,57.37,2829,3,0,0.1517,4.47,0.7388,0,1,12,grocery,wallet,0
1715,,107268.97,342.58,3754,2,0,0.3527,12.16,0.808,0,0,8,travel,card,0
1716,68.0,39310.79,411.52,1482,3,0,0.2612,4.48,0.8076,0,1,2,fashion,,0
1717,54.0,41224.49,175.74,1441,4,0,0.1633,2.5,0.5753,0,0,1,gaming,card,0
1718,39.0,48321.38,236.18,418,4,1,0.1074,4.61,0.8124,0,0,8,grocery,card,0
1719,41.0,,1038.03,2402,2,1,0.2959,0.39,0.7936,0,0,0,electronics,card,0
1720,47.0,31592.49,153.75,1260,3,1,0.1655,2.12,0.8493,0,0,14,grocery,upi,0
1721,23.0,110343.33,70.01,70,4,0,0.0636,29.51,0.7313,0,0,17,electronics,upi,0
1722,60.0,89405.0,321.23,60,4,0,0.1948,2.09,0.9466,0,0,18,grocery,upi,0
1723,55.0,46488.75,57.99,1362,8,0,0.3617,1.0,0.9478,0,0,14,fashion,net_banking,0
1724,59.0,78278.58,145.82,1865,6,0,0.0645,0.09,0.9061,0,0,17,food,card,0
1725,48.0,62173.43,98.89,1844,6,0,0.2903,4.45,0.6888,0,1,1,electronics,card,1
1726,62.0,81715.08,89.22,2969,5,1,0.0721,2.19,0.8984,0,0,14,fashion,upi,0
1727,72.0,26257.83,140.17,2126,2,0,0.276,6.59,0.9477,0,0,23,grocery,card,0
1728,50.0,50765.63,442.68,3145,2,0,0.2088,31.68,0.7179,0,0,6,grocery,card,0
1729,43.0,53272.06,543.82,1209,7,0,0.1277,7.8,0.8201,0,0,10,grocery,card,0
1730,23.0,77504.53,454.48,951,5,1,0.0451,9.36,0.5487,1,0,9,electronics,upi,1
1731,62.0,38927.17,251.97,2172,5,0,0.105,0.11,0.7971,0,0,23,gaming,card,0
1732,69.0,15000.0,139.11,449,6,2,0.0485,18.48,0.8892,1,0,10,gaming,card,0
1733,57.0,30337.92,17.03,3065,8,0,0.2602,14.99,0.798,0,0,1,jewelry,upi,0
1734,67.0,53183.96,259.98,766,3,1,0.1926,2.85,0.989,0,0,20,grocery,net_banking,0
1735,67.0,56966.85,18.42,3662,3,0,0.1484,15.16,0.7323,0,0,11,food,card,0
1736,63.0,138850.06,26.3,3935,6,0,0.3232,3.37,0.9276,1,0,10,food,card,0
1737,46.0,,153.13,2163,4,1,0.127,9.91,0.6971,0,0,11,electronics,net_banking,0
1738,23.0,57522.42,234.52,1269,5,0,0.2009,18.15,0.8474,0,0,8,jewelry,wallet,0
1739,18.0,,114.65,1374,5,0,0.0246,7.78,0.8967,0,0,10,electronics,wallet,0
1740,29.0,100950.88,835.88,1734,3,0,0.1728,3.03,0.918,1,0,9,jewelry,card,0
1741,42.0,39756.46,285.73,1932,4,0,0.0646,26.31,0.825,0,0,19,travel,upi,0
1742,60.0,50915.99,140.27,330,8,0,0.2078,0.86,0.9235,0,1,13,food,upi,0
1743,43.0,30212.06,720.01,814,5,0,0.2909,21.03,0.7162,0,0,7,food,upi,0
1744,19.0,120028.78,860.98,3163,6,0,0.3635,0.83,0.817,1,0,16,fashion,card,1
1745,29.0,68252.06,300.52,239,2,0,0.1161,10.84,0.788,0,0,7,travel,card,0
1746,73.0,37270.25,82.91,1810,0,0,0.3572,7.86,0.914,0,0,22,food,upi,0
1747,74.0,51644.46,103.82,3503,5,0,0.2358,1.59,0.6777,0,0,22,jewelry,card,0
1748,39.0,72794.55,42.36,376,4,0,0.3466,19.67,0.8213,0,0,19,electronics,card,0
1749,63.0,47915.44,172.52,3704,7,0,0.2014,5.6,0.7641,0,1,20,grocery,card,0
1750,59.0,40991.89,62.99,1907,6,0,0.2305,1.96,0.5472,0,0,6,food,card,0
1751,71.0,38377.93,129.53,1710,7,0,0.1897,1.79,0.5167,0,0,21,food,upi,0
1752,68.0,66271.65,233.59,2861,2,0,0.3313,4.01,0.6955,0,0,19,electronics,wallet,0
1753,53.0,45168.65,24.76,3115,3,0,0.3107,4.68,0.5339,0,1,9,fashion,card,0
1754,40.0,42852.6,50.87,1907,2,0,0.0922,12.61,0.8177,0,0,9,fashion,upi,0
1755,53.0,26377.18,108.43,359,2,0,0.0518,12.81,0.8353,0,0,7,food,card,0
1756,36.0,57399.49,170.79,3875,4,1,0.4664,1.52,0.9531,0,0,14,grocery,upi,0
1757,37.0,49782.34,109.84,65,5,0,0.0381,8.82,0.7014,0,0,23,food,upi,0
1758,52.0,46082.19,137.34,3490,9,0,0.1704,7.1,0.6521,0,1,8,gaming,card,1
1759,50.0,61353.8,88.83,1753,2,0,0.2332,33.09,0.8645,0,0,23,grocery,,0
1760,51.0,82991.19,42.25,2073,2,1,0.4137,10.56,0.9454,0,0,2,grocery,card,0
1761,39.0,80898.41,105.45,3067,3,1,0.3335,6.74,0.8693,0,0,9,food,card,1
1762,41.0,74539.85,145.44,3763,5,1,0.1153,7.96,0.9215,0,1,19,electronics,wallet,0
1763,18.0,,131.97,627,2,2,0.2948,5.51,0.8045,0,0,8,gaming,card,0
1764,52.0,40265.06,201.29,3251,7,1,0.0356,0.55,0.8455,0,1,2,,wallet,0
1765,50.0,30974.97,273.65,2654,4,0,0.3056,22.8,0.8627,0,0,14,jewelry,,0
1766,,39689.91,355.91,1492,5,0,0.1185,10.31,0.9286,1,0,9,electronics,upi,1
675,53.0,38832.96,342.33,3372,1,0,0.2108,21.19,0.6276,0,0,13,grocery,card,0
1768,44.0,35690.19,37.23,3092,5,0,0.3452,3.1,0.6624,1,1,15,travel,upi,1
1769,21.0,57983.86,641.98,585,4,0,0.538,4.41,0.7399,0,0,19,travel,card,0
1770,29.0,32340.88,264.65,2038,4,0,0.1981,5.79,0.8,0,1,1,fashion,net_banking,0
1771,37.0,22060.48,69.29,2897,5,0,0.0942,0.24,0.8682,0,0,16,jewelry,card,0
1772,39.0,86315.27,237.62,2170,4,0,0.1235,16.74,0.7507,0,0,6,electronics,net_banking,0
1773,38.0,42368.5,523.72,1807,1,0,0.3331,5.67,0.684,0,0,13,food,card,0
1774,40.0,34707.81,1014.48,2096,1,0,0.1968,22.87,0.9452,0,0,13,food,wallet,0
1775,61.0,30135.9,231.27,2060,5,0,0.1345,23.09,0.9696,0,0,7,jewelry,upi,0
1776,25.0,69408.06,519.38,3220,3,0,0.2436,3.0,0.8874,0,0,17,electronics,,0
1777,36.0,,53.7,3289,4,1,0.0896,4.24,0.7428,0,0,1,fashion,card,0
1778,27.0,44063.98,173.65,3676,2,1,0.1948,13.3,0.8153,0,0,0,fashion,wallet,0
1779,35.0,48850.93,128.76,316,4,0,0.39,3.28,0.7127,0,0,18,travel,card,0
1780,57.0,99159.6,253.54,1298,5,1,0.2763,11.17,0.7569,0,0,2,food,upi,0
1781,20.0,20319.64,901.58,3510,2,0,0.2078,7.7,0.5708,0,0,10,grocery,net_banking,0
8461,60.0,37567.46,82.18,2855,3,2,0.0953,0.46,0.8171,0,0,8,food,wallet,0
1783,19.0,,70.48,1525,1,0,0.0295,3.82,0.9298,0,0,2,food,card,0
1784,,15000.0,50.88,2524,4,0,0.0692,19.16,0.7553,0,1,3,food,card,0
1785,59.0,52128.22,933.31,1868,6,0,0.3876,2.75,0.7441,0,0,14,food,upi,0
1786,31.0,37036.81,300.89,3553,4,0,0.1813,10.01,0.7377,0,0,7,travel,card,0
1787,29.0,47546.53,281.76,2245,2,0,0.2426,4.84,0.8821,0,0,12,grocery,card,0
1788,23.0,43694.46,127.64,1805,3,0,0.2935,26.78,0.9323,0,1,7,food,wallet,0
1789,44.0,85953.0,235.29,2505,2,0,0.0428,1.18,0.7766,0,0,20,electronics,card,0
1790,60.0,51698.03,67.09,784,5,0,0.115,3.14,0.9105,0,1,14,grocery,net_banking,0
1791,51.0,33325.88,265.11,3089,8,0,0.2458,17.46,0.8842,0,0,0,grocery,wallet,1
1792,68.0,50030.43,55.59,836,2,0,0.3941,2.26,0.7598,0,0,15,electronics,net_banking,0
1793,37.0,73000.37,125.67,124,1,0,0.0406,2.35,0.7463,0,0,23,food,upi,0
1794,33.0,28682.48,94.64,233,1,0,0.0228,2.31,0.9483,1,0,10,electronics,upi,0
1795,45.0,22240.27,6.93,292,2,0,0.4337,2.41,0.5813,0,0,0,food,upi,0
1796,29.0,164570.94,127.25,429,3,0,0.3401,6.63,0.6902,0,0,6,grocery,upi,0
1797,73.0,38628.82,73.27,231,2,0,0.0774,3.3,0.9622,0,0,13,gaming,upi,0
1798,28.0,50998.13,145.85,1225,7,0,0.2594,4.05,,0,0,3,food,upi,0
1799,45.0,44192.09,180.31,3844,9,0,0.4026,1.45,0.9608,0,0,5,gaming,net_banking,0
1800,47.0,74349.83,1054.57,437,5,0,0.1456,3.59,0.7385,1,0,0,,card,0
1801,21.0,145819.22,244.12,2714,1,0,0.3288,3.04,0.6212,0,1,22,electronics,card,0
1802,44.0,75663.57,251.41,3488,0,0,0.3365,9.88,0.7169,1,1,13,travel,upi,0
1803,43.0,23860.69,295.47,3242,4,1,0.0764,8.72,0.9346,0,0,19,electronics,card,0
1804,32.0,25689.06,430.42,1467,5,0,0.0898,1.05,0.9203,1,0,7,fashion,card,1
1805,25.0,44163.67,283.51,239,4,0,0.3305,8.53,0.925,1,1,10,fashion,upi,0
1806,20.0,47456.09,238.57,1492,5,1,0.1157,3.68,0.8768,0,0,14,,net_banking,1
1807,18.0,21333.1,366.58,2418,7,2,0.3206,4.7,0.9847,0,0,18,jewelry,card,0
1808,45.0,86312.18,15.9,3037,8,0,0.2225,2.52,0.8906,0,1,21,travel,card,0
1809,23.0,30260.91,1453.91,592,0,0,0.1263,13.89,0.8797,0,0,18,food,card,0
1810,72.0,125041.92,882.44,1226,2,2,0.4101,0.28,0.8268,0,0,2,travel,wallet,0
1811,31.0,149707.16,223.65,2417,3,0,0.0572,0.33,0.8484,0,0,12,fashion,card,0
1812,,47980.46,43.81,2869,2,1,0.3781,5.08,0.7686,1,0,15,electronics,card,0
1813,56.0,70019.11,603.84,1264,7,1,0.3931,4.77,0.8247,0,0,12,grocery,card,0
1814,46.0,27931.7,89.93,3295,2,0,0.3083,17.41,0.8916,0,0,17,food,upi,0
1815,68.0,77505.99,306.98,3213,2,0,0.3093,0.6,0.9316,0,0,19,fashion,net_banking,0
1816,24.0,41818.02,49.9,1459,4,0,0.2299,9.86,0.9849,0,0,0,gaming,card,0
1817,31.0,30245.69,1667.97,2158,4,0,0.1149,3.95,,1,0,13,electronics,upi,0
1818,32.0,46908.5,42.55,1926,3,0,0.3288,13.71,0.9241,0,0,0,grocery,wallet,0
1819,25.0,42570.94,192.86,2685,5,0,0.1056,12.14,0.856,0,1,11,gaming,net_banking,0
1820,34.0,45993.29,21.56,1309,8,0,0.2159,13.62,0.7321,0,0,9,food,card,0
1821,,92726.76,172.73,1338,6,0,0.0936,1.97,0.9439,0,0,11,electronics,upi,0
1822,61.0,35709.4,117.65,1709,5,0,0.2029,2.34,0.556,0,0,7,electronics,card,0
1823,35.0,142821.53,561.24,886,4,0,0.1071,0.16,0.6957,0,1,11,electronics,card,0
1824,67.0,26537.28,117.63,2335,3,1,0.3134,0.08,0.8274,0,0,16,food,,0
1825,62.0,133729.6,562.04,3833,4,0,0.2229,8.6,0.8518,0,0,11,grocery,card,0
1826,69.0,31445.39,64.64,1418,8,1,0.2005,29.99,0.9664,0,0,9,gaming,net_banking,0
1827,23.0,54969.36,135.77,3448,6,1,0.0835,8.08,,0,0,18,electronics,card,0
1828,74.0,42002.34,138.52,1872,2,0,0.1746,1.67,0.9828,0,0,2,travel,net_banking,0
1829,52.0,45525.95,295.46,688,3,1,0.0886,8.74,0.9685,0,0,5,fashion,upi,0
1830,73.0,85462.67,260.17,2000,4,0,0.3121,2.11,0.8387,1,0,21,fashion,upi,0
1831,38.0,125491.49,370.62,2012,7,0,0.3228,11.49,0.7869,0,0,13,electronics,,1
1832,72.0,105860.46,235.05,127,7,0,0.1322,3.43,0.4605,0,1,23,fashion,card,1
1833,51.0,44020.8,348.72,1933,2,0,0.164,2.9,0.9295,0,0,13,gaming,upi,0
1834,22.0,60865.93,73.34,679,4,0,0.0945,21.25,0.8705,0,0,20,grocery,net_banking,0
1835,41.0,35772.89,265.54,3183,5,0,0.2151,25.37,0.5292,0,0,4,food,net_banking,0
1836,25.0,31880.05,898.89,2179,10,0,0.0586,35.1,0.9438,0,0,23,grocery,wallet,1
1837,71.0,29278.92,33.55,1237,4,0,0.3142,0.56,0.7951,0,0,7,grocery,upi,0
1838,35.0,43235.76,293.53,40,2,0,0.1207,5.83,0.9245,0,0,19,grocery,card,0
1839,30.0,63093.41,354.16,2296,7,0,0.3917,3.86,0.7237,0,0,23,gaming,card,1
1840,49.0,19217.76,775.99,2825,3,0,0.5777,1.9,0.6606,0,0,13,electronics,upi,0
1841,42.0,53615.52,372.04,1713,6,0,0.0963,0.94,0.8935,0,0,14,gaming,card,0
1842,23.0,126614.5,198.99,3624,4,0,0.2253,1.39,0.823,0,0,3,jewelry,upi,0
1843,64.0,101939.99,276.73,809,6,0,0.0594,11.85,0.8508,0,0,14,food,wallet,0
1844,66.0,39864.33,86.31,3025,7,0,0.4573,1.39,0.712,1,0,4,grocery,upi,1
1845,60.0,25509.55,122.12,1997,6,0,0.041,4.43,0.766,0,0,8,travel,card,0
1846,53.0,70826.97,47.34,1277,3,0,0.1382,4.03,0.7908,0,0,1,grocery,upi,0
1847,40.0,15375.07,796.31,1174,7,0,0.3581,3.23,0.9354,1,1,20,gaming,upi,0
1848,48.0,101282.94,282.34,1815,3,0,0.2682,3.99,0.8563,0,0,20,grocery,,0
1849,47.0,,72.01,349,4,0,0.0712,16.66,0.9777,0,1,10,electronics,wallet,0
1850,27.0,150588.11,236.11,2613,6,2,0.4272,5.39,0.6629,0,0,2,food,upi,1
1851,22.0,21274.35,573.81,1652,3,1,0.0712,1.2,0.941,0,0,2,food,wallet,0
1852,32.0,91132.42,485.78,2731,1,0,0.1778,16.35,0.6949,0,0,20,electronics,card,0
1853,43.0,52042.12,71.19,2075,5,0,0.3482,4.95,0.9235,0,0,0,electronics,upi,0
1854,27.0,45844.51,7.84,3910,5,0,0.1264,5.8,0.9388,1,0,8,grocery,card,0
1855,24.0,25891.62,267.29,358,4,2,0.1353,5.47,0.7985,0,0,22,fashion,card,0
1856,66.0,76324.54,74.15,1987,4,0,0.1329,24.1,0.7377,0,0,20,electronics,upi,0
1857,39.0,79774.89,335.39,2159,4,1,0.1038,6.69,0.7853,0,0,14,food,net_banking,0
1858,51.0,146812.09,465.55,1020,3,0,0.1652,8.52,0.5451,0,0,4,gaming,card,1
1859,47.0,95751.93,548.17,2699,6,0,0.1024,23.12,0.7389,0,0,15,fashion,upi,0
1860,59.0,39673.79,1030.39,1467,1,0,0.1983,7.4,0.8713,0,1,11,travel,card,0
1861,60.0,31664.9,619.75,3061,1,0,0.0711,9.64,0.7396,0,0,12,grocery,card,0
1862,34.0,25910.88,1035.36,3692,2,0,0.3363,8.01,0.8247,0,0,0,food,upi,0
1863,66.0,123668.74,714.81,3418,2,0,0.0388,3.81,0.8588,0,0,13,travel,card,0
1864,39.0,35849.78,779.91,2541,4,1,0.2201,10.47,0.6039,0,0,21,travel,upi,1
1865,65.0,124146.16,172.79,2880,7,1,0.115,18.52,0.8328,0,0,4,food,card,1
1866,41.0,73414.6,49.58,3461,3,0,0.1749,5.15,0.7986,0,0,2,fashion,wallet,0
7437,64.0,55489.34,61.44,3222,2,0,0.1316,4.97,0.9429,0,0,11,electronics,card,0
1868,61.0,46458.32,191.7,2904,3,0,0.2548,0.11,0.9754,0,0,19,electronics,upi,0
1869,19.0,79099.24,615.03,3654,2,0,0.4929,4.19,0.867,0,1,8,grocery,net_banking,0
1870,62.0,54533.99,103.82,3862,1,1,0.0718,0.12,0.5937,0,1,22,,card,0
1871,20.0,44892.28,471.95,728,6,1,0.2033,12.32,0.8648,0,0,1,food,card,0
1872,29.0,80651.37,15.61,2019,4,1,0.1594,4.85,0.8443,0,0,1,grocery,card,0
1873,,50812.81,119.4,1448,3,1,0.0978,0.37,0.9403,0,0,23,food,upi,0
1874,71.0,35454.46,163.13,3801,3,1,0.1913,1.36,0.9074,0,0,7,electronics,card,0
1875,41.0,76495.96,285.88,2983,6,0,0.2127,19.26,0.8147,0,0,5,grocery,wallet,0
1876,24.0,53098.1,525.83,3546,5,0,0.0336,2.67,0.9244,0,0,11,fashion,card,0
1877,31.0,71968.87,60.27,1417,4,2,0.2525,5.6,0.7946,0,0,18,food,wallet,0
1878,69.0,42850.2,348.25,3377,7,0,0.3263,1.07,0.982,0,0,4,jewelry,card,0
1879,59.0,28284.57,613.77,352,4,1,0.3887,19.66,0.5971,0,0,22,electronics,card,0
1880,23.0,,1879.7,3758,5,0,0.2137,7.32,0.6473,0,1,13,fashion,card,0
1881,39.0,128762.48,364.89,942,3,1,0.1997,0.84,0.5922,0,0,21,grocery,card,0
1882,33.0,89426.31,113.69,2116,12,1,0.0889,5.87,0.8646,0,0,21,grocery,net_banking,0
1883,28.0,44435.44,50.46,2873,3,0,0.1114,11.89,0.6752,0,0,14,electronics,card,0
1884,66.0,,1121.2,2979,5,0,0.0826,9.41,0.8689,0,1,8,grocery,upi,0
1885,53.0,117638.14,376.27,872,3,0,0.3007,3.47,0.8084,1,0,11,fashion,card,0
1886,28.0,45273.72,176.09,2234,2,0,0.1339,6.55,0.9268,0,0,6,electronics,card,0
1887,55.0,38839.1,35.63,2136,9,0,0.181,4.99,0.7456,0,0,3,fashion,net_banking,0
1888,41.0,154016.89,70.94,3111,2,0,0.1811,3.69,0.9416,1,0,17,gaming,upi,0
1889,21.0,53576.5,338.42,1303,5,1,0.1987,0.84,0.8326,0,0,10,grocery,card,0
1890,43.0,145469.6,256.41,3062,2,0,0.293,0.03,0.6882,0,0,19,fashion,card,0
1891,28.0,25488.25,25.7,2476,7,0,0.383,10.62,,1,1,18,food,card,1
1892,31.0,73137.03,338.85,3040,6,0,0.2768,0.8,0.8521,1,0,5,grocery,card,0
7729,30.0,26224.57,173.43,1096,2,1,0.6653,0.86,0.8036,0,0,18,grocery,upi,0
1894,58.0,55907.36,697.13,1730,4,0,0.2848,7.08,0.8615,0,0,17,fashion,card,0
1895,25.0,47566.59,221.74,1745,7,1,0.1734,21.22,0.7574,0,0,1,grocery,card,0
1896,66.0,28935.51,113.24,3191,1,0,0.4441,0.17,0.5359,0,0,14,food,net_banking,0
1897,50.0,99745.49,484.5,3134,0,0,0.1366,2.74,0.8692,0,0,8,jewelry,wallet,0
1898,67.0,36008.78,256.33,3509,5,0,0.084,8.07,0.9532,0,1,9,gaming,upi,0
1899,60.0,52205.53,677.14,2215,3,1,0.2802,10.58,0.8978,1,0,17,fashion,card,0
1900,37.0,27892.47,195.08,2555,5,0,0.2061,2.25,0.7624,0,0,0,food,card,0
1901,48.0,129492.79,206.8,264,3,1,0.214,5.95,0.9205,0,0,14,food,card,0
1902,48.0,103805.62,135.33,1834,3,0,0.1896,4.1,0.7915,0,0,1,jewelry,upi,0
1903,59.0,54052.81,234.14,1007,4,0,0.2489,23.53,0.8891,0,0,16,jewelry,wallet,0
1904,32.0,29152.81,983.29,3417,3,1,0.1092,2.38,0.6372,0,0,6,grocery,card,0
1905,36.0,128006.63,108.87,516,3,0,0.2013,12.85,0.8587,0,0,11,electronics,card,0
1906,31.0,44973.38,344.09,3120,2,0,0.236,8.66,0.8038,0,0,4,travel,upi,0
1907,34.0,29948.24,74.63,3352,3,1,0.2033,14.17,0.9601,0,0,0,food,wallet,0
1908,,20866.99,22.79,1894,4,1,0.2817,4.31,0.5954,0,0,3,grocery,upi,0
1909,20.0,38553.71,221.5,2682,6,0,0.2847,8.62,0.8851,0,1,21,fashion,card,0
1910,71.0,24711.83,260.7,2332,7,1,0.3412,7.68,0.7728,0,1,14,fashion,card,1
1911,22.0,39047.61,161.24,2765,1,0,0.0779,4.7,0.6779,0,0,3,food,card,0
1912,68.0,82827.32,40.33,2752,4,0,0.0948,11.48,0.8057,0,0,5,electronics,card,0
1913,18.0,44739.78,244.02,1034,2,1,0.2403,0.08,0.7093,0,0,10,food,card,0
1914,62.0,66884.32,234.93,2762,2,1,0.3859,6.01,0.8183,0,0,16,food,card,0
1915,36.0,36947.54,74.01,3610,3,1,0.1899,1.6,0.7895,0,0,7,electronics,upi,0
1916,47.0,57007.12,46.5,1264,3,1,0.4174,0.66,0.7617,0,0,17,electronics,wallet,0
1917,34.0,158195.03,139.85,1246,2,0,0.4325,35.14,0.8058,0,0,20,food,card,1
1918,45.0,45406.98,345.81,1191,6,1,0.3741,1.43,0.8401,0,0,1,gaming,upi,0
1919,43.0,67949.81,273.04,3649,3,0,0.1459,32.18,0.9203,0,0,0,food,card,0
1920,48.0,23249.72,74.6,3552,1,1,0.3366,11.98,0.9461,0,0,0,fashion,upi,0
1921,40.0,126899.01,206.41,1410,6,1,0.1296,23.2,0.7798,0,0,17,food,card,0
1922,48.0,42303.49,437.07,3749,4,1,0.0706,0.12,0.925,0,0,4,electronics,upi,1
1923,65.0,98015.6,55.72,3053,4,0,0.2884,3.58,0.8665,0,0,19,electronics,card,0
1924,42.0,51397.22,191.73,1626,6,0,0.0894,4.02,0.9372,0,0,15,food,upi,0
1925,38.0,76992.02,687.18,3305,6,0,0.0252,4.21,0.8891,1,0,22,fashion,card,0
1926,25.0,79550.34,50.3,3656,2,1,0.4052,13.1,0.6243,0,0,21,travel,upi,0
9421,44.0,,137.32,1752,3,0,0.4248,2.45,0.7759,0,0,2,travel,card,0
1928,25.0,100271.52,908.82,1898,4,0,0.0472,1.25,0.6907,0,0,5,grocery,card,0
1929,28.0,36230.15,144.14,890,2,0,0.3866,0.01,0.9668,0,0,12,fashion,wallet,0
1930,72.0,84368.74,127.73,693,4,0,0.3286,4.17,0.65,0,0,11,jewelry,net_banking,0
1931,23.0,44376.95,505.75,3314,8,0,0.2398,18.03,0.7706,0,0,8,,card,0
1932,45.0,66659.0,149.43,2939,4,1,0.0369,25.38,0.9092,0,0,1,electronics,card,0
1933,65.0,42658.95,17.11,2844,5,3,0.0214,8.41,0.8726,0,0,21,food,card,0
1934,72.0,56532.74,163.07,212,6,0,0.0643,11.53,0.7726,1,0,15,gaming,upi,1
1935,26.0,30455.04,288.12,3862,2,2,0.229,3.84,0.7012,0,0,15,fashion,upi,0
1936,27.0,63022.36,377.3,482,6,0,0.1232,12.21,0.8323,0,0,7,electronics,card,0
1937,39.0,56353.06,74.61,2334,2,0,0.2767,4.86,0.6009,0,0,20,grocery,card,0
1938,49.0,40863.97,137.44,3765,2,0,0.3582,2.75,0.7453,0,0,7,gaming,upi,0
1939,72.0,53360.34,478.12,991,2,2,0.0713,4.41,0.909,0,0,10,food,card,0
1940,29.0,59206.76,169.52,2084,4,1,0.0669,1.41,0.922,0,0,2,fashion,wallet,0
1941,27.0,39186.68,39.03,3365,3,0,0.1756,7.73,0.8438,0,1,10,jewelry,upi,0
1942,32.0,51239.77,620.54,1087,6,0,0.2087,2.98,0.5417,0,0,23,electronics,card,1
1943,67.0,31635.49,145.31,433,3,0,0.228,3.42,0.6754,0,0,15,fashion,upi,0
1944,19.0,199833.87,536.02,1937,2,0,0.2561,0.01,0.5346,0,0,8,jewelry,card,0
1945,39.0,98479.5,44.59,3186,12,0,0.2321,0.72,0.9353,0,0,21,jewelry,net_banking,1
1946,24.0,63913.78,159.49,2325,2,1,0.2326,8.42,0.8809,0,0,15,grocery,wallet,0
1947,26.0,104793.87,299.67,1787,5,1,0.2825,16.13,0.8763,0,0,12,food,card,1
1948,70.0,18518.02,164.98,2566,2,0,0.0575,0.56,0.7835,0,0,18,travel,upi,0
1949,18.0,15000.0,55.14,235,9,1,0.1266,0.62,0.8977,0,1,2,electronics,upi,0
1950,36.0,44155.75,16.55,1412,5,0,0.2166,0.43,0.877,0,0,19,electronics,net_banking,0
1951,70.0,25767.73,825.69,3515,3,0,0.1406,24.32,0.7006,1,0,9,electronics,wallet,0
1952,52.0,48288.82,230.67,1567,6,0,0.048,2.35,0.777,0,0,14,food,net_banking,0
1953,22.0,61586.6,578.11,3861,3,1,0.0599,1.8,0.852,0,0,0,grocery,card,0
1954,44.0,91246.18,455.6,2212,4,0,0.1382,30.15,0.8098,0,1,15,grocery,card,0
1955,73.0,29408.62,326.95,3737,2,0,0.0281,3.26,0.8573,0,0,9,grocery,net_banking,0
1956,40.0,68520.3,130.53,2517,3,0,0.2775,1.04,0.9668,0,0,15,jewelry,upi,0
1957,48.0,55437.02,293.75,1692,3,0,0.0124,9.82,0.7275,0,0,18,grocery,card,0
1958,48.0,66583.93,754.08,3687,4,0,0.4383,1.0,0.9699,0,0,20,grocery,wallet,0
1959,55.0,41324.63,195.58,1101,3,1,0.1893,12.98,0.9099,1,0,10,fashion,upi,0
1960,28.0,117690.41,1205.51,1587,3,0,0.1496,1.54,0.921,0,0,14,travel,upi,0
1961,65.0,51956.32,40.19,2898,5,1,0.058,1.71,0.853,0,1,7,fashion,upi,0
1962,74.0,145930.93,36.09,3502,2,0,0.1327,6.06,0.9301,0,0,10,electronics,card,0
1963,26.0,35609.75,483.49,797,5,1,0.0247,2.92,0.7542,1,0,3,grocery,upi,0
1964,64.0,82755.31,79.38,3973,4,0,0.199,20.04,0.698,0,0,10,grocery,card,0
1965,64.0,53224.32,1388.94,1739,7,0,0.3947,3.52,0.7571,1,0,4,electronics,card,1
1966,60.0,45928.0,685.6,1375,2,0,0.2879,1.13,0.9362,0,1,18,grocery,wallet,0
1967,39.0,77875.13,880.53,540,2,0,0.0926,16.3,0.8118,0,0,4,travel,wallet,0
1968,44.0,46655.36,435.89,138,5,1,0.3165,1.17,0.7002,0,0,8,fashion,,0
1969,65.0,15000.0,71.62,2242,1,0,0.1417,3.95,0.9664,0,0,23,electronics,upi,0
1970,26.0,15000.0,34.25,2429,3,0,0.1506,0.09,0.6304,0,0,9,grocery,upi,0
1971,65.0,110737.81,802.92,402,4,1,0.0748,9.3,0.8524,0,0,8,fashion,card,0
1972,70.0,108199.35,40.18,3617,3,0,0.2238,12.18,0.7312,0,0,7,fashion,upi,0
1973,56.0,155301.86,878.17,2189,7,0,0.1034,2.8,0.7597,0,0,20,electronics,card,0
1974,37.0,54472.32,351.63,241,4,0,0.3541,1.59,0.8703,0,1,8,grocery,net_banking,0
1975,49.0,27014.78,166.78,3370,4,0,0.0664,1.81,0.887,0,0,8,food,upi,0
1976,20.0,43665.66,280.06,812,3,0,0.1088,12.63,0.8714,0,0,15,gaming,net_banking,0
1977,71.0,55346.68,286.65,2701,3,1,0.3592,31.74,0.6687,0,0,5,electronics,wallet,0
1978,37.0,31609.64,147.02,2714,3,1,0.3996,4.13,0.7969,0,0,23,jewelry,card,0
1979,21.0,136189.77,748.93,3247,3,0,0.0989,5.89,0.8526,0,0,20,gaming,upi,0
1980,63.0,,723.69,3244,1,0,0.1204,10.3,0.8754,0,1,3,,card,0
1981,55.0,71549.36,210.32,3942,6,0,0.2164,0.1,0.8489,0,0,22,grocery,card,0
1982,53.0,54672.35,98.79,373,4,0,0.1511,12.06,0.9123,0,0,7,travel,card,0
1983,21.0,26980.15,664.42,1478,4,0,0.0707,16.11,0.7566,0,0,11,food,card,0
1984,60.0,128749.91,23.82,1474,3,0,0.3093,0.79,0.639,0,0,1,food,card,0
1985,54.0,57357.4,280.58,1523,8,0,0.1543,6.35,0.8106,0,0,12,jewelry,net_banking,0
1986,63.0,46912.9,377.11,977,6,0,0.0432,8.03,0.9238,0,0,8,food,wallet,0
1987,65.0,71663.31,78.62,958,3,1,0.1926,5.77,0.748,0,0,9,grocery,card,0
1988,30.0,39852.77,476.63,3860,1,0,0.0639,0.06,0.6816,0,0,2,electronics,wallet,0
1989,30.0,59627.36,175.31,3598,4,0,0.3134,20.89,0.9106,0,0,4,jewelry,upi,0
1990,70.0,24877.81,104.3,2739,3,1,0.3211,4.53,0.8358,0,0,12,fashion,card,0
1991,48.0,100006.1,471.62,2233,2,0,0.3636,12.35,0.9103,0,0,0,fashion,card,0
1992,42.0,51930.54,60.78,1918,6,1,0.3054,4.07,0.8155,0,0,23,fashion,wallet,0
1993,34.0,104029.41,429.3,2737,3,0,0.196,1.11,0.9542,0,0,22,grocery,upi,0
1994,54.0,49240.1,24.79,3453,4,1,0.2584,29.43,0.759,1,0,3,gaming,upi,0
1995,60.0,51030.49,239.53,1722,1,0,0.4053,2.35,0.7572,0,0,19,fashion,wallet,0
206,33.0,81286.86,445.11,2259,5,0,0.121,16.92,0.7991,0,0,4,grocery,card,0
1997,49.0,83529.47,104.93,3651,7,0,0.5053,7.86,0.8723,0,0,7,grocery,wallet,0
2737,50.0,37866.26,43.73,1395,5,0,0.1704,9.2,0.7664,0,0,17,travel,card,0
1999,33.0,42089.61,166.23,942,4,1,0.0956,5.78,0.8043,0,1,0,,card,0
2000,34.0,55031.69,516.8,978,6,0,0.1614,5.49,0.9405,0,0,20,electronics,wallet,0
2001,68.0,58792.04,315.17,841,4,0,0.077,0.48,0.721,0,0,11,food,upi,0
2002,21.0,,283.06,138,4,0,0.2545,33.7,0.8794,0,0,4,fashion,card,0
2003,40.0,48443.1,241.01,2786,2,0,0.4271,5.5,0.8351,0,0,12,gaming,wallet,0
2004,44.0,85175.16,112.26,1732,9,0,0.1941,0.91,0.8137,0,0,20,electronics,card,0
2005,63.0,44667.55,133.11,155,5,1,0.1746,14.95,0.8477,0,0,15,jewelry,upi,0
2006,25.0,48605.21,230.71,840,8,0,0.082,4.35,0.5604,0,0,3,fashion,card,1
2007,42.0,60138.88,151.35,2142,2,0,0.0583,3.15,0.7965,0,0,0,grocery,upi,0
2008,26.0,51318.69,546.98,3347,5,1,0.0209,1.54,0.828,0,0,15,electronics,wallet,0
2009,62.0,31204.11,197.63,2661,5,0,0.2398,0.42,0.832,0,0,1,fashion,wallet,0
2010,54.0,53911.45,262.15,2145,6,0,0.0885,6.53,0.7257,0,0,23,grocery,upi,0
2011,46.0,95018.67,44.27,770,5,0,0.2242,5.01,0.7689,0,0,1,travel,card,0
2012,40.0,30851.53,462.29,1175,8,0,0.0849,13.5,0.6935,1,0,22,food,card,1
2013,26.0,44762.38,100.66,3134,6,1,0.0827,12.19,0.9748,0,0,1,travel,net_banking,1
7840,42.0,95187.55,135.51,2225,2,1,0.1952,20.82,0.6884,0,0,3,food,card,0
2015,54.0,92304.53,933.69,3476,6,0,0.2642,8.26,0.8425,0,0,2,travel,card,0
2016,36.0,52275.94,361.61,2121,2,0,0.1743,3.48,0.8082,1,0,4,grocery,wallet,0
2017,41.0,34457.39,478.21,1114,3,0,0.2224,11.32,0.7833,0,0,14,fashion,,0
2018,59.0,57863.06,283.57,2026,7,1,0.4222,3.76,0.9223,0,0,3,electronics,card,1
2019,59.0,28370.59,163.99,3587,3,0,0.1094,4.86,0.8777,0,0,2,electronics,upi,0
2020,44.0,31153.0,136.09,747,5,1,0.2389,2.43,0.9923,0,0,2,grocery,upi,0
2021,35.0,24637.26,392.32,3392,3,0,0.1333,4.6,0.7807,0,0,10,grocery,card,0
2022,55.0,30587.9,558.62,3981,8,1,0.0563,1.18,0.8548,0,0,14,grocery,card,0
2023,55.0,116032.33,168.14,3284,5,1,0.2579,0.53,0.9722,0,0,18,gaming,card,0
2024,52.0,36749.26,1430.1,2646,6,0,0.166,3.01,0.8968,0,0,15,food,net_banking,0
2025,22.0,71076.52,147.77,1654,3,0,0.3805,1.06,0.8434,0,0,7,gaming,upi,0
2026,44.0,34721.79,44.65,3423,2,1,0.1551,1.71,0.9881,0,0,22,food,card,0
2027,52.0,83519.22,32.18,668,4,0,0.2388,0.84,0.6782,0,0,23,fashion,upi,0
2028,72.0,31280.29,33.29,3046,3,1,0.1681,10.68,0.638,1,0,5,fashion,card,0
2029,47.0,56199.54,119.0,1624,7,0,0.1513,4.38,0.5234,0,0,6,grocery,wallet,0
2030,37.0,56622.22,142.73,2026,2,0,0.1669,2.4,0.5406,0,1,6,jewelry,upi,0
2031,49.0,197873.14,356.22,1868,6,0,0.0922,14.53,0.8816,0,0,15,travel,card,0
2032,28.0,77794.22,174.92,68,3,0,0.2158,5.0,0.9035,0,1,14,fashion,card,0
2033,23.0,39695.43,418.35,3947,6,0,0.2569,21.17,0.7034,0,0,17,food,card,0
2034,56.0,80166.85,188.26,2676,6,0,0.1108,5.22,0.8586,0,0,12,food,card,0
2035,74.0,178275.33,182.45,2412,2,0,0.1857,3.44,0.8426,0,0,17,fashion,card,0
2036,66.0,22444.22,101.03,429,5,1,0.0353,25.75,0.9493,0,0,19,fashion,card,0
2037,51.0,34603.96,746.61,3121,2,1,0.1149,2.17,0.9658,1,0,6,grocery,card,0
2038,20.0,,38.92,3847,4,1,0.1216,2.55,0.7209,0,0,1,travel,card,0
2039,74.0,43725.64,243.29,3264,7,0,0.3749,0.3,0.8522,0,0,23,food,upi,0
2040,43.0,45801.51,150.1,1019,4,0,0.0679,24.19,0.9334,0,0,2,grocery,card,0
9577,37.0,148861.2,89.97,2695,3,0,0.205,5.22,0.5561,0,0,11,electronics,card,0
2042,68.0,119045.89,176.29,1488,3,0,0.1829,12.41,0.7298,1,0,2,travel,upi,0
2043,60.0,25151.02,181.56,119,2,0,0.4544,2.48,0.8768,1,1,2,fashion,upi,1
1485,41.0,56059.94,101.02,2955,4,0,0.2614,4.99,0.8966,0,0,6,jewelry,card,0
2045,33.0,97762.4,725.03,1849,6,0,0.1058,0.87,0.9379,1,0,21,fashion,upi,0
2046,74.0,54094.45,180.43,2025,5,0,0.1335,7.92,0.7285,0,0,4,grocery,upi,0
2047,43.0,32093.91,1290.27,3960,6,1,0.1045,1.88,0.645,0,0,11,food,net_banking,0
2048,48.0,26194.82,236.32,2630,1,0,0.3838,1.51,0.6221,0,0,14,grocery,wallet,0
2049,60.0,48464.6,183.96,1684,3,1,0.3854,0.97,0.7151,0,0,3,travel,card,1
2050,55.0,36269.13,155.65,3140,0,0,0.0644,8.64,0.7675,0,1,10,food,card,0
2051,27.0,61572.19,316.46,1497,5,0,0.0863,4.7,0.9311,0,1,11,electronics,card,1
2052,35.0,25445.4,99.94,3037,5,0,0.1435,8.92,0.8043,0,0,7,food,wallet,0
2053,38.0,86013.38,208.24,3733,8,0,0.2221,1.65,0.8444,0,0,13,fashion,,0
2054,72.0,58608.83,181.47,3635,3,1,0.2381,1.17,0.8918,0,0,5,jewelry,card,0
2055,58.0,61053.05,249.19,2089,5,1,0.0501,2.64,0.9798,0,0,8,gaming,card,0
3380,40.0,61183.25,90.65,3124,5,0,0.3346,1.6,0.7414,0,0,0,travel,net_banking,0
2057,59.0,43230.47,269.06,1608,2,0,0.1519,9.97,0.7604,0,0,8,food,upi,0
2058,60.0,36897.14,197.92,2150,3,0,0.1279,8.06,0.7815,0,0,17,,wallet,0
2059,40.0,,864.28,3746,3,0,0.3191,4.25,0.7023,0,1,2,travel,card,0
2060,40.0,49473.82,274.66,3500,4,0,0.2248,0.08,0.8801,0,0,5,gaming,upi,0
2061,68.0,52316.01,2438.02,2437,5,0,0.2366,5.19,0.8259,0,0,1,fashion,upi,0
2062,50.0,34828.97,189.2,1150,1,1,0.2642,5.1,0.8611,0,0,8,grocery,card,0
2063,26.0,18076.93,469.59,1524,5,0,0.1114,10.92,0.8181,0,0,19,food,upi,0
2064,59.0,40399.69,87.09,1006,2,1,0.0737,1.87,0.8211,1,0,1,food,wallet,0
2065,51.0,67036.5,730.51,770,3,0,0.2669,1.89,0.8869,0,0,19,travel,wallet,0
2066,47.0,59280.19,89.0,66,7,0,0.5077,7.55,0.627,0,0,6,fashion,upi,0
2067,59.0,106387.51,283.96,3102,7,0,0.0331,8.39,0.868,1,1,10,jewelry,upi,0
2068,69.0,161233.04,138.18,2961,8,1,0.1689,0.72,0.8322,0,0,22,food,net_banking,1
8228,46.0,60912.76,431.37,2252,3,0,0.2794,25.41,0.8718,0,0,17,food,card,0
2070,41.0,117650.64,142.33,2759,2,0,0.2052,14.29,0.7241,0,0,19,travel,upi,0
7853,32.0,24284.89,1049.33,2439,7,1,0.3274,1.34,0.8835,0,0,10,grocery,net_banking,1
2072,54.0,140861.59,137.19,1128,3,0,0.1988,2.15,,0,0,23,electronics,card,0
2073,40.0,152216.32,840.95,1056,2,0,0.232,0.76,0.9441,0,0,10,travel,upi,0
2074,37.0,92802.54,287.22,545,2,0,0.18,15.79,0.8442,0,0,17,travel,card,0
2075,57.0,81112.92,49.61,2924,8,0,0.2025,1.57,0.883,0,0,2,food,card,1
2076,41.0,49129.29,538.26,198,2,0,0.2513,13.24,0.7275,1,0,15,travel,card,0
2077,44.0,53763.65,73.81,1639,2,2,0.1087,11.63,0.8812,0,0,23,fashion,card,0
2078,43.0,45673.7,378.54,1966,3,1,0.4095,0.84,0.8441,0,0,12,travel,wallet,0
2079,32.0,77402.69,312.97,2321,5,0,0.1568,13.99,0.8811,0,0,22,electronics,card,0
2080,25.0,37008.28,333.37,798,4,0,0.1192,14.19,0.8422,0,0,10,jewelry,card,0
2081,65.0,49512.48,1148.42,1901,5,0,0.1065,22.18,0.8193,0,0,10,grocery,wallet,0
2082,23.0,15059.21,78.6,3179,6,0,0.426,0.88,,0,0,16,grocery,upi,0
2083,36.0,141887.24,331.54,1515,5,0,0.1315,14.59,0.9001,0,0,11,food,net_banking,0
2084,56.0,48719.15,634.31,3801,5,2,0.4239,0.35,0.902,0,0,2,fashion,card,1
2085,,70661.61,94.6,1736,5,2,0.2411,7.16,0.754,0,0,5,food,card,1
2086,55.0,122623.15,85.39,3114,4,0,0.3213,1.69,0.9799,0,0,11,grocery,upi,0
2087,59.0,64877.09,135.07,483,5,0,0.1962,0.48,0.7225,0,0,2,grocery,upi,0
2088,55.0,121719.87,249.06,3410,6,0,0.441,1.49,0.9809,0,0,18,jewelry,net_banking,0
2089,35.0,27781.7,43.92,1934,4,0,0.1255,4.48,0.8618,0,1,2,fashion,card,0
2090,19.0,205591.32,312.42,3963,7,0,0.1643,3.13,0.5902,1,1,9,fashion,card,0
2091,68.0,100007.36,44.02,2811,3,1,0.4187,5.68,0.6025,0,0,14,travel,upi,0
2092,36.0,61706.83,656.08,2971,5,0,0.1544,26.51,0.8844,0,0,19,grocery,net_banking,0
2093,63.0,120437.0,300.88,619,0,0,0.2037,4.7,0.6944,0,0,22,gaming,wallet,0
2094,29.0,28921.46,1219.38,2282,3,1,0.1999,3.77,0.8296,0,1,0,travel,upi,0
2095,27.0,46927.08,351.34,2960,6,0,0.2347,7.59,0.6586,0,0,17,food,upi,0
2096,62.0,,132.71,3245,4,0,0.1,6.54,0.8783,0,0,14,fashion,card,0
2097,71.0,19696.68,80.99,1524,4,1,0.3584,6.86,0.8414,0,0,3,electronics,upi,0
2098,67.0,74857.4,228.57,2268,4,0,0.1756,12.68,0.7044,0,0,22,grocery,upi,0
2099,60.0,73702.01,174.64,718,5,0,0.3291,14.81,0.7585,0,0,16,grocery,upi,0
2100,32.0,162456.03,589.39,1747,1,0,0.0545,6.93,0.7779,0,1,20,grocery,card,0
2101,70.0,23027.93,71.12,1919,1,1,0.1706,9.88,0.7374,0,0,4,gaming,card,0
2102,56.0,133303.74,1358.12,159,4,0,0.131,3.45,0.9748,0,0,10,gaming,wallet,0
2103,27.0,40432.11,644.02,3668,3,0,0.2164,28.2,0.881,0,0,20,gaming,card,0
2104,25.0,43011.95,146.85,2582,5,2,0.2098,4.26,,0,0,2,food,wallet,1
2105,67.0,28084.86,1086.57,756,2,0,0.174,3.41,0.7893,0,0,11,electronics,card,0
2106,33.0,30235.43,82.26,3593,4,0,0.2955,0.22,0.9716,0,0,15,food,,0
2107,61.0,68667.12,221.08,2774,3,1,0.3057,7.53,0.9715,0,0,11,electronics,card,0
2108,25.0,29831.07,50.22,2781,5,3,0.2161,2.24,0.9118,0,0,21,food,card,1
2109,33.0,82639.65,1140.85,3733,4,0,0.1894,17.87,0.6755,0,0,7,fashion,card,0
2110,34.0,38194.89,34.66,1634,3,0,0.048,1.0,0.7572,0,0,2,gaming,card,0
2111,34.0,28223.77,42.63,1439,3,0,0.4373,11.54,0.8634,0,0,18,travel,upi,0
2112,56.0,41142.36,95.42,2479,6,0,0.1565,23.0,0.662,0,0,4,grocery,net_banking,0
2113,,66189.52,675.38,3557,4,1,0.1664,13.64,0.856,0,0,3,grocery,net_banking,0
2114,69.0,47218.65,467.69,3257,4,1,0.2098,1.62,0.775,0,0,10,grocery,upi,0
2115,60.0,56044.65,203.37,3153,3,0,0.2399,6.19,0.9209,0,0,20,gaming,net_banking,0
2116,29.0,80660.36,498.64,3064,3,0,0.2685,19.73,0.8128,0,0,19,travel,card,0
2117,72.0,99749.79,160.38,168,3,1,0.0389,3.6,0.8176,0,0,13,grocery,card,0
2118,48.0,46375.94,274.62,1979,5,0,0.4559,14.17,0.835,1,0,8,electronics,card,1
1174,28.0,28472.92,903.66,3815,7,0,0.0563,2.43,0.9815,0,1,9,grocery,wallet,0
2120,57.0,57350.71,140.66,1465,3,0,0.195,2.64,0.945,1,0,14,grocery,card,0
2121,,71249.69,83.65,3428,7,0,0.1552,9.87,0.8754,0,0,23,food,upi,0
2122,72.0,24629.24,288.11,1605,7,1,0.2731,2.39,0.6935,0,0,12,gaming,wallet,1
2123,51.0,33700.03,377.37,3352,4,0,0.6727,14.3,0.8066,0,0,15,food,card,0
2124,52.0,37031.93,201.02,3634,3,0,0.1778,5.29,0.6924,0,0,7,food,card,0
2125,60.0,49059.36,490.95,1836,3,0,0.2956,14.4,0.5959,0,1,7,food,wallet,0
2126,32.0,36189.34,147.19,704,1,1,0.3211,1.46,0.7552,0,0,1,travel,wallet,0
2127,35.0,81142.4,204.49,2802,2,0,0.1973,34.33,0.9396,0,1,12,jewelry,upi,0
2128,53.0,22748.74,261.79,3456,5,0,0.1647,4.69,0.8568,0,0,2,food,card,0
2129,21.0,23068.96,239.92,1642,4,0,0.1199,3.21,0.839,1,0,3,travel,card,0
2130,36.0,45773.0,903.46,805,3,0,0.2914,10.97,0.7343,0,0,7,travel,upi,0
2131,58.0,49935.1,260.48,2096,1,2,0.1022,14.36,0.7586,0,0,16,food,wallet,0
2132,73.0,24711.76,132.83,3924,1,0,0.1566,4.11,0.8823,0,0,6,travel,card,0
2133,47.0,39394.31,305.19,2082,5,0,0.3707,6.35,0.7227,0,0,12,grocery,net_banking,0
2134,40.0,44113.2,493.64,1809,2,0,0.1399,5.12,0.8278,0,0,6,gaming,wallet,0
2135,43.0,44301.53,390.41,1776,2,1,0.1884,2.75,0.6345,0,0,14,food,card,0
2136,57.0,59791.77,369.36,2941,2,0,0.2547,10.97,0.7235,0,0,14,jewelry,wallet,0
2137,49.0,38224.05,40.24,1383,5,1,0.0972,0.04,0.9752,0,0,23,food,upi,0
2138,19.0,123982.84,14.89,2925,2,0,0.4341,18.9,0.8068,0,0,15,food,upi,0
2139,48.0,71940.96,644.34,3946,3,1,0.0468,0.74,0.6599,1,0,16,electronics,card,1
8419,60.0,18767.01,260.87,1736,4,0,0.2315,5.9,0.8737,0,0,22,travel,wallet,0
2141,57.0,57934.58,176.16,3716,4,0,0.445,21.25,0.7706,0,0,4,,net_banking,0
2142,67.0,58882.36,360.42,3163,4,0,0.1067,2.27,0.8462,0,0,23,travel,wallet,0
2143,72.0,107278.69,1236.78,3379,2,0,0.2902,0.47,0.7417,0,1,4,grocery,upi,0
2144,52.0,39532.49,739.88,185,4,1,0.1924,9.73,0.7633,0,0,4,fashion,card,0
2145,38.0,83878.51,471.15,1431,4,1,0.0701,7.52,0.9254,0,0,23,fashion,card,0
2146,43.0,56280.78,74.16,1115,3,0,0.1327,6.87,0.6471,0,0,2,food,,0
2147,28.0,124922.65,84.45,3456,5,2,0.2503,1.96,0.9423,0,0,10,fashion,card,0
2148,71.0,111868.43,16.55,941,6,0,0.1957,7.21,0.9785,0,0,7,jewelry,card,0
2149,66.0,61293.38,339.16,3872,6,0,0.2658,10.24,0.796,0,0,16,food,card,0
2150,66.0,47611.66,545.44,2803,2,0,0.3079,4.63,0.7476,1,1,9,electronics,card,0
2151,36.0,72672.75,591.78,522,8,0,0.3322,15.6,0.91,0,0,9,grocery,net_banking,0
2152,36.0,49803.52,353.68,2742,5,0,0.1767,4.78,0.696,1,1,20,food,card,0
2153,66.0,138587.53,154.3,1390,3,0,0.284,15.69,0.9142,0,1,6,food,net_banking,1
2154,49.0,57425.69,102.38,1209,2,0,0.2401,0.34,0.6724,0,0,8,electronics,wallet,0
2155,58.0,44001.76,78.85,3976,3,0,0.0675,2.12,0.912,0,0,0,electronics,card,0
2156,45.0,42714.78,152.86,3180,3,0,0.235,26.4,0.9211,0,0,22,food,wallet,0
2157,43.0,28223.74,67.7,3060,1,0,0.2071,34.56,0.8059,0,0,3,fashion,wallet,0
2158,54.0,74697.06,1042.01,1267,4,0,0.19,3.88,0.6024,0,0,4,grocery,upi,0
2159,64.0,35034.28,48.94,2660,6,0,0.3007,14.26,0.9706,0,0,22,food,card,0
2160,37.0,100616.35,147.81,1391,4,1,0.2167,4.03,0.8291,0,0,20,gaming,upi,0
2161,64.0,27010.32,25.96,2423,6,2,0.3219,8.26,0.9307,0,1,9,gaming,wallet,1
2162,31.0,58986.94,242.14,1613,4,0,0.304,13.4,0.9345,0,0,17,electronics,upi,0
2163,40.0,103539.82,179.57,2449,3,2,0.2981,4.3,0.8585,0,0,20,gaming,card,1
2164,70.0,16837.31,125.99,2986,2,2,0.1084,1.17,0.5998,0,0,11,electronics,net_banking,0
2165,72.0,166897.4,70.82,1281,4,0,0.0884,5.13,0.9714,0,0,15,travel,upi,0
2166,70.0,43528.95,180.44,76,3,1,0.2646,0.8,0.9404,0,1,15,food,upi,0
2167,36.0,59438.11,104.43,414,3,1,0.226,7.63,0.9046,0,0,15,travel,card,0
2168,66.0,75311.31,156.98,3628,2,0,0.1751,18.92,0.8368,0,0,10,grocery,card,0
2169,71.0,81998.76,1274.6,3838,0,0,0.1599,3.51,0.8397,0,0,10,fashion,wallet,0
2170,73.0,63941.55,213.82,2777,8,0,0.131,1.32,,0,0,20,food,upi,0
2171,19.0,95191.89,306.69,454,6,2,0.1984,4.1,0.589,1,0,23,fashion,wallet,1
2172,60.0,73172.68,113.12,2358,7,0,0.1093,4.16,0.9358,1,0,3,electronics,wallet,1
2173,74.0,144867.25,82.15,1746,3,0,0.3872,6.34,0.8632,0,0,6,electronics,card,0
2174,61.0,73303.86,175.91,972,1,0,0.2147,18.12,0.5869,0,0,15,food,card,0
2175,31.0,162046.4,2201.47,1535,8,1,0.1428,11.63,0.8072,0,0,23,grocery,card,1
2176,61.0,90280.96,135.03,3148,4,0,0.2898,12.5,0.8417,0,1,7,fashion,upi,0
2177,23.0,20372.19,258.37,3985,5,2,0.2964,1.04,0.9458,0,0,10,electronics,card,0
2178,45.0,231236.19,78.61,3494,4,0,0.0799,4.72,0.7073,0,0,4,food,card,0
2179,53.0,40102.71,11.45,839,1,2,0.5516,7.4,0.897,0,0,1,,card,0
2180,44.0,,81.71,2021,5,0,0.2367,10.14,0.9395,0,0,6,grocery,card,0
2181,57.0,55816.5,1946.26,2126,4,1,0.2442,2.99,0.5624,0,0,16,food,card,0
2182,31.0,98586.35,326.47,1191,7,0,0.4113,16.21,0.9712,0,0,23,food,wallet,0
2183,52.0,,928.79,1757,8,0,0.2146,0.55,0.8194,0,0,23,jewelry,card,0
2184,54.0,,127.13,1540,6,1,0.0877,2.79,0.8901,0,0,22,electronics,upi,0
2185,54.0,47850.35,17.05,306,8,0,0.1651,5.69,0.7945,0,0,11,gaming,upi,0
2186,34.0,131076.99,59.4,1682,8,1,0.0751,3.81,0.9447,1,0,0,food,card,1
2187,35.0,70007.38,267.73,1475,7,1,0.0351,1.88,0.764,0,0,3,jewelry,upi,0
2188,32.0,92028.81,228.28,1244,3,0,0.1566,3.49,0.7472,0,0,13,fashion,upi,0
2189,44.0,16728.12,178.13,2466,4,0,0.0141,11.39,0.755,0,0,19,fashion,upi,0
2190,51.0,52471.4,105.92,2857,1,1,0.1966,3.13,0.9737,0,1,6,fashion,card,0
2191,38.0,68933.11,460.67,216,3,1,0.1661,15.27,0.6869,0,1,16,gaming,wallet,0
2192,41.0,62197.91,109.03,1388,4,0,0.3604,10.88,0.7797,0,1,10,electronics,upi,0
2193,34.0,93313.95,244.88,152,3,0,0.1323,11.25,0.7633,1,0,9,electronics,card,0
2194,30.0,44974.06,218.83,3290,4,0,0.1676,0.87,0.9175,0,1,2,electronics,net_banking,0
2195,55.0,56495.79,124.52,3711,6,0,0.1415,2.26,,0,1,22,grocery,upi,0
2196,64.0,105320.48,74.56,1870,5,1,0.1369,2.66,,0,0,13,food,wallet,0
2197,34.0,15706.18,117.4,3781,2,0,0.0156,2.98,0.9536,0,0,18,food,card,0
2198,67.0,76056.46,1172.13,2526,6,0,0.1893,0.01,0.8444,0,0,20,food,wallet,0
772,74.0,68286.49,75.14,1684,0,0,0.1396,4.9,0.881,0,0,22,travel,net_banking,0
2200,27.0,33300.03,499.37,3793,1,0,0.1444,4.43,0.9386,0,0,23,fashion,card,0
2201,38.0,66183.59,81.98,2360,6,0,0.1399,12.01,0.8083,1,0,6,food,upi,1
2202,18.0,108032.42,42.75,1800,2,0,0.2435,1.98,0.8818,0,0,12,gaming,wallet,0
2203,20.0,97403.51,538.86,2975,4,1,0.058,9.44,0.9618,1,0,10,jewelry,upi,1
1498,62.0,20729.96,374.29,756,3,0,0.0592,13.04,0.8127,0,0,3,electronics,card,0
2205,43.0,89031.54,206.48,1207,1,0,0.1323,27.64,0.5819,0,0,13,electronics,card,0
2206,63.0,88656.6,124.27,2213,7,0,0.1372,13.78,0.8717,0,0,18,fashion,upi,0
2207,25.0,,41.64,829,5,0,0.3656,1.37,0.8173,0,0,15,fashion,card,0
2208,65.0,37567.48,428.53,2001,3,0,0.2121,10.31,0.6738,0,0,2,fashion,upi,0
2209,31.0,38781.93,589.39,3427,7,0,0.1881,2.46,0.6313,0,0,6,food,upi,0
2210,25.0,87195.48,91.27,3136,2,1,0.3494,9.26,0.5287,0,0,18,grocery,card,0
2211,57.0,53739.72,83.96,3568,5,0,0.1376,4.17,0.8723,0,0,11,food,upi,0
2212,62.0,30936.38,622.67,3444,6,1,0.3564,26.99,0.9435,0,0,13,food,wallet,1
2213,52.0,21772.74,94.74,1349,3,0,0.1312,11.55,0.5563,0,0,17,food,card,0
2214,24.0,86907.17,1066.37,2859,3,0,0.116,2.14,0.881,0,0,20,jewelry,wallet,0
5900,67.0,72140.08,310.65,3082,3,0,0.096,0.7,0.8895,1,0,12,fashion,card,0
2216,40.0,65959.86,122.29,3886,2,1,0.1855,18.07,0.8297,0,1,23,fashion,card,0
2217,43.0,108763.08,188.31,731,4,0,0.4317,7.71,0.7076,1,0,23,gaming,upi,0
2218,74.0,26773.82,122.28,1098,5,1,0.0587,6.4,0.8408,0,0,20,food,card,0
2219,34.0,53651.4,555.11,3768,1,0,0.413,8.91,0.7814,0,0,7,gaming,upi,0
2220,28.0,50071.47,436.49,979,3,0,0.3341,14.82,0.8058,0,0,18,grocery,card,0
2221,71.0,67774.89,534.36,2489,5,0,0.3367,0.03,0.7085,0,0,5,fashion,net_banking,0
2222,26.0,108730.37,216.48,1186,3,0,0.0153,0.6,0.7227,0,0,16,electronics,wallet,0
2223,19.0,26473.25,114.05,1159,1,1,0.2979,1.85,0.8901,0,1,11,grocery,card,0
2224,42.0,75242.94,178.38,2693,3,1,0.3591,2.91,0.7437,0,0,0,fashion,card,0
2225,40.0,96996.15,117.6,3185,5,1,0.1809,1.12,0.8437,0,0,2,travel,card,0
2226,53.0,49641.43,780.2,953,5,0,0.0705,0.42,0.8027,0,0,2,grocery,upi,0
2227,68.0,50995.5,490.4,3932,4,0,0.1526,13.28,0.8861,0,0,21,fashion,upi,0
2228,71.0,69233.19,164.26,381,2,0,0.0742,14.41,0.8915,0,0,20,food,upi,0
2229,34.0,66485.41,71.27,427,7,1,0.204,47.57,0.853,0,0,20,electronics,upi,1
2230,73.0,75764.29,840.33,3911,5,0,0.0913,24.57,0.8781,0,0,16,jewelry,wallet,0
2231,54.0,74891.28,206.36,250,3,0,0.2353,0.07,,0,0,6,gaming,wallet,0
2232,21.0,32048.44,158.03,1279,5,0,0.0512,4.31,0.5533,0,0,20,fashion,card,1
2233,71.0,94819.94,847.77,510,3,1,0.2801,19.53,0.756,0,0,12,food,card,0
2234,25.0,104487.13,108.09,912,9,0,0.1199,2.43,0.8389,0,0,16,food,upi,1
2235,51.0,60927.14,130.85,323,3,0,0.3304,11.65,0.8245,0,0,9,jewelry,card,0
2236,63.0,24180.53,142.91,1454,4,0,0.0371,0.76,0.8834,1,0,1,fashion,,0
2237,32.0,51636.2,48.25,1203,1,0,0.0636,13.16,0.8557,1,1,14,food,wallet,0
2238,33.0,61206.69,246.83,658,5,1,0.036,11.37,0.8793,0,0,13,fashion,card,0
2239,45.0,29306.32,83.98,2883,2,1,0.3612,5.13,0.9072,0,0,7,food,card,0
2240,68.0,45116.92,101.72,171,4,0,0.1616,6.5,0.6878,0,0,5,,net_banking,0
2241,30.0,25334.83,88.99,1912,5,0,0.1083,0.11,0.9718,0,1,6,jewelry,wallet,1
2242,55.0,76810.7,100.07,1242,3,0,0.015,17.99,0.9618,0,0,17,food,card,0
2243,43.0,60256.39,77.79,2611,7,0,0.2153,13.55,0.6189,1,0,10,fashion,card,1
2244,24.0,22245.78,230.48,1371,7,1,0.1535,8.74,,0,0,11,gaming,card,0
2245,58.0,66728.95,154.06,1906,5,0,0.3019,2.87,0.8061,0,1,16,gaming,card,0
2246,65.0,53316.9,188.85,3249,4,1,0.2299,12.01,0.7544,0,0,5,fashion,upi,0
2247,50.0,73065.85,1894.57,603,5,0,0.1075,5.73,0.9111,1,0,9,fashion,card,1
2248,28.0,44344.57,154.07,1759,3,0,0.1157,1.83,0.7893,0,0,9,fashion,,0
2249,26.0,35393.19,329.61,2261,7,1,0.1047,11.1,0.8166,0,1,9,grocery,upi,1
2250,42.0,35994.59,369.34,2954,1,1,0.0203,3.84,0.7197,0,0,6,fashion,card,0
2251,46.0,40908.57,169.03,2160,6,0,0.4884,11.76,0.662,0,0,2,electronics,card,0
2252,,,236.69,2950,4,0,0.1584,15.07,0.8059,0,0,16,electronics,upi,0
2253,31.0,59662.9,183.76,3189,4,0,0.1187,1.95,0.6949,0,0,12,travel,net_banking,0
2254,46.0,49523.0,220.42,3162,3,0,0.2472,1.46,0.4272,0,1,22,grocery,wallet,0
2255,34.0,43576.04,100.13,2473,3,0,0.0373,5.31,0.9937,0,0,15,fashion,net_banking,0
2256,57.0,45334.19,109.81,3676,3,1,0.3702,13.85,0.7912,1,0,15,electronics,wallet,0
2257,63.0,218455.39,183.07,120,4,3,0.152,17.99,0.9165,1,0,3,fashion,upi,1
2258,55.0,35996.96,25.05,2009,4,0,0.1101,4.66,0.9422,0,0,12,electronics,card,0
2259,18.0,40465.45,803.54,3214,4,0,0.2044,3.7,0.9065,0,0,15,grocery,upi,0
2260,74.0,250000.0,1562.14,442,2,0,0.1272,4.51,0.7975,0,0,12,travel,upi,0
2261,19.0,69330.89,213.43,3278,4,1,0.4474,1.24,0.8626,0,0,2,electronics,card,0
3017,48.0,36701.04,109.94,2023,4,0,0.1903,20.65,0.9136,0,0,20,food,card,1
2263,19.0,87427.61,530.6,3152,4,0,0.2154,11.46,0.9148,0,1,3,grocery,upi,0
2264,47.0,33341.8,47.86,772,7,0,0.2096,0.78,0.8915,0,0,16,grocery,card,0
2265,24.0,90678.2,455.43,2680,4,2,0.3657,13.32,0.7595,0,0,0,food,card,1
2266,23.0,48974.7,117.51,3321,6,1,0.3875,8.52,0.9446,1,0,20,fashion,upi,1
2267,56.0,43182.94,1778.78,3262,4,0,0.1561,2.84,0.75,0,0,6,grocery,upi,0
2268,59.0,133269.57,149.11,2310,3,0,0.0779,6.14,0.9552,1,0,7,food,card,0
2269,24.0,75102.51,446.37,3636,6,0,0.095,43.72,0.7328,0,0,6,food,upi,0
2270,73.0,93923.2,150.59,586,3,0,0.5795,4.8,0.8864,0,0,16,grocery,upi,0
2271,36.0,69863.2,1619.14,968,7,0,0.1323,0.63,0.7055,0,0,17,electronics,net_banking,1
2272,36.0,43072.67,107.84,556,1,0,0.2178,4.78,0.737,0,0,9,food,wallet,0
2273,34.0,76982.5,577.12,2885,2,1,0.1222,11.05,,0,0,21,electronics,card,0
2274,44.0,106954.3,336.85,3569,2,0,0.1848,1.91,0.8066,0,0,1,fashion,upi,0
2275,28.0,59230.65,269.69,3723,2,0,0.129,2.96,0.8877,0,0,17,fashion,wallet,0
2276,42.0,148151.68,226.32,2094,7,0,0.1981,3.62,0.8151,0,0,20,grocery,upi,0
2277,29.0,87803.48,92.38,554,2,1,0.5663,12.98,0.8709,0,0,8,electronics,upi,0
2278,20.0,61801.25,13.56,712,4,2,0.1906,0.71,0.5775,1,0,15,gaming,net_banking,0
2279,39.0,,527.08,2516,7,1,0.249,13.24,0.9728,0,0,8,travel,card,1
2280,56.0,59312.12,110.4,3590,5,0,0.099,4.48,0.8231,1,0,20,food,net_banking,0
2281,61.0,27636.9,579.73,3952,3,0,0.0571,3.79,0.7003,0,0,6,food,upi,0
2282,38.0,52341.71,255.87,2891,6,0,0.1199,6.64,0.8924,0,0,17,gaming,upi,0
2283,36.0,62114.89,597.77,3526,4,1,0.5434,3.77,0.732,0,0,22,fashion,card,1
2284,62.0,43749.77,401.36,1926,3,0,0.1295,1.63,0.7849,1,0,15,fashion,wallet,0
2285,56.0,66224.84,15.31,808,3,0,0.2519,21.9,0.7865,0,0,5,travel,upi,0
2286,65.0,55648.34,332.9,1876,4,0,0.1984,11.54,0.8941,0,0,16,grocery,card,0
5179,22.0,27693.2,38.52,3526,6,0,0.2796,9.7,0.8896,0,0,5,grocery,upi,0
2288,64.0,79205.44,577.07,2700,6,0,0.0386,1.53,0.939,1,1,9,jewelry,card,0
2289,71.0,60296.1,325.11,1337,3,0,0.2395,5.68,0.4846,1,0,13,grocery,card,0
2290,41.0,,328.96,1373,5,0,0.1359,6.7,0.3741,0,0,12,electronics,upi,0
2291,40.0,147264.56,137.1,41,4,0,0.0647,0.36,0.8706,0,0,0,food,card,0
2292,36.0,50871.01,72.27,3999,4,0,0.0965,13.86,0.8344,0,0,13,gaming,wallet,0
2293,31.0,52606.81,116.75,1726,7,0,0.2196,0.41,0.8316,0,0,17,travel,net_banking,0
2294,60.0,45556.2,29.76,3144,3,1,0.1014,5.55,0.8974,0,0,1,electronics,wallet,0
2295,58.0,42043.58,99.74,2092,2,0,0.0831,4.07,0.7463,0,0,8,electronics,card,0
2296,63.0,128581.78,41.63,2574,4,0,0.1019,14.35,0.6546,0,1,23,fashion,upi,0
2297,27.0,117878.87,42.74,1887,7,0,0.1258,5.37,0.7211,0,0,21,gaming,card,0
2298,46.0,70228.17,202.24,2759,2,1,0.0701,21.92,0.6293,0,0,3,food,net_banking,0
2299,30.0,51842.39,307.05,823,4,0,0.0866,6.65,0.6447,0,0,2,food,card,0
2300,68.0,77311.91,174.37,3984,0,1,0.1765,5.79,0.8225,0,0,21,fashion,upi,0
2301,33.0,57278.28,109.31,1728,2,0,0.3941,5.31,0.6319,0,0,19,travel,wallet,0
2302,26.0,49536.54,69.79,72,7,0,0.0579,3.18,0.8207,0,1,19,grocery,upi,1
2303,50.0,66240.46,131.07,3811,7,0,0.2081,7.13,0.8903,0,0,12,food,card,0
2304,68.0,43150.6,79.1,120,8,0,0.118,21.44,0.6745,0,0,11,travel,net_banking,1
2305,70.0,63185.73,169.04,1905,3,0,0.135,2.76,0.93,0,0,13,fashion,upi,0
2306,23.0,61537.99,39.31,3146,7,0,0.0123,0.72,0.9633,0,1,18,food,card,0
2307,36.0,76626.89,362.95,1500,2,2,0.2831,0.03,0.9246,0,0,4,electronics,upi,0
2308,26.0,39126.81,102.1,861,4,1,0.1523,2.71,0.8194,1,0,18,travel,card,0
2309,35.0,81280.67,262.23,984,5,0,0.1092,3.3,0.7113,0,0,14,electronics,wallet,0
2310,48.0,,437.11,2750,7,0,0.5018,0.57,0.8009,0,0,1,electronics,card,1
2311,33.0,40141.93,249.84,2307,1,1,0.0427,14.53,0.7656,0,0,2,food,upi,0
2312,21.0,41117.11,400.25,2028,2,1,0.2453,2.28,0.9375,0,0,22,grocery,upi,0
2313,47.0,30499.33,22.79,2071,4,1,0.1707,2.33,0.7858,0,0,12,grocery,card,0
2314,21.0,96153.65,109.96,1295,5,0,0.2779,0.77,0.8524,0,0,21,electronics,card,0
2315,30.0,32276.98,542.42,3742,4,1,0.16,23.44,0.8037,0,0,16,fashion,upi,0
2316,18.0,37447.1,299.52,948,4,0,0.1362,0.72,0.7137,0,0,6,travel,upi,0
2317,22.0,,1143.01,3355,2,1,0.1766,4.12,0.7898,1,0,1,food,net_banking,0
2318,42.0,40185.76,989.64,3113,8,0,0.1622,6.61,0.4573,0,0,17,jewelry,card,0
2319,66.0,49593.25,242.88,56,2,1,0.2657,3.48,0.7321,0,0,14,food,card,0
2320,62.0,31522.99,139.91,708,5,2,0.1335,8.34,0.6852,0,0,17,grocery,net_banking,0
2321,23.0,86960.7,69.03,2222,2,0,0.1062,0.7,0.9516,0,0,17,grocery,net_banking,0
2322,19.0,87622.53,111.85,660,2,0,0.4104,4.16,0.8484,0,0,22,food,card,0
2323,37.0,82578.84,119.67,3414,5,0,0.1925,0.11,0.7524,1,1,1,food,card,0
2324,55.0,73919.35,99.46,1784,2,0,0.4225,2.99,0.7459,0,0,6,gaming,card,0
2325,60.0,57271.73,71.85,3352,4,2,0.1911,9.96,0.8776,0,0,15,grocery,upi,0
2326,64.0,41220.1,268.95,503,5,0,0.2434,26.54,0.8734,0,0,7,electronics,upi,0
2327,37.0,35131.57,982.01,125,3,0,0.501,2.42,0.8583,0,1,2,gaming,,0
2328,27.0,111807.79,457.7,2576,4,1,0.3897,1.78,0.9723,0,0,18,gaming,upi,0
2329,19.0,83761.67,130.39,3214,4,0,0.1413,6.75,0.9428,0,1,23,electronics,card,0
2330,26.0,37562.86,496.2,3968,3,0,0.0741,1.28,0.6103,0,0,11,food,net_banking,0
2331,21.0,56218.21,254.58,3156,2,0,0.4593,14.26,0.8799,0,0,21,travel,upi,0
2332,67.0,46631.2,172.82,2999,5,2,0.3432,27.15,0.8407,0,0,16,grocery,upi,1
2333,33.0,29571.68,162.36,260,5,0,0.1231,4.5,0.751,0,0,1,food,card,0
2334,,60645.26,147.38,2424,1,0,0.1067,0.13,0.959,0,0,10,grocery,net_banking,0
2335,49.0,43764.03,345.17,2863,2,0,0.2934,5.26,0.6223,0,0,2,travel,card,0
2336,48.0,32571.51,206.98,1596,8,1,0.1463,24.24,0.8644,1,0,18,grocery,card,1
2337,43.0,24381.15,86.88,3996,5,0,0.2693,19.18,0.6705,0,0,20,grocery,card,0
2338,64.0,23271.78,82.77,3952,6,0,0.0441,5.48,0.9143,0,0,23,grocery,card,0
2339,20.0,44837.68,244.41,3428,3,0,0.1506,3.53,0.8309,0,0,6,electronics,card,0
2340,23.0,52485.19,276.33,3523,5,0,0.0612,2.48,0.763,0,1,8,jewelry,upi,0
2341,42.0,33984.95,131.61,2285,2,1,0.3661,1.96,0.913,0,0,8,grocery,wallet,0
2342,40.0,78668.27,58.03,3287,7,0,0.1684,5.29,0.8833,0,0,16,electronics,card,0
2343,49.0,53052.53,628.87,312,3,1,0.1154,1.26,0.8728,0,0,16,travel,card,0
2344,60.0,75536.81,508.55,943,6,0,0.2675,18.29,0.7296,0,0,0,fashion,net_banking,0
2345,51.0,49736.16,24.67,2665,3,1,0.1654,13.27,0.9457,0,0,12,food,card,0
2346,32.0,35673.87,687.14,520,2,0,0.1299,7.35,0.5651,0,1,5,grocery,upi,0
2347,36.0,58562.69,146.05,3257,7,0,0.1195,6.9,0.9687,0,0,3,electronics,card,0
7120,47.0,32915.73,499.8,3138,3,0,0.2507,2.74,0.8983,0,0,17,fashion,wallet,0
2349,29.0,73996.99,561.82,1416,3,0,0.2729,4.94,0.7525,0,0,17,jewelry,upi,0
2350,,32848.34,939.64,1056,4,0,0.1859,21.47,0.9524,0,1,2,grocery,card,1
2351,,91136.75,490.69,2178,8,0,0.1473,1.37,0.7692,0,0,16,fashion,wallet,0
2352,60.0,45658.17,229.06,354,4,1,0.0257,3.28,0.9072,0,0,21,grocery,upi,0
2353,58.0,98664.64,45.48,3254,8,0,0.1774,0.46,0.9658,0,0,4,fashion,upi,1
2354,44.0,29662.7,23.73,3557,4,0,0.2444,15.01,0.7963,0,0,21,travel,card,0
2355,35.0,37885.17,433.16,2995,4,0,0.0967,1.0,0.7389,0,0,18,fashion,card,0
2356,38.0,67819.34,688.82,765,1,1,0.198,22.35,0.7122,0,1,20,grocery,upi,0
2357,41.0,104700.78,79.7,1183,6,1,0.021,4.33,0.8644,0,0,6,grocery,upi,0
2358,30.0,137547.33,137.44,929,2,0,0.1544,4.88,0.9096,0,0,22,grocery,card,0
2359,53.0,56265.67,103.1,2420,4,0,0.1211,2.01,0.772,0,0,8,electronics,card,0
2360,29.0,151122.88,100.39,3555,1,0,0.5003,3.54,0.7264,0,0,17,food,wallet,0
2361,54.0,46900.0,527.38,3520,3,0,0.2035,17.01,0.9173,0,0,8,food,card,0
2362,60.0,100650.63,223.93,3833,3,0,0.0321,2.91,0.591,0,0,22,electronics,card,0
2363,72.0,32757.56,143.13,2767,1,0,0.2578,1.12,0.7892,0,0,4,electronics,upi,0
2364,24.0,69299.9,2566.96,910,4,1,0.1303,22.79,0.6726,0,1,20,fashion,wallet,1
2365,,15171.25,42.89,1610,2,0,0.542,9.84,0.7682,0,1,4,grocery,net_banking,0
2366,22.0,29679.55,311.33,1197,2,0,0.1265,12.42,0.7861,0,0,2,electronics,card,0
2367,37.0,71094.18,63.05,282,3,0,0.1735,3.22,0.8734,0,1,8,food,card,0
2368,28.0,26722.12,153.78,3206,3,1,0.4287,2.89,0.8348,0,0,3,fashion,net_banking,0
2369,27.0,69557.62,208.85,2324,7,1,0.0773,2.82,0.7955,1,0,0,food,upi,0
2370,27.0,90548.46,418.87,3881,6,0,0.1854,2.43,0.7907,0,1,5,,net_banking,0
2371,20.0,41746.14,138.63,3369,2,0,0.336,7.31,0.7083,1,1,5,food,card,0
2372,64.0,32278.75,124.71,2609,2,0,0.1847,4.22,0.6417,0,0,22,electronics,card,0
2373,21.0,42373.81,136.17,203,5,2,0.1257,8.5,0.9113,0,0,22,travel,card,0
2374,40.0,32334.55,61.13,1787,1,0,0.2334,8.54,,0,0,3,food,card,0
2375,57.0,52021.95,338.75,1915,6,0,0.0792,1.2,0.726,1,0,5,grocery,net_banking,0
2376,74.0,58176.59,238.48,2708,7,1,0.099,0.12,0.4645,1,1,7,food,wallet,1
2377,66.0,46480.26,278.14,2281,5,0,0.0888,1.01,0.6298,0,0,0,travel,upi,0
2378,25.0,138134.9,167.91,3127,8,1,0.3236,2.78,0.9514,0,1,15,food,card,1
2379,74.0,37027.51,148.42,117,3,0,0.1462,4.35,0.9121,0,0,16,gaming,wallet,0
2380,55.0,118228.76,583.22,477,1,0,0.1447,7.32,0.9459,0,0,14,food,wallet,0
2381,28.0,31020.6,500.07,3812,2,0,0.2947,11.29,0.9752,0,0,18,food,wallet,0
2382,43.0,57246.18,740.82,1758,5,0,0.1519,30.67,0.6765,0,0,21,grocery,upi,0
2383,70.0,105429.36,261.27,3296,8,0,0.0852,9.69,,0,0,14,food,card,0
2384,40.0,102470.98,696.19,3433,2,0,0.2173,3.52,0.8346,0,0,7,gaming,net_banking,0
2385,28.0,43649.48,118.73,508,3,0,0.2836,4.43,0.7962,0,0,15,grocery,card,0
2386,67.0,74635.89,147.25,2830,1,1,0.1866,1.19,0.7283,0,1,9,food,wallet,0
2387,72.0,69337.21,594.7,720,4,0,0.0582,7.04,0.7721,1,0,2,travel,net_banking,1
2388,73.0,40868.79,418.38,640,6,0,0.1483,3.68,0.8421,0,0,11,fashion,wallet,0
2389,72.0,77177.32,134.63,999,2,0,0.0923,11.11,0.6288,0,0,5,food,card,0
2390,67.0,153193.81,63.22,3028,5,1,0.1349,2.58,0.8045,0,0,19,grocery,upi,0
2391,43.0,71290.89,146.79,399,5,0,0.1363,11.1,0.7766,0,0,13,travel,card,0
2392,28.0,75100.65,90.75,2679,0,0,0.2395,1.14,0.931,0,0,1,grocery,upi,0
2393,53.0,79600.34,1009.75,1543,4,0,0.2134,1.47,0.9319,1,0,19,grocery,upi,0
2394,30.0,24625.83,384.91,1080,3,0,0.4526,1.0,0.8655,0,0,23,gaming,net_banking,0
2395,44.0,70842.33,83.68,982,3,0,0.4732,2.67,0.6515,0,0,1,food,upi,0
2396,55.0,31441.08,63.31,1395,1,1,0.3857,0.21,0.9329,0,0,4,fashion,card,0
2397,71.0,39761.35,82.65,1415,1,1,0.132,16.5,0.791,0,0,1,grocery,card,0
2398,34.0,180621.05,102.94,1278,2,0,0.1147,13.2,0.8744,0,1,21,fashion,card,0
2399,32.0,47848.48,152.36,2087,4,0,0.4563,5.7,0.8238,0,1,15,grocery,card,0
2400,59.0,36606.92,548.67,3973,6,1,0.527,6.48,0.8922,0,0,2,fashion,card,1
2401,18.0,103674.23,68.47,1822,2,0,0.1618,6.46,0.6168,0,0,21,fashion,upi,0
2402,50.0,32658.69,1776.67,759,0,0,0.1669,2.73,0.84,0,0,17,food,net_banking,0
2403,60.0,,70.08,2458,10,0,0.0717,5.31,0.8925,0,0,7,gaming,upi,0
2404,49.0,109323.55,43.99,3322,3,0,0.2156,12.54,0.7743,0,0,15,fashion,upi,0
2405,39.0,56309.05,973.85,2410,3,0,0.052,9.59,0.5564,0,1,21,electronics,wallet,0
2406,65.0,23300.03,674.66,2136,6,0,0.2857,7.29,0.8471,0,0,1,electronics,card,0
2407,39.0,74182.44,150.0,2686,10,1,0.2811,1.9,0.8861,0,0,10,travel,card,1
2408,58.0,,263.56,3525,6,0,0.0906,13.19,0.5699,0,0,11,travel,wallet,0
2409,44.0,128284.63,270.3,333,5,0,0.1283,17.03,0.7283,0,1,10,travel,card,0
2410,19.0,39406.48,206.37,3927,7,1,0.167,7.74,,0,0,21,,card,0
2411,48.0,98052.93,49.23,3575,3,0,0.1596,1.84,0.8781,0,0,14,fashion,net_banking,0
2412,20.0,146052.64,15.04,3845,1,0,0.417,4.45,0.6704,0,0,14,fashion,card,0
914,73.0,43118.13,92.41,3809,2,0,0.2315,2.86,0.8485,0,0,0,gaming,net_banking,0
2414,52.0,49455.14,1106.67,3421,1,0,0.1241,5.64,0.6911,0,0,18,jewelry,upi,0
2415,39.0,68106.8,1150.98,354,3,0,0.3549,9.06,0.8547,0,0,1,grocery,upi,0
2416,45.0,,138.53,1671,1,1,0.1238,21.23,0.9789,0,0,9,food,card,0
2417,53.0,63815.46,69.06,3521,5,0,0.2614,52.6,0.8183,0,1,13,fashion,card,0
2418,32.0,48600.17,237.72,1106,5,0,0.3058,7.25,0.9356,0,0,8,jewelry,card,0
2419,34.0,48064.6,279.2,3061,2,1,0.3418,13.72,0.9496,0,0,0,electronics,net_banking,0
2420,41.0,56500.49,328.22,1298,1,0,0.2144,3.25,0.9147,0,0,8,food,wallet,0
2421,32.0,57198.56,14.38,2368,4,0,0.4524,15.24,0.8457,0,0,20,food,card,0
2422,61.0,60187.68,4233.2,2622,5,0,0.1541,25.99,0.9153,0,0,18,gaming,wallet,1
2423,23.0,39566.34,558.6,3515,3,0,0.1474,3.02,0.897,1,0,11,jewelry,wallet,0
2424,65.0,40527.82,147.69,1387,4,1,0.1705,11.91,0.8949,1,0,17,jewelry,upi,0
2425,37.0,51527.21,87.75,3156,6,0,0.0781,9.87,0.82,1,0,20,grocery,upi,0
2426,49.0,53662.61,483.12,1756,1,1,0.2194,12.07,0.8383,0,1,20,gaming,upi,0
2427,26.0,43205.42,295.41,1591,6,1,0.1083,2.88,,1,0,19,fashion,card,1
2428,39.0,65726.36,197.37,346,6,0,0.0891,0.89,0.6983,0,0,19,electronics,wallet,0
2429,61.0,20271.46,284.66,333,8,0,0.1499,11.55,0.8201,0,0,23,travel,wallet,0
2430,33.0,36802.9,160.81,3090,6,1,0.2971,8.7,0.7839,0,0,15,travel,upi,0
2431,25.0,47151.83,269.03,445,3,1,0.1429,8.97,0.6914,0,1,20,food,upi,0
2432,47.0,34345.46,372.16,472,3,1,0.0398,1.79,0.6061,0,1,6,food,wallet,0
2433,27.0,134746.08,253.73,765,2,0,0.3144,3.38,,0,0,17,jewelry,card,0
2434,35.0,55573.54,240.78,1367,0,0,0.0985,5.58,0.7559,0,1,21,electronics,card,0
2435,43.0,60615.86,724.74,676,8,0,0.1352,16.2,0.6014,0,0,12,gaming,upi,0
2436,50.0,42163.56,36.45,2374,6,0,0.2671,29.65,0.9172,0,0,15,fashion,wallet,0
2437,54.0,54524.75,81.05,3293,7,0,0.0643,1.29,0.8825,1,1,1,food,net_banking,0
2438,56.0,28189.34,184.84,2138,5,0,0.091,1.75,0.8564,1,0,19,grocery,card,0
2439,66.0,50095.63,86.76,2670,3,0,0.0859,6.91,0.8438,0,0,22,gaming,upi,0
2440,21.0,32850.88,121.14,3575,4,2,0.059,13.71,0.8933,0,0,14,food,upi,0
2441,38.0,47217.34,652.43,3581,4,1,0.0932,0.57,0.9542,0,0,4,jewelry,card,0
2442,18.0,15000.0,155.09,2644,6,1,0.0353,4.69,0.8032,0,0,12,food,upi,0
2443,18.0,29575.06,28.9,300,3,0,0.0489,5.18,0.6968,0,0,20,gaming,upi,0
2444,30.0,123037.93,117.87,3162,0,1,0.1653,5.74,0.9195,1,0,12,grocery,upi,0
2445,52.0,86838.66,190.77,3037,4,0,0.3393,4.41,0.9109,0,0,13,fashion,wallet,0
2446,68.0,113613.78,187.29,1234,7,0,0.1679,18.86,0.8124,0,0,0,grocery,wallet,0
2447,62.0,117987.64,313.87,674,7,0,0.2386,12.41,0.9342,0,0,20,food,card,0
2448,54.0,79636.8,289.27,555,7,0,0.4522,0.99,0.8156,0,0,15,grocery,,1
2449,62.0,42873.56,156.67,1126,3,0,0.3056,4.32,0.827,0,0,5,gaming,card,0
2450,27.0,31088.72,54.59,2981,1,0,0.0574,7.84,0.3897,1,0,1,jewelry,upi,0
2451,65.0,103341.88,115.79,3785,2,0,0.2202,6.08,0.5212,1,0,20,food,upi,0
2452,68.0,56988.28,96.56,639,6,0,0.2962,1.98,0.8619,0,0,0,electronics,net_banking,0
2453,23.0,216815.28,135.35,1676,5,1,0.0706,19.84,0.823,0,0,0,grocery,upi,0
2454,44.0,44994.01,359.29,3341,3,1,0.1877,8.11,0.9137,0,0,4,grocery,wallet,0
2455,65.0,162784.28,269.63,370,3,0,0.1927,0.98,0.8521,0,0,19,gaming,card,0
2456,45.0,50455.8,410.33,3773,2,1,0.1141,6.44,0.7641,0,0,14,grocery,wallet,0
2457,65.0,114681.64,122.59,102,2,0,0.1642,23.15,0.5964,0,0,22,fashion,card,0
2458,71.0,139842.06,813.48,1153,8,1,0.3113,1.8,0.7015,0,1,13,gaming,upi,1
2459,45.0,31334.22,352.76,158,4,0,0.1063,4.96,0.7008,0,0,21,,upi,0
2460,21.0,42122.59,201.38,3051,2,0,0.1193,18.19,0.8754,0,0,14,food,wallet,0
2461,37.0,31161.85,329.08,1725,2,1,0.1718,0.86,0.888,0,0,9,gaming,card,0
2462,30.0,27962.48,91.58,1766,3,0,0.0741,10.56,0.9307,0,0,6,travel,card,0
2463,45.0,79377.9,21.85,2199,5,0,0.0994,2.5,0.7305,0,0,15,grocery,net_banking,0
2464,51.0,49362.33,98.13,1217,7,0,0.1506,21.3,0.964,0,0,9,food,card,0
2465,44.0,56607.11,380.09,3035,4,0,0.1223,15.14,0.9939,0,0,11,electronics,upi,0
4925,36.0,19575.45,1187.56,2328,3,0,0.0291,4.69,0.9596,1,0,13,jewelry,net_banking,0
2467,35.0,19801.75,156.98,3189,4,0,0.0824,1.93,0.8521,0,0,12,electronics,upi,0
2468,56.0,111614.89,77.1,2597,2,2,0.1443,22.04,0.6801,0,0,12,jewelry,card,0
2469,19.0,45391.8,25.46,2709,1,0,0.0746,0.28,0.4693,0,1,17,food,card,0
2470,30.0,73711.14,748.3,3952,4,0,0.0637,4.73,0.8442,0,0,0,food,card,0
2471,68.0,77379.76,146.21,2041,4,0,0.3409,4.78,0.8594,0,1,5,food,card,0
2472,23.0,116894.44,117.15,1221,4,1,0.1777,8.18,0.7062,0,0,6,food,card,0
2473,41.0,51917.8,91.96,2919,4,1,0.3666,8.49,0.9898,0,0,19,fashion,upi,0
2474,29.0,17104.35,631.11,2832,6,0,0.2151,3.57,0.9064,0,0,13,,card,0
2475,23.0,56755.55,434.55,1949,6,1,0.3788,2.36,0.7381,0,1,5,fashion,card,0
2476,42.0,61419.17,68.42,1359,3,1,0.1459,22.79,0.7508,0,0,6,jewelry,upi,0
2477,47.0,31139.89,576.8,3723,2,0,0.2935,1.59,0.7021,0,0,10,grocery,card,0
2478,28.0,59647.55,155.69,1028,4,0,0.2503,14.93,0.8586,0,0,14,food,upi,0
2479,22.0,45095.08,97.75,343,3,1,0.0287,7.86,0.6512,0,0,1,electronics,card,0
2480,25.0,,134.2,2538,4,0,0.2643,14.0,0.7771,0,1,20,electronics,upi,0
2481,55.0,79571.01,82.24,352,3,0,0.085,3.6,0.7191,0,0,1,food,upi,0
2482,67.0,40337.61,48.04,3052,6,0,0.2513,7.9,0.9324,0,0,17,fashion,card,0
2483,28.0,43983.94,391.15,3373,3,0,0.4153,0.94,0.8408,0,0,22,grocery,net_banking,0
2484,36.0,,144.35,2878,3,2,0.2868,13.45,0.6334,0,0,1,grocery,upi,1
2485,37.0,108510.44,333.67,967,1,2,0.0661,12.89,0.9191,0,0,9,food,upi,0
2486,38.0,53776.11,239.89,3772,2,1,0.1131,11.31,0.7096,0,0,4,grocery,,0
2487,31.0,57445.58,311.53,381,2,1,0.2429,1.8,0.742,0,0,2,food,upi,0
2488,,43162.99,23.27,456,3,0,0.197,0.63,0.5752,0,1,1,electronics,upi,1
2489,47.0,70945.36,75.66,1237,5,0,0.1323,17.32,0.8287,0,0,9,food,upi,0
2490,38.0,115521.67,318.09,2176,3,0,0.0702,16.05,0.825,0,0,5,travel,card,0
2491,37.0,78543.82,50.31,2849,6,1,0.3398,5.24,0.6932,0,0,22,electronics,card,0
2492,33.0,80247.05,261.39,1184,3,0,0.432,1.89,0.826,1,0,15,gaming,card,0
2493,70.0,76765.84,44.8,3664,3,0,0.2052,5.49,0.7667,0,0,15,jewelry,,0
2494,52.0,25743.95,182.98,3273,2,0,0.2758,0.84,0.9587,0,0,6,electronics,card,0
2495,41.0,33969.66,900.5,946,6,2,0.2009,3.51,0.9326,0,0,9,,upi,0
2496,29.0,49135.91,390.55,276,6,0,0.1239,6.1,0.9443,0,0,19,grocery,card,1
2497,63.0,36896.18,28.28,2816,9,0,0.1358,1.55,0.6533,0,0,12,fashion,wallet,0
2498,68.0,30625.65,420.45,727,5,0,0.3509,7.17,0.9272,0,0,20,grocery,net_banking,0
2499,19.0,19641.34,1113.42,1148,7,1,0.3484,0.94,0.7864,0,0,18,fashion,upi,0
2500,70.0,26225.76,2951.22,3094,3,2,0.2542,1.05,0.6418,0,0,5,fashion,upi,0
2501,57.0,47762.66,289.46,780,5,0,0.3765,2.4,0.8664,0,0,23,grocery,,0
2502,23.0,52939.44,46.0,1437,3,1,0.2838,2.35,0.6909,0,0,16,fashion,wallet,0
2503,60.0,,278.0,3711,0,0,0.2014,5.18,0.7629,0,0,12,travel,card,0
2504,24.0,57440.06,888.02,2736,6,0,0.1187,7.05,0.9184,0,1,20,food,card,0
2505,20.0,43324.78,149.29,2491,7,1,0.185,9.97,0.7378,0,0,4,grocery,upi,0
2506,24.0,100198.04,510.84,3994,3,1,0.0714,0.76,0.9486,0,0,15,electronics,card,0
2507,44.0,50321.83,77.74,3089,4,2,0.0879,23.43,0.6661,0,0,22,travel,upi,0
2508,53.0,80665.84,261.21,1855,5,0,0.023,31.98,0.8104,0,0,6,electronics,net_banking,0
2509,41.0,,14.93,2668,4,0,0.3067,30.95,0.7707,1,0,9,gaming,wallet,0
2510,24.0,25436.73,69.59,2145,3,0,0.048,4.44,0.6802,0,0,8,food,card,0
2511,29.0,52324.84,178.9,1473,4,0,0.1164,10.68,0.9512,0,1,4,fashion,wallet,0
2512,66.0,27875.27,125.16,3902,2,2,0.5287,11.7,0.8202,0,0,2,grocery,upi,0
2513,72.0,51824.69,49.03,2385,4,1,0.1829,3.53,0.748,0,0,8,travel,net_banking,0
2514,60.0,36507.26,109.21,2993,3,1,0.1254,16.55,0.7904,0,0,19,electronics,card,0
2515,23.0,67857.7,250.29,1657,8,0,0.1936,2.24,0.9333,0,0,20,electronics,card,0
7307,48.0,77193.73,39.43,3355,1,0,0.0844,0.91,0.8909,1,0,13,fashion,upi,0
5706,64.0,113445.74,156.68,2374,5,0,0.2619,3.58,0.8583,1,0,9,grocery,net_banking,1
2518,47.0,75351.34,374.25,3223,4,1,0.1369,4.12,0.7549,0,0,18,gaming,card,0
2519,26.0,90605.12,127.71,2098,2,0,0.1106,1.8,0.8488,0,1,7,fashion,card,0
2520,74.0,36127.01,700.74,2077,2,0,0.2556,2.34,0.893,0,0,18,food,card,0
2521,43.0,55539.6,66.93,510,0,0,0.216,0.54,0.6396,0,1,20,grocery,upi,0
2522,20.0,60862.31,1237.64,3155,5,0,0.1326,9.88,0.937,0,0,16,grocery,card,0
2523,29.0,128798.95,547.85,1076,4,0,0.3972,1.5,0.6093,0,0,4,electronics,upi,0
2524,40.0,24351.7,126.09,2406,4,1,0.0688,4.17,0.6786,0,0,23,grocery,upi,0
2525,21.0,33322.3,134.78,1420,5,0,0.1643,11.11,0.8201,0,0,1,food,card,0
2526,36.0,250000.0,221.34,932,7,0,0.0988,11.91,0.7972,0,0,14,gaming,card,1
2527,44.0,47329.31,327.55,677,2,0,0.282,15.7,0.7128,0,0,1,travel,upi,0
2528,72.0,19439.1,537.81,3263,4,0,0.5037,2.14,0.7736,0,0,11,grocery,card,0
2529,22.0,39922.12,47.1,407,4,1,0.0562,5.19,0.9252,0,1,20,travel,net_banking,0
2530,,15000.0,278.77,38,2,2,0.0812,10.78,0.7756,0,0,13,food,card,0
2531,70.0,62792.75,21.68,1247,4,0,0.1131,5.71,0.8511,0,0,2,jewelry,card,0
2532,63.0,85859.72,150.76,3555,2,0,0.113,5.75,0.7099,0,0,6,fashion,card,0
2533,70.0,33312.04,770.37,2817,3,0,0.2659,0.43,0.6731,0,0,14,grocery,card,0
2534,27.0,42454.59,43.61,3279,1,0,0.1203,9.67,0.8216,0,0,21,grocery,upi,0
2535,63.0,91408.91,36.37,842,2,0,0.0886,5.15,0.9476,1,0,5,gaming,card,0
2536,73.0,21004.04,224.47,3881,4,1,0.1331,23.52,0.2847,0,0,7,fashion,,1
2537,36.0,26588.24,720.82,497,2,1,0.3751,5.83,0.9408,0,0,17,grocery,card,0
2538,46.0,48514.85,249.22,171,5,0,0.438,2.76,0.8152,0,0,15,electronics,card,0
2539,48.0,36362.9,26.8,1924,5,0,0.0976,0.92,0.7669,0,0,19,fashion,net_banking,0
2540,46.0,46791.73,33.44,1767,4,0,0.0589,9.72,0.789,0,0,23,travel,card,0
2541,34.0,27447.37,198.48,1185,2,1,0.4553,1.48,0.9494,0,0,22,food,upi,0
2542,,61880.53,55.35,701,3,1,0.2211,24.08,0.8293,0,1,10,grocery,wallet,1
2543,72.0,50666.0,206.36,1305,9,0,0.2844,2.56,0.7658,0,0,5,grocery,card,1
2544,39.0,74394.94,218.97,1514,5,0,0.2438,16.2,0.916,0,1,2,jewelry,card,0
2545,63.0,61408.79,110.3,2417,3,0,0.1342,0.71,0.7998,0,0,20,fashion,card,0
2546,40.0,61621.62,1105.12,1458,4,0,0.1312,36.0,0.5133,0,0,20,gaming,card,0
2547,63.0,,324.87,999,8,0,0.1696,2.29,0.8539,0,0,19,grocery,card,1
2548,51.0,72114.75,604.59,2402,2,0,0.2692,5.9,0.728,0,0,8,grocery,card,0
2549,44.0,45849.15,451.94,2342,1,1,0.2866,5.5,0.6827,0,0,20,electronics,net_banking,0
2550,25.0,50184.39,154.92,1766,7,0,0.101,5.5,0.8236,1,0,0,jewelry,card,0
2551,55.0,97893.35,148.19,466,3,0,0.4188,3.57,0.6487,0,1,2,gaming,card,0
2552,36.0,37026.86,133.67,3863,3,1,0.1852,0.84,0.8845,0,0,21,gaming,upi,0
2553,30.0,115640.31,355.69,2093,6,1,0.0438,0.39,0.7583,0,0,11,grocery,wallet,0
2554,29.0,121728.68,93.93,1132,5,0,0.1246,3.08,0.4474,0,1,17,food,card,0
2555,73.0,83209.76,1010.29,2911,9,0,0.2568,14.07,0.8534,0,0,9,electronics,upi,0
2556,23.0,32072.27,85.38,1692,2,1,0.3191,3.71,0.9044,0,0,23,grocery,wallet,0
2557,63.0,16524.96,223.06,681,4,0,0.3634,7.07,0.8853,0,0,20,food,wallet,0
2558,67.0,99553.22,143.15,2811,2,1,0.1331,1.65,0.7526,0,0,9,food,wallet,0
2559,19.0,58474.75,114.68,398,2,0,0.1598,8.09,0.7536,0,0,8,grocery,card,0
2560,51.0,36505.93,1580.2,1127,4,2,0.0634,6.74,0.8302,0,0,13,grocery,upi,0
2561,50.0,104877.44,116.04,2660,2,0,0.1711,3.14,0.8713,0,0,12,gaming,upi,0
2562,38.0,34242.78,132.72,2903,2,0,0.3938,30.67,0.8764,0,0,3,food,card,0
2563,56.0,43556.01,92.65,3965,6,0,0.4777,6.27,0.8856,0,0,5,food,,0
2564,41.0,73407.26,187.54,2843,1,0,0.4741,3.23,0.8582,0,1,3,travel,net_banking,0
2565,43.0,,162.66,949,2,0,0.141,2.29,0.7837,1,0,3,fashion,wallet,0
2566,42.0,51785.94,58.77,2857,5,1,0.2349,4.43,0.7402,0,0,1,grocery,card,0
2567,63.0,100118.92,117.75,3013,3,0,0.2662,17.3,0.6289,0,0,5,fashion,upi,0
2568,54.0,61771.62,331.17,2710,3,0,0.3358,16.35,0.7186,1,0,13,fashion,upi,0
2569,39.0,109225.84,502.67,2992,5,0,0.1781,1.56,0.6606,0,0,2,food,wallet,0
2570,70.0,102597.59,184.37,3275,5,0,0.2005,3.47,0.7111,0,0,23,travel,upi,0
2571,,55234.58,190.94,2285,5,0,0.1956,1.12,0.7497,0,0,1,food,upi,0
2572,,15212.62,125.46,3979,4,0,0.0907,0.67,0.9593,0,0,7,fashion,upi,0
2573,,29938.89,108.91,2588,4,0,0.1352,4.58,0.76,0,0,1,food,card,0
2574,40.0,83693.97,71.76,249,2,0,0.2192,3.58,0.7512,1,0,1,food,card,0
2575,62.0,23445.88,37.95,714,3,0,0.1546,19.95,0.7053,0,1,2,food,upi,0
2576,36.0,45954.52,89.17,2003,6,0,0.3186,0.98,0.7629,0,0,4,fashion,upi,0
2577,33.0,66254.11,444.53,1758,3,0,0.0462,4.37,0.8916,0,0,15,fashion,upi,0
2578,43.0,123420.48,117.75,3257,3,1,0.1406,5.6,0.9714,0,0,17,food,net_banking,0
2579,73.0,40087.81,127.35,2700,1,0,0.1072,2.76,0.7958,0,0,7,jewelry,,0
2580,50.0,38606.28,124.89,30,1,0,0.3443,15.4,,0,0,15,travel,card,0
2581,,53436.18,624.95,1839,2,0,0.212,0.17,0.4596,0,0,16,gaming,card,0
2582,44.0,66708.7,71.13,2194,8,0,0.3489,5.26,0.6986,0,0,0,fashion,card,0
2583,34.0,50526.47,237.46,3923,6,0,0.1175,0.11,0.7937,0,0,0,food,wallet,0
2584,55.0,97947.42,168.09,2649,5,0,0.0381,8.08,0.9481,1,1,10,jewelry,card,1
2585,37.0,35438.69,192.65,746,1,1,0.2277,4.25,0.7879,0,0,17,grocery,upi,0
2586,49.0,,229.82,791,3,0,0.1329,30.49,0.7928,0,1,3,food,upi,0
2587,39.0,,190.59,1284,3,0,0.0897,2.1,0.8638,0,0,6,electronics,upi,0
2588,36.0,44132.88,397.81,1621,4,0,0.1259,7.21,0.7983,0,0,7,electronics,card,0
2589,73.0,87284.57,174.81,461,3,0,0.4076,0.63,0.9039,1,0,5,grocery,,0
2590,37.0,59695.72,1030.02,3164,3,0,0.0962,6.24,0.4848,0,1,18,electronics,wallet,0
2591,22.0,84876.59,188.19,299,1,0,0.0826,2.95,0.7166,0,0,12,travel,upi,0
2592,39.0,61196.53,32.77,294,4,0,0.2439,5.28,0.8422,0,1,1,gaming,card,1
2593,48.0,67650.56,340.79,535,3,0,0.1717,34.26,0.8825,1,1,22,fashion,card,0
2594,23.0,38842.61,266.41,565,3,0,0.0185,13.72,0.9478,0,0,13,grocery,card,0
2595,35.0,,185.95,2269,3,0,0.1813,0.76,0.8708,0,0,4,fashion,wallet,0
2596,27.0,107851.07,138.85,3277,3,0,0.2634,4.47,0.8903,0,0,4,food,wallet,0
2597,46.0,78012.1,21.72,3771,7,0,0.532,15.64,0.7789,0,0,21,electronics,upi,0
2598,59.0,31333.96,25.69,3242,4,0,0.0794,1.63,0.8251,0,0,18,food,card,0
2599,73.0,60752.49,934.93,2752,3,0,0.351,19.6,0.9401,0,0,11,gaming,upi,0
2600,40.0,15000.0,100.23,2373,7,0,0.0581,5.82,0.8785,0,0,4,grocery,upi,0
2601,67.0,40111.62,472.75,1258,6,0,0.1145,11.21,0.5539,0,0,6,gaming,wallet,0
2602,30.0,93307.31,36.23,1682,2,1,0.1223,3.18,0.6367,0,1,22,grocery,card,0
2603,62.0,51341.69,63.19,3493,5,0,0.0585,7.02,0.8272,0,0,17,grocery,card,0
2604,50.0,58685.06,354.82,449,4,0,0.2186,8.04,0.9133,0,0,21,gaming,upi,0
2605,61.0,15000.0,162.46,3306,3,1,0.3629,33.58,0.7805,0,0,22,food,card,0
2606,61.0,44326.99,308.16,3251,3,0,0.2358,5.96,0.6713,0,0,21,food,net_banking,0
2607,48.0,66246.52,177.56,258,1,2,0.0581,3.08,0.8595,1,0,5,jewelry,upi,0
2608,32.0,71039.97,146.25,989,2,0,0.3185,5.94,0.8943,0,0,6,electronics,wallet,0
2609,47.0,93375.48,91.19,1260,0,0,0.2397,3.04,0.7213,1,0,17,grocery,upi,0
2610,65.0,48993.69,54.54,3655,9,0,0.1236,1.33,0.6466,0,0,0,electronics,card,0
2611,73.0,50210.42,731.91,1772,4,3,0.1673,0.75,0.8828,0,0,0,grocery,card,1
2612,70.0,26434.46,862.87,3110,5,1,0.128,0.29,0.9264,0,0,4,fashion,card,0
2613,28.0,49148.5,63.7,2414,4,0,0.2139,5.75,0.5133,0,0,9,jewelry,card,0
2614,52.0,27480.23,59.67,351,5,1,0.0804,3.78,0.8324,0,1,13,travel,wallet,1
2615,23.0,19905.67,127.13,2677,8,0,0.2387,13.03,0.6055,0,0,9,grocery,upi,0
2616,56.0,30279.91,253.0,2552,5,0,0.2416,13.4,0.943,0,0,16,fashion,upi,0
2617,74.0,126104.37,150.08,3487,1,0,0.131,2.19,0.835,0,0,2,electronics,net_banking,0
2618,20.0,47395.37,296.63,3684,5,0,0.1275,0.54,0.704,0,0,14,grocery,wallet,0
2619,55.0,62070.18,171.35,2361,3,0,0.2955,2.77,0.9616,0,0,18,food,upi,0
2620,71.0,41467.51,160.51,3520,3,0,0.4034,1.36,0.9775,0,0,0,travel,,0
2621,66.0,20543.2,2010.29,583,6,0,0.3575,3.56,0.927,0,0,16,electronics,card,0
2622,40.0,92037.44,106.46,2465,5,1,0.0855,12.18,0.8269,0,0,21,food,upi,0
2623,23.0,16653.56,927.88,2322,2,0,0.1486,15.5,0.8461,1,0,4,travel,card,1
2624,70.0,40536.27,764.96,712,3,2,0.069,0.82,0.8461,0,0,7,grocery,card,0
2625,70.0,53372.47,297.99,2169,10,0,0.3162,4.34,0.7557,0,0,8,gaming,upi,0
5753,24.0,24668.92,870.62,2515,7,0,0.0274,1.85,0.934,0,1,16,fashion,upi,0
2627,73.0,36883.89,185.68,1678,2,0,0.0962,30.92,0.9546,0,0,16,food,net_banking,0
2628,18.0,20014.45,107.58,2674,5,1,0.268,5.0,0.8121,0,0,13,electronics,upi,0
2629,53.0,,183.65,2988,4,0,0.3776,1.5,0.9256,0,1,3,jewelry,net_banking,1
2630,20.0,36434.51,62.18,2367,1,1,0.1639,13.13,0.8011,0,0,11,fashion,wallet,0
2631,71.0,35950.1,383.45,1610,4,0,0.1988,3.56,0.6505,0,0,14,grocery,upi,0
2632,56.0,93771.92,482.0,1084,1,0,0.0643,5.39,0.6739,0,0,16,jewelry,,0
2633,70.0,28214.94,579.97,2653,5,0,0.178,6.53,0.9333,0,0,23,fashion,card,0
2634,50.0,,122.83,3604,7,0,0.1236,3.36,0.6702,0,0,0,electronics,upi,0
2635,22.0,60003.12,62.4,1863,2,0,0.3341,0.7,0.8505,0,0,17,grocery,card,0
2636,19.0,93277.93,255.86,2025,3,0,0.1959,30.64,0.6414,0,0,18,grocery,upi,0
2637,37.0,51116.67,1042.14,3651,4,1,0.0592,7.35,0.7457,0,0,10,gaming,card,0
2638,60.0,84983.34,192.93,1209,2,1,0.4992,8.1,0.9467,0,0,4,grocery,net_banking,0
2639,,50029.46,282.95,3236,5,1,0.1788,0.33,0.9066,0,0,10,food,wallet,0
2640,66.0,69842.94,142.31,1043,4,0,0.2867,8.65,0.8032,0,1,23,electronics,card,0
2641,31.0,24063.97,108.8,1054,5,1,0.2418,7.86,0.8857,0,0,1,travel,net_banking,1
2642,46.0,15000.0,347.66,1145,2,1,0.1339,3.85,0.8526,0,0,13,gaming,card,0
2643,29.0,67693.08,161.89,238,3,0,0.1983,9.27,0.9672,0,0,10,fashion,card,0
2644,44.0,69719.77,269.48,1860,4,1,0.2006,13.22,0.8615,0,0,3,food,upi,0
2645,43.0,71440.11,299.01,1434,4,0,0.4092,13.91,0.6972,0,0,18,jewelry,card,0
2646,18.0,41207.5,254.8,946,4,0,0.2852,2.12,0.6819,0,0,14,fashion,net_banking,0
2647,50.0,124796.0,314.45,3033,3,0,0.1774,4.55,0.8908,0,0,5,food,card,0
2648,62.0,42708.6,76.7,2084,7,0,0.3597,1.64,0.9549,1,0,3,gaming,net_banking,0
2649,71.0,69325.77,72.16,807,1,0,0.2244,12.83,0.919,1,0,19,food,card,0
2650,36.0,76277.89,172.49,792,5,0,0.2027,8.97,0.7479,0,0,22,gaming,card,0
2651,68.0,141548.2,176.69,3243,5,0,0.0727,8.67,0.5678,0,0,16,gaming,card,0
2652,68.0,46199.4,106.77,1105,2,1,0.1138,0.89,0.8522,0,1,3,food,wallet,0
2653,74.0,38400.75,229.05,1597,3,0,0.0945,8.42,0.8457,1,0,3,,upi,0
2654,39.0,24127.52,446.38,505,1,0,0.0571,1.68,0.9107,0,0,9,,card,0
2655,66.0,129170.73,590.2,3222,5,0,0.1996,10.14,0.7479,0,1,1,food,upi,0
2656,50.0,69346.05,738.94,1448,6,1,0.0567,18.6,0.7796,0,0,4,fashion,card,0
2657,21.0,70563.77,48.33,2828,2,0,0.2722,12.61,0.8072,0,0,2,food,upi,0
2658,33.0,250000.0,56.26,1641,13,0,0.0078,1.54,0.905,0,0,20,electronics,card,1
2659,56.0,65766.32,134.74,3212,5,0,0.1238,3.68,0.8682,0,0,20,gaming,card,0
2660,27.0,26871.24,195.05,1632,4,1,0.088,31.41,0.7561,0,0,13,travel,upi,0
2661,42.0,49382.01,141.82,3585,2,0,0.1634,9.32,0.8382,0,1,23,fashion,card,0
2662,62.0,32175.42,103.58,2907,2,0,0.3843,0.52,0.9247,0,0,3,grocery,upi,0
2663,26.0,44238.95,132.76,1939,6,0,0.322,1.92,0.9137,0,0,3,gaming,upi,0
2664,46.0,44075.71,291.86,1948,6,0,0.2304,1.9,0.6671,1,0,7,grocery,card,0
2665,30.0,,47.62,2492,3,0,0.1595,16.06,0.8496,0,0,8,food,card,0
2666,48.0,25559.98,1874.91,2781,4,1,0.1396,16.44,0.5367,0,0,0,travel,upi,0
2667,31.0,132053.76,183.82,2835,3,0,0.1628,35.57,0.843,0,0,8,gaming,upi,0
2668,73.0,64825.54,514.81,161,4,0,0.3733,8.19,0.9047,0,1,1,grocery,wallet,1
2669,22.0,48585.42,100.78,1081,3,1,0.0213,0.84,0.7545,0,0,18,grocery,card,0
2670,72.0,83432.17,319.68,1763,3,1,0.0552,3.36,0.913,0,1,18,gaming,upi,0
2671,63.0,71266.06,198.95,2161,4,0,0.3504,8.45,0.9288,0,1,4,travel,card,0
2672,66.0,64005.12,424.01,386,4,0,0.1276,10.12,0.9276,0,0,15,food,card,0
2673,66.0,80164.61,147.57,822,3,0,0.1268,5.74,0.8095,0,0,17,travel,wallet,0
2674,28.0,59204.48,849.39,1864,3,0,0.1796,2.96,0.485,0,0,17,food,card,0
2675,71.0,79515.74,40.48,1804,0,1,0.4007,62.42,0.801,0,0,0,grocery,card,0
2676,51.0,83224.76,465.14,2472,6,0,0.2282,7.08,0.9211,0,0,7,jewelry,net_banking,0
2677,72.0,,202.69,306,4,0,0.4188,19.71,0.7535,1,0,16,fashion,card,0
2678,68.0,48721.3,65.02,3193,6,0,0.2464,1.04,0.8224,0,0,15,food,card,0
2679,51.0,127619.35,1267.78,1225,6,2,0.2283,0.92,0.7383,0,0,5,grocery,upi,1
2680,39.0,42287.32,1143.28,2214,3,0,0.0179,9.26,0.8321,0,0,7,grocery,card,0
2681,24.0,68207.58,22.63,3790,4,1,0.1961,1.79,0.7728,0,0,7,travel,card,0
2682,23.0,69060.49,214.81,1536,6,0,0.2104,3.19,0.748,0,1,13,travel,card,0
2683,40.0,39333.49,364.53,1274,4,1,0.0316,3.69,0.8593,1,0,17,grocery,wallet,0
2684,64.0,,279.96,1079,5,0,0.0736,15.18,0.4185,0,1,6,jewelry,card,0
2685,46.0,45273.17,819.33,2620,6,0,0.0187,6.63,0.7581,0,0,1,food,card,0
2686,45.0,41955.68,665.53,3831,1,2,0.1955,4.74,0.7805,0,0,23,food,card,0
2687,31.0,24664.41,234.66,2252,5,0,0.4646,7.92,0.6704,0,0,4,food,card,0
2688,50.0,38436.63,1754.71,817,3,0,0.2088,9.57,0.9677,0,0,23,fashion,upi,0
2689,54.0,63672.7,459.35,3786,3,0,0.1509,4.99,0.3734,0,1,4,grocery,card,0
2690,73.0,110343.93,126.66,198,5,0,0.2436,4.23,0.6509,0,0,23,fashion,wallet,0
2691,,74608.05,103.61,1659,6,0,0.1663,14.46,0.6965,0,1,10,travel,card,0
2692,52.0,15000.0,624.09,529,8,0,0.684,8.81,0.9217,0,0,15,electronics,card,1
2693,69.0,78261.07,81.45,161,2,1,0.2064,18.66,0.8499,0,0,7,grocery,wallet,0
2694,42.0,40461.45,119.49,3990,3,0,0.1942,9.07,0.6768,0,0,8,grocery,card,0
2695,71.0,70564.5,141.65,367,7,0,0.0403,15.1,0.8395,0,0,2,fashion,card,1
2696,39.0,54574.07,256.88,3627,3,0,0.4639,3.98,0.8304,0,0,17,electronics,card,0
2697,25.0,49469.43,148.34,2193,3,0,0.196,23.63,0.8495,0,0,7,grocery,card,0
2698,41.0,51992.71,48.23,1301,8,0,0.2036,4.36,0.671,0,0,14,fashion,card,1
2699,25.0,54325.83,575.38,3455,3,1,0.3677,4.22,0.7877,0,0,20,gaming,wallet,0
2700,24.0,115209.93,120.13,45,3,0,0.0773,1.06,0.9118,0,1,1,fashion,card,0
2701,68.0,54408.48,1356.81,2770,6,0,0.2531,6.62,0.9592,0,0,23,electronics,card,1
2702,63.0,99920.82,243.95,3075,2,1,0.1376,0.67,0.845,0,1,8,grocery,card,1
2703,30.0,92229.63,639.17,1474,0,0,0.1968,2.44,0.7695,1,0,23,gaming,card,0
2704,65.0,79376.97,338.26,1223,5,0,0.1101,22.94,0.8742,0,0,8,grocery,card,0
2705,21.0,20587.68,670.49,66,5,0,0.4929,1.15,0.8664,0,0,14,food,card,0
2706,34.0,101644.47,318.4,117,3,0,0.29,17.35,0.8931,0,0,8,food,,0
2707,58.0,42755.06,227.72,204,1,0,0.4192,0.91,0.9186,0,1,16,grocery,,0
2708,35.0,81530.99,537.1,1842,6,0,0.0333,11.27,0.953,0,0,16,food,upi,0
2709,59.0,32215.26,2162.3,2137,4,0,0.3272,7.27,0.578,0,0,18,travel,card,0
2710,67.0,28661.15,137.44,1713,3,1,0.2892,1.33,0.8885,0,0,4,electronics,net_banking,0
2711,21.0,163097.31,398.57,2818,1,0,0.054,1.28,0.6834,0,0,12,jewelry,card,0
2712,19.0,32491.95,179.06,1466,4,0,0.2192,6.7,0.7197,0,0,21,travel,wallet,0
2713,,103305.63,298.57,3167,4,1,0.0552,7.96,0.9879,0,0,1,food,card,0
2714,47.0,58701.45,187.75,2623,4,0,0.1883,10.78,0.8864,0,0,3,gaming,upi,0
2715,46.0,43652.79,20.81,3749,2,0,0.0645,36.77,0.9023,0,0,13,gaming,upi,0
2716,44.0,53660.51,147.34,2912,5,0,0.2769,26.36,0.7456,0,0,5,food,card,0
2717,42.0,26889.37,489.07,538,4,0,0.2043,5.12,0.8574,0,0,4,food,upi,0
2718,57.0,54585.5,83.74,2249,3,0,0.2121,1.21,0.7939,0,0,19,electronics,,0
2719,51.0,30320.56,452.1,2639,5,1,0.1405,15.73,0.8919,0,0,21,gaming,net_banking,0
2720,,44249.28,216.28,85,5,0,0.218,10.1,0.5647,0,0,12,grocery,card,0
2721,53.0,91491.67,148.63,204,4,1,0.2632,7.53,0.941,0,0,9,jewelry,wallet,0
2722,56.0,63252.72,445.31,118,2,0,0.5677,20.78,0.9551,0,0,9,jewelry,card,0
2723,24.0,24340.45,355.66,710,4,0,0.378,2.35,0.7742,0,0,8,grocery,card,0
2724,39.0,87851.83,274.1,3530,3,0,0.1439,0.9,0.6574,0,0,17,food,card,0
2725,63.0,54785.65,497.13,983,5,0,0.1297,4.38,0.8797,0,0,12,travel,upi,0
2726,53.0,40818.33,220.53,770,3,0,0.027,11.88,0.8877,0,0,17,food,card,0
2727,25.0,82930.69,34.75,1801,3,0,0.1073,12.1,0.7737,0,0,2,travel,upi,0
2728,,50167.6,123.33,1610,3,0,0.2408,21.15,0.7664,0,0,10,grocery,wallet,0
682,25.0,134419.43,64.39,311,3,1,0.0679,0.01,0.7754,0,0,10,,upi,0
2730,44.0,151961.7,347.35,441,2,0,0.2489,5.21,0.6138,0,0,0,electronics,card,0
2731,72.0,54479.53,441.05,3368,5,0,0.1284,3.87,0.9235,0,1,14,gaming,upi,0
3696,54.0,19741.35,55.48,1836,1,0,0.2283,0.99,0.8914,0,0,8,fashion,card,0
2733,71.0,44014.77,293.55,1260,4,0,0.1311,13.51,0.7027,1,1,20,grocery,upi,0
2734,30.0,105247.46,473.85,1956,4,1,0.0731,9.46,0.8094,0,0,13,food,wallet,0
2735,43.0,41208.72,37.2,3902,5,1,0.1456,3.43,0.9541,0,0,23,electronics,card,0
2736,25.0,23513.96,161.64,965,6,1,0.1501,1.56,0.4562,0,0,8,food,net_banking,0
2737,50.0,37866.26,43.73,1395,5,0,0.1704,9.2,0.7664,0,0,17,travel,card,0
2738,28.0,114098.17,125.79,2646,2,0,0.3431,2.68,0.6363,0,0,14,fashion,card,0
2739,46.0,86921.54,906.15,2690,8,1,0.1686,8.71,0.7397,0,0,15,fashion,card,0
2740,37.0,47802.34,537.11,1488,2,0,0.2631,2.52,0.7572,0,1,6,fashion,upi,0
2741,28.0,117052.61,349.06,551,3,0,0.115,6.48,0.804,0,0,21,grocery,wallet,0
2742,23.0,82988.45,150.11,3160,6,0,0.2039,12.03,0.9185,0,0,9,grocery,card,0
2743,47.0,47499.02,66.64,3604,3,0,0.0873,10.06,0.7104,0,0,22,electronics,net_banking,0
2744,71.0,50203.4,217.02,2419,5,0,0.1388,0.35,0.8752,0,0,12,food,upi,0
2745,29.0,,546.55,3495,4,1,0.0788,3.9,0.6696,0,0,19,electronics,,0
2746,41.0,34806.19,271.19,1038,6,0,0.2541,20.54,0.6896,1,0,18,gaming,card,0
2747,30.0,55136.45,36.87,3460,5,0,0.3446,5.58,0.896,0,1,23,fashion,net_banking,0
2748,64.0,65171.06,199.85,3239,2,0,0.3922,15.8,0.5881,0,0,13,food,upi,0
2749,41.0,21747.56,26.57,3612,4,0,0.2917,9.78,0.8995,0,0,21,electronics,card,0
2750,73.0,49561.14,402.28,3730,9,2,0.34,8.07,0.5759,0,0,17,travel,upi,1
2751,31.0,46555.83,90.01,1401,5,0,0.2349,3.44,0.8542,0,0,19,grocery,card,0
2752,22.0,96811.97,52.98,506,1,0,0.1959,5.5,0.8293,1,0,19,fashion,upi,0
2753,51.0,19942.63,407.85,3003,1,0,0.4617,19.02,0.7385,0,1,8,gaming,,0
2754,55.0,44589.79,314.93,2688,4,1,0.0412,22.19,0.9816,0,0,10,fashion,wallet,0
2755,74.0,42197.8,227.09,2601,3,0,0.247,16.92,0.8861,0,0,17,gaming,upi,0
2756,67.0,93258.22,1611.09,2534,2,0,0.2479,9.33,0.853,0,0,6,grocery,wallet,0
2757,,53698.37,339.66,192,7,0,0.1051,8.5,0.9736,0,1,14,fashion,card,0
2758,54.0,147700.3,94.44,2688,7,0,0.1709,1.24,0.9372,0,0,2,grocery,card,0
9197,70.0,45840.71,177.52,3778,3,1,0.1209,6.51,0.9042,0,0,18,electronics,upi,1
2760,42.0,43891.05,135.22,153,4,0,0.0249,5.9,0.8537,0,0,21,gaming,card,0
2761,25.0,62749.18,638.88,3426,5,1,0.3993,1.7,0.7648,0,0,7,fashion,card,1
2762,42.0,45267.77,238.4,141,1,1,0.1325,7.24,0.9654,1,0,19,,upi,0
1696,56.0,42746.21,457.65,1995,7,1,0.0565,3.12,0.9275,0,0,19,grocery,net_banking,0
2764,20.0,26433.3,42.55,1200,2,0,0.135,25.46,0.5713,0,0,22,,card,0
2765,29.0,34963.35,191.39,3137,5,1,0.0676,0.07,0.6915,1,1,23,travel,card,1
2766,48.0,70665.86,170.15,348,5,1,0.1755,1.55,0.7085,0,0,8,grocery,upi,0
2767,39.0,107931.77,64.63,1556,8,0,0.5325,6.22,0.8314,0,0,9,fashion,card,0
2768,74.0,16383.1,144.24,1483,4,0,0.1368,0.47,0.8612,1,0,4,grocery,upi,0
2769,45.0,117130.93,278.3,1676,5,0,0.2686,12.12,0.9784,0,0,0,electronics,card,0
2770,72.0,50920.16,179.22,3493,3,1,0.2024,30.73,0.7811,0,0,9,electronics,upi,0
2771,55.0,19515.36,43.85,1321,5,0,0.3661,15.1,,0,0,20,grocery,upi,0
2772,20.0,15000.0,136.97,1437,0,0,0.2948,10.92,0.9322,0,0,2,fashion,upi,0
2773,29.0,23716.5,112.72,1653,3,0,0.4012,7.74,0.9329,0,0,23,travel,wallet,0
2774,58.0,54407.15,218.43,1589,7,0,0.1738,6.75,0.6383,0,0,7,grocery,wallet,0
2775,49.0,53042.28,196.07,3817,4,0,0.0703,0.03,0.8233,0,0,11,grocery,upi,0
2776,35.0,77913.05,119.26,1092,7,0,0.0888,1.56,0.6411,0,1,7,travel,upi,0
2777,47.0,40654.73,114.7,480,3,0,0.2403,13.29,0.7561,0,1,14,grocery,card,0
2778,,29901.57,192.52,1703,1,0,0.0852,14.61,0.627,0,0,18,jewelry,wallet,0
2779,40.0,43821.99,471.51,361,4,0,0.1679,1.78,0.8056,0,0,5,electronics,card,0
2780,20.0,56026.17,237.84,3196,5,0,0.153,5.88,0.7025,0,0,21,travel,card,0
2781,35.0,62443.25,746.97,3572,5,0,0.0611,24.33,0.7221,0,0,10,jewelry,card,0
2782,71.0,35633.73,559.0,3328,4,0,0.142,5.79,0.7069,0,0,2,grocery,upi,0
2783,61.0,90299.22,804.03,3225,4,1,0.1006,0.32,0.9632,0,1,14,food,card,0
2784,65.0,39078.21,707.39,1701,3,0,0.0718,10.95,0.7059,0,0,3,electronics,card,0
2785,69.0,,859.12,2802,1,0,0.0938,5.08,0.8749,0,1,5,grocery,card,0
2786,24.0,40813.7,56.82,1605,4,0,0.448,14.76,0.9356,0,1,19,fashion,upi,0
5737,35.0,79900.43,115.42,197,3,1,0.2545,2.84,,0,0,0,electronics,card,0
2788,21.0,51126.1,608.67,804,3,0,0.1048,21.99,0.8269,0,0,14,jewelry,card,0
2789,18.0,37537.89,729.23,588,2,1,0.1178,18.45,0.7518,0,0,21,travel,card,0
2790,65.0,91532.35,83.28,3903,4,0,0.2309,1.49,0.8649,0,0,15,gaming,card,0
2791,71.0,178724.39,347.35,1461,1,1,0.0826,23.22,0.8359,0,0,17,travel,card,0
2792,26.0,61723.12,194.06,1264,4,0,0.2173,33.44,0.8776,0,0,3,gaming,card,0
2793,59.0,108412.84,1141.41,2683,5,0,0.2984,1.62,0.7923,0,0,0,travel,upi,0
2794,48.0,97239.41,44.96,1390,3,0,0.224,6.8,0.5447,1,1,18,electronics,card,0
2795,21.0,39418.35,83.4,2997,2,0,0.3232,7.38,0.727,0,0,18,,upi,0
2796,70.0,55811.61,29.44,1736,4,0,0.0702,2.82,0.7832,0,0,9,food,card,0
2797,67.0,27165.12,208.01,3142,5,0,0.1037,1.61,0.7875,1,1,20,food,wallet,0
2798,50.0,49137.13,1731.59,349,7,0,0.2692,3.67,0.8351,0,0,10,food,net_banking,0
2799,58.0,,172.19,2918,4,0,0.0872,3.73,0.8554,0,0,14,grocery,,0
2800,40.0,44068.53,199.14,1334,4,0,0.1638,11.62,0.8848,0,0,9,fashion,card,0
2801,63.0,36411.73,312.06,1709,5,2,0.1578,2.8,0.7904,0,0,17,travel,wallet,0
2802,43.0,,160.24,3724,4,0,0.1807,0.05,0.9156,0,0,5,food,net_banking,0
2803,74.0,73704.3,259.56,1944,5,0,0.1885,6.01,0.6547,0,0,19,grocery,upi,0
2804,21.0,51501.59,266.45,325,5,0,0.1844,10.72,0.8465,0,0,21,grocery,wallet,0
2805,27.0,19725.81,77.28,1849,1,0,0.0285,17.9,0.8739,0,0,10,grocery,net_banking,0
2806,73.0,36487.4,163.84,984,4,1,0.3754,8.1,0.9213,0,1,19,food,card,0
2807,34.0,23847.12,378.0,1914,4,0,0.1444,15.02,0.8748,0,0,8,jewelry,card,0
2808,35.0,62901.27,455.56,894,3,1,0.2766,1.06,0.7323,0,0,12,,wallet,0
2809,63.0,72541.42,659.48,2582,2,1,0.1511,15.03,0.8825,0,0,0,electronics,upi,1
2810,28.0,,251.74,963,6,0,0.1313,4.96,0.821,0,0,15,electronics,card,1
2811,47.0,35668.24,256.91,1877,7,0,0.1297,5.51,0.9786,0,0,13,food,card,0
2812,34.0,62997.99,381.13,3819,3,1,0.1062,1.08,0.7983,0,0,7,food,card,0
2813,29.0,42468.83,99.3,2562,4,0,0.2568,18.19,0.8877,0,1,23,grocery,card,0
2814,72.0,29409.25,95.31,2842,4,0,0.1939,12.36,0.9718,0,0,1,jewelry,card,0
2815,29.0,82714.48,158.88,3096,4,0,0.2782,9.52,0.8748,0,1,15,grocery,card,0
2816,23.0,86249.86,50.3,3681,3,0,0.2397,0.87,0.6322,1,0,11,gaming,upi,0
2817,56.0,92686.77,270.39,3547,4,0,0.2894,3.89,0.7287,0,0,21,electronics,wallet,0
2818,67.0,39359.66,513.91,3434,4,0,0.1595,28.01,0.7848,0,0,16,grocery,net_banking,0
2819,25.0,105212.54,88.49,1383,9,0,0.1501,18.96,0.5388,0,0,23,gaming,card,1
2820,58.0,41924.19,278.13,2510,6,2,0.0841,0.88,0.857,0,0,8,gaming,wallet,0
2821,48.0,78787.86,95.95,3277,5,1,0.0762,3.23,0.8097,0,1,9,travel,card,0
2822,65.0,41526.48,65.13,2252,5,2,0.3212,2.27,0.6897,1,0,11,travel,card,1
2823,25.0,48625.25,1406.02,534,2,1,0.1,2.59,0.6791,0,0,23,food,card,0
8125,60.0,40346.35,963.7,3548,5,0,0.2513,4.42,0.7183,0,1,13,fashion,card,0
2825,53.0,46585.11,50.08,888,8,2,0.1716,4.34,0.8967,0,0,11,travel,card,0
2826,66.0,57825.66,223.11,2767,4,0,0.1708,3.02,0.9271,0,0,23,fashion,card,1
2827,38.0,43895.24,235.45,3442,5,0,0.1767,5.37,0.6974,0,0,17,gaming,wallet,0
2828,71.0,144493.8,350.79,2816,3,0,0.337,3.3,0.8406,0,1,15,fashion,upi,0
2829,53.0,,1331.66,2217,4,1,0.165,0.94,0.9003,0,0,14,electronics,card,0
2830,25.0,40340.81,82.75,2409,6,0,0.397,1.22,0.683,0,0,15,travel,wallet,0
2831,70.0,33436.67,100.94,2167,6,0,0.2477,10.37,0.504,0,0,8,grocery,upi,0
5881,26.0,57349.21,453.62,3402,4,0,0.3122,23.45,0.9303,0,1,1,fashion,upi,1
2833,35.0,96990.24,460.39,931,6,3,0.2958,9.91,0.9498,0,0,11,fashion,upi,0
2834,49.0,123996.17,400.63,2711,5,0,0.2004,0.73,0.7495,0,0,8,travel,card,0
2835,40.0,37408.47,99.79,1417,5,1,0.1737,22.48,0.7262,0,0,3,grocery,net_banking,0
2836,48.0,36954.19,554.93,652,4,0,0.1196,0.04,0.5405,1,0,5,jewelry,card,0
2837,73.0,29105.07,401.87,3206,3,0,0.1442,24.0,0.9477,0,0,1,grocery,wallet,0
2838,69.0,112819.61,217.56,2219,5,1,0.0831,2.49,0.8166,0,1,2,grocery,wallet,1
2839,30.0,101889.17,100.29,2095,3,0,0.0723,8.1,0.9745,0,0,2,electronics,upi,0
2840,73.0,51885.7,200.27,2091,3,0,0.1548,0.1,0.8121,0,0,6,food,upi,0
2841,42.0,25520.41,935.84,338,3,0,0.221,0.33,0.7206,0,0,0,fashion,card,0
2842,58.0,26807.15,60.28,2152,6,0,0.201,34.91,0.7612,0,0,4,food,card,0
2843,61.0,60411.49,80.9,2188,3,0,0.1875,6.46,0.716,0,1,4,fashion,card,0
2844,45.0,,96.08,2057,12,0,0.2874,0.84,0.9104,0,0,16,jewelry,upi,1
2845,44.0,17653.84,119.36,57,3,0,0.0604,0.25,0.7926,0,1,8,food,upi,0
2846,44.0,46090.77,177.19,3008,3,0,0.1065,14.3,0.9046,0,0,14,jewelry,upi,0
2847,67.0,133940.53,469.43,2467,5,0,0.1167,1.56,0.9272,1,0,12,fashion,card,0
2848,,48798.67,285.54,3037,6,0,0.357,20.46,0.8813,0,0,2,food,,0
2849,33.0,124790.23,191.29,2030,6,0,0.2117,9.52,0.7066,0,0,8,fashion,card,0
2850,38.0,,237.45,1338,4,0,0.1402,5.56,0.7388,0,0,7,electronics,card,0
2851,29.0,30294.9,335.95,3337,3,0,0.3254,12.12,0.975,0,0,18,travel,card,0
2852,40.0,46822.51,33.49,1422,1,0,0.1203,1.7,0.845,0,0,0,grocery,card,0
2853,24.0,51241.58,525.6,1829,3,0,0.1638,4.3,0.74,0,0,1,food,card,0
2854,23.0,32571.96,78.77,95,4,0,0.191,3.19,0.7188,0,0,2,electronics,wallet,0
2855,59.0,32262.51,115.52,676,3,0,0.1134,14.32,0.9074,0,0,12,travel,upi,0
2856,22.0,125971.53,253.0,479,4,0,0.0631,7.75,0.466,0,0,5,grocery,upi,0
2857,50.0,32129.83,166.93,1711,4,1,0.1446,5.42,0.7165,0,0,21,fashion,wallet,1
2858,62.0,99531.39,292.92,1071,4,0,0.2096,27.82,0.6126,0,0,14,fashion,wallet,0
2859,59.0,,207.43,1349,6,0,0.275,1.96,0.9679,0,0,16,grocery,upi,0
2860,43.0,54229.85,134.78,3069,1,2,0.2205,12.85,0.8356,0,0,11,grocery,wallet,0
2861,29.0,74914.51,830.24,2741,3,1,0.0767,4.73,0.7861,0,1,6,grocery,net_banking,0
2862,71.0,39572.16,365.41,3197,4,0,0.044,10.73,0.914,0,0,11,grocery,wallet,0
2863,65.0,75164.61,243.49,3268,5,1,0.3213,0.69,0.8046,0,0,10,grocery,card,0
2864,52.0,,359.77,1014,7,0,0.2782,1.93,0.8701,0,0,21,grocery,upi,1
2865,22.0,70047.41,88.91,2473,7,1,0.1257,3.86,,0,0,1,electronics,upi,0
2866,20.0,15000.0,1584.03,3482,3,0,0.1485,2.42,0.7672,0,0,9,grocery,upi,0
2867,35.0,48548.7,60.66,1239,4,1,0.0729,17.98,0.8691,1,0,4,fashion,card,0
2868,26.0,87985.04,201.57,1521,4,0,0.1676,9.09,0.8456,1,0,18,electronics,upi,0
2869,67.0,,135.17,2139,5,0,0.0752,0.58,0.914,0,1,20,jewelry,card,0
2870,29.0,26929.1,130.13,3198,6,1,0.1459,1.03,0.8661,0,1,8,grocery,card,0
2871,34.0,28905.09,114.29,614,7,0,0.4363,0.27,0.9044,0,1,18,electronics,upi,0
2872,73.0,37658.68,83.2,1883,4,1,0.3154,2.02,0.7712,0,0,19,food,wallet,0
2873,64.0,60931.6,590.69,992,4,0,0.1461,11.21,0.9265,0,1,10,electronics,upi,0
2874,30.0,17989.17,53.96,2859,4,0,0.3869,12.09,0.7601,0,0,21,,wallet,0
2875,39.0,54601.44,481.31,990,4,2,0.1631,0.05,0.7395,1,0,18,fashion,upi,1
2876,47.0,65275.67,344.29,1444,2,2,0.038,40.78,0.9388,0,0,8,fashion,card,0
2877,55.0,47071.27,122.99,1405,6,2,0.3664,12.01,0.9052,0,0,18,travel,card,1
2878,71.0,73424.65,306.61,310,5,0,0.1833,0.83,,1,0,21,grocery,card,0
2879,67.0,62201.65,153.71,2682,6,2,0.1803,1.31,0.8859,0,0,19,gaming,card,0
2880,73.0,40830.25,59.86,1038,6,0,0.0807,4.61,0.8821,0,0,1,grocery,wallet,0
2881,20.0,18961.85,60.49,1978,3,0,0.0636,4.45,0.6376,0,0,4,food,card,0
2882,31.0,59187.5,346.68,2797,4,0,0.2689,5.42,0.9152,0,1,14,food,card,0
2883,50.0,32561.86,329.15,3153,4,0,0.1594,3.17,0.8754,0,0,0,grocery,upi,0
2884,20.0,40014.61,229.29,3674,6,1,0.2247,21.65,0.7581,0,0,2,food,card,1
2885,38.0,71582.56,121.69,530,6,0,0.2827,6.26,0.7704,0,1,12,electronics,wallet,1
2886,26.0,119925.0,148.79,2524,7,0,0.1708,11.62,0.9624,0,0,14,grocery,upi,0
2887,71.0,53860.65,129.98,1333,2,0,0.1401,13.51,0.7476,0,0,22,electronics,card,0
2888,21.0,74594.65,31.38,3082,3,0,0.121,15.04,0.7016,0,0,12,travel,card,0
2889,26.0,24850.29,191.37,1573,4,0,0.2429,10.21,0.8279,0,0,17,food,upi,0
2890,29.0,62951.91,303.51,86,4,2,0.29,2.5,0.9579,0,1,18,electronics,net_banking,1
2891,26.0,53217.37,192.59,3428,5,0,0.3064,0.51,0.9116,0,1,11,food,wallet,0
2892,50.0,108138.02,1055.85,3047,2,0,0.1464,3.07,0.7089,0,1,3,grocery,net_banking,0
2893,38.0,40857.12,65.92,1341,1,0,0.2058,4.16,0.6076,0,0,5,grocery,card,0
2894,70.0,48155.36,92.93,3347,4,0,0.408,17.32,0.9333,0,0,19,jewelry,card,0
2895,32.0,98463.03,205.61,1659,5,0,0.4137,11.49,0.9395,0,0,23,electronics,upi,0
2896,48.0,52285.27,229.69,1668,8,0,0.4704,5.44,0.5479,0,0,20,fashion,card,0
2897,55.0,29888.4,26.89,1220,5,0,0.1228,9.0,0.9592,0,1,16,electronics,upi,0
2898,53.0,223795.23,328.87,1990,1,0,0.2798,13.41,0.9675,0,0,2,fashion,wallet,0
2899,63.0,30389.8,230.74,3978,4,0,0.0495,17.14,0.9601,0,0,0,travel,upi,0
2900,29.0,53077.24,21.62,237,4,0,0.3052,1.08,0.6634,0,0,18,travel,upi,0
2901,46.0,66553.87,160.17,2385,8,1,0.2371,5.08,0.9563,0,0,5,food,card,1
2902,63.0,63721.55,80.19,723,4,0,0.1709,21.86,0.8091,0,1,12,fashion,upi,0
2903,67.0,49549.6,114.39,521,5,0,0.3445,3.35,0.6988,0,0,16,fashion,card,0
2904,53.0,49685.59,47.22,254,4,1,0.0991,7.1,0.7794,0,1,5,travel,upi,0
2905,55.0,48333.29,272.91,1114,0,0,0.1874,8.59,0.7484,0,0,21,grocery,card,0
2906,67.0,29772.04,1048.1,2933,5,0,0.2346,7.97,0.9064,0,0,12,gaming,card,0
2907,53.0,179460.25,234.62,2952,2,0,0.1834,10.38,0.9611,0,0,6,electronics,card,0
2908,72.0,48732.11,20.77,3205,5,0,0.0759,3.06,0.6982,0,0,23,food,card,0
2909,25.0,76374.22,239.5,607,6,1,0.0521,7.21,0.6996,0,0,19,food,card,1
2910,37.0,45753.77,148.16,461,2,0,0.1798,4.91,0.9804,1,0,6,grocery,upi,0
2911,24.0,45250.47,59.86,3928,5,0,0.4576,5.1,0.8302,0,0,2,travel,wallet,0
2912,23.0,42812.89,256.36,3688,3,0,0.2409,14.4,0.8879,0,0,5,grocery,upi,0
2913,,23451.11,433.86,2809,3,0,0.2583,4.47,0.841,0,0,23,jewelry,upi,0
2914,30.0,50349.64,92.25,3362,4,2,0.0647,16.62,0.7848,0,0,16,travel,,0
2915,41.0,43968.74,34.79,3223,3,0,0.4679,6.38,0.7697,0,0,7,gaming,card,0
2916,42.0,104759.96,24.08,2317,6,2,0.0973,16.49,0.8357,0,1,6,fashion,card,0
2917,53.0,28478.46,92.51,1918,6,0,0.0387,2.44,0.8361,0,0,2,fashion,card,0
2918,71.0,40040.93,154.08,3913,3,1,0.0186,15.25,0.6343,0,0,7,electronics,card,0
2919,66.0,33555.17,107.44,2714,3,1,0.1649,22.9,0.6527,0,1,23,gaming,card,0
2920,39.0,,90.89,3533,3,1,0.1137,10.89,0.9614,0,0,4,gaming,card,0
2921,36.0,,317.62,852,4,1,0.1656,9.5,0.6949,0,0,6,fashion,upi,0
2922,61.0,74933.28,285.94,913,2,1,0.1812,1.51,0.8234,0,0,17,food,card,0
2923,25.0,93777.22,219.76,2530,7,0,0.3415,4.99,0.8787,0,0,0,electronics,wallet,0
2924,48.0,50752.74,407.26,3817,5,0,0.3566,2.61,0.682,0,1,14,electronics,upi,0
2925,42.0,25792.59,93.38,2493,3,0,0.3468,12.24,,1,0,18,gaming,upi,0
2926,28.0,25972.77,60.24,1788,5,0,0.0519,3.9,0.8481,1,0,14,gaming,net_banking,0
2927,53.0,88252.62,106.76,128,5,2,0.3203,4.87,0.8944,0,0,11,food,upi,0
2928,36.0,27495.06,99.65,644,4,1,0.1421,1.69,0.7555,0,0,12,food,card,0
2929,28.0,68234.33,23.14,946,5,0,0.2894,10.72,,0,0,6,,card,0
2930,55.0,58570.15,104.31,824,5,1,0.073,1.02,0.8956,0,0,21,food,card,0
2931,27.0,67677.65,543.38,2818,2,0,0.1878,15.54,0.8456,0,1,10,gaming,wallet,0
2932,56.0,71286.35,400.94,2746,5,0,0.1273,9.49,,1,1,8,grocery,card,0
2933,27.0,32911.24,304.34,1537,4,1,0.0681,3.78,0.7185,0,0,10,gaming,card,0
2934,42.0,32162.23,205.32,3950,4,0,0.258,22.05,0.7567,0,0,18,jewelry,card,0
2935,64.0,81495.12,766.52,1592,5,0,0.2091,2.99,0.7384,0,0,2,food,upi,0
2936,31.0,38907.76,62.35,1797,3,1,0.1054,0.3,0.8075,0,0,8,gaming,card,0
2937,61.0,15000.0,68.59,2119,1,0,0.0636,2.44,0.7002,0,0,16,grocery,net_banking,0
2938,59.0,78582.47,554.05,2305,5,0,0.024,37.23,0.4743,0,0,11,fashion,upi,0
2939,69.0,31105.65,185.04,788,5,0,0.1245,9.59,0.9652,1,0,17,electronics,wallet,0
2940,27.0,71112.13,92.0,1221,5,0,0.1796,24.99,0.7649,0,0,1,food,card,0
2941,58.0,118319.1,312.59,2761,5,0,0.3656,12.24,0.7899,1,1,10,grocery,card,1
2942,71.0,55509.41,116.1,3386,0,0,0.0902,20.8,0.8779,0,0,11,grocery,card,0
2943,61.0,95107.17,77.9,1711,7,0,0.2593,30.52,0.9226,0,0,14,electronics,net_banking,0
2944,28.0,59854.82,75.76,487,4,0,0.2528,17.59,0.8952,0,0,18,fashion,upi,0
2945,64.0,131685.87,248.27,3410,5,0,0.092,7.15,0.8355,0,0,19,food,card,0
2946,24.0,30666.6,221.13,2341,4,0,0.3165,5.03,0.8478,1,0,20,fashion,upi,0
2947,51.0,54752.06,820.33,1761,3,1,0.4326,4.86,0.8341,0,0,9,travel,card,0
2948,46.0,79644.43,134.68,2357,2,0,0.586,4.1,0.8902,0,0,16,food,card,0
2949,48.0,49531.4,132.4,3296,4,0,0.1968,3.17,0.8284,0,0,11,fashion,card,0
2950,47.0,,759.45,34,1,0,0.3401,3.26,0.7301,0,1,6,grocery,card,0
2951,19.0,43367.55,482.32,1459,4,0,0.1897,4.37,0.5118,0,0,5,grocery,card,0
2952,46.0,171655.12,208.07,3764,6,0,0.3619,2.12,0.822,1,0,12,travel,card,0
2953,71.0,176715.63,37.79,1224,4,0,0.2497,23.71,0.6855,0,0,15,jewelry,wallet,0
2954,42.0,64230.15,79.93,3898,4,1,0.0906,5.79,0.9074,0,0,9,fashion,net_banking,0
2955,33.0,74534.63,62.73,1147,4,0,0.0423,4.61,0.8237,0,0,16,grocery,upi,0
2956,74.0,105927.24,186.68,1885,4,0,0.1209,4.71,0.8251,0,1,7,electronics,upi,0
6064,21.0,48382.68,32.45,1164,5,0,0.2093,1.57,0.8419,0,0,23,travel,net_banking,0
2958,45.0,26728.57,894.14,2910,2,0,0.0988,1.85,0.9255,0,1,23,grocery,card,0
2959,,109767.4,37.39,980,3,1,0.147,2.43,0.8353,1,0,19,jewelry,card,0
2960,45.0,63945.22,56.35,3399,7,0,0.1846,2.86,0.7786,0,0,8,grocery,upi,0
2961,70.0,48557.82,229.89,545,8,0,0.0775,1.93,,0,0,22,gaming,upi,0
2962,42.0,55337.51,303.2,493,3,1,0.2229,7.81,0.7542,0,1,6,fashion,net_banking,0
2963,73.0,15000.0,13.54,1892,5,1,0.2413,4.56,0.8771,0,0,17,electronics,card,0
2964,,49527.29,31.74,365,5,0,0.0943,20.43,0.992,0,0,1,grocery,card,0
2965,59.0,36348.67,138.29,1336,2,0,0.4609,18.16,0.7464,0,0,23,grocery,upi,0
2966,51.0,91128.68,698.55,2766,0,0,0.0535,12.89,0.7616,0,0,0,grocery,card,0
2967,31.0,95068.73,1188.82,2034,7,0,0.1491,34.94,0.9083,0,0,18,fashion,upi,0
2968,30.0,75528.29,118.92,2251,1,0,0.2246,15.54,0.8608,1,0,18,grocery,card,0
2969,59.0,68363.25,151.76,390,2,0,0.1285,2.15,0.676,0,0,14,gaming,wallet,0
2970,54.0,24138.12,77.95,2727,8,0,0.2292,7.09,0.7921,0,1,16,grocery,upi,0
2971,52.0,76110.55,339.06,392,3,0,0.0464,5.34,0.9112,0,1,18,food,card,0
2972,20.0,77750.27,830.05,2300,2,1,0.0837,8.23,0.9101,0,0,14,gaming,net_banking,0
2973,52.0,109091.74,632.06,3169,4,0,0.2963,18.67,0.8987,0,0,5,travel,card,0
2974,73.0,176328.47,174.85,2913,3,1,0.3132,1.67,0.8936,0,0,4,grocery,upi,0
7722,44.0,141475.3,167.36,974,7,0,0.197,2.16,0.9022,0,0,14,electronics,upi,1
2976,44.0,44419.16,181.48,644,3,0,0.2313,9.29,0.7951,0,0,2,electronics,upi,0
2977,46.0,36564.82,716.05,3327,6,1,0.2145,14.0,0.9702,1,0,11,electronics,card,0
2978,69.0,60473.92,120.6,886,4,0,0.3921,10.63,0.9005,0,0,3,food,upi,0
2979,34.0,55406.9,29.3,1997,5,0,0.0078,12.15,0.8154,0,0,6,food,card,0
2980,45.0,48355.89,125.58,970,4,1,0.0803,0.83,0.8662,0,0,4,food,card,0
2981,58.0,96787.28,136.17,148,5,0,0.1946,11.59,0.8258,0,0,12,jewelry,upi,0
2982,21.0,30010.74,29.13,1683,2,0,0.1625,7.03,0.9109,0,0,4,travel,card,1
2983,63.0,31022.61,227.01,2214,4,0,0.3996,10.47,0.8508,1,0,0,food,upi,0
2984,64.0,,298.56,3045,3,0,0.578,5.4,0.8159,0,0,13,gaming,upi,0
2985,59.0,45112.21,1156.15,2911,6,0,0.3149,1.63,0.8886,1,0,4,travel,wallet,1
2986,54.0,27983.32,47.49,3330,1,0,0.2218,6.68,0.8846,1,0,17,food,card,0
2987,60.0,53550.16,373.71,3261,2,1,0.1556,8.02,0.8884,0,0,19,,upi,0
2988,62.0,50214.99,473.33,1623,4,2,0.1244,14.2,0.7326,1,1,17,,card,0
2989,69.0,35685.69,302.65,1384,4,0,0.1585,2.91,0.6036,0,0,6,travel,upi,0
2990,42.0,88934.9,65.77,2420,3,0,0.412,3.82,0.7355,0,0,18,grocery,card,0
2991,43.0,53229.24,62.06,1934,2,0,0.1891,0.72,0.7044,1,0,21,food,card,0
2992,54.0,98670.82,198.37,1201,4,0,0.3546,3.89,0.8778,0,1,0,gaming,upi,0
2993,29.0,49405.2,196.99,156,5,0,0.3557,2.48,0.7422,0,0,3,food,wallet,0
2994,66.0,54272.95,102.88,1918,5,3,0.2779,2.35,0.6684,0,0,17,electronics,net_banking,0
2995,61.0,40358.53,654.97,1893,6,2,0.1024,0.46,0.7852,0,0,17,gaming,card,0
2996,53.0,54787.25,120.57,3765,2,0,0.0498,14.67,0.8608,0,0,8,electronics,,0
2997,35.0,81374.37,27.09,3255,6,0,0.0505,5.33,0.8741,0,0,17,grocery,upi,0
2998,37.0,43864.24,143.87,1099,7,0,0.0951,41.34,0.638,1,0,11,food,card,1
2999,42.0,73146.17,290.97,468,6,0,0.1311,6.01,0.7761,0,0,1,fashion,card,1
3000,55.0,35174.53,253.39,3158,3,0,0.1019,1.66,0.7664,1,0,13,grocery,card,0
3001,62.0,83497.02,251.43,1964,2,0,0.0238,5.87,0.8303,1,0,6,grocery,wallet,0
3002,56.0,39980.23,801.87,197,4,1,0.3923,1.29,0.5764,0,1,7,grocery,card,0
3003,71.0,87861.1,59.04,3022,3,0,0.2392,0.19,0.8602,0,0,21,gaming,net_banking,0
3004,72.0,56875.82,117.83,1400,2,0,0.003,0.57,0.8907,0,0,3,food,card,0
3005,58.0,126958.18,843.88,709,3,0,0.2072,0.29,0.762,0,1,20,fashion,card,0
3006,39.0,29154.11,25.17,2645,5,0,0.1191,29.48,0.9369,0,0,0,travel,card,0
3007,52.0,24420.82,170.59,3147,1,0,0.1285,11.67,0.5465,0,0,3,food,upi,0
3008,42.0,39189.69,615.16,3110,4,0,0.2185,5.16,0.6539,0,0,2,gaming,card,0
3009,53.0,25682.17,606.06,1118,9,0,0.0574,9.54,0.6826,0,0,13,electronics,card,1
3010,64.0,25708.69,348.3,2380,2,0,0.0864,6.52,0.8111,0,0,4,gaming,wallet,0
3011,39.0,,357.24,1879,0,0,0.2361,8.02,0.9501,0,0,19,electronics,card,0
3012,,54873.74,63.56,3480,6,0,0.084,0.34,0.8694,0,0,21,grocery,card,0
3013,20.0,42245.96,710.62,783,4,1,0.2049,0.86,0.9222,0,0,16,fashion,upi,1
3014,59.0,44456.17,54.21,3288,4,0,0.2086,0.14,0.9662,0,0,19,food,card,0
3015,45.0,39600.92,57.54,1404,4,1,0.2287,0.6,0.8387,0,0,4,food,upi,1
3016,44.0,136324.25,265.29,2481,0,0,0.584,10.54,0.8705,0,0,19,electronics,card,0
3017,48.0,36701.04,109.94,2023,4,0,0.1903,20.65,0.9136,0,0,20,food,card,1
3018,30.0,26580.01,221.33,1412,2,1,0.0859,7.34,0.8863,0,0,18,electronics,net_banking,0
3019,52.0,85213.6,276.92,948,4,0,0.1505,32.59,0.7443,0,0,1,food,net_banking,0
3020,60.0,48845.76,1065.36,1473,3,0,0.4326,10.83,0.7613,0,0,15,food,net_banking,0
3021,37.0,168790.57,277.74,2441,5,0,0.156,4.21,0.6675,0,1,16,grocery,card,0
3022,25.0,41178.66,96.97,2471,3,1,0.3066,20.18,0.8759,0,0,17,gaming,card,0
3023,40.0,87586.29,354.05,2504,5,0,0.3583,2.22,0.8855,0,0,10,grocery,upi,1
3024,29.0,99737.5,78.35,2636,4,0,0.3124,0.19,0.6111,0,0,4,food,upi,0
3025,39.0,41289.1,448.59,233,6,1,0.1208,0.39,0.577,1,0,19,food,card,1
3026,53.0,36551.67,192.02,1596,4,1,0.1175,3.97,0.948,0,0,9,fashion,upi,0
3027,24.0,82688.85,268.67,1280,8,0,0.1381,14.17,0.8927,1,0,1,electronics,upi,1
3028,60.0,75454.04,30.34,1608,5,1,0.1724,1.13,0.8597,0,0,17,jewelry,wallet,0
3029,30.0,25317.54,18.96,1547,3,0,0.0248,34.17,0.6495,0,1,1,electronics,card,0
3030,68.0,29568.03,40.11,731,2,1,0.3731,3.43,0.8105,0,0,5,grocery,card,0
3031,,15000.0,1031.46,3860,6,0,0.1735,1.91,0.8113,0,0,14,grocery,net_banking,0
3032,33.0,76309.39,57.1,31,1,0,0.4546,9.71,0.7374,0,1,12,travel,upi,0
3033,50.0,47623.59,374.38,2394,6,1,0.0665,1.02,0.7702,0,0,13,grocery,upi,1
3034,24.0,50307.31,94.73,1862,3,0,0.5061,30.77,0.9437,0,0,12,grocery,wallet,0
3035,23.0,21694.07,141.59,2822,4,0,0.2275,6.2,0.6237,0,0,6,food,upi,0
3036,72.0,30065.46,172.13,3328,5,0,0.1731,9.1,0.8653,0,1,8,fashion,wallet,0
3037,63.0,42285.99,931.44,2606,5,0,0.1363,1.7,0.5215,0,0,11,travel,upi,0
3038,26.0,37998.78,322.94,3073,3,0,0.0715,4.56,0.9698,0,1,0,travel,card,0
3039,34.0,58682.59,264.54,1117,1,1,0.1293,10.55,0.9519,0,0,3,food,,0
3040,29.0,75810.79,658.3,3975,4,0,0.0523,6.41,0.8844,0,0,7,fashion,upi,0
1676,74.0,38305.97,302.83,1685,3,0,0.1438,4.54,0.8504,0,0,19,gaming,upi,0
3042,34.0,54397.81,523.9,2687,12,0,0.2156,30.34,0.7136,0,1,3,electronics,card,1
3043,36.0,101575.73,443.31,611,2,1,0.1752,3.66,0.858,0,0,7,grocery,wallet,0
3044,48.0,34842.86,438.28,958,3,0,0.1097,32.59,0.7144,0,0,19,gaming,upi,0
3045,28.0,21891.81,154.15,3306,3,2,0.1959,8.53,0.9049,0,0,5,jewelry,card,0
3046,68.0,,116.24,2719,1,2,0.2947,47.74,0.7816,0,0,12,food,card,0
3047,59.0,22841.66,75.42,2544,5,0,0.2356,5.1,0.6548,1,0,13,grocery,upi,0
3048,61.0,55445.66,80.3,3319,2,1,0.0722,7.19,,0,0,20,food,card,0
3049,27.0,35804.85,71.95,1135,5,0,0.0497,24.99,0.8857,0,0,2,food,card,0
3050,58.0,18774.21,259.77,2574,3,0,0.3901,11.47,0.7425,0,1,22,grocery,wallet,1
3051,65.0,142900.28,143.25,831,2,1,0.164,0.52,0.828,0,0,12,jewelry,upi,0
3052,27.0,40922.26,277.09,1942,2,0,0.1867,6.66,0.8938,1,0,1,electronics,card,1
3053,60.0,22345.89,293.2,1637,5,1,0.3192,9.31,0.886,0,0,7,gaming,card,0
3054,38.0,90136.72,62.38,2485,2,0,0.115,19.21,0.6568,0,0,2,fashion,card,0
3055,62.0,36840.41,60.53,287,5,0,0.1479,2.72,0.536,0,0,16,fashion,wallet,0
3056,45.0,100175.59,143.21,132,1,0,0.2253,10.57,0.8323,0,0,9,grocery,upi,0
3057,63.0,36743.68,82.92,155,3,1,0.1997,5.42,0.9846,1,1,1,grocery,card,0
3058,26.0,,74.63,1082,6,0,0.4804,1.99,0.7486,1,0,16,jewelry,wallet,1
3059,40.0,66485.95,981.07,2317,4,0,0.0557,5.87,,0,0,21,,card,0
3060,33.0,76218.47,38.85,656,6,0,0.4414,1.82,0.5997,0,0,17,food,upi,1
3061,32.0,,1361.06,3965,4,2,0.1525,0.52,0.684,0,0,6,electronics,card,0
3062,35.0,,240.29,1671,5,0,0.0901,2.51,0.8588,1,1,21,,card,0
3063,39.0,73557.87,482.6,1233,5,0,0.0615,1.32,0.8363,0,0,7,food,card,0
3064,25.0,,428.93,3575,3,1,0.2557,14.75,0.7306,1,1,0,grocery,card,0
3065,58.0,61414.52,333.59,725,8,0,0.0268,0.06,0.5816,0,0,14,travel,card,0
3066,49.0,50849.55,948.41,776,6,0,0.3016,0.37,0.9519,0,1,12,food,card,1
3067,65.0,24839.15,60.98,1541,4,0,0.1078,3.13,0.8843,0,0,18,food,card,0
3068,58.0,,153.94,311,5,1,0.2628,11.25,0.8025,0,1,15,fashion,net_banking,1
3069,26.0,56290.67,76.72,2735,5,0,0.2421,4.9,0.7603,0,0,10,food,card,0
3070,21.0,43809.23,33.01,3114,3,1,0.1344,3.57,0.5929,0,0,7,gaming,card,0
3071,42.0,111063.79,92.92,1433,7,0,0.1837,9.81,0.7143,0,0,9,food,upi,0
3072,45.0,25078.85,1170.87,3475,4,0,0.5217,9.46,0.5688,0,0,23,electronics,upi,0
3073,31.0,135850.25,151.33,59,4,0,0.1352,7.75,0.9536,0,0,8,travel,,0
3074,62.0,,1308.29,2139,3,1,0.2252,15.02,0.8422,0,0,5,electronics,card,1
3075,51.0,65494.63,1449.22,2928,3,1,0.2207,9.82,0.6174,0,0,13,grocery,wallet,0
3076,60.0,44259.01,3597.83,1524,3,1,0.0984,16.74,0.7682,0,0,20,electronics,upi,1
3077,,21986.82,1210.09,3788,7,0,0.285,18.25,0.5547,0,0,6,electronics,upi,0
3078,64.0,50934.87,1902.81,1739,7,0,0.1212,12.85,0.6519,0,1,12,electronics,card,0
3079,29.0,66118.12,249.17,3674,6,0,0.1143,12.56,0.7834,0,0,16,fashion,net_banking,0
3080,43.0,79778.75,226.17,2646,4,0,0.106,9.87,0.5734,1,0,11,food,card,0
3081,43.0,49324.2,241.72,946,8,0,0.1202,10.67,0.9334,0,0,8,food,card,0
3082,64.0,16468.28,180.01,3330,5,0,0.2228,6.75,0.9413,0,1,2,grocery,card,0
3083,33.0,23556.92,209.06,152,3,0,0.3048,7.47,0.701,1,0,1,gaming,upi,0
3084,31.0,170024.74,381.89,782,5,1,0.2325,4.26,0.9214,0,0,1,food,wallet,1
3085,37.0,30157.64,112.97,3125,4,0,0.3355,1.95,0.8867,1,0,9,electronics,card,0
3086,38.0,120567.58,45.39,3611,6,0,0.1719,21.86,0.8708,0,0,15,electronics,card,0
3087,28.0,32903.71,258.93,1570,2,0,0.113,23.74,0.787,0,0,16,food,card,0
3088,28.0,49748.61,90.03,2639,1,0,0.4456,0.7,0.7033,0,0,8,electronics,net_banking,0
3089,31.0,77571.32,99.85,2798,4,0,0.255,2.63,0.7029,0,0,6,food,wallet,0
3090,44.0,35030.75,156.05,2961,5,0,0.1159,2.68,0.7636,0,1,21,electronics,wallet,0
3091,37.0,132032.95,124.07,3625,4,0,0.1072,9.5,0.9583,0,1,21,electronics,upi,0
3092,40.0,57339.16,546.21,375,6,0,0.2243,3.61,0.9214,0,0,19,,net_banking,0
3093,58.0,70866.74,152.36,794,5,0,0.142,1.45,0.9897,1,0,20,fashion,card,0
3094,31.0,47472.44,574.45,3675,6,0,0.0872,30.92,0.9005,0,0,8,grocery,upi,0
3095,69.0,79014.34,221.18,2191,8,0,0.1424,0.6,0.6258,0,0,6,,card,0
3096,60.0,131061.83,164.75,2126,3,0,0.1651,6.05,0.8391,1,0,9,food,card,0
3097,27.0,51168.59,210.86,1629,5,0,0.162,39.96,0.6483,0,0,17,travel,card,0
3098,35.0,142405.02,49.47,1467,2,0,0.5261,0.73,0.6465,0,0,7,fashion,upi,0
3099,28.0,39289.43,252.4,1001,4,0,0.1303,1.41,0.8042,0,0,4,electronics,wallet,0
3100,33.0,83729.05,420.8,1613,4,0,0.2381,24.17,0.8539,0,0,3,grocery,wallet,0
3101,38.0,71976.96,484.83,321,4,0,0.3887,7.1,0.7667,1,0,7,gaming,upi,0
3102,25.0,30557.59,46.56,1193,5,0,0.1203,0.03,0.7483,0,0,0,electronics,card,0
3103,18.0,61863.39,39.41,3974,11,0,0.3766,6.36,0.7405,0,0,7,electronics,upi,1
3104,43.0,55223.27,105.23,677,3,0,0.2226,12.18,0.6296,0,0,8,grocery,wallet,0
3105,57.0,34400.72,718.83,2936,4,2,0.3714,11.94,0.9032,0,1,17,jewelry,card,1
3106,35.0,66969.31,224.51,167,1,0,0.2759,2.83,0.4812,1,0,15,grocery,upi,0
3107,67.0,59608.16,82.95,2943,4,0,0.2745,8.87,,1,0,17,grocery,net_banking,0
3108,39.0,52847.5,42.1,1079,5,1,0.4653,8.89,0.9361,0,0,0,food,card,1
3109,69.0,52964.17,90.83,2818,3,0,0.0768,10.99,0.9003,0,0,17,grocery,upi,0
3110,31.0,52343.49,84.89,2001,8,0,0.087,5.54,0.8206,0,0,6,gaming,card,0
3111,48.0,44929.67,458.78,3109,4,0,0.1826,8.67,0.7531,0,0,15,fashion,wallet,0
3112,61.0,59396.89,495.47,2677,7,0,0.0668,0.03,0.8548,0,0,3,travel,wallet,0
3113,21.0,38597.22,62.99,2245,2,1,0.4246,8.2,0.7837,0,0,17,electronics,upi,0
3114,71.0,237122.86,382.27,2941,6,0,0.087,0.75,0.9285,1,0,23,jewelry,card,0
3115,38.0,25335.33,345.06,3864,2,0,0.0322,4.56,0.7928,0,0,7,food,wallet,0
3116,46.0,39874.15,55.33,2394,5,0,0.2649,11.42,0.4906,0,1,9,travel,wallet,0
3117,53.0,41644.74,165.53,720,4,0,0.3136,7.77,,0,1,9,electronics,card,0
3118,54.0,168950.3,253.1,490,7,0,0.0894,5.65,0.7815,0,1,1,electronics,card,1
3119,19.0,26609.26,211.92,2204,6,0,0.0533,0.63,0.7638,0,0,12,jewelry,card,0
3120,67.0,69518.33,32.54,1743,6,0,0.0334,0.08,0.9436,0,0,19,jewelry,card,0
3121,53.0,63051.38,205.23,2445,3,0,0.0659,3.96,0.9388,0,1,12,electronics,card,0
3122,74.0,66076.59,340.09,2679,8,0,0.1114,7.27,0.6777,0,0,9,food,upi,0
3123,44.0,108562.05,873.54,772,6,1,0.1781,5.52,0.8537,0,0,0,travel,net_banking,1
3124,52.0,107344.08,92.22,2980,4,3,0.3012,22.12,0.9013,0,0,4,grocery,wallet,0
3125,43.0,42918.67,104.32,3965,6,1,0.3315,11.45,0.9544,0,0,15,electronics,card,0
3126,68.0,,146.07,1318,2,0,0.2398,1.14,0.5624,0,0,22,food,upi,0
3127,65.0,19728.75,240.85,3717,1,0,0.133,0.61,0.6245,1,0,9,fashion,net_banking,0
3128,69.0,58080.75,198.34,3715,5,0,0.4554,2.05,0.8216,0,1,15,grocery,card,1
3129,46.0,35539.3,329.4,1691,3,1,0.0443,11.76,0.7581,1,0,21,grocery,wallet,0
3130,63.0,49641.29,58.43,3187,2,0,0.2781,6.14,0.901,0,0,17,electronics,card,0
3131,38.0,21766.64,267.68,3731,3,1,0.3968,0.17,0.8692,0,0,0,fashion,upi,0
3132,44.0,68718.12,85.69,3411,3,0,0.0164,1.78,0.9018,0,0,5,fashion,card,0
3133,61.0,21633.01,155.96,1572,7,0,0.4834,4.78,0.8369,0,0,14,fashion,card,0
3134,,59673.6,993.24,2676,3,1,0.2446,7.37,0.8359,0,0,22,grocery,upi,0
3135,58.0,28015.42,44.47,2382,3,0,0.1978,2.16,0.9158,0,0,12,,upi,0
3136,18.0,34467.97,136.11,1672,4,0,0.108,8.26,0.8181,0,0,23,gaming,card,0
3137,51.0,103796.87,50.32,2568,3,0,0.0323,4.92,0.824,0,0,0,electronics,upi,0
3138,45.0,75996.56,209.77,3738,5,1,0.044,6.53,0.6364,0,0,9,jewelry,card,0
3139,44.0,103481.71,513.47,133,4,0,0.104,2.38,0.5698,0,0,4,gaming,card,0
3140,46.0,129694.68,213.28,3608,5,1,0.0454,0.43,0.5162,0,0,10,travel,wallet,0
3141,46.0,35955.13,160.17,1491,7,0,0.2737,7.69,0.4646,0,0,17,electronics,net_banking,1
3142,41.0,125432.48,679.5,3319,9,1,0.3899,16.31,0.6231,0,0,12,,card,1
3143,43.0,24564.57,250.5,458,4,0,0.2288,0.08,0.8086,0,1,15,grocery,wallet,0
3144,50.0,82904.42,408.51,3567,4,0,0.0548,12.63,0.9237,0,0,15,fashion,upi,0
3145,61.0,41929.83,368.05,1808,2,0,0.2814,0.11,0.9068,0,0,17,food,upi,0
3146,49.0,32972.31,10.14,3668,7,0,0.4348,3.08,0.9114,0,0,9,fashion,card,0
3147,54.0,77114.52,166.72,1728,3,1,0.0598,23.73,0.7294,0,0,16,food,card,0
3148,65.0,92485.93,61.25,2993,4,0,0.2365,5.12,0.9109,1,0,11,food,card,0
3149,74.0,90988.29,78.54,2396,4,1,0.0578,7.18,0.9184,0,0,14,electronics,card,1
3150,24.0,61899.13,786.46,825,3,0,0.1069,6.56,0.4603,0,0,3,food,card,0
3151,58.0,59140.13,123.74,1019,4,1,0.2545,8.6,0.7065,0,0,2,grocery,card,0
3152,30.0,73487.09,1194.55,2168,5,1,0.164,1.26,0.7767,0,0,7,travel,card,0
3153,29.0,65001.05,44.05,1962,7,1,0.1927,5.36,0.9557,0,1,1,food,card,0
3154,63.0,74075.06,60.9,2475,9,0,0.1911,9.67,0.41,0,1,11,fashion,card,1
3155,21.0,61530.49,385.8,3233,2,0,0.1192,4.4,0.7663,0,0,13,fashion,wallet,0
3156,66.0,87432.26,127.94,3100,7,0,0.217,3.25,0.7187,0,0,10,grocery,card,0
3157,61.0,22474.22,244.76,262,5,0,0.2151,6.16,0.7053,0,0,18,fashion,upi,0
3158,74.0,51168.94,160.88,1995,1,0,0.1532,20.86,0.8417,0,0,15,food,card,0
3159,56.0,25692.98,156.08,618,4,0,0.3404,0.16,0.8328,1,1,13,fashion,wallet,0
3160,67.0,64040.73,132.78,2066,5,0,0.1034,4.77,0.6313,0,0,12,food,card,0
3161,24.0,135692.97,215.39,2157,0,1,0.3402,2.0,0.91,0,0,8,food,wallet,0
3162,68.0,42376.19,341.93,3982,0,0,0.2036,0.48,0.6878,0,0,13,gaming,card,0
3163,27.0,,904.5,1571,2,0,0.3,28.86,0.8459,1,0,5,fashion,card,1
3164,35.0,83379.37,147.0,1825,4,1,0.1595,10.25,0.8945,0,0,0,electronics,upi,1
3165,,17638.53,121.43,2060,3,0,0.2438,0.71,0.8858,0,0,18,electronics,card,0
3166,40.0,41271.51,106.75,546,4,0,0.109,16.74,0.6841,1,0,2,food,upi,0
3167,60.0,67209.65,782.69,267,4,0,0.2234,7.68,0.8637,1,0,23,travel,upi,0
3168,33.0,15000.0,358.99,2847,3,0,0.3697,0.09,0.8797,0,0,18,grocery,wallet,0
3169,64.0,32139.59,26.95,1223,5,0,0.1666,2.35,0.957,0,0,17,electronics,card,1
3170,52.0,100766.41,25.79,1469,4,1,0.2081,29.56,0.5141,0,0,10,food,card,0
3171,53.0,95486.18,78.48,3969,3,0,0.0694,5.71,0.6693,0,0,4,food,card,0
3172,71.0,,226.58,1016,5,0,0.5481,0.61,0.516,1,0,13,grocery,card,0
3173,42.0,89348.27,174.08,3619,2,2,0.3022,17.86,0.7126,0,0,18,travel,upi,0
3174,37.0,61907.45,301.19,2524,6,0,0.0512,2.13,0.8975,0,0,12,grocery,net_banking,0
3175,74.0,74649.24,151.04,1082,6,0,0.0733,16.97,0.6992,0,0,4,food,wallet,0
3176,49.0,,728.05,3818,3,1,0.0812,11.29,0.852,0,1,2,fashion,upi,0
3177,53.0,58617.32,389.58,2500,4,1,0.4156,1.75,0.6181,0,0,3,jewelry,upi,1
3178,34.0,38843.06,194.52,1271,5,0,0.0917,14.68,0.8301,1,0,23,fashion,upi,0
3179,30.0,110194.72,565.83,1821,1,0,0.0739,12.98,0.7322,0,0,13,fashion,card,0
3180,27.0,127000.48,34.61,1507,3,1,0.5568,5.05,0.856,0,0,12,gaming,card,0
3181,30.0,117482.01,165.32,3386,1,0,0.0856,19.24,0.7519,0,0,16,electronics,upi,0
3182,29.0,43942.12,206.53,1877,7,0,0.4229,0.28,0.9583,0,0,6,travel,card,0
3183,,32549.35,328.65,176,6,1,0.0507,0.9,0.7265,0,0,5,jewelry,card,0
3184,21.0,111015.37,32.39,2761,1,0,0.2486,4.28,0.5777,0,0,15,gaming,upi,0
3185,53.0,74179.08,138.73,3035,7,0,0.3453,0.92,,0,0,17,electronics,card,0
3186,72.0,65894.47,268.65,1601,6,0,0.4721,3.59,0.6732,0,0,13,fashion,wallet,1
3187,61.0,38816.12,290.07,3689,8,1,0.098,3.12,0.7579,0,0,6,grocery,wallet,1
3188,40.0,69508.45,589.39,1717,4,1,0.1379,2.92,0.6864,0,0,7,travel,upi,0
3189,21.0,30278.27,385.47,1078,4,1,0.3265,0.16,0.7062,0,0,19,electronics,card,0
3190,65.0,77949.99,169.37,2812,6,0,0.1007,3.69,0.8466,0,0,21,gaming,card,0
3191,18.0,117415.73,353.52,536,2,0,0.2637,1.4,0.911,0,0,18,electronics,upi,0
3192,56.0,134883.07,147.17,3940,5,1,0.2486,19.26,0.8517,0,0,19,grocery,card,1
3193,56.0,81208.62,208.46,2742,2,1,0.1625,8.75,0.922,0,0,9,electronics,card,0
3194,28.0,25718.78,398.52,1286,2,0,0.2023,12.47,0.8365,0,1,15,travel,wallet,0
3195,60.0,61305.21,172.03,354,6,0,0.2424,21.15,0.788,1,0,13,fashion,upi,0
3196,28.0,178423.18,258.51,2353,1,0,0.1943,2.93,0.7609,0,0,17,food,upi,0
3197,30.0,34110.21,470.72,2358,3,0,0.3473,0.91,0.798,1,1,12,grocery,upi,0
3198,64.0,53238.58,366.91,3183,3,1,0.1989,1.73,0.7953,0,0,5,travel,wallet,0
3199,73.0,119674.02,617.96,1155,5,0,0.1252,11.96,0.6068,0,0,18,grocery,card,0
3200,33.0,77227.6,1847.16,872,3,0,0.2944,7.0,0.8397,0,0,15,food,card,0
3201,70.0,215168.01,363.54,1668,5,1,0.153,2.86,0.8745,0,0,4,food,card,0
3202,70.0,36754.29,113.48,3278,4,0,0.1864,9.05,0.7251,0,0,22,jewelry,wallet,0
3203,61.0,31911.53,300.3,3635,5,1,0.1442,10.82,0.8871,0,0,13,food,upi,0
3204,25.0,107834.99,287.66,1439,1,0,0.134,1.86,0.8387,0,0,4,grocery,upi,0
3205,35.0,28491.33,332.44,219,2,1,0.3028,9.42,0.7369,0,1,0,food,card,0
3206,56.0,49358.54,802.69,470,8,0,0.0723,1.54,0.8982,0,0,11,fashion,card,0
3207,74.0,53049.61,33.41,2191,4,1,0.1096,6.88,0.6405,0,0,2,electronics,upi,0
3208,64.0,97234.68,817.94,128,4,0,0.0166,0.97,0.8765,0,0,5,grocery,card,0
3209,41.0,77105.96,1145.24,2903,1,0,0.1532,21.44,0.8718,0,0,18,gaming,upi,0
3210,31.0,70719.33,317.67,161,3,0,0.1792,6.11,0.9923,0,0,17,gaming,card,0
3211,72.0,,325.41,1711,0,0,0.2601,1.43,0.7088,0,0,0,grocery,net_banking,0
3212,33.0,107295.36,141.36,3196,3,1,0.1375,2.84,0.9497,0,0,10,fashion,card,0
3213,37.0,250000.0,181.14,1887,2,2,0.6018,2.27,0.8826,0,0,22,gaming,net_banking,0
3214,,80442.15,361.73,2709,2,0,0.2267,6.68,0.6035,0,0,18,electronics,net_banking,0
3215,50.0,58099.26,339.17,1355,2,1,0.1286,15.12,0.9524,1,0,3,fashion,net_banking,1
3216,33.0,26937.21,370.06,3180,11,0,0.2636,3.36,0.8204,0,0,8,food,net_banking,1
3217,18.0,38734.02,336.85,1723,3,0,0.0606,3.69,0.5314,0,0,3,,card,0
3218,42.0,48900.74,442.02,3019,5,2,0.4432,1.36,0.9325,0,0,19,,,0
3219,74.0,40988.97,395.28,3810,6,0,0.0719,10.07,0.9451,0,1,5,food,wallet,0
3220,42.0,54515.79,64.63,1542,3,0,0.1914,7.32,0.8625,0,0,22,travel,net_banking,0
3221,57.0,146238.96,413.73,950,4,0,0.0619,13.37,0.984,0,0,19,grocery,wallet,0
3222,32.0,109210.26,1154.64,3734,5,0,0.0727,0.78,0.835,1,0,18,fashion,card,0
3223,62.0,50399.19,175.27,2733,2,0,0.138,0.78,0.9612,0,0,5,food,net_banking,0
3224,62.0,28297.66,806.28,3515,4,0,0.1821,3.57,0.756,0,0,17,electronics,wallet,0
3225,52.0,114764.87,71.93,1532,5,1,0.0784,11.47,0.6574,1,0,16,grocery,wallet,1
3226,61.0,53535.95,174.72,1412,2,1,0.2419,0.82,0.8213,1,0,22,fashion,card,0
3227,50.0,21279.79,94.8,522,8,0,0.355,8.59,0.7617,0,0,6,food,card,0
3228,39.0,81383.27,714.93,3098,5,0,0.2735,15.62,0.9646,0,1,6,travel,wallet,0
3229,60.0,96685.25,928.37,3381,2,1,0.1169,5.04,0.8657,0,0,16,food,card,0
3230,65.0,15000.0,163.0,3284,1,0,0.14,0.1,0.9338,0,1,12,food,card,0
3231,65.0,34946.84,580.57,1185,9,1,0.1976,15.79,0.8707,0,0,21,food,upi,0
3232,30.0,51758.23,937.84,1969,3,0,0.7283,4.26,0.6942,0,0,1,food,card,0
3233,56.0,82377.65,174.17,1987,4,1,0.6597,6.6,0.7649,0,0,11,,upi,0
3234,,41416.22,204.94,508,4,0,0.2532,13.99,0.8403,0,0,23,food,net_banking,1
3235,50.0,34801.31,374.87,30,3,2,0.2059,3.66,0.9103,1,0,11,jewelry,wallet,0
3236,50.0,82045.69,77.51,1356,6,1,0.0741,4.01,,0,0,19,electronics,card,0
3237,38.0,42510.7,200.95,2055,3,1,0.285,27.69,0.7943,0,0,8,fashion,upi,0
3238,74.0,74103.54,1534.17,3955,1,2,0.1485,14.71,0.8525,0,0,14,electronics,card,0
3239,68.0,29844.47,109.17,3498,3,1,0.3056,1.81,0.709,0,0,23,grocery,card,0
3240,20.0,26142.18,422.75,2872,5,1,0.1679,2.44,0.8178,0,0,3,fashion,upi,1
3241,29.0,83323.55,303.92,3852,2,1,0.3078,13.44,0.8996,1,0,20,grocery,card,0
3242,29.0,63194.62,152.81,3105,5,2,0.1179,0.2,0.9218,0,0,9,food,net_banking,0
3243,69.0,91348.68,224.67,2119,2,0,0.1765,0.08,0.9518,0,0,21,grocery,net_banking,0
3244,47.0,41034.25,1038.55,3650,1,1,0.2733,12.12,0.9935,0,0,10,gaming,wallet,0
3245,59.0,35517.49,313.11,3681,1,0,0.4138,0.05,0.7081,0,1,5,food,upi,0
3246,64.0,116248.32,366.05,834,3,1,0.2723,4.46,0.8321,0,0,18,food,upi,0
3247,61.0,23800.48,892.31,1152,2,1,0.2896,1.05,0.7228,0,0,11,travel,upi,0
3248,23.0,109468.47,134.77,3874,7,0,0.3828,7.49,0.7837,0,0,18,fashion,net_banking,1
3249,25.0,,63.18,52,10,1,0.0715,0.35,0.8916,0,0,2,food,net_banking,1
3250,40.0,88268.42,1055.01,2087,1,0,0.0887,0.3,0.6734,0,0,18,gaming,upi,0
3251,37.0,37676.59,206.33,1549,3,0,0.2112,3.94,0.8211,0,0,2,electronics,wallet,0
3252,60.0,35101.54,439.9,2986,2,0,0.2988,13.07,0.5996,0,0,5,food,card,0
3253,26.0,48999.13,83.98,3834,9,0,0.317,13.78,0.8736,1,0,5,electronics,net_banking,1
3254,39.0,26979.07,265.47,1293,10,0,0.2026,12.87,0.6,1,1,8,fashion,upi,1
3255,31.0,32407.88,60.1,905,5,2,0.2036,4.22,0.9163,1,1,19,grocery,card,1
3256,28.0,78408.87,191.85,1337,4,2,0.1148,2.2,0.6971,0,0,12,gaming,card,0
3257,27.0,78608.14,94.16,2871,0,1,0.0818,15.21,0.7589,0,0,9,food,upi,0
3258,29.0,30878.71,74.84,1457,5,0,0.1239,1.99,0.9702,0,0,6,fashion,upi,0
3259,50.0,79774.21,132.93,2580,3,0,0.056,17.18,0.7908,0,0,16,gaming,card,0
3260,41.0,70611.99,18.17,1411,6,0,0.0344,4.86,0.8681,0,0,19,electronics,card,0
3261,42.0,126187.72,56.43,2969,5,0,0.2995,13.08,0.5562,0,0,20,grocery,wallet,0
3262,45.0,75215.57,393.61,278,5,0,0.4265,3.65,0.7834,0,0,23,fashion,card,0
3263,60.0,98450.39,254.84,1390,3,0,0.0981,0.64,0.7111,0,0,21,fashion,wallet,0
3264,67.0,71502.03,61.48,1259,2,0,0.1529,0.97,0.8864,0,0,13,gaming,wallet,0
3265,48.0,94282.37,311.32,2403,2,1,0.2344,1.57,0.7147,0,0,7,jewelry,wallet,0
3266,54.0,27096.88,74.79,2600,7,0,0.0365,1.16,0.9503,0,0,20,food,card,0
3267,60.0,51437.82,370.52,2916,5,0,0.0298,6.57,0.7612,1,0,0,fashion,wallet,0
3268,57.0,53833.32,160.34,3610,2,0,0.2834,4.91,0.7859,1,0,12,grocery,net_banking,0
3269,25.0,48099.45,130.04,3191,6,0,0.1432,12.78,0.8857,0,0,12,food,net_banking,0
3270,74.0,70208.6,164.33,195,3,0,0.1643,4.51,0.8105,0,0,19,fashion,card,0
3271,27.0,77963.6,2327.35,2720,3,0,0.321,34.76,0.7561,0,1,12,grocery,upi,0
3272,41.0,68242.98,84.28,96,9,1,0.0034,2.31,0.6805,0,0,22,food,upi,0
3273,55.0,49899.65,225.77,1671,3,1,0.1036,7.7,0.9167,0,0,6,jewelry,card,0
3274,40.0,36696.51,393.2,2381,6,0,0.3141,3.17,0.9225,0,0,10,electronics,wallet,0
3275,31.0,100563.11,68.75,1297,4,0,0.1201,38.73,0.6746,0,0,8,electronics,upi,0
3276,70.0,66665.41,36.55,2807,4,0,0.041,20.5,0.9058,0,0,7,jewelry,upi,0
3277,22.0,31409.03,98.68,3190,4,0,0.2453,1.39,0.9245,0,0,13,electronics,card,0
3278,32.0,49442.24,384.68,2444,3,0,0.1258,1.92,0.8905,0,0,12,grocery,card,0
3279,74.0,21084.08,127.86,2113,3,0,0.0697,14.6,0.8362,0,0,14,food,upi,0
3280,59.0,56080.44,142.86,3892,1,0,0.0278,0.61,0.5677,0,0,17,food,net_banking,0
3281,22.0,49314.8,447.52,2619,3,1,0.2558,9.9,0.8196,0,0,0,jewelry,card,0
3282,61.0,40100.0,80.37,938,1,0,0.0515,1.73,0.8948,0,0,6,food,net_banking,0
3283,73.0,131481.12,164.71,2636,2,0,0.2309,6.2,0.6205,0,0,11,travel,wallet,0
3284,23.0,29120.68,39.61,1940,7,1,0.1271,41.49,0.7183,0,0,13,fashion,net_banking,0
3285,,81113.49,248.06,124,2,0,0.3468,6.6,0.8817,0,0,1,gaming,wallet,1
3286,44.0,183098.21,226.44,3666,3,0,0.3503,18.59,0.9687,0,0,16,,upi,0
3287,25.0,99467.46,398.81,3189,10,1,0.0577,10.78,0.6896,0,1,6,,upi,1
3288,29.0,54054.18,57.27,2481,2,0,0.2191,25.7,0.9216,0,0,8,electronics,net_banking,0
3289,27.0,29476.56,148.57,2701,5,1,0.0697,12.46,0.929,0,0,18,travel,card,0
3290,28.0,26002.66,50.12,2321,2,0,0.1907,15.94,0.9231,0,0,1,grocery,net_banking,0
3291,41.0,43858.99,140.73,1392,5,0,0.1825,1.31,0.7584,0,0,23,travel,net_banking,0
3292,44.0,37693.32,792.15,3733,3,0,0.1724,16.24,0.8967,0,0,8,grocery,card,0
3293,31.0,37024.59,130.61,2226,6,0,0.3976,15.41,0.855,0,0,11,gaming,card,0
3294,34.0,45964.11,45.93,1375,4,1,0.1768,16.65,0.9271,0,0,7,fashion,card,0
3295,28.0,51992.39,91.2,2748,5,0,0.0778,9.48,0.8547,0,0,5,grocery,upi,0
3296,63.0,71822.64,35.95,653,3,0,0.1922,1.34,0.9071,0,0,20,fashion,card,0
3297,30.0,27841.99,49.26,1298,8,0,0.2302,0.3,0.8242,0,0,3,jewelry,upi,0
3298,69.0,,352.11,543,2,0,0.2157,1.72,0.6758,0,1,10,food,card,0
3299,48.0,50375.93,42.38,367,2,0,0.1471,21.0,0.8859,0,0,21,grocery,card,0
3300,63.0,49393.38,245.99,3292,2,0,0.1915,0.24,0.847,1,1,8,electronics,net_banking,0
3301,54.0,151013.05,184.69,1765,7,0,0.3723,15.37,0.832,1,0,5,food,net_banking,0
3302,,62493.89,105.79,3432,3,0,0.2335,11.85,0.8041,0,0,20,electronics,upi,0
3303,52.0,22643.18,225.95,2560,3,1,0.1791,3.73,,0,0,11,fashion,card,0
3304,33.0,69222.98,70.48,958,0,0,0.1877,8.52,0.7281,0,0,3,grocery,net_banking,0
3305,24.0,74250.78,417.3,869,5,0,0.0314,24.76,0.9104,0,0,3,grocery,card,0
3306,32.0,51342.19,89.53,1844,6,0,0.3303,4.21,0.9347,0,1,17,fashion,net_banking,0
3307,33.0,28218.14,122.31,406,1,0,0.3001,10.55,0.8876,0,0,8,electronics,upi,0
3308,25.0,144642.22,108.59,2351,3,1,0.2272,1.96,,0,0,6,grocery,card,0
3309,19.0,30535.72,358.68,1853,4,0,0.1245,12.59,0.5333,0,0,9,electronics,card,0
3310,71.0,79103.56,310.26,581,5,1,0.4886,3.53,0.8304,0,0,18,grocery,upi,1
3311,47.0,61397.0,13.08,2113,0,1,0.3491,1.13,0.9465,0,0,19,travel,net_banking,0
3312,40.0,76537.36,232.11,3399,2,0,0.1011,8.17,0.795,1,0,6,fashion,card,0
3313,71.0,140626.16,31.45,3637,6,1,0.2954,12.76,0.8853,0,0,8,grocery,upi,1
3314,30.0,74906.04,127.95,1692,5,0,0.2609,2.27,,0,0,9,food,net_banking,0
3315,40.0,40450.05,161.54,320,5,0,0.1449,1.2,0.9118,0,0,12,gaming,card,0
3316,66.0,,126.58,3457,2,0,0.305,7.17,0.8259,0,0,10,food,upi,0
3317,54.0,38870.22,297.01,2217,3,0,0.2139,5.73,0.7957,0,1,16,grocery,card,0
3318,40.0,60176.99,369.83,3047,4,0,0.1355,12.55,0.8596,0,0,0,grocery,upi,0
3319,,27008.11,83.05,209,6,1,0.3517,4.81,0.8214,0,0,22,grocery,card,0
3320,20.0,31156.68,80.09,1200,3,0,0.4355,5.61,0.6325,0,1,23,fashion,card,0
3321,22.0,56576.62,173.64,1163,9,0,0.4647,3.12,0.6239,0,0,8,grocery,upi,0
3322,27.0,67341.78,38.44,2874,6,0,0.426,3.08,0.8012,0,0,14,grocery,card,0
3323,62.0,21563.85,111.72,2734,3,0,0.054,6.14,0.9357,0,0,20,electronics,card,0
3324,54.0,,693.0,2970,3,0,0.127,6.18,0.7809,0,0,6,electronics,wallet,0
3325,42.0,35045.5,39.91,1606,2,0,0.0807,5.7,0.8245,0,0,21,grocery,card,0
3326,62.0,111181.23,128.1,1265,4,0,0.4342,6.62,0.8109,0,0,3,electronics,net_banking,0
3327,27.0,45320.2,99.55,781,2,0,0.148,12.11,0.8704,0,0,22,gaming,upi,0
3328,30.0,29646.41,1337.06,1037,5,1,0.2753,6.02,0.7459,0,0,13,grocery,upi,0
3329,40.0,57341.56,105.12,681,5,0,0.0728,3.38,0.8765,0,0,5,fashion,wallet,0
3330,70.0,33228.37,111.4,3299,7,0,0.252,8.09,0.6874,0,0,20,fashion,card,0
3331,,110526.25,64.21,2720,7,0,0.1146,0.84,0.7568,0,0,1,electronics,card,0
3332,66.0,55016.04,181.69,2721,4,1,0.213,1.84,0.721,1,1,11,,upi,1
3333,32.0,50597.95,235.83,3547,2,2,0.0221,1.37,0.7988,0,0,20,fashion,net_banking,0
3334,66.0,,74.23,2966,5,1,0.1047,12.01,0.9362,0,0,11,grocery,upi,1
3335,22.0,31646.01,483.8,1302,0,0,0.1232,3.53,0.8521,0,0,22,electronics,upi,0
3336,30.0,27066.55,236.04,1272,3,1,0.0765,3.33,0.6077,1,1,8,electronics,net_banking,0
3337,47.0,68849.75,421.94,535,5,0,0.1869,3.43,0.6668,0,0,18,jewelry,card,0
3338,20.0,30039.53,129.65,2897,1,0,0.4496,0.04,0.8674,0,0,7,electronics,upi,0
3339,66.0,30033.93,229.55,3501,4,0,0.1569,1.3,0.8056,1,0,21,fashion,wallet,0
3340,67.0,87142.87,145.45,2865,0,1,0.5416,8.01,0.746,0,0,21,electronics,upi,0
3341,48.0,73414.28,773.28,1898,4,2,0.2529,18.5,0.699,0,0,20,jewelry,upi,1
3342,35.0,27597.55,202.19,1353,2,0,0.1546,0.73,0.8522,0,0,22,travel,wallet,0
3343,23.0,,181.58,1769,2,0,0.2415,0.73,0.7799,0,0,2,jewelry,net_banking,0
1211,53.0,37720.15,109.98,1738,7,0,0.1544,5.18,0.7929,0,0,13,travel,card,0
3345,48.0,146102.55,107.45,686,4,0,0.1148,2.76,0.6542,0,0,14,jewelry,card,0
3346,61.0,90526.16,228.3,1742,9,0,0.3358,2.93,0.8976,0,0,10,gaming,wallet,0
3347,52.0,43635.39,408.52,969,4,0,0.2348,22.15,0.8868,0,0,17,travel,wallet,0
3348,25.0,75508.12,90.78,2964,1,1,0.2325,11.81,0.9927,0,0,22,food,upi,0
3349,24.0,26086.84,204.29,3628,4,0,0.1562,16.74,0.8714,0,0,9,fashion,card,0
3350,62.0,37992.08,216.4,798,3,0,0.1405,2.3,0.6565,0,1,3,electronics,upi,0
3351,27.0,58265.37,257.58,53,5,0,0.197,4.05,0.7757,0,0,15,travel,wallet,0
3352,71.0,70531.55,32.64,3500,4,0,0.118,22.14,0.8677,0,0,11,food,card,0
3353,24.0,52129.48,71.39,1196,5,0,0.1581,2.51,0.9971,0,0,3,grocery,card,0
3354,59.0,63038.18,45.93,1043,4,0,0.2385,9.55,0.8384,0,0,4,fashion,card,1
3355,73.0,57421.47,186.02,3425,7,1,0.2001,15.76,0.8087,0,0,17,grocery,wallet,0
3356,43.0,50267.85,73.11,3363,5,0,0.2188,1.04,0.8348,0,0,4,grocery,card,0
3357,,46733.12,109.59,2335,5,0,0.148,16.15,0.7447,0,0,20,food,card,0
3358,67.0,43505.51,54.53,648,3,0,0.1193,14.48,0.7351,0,0,8,travel,card,0
8183,60.0,80014.3,521.69,2226,2,1,0.1263,8.87,0.926,0,0,21,electronics,card,0
3360,48.0,68943.12,58.49,2965,5,0,0.1117,3.36,0.7662,0,0,3,travel,upi,0
3361,74.0,61339.91,384.09,1790,6,0,0.384,8.08,0.8991,0,0,6,food,card,0
3362,60.0,28763.43,290.67,2258,5,0,0.2404,10.96,0.8445,0,0,14,fashion,net_banking,0
3363,20.0,31750.96,209.18,2159,5,1,0.2639,1.1,0.5046,0,0,3,electronics,wallet,0
3364,64.0,68492.08,133.09,2655,4,0,0.0657,2.73,0.8469,0,0,11,,wallet,0
3365,27.0,,23.46,2077,3,0,0.2612,5.58,0.9811,1,0,3,fashion,upi,0
3366,60.0,59809.33,113.84,3897,2,0,0.0197,3.84,0.7502,0,0,16,grocery,wallet,0
3367,53.0,43856.18,84.06,169,2,0,0.122,0.14,0.8306,0,1,16,food,upi,0
3368,34.0,62222.73,230.5,238,4,0,0.3309,1.62,,0,0,7,travel,net_banking,0
3369,42.0,29431.97,334.51,630,6,0,0.126,12.36,0.6745,0,0,17,electronics,upi,0
3370,24.0,112984.64,249.03,622,1,1,0.1595,1.29,0.7891,0,0,3,travel,card,0
3371,74.0,60944.28,636.51,2010,5,1,0.1572,7.09,0.8634,0,1,2,electronics,card,0
3372,,38058.78,101.97,343,2,0,0.3637,0.85,0.5578,0,0,21,food,card,0
3373,35.0,50178.95,97.83,789,5,0,0.1282,3.45,0.9456,0,0,17,fashion,net_banking,0
3374,,41159.85,508.18,2092,6,0,0.2969,17.83,0.8394,0,0,6,electronics,upi,0
3375,56.0,113154.22,212.55,3601,6,1,0.2377,2.62,0.8028,0,0,14,,net_banking,0
3376,46.0,49210.21,140.61,3217,2,0,0.1071,23.55,0.916,0,0,1,fashion,card,0
3377,46.0,59906.46,1140.79,890,4,0,0.0424,3.06,0.8674,0,1,23,food,upi,0
9913,42.0,71363.65,197.51,1700,8,0,0.6262,11.16,0.6094,0,0,4,electronics,net_banking,0
3379,66.0,36595.0,148.77,2963,6,1,0.2625,2.07,0.7674,1,1,9,grocery,upi,1
3380,40.0,61183.25,90.65,3124,5,0,0.3346,1.6,0.7414,0,0,0,travel,net_banking,0
3381,65.0,63960.95,678.22,3718,3,0,0.178,11.2,0.3045,0,0,11,grocery,card,0
3382,62.0,23396.58,221.4,1749,4,0,0.3397,0.16,0.7099,0,0,10,electronics,wallet,0
3383,72.0,63200.76,184.47,261,0,0,0.0936,0.93,0.9632,1,0,20,jewelry,upi,0
3384,70.0,53632.97,353.98,3767,2,1,0.2049,6.2,0.922,1,1,0,grocery,wallet,0
6788,19.0,58054.37,681.59,1694,3,2,0.2926,2.23,0.9908,0,0,21,grocery,wallet,0
3386,32.0,56088.43,311.94,1549,6,0,0.2831,21.8,0.7615,0,0,16,jewelry,upi,0
3387,62.0,63426.17,435.69,1674,2,0,0.6068,20.57,0.9165,0,1,19,gaming,card,0
3388,59.0,114763.32,282.68,3938,1,0,0.2387,3.74,0.6997,0,0,12,food,upi,0
3389,34.0,28749.03,313.52,1463,3,0,0.397,8.16,0.9443,0,0,6,electronics,card,0
3390,56.0,45565.43,86.6,2239,0,1,0.0931,11.9,0.8159,0,1,10,gaming,net_banking,0
3391,32.0,79358.33,1100.27,2031,5,0,0.0217,1.27,0.8932,0,0,7,grocery,wallet,0
3392,47.0,71653.53,52.42,3960,5,0,0.1595,2.63,0.8444,0,0,1,fashion,net_banking,0
3393,63.0,70810.43,245.26,3810,2,1,0.2877,27.22,0.8746,0,0,10,grocery,card,0
3394,28.0,250000.0,47.28,2538,1,0,0.2742,1.28,0.5337,0,0,16,jewelry,card,0
3395,37.0,77100.34,163.18,450,5,0,0.1233,40.82,0.7604,0,0,17,food,upi,0
3396,63.0,102447.35,101.66,1404,3,1,0.4084,18.88,0.9084,1,0,17,travel,upi,0
3397,43.0,46453.12,206.17,2674,5,1,0.1422,2.43,0.8651,0,1,16,grocery,card,0
3398,,31856.18,253.34,3219,2,1,0.1462,4.86,0.8685,0,0,19,food,upi,0
3399,18.0,46268.37,69.17,3014,3,0,0.2262,4.46,0.7146,0,0,8,travel,wallet,0
3400,59.0,81362.24,174.78,1963,4,0,0.2421,0.24,0.6138,0,0,22,travel,upi,0
3401,64.0,68792.07,725.33,2692,2,1,0.1827,2.9,0.7466,0,0,17,fashion,wallet,0
3402,70.0,68656.89,48.46,1255,3,0,0.1168,4.32,0.8532,1,0,9,travel,card,0
3403,26.0,48883.69,76.62,2554,5,0,0.1051,3.01,0.8369,0,0,22,grocery,wallet,0
3404,74.0,,425.69,1928,7,0,0.3566,7.57,0.7769,0,0,11,grocery,wallet,0
3405,40.0,49819.76,194.52,2744,3,1,0.0378,1.59,0.8748,1,1,8,grocery,card,0
3406,38.0,81924.22,209.37,3491,6,0,0.1114,3.49,0.6531,0,0,12,,wallet,1
3407,38.0,87333.43,500.33,3285,2,0,0.5003,6.3,0.938,1,1,0,grocery,net_banking,1
3408,54.0,31623.49,81.36,2937,3,1,0.1019,5.24,0.9053,0,0,2,grocery,card,0
3409,55.0,83648.34,107.08,3078,2,0,0.2162,6.27,0.6033,0,0,23,grocery,upi,0
3410,45.0,38452.99,94.66,719,4,0,0.6456,0.76,0.871,0,0,11,travel,card,0
3411,22.0,71182.01,127.07,764,2,0,0.1914,3.41,0.8121,0,0,1,electronics,upi,0
3412,74.0,49489.08,687.1,3359,10,0,0.2605,1.87,0.5185,0,1,5,grocery,card,0
3413,30.0,130127.78,32.85,2177,3,0,0.1934,42.52,0.7908,0,0,15,grocery,card,0
3414,23.0,43701.92,54.53,1742,5,1,0.3079,62.38,0.8197,0,0,16,grocery,card,0
3415,52.0,60677.3,45.94,2670,0,0,0.2028,9.6,0.8807,0,0,8,electronics,card,0
3416,41.0,76781.17,731.17,358,6,0,0.0797,1.22,0.9011,0,0,12,fashion,card,0
3417,53.0,34010.04,97.37,685,6,0,0.3068,44.51,0.8543,1,0,16,jewelry,card,0
3418,67.0,52839.65,129.84,614,5,0,0.0577,5.91,0.728,0,1,10,electronics,upi,1
3419,23.0,,35.81,2277,6,1,0.1125,4.91,0.9651,0,0,18,,card,0
3420,34.0,41460.28,138.46,292,2,0,0.0546,2.58,0.9414,0,0,18,fashion,card,0
3421,47.0,43184.67,428.15,207,3,0,0.1132,12.59,0.8392,0,0,0,gaming,upi,0
3422,62.0,,231.81,2716,2,0,0.3285,16.43,0.7868,0,0,10,jewelry,wallet,0
3423,52.0,39572.34,161.59,2947,7,0,0.2707,1.66,0.6803,0,0,0,electronics,net_banking,0
3424,,75102.78,37.64,1052,1,0,0.111,1.47,0.833,0,0,12,food,card,0
3425,52.0,65389.42,129.67,2773,5,1,0.0571,0.88,0.6991,0,0,20,electronics,card,0
3426,73.0,25508.05,208.49,412,5,1,0.1817,1.82,0.6502,0,0,5,jewelry,card,0
3427,45.0,73176.65,66.76,1655,1,0,0.2609,9.82,0.7863,0,0,14,travel,wallet,0
3428,68.0,25277.15,346.49,1481,3,0,0.2553,6.13,0.7777,0,0,22,grocery,net_banking,0
3429,62.0,77694.44,436.17,1405,4,0,0.3683,15.23,0.9755,0,0,0,grocery,net_banking,0
3430,35.0,41611.55,106.09,3471,4,0,0.0699,26.08,0.8265,0,0,20,grocery,card,0
3431,32.0,55253.69,371.96,341,2,0,0.1333,1.01,0.9515,0,0,17,travel,card,0
3432,,26990.35,161.29,2526,7,0,0.0452,1.76,0.619,1,1,10,fashion,wallet,0
3433,29.0,58829.5,566.85,1116,4,0,0.0458,4.32,0.7811,0,0,15,fashion,card,0
3434,37.0,91574.78,1376.24,1960,3,0,0.0585,7.62,0.8637,0,1,14,fashion,net_banking,0
3435,31.0,35286.56,60.3,828,4,0,0.1329,0.13,0.9788,0,0,11,grocery,card,0
3436,52.0,39385.25,388.56,2940,4,0,0.1222,0.74,0.6961,1,0,22,food,card,0
3437,34.0,70624.33,663.76,271,2,0,0.2619,14.37,0.8356,0,0,17,fashion,net_banking,0
3438,55.0,71602.02,68.19,331,1,1,0.1318,9.77,0.8511,0,0,7,electronics,upi,0
3439,71.0,15000.0,101.27,1335,5,0,0.2588,0.62,0.6701,1,0,18,fashion,upi,0
3440,65.0,166635.15,100.14,3534,3,0,0.2096,6.6,0.8486,0,0,6,grocery,upi,0
3441,72.0,73555.31,157.62,124,1,0,0.0662,3.01,0.7325,0,0,1,gaming,card,0
3442,19.0,80691.92,126.04,735,3,0,0.4788,0.45,0.896,0,0,23,fashion,card,0
3443,43.0,50824.88,147.62,1982,4,1,0.2215,3.55,0.7634,0,0,12,gaming,upi,0
3444,30.0,19823.91,416.11,114,2,1,0.4203,6.72,0.7496,0,0,18,electronics,card,0
3445,70.0,79712.81,27.04,2151,6,0,0.2725,1.09,0.8858,0,0,11,fashion,net_banking,0
3446,58.0,40305.17,67.97,1468,5,0,0.2018,3.08,0.9845,0,0,20,fashion,upi,0
3447,36.0,74180.08,351.74,2593,5,0,0.3748,19.21,0.6014,0,0,0,food,card,0
3448,,48764.01,312.85,262,4,1,0.2814,0.73,0.8155,0,1,10,grocery,upi,0
3449,52.0,62693.32,62.45,731,3,1,0.067,9.93,0.855,0,0,19,gaming,card,0
3450,46.0,35912.49,315.03,693,4,1,0.188,18.68,0.7357,1,0,10,jewelry,upi,0
3451,45.0,88477.4,678.46,2957,3,1,0.0779,3.54,0.6563,0,0,0,grocery,card,0
3452,21.0,28609.1,171.39,2963,1,0,0.1258,7.96,0.7164,0,0,7,electronics,upi,0
3453,43.0,189122.77,65.69,491,2,0,0.2846,0.31,0.5772,0,0,8,electronics,upi,0
3454,37.0,188331.73,431.78,1636,10,0,0.2211,0.25,0.8251,0,0,23,grocery,upi,1
3455,64.0,135005.83,1008.28,2824,4,1,0.1934,7.88,0.8977,0,0,16,grocery,upi,0
3456,67.0,110924.15,74.2,57,3,0,0.2081,4.09,0.8816,0,0,6,food,upi,0
3457,60.0,52500.97,187.21,429,4,0,0.1401,16.43,0.5547,0,0,8,electronics,upi,0
3458,19.0,104473.54,535.45,2585,3,0,0.1632,3.46,0.7931,0,0,13,fashion,wallet,0
3459,65.0,52166.27,202.01,2271,3,0,0.2477,7.22,0.8019,0,0,15,travel,card,0
3460,40.0,23403.8,31.36,2837,1,1,0.0817,0.35,0.6581,0,1,17,gaming,card,0
3461,41.0,125724.62,280.44,1882,5,0,0.0273,6.13,0.9473,1,0,14,jewelry,card,0
3462,71.0,102328.34,67.64,3610,2,0,0.4162,6.73,0.8416,0,0,19,gaming,card,0
3463,67.0,,50.51,528,5,1,0.3658,1.66,0.796,0,0,17,food,upi,1
3464,20.0,28035.79,31.98,643,8,0,0.2882,10.57,0.9024,0,0,7,food,upi,0
3465,38.0,39842.05,591.92,2552,1,1,0.2445,3.35,0.7931,0,0,10,food,upi,0
3466,60.0,20200.41,78.12,3432,1,0,0.5396,4.49,0.8705,0,0,8,food,card,0
3467,48.0,92492.51,251.21,120,1,0,0.2343,0.61,0.9447,0,0,23,grocery,,0
3468,,22771.58,321.15,2843,4,2,0.0775,27.28,0.9137,0,0,3,electronics,wallet,0
3469,47.0,64398.49,211.62,3891,5,1,0.1102,0.98,0.8362,0,0,11,electronics,card,0
3470,67.0,34580.91,242.14,2267,4,0,0.1814,13.15,0.7531,0,0,1,electronics,wallet,0
3471,30.0,25094.44,263.49,3329,3,0,0.2616,2.34,0.8322,0,0,8,jewelry,upi,0
3472,60.0,62704.2,206.66,1069,2,1,0.2378,0.73,0.8752,1,0,11,food,net_banking,0
3473,,45775.25,84.17,3225,4,0,0.4443,0.7,0.7982,0,0,20,gaming,card,0
3474,68.0,87211.59,76.99,1847,3,0,0.01,0.2,0.887,0,1,21,electronics,card,0
3475,34.0,27389.24,162.06,1215,3,1,0.1689,6.71,0.7636,0,0,5,travel,upi,0
3476,30.0,36263.44,158.66,817,1,0,0.0417,8.95,0.7855,0,1,15,electronics,card,0
3477,49.0,15000.0,276.52,3415,2,0,0.085,29.35,0.7854,0,1,23,grocery,,0
9834,60.0,55081.04,244.98,2570,4,0,0.215,13.57,0.939,0,0,17,,card,0
3479,,147870.81,253.88,3160,5,0,0.2856,25.78,0.9293,0,1,8,grocery,wallet,0
3480,62.0,173003.57,80.0,2823,4,1,0.2426,4.32,0.8065,0,0,12,food,wallet,0
2880,73.0,40830.25,59.86,1038,6,0,0.0807,4.61,0.8821,0,0,1,grocery,wallet,0
3482,32.0,34960.8,83.43,790,4,0,0.2765,1.17,0.9541,0,0,4,travel,upi,0
3483,63.0,46673.95,46.92,2601,5,0,0.1655,11.77,0.7605,0,0,3,fashion,upi,0
3484,,88925.5,86.71,1032,4,0,0.149,24.33,0.8904,0,0,18,travel,card,0
3485,41.0,41447.15,229.35,2602,1,0,0.1677,2.55,0.8669,0,0,15,electronics,card,0
3486,19.0,62679.34,195.85,3607,4,0,0.1127,6.01,0.8331,0,0,11,food,upi,0
3487,37.0,54615.48,1154.17,3003,3,0,0.192,3.24,0.7064,0,0,5,food,upi,0
3488,72.0,40224.9,291.79,1902,5,0,0.2802,0.96,0.8664,0,0,10,fashion,card,0
3489,43.0,41178.95,1214.54,3638,9,1,0.1273,0.43,0.9274,0,0,16,fashion,upi,1
3490,,64628.77,368.0,2217,3,0,0.1244,16.79,0.8805,1,0,21,grocery,card,0
3491,24.0,32138.18,533.08,1895,7,0,0.1764,1.21,0.7081,0,0,14,food,wallet,0
3492,54.0,70512.1,125.72,3835,5,2,0.123,10.99,0.8572,0,0,1,fashion,upi,1
3493,39.0,42434.63,61.46,1360,2,0,0.1049,6.59,0.8418,0,0,22,electronics,card,0
3494,60.0,58991.02,114.89,851,3,0,0.4158,6.86,0.8621,0,0,20,food,card,0
3495,70.0,117743.98,177.88,581,5,1,0.1159,1.69,0.9501,0,0,1,gaming,upi,0
3496,48.0,50140.42,96.04,2519,4,0,0.1892,15.09,0.6781,0,0,23,food,upi,0
3497,23.0,91215.57,66.14,2054,4,0,0.2572,5.29,0.8322,1,0,23,grocery,upi,0
3498,45.0,20526.47,273.09,3102,5,0,0.1236,4.9,0.9543,0,0,11,food,card,0
3499,25.0,42463.02,65.86,612,3,0,0.1772,3.03,0.717,0,0,20,food,card,0
3500,43.0,55843.99,38.84,1298,2,0,0.3016,13.76,0.8062,0,0,18,fashion,card,0
3501,21.0,158406.59,58.61,509,7,0,0.1798,8.42,0.8214,0,0,14,jewelry,upi,0
3502,54.0,,142.39,1256,2,0,0.2522,7.37,0.7413,0,0,7,grocery,card,0
3503,35.0,52165.31,66.82,3842,6,0,0.271,6.11,0.7319,0,0,12,grocery,upi,0
3504,29.0,122549.14,143.29,3590,4,2,0.3674,3.03,0.8217,0,0,12,fashion,upi,0
3505,18.0,35715.04,328.13,1999,7,1,0.1359,8.17,0.8601,0,0,12,jewelry,card,1
3506,68.0,48924.18,319.71,424,2,1,0.083,9.74,0.92,0,0,12,food,card,0
3507,65.0,66008.9,92.96,3979,4,0,0.2365,8.82,0.8825,0,0,13,food,card,0
3508,64.0,60874.41,48.86,654,6,1,0.3934,15.9,0.7876,0,0,3,fashion,card,1
3509,21.0,130126.49,101.22,431,1,0,0.1854,1.62,0.9192,0,0,11,grocery,wallet,0
3510,37.0,70385.96,346.75,1661,6,0,0.0906,8.69,0.8499,0,0,19,electronics,net_banking,0
3511,73.0,114160.83,437.97,3766,2,1,0.2843,2.02,0.9096,0,1,17,grocery,upi,1
3512,50.0,45120.13,256.17,3199,1,0,0.06,11.41,0.9615,0,0,7,electronics,wallet,0
3513,25.0,36599.85,598.48,1457,6,0,0.1844,4.81,0.8895,0,0,7,electronics,card,0
3514,26.0,48578.71,1014.51,1836,3,1,0.1897,6.93,0.9858,0,1,14,food,net_banking,0
3515,32.0,29073.48,111.02,270,4,0,0.3717,0.44,0.9014,0,0,20,travel,wallet,0
3516,73.0,71755.51,795.94,1104,6,1,0.0334,6.31,0.9686,0,0,4,electronics,card,0
3517,27.0,44482.69,138.71,2690,1,1,0.2832,4.34,0.8028,0,0,5,electronics,card,0
3518,69.0,38010.0,499.1,1698,5,0,0.2872,7.32,0.8698,0,0,16,electronics,card,0
3519,56.0,72355.78,365.6,3916,2,0,0.2514,2.05,0.8444,0,0,10,electronics,card,0
3520,70.0,29320.58,24.93,1798,2,0,0.1255,20.66,0.9344,0,0,13,electronics,card,0
3521,65.0,84024.58,68.49,3392,3,0,0.1752,9.71,0.8835,0,0,14,grocery,card,0
3522,36.0,,53.07,2916,6,0,0.4825,15.28,0.8809,0,0,19,travel,upi,0
3523,65.0,104046.32,30.29,2045,6,1,0.4436,1.75,0.9695,0,0,10,electronics,card,0
3524,27.0,44315.19,433.66,3478,8,1,0.3221,2.92,0.7875,1,0,3,grocery,card,0
3525,34.0,77857.75,1424.72,3487,6,1,0.2991,12.25,0.943,0,0,1,travel,card,0
3526,,60709.03,139.11,1305,5,0,0.2174,1.29,0.8239,0,0,11,electronics,card,0
3527,25.0,82804.24,422.89,1135,3,1,0.1441,6.38,0.7973,0,0,18,grocery,card,0
3528,23.0,58428.51,794.4,2842,3,2,0.1464,15.88,0.633,0,0,1,food,net_banking,0
3529,28.0,22031.31,221.69,137,5,1,0.248,7.24,0.5765,1,1,4,grocery,card,1
3530,,95791.09,175.5,2814,6,0,0.1328,0.13,0.8819,0,0,5,food,card,0
3531,39.0,52410.53,140.79,1757,4,1,0.2237,3.18,0.8562,0,1,3,food,card,0
3532,22.0,84907.89,308.13,3074,4,2,0.228,8.75,0.9191,0,1,14,grocery,card,0
3533,21.0,80396.35,431.67,546,5,1,0.2694,2.46,0.7386,0,0,20,jewelry,card,0
3534,74.0,35946.08,285.65,2313,3,0,0.2269,2.48,0.7275,0,0,15,travel,upi,0
3535,22.0,,276.01,2158,5,0,0.0838,15.88,0.8557,0,0,11,grocery,net_banking,0
3536,22.0,78868.23,171.02,88,3,0,0.1357,22.94,0.9435,0,0,2,jewelry,wallet,0
3537,19.0,46550.89,36.6,2112,4,0,0.2484,28.8,0.9004,0,0,7,electronics,wallet,0
3538,25.0,92053.44,441.72,2633,2,0,0.1115,2.08,0.7548,0,1,16,grocery,card,0
3539,48.0,49865.17,49.82,1638,3,0,0.1795,1.74,0.5429,0,0,6,travel,card,0
3540,65.0,96564.25,334.4,2460,2,2,0.2246,1.26,0.7219,0,0,21,grocery,card,0
3541,59.0,69418.31,383.25,1325,1,1,0.0489,0.77,0.7252,0,0,13,jewelry,card,0
3542,51.0,64439.03,57.54,2457,2,0,0.1087,1.2,0.9324,0,0,18,food,card,0
3543,22.0,44773.97,98.02,996,4,0,0.4098,2.54,0.5519,0,0,7,electronics,upi,0
3544,62.0,62500.11,1501.82,1146,4,0,0.1779,20.23,0.8111,0,1,18,gaming,card,0
3545,20.0,105996.09,166.25,311,2,0,0.05,13.45,0.9343,0,0,6,jewelry,card,0
3546,53.0,53384.19,53.13,418,4,0,0.3188,5.3,0.8758,0,0,3,grocery,card,0
3547,41.0,73661.42,400.95,563,4,0,0.1772,3.56,0.9822,0,0,23,grocery,card,0
3548,68.0,56420.42,83.12,781,4,0,0.4422,2.18,0.9219,0,0,16,gaming,upi,0
3549,35.0,58901.43,26.38,2883,3,0,0.1665,8.48,0.7117,0,0,5,grocery,upi,0
3550,54.0,141912.28,302.7,888,3,1,0.2148,0.82,0.8493,0,0,0,travel,upi,0
3551,43.0,,71.98,1440,8,1,0.1344,0.78,0.8985,0,0,0,electronics,card,0
3552,47.0,57455.19,248.18,719,8,0,0.0392,0.59,0.7927,0,0,22,food,card,0
3553,71.0,61885.32,79.86,1713,6,1,0.2648,6.12,0.6777,1,0,17,fashion,upi,0
3554,58.0,37386.3,365.1,1000,3,0,0.4183,0.85,0.6509,0,0,2,fashion,card,0
3555,41.0,50008.79,216.25,1335,4,0,0.1486,4.26,0.57,0,1,12,food,net_banking,0
3556,43.0,65202.77,13.51,302,2,0,0.0965,10.3,0.5826,0,0,22,jewelry,upi,0
3557,58.0,87809.58,263.74,2034,8,0,0.2163,6.87,0.9145,1,0,20,jewelry,upi,1
3558,37.0,83046.83,134.72,1099,2,0,0.1055,3.88,0.8446,0,1,9,grocery,card,0
3559,27.0,29881.53,742.24,2615,6,0,0.0554,4.03,0.8038,0,0,0,food,card,0
3560,,94129.71,267.24,3991,5,0,0.1083,4.54,0.7634,0,0,9,travel,card,0
3561,21.0,52379.1,383.41,1956,5,2,0.1391,4.05,0.8305,1,0,17,food,upi,0
3562,27.0,31960.09,88.45,2060,3,0,0.4028,5.45,0.7973,0,0,21,food,upi,0
3563,41.0,114702.84,81.69,3326,4,0,0.0424,3.55,0.9499,0,0,3,grocery,card,0
3564,63.0,122994.13,175.44,1397,2,0,0.113,8.1,0.9328,0,0,21,food,wallet,0
3565,62.0,63586.04,125.5,590,8,0,0.3422,9.27,0.8283,0,1,17,fashion,card,1
3566,32.0,81220.66,686.06,2890,3,0,0.1272,0.47,0.981,0,0,1,electronics,net_banking,0
3567,42.0,83883.61,154.41,2609,7,0,0.3362,6.15,0.7455,0,0,8,gaming,card,0
3568,26.0,118511.25,52.89,1893,7,1,0.4398,5.55,0.9031,0,0,0,electronics,card,0
3569,61.0,82086.28,78.68,1565,4,1,0.0564,19.83,0.8346,0,0,18,electronics,upi,0
3570,32.0,26498.94,472.49,147,7,0,0.3855,10.22,0.9451,0,0,18,electronics,card,1
3571,63.0,166122.83,152.28,2241,7,1,0.226,0.04,0.8122,0,0,5,food,card,1
3572,65.0,98834.28,144.35,2203,4,0,0.1282,6.28,0.7459,0,0,19,fashion,upi,0
3573,57.0,41558.2,519.64,2077,2,0,0.0553,8.43,0.8143,0,0,15,gaming,net_banking,0
3574,36.0,31219.39,72.11,1237,2,1,0.295,7.64,0.8567,0,0,4,food,card,0
3575,72.0,,19.26,632,5,1,0.0851,14.08,0.801,0,0,10,grocery,card,0
3576,57.0,47195.1,76.71,2297,2,1,0.2103,3.7,0.7802,1,0,22,grocery,card,0
3577,54.0,65945.63,229.3,2491,7,0,0.2525,2.11,0.8542,0,0,19,travel,card,0
3578,66.0,82781.69,140.25,717,1,2,0.3882,5.98,0.636,0,0,3,food,wallet,0
3579,68.0,40277.39,37.81,508,5,0,0.2364,5.22,0.8118,0,0,4,travel,card,0
3580,22.0,29769.18,497.21,1945,8,0,0.3678,0.33,0.9424,0,0,20,food,card,0
3581,68.0,68001.74,211.97,220,4,1,0.3118,7.38,0.8047,0,0,1,food,net_banking,0
3582,61.0,41016.31,265.59,798,5,1,0.234,0.05,0.5036,1,0,7,gaming,net_banking,1
3583,29.0,59601.81,273.85,2556,6,0,0.0778,9.26,0.6859,0,0,13,fashion,card,0
3584,35.0,26272.0,49.13,1216,8,0,0.0958,7.48,0.7794,0,0,12,food,upi,0
3585,60.0,47876.88,243.68,1858,4,0,0.1172,11.76,0.9559,0,0,7,gaming,wallet,0
3586,30.0,81496.23,446.04,2758,3,0,0.23,5.81,0.5848,0,0,4,gaming,upi,0
3587,43.0,76753.28,562.99,731,4,1,0.3298,1.76,0.7824,0,0,5,fashion,upi,0
8929,55.0,40802.49,113.17,1629,3,0,0.2252,2.17,0.7609,0,0,11,jewelry,card,0
3589,,28927.36,300.69,1210,1,0,0.1239,8.11,0.7724,0,0,5,grocery,net_banking,0
3590,69.0,55478.92,31.68,1686,5,0,0.0366,0.7,0.6572,0,0,22,food,net_banking,0
3591,24.0,,177.33,2252,7,0,0.1926,4.65,0.9158,0,0,11,gaming,wallet,0
3592,34.0,68729.57,69.16,320,5,0,0.3362,12.49,0.9063,0,0,14,,upi,0
3593,74.0,41498.0,648.8,1911,1,0,0.3558,3.63,0.7091,0,0,1,grocery,wallet,0
3594,50.0,64789.05,557.43,2758,10,1,0.2335,12.59,0.9543,0,0,7,food,,1
3595,32.0,125666.14,69.58,3410,4,0,0.1801,21.14,0.8861,0,0,9,grocery,wallet,0
3596,34.0,61569.26,171.91,2169,6,0,0.3498,0.85,0.5647,1,0,5,grocery,card,1
3597,37.0,22400.92,230.78,2514,4,0,0.0852,0.17,0.8898,0,0,4,electronics,card,0
3598,49.0,61503.46,443.08,3260,4,0,0.217,0.06,0.9959,0,0,18,fashion,card,0
3599,34.0,169272.45,33.69,2917,2,0,0.0663,4.76,0.8005,0,0,12,travel,upi,0
3600,53.0,27092.81,19.75,2154,3,0,0.3649,0.37,0.6981,0,0,20,jewelry,upi,0
3601,43.0,55906.56,187.0,2278,4,1,0.0562,3.57,0.9052,1,0,19,jewelry,wallet,0
3602,52.0,48562.36,14.32,3977,11,0,0.4857,15.17,0.8867,1,0,3,,wallet,0
3603,26.0,57978.3,210.93,3035,3,1,0.1308,4.36,0.9017,1,0,9,food,wallet,0
6811,64.0,75330.29,103.75,3211,5,1,0.147,15.82,0.7325,1,0,8,food,net_banking,1
3605,70.0,102957.65,619.58,1831,3,1,0.4655,7.81,0.7648,0,0,6,travel,card,0
3606,25.0,57625.43,96.58,2976,3,0,0.1372,10.8,0.624,0,1,13,food,upi,0
3607,36.0,111032.83,211.48,2102,5,0,0.235,3.07,0.9536,0,0,3,electronics,upi,0
6632,21.0,65147.86,289.98,2634,4,0,0.0118,19.99,0.8018,0,0,19,grocery,card,0
3609,53.0,45365.77,55.55,2445,4,0,0.1029,0.65,0.6777,0,0,16,travel,wallet,0
3610,56.0,38064.52,449.58,1522,3,1,0.1628,6.99,0.9189,0,0,7,grocery,wallet,0
3611,49.0,20245.56,236.82,2722,7,1,0.2824,23.04,0.78,1,0,7,electronics,upi,0
3612,56.0,64008.31,98.25,2934,7,0,0.075,8.54,0.8247,0,0,17,food,card,1
3613,,170210.06,207.34,3595,1,0,0.5167,10.38,0.6389,0,0,11,fashion,,0
3614,22.0,70764.87,156.59,3823,5,0,0.3884,2.82,0.9124,0,0,8,electronics,net_banking,0
3615,60.0,80241.77,392.69,2854,6,1,0.1689,10.06,0.9689,0,0,21,electronics,card,0
3616,43.0,43823.31,125.52,3029,6,0,0.2568,6.03,0.9082,0,0,6,fashion,card,0
3617,20.0,48084.02,225.89,3095,2,1,0.0447,4.78,0.9769,0,0,3,food,card,0
3618,41.0,94527.05,96.74,1340,1,0,0.228,15.22,0.8361,0,0,21,food,card,0
3619,42.0,166021.07,70.46,3664,2,0,0.3411,1.92,0.9527,0,0,13,food,upi,0
3620,22.0,,213.68,2054,0,0,0.2219,4.61,0.7806,0,0,10,food,card,0
3621,74.0,85645.59,73.42,3474,7,0,0.1014,1.75,0.8988,0,0,23,jewelry,upi,1
3622,30.0,56073.65,400.83,892,2,0,0.1659,1.94,0.727,0,0,13,electronics,upi,0
3623,36.0,61724.36,325.44,1261,6,0,0.4001,15.35,0.6577,0,0,22,gaming,card,0
3624,43.0,36339.46,83.75,2492,5,0,0.172,21.48,0.5864,0,0,16,gaming,card,1
3625,65.0,24799.94,222.9,2326,5,1,0.1551,2.31,0.9237,0,1,13,food,card,0
3626,60.0,29594.66,83.37,1628,4,0,0.3941,7.29,0.5773,0,0,17,grocery,wallet,0
3627,61.0,56527.27,36.18,907,5,1,0.1122,1.76,0.5835,0,0,13,electronics,net_banking,0
3628,31.0,46840.0,99.06,935,5,0,0.0909,2.38,0.7444,0,0,10,travel,wallet,0
3629,66.0,24511.45,171.17,2916,6,0,0.201,6.07,0.7966,0,0,21,gaming,card,0
3630,65.0,53882.48,303.19,113,8,1,0.1429,3.12,0.6507,0,0,20,food,card,0
3631,44.0,46163.83,209.02,504,5,1,0.3059,3.03,0.8308,0,1,19,fashion,upi,0
3632,49.0,28854.51,446.14,3703,2,0,0.1674,29.35,0.9168,0,0,14,grocery,upi,0
8848,31.0,153255.73,229.64,2207,7,0,0.308,3.96,0.7851,0,1,12,travel,card,0
3634,61.0,46099.82,123.5,342,7,0,0.2195,6.38,0.8252,0,0,12,fashion,card,0
3635,72.0,39180.64,931.99,595,4,0,0.2888,1.74,0.8006,0,0,7,gaming,wallet,0
3636,44.0,91560.67,26.1,1337,2,2,0.6366,5.64,0.8311,1,0,12,grocery,card,1
3637,48.0,19312.21,114.55,2356,2,1,0.3173,1.97,0.8911,1,0,3,food,card,0
3638,46.0,18451.46,61.65,786,2,0,0.2477,7.84,0.7247,0,0,1,jewelry,net_banking,0
3639,22.0,55099.48,148.05,3929,2,1,0.4165,13.88,0.9012,0,0,8,food,card,0
3640,53.0,57986.09,116.57,1991,3,0,0.3195,13.68,0.918,0,1,6,fashion,upi,0
3641,59.0,68693.29,328.69,2162,6,0,0.3643,2.36,0.5313,0,0,12,fashion,upi,1
3642,70.0,40890.5,232.4,803,3,1,0.1375,5.71,0.9247,0,0,22,travel,wallet,0
3643,70.0,33197.52,48.78,1251,6,0,0.205,23.92,0.7562,0,0,10,gaming,upi,0
3644,46.0,54779.13,99.96,2952,3,1,0.1905,10.64,0.7127,0,1,3,,upi,0
3645,72.0,43140.63,179.98,2541,4,0,0.1451,5.54,0.7209,0,0,6,food,card,0
3646,48.0,129078.72,377.03,922,3,0,0.167,13.02,0.8151,0,0,16,,upi,0
3647,54.0,46016.88,2050.65,1782,3,0,0.0707,21.44,0.8771,0,0,11,food,upi,0
3648,52.0,53414.45,363.49,766,3,1,0.2815,10.35,0.7327,0,0,6,grocery,upi,0
3649,74.0,,65.4,1647,3,2,0.0795,5.65,0.6758,0,0,16,jewelry,upi,0
3650,60.0,49413.07,163.88,891,5,0,0.192,21.14,,0,0,9,grocery,card,0
3651,24.0,74680.53,215.71,3919,3,0,0.2071,0.83,0.8624,0,0,9,food,card,0
3652,22.0,78476.83,107.08,1211,3,0,0.1418,0.09,0.9056,0,0,18,grocery,card,0
3653,41.0,82236.9,288.07,1910,3,1,0.1177,2.75,0.8976,0,0,15,grocery,card,0
3654,47.0,64492.64,18.57,2578,3,0,0.1055,2.98,0.8738,0,0,13,jewelry,upi,1
3655,56.0,61187.67,312.97,192,6,0,0.2151,5.46,0.9242,0,0,15,food,net_banking,0
3656,45.0,58120.42,111.78,862,3,0,0.2298,8.7,0.8074,0,0,19,gaming,upi,0
3657,47.0,40066.34,161.3,3956,10,1,0.1621,11.77,0.5937,0,0,16,fashion,card,1
3658,70.0,65783.47,779.52,2796,2,0,0.0966,3.94,0.7288,0,0,20,electronics,upi,0
3659,37.0,167852.97,50.98,990,6,0,0.0725,7.26,0.7718,0,0,3,electronics,net_banking,0
3660,46.0,107040.6,236.44,1737,2,0,0.1901,6.5,0.7565,0,1,12,grocery,card,0
3661,49.0,65006.55,398.17,3433,5,0,0.0571,1.67,0.8941,0,0,23,grocery,upi,0
3662,44.0,88061.86,213.43,812,6,1,0.099,2.57,0.8799,0,1,7,travel,upi,0
3663,73.0,34099.63,35.83,1216,6,0,0.1448,2.31,0.6066,0,0,17,food,wallet,0
3664,72.0,47658.05,694.61,982,3,0,0.046,7.8,0.8819,0,0,23,travel,net_banking,0
3665,47.0,92633.48,145.71,2669,5,1,0.2553,2.3,0.8421,0,0,23,grocery,upi,0
3666,43.0,124620.75,106.21,2123,3,0,0.0871,10.51,0.8056,0,0,5,travel,upi,0
3667,51.0,35994.16,131.96,2017,6,0,0.367,0.92,0.8973,0,1,10,gaming,card,0
3668,28.0,42155.27,122.83,1533,6,0,0.0539,9.8,0.7728,0,1,15,gaming,card,1
3669,42.0,182562.01,54.75,1332,4,1,0.1261,37.85,0.7605,0,0,20,electronics,upi,0
3670,30.0,57990.36,212.28,2069,3,0,0.128,4.39,0.7019,0,0,18,electronics,card,0
3671,26.0,149932.06,99.06,3202,5,0,0.0501,2.74,0.8605,0,0,23,electronics,net_banking,0
3672,23.0,61627.28,352.08,3255,6,0,0.2538,0.52,0.8004,0,0,9,grocery,upi,0
3673,51.0,62974.65,302.04,3144,6,0,0.1393,46.04,0.7179,0,0,15,fashion,card,0
3674,18.0,46493.53,914.73,211,2,0,0.0795,1.22,0.8674,0,0,18,electronics,upi,0
3675,,92364.11,145.67,1975,6,0,0.3981,6.63,0.8143,0,0,5,jewelry,upi,0
3676,42.0,116060.41,80.62,1592,1,0,0.1298,2.88,0.8682,0,0,7,gaming,card,0
3677,38.0,31127.2,41.4,3742,5,0,0.3492,2.57,0.7211,1,1,7,electronics,upi,1
3678,61.0,45308.08,1613.72,1679,6,1,0.119,5.89,,0,0,8,grocery,upi,0
3679,,90978.79,349.0,1009,5,1,0.2794,13.9,0.7674,0,0,9,fashion,wallet,0
3680,59.0,51217.51,90.07,1026,6,0,0.2622,5.73,0.6958,0,1,3,travel,upi,0
3681,58.0,41928.73,978.59,803,4,1,0.2805,9.15,0.6415,0,0,21,grocery,card,0
3682,19.0,95830.53,698.63,1784,4,0,0.3075,0.3,0.9126,0,0,7,jewelry,upi,0
3683,30.0,100910.34,46.6,1078,2,0,0.373,12.33,0.7223,0,0,9,food,card,0
3684,50.0,42949.72,84.73,2279,6,0,0.5223,12.65,0.775,0,0,7,grocery,card,0
3685,73.0,61814.3,157.69,946,3,0,0.1086,17.1,0.7909,0,0,18,grocery,net_banking,0
3686,26.0,28294.63,61.74,2352,1,0,0.3833,20.99,0.7288,1,0,13,food,upi,0
3687,24.0,33609.83,163.43,2474,3,0,0.1385,9.0,0.8876,0,0,2,grocery,net_banking,0
3688,71.0,58887.22,366.84,2689,6,2,0.2071,5.02,0.8653,0,0,3,food,upi,1
3689,73.0,55958.31,45.59,3533,4,0,0.1342,10.53,0.3814,0,1,17,electronics,upi,0
3690,27.0,32315.64,241.28,334,4,0,0.3163,0.36,0.7143,0,1,22,gaming,card,0
3691,40.0,37097.42,579.09,240,3,0,0.3963,37.7,0.7498,0,1,0,food,wallet,0
3692,53.0,30617.1,268.59,1856,7,0,0.3135,3.03,0.6133,0,0,5,food,card,0
3693,29.0,70641.38,166.89,2078,1,1,0.279,0.03,0.5916,0,0,20,jewelry,card,0
3694,36.0,,92.28,3037,1,0,0.4189,9.46,0.7794,0,0,12,jewelry,card,0
3695,40.0,31530.83,413.15,930,4,0,0.282,1.82,0.897,1,0,21,grocery,card,0
3696,54.0,19741.35,55.48,1836,1,0,0.2283,0.99,0.8914,0,0,8,fashion,card,0
3697,35.0,69254.94,229.46,2456,1,1,0.0183,9.27,0.7755,0,0,6,fashion,card,0
3698,41.0,20406.02,184.65,2636,8,0,0.0831,7.49,0.7359,0,0,0,electronics,wallet,0
3699,34.0,55968.23,554.78,2185,0,1,0.3788,1.12,0.8883,0,0,11,electronics,card,0
3700,61.0,135513.52,100.51,2374,6,0,0.2383,6.22,0.8924,0,0,23,food,wallet,1
3701,26.0,138064.63,109.42,681,5,2,0.1402,1.05,0.8793,0,0,20,fashion,card,1
3702,31.0,20370.42,51.99,1874,3,0,0.1742,0.46,0.6693,0,0,12,gaming,net_banking,0
3703,32.0,64809.91,278.73,2179,1,0,0.3347,7.39,0.9105,0,1,19,grocery,upi,0
3704,69.0,31925.31,117.82,343,6,0,0.1311,0.41,0.7934,0,0,18,jewelry,upi,0
3705,71.0,28534.34,76.01,3875,1,0,0.1145,3.69,0.8941,0,0,12,grocery,card,0
3706,46.0,51672.45,83.61,2543,0,0,0.2053,3.25,0.6696,1,0,11,food,card,0
3707,26.0,108082.34,307.99,2879,1,0,0.2045,1.87,0.8213,0,0,8,gaming,wallet,0
3708,61.0,76488.89,59.74,2152,5,0,0.4009,6.01,0.5145,0,0,18,electronics,card,1
3709,46.0,37114.42,65.29,3724,2,1,0.0428,20.09,0.9242,0,0,0,travel,upi,0
3710,66.0,81052.89,441.12,52,1,0,0.1091,1.28,0.7544,0,0,13,electronics,card,0
3711,38.0,16011.28,152.45,3833,4,0,0.278,5.56,0.9796,0,1,18,grocery,card,0
3712,74.0,36350.68,467.97,851,6,0,0.0485,1.83,0.6289,0,1,15,fashion,card,1
3713,63.0,34959.59,125.66,3541,3,0,0.0745,10.48,0.9238,0,1,23,fashion,card,0
3714,30.0,57420.97,179.8,273,1,0,0.0272,11.04,0.8123,0,0,10,grocery,card,0
3715,59.0,49194.3,210.45,1271,2,0,0.2116,4.04,0.8702,0,0,21,fashion,upi,0
3716,34.0,50882.76,720.71,2293,3,0,0.0608,20.67,0.6684,0,0,17,electronics,card,0
3717,37.0,49960.74,664.36,2640,3,0,0.3981,28.28,0.9275,0,0,17,grocery,upi,1
3718,32.0,55682.01,570.32,90,1,0,0.2224,12.4,0.8864,0,0,19,electronics,upi,0
3719,56.0,74025.17,95.98,1454,7,0,0.1403,21.64,0.8699,0,0,19,electronics,card,0
3720,32.0,59707.95,67.1,3374,4,0,0.3662,1.3,0.8445,0,0,22,grocery,card,0
3721,54.0,47037.24,385.19,756,2,0,0.1076,18.22,0.8101,0,0,3,gaming,card,0
3722,51.0,68600.15,713.17,3791,2,0,0.3715,8.78,0.6575,0,0,9,travel,upi,0
3723,60.0,86634.76,575.81,2849,2,0,0.1705,4.5,0.6071,0,0,9,food,card,0
3724,,40508.79,182.36,3903,3,1,0.1255,0.1,0.9193,0,0,23,grocery,card,0
3725,18.0,53232.1,372.7,3616,6,0,0.0611,0.02,0.7705,0,0,7,electronics,card,0
3726,74.0,104207.26,379.31,929,6,0,0.1714,9.46,0.9129,0,1,10,electronics,card,1
3727,24.0,29988.53,208.91,3766,1,0,0.3626,8.11,0.8631,0,0,12,electronics,card,0
3728,48.0,148401.2,218.18,1995,5,0,0.2468,8.5,0.8124,0,0,11,food,upi,0
3937,47.0,42963.43,101.5,2666,2,1,0.0507,16.85,0.6961,0,0,11,grocery,upi,0
3730,54.0,45485.0,81.85,3567,7,0,0.1668,4.23,0.7728,0,0,6,grocery,card,0
3731,59.0,32613.58,90.64,1897,7,1,0.143,10.49,0.8626,1,0,12,,net_banking,0
3732,67.0,183220.99,89.25,2758,4,1,0.1507,11.57,0.8551,0,0,13,food,card,0
3733,40.0,41699.56,36.37,2451,6,0,0.1601,1.44,0.7655,0,0,8,grocery,upi,0
3734,71.0,41757.14,207.64,1216,2,0,0.2826,8.82,0.9026,0,0,0,grocery,card,0
3735,36.0,44854.39,172.84,3932,0,0,0.4065,22.17,0.792,1,0,8,travel,upi,0
3736,29.0,57969.37,385.65,3340,11,0,0.2758,5.31,0.8608,0,0,5,grocery,upi,1
3737,39.0,45910.33,635.03,2130,6,0,0.176,13.63,0.8847,0,0,9,grocery,card,0
3738,48.0,51123.56,676.72,2308,0,0,0.2563,11.96,,0,0,17,fashion,card,0
3739,56.0,15000.0,743.54,306,4,0,0.0796,4.95,0.7662,0,0,7,electronics,net_banking,0
3740,65.0,56756.55,84.43,2928,5,0,0.3897,4.75,0.9017,0,0,9,jewelry,upi,0
3741,30.0,55541.3,42.99,3641,7,0,0.2958,12.11,0.7267,0,0,23,food,net_banking,1
3742,35.0,97372.71,456.55,3878,2,0,0.2499,1.69,0.7602,0,0,6,travel,card,0
3743,71.0,112991.96,717.01,2253,1,1,0.1998,2.26,0.9237,1,0,14,fashion,wallet,0
3744,43.0,49605.1,853.16,3990,4,0,0.1936,6.16,0.9705,1,0,23,fashion,card,0
3745,31.0,86164.58,292.35,3199,8,0,0.1057,0.85,0.8454,0,0,4,food,upi,0
3746,74.0,30008.19,24.44,2034,3,0,0.1303,0.78,0.823,0,0,1,electronics,net_banking,0
3747,43.0,83878.68,259.45,3207,3,0,0.1305,13.25,0.902,0,0,20,fashion,,0
3748,74.0,40143.94,313.69,651,3,1,0.0582,2.01,0.7492,0,0,5,grocery,upi,0
3749,70.0,28667.08,629.57,2712,2,1,0.0236,4.89,0.8461,0,0,11,fashion,net_banking,0
3750,69.0,49662.96,751.89,2489,2,0,0.0836,16.79,0.7481,1,0,15,fashion,card,0
3751,51.0,,447.01,1987,4,0,0.5901,3.62,0.7004,0,0,22,gaming,upi,0
3752,63.0,60757.24,100.05,2586,3,1,0.0792,2.9,0.8618,0,1,14,grocery,upi,0
3753,72.0,125261.26,64.32,3412,3,0,0.25,2.55,0.8737,0,0,4,fashion,upi,0
3754,33.0,36435.01,307.02,2301,2,0,0.2852,3.8,0.8651,0,0,2,food,card,1
3755,20.0,97871.1,81.5,1534,4,0,0.0341,3.97,0.6534,0,0,22,travel,card,0
3756,36.0,38422.57,786.89,1705,3,0,0.0494,8.2,0.7415,0,0,3,electronics,upi,0
3757,54.0,62256.56,32.73,2286,2,2,0.1028,10.61,0.9047,0,0,4,gaming,upi,0
3758,49.0,61961.22,317.3,2338,4,0,0.2567,3.43,0.9334,0,0,9,electronics,upi,0
3759,22.0,79134.87,247.77,1274,3,0,0.2538,9.27,0.7382,0,0,14,jewelry,upi,0
3760,49.0,63132.81,146.38,2150,5,0,0.1893,18.1,0.7926,0,0,14,fashion,wallet,0
3761,27.0,36626.85,71.37,1171,1,2,0.3394,6.07,0.8223,1,0,13,fashion,wallet,0
3762,46.0,89255.41,22.9,3780,3,1,0.2454,1.26,0.8553,0,0,17,food,net_banking,0
3763,50.0,142557.34,105.8,2152,3,0,0.0489,2.56,0.6014,0,0,12,travel,upi,0
3764,54.0,39894.61,107.67,3355,2,0,0.0212,1.99,0.7469,0,0,14,jewelry,card,0
3765,41.0,20044.51,547.13,1536,6,0,0.1277,12.04,0.8542,0,0,3,electronics,card,0
3766,41.0,72382.09,82.28,1592,4,0,0.2555,1.31,0.9109,0,0,23,grocery,upi,0
3767,56.0,45841.23,283.08,1175,4,2,0.1779,1.15,0.9481,0,0,8,fashion,net_banking,0
3768,60.0,51173.75,49.44,2296,7,0,0.1832,17.25,0.7037,0,1,22,grocery,card,1
3769,64.0,74681.39,290.97,2476,3,1,0.029,7.56,0.7938,0,0,3,food,upi,0
3770,,42790.55,19.21,2277,2,1,0.433,9.84,0.7956,0,0,9,electronics,upi,0
3771,42.0,47439.95,1463.01,3352,4,0,0.4333,14.75,0.8768,0,0,19,fashion,upi,0
3772,36.0,52053.26,156.32,2057,5,0,0.3519,4.17,0.7695,0,0,13,food,wallet,0
3773,48.0,123432.92,11.01,3289,6,1,0.3339,4.02,0.9078,1,0,8,grocery,wallet,0
3774,25.0,55917.17,87.81,260,3,0,0.0725,8.33,0.9391,0,0,18,jewelry,net_banking,0
3775,42.0,27874.51,74.99,1459,1,0,0.1113,3.23,0.811,0,0,18,jewelry,wallet,0
3776,28.0,28491.34,93.42,2859,4,0,0.1716,2.41,0.6167,0,0,7,electronics,card,0
3777,48.0,59377.16,125.0,1552,2,0,0.0582,22.54,0.9056,0,0,8,grocery,net_banking,0
3778,66.0,29551.89,92.79,2933,3,0,0.0698,14.55,0.8393,0,0,4,electronics,card,0
3779,74.0,23290.98,79.56,2379,9,1,0.2292,13.27,0.9219,0,0,5,food,card,1
3780,43.0,78013.2,56.5,1952,5,0,0.2755,23.8,0.7648,1,0,11,grocery,upi,0
3781,21.0,80142.58,409.42,2244,8,0,0.1294,3.56,0.93,0,0,20,electronics,net_banking,0
3782,30.0,44918.88,598.3,3609,12,0,0.3862,2.47,0.7627,0,0,14,grocery,card,1
3783,23.0,64640.8,139.54,2723,4,0,0.3971,14.24,0.9356,0,0,14,food,card,0
3784,61.0,,176.85,3936,4,1,0.0158,10.0,0.9347,1,0,15,travel,wallet,0
3785,74.0,76605.11,58.36,410,3,1,0.3508,3.89,0.9671,0,0,2,jewelry,card,0
3786,49.0,76703.37,193.25,3257,3,0,0.1672,12.31,0.7569,0,0,16,electronics,upi,0
3787,28.0,15000.0,226.54,3568,4,1,0.0934,11.41,0.7091,0,0,4,grocery,net_banking,1
3788,19.0,48185.53,144.54,3713,1,0,0.1768,14.0,0.8024,0,0,22,fashion,card,0
3789,73.0,73125.74,267.48,2170,1,0,0.2311,21.95,0.8004,0,0,2,fashion,upi,0
3790,36.0,43885.42,245.1,1965,4,0,0.2258,7.59,0.758,0,1,16,jewelry,card,0
3791,24.0,56106.11,62.73,2347,2,0,0.5181,6.67,0.8218,1,0,11,travel,wallet,0
3792,28.0,83114.42,593.48,3659,5,0,0.197,1.07,0.8502,0,1,22,grocery,upi,0
3793,32.0,57503.28,146.25,3471,8,3,0.2106,3.66,0.8792,0,0,21,food,card,1
3794,55.0,126051.29,961.53,3742,5,0,0.1017,44.93,0.6782,0,0,19,fashion,wallet,0
3795,68.0,102224.93,274.07,3877,3,0,0.1402,6.27,0.8873,0,0,2,food,upi,0
3796,33.0,51527.87,1291.93,2505,3,2,0.2935,4.17,,0,0,6,jewelry,wallet,0
3797,57.0,49323.85,583.02,1058,8,0,0.0748,0.14,0.8422,0,0,3,gaming,card,0
3798,21.0,15000.0,225.91,628,3,0,0.1255,18.18,0.9305,0,0,13,food,card,0
3799,18.0,45959.33,87.34,3593,4,0,0.4219,18.69,0.7879,0,1,16,jewelry,card,1
3800,,26128.73,89.25,634,2,2,0.1724,10.94,0.7251,1,0,19,food,wallet,1
3801,70.0,62116.36,306.74,309,8,0,0.1072,14.8,0.7503,0,0,18,fashion,upi,0
3802,51.0,59824.31,207.7,1905,2,1,0.0645,4.3,0.9014,0,0,8,grocery,wallet,0
3803,63.0,80644.76,99.88,2980,4,0,0.2842,3.42,0.7982,1,0,14,food,card,1
3804,19.0,118569.82,414.06,2950,4,0,0.2327,23.63,0.8969,0,0,14,fashion,card,0
3805,19.0,54211.06,187.12,1038,1,0,0.2082,17.47,0.7985,0,0,21,grocery,card,0
3806,66.0,192782.41,416.53,2020,5,0,0.1086,8.33,0.8051,0,0,18,electronics,card,0
3807,23.0,62500.93,67.86,3580,6,0,0.0637,8.99,0.5859,0,1,0,food,net_banking,0
3808,26.0,26754.81,489.03,3205,2,1,0.2239,19.39,0.9579,0,0,12,grocery,upi,0
3809,47.0,40374.31,297.07,3669,3,1,0.1692,14.4,0.8971,0,0,10,travel,,0
3810,52.0,44805.12,596.17,3086,5,1,0.1067,12.05,0.7095,0,0,17,electronics,net_banking,0
3811,31.0,76172.7,478.37,391,3,0,0.3019,0.29,0.8763,0,0,0,grocery,card,0
3812,43.0,32666.36,165.34,838,4,1,0.1858,1.46,0.8342,0,0,13,gaming,upi,0
3813,56.0,46686.1,152.56,701,4,0,0.3324,6.97,0.8536,0,1,9,food,card,0
3814,43.0,50338.04,1070.61,557,3,0,0.3874,47.73,0.8986,0,0,18,fashion,card,1
3815,39.0,42985.67,134.61,3438,9,0,0.0808,9.45,0.9648,1,0,14,grocery,card,0
3816,22.0,85936.76,380.46,2832,6,0,0.3626,1.35,0.5673,0,0,2,electronics,upi,0
3817,43.0,,122.92,3657,2,0,0.0728,0.25,0.8545,0,0,23,food,wallet,0
3818,63.0,104474.72,27.97,1301,7,0,0.0926,3.18,0.5248,0,0,4,grocery,upi,1
3819,53.0,45845.15,52.75,3919,7,0,0.159,3.15,0.76,0,0,3,food,card,0
3820,68.0,106561.61,270.12,3727,2,0,0.2397,4.8,0.921,0,0,1,travel,card,0
3821,25.0,25975.01,362.89,450,7,0,0.1479,0.32,0.9736,0,0,13,food,upi,0
3822,18.0,25628.93,271.01,3477,4,0,0.2617,28.6,0.9532,0,0,15,gaming,upi,0
3823,49.0,28211.85,566.18,469,4,0,0.2441,22.28,0.8737,0,0,10,food,upi,0
3824,,55279.36,266.19,1821,2,1,0.1717,6.85,0.7717,0,0,16,fashion,upi,0
3825,51.0,106552.85,82.91,747,5,0,0.0454,4.37,0.6817,0,0,16,jewelry,upi,0
3826,69.0,39494.25,326.12,2334,9,0,0.1706,15.48,0.5913,0,0,2,gaming,upi,1
3827,37.0,42315.43,213.27,100,5,0,0.0548,8.75,0.7878,0,0,10,food,upi,0
3828,49.0,48838.71,101.23,3393,4,1,0.3301,19.73,0.6541,0,0,19,fashion,upi,0
3829,56.0,75368.44,288.73,1921,7,0,0.1915,0.29,0.8083,0,0,13,grocery,card,0
3830,26.0,42293.75,194.87,3489,8,0,0.1305,3.81,0.9212,0,0,13,fashion,net_banking,0
3831,69.0,41015.66,98.29,1750,4,1,0.0636,32.88,0.993,0,0,10,travel,card,0
3832,29.0,26242.12,150.67,2241,5,0,0.0472,0.13,0.7659,0,0,21,food,upi,0
3833,64.0,40160.61,739.91,2960,2,1,0.1502,6.1,0.8843,0,0,10,travel,upi,0
3834,55.0,105102.61,716.12,3888,5,0,0.1702,29.81,0.845,0,0,1,fashion,net_banking,1
3835,26.0,57820.45,217.26,1515,5,0,0.0628,2.01,0.9685,0,0,15,food,wallet,0
3836,59.0,36613.36,190.61,2098,1,0,0.2488,7.77,0.8368,0,0,15,grocery,net_banking,0
3837,29.0,108550.16,42.94,1317,7,1,0.1269,13.88,0.7007,0,0,22,jewelry,upi,0
3838,,39863.69,1004.58,193,5,0,0.1982,4.03,0.9391,1,0,3,electronics,upi,0
3839,72.0,120098.08,507.4,3496,3,0,0.1186,2.31,0.6456,0,0,4,gaming,card,0
3840,72.0,119023.03,381.8,2263,4,0,0.0629,0.8,0.9936,0,0,1,grocery,net_banking,0
3841,67.0,56720.72,18.51,1508,4,0,0.5134,1.88,0.7266,0,0,14,food,wallet,0
3842,46.0,24122.16,187.52,3114,10,0,0.0691,2.85,0.7023,0,1,7,electronics,card,1
3843,49.0,193748.03,158.51,3280,7,0,0.1039,11.96,0.9416,0,0,10,electronics,card,0
3844,35.0,68056.28,356.3,3940,5,1,0.1192,11.64,0.8861,1,1,15,grocery,upi,0
3845,70.0,46025.49,114.65,1764,2,0,0.1101,30.17,0.5728,0,0,4,jewelry,upi,0
3846,45.0,93056.19,142.77,448,7,0,0.0681,0.49,0.9148,0,0,19,electronics,wallet,0
3847,61.0,80931.22,334.41,1956,5,1,0.0266,2.04,0.7904,0,0,22,grocery,upi,0
3848,38.0,113108.7,83.04,1778,1,1,0.2854,13.19,0.764,1,0,14,grocery,card,0
3849,60.0,38207.88,101.38,853,1,0,0.0677,10.09,0.8421,0,0,3,,card,0
3850,30.0,65529.05,218.39,2359,5,0,0.2276,3.02,0.9272,0,0,11,travel,upi,0
3851,59.0,,686.39,1674,1,1,0.1731,2.51,0.8419,0,0,19,electronics,net_banking,0
3852,,79345.93,404.0,3529,5,0,0.1268,16.75,0.7902,0,0,6,jewelry,card,0
3853,23.0,54310.26,527.61,219,4,0,0.217,7.79,0.6892,0,0,6,grocery,card,0
3854,38.0,,191.77,2872,4,0,0.123,2.99,0.757,0,0,13,electronics,upi,0
3855,45.0,50746.41,802.74,2419,1,0,0.1189,8.57,,0,0,19,electronics,wallet,0
3856,58.0,47908.33,31.56,948,9,0,0.3488,18.93,0.8214,0,0,14,grocery,upi,1
3857,38.0,34117.35,1359.94,1429,1,0,0.19,0.24,0.668,0,0,20,fashion,net_banking,0
3858,19.0,84950.59,1548.0,3441,6,0,0.2977,14.55,0.7792,0,0,1,grocery,wallet,0
3859,36.0,124794.75,284.17,1475,3,1,0.106,0.59,0.8451,0,0,21,grocery,card,0
3860,43.0,40494.48,413.73,2667,3,0,0.3118,3.75,0.567,0,1,23,grocery,card,0
3861,48.0,74573.15,173.29,2064,2,0,0.3645,0.92,0.8941,0,0,17,food,upi,0
3862,54.0,69758.14,145.97,3583,4,1,0.0628,12.25,0.9364,0,0,10,grocery,card,0
3863,32.0,55245.51,97.72,2652,5,0,0.063,7.79,0.532,0,0,14,travel,upi,0
3864,52.0,23752.92,171.39,3342,3,0,0.403,9.06,0.8909,1,0,16,jewelry,net_banking,0
3865,54.0,26881.94,313.84,3617,3,0,0.1969,8.21,0.6277,0,0,21,grocery,card,0
3866,62.0,35794.46,273.92,543,7,0,0.0819,1.31,,0,0,22,food,upi,0
3867,47.0,16960.39,1312.33,3339,5,0,0.3191,5.39,0.8318,0,0,2,travel,card,0
3868,64.0,119312.98,198.99,3843,3,0,0.0514,8.06,0.9063,0,0,16,grocery,card,0
3869,30.0,67327.58,40.61,173,5,0,0.1864,3.12,0.9476,0,0,7,electronics,card,0
3870,58.0,54101.1,931.94,1833,5,1,0.0983,1.13,0.8059,1,0,9,grocery,card,0
3871,20.0,16489.16,53.09,1041,5,1,0.1614,15.34,0.9076,0,0,7,fashion,card,0
3872,23.0,20170.16,102.88,3930,4,1,0.13,30.37,0.7296,0,0,14,grocery,card,0
3873,67.0,54929.22,236.2,1427,4,0,0.5984,1.39,0.8615,0,0,13,fashion,upi,0
3874,45.0,162569.02,273.18,772,3,0,0.1725,7.14,0.7354,0,0,12,electronics,upi,0
3875,53.0,37452.7,42.42,409,4,1,0.1221,9.31,0.7172,1,0,14,fashion,wallet,0
3876,52.0,88448.64,85.33,3179,6,1,0.3685,1.9,0.9581,0,0,8,grocery,card,1
3877,57.0,42240.81,40.94,263,3,1,0.1013,3.33,0.8607,0,0,0,electronics,wallet,0
3878,31.0,56696.63,335.18,1240,9,0,0.1698,0.09,0.7957,0,0,2,travel,upi,0
3879,28.0,107276.47,587.77,2230,3,1,0.2169,9.59,0.7355,0,1,21,jewelry,wallet,0
3880,20.0,45470.32,53.04,207,4,0,0.4197,1.66,0.6907,0,0,18,food,net_banking,0
3881,67.0,37629.02,487.17,723,1,0,0.14,1.69,0.507,0,0,23,food,upi,0
3882,30.0,119973.63,456.57,3976,2,1,0.093,11.84,0.8619,1,0,21,food,wallet,0
3883,50.0,56395.53,93.12,1847,5,2,0.1349,4.28,0.972,0,1,12,electronics,card,1
3884,43.0,100232.85,24.79,1235,7,1,0.2304,2.41,0.9375,0,1,0,gaming,card,1
3885,27.0,37729.65,61.66,3483,2,0,0.2517,5.8,0.9548,0,0,21,grocery,upi,0
3886,41.0,119223.99,99.26,349,2,1,0.1696,0.55,0.8472,0,0,6,fashion,upi,0
3887,22.0,63932.52,841.03,1078,2,1,0.0993,0.89,0.8985,0,0,13,electronics,upi,0
3888,28.0,69858.12,159.92,3446,3,0,0.0974,6.51,0.899,0,0,16,travel,upi,0
3889,,59129.46,65.77,3019,4,1,0.0338,2.49,0.7704,0,0,20,grocery,upi,0
3890,64.0,41650.86,208.68,1745,0,0,0.2017,9.68,0.8203,0,0,21,travel,upi,0
3891,50.0,54949.12,49.28,3923,5,0,0.0762,1.43,0.9328,0,0,13,food,upi,0
3892,70.0,43116.62,301.06,2318,3,1,0.3221,6.3,0.6491,0,0,15,grocery,upi,0
3893,42.0,93231.3,67.71,2989,3,0,0.3387,0.59,0.5822,0,0,20,fashion,wallet,1
3894,,49188.1,78.29,3939,2,0,0.3136,13.42,0.7897,0,0,2,electronics,card,0
3895,52.0,24149.27,262.03,2032,5,1,0.3373,9.66,0.9313,0,0,22,travel,upi,0
3896,70.0,21837.97,1036.07,1938,1,0,0.055,27.34,0.7786,0,0,13,grocery,card,0
3897,48.0,21277.25,1620.91,2664,4,0,0.2582,0.67,0.5804,0,0,3,electronics,wallet,0
3898,19.0,,63.63,296,8,0,0.1488,12.25,0.7634,0,0,23,jewelry,wallet,0
3899,35.0,29195.24,99.12,1731,4,1,0.0359,1.79,0.8986,1,0,13,gaming,card,0
3900,70.0,64869.68,301.42,2774,3,0,0.2644,3.15,0.6106,0,0,12,travel,card,0
3901,47.0,59290.5,579.26,1534,7,1,0.1279,21.62,0.7813,0,0,22,food,upi,0
3902,72.0,,20.67,2851,4,1,0.349,1.45,0.7392,0,1,18,fashion,upi,1
3903,47.0,69997.26,196.43,1631,6,0,0.0459,12.82,0.7288,0,0,5,food,card,0
3904,18.0,60003.33,110.59,801,3,0,0.3031,8.15,0.7716,0,1,22,food,net_banking,0
3905,67.0,15000.0,26.28,610,5,1,0.5012,7.44,0.6632,1,0,1,grocery,card,1
3906,61.0,46032.11,47.27,2195,3,0,0.0371,2.35,0.7627,0,0,8,fashion,card,0
3907,58.0,69487.02,102.02,798,5,1,0.0769,2.43,0.8827,0,0,21,electronics,upi,0
3908,73.0,135570.08,190.9,1495,7,0,0.368,29.42,0.8663,1,0,18,grocery,wallet,0
3909,29.0,139057.13,493.27,2094,1,1,0.1035,16.22,0.9522,0,0,20,electronics,net_banking,0
3910,69.0,25987.1,256.55,228,1,1,0.2757,0.93,0.8337,0,0,22,electronics,card,0
3911,31.0,45376.04,464.28,1699,3,0,0.384,6.43,0.825,0,1,7,fashion,card,0
3912,73.0,23242.21,184.88,1267,0,0,0.1022,22.05,0.8767,0,1,15,fashion,wallet,0
3913,28.0,126883.58,88.94,1276,2,0,0.1519,4.78,0.8589,0,0,11,grocery,card,0
3914,49.0,96005.37,149.79,3640,3,2,0.3278,4.16,0.7373,0,0,10,grocery,upi,0
3915,62.0,66696.77,360.85,3701,2,0,0.1772,10.41,0.8897,0,0,4,fashion,card,0
3916,22.0,60261.01,505.49,1221,4,1,0.368,0.05,0.6886,0,1,1,food,net_banking,0
3917,21.0,117528.43,155.26,3527,6,0,0.3953,1.34,0.9111,0,0,2,,upi,0
3918,66.0,107078.48,71.08,915,4,0,0.2969,6.75,0.9604,0,0,5,grocery,net_banking,0
7758,19.0,33650.37,588.29,2379,4,0,0.0961,6.85,0.8289,0,0,15,grocery,net_banking,0
3920,52.0,70704.35,290.31,3765,4,0,0.0421,8.46,0.8387,0,0,19,fashion,upi,0
3921,71.0,45388.45,617.5,433,3,0,0.5015,2.12,0.555,0,0,0,jewelry,net_banking,0
3922,53.0,83868.65,91.3,1547,5,0,0.352,0.65,0.8903,0,0,4,,upi,0
3923,45.0,86155.71,92.31,3225,4,1,0.1938,0.12,0.8468,0,0,21,grocery,wallet,0
3924,41.0,49525.25,383.41,3764,7,0,0.2563,14.41,0.861,0,0,17,grocery,upi,0
3925,54.0,45338.03,119.76,3795,6,0,0.0965,12.09,0.8035,0,0,0,travel,card,0
3926,50.0,102581.28,114.81,3524,8,1,0.1041,3.91,0.7271,0,1,2,grocery,upi,0
3927,46.0,137358.88,630.87,3858,3,0,0.1128,12.55,0.703,0,0,19,fashion,card,0
3928,26.0,36421.73,45.69,1897,7,0,0.1433,13.27,0.7539,0,0,11,food,upi,0
3929,55.0,47583.02,1406.92,1312,3,1,0.0544,9.42,0.5429,0,0,14,electronics,net_banking,0
3930,60.0,66709.43,97.55,1558,2,0,0.1086,0.18,0.8319,0,0,5,electronics,wallet,0
3931,58.0,,428.24,508,1,1,0.0772,2.41,0.8631,0,0,22,fashion,upi,0
3932,,41265.7,161.44,576,4,0,0.4797,5.06,0.7411,0,0,19,gaming,net_banking,1
3933,58.0,154975.89,236.12,3895,3,0,0.5706,3.89,0.9463,0,0,1,electronics,upi,0
3934,59.0,69372.16,138.4,786,3,1,0.1417,2.33,0.7992,0,0,18,travel,card,0
3935,28.0,73669.88,423.92,2476,1,0,0.2106,7.19,0.7722,0,0,11,grocery,upi,0
3936,66.0,144708.22,127.18,952,2,0,0.2246,0.88,0.926,0,0,12,jewelry,card,0
3937,47.0,42963.43,101.5,2666,2,1,0.0507,16.85,0.6961,0,0,11,grocery,upi,0
3938,44.0,52388.95,1103.56,1897,5,0,0.2685,4.0,0.7458,0,0,6,travel,upi,0
3939,59.0,27605.25,185.37,447,3,1,0.059,2.84,0.8369,0,0,18,grocery,card,0
3940,47.0,50025.88,91.58,1507,5,1,0.1362,17.43,0.8833,0,0,14,food,upi,0
3941,49.0,24250.16,40.56,2930,5,2,0.0777,3.13,0.8004,0,0,4,fashion,card,0
3942,35.0,82984.21,1162.74,3207,3,0,0.2513,21.3,0.8178,0,0,12,grocery,upi,0
3943,70.0,69292.13,103.65,1179,6,0,0.0281,46.4,0.9344,0,0,13,grocery,wallet,0
3944,73.0,47226.02,1414.87,1207,3,0,0.1269,3.41,0.7028,0,0,18,food,card,0
3945,25.0,52044.55,268.22,2926,4,1,0.1923,0.07,0.941,0,0,1,fashion,upi,0
3946,59.0,83608.04,207.65,1715,4,0,0.2604,7.54,0.8575,0,1,12,food,net_banking,0
3947,19.0,29448.57,213.32,308,7,0,0.1717,3.9,0.8835,0,0,20,electronics,upi,0
3948,39.0,61536.19,1650.62,517,5,1,0.0948,5.68,,0,1,1,jewelry,wallet,1
3949,73.0,80807.0,20.1,1513,6,0,0.0646,0.85,0.8383,1,0,14,grocery,card,0
3950,27.0,20636.94,223.03,1106,5,0,0.5074,10.37,0.8578,0,0,15,food,upi,0
3951,,80161.96,138.07,501,7,0,0.1667,3.8,0.8027,1,0,5,fashion,upi,1
3952,30.0,21902.46,145.45,3138,5,0,0.0733,24.58,0.8242,0,0,15,fashion,wallet,0
3953,59.0,51555.36,208.99,1851,1,0,0.2548,8.77,0.8552,0,0,23,food,card,0
3954,44.0,29005.0,137.92,2837,2,0,0.0253,4.59,,0,1,18,fashion,net_banking,0
3955,51.0,120846.22,217.26,37,3,1,0.4153,2.09,0.7474,1,0,10,electronics,upi,0
3956,71.0,29105.19,175.81,1626,2,0,0.1513,6.59,0.8754,1,0,15,jewelry,wallet,0
3957,47.0,22191.93,48.4,1927,5,0,0.0419,4.09,,0,0,0,electronics,net_banking,0
3958,59.0,59185.52,263.57,2322,4,1,0.1188,3.05,0.7319,0,0,8,grocery,card,0
3959,,43807.13,368.34,3873,2,0,0.2767,20.16,0.8175,0,1,13,grocery,card,0
3960,30.0,24041.95,104.68,1849,4,0,0.2605,1.01,0.717,0,0,22,,wallet,0
3961,71.0,,1165.44,1972,5,1,0.1626,6.31,0.9562,0,1,18,,upi,0
3962,66.0,18393.71,684.39,3584,6,0,0.0708,1.01,0.9599,1,0,10,electronics,net_banking,0
3963,55.0,31106.0,418.6,1611,3,0,0.101,8.14,0.7321,0,0,7,grocery,wallet,0
3964,39.0,,413.55,1596,4,2,0.1419,4.78,0.9324,0,1,10,jewelry,upi,0
3965,29.0,85503.35,185.5,664,3,0,0.1796,1.21,0.8773,0,0,6,electronics,upi,0
3966,66.0,112150.4,563.59,2896,5,0,0.1197,3.92,0.6918,0,1,0,jewelry,upi,0
3967,62.0,100873.11,865.85,107,6,0,0.235,2.68,0.8898,0,0,20,jewelry,upi,0
7558,61.0,62832.21,161.74,2588,5,0,0.1632,2.5,0.9005,0,0,8,gaming,card,0
3969,51.0,15000.0,101.77,1689,3,1,0.2176,18.3,0.9348,0,1,4,travel,wallet,0
3970,53.0,68190.3,173.0,1753,4,1,0.1534,3.78,0.8096,0,1,11,food,card,1
3971,45.0,123488.59,319.46,183,3,1,0.0588,7.41,0.9503,0,0,0,grocery,card,0
3972,70.0,108409.74,416.01,2131,4,1,0.3606,9.78,0.9689,0,1,7,food,upi,0
3973,25.0,70948.56,166.58,3888,4,1,0.1404,3.64,0.8918,0,0,11,fashion,net_banking,0
3974,32.0,28591.42,102.12,445,7,0,0.0588,2.37,0.6754,0,0,9,gaming,upi,0
3975,23.0,41199.01,877.58,1989,6,0,0.0585,8.82,,0,0,1,electronics,card,0
3976,57.0,159322.6,61.6,2362,5,0,0.1313,16.94,0.6843,0,0,11,grocery,wallet,0
3977,54.0,25232.48,70.22,1316,4,0,0.3861,4.67,0.8697,0,1,3,travel,card,1
3978,74.0,29254.12,47.74,2311,6,1,0.109,15.7,0.8991,0,0,13,grocery,card,0
3979,48.0,92363.93,70.06,1383,6,0,0.2468,0.0,0.7531,0,0,6,,card,0
3980,26.0,43388.55,626.6,660,4,0,0.101,15.4,0.8758,0,0,22,grocery,card,0
3981,43.0,28713.51,647.93,3366,1,1,0.0434,7.27,0.8266,0,0,18,food,upi,0
3982,,127449.13,167.15,3994,4,1,0.3145,4.15,0.588,0,0,6,travel,card,0
3983,56.0,70874.73,295.68,1562,2,0,0.3072,4.34,0.7895,0,0,9,fashion,net_banking,0
3984,56.0,44582.55,178.12,397,0,0,0.451,14.47,0.9437,0,0,14,grocery,card,0
3985,66.0,29287.39,54.65,679,4,1,0.1764,2.73,0.5925,1,0,9,fashion,card,0
3986,37.0,169593.91,1654.19,3584,8,2,0.4112,6.94,0.8729,0,0,12,electronics,card,1
3987,35.0,54265.28,711.73,3526,4,0,0.0679,5.28,0.9371,0,0,19,grocery,card,0
3988,22.0,118612.71,256.56,1981,3,1,0.1087,12.49,0.8704,1,0,1,travel,wallet,0
3989,41.0,89912.02,76.48,3489,4,0,0.2052,11.01,0.9624,0,1,16,food,upi,0
3990,45.0,41298.96,143.74,914,5,0,0.1944,5.07,0.6591,0,0,22,fashion,card,0
3991,61.0,41480.17,90.06,1619,6,0,0.1878,15.36,0.8693,0,1,0,gaming,net_banking,0
3992,60.0,121851.9,198.45,477,4,0,0.2398,1.97,0.9438,1,0,0,electronics,card,0
3993,25.0,122942.62,245.4,2192,7,1,0.1237,6.73,0.8079,0,1,9,grocery,card,0
3994,34.0,19590.2,127.97,2806,0,0,0.126,0.15,0.9016,0,0,11,food,upi,0
3995,47.0,74419.08,42.04,3847,2,0,0.2861,0.91,0.5842,0,0,3,electronics,card,0
3996,37.0,51452.81,1517.8,3025,7,0,0.1706,6.44,0.6061,1,0,13,food,card,1
3997,19.0,31155.96,228.26,2669,5,0,0.2482,11.95,0.8253,0,0,7,grocery,upi,0
3998,66.0,63516.11,284.16,2703,6,0,0.1206,14.1,0.7032,0,0,20,fashion,card,0
3999,59.0,26181.55,117.98,2527,6,1,0.0944,4.69,0.8459,0,0,8,grocery,,0
4000,47.0,42554.38,37.75,1696,2,0,0.0368,13.94,0.9701,0,0,13,fashion,card,0
4001,36.0,35451.75,165.61,2015,1,1,0.2342,0.81,0.9272,0,0,19,food,upi,0
4002,66.0,41781.26,130.29,715,3,1,0.2388,0.65,0.7792,0,0,18,food,net_banking,0
4003,20.0,52879.73,365.95,109,3,0,0.1014,2.51,0.8109,0,0,7,food,wallet,0
4004,43.0,31461.72,445.43,3164,2,0,0.0774,24.13,0.9398,0,0,0,fashion,upi,0
4005,63.0,130657.79,386.83,1999,3,0,0.3209,7.99,0.6326,0,0,23,gaming,card,0
4006,72.0,72142.19,483.59,3488,7,0,0.1921,31.96,0.8832,0,0,2,grocery,wallet,0
4007,32.0,147575.93,1092.94,513,4,0,0.3709,17.51,,0,0,7,grocery,net_banking,0
4008,55.0,50364.63,265.82,1585,5,1,0.313,9.42,0.7451,0,0,19,travel,card,0
4009,28.0,40670.32,540.33,1051,4,1,0.385,0.62,0.8692,0,0,1,gaming,wallet,0
4010,24.0,144670.94,294.95,3369,5,0,0.2164,4.58,0.9331,0,0,17,food,upi,0
4011,38.0,40020.84,26.92,1526,2,1,0.0366,8.65,0.8693,0,0,15,gaming,card,0
4012,68.0,49862.67,154.23,2553,1,0,0.3977,13.92,,1,0,2,food,card,0
4013,57.0,81724.94,75.58,364,1,0,0.1671,0.94,0.8839,1,0,16,grocery,upi,0
4014,45.0,27843.07,226.87,2122,4,1,0.1098,1.51,0.8514,0,0,13,gaming,card,0
4015,34.0,81332.47,81.61,1782,7,1,0.1042,8.23,0.909,0,0,7,food,card,0
4016,26.0,75805.74,329.85,2454,2,1,0.1289,8.42,0.9629,1,0,14,grocery,upi,0
4017,33.0,110549.36,480.1,2353,3,0,0.145,1.23,0.734,0,0,4,food,card,0
4018,26.0,89734.71,599.76,457,1,2,0.2132,1.55,0.9288,0,0,13,food,card,0
4019,28.0,112428.93,908.88,228,3,0,0.1078,31.53,0.4796,1,0,3,,net_banking,0
4020,57.0,51759.15,33.68,527,3,0,0.3117,1.09,0.9278,0,0,5,grocery,card,0
4021,25.0,34221.86,54.27,894,4,3,0.2345,2.6,0.6119,0,0,1,grocery,card,0
4022,,175532.67,3363.62,2915,4,0,0.354,1.53,0.8906,0,1,0,food,upi,0
4023,48.0,23751.62,493.97,1098,2,0,0.0644,7.49,0.9491,0,0,9,grocery,card,0
4024,34.0,25097.07,225.29,3880,2,1,0.2269,5.42,0.8119,0,0,7,food,card,0
4025,43.0,75049.93,185.86,374,5,1,0.1428,10.04,0.4869,0,0,23,,upi,1
4026,25.0,,170.05,2045,3,0,0.0936,0.22,0.4899,0,0,11,electronics,net_banking,0
4027,29.0,61043.46,26.03,2871,4,0,0.2098,2.27,0.788,0,0,21,grocery,upi,0
4028,43.0,95292.42,83.15,244,2,0,0.1234,8.13,0.825,0,0,4,electronics,card,0
4029,57.0,18350.22,160.95,2070,2,0,0.1912,1.45,0.7703,0,0,22,food,upi,0
4030,41.0,41786.92,87.98,300,5,1,0.437,2.09,0.9007,0,0,6,food,card,0
4031,48.0,19622.21,100.27,3165,0,0,0.3063,2.57,0.6232,0,0,0,fashion,card,0
4032,47.0,84483.75,2325.5,1885,7,0,0.3057,3.77,0.8365,0,0,20,grocery,net_banking,1
4033,33.0,23484.86,139.95,3462,3,0,0.0883,0.5,0.8309,0,0,8,grocery,wallet,0
4034,33.0,27235.81,237.72,2640,4,0,0.3148,2.31,0.7368,0,1,14,electronics,wallet,0
4035,42.0,72969.9,229.41,1288,8,0,0.0907,11.03,0.689,0,1,1,,card,1
4036,19.0,98626.16,324.54,644,5,0,0.1652,8.17,0.9133,0,0,22,food,net_banking,0
4037,57.0,50395.44,111.68,658,4,0,0.1107,7.41,0.9859,0,0,11,grocery,card,0
4038,53.0,,626.37,161,3,0,0.5907,1.59,0.9788,0,0,22,travel,card,0
4039,35.0,73929.85,280.48,1222,6,1,0.2025,5.11,0.6576,0,0,20,food,card,0
4040,39.0,48854.59,49.69,2925,5,1,0.2833,12.32,0.7589,0,0,2,travel,,0
4041,36.0,30121.68,161.65,1438,5,1,0.3556,6.65,0.6445,0,0,9,fashion,upi,0
4042,55.0,75040.16,151.53,610,7,0,0.2083,19.69,0.8458,0,0,13,grocery,upi,0
4043,61.0,77056.26,144.72,347,7,0,0.3713,1.89,0.6302,0,0,14,jewelry,card,0
4044,24.0,,299.54,1769,4,0,0.1905,10.37,0.7957,0,0,19,fashion,card,0
4045,41.0,65298.54,339.57,863,1,0,0.3344,2.46,0.6032,0,0,3,fashion,card,0
4046,18.0,28923.61,301.75,2944,8,1,0.2006,5.57,0.9796,0,1,11,grocery,,0
4047,43.0,80400.49,252.62,1367,7,0,0.0163,1.38,0.8805,0,0,6,food,card,0
4048,32.0,54958.24,196.09,527,5,0,0.1296,3.98,0.8143,1,0,12,fashion,card,0
4049,37.0,42175.0,20.94,1112,0,0,0.0277,8.33,0.7015,0,0,15,grocery,wallet,0
4050,44.0,46771.94,391.84,1787,4,1,0.1394,12.93,0.9603,0,0,12,electronics,card,0
4051,,37625.87,293.33,179,4,0,0.1101,0.13,0.9149,0,0,4,gaming,wallet,0
4052,40.0,89675.47,67.24,472,7,0,0.2935,21.75,0.8078,0,1,12,food,card,1
4053,61.0,25213.26,238.3,3845,5,0,0.2888,3.73,0.9375,0,0,11,electronics,card,0
4054,64.0,31846.13,344.09,1409,4,0,0.1687,18.16,0.7849,0,1,7,fashion,upi,0
4055,18.0,45901.97,580.68,3000,4,1,0.1508,25.29,0.823,1,0,18,electronics,upi,0
4056,,133606.13,299.84,3652,4,1,0.0517,10.91,0.9254,0,0,20,gaming,wallet,0
4057,66.0,98217.8,248.28,480,6,0,0.1406,1.36,0.4726,0,0,23,electronics,card,0
4058,48.0,,463.93,2753,4,0,0.3335,3.35,0.8741,0,0,15,electronics,upi,0
4059,29.0,115650.66,132.48,3337,1,0,0.1415,12.73,0.7974,0,0,4,electronics,card,0
4060,51.0,115528.16,271.77,121,3,0,0.1593,2.63,0.7389,0,0,15,jewelry,upi,0
6188,72.0,41385.97,835.05,3335,3,0,0.3505,5.71,0.8772,0,0,1,travel,card,0
4062,19.0,15000.0,546.35,563,1,0,0.2015,4.78,0.9031,0,0,16,jewelry,upi,0
4063,54.0,52858.12,35.99,156,8,1,0.0656,2.49,0.9579,1,0,11,electronics,card,1
4064,47.0,101968.77,407.36,1196,3,0,0.1952,25.78,0.93,0,0,20,,card,0
4065,61.0,131963.75,183.22,755,3,0,0.1468,2.42,0.6042,0,0,18,gaming,upi,0
4066,37.0,34068.67,472.64,3585,2,0,0.0329,4.89,0.9579,0,0,17,food,card,0
4067,66.0,144159.7,82.47,972,7,0,0.1796,9.47,0.8452,0,0,12,jewelry,wallet,0
4068,42.0,16150.81,196.95,2995,2,2,0.1913,7.81,0.8328,0,0,11,electronics,upi,0
4069,60.0,44921.0,191.25,234,3,1,0.2382,7.62,0.9468,0,0,3,electronics,card,0
4070,23.0,43722.7,277.78,2481,1,0,0.7375,3.02,0.9089,1,0,16,fashion,net_banking,0
4071,23.0,103660.23,63.14,2788,6,0,0.0716,7.55,0.6618,0,0,13,fashion,,0
4072,62.0,112325.35,340.08,635,3,0,0.3297,7.36,0.8729,0,0,21,gaming,net_banking,0
4073,65.0,92958.78,28.42,1741,6,0,0.2568,15.99,0.8227,0,0,1,food,upi,0
4074,71.0,26167.83,92.31,3717,7,1,0.384,6.05,0.9085,0,0,2,fashion,wallet,0
4075,36.0,88391.31,37.72,2467,4,0,0.0119,2.18,0.8156,0,0,20,electronics,,0
4076,19.0,72770.18,412.06,3238,5,0,0.085,0.78,0.7762,0,0,17,gaming,wallet,0
4077,73.0,21936.55,268.56,1716,7,1,0.1128,6.58,,0,0,15,electronics,upi,0
4078,52.0,17645.41,284.01,980,5,1,0.0998,5.34,0.7569,0,0,6,food,upi,0
4079,32.0,97341.68,785.36,1895,4,0,0.1587,8.57,0.9738,0,0,16,travel,wallet,0
4080,61.0,49813.13,131.24,1635,3,0,0.4288,13.49,0.9368,0,0,7,food,card,0
4081,69.0,27125.74,331.14,3932,5,1,0.1739,8.96,0.9672,1,0,4,food,wallet,0
4082,,49049.92,192.29,1730,5,0,0.1154,18.83,0.8021,0,0,11,grocery,upi,0
4083,61.0,67192.11,165.13,2520,1,1,0.3773,20.84,0.7608,0,0,7,electronics,card,0
4084,62.0,52550.0,664.86,2362,4,0,0.0808,1.1,0.8421,0,0,10,fashion,card,0
4085,46.0,23423.52,1443.51,1505,6,2,0.2569,10.65,0.9746,0,0,1,travel,upi,0
4086,54.0,155149.55,116.92,1517,2,0,0.2335,1.74,0.8163,0,1,0,food,card,1
4087,33.0,95550.32,414.34,3383,3,0,0.204,5.03,0.9681,0,0,4,gaming,upi,0
4088,70.0,45735.54,247.66,863,3,1,0.1977,4.46,0.5826,0,0,11,fashion,net_banking,0
4089,74.0,46760.14,250.65,1681,2,0,0.1045,4.71,0.7402,0,0,20,grocery,net_banking,0
4090,73.0,67024.03,230.47,2677,1,1,0.2708,4.64,0.8559,0,0,10,gaming,upi,0
4091,60.0,29548.75,129.01,254,8,0,0.1613,1.01,0.7223,0,0,22,electronics,,0
4092,20.0,65680.71,5.0,2719,3,0,0.2814,0.23,0.9218,0,0,2,jewelry,card,0
4093,38.0,26454.61,835.28,3335,1,0,0.5,3.98,0.7311,0,0,11,grocery,wallet,0
4094,43.0,52907.2,89.86,1786,3,0,0.0642,3.61,0.7959,0,0,9,grocery,upi,0
4095,72.0,28922.47,141.37,2344,5,0,0.2748,14.08,0.6675,0,0,22,fashion,card,0
4096,49.0,29736.85,144.41,1962,3,1,0.0822,11.06,0.8198,0,1,2,food,wallet,0
4097,48.0,,82.2,2673,5,0,0.2753,1.01,0.9247,0,0,5,jewelry,card,1
4098,26.0,56821.08,228.88,231,5,1,0.3727,4.14,0.7926,0,0,3,jewelry,card,0
4099,63.0,61645.9,172.2,2481,6,1,0.3331,4.21,0.6171,0,0,15,travel,wallet,1
4100,37.0,18193.68,87.92,1840,0,0,0.1441,0.33,0.8028,0,0,3,fashion,card,0
4101,23.0,39606.06,208.98,171,3,0,0.099,4.31,0.9332,0,0,18,food,card,0
4102,74.0,70880.82,174.15,3207,3,0,0.2138,0.06,0.8924,0,0,10,food,card,0
4103,28.0,61197.61,455.23,632,2,0,0.1504,0.27,0.8688,0,0,21,grocery,card,0
4104,18.0,16820.81,47.11,2378,3,1,0.1431,13.52,0.6766,0,1,16,electronics,card,0
4105,22.0,61636.8,80.44,3405,2,1,0.2469,21.67,0.7883,0,0,13,grocery,wallet,0
4106,43.0,67285.22,371.76,3685,3,0,0.0013,6.9,0.6322,0,0,10,electronics,card,0
4107,23.0,111430.63,94.94,2523,2,1,0.172,7.65,0.7607,0,0,17,food,net_banking,0
4108,66.0,38357.73,72.93,2874,6,0,0.2744,3.62,0.9202,1,1,9,electronics,wallet,1
4109,47.0,16025.73,99.75,2351,6,0,0.1938,5.62,0.7931,0,0,18,jewelry,card,0
4110,36.0,31788.65,162.71,3117,5,1,0.1515,6.48,0.7895,0,0,19,grocery,card,0
4111,18.0,30082.61,163.33,3904,6,0,0.0445,5.76,0.587,1,0,1,fashion,card,0
4112,45.0,82477.3,145.91,1849,4,1,0.1859,12.44,0.7196,0,1,12,travel,card,0
4113,26.0,15000.0,64.35,1669,2,1,0.0445,7.19,0.6828,0,0,22,fashion,card,0
4114,73.0,42980.1,389.99,718,3,0,0.064,19.28,0.709,0,0,3,gaming,wallet,0
4115,34.0,120484.45,678.02,3917,2,0,0.1379,3.98,0.8619,0,0,15,food,wallet,0
4116,45.0,55218.61,26.64,3651,6,0,0.3631,6.79,0.7702,0,0,4,travel,wallet,0
4117,19.0,90044.81,38.07,2833,3,1,0.3564,29.69,0.789,0,0,1,food,card,0
4118,25.0,22294.59,490.69,2647,2,0,0.0201,2.87,0.6873,0,0,23,jewelry,card,0
4119,29.0,22788.11,865.02,842,1,0,0.2407,7.63,0.713,0,0,23,fashion,card,0
4120,20.0,121245.39,21.41,3640,6,0,0.0281,6.6,0.7129,0,0,22,travel,card,0
4121,59.0,58148.59,406.83,260,6,0,0.2073,9.96,0.6245,0,0,13,food,wallet,0
4122,71.0,58214.48,925.97,2481,2,0,0.4647,17.33,0.7996,1,0,9,travel,card,0
4123,74.0,29735.72,75.99,1036,4,2,0.1294,24.07,0.6266,0,0,23,grocery,card,1
4124,33.0,58134.72,873.6,1834,3,2,0.2459,16.39,0.849,0,0,13,fashion,net_banking,1
4125,62.0,29284.77,150.65,407,3,0,0.2522,6.41,0.6552,1,0,18,food,upi,0
4126,46.0,105647.91,246.56,564,4,0,0.1615,14.35,0.818,0,0,4,travel,card,0
4127,20.0,246568.56,87.68,1526,6,0,0.2615,16.04,0.6457,0,0,5,food,upi,0
4128,23.0,71772.45,489.79,1608,6,0,0.1495,12.91,0.9349,0,0,6,fashion,card,0
4129,49.0,38788.07,414.64,3529,6,0,0.1989,0.17,0.8214,0,0,3,food,card,0
4130,42.0,15000.0,1009.96,2402,6,0,0.1344,3.2,0.7826,0,0,14,grocery,card,0
4131,18.0,21777.51,760.19,154,5,1,0.1315,13.7,0.9109,0,0,16,travel,card,0
4132,71.0,129348.1,178.36,3725,2,0,0.0233,5.69,0.399,0,0,11,food,card,0
4133,59.0,31226.83,4029.25,2453,8,0,0.2105,4.45,0.9879,0,0,7,grocery,card,0
4134,46.0,44852.26,694.89,3322,4,0,0.0439,5.83,0.8747,0,0,4,jewelry,net_banking,0
4135,74.0,78866.97,309.04,3698,2,1,0.1622,19.28,0.7191,0,0,23,grocery,card,0
4136,73.0,124286.9,66.41,2067,9,0,0.0419,4.46,0.5945,0,0,5,electronics,card,0
4137,73.0,49282.07,38.98,741,3,1,0.1505,17.49,0.9195,0,0,9,,upi,0
4138,32.0,44025.39,42.43,1808,5,1,0.0756,0.9,0.7964,0,0,7,fashion,upi,0
4139,68.0,,70.76,2756,3,0,0.2389,0.66,0.8883,0,0,8,,upi,0
4140,46.0,38944.3,713.55,162,4,0,0.0885,6.65,0.676,0,0,6,jewelry,upi,0
4141,59.0,,292.96,3785,4,0,0.2356,2.68,0.7418,1,0,1,grocery,card,0
4142,66.0,68983.49,97.47,1424,5,0,0.0304,10.7,0.8742,0,0,11,grocery,card,0
4143,27.0,60900.63,157.13,2648,3,0,0.1588,1.69,0.7943,0,0,10,grocery,upi,0
4144,,177632.37,139.1,3925,3,1,0.143,3.03,0.7633,1,0,11,electronics,upi,0
4145,25.0,70014.34,400.62,3465,3,1,0.2178,20.21,0.7069,0,1,23,electronics,upi,1
4146,33.0,103592.32,74.75,2971,4,0,0.3613,0.97,0.9217,1,0,2,food,net_banking,0
4147,41.0,30512.19,255.35,1216,8,0,0.1994,0.42,0.8863,0,0,6,gaming,card,0
4148,66.0,73418.04,243.0,2113,4,0,0.4448,2.85,0.7895,0,0,11,electronics,card,0
4149,67.0,36954.72,77.02,2020,5,0,0.0923,7.42,0.6934,1,0,19,electronics,card,0
4150,40.0,68363.05,880.92,3453,5,0,0.1554,2.01,0.8187,0,0,13,electronics,net_banking,0
4151,36.0,80319.8,133.94,187,5,1,0.0548,5.69,0.7694,0,0,3,fashion,card,1
4152,48.0,56529.41,66.7,121,8,0,0.2982,1.24,0.7727,0,0,19,electronics,net_banking,1
4153,69.0,206719.4,422.35,499,7,1,0.345,3.12,0.8386,0,0,22,jewelry,upi,0
4154,73.0,120629.28,190.08,3831,3,0,0.5506,3.9,0.6734,0,0,15,gaming,wallet,0
4155,30.0,105090.1,270.8,2175,1,1,0.0633,0.0,0.6166,0,0,1,food,card,0
4156,28.0,83737.81,55.05,2807,7,0,0.2188,10.63,,0,1,10,travel,wallet,0
4157,58.0,145064.96,405.6,405,6,0,0.3687,22.35,0.8571,0,0,16,grocery,card,1
4158,35.0,,1580.32,82,5,0,0.2811,24.74,0.7218,0,0,21,electronics,upi,0
4159,,116861.43,50.91,2611,2,0,0.3321,0.92,0.7575,0,0,20,jewelry,upi,0
4160,19.0,31885.42,256.51,2830,4,0,0.341,8.27,0.8684,0,0,11,grocery,upi,0
4161,40.0,40323.99,82.08,1725,4,0,0.0871,18.31,0.9912,0,0,22,fashion,card,0
4162,40.0,74895.89,2650.66,360,5,0,0.1375,8.42,0.6211,0,0,5,food,card,0
4163,50.0,108375.74,621.78,1973,5,0,0.4197,0.94,0.8321,0,0,3,grocery,upi,0
4164,29.0,29161.99,238.67,2569,2,0,0.049,0.77,0.8893,0,1,0,electronics,wallet,0
4165,58.0,41489.21,52.72,877,4,0,0.3736,0.67,0.9365,0,0,18,grocery,card,0
4166,56.0,58030.91,67.15,1224,5,0,0.2457,15.5,0.859,0,0,0,food,card,0
4167,44.0,49641.73,379.64,2994,5,1,0.2362,9.79,0.5241,0,0,11,travel,card,0
4168,28.0,87974.84,46.08,872,2,0,0.5233,28.59,0.9206,0,0,17,fashion,card,0
4169,46.0,250000.0,47.55,423,6,0,0.087,1.61,0.8577,0,0,0,electronics,card,0
4170,56.0,69266.37,181.6,2523,3,1,0.3149,6.83,0.8361,0,0,14,travel,upi,0
4171,39.0,36707.28,205.69,121,4,1,0.1973,7.57,0.7006,0,1,2,fashion,card,1
4172,33.0,26957.29,263.22,1753,2,0,0.0536,18.61,0.9782,0,1,6,electronics,upi,0
4173,46.0,45990.9,115.98,2291,4,0,0.4322,6.35,0.8478,0,0,22,fashion,card,0
6586,51.0,20627.38,45.14,193,8,0,0.4042,5.57,0.9512,0,1,21,electronics,wallet,0
4175,40.0,71128.32,76.03,2623,2,2,0.0476,10.68,0.6897,0,0,14,grocery,card,0
4176,37.0,70523.44,336.84,3294,4,0,0.1554,11.91,0.8712,0,0,14,fashion,wallet,0
4177,35.0,42631.38,222.98,3894,5,0,0.2078,30.44,0.9638,0,0,19,electronics,upi,0
4178,58.0,163867.54,328.19,1086,6,1,0.1324,4.68,0.7818,0,0,9,grocery,card,0
4179,44.0,36702.22,586.96,1328,6,1,0.1571,1.33,0.8707,0,1,2,fashion,upi,0
4180,44.0,51503.31,114.16,2484,3,0,0.1879,26.46,0.8909,0,1,15,electronics,card,0
1709,31.0,64340.96,103.46,3705,3,0,0.0554,25.89,0.9737,1,0,0,grocery,net_banking,0
4182,38.0,89833.99,33.27,2449,0,0,0.2913,12.55,0.9562,0,1,1,gaming,upi,0
4183,23.0,111052.19,23.9,1279,6,0,0.1197,13.53,0.9621,0,0,13,grocery,net_banking,0
4184,66.0,69616.82,150.96,252,5,1,0.0983,9.42,0.7432,0,0,8,food,card,0
4185,21.0,98036.04,161.65,128,10,1,0.1033,3.44,0.6542,0,0,22,gaming,card,1
4186,50.0,38149.92,60.76,3989,1,0,0.1585,1.27,0.8808,0,1,20,grocery,upi,0
4187,33.0,91129.2,75.33,1643,3,1,0.0947,4.91,0.8258,0,0,18,jewelry,,0
4188,30.0,,825.85,1807,6,0,0.0417,7.84,0.6852,0,0,9,food,,1
4189,20.0,126396.13,432.16,2515,3,0,0.0683,10.61,0.7116,0,0,20,gaming,net_banking,0
4190,69.0,21970.34,50.98,845,8,0,0.5989,3.94,0.7692,0,0,22,jewelry,card,0
4191,,33394.21,115.65,1546,4,0,0.1498,3.18,0.8182,0,0,1,grocery,upi,0
4192,37.0,86492.76,270.15,1763,3,0,0.2377,2.78,0.6735,0,0,4,fashion,upi,0
4193,60.0,15000.0,96.21,406,1,0,0.2743,2.13,0.7732,1,0,5,food,card,0
4194,20.0,72091.53,80.18,2424,2,2,0.2032,2.0,0.6903,0,0,23,food,upi,0
4195,50.0,98516.65,128.34,799,2,0,0.1,3.5,0.7872,0,0,15,grocery,card,0
4196,46.0,40057.94,535.72,42,2,0,0.2081,6.22,0.8681,0,0,15,grocery,net_banking,0
4197,49.0,43411.69,586.61,2495,3,0,0.2458,1.42,0.7153,0,0,1,fashion,card,0
4198,25.0,30464.37,86.27,1221,4,0,0.2626,5.09,0.8799,0,0,12,food,net_banking,0
4199,72.0,41284.3,285.29,2879,8,0,0.0421,2.4,0.7357,0,0,9,travel,net_banking,0
4200,31.0,41947.57,178.85,2159,2,1,0.1153,1.22,0.5939,0,0,14,grocery,upi,0
4201,56.0,37779.65,65.68,145,5,0,0.3372,16.94,0.6514,0,0,9,food,card,0
4202,60.0,36657.21,133.74,2787,1,1,0.0508,2.51,0.7084,1,0,14,fashion,upi,0
4203,37.0,,50.84,191,5,2,0.2089,11.13,0.9025,0,0,1,electronics,card,1
4204,25.0,47069.53,575.94,1273,3,0,0.1334,0.09,0.743,0,0,7,food,card,0
4205,34.0,154177.68,850.16,2753,4,0,0.1334,5.22,0.7789,0,0,0,food,net_banking,0
4206,63.0,44279.92,119.39,1633,4,0,0.3833,7.75,0.9613,0,1,18,gaming,upi,1
4207,69.0,66461.03,94.05,1558,2,0,0.176,2.07,0.9055,0,0,0,gaming,card,0
4208,71.0,40046.75,516.75,908,4,0,0.1441,0.16,0.8461,1,0,0,electronics,upi,0
4209,30.0,39767.72,607.35,1792,4,0,0.2042,2.38,0.9839,0,0,10,travel,upi,0
4210,52.0,21540.38,59.06,1193,4,3,0.227,18.9,0.9492,0,0,1,food,card,1
4211,26.0,23175.18,155.23,3786,6,0,0.2474,3.65,0.8706,0,0,22,fashion,upi,0
4212,58.0,28317.62,169.7,2758,2,0,0.236,6.65,0.739,1,0,14,fashion,card,0
4213,41.0,60847.24,83.28,3638,3,0,0.3228,13.81,0.499,0,0,22,food,card,0
4214,58.0,99407.61,264.79,1368,2,1,0.0829,5.92,0.5947,0,0,23,fashion,card,0
4215,57.0,20587.16,89.39,3801,3,0,0.3912,3.19,0.799,1,0,4,food,wallet,0
4216,74.0,40663.91,104.87,1140,2,1,0.1251,18.04,0.7101,0,0,1,fashion,card,0
4217,45.0,25933.7,162.65,1256,2,1,0.2985,4.42,0.615,1,0,22,food,upi,1
4218,37.0,47559.46,40.61,1215,2,4,0.2518,11.72,0.6562,0,0,8,travel,card,1
4219,48.0,99385.52,23.02,2370,2,1,0.3622,13.72,0.7806,0,0,14,electronics,card,0
4220,27.0,43014.96,450.89,2462,3,0,0.2536,20.12,0.6955,0,0,16,food,net_banking,0
5876,22.0,137076.83,61.09,3611,5,0,0.2695,5.22,0.8736,0,0,13,food,upi,0
4222,47.0,122450.74,1522.06,2256,4,0,0.1806,2.39,,0,0,14,fashion,wallet,0
4223,65.0,70751.85,1293.1,3812,7,0,0.0659,21.08,0.7429,0,0,23,electronics,card,0
4224,48.0,36208.09,108.47,1645,4,0,0.2517,6.71,0.9914,0,1,22,electronics,card,0
4225,62.0,60023.53,1866.85,2807,0,0,0.1129,4.84,0.8421,0,0,3,gaming,card,0
4226,28.0,34889.34,459.68,2540,5,0,0.1163,5.26,0.9096,0,0,1,food,wallet,0
4227,43.0,69310.63,94.41,3920,5,0,0.4085,2.75,0.8175,0,0,21,travel,wallet,1
4228,52.0,73022.69,13.61,2581,4,0,0.1338,5.35,0.8485,0,0,1,food,wallet,0
4229,37.0,25929.86,358.21,1899,4,0,0.3612,5.93,0.8504,0,0,21,jewelry,card,0
4230,18.0,60561.86,185.72,82,2,0,0.133,20.1,0.8566,0,0,8,travel,card,0
4231,22.0,,277.08,3221,8,1,0.061,43.41,0.777,1,0,15,travel,upi,0
4232,70.0,74210.51,143.18,1376,2,1,0.2597,1.61,0.9182,0,0,23,electronics,net_banking,0
4233,52.0,86884.01,57.35,3702,8,0,0.2732,4.09,0.4692,0,0,5,grocery,net_banking,0
4234,33.0,71516.66,117.44,999,1,0,0.0593,7.47,0.7705,0,0,20,electronics,upi,0
4235,32.0,46552.32,364.89,1765,4,1,0.0926,1.42,0.6961,0,0,2,gaming,card,0
3106,35.0,66969.31,224.51,167,1,0,0.2759,2.83,0.4812,1,0,15,grocery,upi,0
4237,71.0,34026.81,125.53,632,7,0,0.1957,10.51,0.9585,0,0,11,food,net_banking,0
4238,,26603.59,39.39,1123,2,0,0.1341,2.57,0.9225,0,0,16,food,card,0
4239,61.0,15000.0,197.19,3173,7,0,0.1882,10.05,0.5093,1,0,9,electronics,card,0
4240,31.0,52918.64,59.21,1289,4,0,0.1209,9.45,0.8263,0,0,18,fashion,card,0
4241,37.0,35004.71,451.01,3831,1,0,0.2668,2.95,0.8049,0,0,12,fashion,upi,0
4242,33.0,68449.63,86.39,2165,4,2,0.1975,2.35,0.8337,0,0,10,fashion,card,0
4243,64.0,,133.92,3306,1,0,0.2911,6.03,0.9537,0,1,4,travel,card,0
4244,19.0,38527.99,1567.03,2203,6,2,0.3924,2.58,0.6404,0,0,18,grocery,upi,1
4245,38.0,71234.81,132.47,209,2,1,0.2291,7.5,0.949,0,0,6,food,card,0
4246,33.0,31215.77,115.86,3249,6,0,0.1761,6.48,0.6715,0,0,23,food,card,1
4247,33.0,68884.03,323.3,1696,3,1,0.2107,9.07,0.7336,0,0,3,electronics,card,0
4248,28.0,,30.2,1570,3,0,0.2204,18.87,0.7535,0,0,13,gaming,upi,0
4249,70.0,54016.45,628.77,2953,8,0,0.2825,3.37,0.9263,0,0,4,travel,upi,0
4250,39.0,76299.78,486.33,1146,2,0,0.2593,2.82,0.8377,0,1,15,grocery,card,1
4251,41.0,92885.87,304.12,1729,3,0,0.1382,3.55,0.7885,0,0,19,fashion,wallet,0
4252,39.0,57870.28,6.15,2444,3,0,0.3775,3.85,0.7206,0,1,5,travel,card,0
4253,73.0,35150.1,138.87,2385,4,0,0.1624,0.36,0.8067,0,0,21,gaming,card,0
4254,37.0,42751.82,50.41,2921,2,0,0.1977,6.51,0.8877,0,1,23,jewelry,upi,0
4255,37.0,78074.12,553.94,356,2,1,0.3092,3.0,0.9447,0,0,12,electronics,upi,0
4256,36.0,31363.47,515.7,3970,5,0,0.2094,1.21,0.8639,0,0,17,food,upi,0
4257,36.0,49868.85,265.33,2444,7,0,0.421,8.39,0.8749,0,1,22,,upi,1
4258,23.0,44482.55,54.05,2484,3,0,0.0683,12.6,0.4813,0,0,21,electronics,,0
4259,52.0,51960.52,802.11,3533,7,2,0.2682,11.7,0.8443,0,1,21,food,net_banking,0
4260,19.0,31570.65,138.48,1978,7,0,0.2807,6.41,0.7255,0,0,13,fashion,card,0
4261,30.0,19861.11,1094.8,150,9,0,0.4907,13.91,0.9296,0,0,15,food,upi,1
4262,29.0,73239.99,234.71,558,6,0,0.1021,8.41,0.7659,0,0,13,electronics,wallet,0
4263,34.0,,298.8,3791,4,0,0.0614,43.51,0.8507,0,0,10,electronics,upi,0
4264,61.0,20524.86,113.6,3948,3,0,0.0564,11.61,0.8022,0,0,6,travel,upi,0
4265,52.0,67372.88,735.03,362,4,0,0.1595,5.1,,0,0,11,gaming,wallet,0
4266,74.0,99791.58,330.76,2749,6,0,0.106,7.15,0.7804,0,0,5,grocery,card,0
4267,38.0,76331.39,761.93,2652,5,0,0.2133,9.91,0.6856,0,0,23,grocery,net_banking,1
4268,70.0,43735.69,214.97,685,5,1,0.2849,3.04,0.6278,0,0,17,fashion,card,0
4269,20.0,32733.87,171.73,3155,5,1,0.1243,16.55,0.8517,0,0,22,electronics,wallet,0
8928,73.0,37549.51,125.79,2310,3,0,0.0452,11.88,0.5126,0,0,11,jewelry,card,0
4271,63.0,63030.26,761.66,945,3,1,0.0339,1.34,0.7173,1,1,13,food,upi,1
4272,48.0,57975.89,497.55,2254,8,0,0.282,0.92,0.8371,0,0,7,electronics,upi,0
4273,71.0,49812.16,206.68,3623,8,1,0.2915,4.45,0.5939,0,0,23,grocery,card,1
4274,35.0,,28.1,891,3,0,0.3073,0.19,0.9607,0,0,10,gaming,wallet,0
4275,19.0,69394.79,404.78,2486,2,1,0.2962,3.89,0.7645,1,0,15,grocery,upi,0
4276,62.0,71257.72,42.7,2937,1,0,0.2628,3.31,0.3719,0,1,6,electronics,wallet,0
4277,21.0,61423.06,186.41,2512,6,2,0.0985,2.58,0.794,0,0,14,grocery,net_banking,1
4278,61.0,58462.16,160.32,2611,2,0,0.0639,9.5,0.6025,1,0,16,jewelry,upi,0
4279,59.0,138506.94,43.61,2911,6,1,0.2115,6.18,0.9632,0,0,21,grocery,wallet,0
4280,66.0,39014.17,261.25,957,2,2,0.187,10.91,0.6933,0,0,7,gaming,card,1
4281,45.0,111288.12,1551.96,433,5,0,0.1452,2.11,0.689,0,0,1,electronics,card,0
4282,69.0,36730.95,131.68,3959,9,0,0.1811,24.9,0.7661,0,0,22,travel,upi,1
4283,27.0,101215.91,387.16,1298,10,1,0.3458,2.93,0.8823,0,0,15,grocery,card,1
4284,42.0,108384.53,1898.17,3796,3,1,0.1451,20.24,0.6424,0,0,1,gaming,upi,0
4285,24.0,46812.72,426.48,1095,4,0,0.3197,2.71,,0,0,14,grocery,upi,0
4286,61.0,137120.88,94.45,1084,3,0,0.0652,13.24,0.857,0,0,1,grocery,upi,0
4287,,71186.48,228.14,128,5,1,0.2569,2.33,0.7551,0,1,6,grocery,upi,0
4288,63.0,33948.12,291.12,1783,5,1,0.3519,2.34,0.7374,0,0,1,travel,upi,1
4289,,44770.39,755.04,3781,4,0,0.1034,0.64,0.677,0,0,2,gaming,card,0
4290,35.0,102550.2,606.08,3582,5,0,0.077,14.82,0.7216,0,0,22,jewelry,upi,0
4291,21.0,91379.28,11.28,1239,9,0,0.1492,3.5,0.9769,0,1,0,grocery,card,0
4292,70.0,30735.27,76.46,1642,7,0,0.3275,13.05,0.7595,0,0,4,grocery,net_banking,0
4293,46.0,50944.75,167.83,2688,6,1,0.1382,20.64,0.9654,0,0,16,jewelry,upi,0
4294,23.0,61514.37,65.21,3820,5,0,0.283,6.23,0.7156,0,0,14,electronics,card,0
4295,70.0,41602.1,5.0,2428,3,0,0.2317,10.18,,0,0,17,grocery,card,0
4296,74.0,201164.51,87.12,825,6,1,0.1824,1.37,0.8746,0,0,10,electronics,wallet,0
4297,43.0,62542.62,179.35,1444,6,0,0.3177,12.87,0.983,0,0,13,food,card,0
4298,61.0,53161.61,106.45,2904,7,0,0.2083,29.74,0.6653,1,0,1,grocery,card,1
4299,20.0,105879.46,66.42,123,5,1,0.1914,2.88,0.9133,0,0,14,electronics,wallet,0
4300,23.0,44991.15,187.62,2410,6,0,0.0827,6.63,0.9516,0,0,7,grocery,upi,0
4301,33.0,95719.15,253.67,3083,2,0,0.0288,7.42,0.835,0,0,0,food,upi,0
710,44.0,49613.53,83.06,2022,3,0,0.0881,5.03,0.8457,0,0,19,food,upi,0
4303,25.0,42855.05,709.6,2169,3,0,0.5887,15.6,0.7945,0,0,7,food,upi,0
4304,19.0,97936.76,190.69,2879,2,0,0.3711,23.33,0.6023,1,0,12,gaming,wallet,0
4305,56.0,130443.73,75.3,2392,4,0,0.1378,23.69,0.8578,0,0,16,travel,upi,0
4306,61.0,35946.1,58.46,126,6,0,0.1441,52.4,0.8908,0,0,20,fashion,wallet,0
4307,60.0,33714.61,145.47,2354,5,0,0.1414,12.97,0.8508,0,0,16,jewelry,net_banking,0
4308,63.0,75145.69,548.06,946,5,0,0.1558,1.36,0.492,0,1,22,travel,wallet,0
4309,63.0,39043.04,78.99,2967,4,1,0.1701,6.71,0.8902,0,0,0,food,card,0
4310,52.0,47447.1,326.63,1067,5,0,0.1609,3.36,0.6631,0,0,17,gaming,upi,0
4311,47.0,89064.07,197.85,3913,3,0,0.2333,3.75,0.8208,0,0,16,food,net_banking,0
4312,66.0,40775.32,1321.06,496,8,0,0.1226,0.85,0.9713,0,0,3,gaming,upi,0
4313,,18659.38,265.92,3565,4,1,0.1894,0.03,0.8624,0,0,14,electronics,upi,0
4314,,26889.52,89.54,164,3,0,0.2957,10.97,0.8877,0,0,8,food,net_banking,0
4315,,,375.9,2741,2,0,0.2658,6.11,0.7657,0,0,8,electronics,upi,0
4316,33.0,19736.12,388.77,1431,4,0,0.0893,3.62,0.5926,0,0,0,gaming,upi,0
4317,73.0,46707.04,121.02,805,0,0,0.3468,4.17,0.6954,0,0,21,travel,upi,0
4318,41.0,25576.66,56.2,896,5,0,0.1968,8.5,0.9649,0,0,3,grocery,upi,0
4319,66.0,135544.45,307.66,182,0,0,0.2728,2.22,0.8311,0,0,2,gaming,wallet,0
4320,20.0,180939.3,191.8,557,0,0,0.1524,1.71,0.6819,1,1,7,food,net_banking,0
4321,55.0,30732.62,39.5,1586,6,0,0.0674,0.79,0.9679,0,0,5,food,card,0
4322,43.0,,232.17,654,1,1,0.1972,9.65,0.8097,0,0,12,grocery,net_banking,0
4323,44.0,32430.88,95.2,3873,1,1,0.2728,10.81,0.7364,0,0,14,grocery,card,0
4324,33.0,46395.83,39.54,3310,1,0,0.0829,2.46,0.429,0,0,0,fashion,card,0
4325,73.0,148300.6,126.58,1905,4,0,0.2296,14.42,0.7392,0,1,6,food,card,0
4326,40.0,42548.92,649.29,406,9,0,0.057,7.46,0.8469,0,0,6,food,upi,0
4327,66.0,,602.46,3945,7,0,0.1554,0.41,0.9426,0,0,2,food,wallet,0
4328,42.0,32751.28,463.92,2907,3,0,0.144,11.2,0.9206,0,0,18,fashion,card,0
4329,20.0,,235.61,757,3,0,0.119,3.98,,0,0,22,electronics,card,0
4330,68.0,15000.0,326.61,244,3,1,0.2852,2.16,0.5427,0,0,7,food,card,0
4331,28.0,43111.71,198.66,2490,0,1,0.2403,6.13,0.8732,0,0,4,food,card,0
4332,33.0,53629.31,59.61,191,4,0,0.1859,19.1,0.8091,0,0,5,food,card,0
4333,67.0,38234.59,72.78,2468,6,0,0.1049,4.35,0.903,0,0,22,grocery,net_banking,0
4334,68.0,88436.36,98.08,1785,4,0,0.2442,8.19,0.8856,0,0,11,gaming,card,0
4335,70.0,106532.3,730.93,3525,5,0,0.1552,51.86,0.8404,0,0,21,electronics,wallet,0
9046,62.0,53210.25,461.28,420,5,0,0.0882,1.59,0.7579,0,0,3,gaming,upi,0
4337,61.0,173947.03,61.13,1808,5,0,0.1693,19.02,0.9698,0,0,19,food,card,0
4338,36.0,25142.03,189.87,2196,6,0,0.1579,16.93,0.7632,0,0,14,jewelry,card,0
4339,60.0,111729.42,120.34,3933,3,0,0.0476,14.37,0.9043,0,0,6,fashion,upi,0
4340,46.0,59724.27,154.14,2819,4,0,0.1103,0.39,0.8435,0,0,5,gaming,net_banking,0
4341,20.0,41691.51,105.31,2687,3,1,0.167,8.65,0.8997,0,0,22,gaming,card,0
4342,41.0,43911.73,734.1,1259,2,0,0.265,17.06,0.6284,0,0,14,food,wallet,0
6681,28.0,39321.22,675.92,3556,2,0,0.127,15.38,0.7346,0,0,20,grocery,wallet,0
4344,32.0,61680.2,223.43,801,8,0,0.1584,7.48,0.9755,0,0,18,fashion,card,0
4345,39.0,33156.82,225.25,1584,1,0,0.1669,2.69,0.8592,0,0,7,food,upi,0
4346,46.0,48359.67,64.4,3293,4,0,0.1014,1.58,0.904,1,1,13,food,wallet,0
4347,20.0,35997.99,200.64,425,4,0,0.1057,2.48,0.962,0,0,22,gaming,wallet,0
4348,26.0,28192.5,520.75,686,3,0,0.2894,4.82,0.9398,0,0,15,fashion,card,0
4349,61.0,35086.34,784.97,2355,2,0,0.2468,14.16,0.7942,0,0,17,food,net_banking,0
4350,38.0,29219.82,57.12,3199,4,0,0.4115,1.29,0.7572,0,0,10,electronics,upi,0
4351,52.0,43651.95,39.42,3901,6,1,0.122,7.36,0.8277,1,0,8,gaming,wallet,1
4352,50.0,69769.32,191.54,2360,2,0,0.3675,4.3,0.8279,0,0,3,food,card,0
4353,49.0,58775.43,545.74,2638,3,0,0.1745,0.9,0.8859,0,1,21,jewelry,card,0
4354,41.0,162914.06,257.9,1178,4,2,0.1137,4.31,0.6997,0,1,13,grocery,card,1
4355,45.0,16306.83,355.4,1657,2,0,0.2049,6.91,0.787,0,0,8,jewelry,upi,0
4356,64.0,71198.43,46.19,1277,1,1,0.065,2.3,0.9918,0,0,14,gaming,card,0
4357,73.0,55194.56,101.59,462,1,0,0.217,7.95,0.7094,1,0,23,gaming,card,0
4358,32.0,86138.1,20.02,1501,1,1,0.0784,16.45,0.791,0,0,10,food,card,0
4359,56.0,81564.09,156.1,893,4,0,0.099,0.26,0.7671,0,0,16,food,card,0
4360,,50228.76,20.67,2376,2,0,0.1174,15.12,0.7378,0,1,10,food,card,0
4361,18.0,60478.71,682.4,3022,2,0,0.0733,16.19,0.8768,0,0,3,gaming,upi,0
4362,62.0,36528.59,852.16,3919,3,0,0.0514,2.1,0.7744,0,0,13,food,card,0
3574,36.0,31219.39,72.11,1237,2,1,0.295,7.64,0.8567,0,0,4,food,card,0
4364,73.0,19569.09,39.66,1293,2,1,0.2281,0.69,0.8658,0,1,0,travel,wallet,0
4365,50.0,84317.36,262.09,3756,6,1,0.2693,9.95,0.7897,0,0,7,,card,0
4366,65.0,54303.45,1155.27,3769,11,2,0.1765,3.75,0.6771,0,0,5,grocery,upi,1
4367,27.0,42074.8,289.66,2028,5,0,0.2725,3.71,0.4434,0,0,17,electronics,card,1
4368,26.0,48397.1,588.71,844,7,0,0.3652,6.39,0.8205,0,0,11,travel,upi,1
4369,70.0,50389.12,110.81,3116,2,0,0.2426,2.94,0.646,0,0,7,food,upi,0
4370,48.0,112263.66,75.32,478,4,0,0.2983,5.65,0.7044,1,0,1,jewelry,upi,0
4371,49.0,250000.0,167.69,1463,3,0,0.3307,9.05,0.7372,0,0,23,fashion,card,0
4372,27.0,107582.95,26.21,2142,2,2,0.2976,5.41,0.9243,0,0,19,jewelry,wallet,0
4373,30.0,40302.12,1732.02,3458,8,0,0.0998,6.12,0.7894,0,0,11,grocery,card,0
4374,64.0,77766.69,206.98,3906,5,0,0.0492,0.91,0.9327,0,0,21,food,card,0
4375,35.0,79651.77,428.26,3277,3,0,0.3958,16.19,0.8201,0,0,4,grocery,net_banking,0
4376,51.0,33065.64,113.46,1954,4,1,0.1476,5.7,0.9789,0,0,13,jewelry,upi,0
4377,36.0,27491.96,38.47,367,6,0,0.0976,3.29,0.7855,1,0,10,travel,upi,0
4378,33.0,53118.68,749.02,3205,3,0,0.2851,4.55,0.6878,0,1,15,grocery,wallet,0
4379,27.0,85761.69,58.49,3431,2,0,0.3125,6.72,0.9649,0,0,0,fashion,upi,0
4380,70.0,22665.38,255.14,1906,2,0,0.059,2.52,0.7042,0,0,14,gaming,wallet,0
4381,71.0,,280.35,2229,0,0,0.2723,2.13,0.9744,0,0,8,grocery,card,0
4382,24.0,75361.13,193.82,3404,5,0,0.261,4.62,0.6949,0,0,16,gaming,wallet,0
4383,38.0,56276.73,82.14,554,4,0,0.17,2.69,0.8015,0,0,9,food,card,0
4384,50.0,,154.98,3256,5,0,0.1934,0.84,0.8735,0,1,15,,upi,1
4385,39.0,25307.0,69.61,2065,3,1,0.2762,5.9,0.7994,0,0,4,food,upi,0
4386,59.0,200542.04,404.29,2754,7,0,0.0752,25.45,0.8342,0,0,6,electronics,card,0
4387,32.0,23604.5,318.78,786,5,0,0.1785,4.15,0.9674,0,1,19,grocery,upi,0
4388,21.0,18016.59,176.19,2473,7,0,0.2496,4.06,0.778,0,1,7,fashion,net_banking,0
4389,,53246.45,101.96,1095,4,0,0.2852,4.11,0.656,0,0,23,grocery,card,1
4390,52.0,,1480.71,2087,2,0,0.2033,3.71,0.9258,0,1,7,food,upi,0
4391,28.0,53840.05,48.95,2113,5,0,0.4053,19.16,0.9546,0,0,5,jewelry,card,0
4392,64.0,52814.37,38.41,3828,4,1,0.081,45.0,0.752,0,0,15,grocery,card,0
4393,18.0,49385.53,165.83,2690,3,0,0.0944,20.38,0.6958,0,1,17,jewelry,card,1
4394,21.0,34605.31,139.06,2242,4,0,0.131,2.26,0.7419,0,0,9,fashion,card,0
4395,47.0,69776.28,539.44,1625,5,0,0.3452,14.5,0.5536,0,1,3,travel,wallet,0
4396,47.0,46191.59,343.46,1368,6,0,0.3974,4.49,0.7963,0,0,6,grocery,card,0
4397,34.0,100922.09,185.39,2619,5,1,0.1367,34.94,0.7088,0,0,6,electronics,net_banking,0
4398,32.0,49805.65,296.87,3532,8,0,0.1787,7.31,0.8587,0,1,12,grocery,card,0
4399,21.0,32355.28,291.52,2302,5,1,0.1995,1.72,0.7865,0,0,15,food,upi,1
4400,55.0,21738.66,1475.15,2650,3,0,0.1402,15.21,,1,0,3,fashion,upi,1
4401,39.0,50032.51,231.9,1332,3,0,0.4872,20.36,0.8712,0,0,0,grocery,card,0
4402,24.0,27365.16,91.09,2245,6,0,0.1126,11.18,0.7555,0,0,10,grocery,upi,0
4403,,26176.29,219.52,2300,3,0,0.293,0.76,0.7958,0,0,8,food,card,0
4404,71.0,73510.97,13.12,2738,3,0,0.1393,1.07,0.7281,0,0,14,travel,card,0
4405,32.0,20689.26,174.22,1285,5,0,0.1707,2.93,0.7823,0,0,13,fashion,wallet,0
4406,68.0,,536.97,1415,4,0,0.1759,3.45,0.7386,0,0,14,electronics,wallet,0
4407,32.0,60049.98,328.7,1456,8,0,0.3056,4.82,0.8458,0,0,5,fashion,upi,0
4408,28.0,53689.62,242.62,1700,5,0,0.3788,1.24,0.7595,1,0,7,jewelry,card,1
4409,32.0,31131.24,344.54,1189,5,0,0.2981,5.52,0.7852,0,0,12,electronics,net_banking,0
4410,36.0,83741.77,542.51,806,2,2,0.085,15.18,0.5526,0,0,20,grocery,upi,0
4411,24.0,54912.2,748.59,2015,4,0,0.2566,10.24,0.936,0,0,3,fashion,upi,0
4412,51.0,37712.06,281.58,3424,2,0,0.5592,15.06,0.833,0,0,23,grocery,card,0
4413,37.0,61389.37,131.22,155,5,0,0.3301,1.59,0.9022,0,0,3,fashion,upi,0
4414,58.0,21797.63,17.8,2672,1,0,0.2722,12.05,0.4853,1,0,23,electronics,card,0
4415,45.0,22374.08,478.73,3271,3,0,0.1507,15.51,0.5871,0,0,19,fashion,card,0
4416,43.0,29702.49,301.32,3302,2,1,0.0368,31.85,0.6524,0,0,2,fashion,upi,0
4417,44.0,66657.87,209.69,3415,2,0,0.0988,2.43,0.8755,1,1,4,grocery,net_banking,1
4418,26.0,54901.52,90.46,1290,5,0,0.097,15.64,0.6517,0,0,11,,upi,0
4419,,97931.85,472.53,430,6,0,0.1912,14.32,0.7803,0,0,23,fashion,wallet,0
4420,23.0,33159.82,139.17,3981,4,0,0.1175,28.53,0.7244,0,0,7,grocery,upi,0
4421,59.0,75444.74,173.91,2808,4,1,0.2461,37.61,0.8249,0,0,8,fashion,card,0
4422,74.0,51661.06,170.2,1448,8,2,0.0781,22.29,0.5487,0,0,20,food,card,1
4423,61.0,32741.99,282.25,3412,7,1,0.2345,5.05,0.8277,1,0,23,fashion,card,0
4424,43.0,67982.64,57.07,1434,5,0,0.3115,7.31,0.8833,0,0,19,food,wallet,0
4425,35.0,53038.96,315.93,3004,8,0,0.1337,8.25,0.9223,0,0,7,,card,1
4426,67.0,38912.58,87.54,3843,4,1,0.1498,11.65,0.91,0,0,4,gaming,wallet,1
4427,32.0,56285.26,90.66,3078,4,0,0.0917,4.52,0.768,0,0,19,food,upi,0
4428,45.0,51218.02,436.24,2630,5,0,0.1608,6.21,0.7941,0,0,23,grocery,upi,0
4429,61.0,50542.0,66.55,788,4,0,0.3058,7.01,0.6984,0,1,2,food,,0
4430,70.0,43833.88,435.46,3735,4,0,0.0527,4.66,0.7857,0,0,11,grocery,wallet,0
4431,70.0,26832.44,199.2,1720,4,0,0.1165,12.32,0.7852,1,0,7,food,upi,0
4432,23.0,57308.8,34.63,2503,5,1,0.0739,1.93,0.9275,0,0,11,grocery,card,0
4433,69.0,35369.16,704.46,2459,3,0,0.4882,3.31,0.8087,0,0,0,electronics,card,0
4434,24.0,31379.42,245.48,1008,3,1,0.2813,6.92,0.7637,0,0,20,fashion,card,0
4435,51.0,48180.21,266.96,2424,4,0,0.3052,2.76,0.9827,0,0,21,food,card,0
4436,70.0,82355.71,492.85,1581,4,1,0.1001,11.83,0.8451,0,0,6,grocery,wallet,0
4437,55.0,60911.42,806.08,1417,2,0,0.177,10.76,0.5655,0,1,17,electronics,card,1
4438,72.0,41067.0,220.08,3439,4,1,0.2564,9.25,0.9688,1,0,21,jewelry,upi,0
4439,37.0,40168.89,333.7,2896,6,0,0.0431,7.49,0.6769,0,0,0,electronics,card,1
4440,35.0,78025.09,260.9,1973,3,0,0.1165,8.88,0.8757,0,0,14,gaming,card,0
4441,36.0,15000.0,127.75,106,3,0,0.0738,14.37,0.8586,1,0,14,electronics,card,0
4442,38.0,85275.22,36.95,2844,3,0,0.2218,2.13,0.9514,0,0,4,travel,upi,0
4443,56.0,19621.47,223.16,2960,5,1,0.0159,13.16,0.7938,0,0,3,food,upi,0
1899,60.0,52205.53,677.14,2215,3,1,0.2802,10.58,0.8978,1,0,17,fashion,card,0
4445,60.0,41449.96,322.56,3035,2,0,0.3172,0.73,0.6795,0,0,9,food,card,0
4446,41.0,181435.73,61.9,1617,6,0,0.0903,12.65,0.8037,0,0,0,electronics,net_banking,0
4447,35.0,138367.59,539.41,2938,5,0,0.4933,17.4,0.7645,0,0,17,grocery,card,0
4448,28.0,81117.72,132.09,3362,6,0,0.2282,3.98,0.9165,0,0,0,grocery,wallet,0
4449,49.0,66915.56,22.22,2810,7,1,0.1197,1.83,0.7836,0,0,15,grocery,card,0
4450,69.0,19748.57,498.13,3765,1,0,0.1143,4.15,,0,1,6,fashion,upi,0
4451,66.0,59952.36,69.94,333,3,0,0.0731,31.63,0.9424,0,0,23,grocery,wallet,0
4452,32.0,,1068.15,1317,8,1,0.0747,0.62,0.9559,0,1,19,food,card,1
4453,45.0,35098.73,567.21,265,1,1,0.2532,15.71,0.8426,0,0,0,electronics,card,0
4454,,59887.92,143.33,715,4,0,0.187,3.28,0.8671,0,0,8,food,card,1
4455,52.0,42445.58,284.95,1513,5,0,0.1541,6.82,0.5617,0,0,2,grocery,card,0
4456,21.0,88716.68,2032.2,122,7,0,0.3954,1.48,0.6177,0,0,11,food,upi,0
4457,51.0,18964.3,489.29,1602,5,0,0.095,12.77,,0,0,8,travel,card,0
4458,20.0,57316.55,228.41,535,6,0,0.3081,2.42,0.6897,0,0,6,travel,card,0
4459,24.0,33914.06,3236.06,479,2,0,0.2137,19.39,0.9377,0,0,22,grocery,upi,0
4460,55.0,43905.23,202.46,3347,5,1,0.2085,1.96,0.8024,0,0,15,jewelry,card,0
4461,23.0,65031.89,322.07,2984,3,0,0.1457,16.3,0.6939,0,1,12,food,card,1
4462,37.0,29749.55,70.58,1839,1,0,0.0642,10.52,0.9223,0,0,4,jewelry,wallet,0
4463,51.0,60199.31,33.72,2282,5,0,0.0983,7.8,0.8021,0,0,9,grocery,upi,0
4464,55.0,48937.66,134.98,1187,2,0,0.1663,3.58,0.7164,0,0,23,electronics,upi,0
4465,43.0,38244.91,187.05,1957,7,1,0.3348,8.7,0.8296,0,1,14,grocery,upi,1
4466,23.0,42458.13,250.19,3109,4,1,0.1442,6.38,0.8959,0,1,7,grocery,wallet,0
4467,63.0,50518.0,43.52,2100,3,0,0.2888,8.13,0.7767,1,1,0,food,wallet,0
4468,72.0,36054.19,348.5,3179,1,0,0.0779,1.78,0.7574,1,0,4,electronics,card,0
4469,68.0,55215.03,78.46,1954,5,1,0.0726,13.11,0.7416,0,0,12,gaming,card,0
4470,60.0,47197.27,330.86,1467,3,1,0.1542,1.91,0.8251,0,0,18,grocery,upi,0
4471,40.0,39296.2,458.46,3582,5,0,0.0584,10.16,0.7303,1,0,13,fashion,card,0
4472,67.0,131860.75,121.2,3608,2,0,0.2789,5.88,0.6862,1,0,3,food,net_banking,0
4473,45.0,69111.09,68.66,937,6,0,0.1265,4.89,0.7505,0,0,3,fashion,card,1
4474,25.0,44560.22,842.7,1868,1,0,0.1946,6.91,0.6909,0,0,6,gaming,upi,0
4475,66.0,59594.09,430.9,3096,3,0,0.3432,13.19,0.7682,0,0,12,grocery,wallet,0
4476,36.0,31267.59,209.54,1067,2,0,0.1409,6.35,0.6953,0,0,23,grocery,card,0
4477,71.0,43254.83,781.63,3002,4,0,0.3343,20.47,0.5973,0,0,3,travel,card,0
4478,38.0,46122.02,195.63,3602,4,1,0.1913,4.65,0.8413,0,0,2,gaming,card,0
4479,67.0,27704.55,96.78,966,5,0,0.0737,14.25,0.796,0,0,22,food,upi,0
4480,48.0,68059.2,66.11,637,6,0,0.1536,7.52,0.8032,0,0,6,gaming,upi,0
4481,44.0,41647.7,161.61,3780,3,0,0.0729,13.16,0.5311,0,0,21,gaming,upi,0
4482,34.0,45232.98,389.43,3983,4,1,0.3053,3.93,0.8501,0,1,3,food,upi,0
4483,65.0,40226.95,722.5,3438,3,0,0.2792,1.97,0.8264,0,0,23,food,card,1
4484,21.0,250000.0,184.28,2464,4,1,0.0301,3.33,0.7825,1,0,14,jewelry,card,0
4485,44.0,38202.27,605.52,369,1,0,0.1155,4.04,0.9079,0,1,9,grocery,wallet,0
4486,39.0,17629.27,145.28,3663,1,1,0.1672,2.31,0.9511,0,0,5,food,card,0
4487,48.0,22813.91,82.38,819,2,0,0.1274,7.49,0.8251,0,0,18,grocery,card,0
4488,32.0,83508.6,48.75,739,1,0,0.1061,7.32,0.9159,0,0,7,food,wallet,0
4489,55.0,114707.13,108.5,2877,2,0,0.2235,10.06,0.8118,0,1,9,gaming,card,0
4490,39.0,37801.35,50.62,1574,1,0,0.1156,12.75,,0,0,1,travel,net_banking,0
4491,28.0,111136.09,1342.74,3474,7,0,0.369,20.98,0.645,1,0,16,electronics,upi,0
4492,29.0,82699.01,279.29,3496,2,0,0.3471,2.82,0.8901,0,0,6,grocery,upi,0
4493,57.0,49556.78,163.59,3226,3,1,0.7309,4.35,0.9718,1,0,14,travel,upi,0
4494,32.0,47659.77,1007.23,3353,5,0,0.1035,15.21,0.983,0,0,9,fashion,wallet,0
4495,35.0,,48.94,2197,4,0,0.1464,2.06,0.6394,0,0,3,food,upi,0
4496,53.0,89115.55,156.93,3491,7,1,0.1537,7.16,0.5683,0,0,19,electronics,upi,0
4497,36.0,68432.32,1329.6,3663,6,0,0.0489,12.83,0.9373,0,0,8,travel,net_banking,0
4498,40.0,37905.21,155.85,1143,2,1,0.1663,18.93,0.9081,0,0,1,electronics,wallet,0
4499,31.0,49974.82,2079.27,1718,4,0,0.0975,8.81,0.7355,1,1,8,,upi,1
4500,37.0,163535.17,394.87,2481,6,1,0.2706,2.58,0.8412,1,0,11,grocery,upi,1
4501,57.0,63149.24,664.4,3441,3,0,0.0756,0.88,0.83,0,0,11,electronics,wallet,0
4502,48.0,88717.94,683.93,1576,6,0,0.0846,5.87,0.7555,1,0,15,travel,wallet,1
4503,74.0,74015.16,180.29,1062,3,0,0.0536,6.05,0.6748,1,0,0,grocery,card,0
4504,61.0,63923.05,110.47,1303,3,0,0.1821,9.9,0.5814,0,0,17,electronics,upi,0
4505,18.0,58388.42,160.38,3204,2,0,0.125,15.54,0.7716,0,0,4,food,card,0
5681,28.0,23450.09,51.64,676,5,0,0.0541,4.16,0.8096,0,0,8,jewelry,card,0
4507,34.0,,168.51,1042,5,0,0.1741,4.88,0.9707,0,0,22,gaming,upi,0
4508,51.0,63591.17,179.21,2868,5,1,0.324,15.8,0.8947,1,0,1,grocery,upi,1
4509,33.0,37553.4,974.76,2650,4,0,0.3302,6.3,0.832,0,0,17,,upi,1
4510,73.0,67992.03,325.78,2088,2,0,0.2244,1.34,0.9789,0,0,23,food,card,0
4511,35.0,53009.91,1911.37,2490,5,0,0.1107,10.3,0.855,0,1,7,food,card,1
4512,47.0,46422.88,20.77,945,3,0,0.0793,28.16,0.8888,0,1,4,food,,1
4513,25.0,240005.05,53.3,754,5,0,0.0458,10.61,0.8755,0,0,20,electronics,upi,0
4514,69.0,23590.76,126.17,3235,2,1,0.1465,5.54,0.6948,0,0,9,,card,0
4515,69.0,93178.34,800.67,2729,2,0,0.3158,27.92,0.6988,0,0,18,travel,upi,0
4516,63.0,34221.84,161.32,3911,5,1,0.2173,7.97,0.7796,0,0,21,gaming,wallet,0
4517,,59115.35,41.48,3757,6,0,0.5313,2.95,0.7441,0,0,6,travel,card,0
4518,21.0,225891.84,140.87,1470,3,0,0.2758,23.96,0.8601,0,0,14,jewelry,card,0
4519,,32395.85,54.35,1866,8,0,0.2308,2.37,0.623,0,0,15,fashion,net_banking,0
4520,42.0,36936.61,44.67,3401,7,0,0.1198,4.07,0.8702,0,0,15,grocery,card,0
4521,74.0,54472.75,1328.47,43,4,0,0.2132,0.71,0.7038,0,0,9,travel,card,0
4522,57.0,34513.96,126.64,3459,5,0,0.1718,17.56,0.5896,1,0,23,electronics,card,0
4523,48.0,89439.66,214.03,695,7,0,0.3988,5.8,0.9403,0,0,6,grocery,upi,0
4524,74.0,40990.57,164.02,1064,3,0,0.125,6.69,0.851,0,1,4,food,net_banking,0
4525,63.0,78809.89,139.97,1943,10,1,0.1208,17.03,0.8287,0,0,8,grocery,upi,1
4526,44.0,26477.07,77.66,2830,3,2,0.2758,13.08,0.833,0,1,4,food,card,0
4527,19.0,20360.07,131.94,1434,5,0,0.0215,5.94,0.7767,0,1,7,gaming,upi,1
4528,23.0,48491.64,252.19,3755,3,1,0.3707,7.21,0.8816,0,0,18,electronics,upi,0
4529,43.0,23211.64,743.67,3137,6,0,0.3432,3.0,0.819,0,0,2,food,card,0
4530,50.0,126770.85,464.24,2967,3,1,0.2378,15.16,0.5858,0,0,1,food,card,0
4531,19.0,23711.05,53.19,3096,5,0,0.1783,8.49,0.9002,0,0,0,fashion,wallet,0
4532,,31081.27,483.71,149,1,0,0.0952,0.67,0.8842,0,0,15,fashion,card,0
4533,58.0,,289.57,3297,3,0,0.1465,5.54,0.8406,0,1,19,food,card,0
4534,60.0,39838.47,96.37,2429,6,0,0.3357,4.82,0.5969,0,0,22,food,card,0
4535,19.0,23860.39,215.95,769,4,0,0.1763,2.27,0.7902,0,0,16,jewelry,card,0
4536,46.0,168901.12,319.02,3120,3,0,0.2401,23.06,0.8486,1,0,16,food,net_banking,0
9153,35.0,45384.93,725.24,1059,6,1,0.194,2.23,0.7361,0,0,20,fashion,upi,0
4538,59.0,49372.39,290.96,2484,1,2,0.284,7.31,0.9322,0,0,19,grocery,upi,0
4539,65.0,49022.4,75.94,2290,8,1,0.1153,17.29,0.9003,0,0,18,food,card,0
4540,67.0,81288.39,1320.53,144,6,0,0.155,0.11,0.8864,0,1,13,grocery,wallet,0
4541,,70925.29,26.15,1517,4,0,0.1487,16.86,0.8744,0,0,9,grocery,upi,0
4542,53.0,34903.69,320.8,507,5,0,0.2483,6.39,0.7147,0,0,3,travel,card,0
4543,70.0,45976.4,259.75,3787,1,0,0.4543,17.28,0.6378,0,0,6,electronics,,0
4544,52.0,48546.68,342.37,3212,6,0,0.1626,1.8,0.9629,0,0,0,gaming,upi,0
4545,43.0,83034.89,88.64,3983,4,0,0.4124,2.08,0.7712,1,1,8,grocery,,0
4546,61.0,28926.44,579.49,1967,5,0,0.0559,4.7,0.6878,0,0,15,electronics,wallet,0
6308,25.0,74494.75,165.09,2086,10,0,0.056,10.28,0.7886,0,0,19,electronics,upi,1
4548,66.0,36226.19,54.97,3833,4,2,0.3482,48.09,0.828,0,0,2,electronics,upi,0
4549,47.0,,60.23,1247,1,0,0.018,3.38,0.6139,0,0,0,gaming,upi,0
4550,67.0,29059.31,203.91,1677,3,1,0.1355,0.4,0.7188,0,0,6,grocery,wallet,0
4551,20.0,26932.82,36.47,560,4,0,0.3558,2.23,0.7999,0,0,0,food,card,0
4552,20.0,34001.26,1089.49,3292,1,0,0.0921,0.56,0.7576,0,0,21,travel,card,0
4553,23.0,32250.88,513.82,505,3,0,0.0922,9.01,0.7246,0,0,2,electronics,upi,0
4554,49.0,43793.78,1118.56,170,4,0,0.1105,0.32,0.9864,0,0,23,food,wallet,0
4555,58.0,32101.49,1006.65,3338,3,0,0.1819,6.44,0.7598,0,0,8,electronics,net_banking,0
6587,49.0,29770.32,124.91,376,5,1,0.3979,6.94,0.7629,0,0,20,travel,upi,0
4557,26.0,35755.07,75.46,3419,4,0,0.0949,5.8,0.9739,0,0,8,grocery,wallet,0
4558,,33640.63,12.37,3440,4,1,0.1199,0.37,0.8563,0,1,19,travel,upi,1
4559,,44309.55,119.91,592,6,0,0.2451,4.55,0.787,0,0,0,food,card,0
4560,54.0,94954.19,1052.17,1467,3,0,0.0885,7.15,0.871,1,0,7,grocery,upi,0
4561,45.0,61899.68,78.66,3067,2,0,0.1859,5.38,0.5936,0,0,5,fashion,card,0
4562,41.0,52065.57,145.92,1258,9,0,0.5624,0.8,0.5342,1,0,9,electronics,wallet,0
4563,19.0,,103.38,3119,0,0,0.0621,5.24,0.7897,0,1,13,food,card,0
4564,28.0,29336.82,261.9,3642,3,0,0.3928,6.3,0.7974,0,0,11,grocery,card,0
4565,69.0,27226.96,651.35,3846,3,0,0.349,1.08,0.5579,0,0,1,travel,card,0
4566,37.0,112854.72,38.62,3117,2,0,0.0224,3.93,0.8904,0,0,17,food,card,0
4567,58.0,73636.65,46.77,3195,6,0,0.2809,17.17,0.7771,0,0,3,electronics,card,0
4568,58.0,34241.62,795.98,2403,3,0,0.0631,22.05,0.9147,0,0,6,jewelry,wallet,0
4569,35.0,40323.27,374.66,339,4,0,0.3321,27.29,0.944,0,0,14,gaming,card,0
4570,29.0,34932.71,138.88,1762,4,1,0.1535,9.6,0.7619,0,0,20,food,card,0
4571,57.0,33788.13,992.31,3814,4,0,0.2402,23.89,0.9564,0,0,14,travel,wallet,0
4572,23.0,,45.97,3650,0,0,0.1016,1.3,0.9094,0,0,22,fashion,card,0
4573,46.0,46954.93,456.77,977,1,0,0.1636,3.98,0.8633,0,0,23,travel,card,0
4574,68.0,172772.46,168.13,2996,2,1,0.0787,5.75,0.7089,0,0,11,fashion,card,0
4575,58.0,,330.13,1249,2,0,0.4723,0.2,0.8099,1,0,7,fashion,card,0
4576,61.0,113018.03,16.54,1684,2,0,0.227,10.62,0.9153,0,0,14,gaming,wallet,0
4577,22.0,79565.42,138.69,2606,1,0,0.0242,5.6,0.6796,0,0,7,fashion,card,0
4578,29.0,43591.87,376.06,2001,4,1,0.262,0.0,0.6725,0,0,16,food,upi,0
4579,33.0,76410.35,168.95,2429,1,0,0.2306,11.0,0.8109,0,0,20,food,card,0
4580,34.0,45398.32,631.6,420,3,0,0.2672,4.49,0.8402,0,0,18,grocery,card,0
4581,29.0,134825.99,610.8,1207,1,0,0.2454,0.03,0.8199,0,0,7,grocery,card,0
4582,73.0,68695.72,69.02,3248,3,0,0.0787,1.07,0.8978,0,0,12,fashion,upi,0
4583,27.0,63537.57,410.32,2488,8,0,0.6288,0.1,0.8903,1,0,3,gaming,card,1
4584,58.0,58981.46,66.71,3371,9,1,0.1716,0.79,0.9003,0,0,6,gaming,upi,1
4585,51.0,143234.01,189.99,3862,2,0,0.1684,7.81,0.9191,0,0,7,food,net_banking,0
4586,52.0,24997.37,346.92,1441,1,0,0.102,8.22,0.7737,0,0,0,fashion,upi,0
4587,30.0,151167.95,78.08,1079,5,0,0.1957,7.77,0.6157,0,0,15,food,card,0
4588,,49647.53,395.39,1259,4,4,0.3193,6.32,0.5464,0,0,20,gaming,wallet,1
4589,52.0,25379.74,108.59,2301,5,1,0.2121,0.74,0.8454,0,1,6,gaming,upi,0
4590,35.0,36365.4,100.71,1031,4,0,0.2916,4.71,0.6794,1,0,10,grocery,net_banking,1
4591,57.0,22184.4,364.89,1579,5,0,0.1468,4.58,0.5808,0,0,8,food,card,0
4592,20.0,78794.59,78.02,718,0,0,0.1667,15.89,0.8879,1,0,3,fashion,card,0
4593,22.0,31070.91,74.15,1561,2,0,0.1105,10.5,0.5356,1,0,22,grocery,card,0
4594,59.0,60346.35,509.85,3792,3,1,0.1732,3.74,0.6777,0,0,10,electronics,card,0
4595,53.0,102632.28,200.64,1712,3,1,0.4846,35.6,0.8802,0,0,10,grocery,wallet,0
4596,20.0,38005.23,42.05,3043,1,0,0.0534,11.17,0.8067,0,0,21,jewelry,card,0
4597,69.0,47459.47,423.52,1738,3,0,0.1555,0.94,0.9068,0,0,14,food,card,0
4598,18.0,26855.79,119.86,1750,5,1,0.1321,9.63,0.9288,1,0,7,food,wallet,0
4599,72.0,44422.09,44.25,2644,9,0,0.16,4.21,0.7766,0,1,20,fashion,wallet,1
4600,59.0,226568.24,14.67,467,5,1,0.0618,2.76,0.7897,0,0,1,food,card,0
4601,74.0,84368.7,444.24,1440,0,0,0.0454,4.04,0.9294,0,0,5,electronics,card,0
4602,72.0,47547.61,76.18,583,5,1,0.073,3.09,0.7821,0,1,19,grocery,,0
4603,35.0,39287.44,51.89,819,3,1,0.135,0.18,0.8705,0,0,22,gaming,card,0
4604,61.0,53725.34,341.16,2847,5,3,0.1809,1.57,0.7427,1,0,19,food,net_banking,1
4605,30.0,59078.15,402.92,723,5,0,0.1633,0.19,0.7589,0,0,1,gaming,card,0
4606,44.0,43678.01,81.93,836,7,0,0.1441,18.97,0.5552,0,1,22,,wallet,0
4607,31.0,73616.25,448.36,2303,1,0,0.2326,22.09,0.8392,0,1,7,travel,card,0
4608,45.0,32555.2,1405.08,1411,2,1,0.1213,3.83,0.8635,0,0,0,grocery,card,0
4609,67.0,32466.86,692.02,516,3,0,0.2219,1.68,0.8323,0,0,2,travel,upi,0
4610,42.0,,592.3,3829,7,0,0.2659,10.63,0.8624,0,0,11,jewelry,card,0
8991,18.0,44523.21,558.0,2493,1,2,0.1666,3.74,0.8829,0,0,19,food,wallet,0
4612,36.0,82129.12,115.5,2337,5,0,0.508,8.45,0.5396,0,0,3,travel,upi,0
4613,62.0,54569.7,170.22,2113,4,1,0.1477,0.55,0.9294,0,0,20,grocery,upi,0
4614,47.0,20125.41,279.69,3239,6,0,0.0757,3.6,0.5068,0,0,12,food,card,0
4615,49.0,58414.12,51.18,3896,10,0,0.0686,1.24,0.8995,0,0,19,jewelry,upi,0
4616,42.0,21769.34,83.39,442,1,0,0.153,9.72,0.8997,0,0,5,grocery,card,0
4617,34.0,80534.23,43.17,417,5,0,0.077,1.55,0.5683,0,0,16,electronics,card,0
4618,52.0,47968.3,227.73,1341,3,0,0.4166,23.95,0.8959,0,0,18,grocery,card,0
4619,54.0,152235.63,195.59,1238,8,0,0.0575,3.93,0.8122,0,0,18,fashion,card,0
4620,69.0,99142.21,93.71,3585,5,1,0.2839,0.96,0.8741,0,1,16,,upi,0
4621,53.0,30690.47,408.89,2047,2,0,0.0962,2.99,0.7092,0,0,23,grocery,upi,0
4622,74.0,18100.26,63.33,3247,2,1,0.1953,1.38,0.575,1,0,21,grocery,upi,0
4623,65.0,36307.61,90.3,2679,6,0,0.1256,1.28,0.8464,0,0,20,food,card,0
4624,22.0,28096.39,392.87,2902,7,1,0.1291,2.42,0.7906,0,1,19,grocery,upi,0
4625,40.0,150128.13,455.67,3827,6,0,0.4587,5.5,0.655,0,1,13,fashion,card,1
4626,39.0,54688.86,81.23,2361,3,0,0.1353,10.73,0.8508,0,1,2,fashion,card,0
4627,18.0,91901.15,227.01,3112,7,0,0.1623,1.56,0.7956,0,0,4,food,wallet,0
4628,28.0,47019.68,82.61,1097,4,1,0.1002,14.9,0.7829,0,0,10,food,wallet,0
4629,61.0,49824.96,147.76,1060,5,0,0.0882,9.29,0.8225,0,0,11,electronics,card,0
4630,38.0,54021.84,207.85,2354,3,1,0.0831,5.31,0.6268,0,0,6,food,upi,0
4631,26.0,,315.24,3609,2,3,0.132,3.43,0.6303,0,0,18,electronics,wallet,1
4632,34.0,65282.68,247.28,231,4,0,0.2483,1.34,0.9764,0,0,14,jewelry,upi,0
4633,33.0,30747.22,236.54,2019,6,0,0.2455,3.29,0.8346,0,0,11,gaming,card,0
4634,27.0,134251.64,61.22,833,4,0,0.1676,2.58,0.9079,0,0,0,electronics,card,0
4635,23.0,46818.79,265.4,3541,5,0,0.1914,6.22,0.9534,1,1,1,food,wallet,1
4636,61.0,42811.09,312.32,2087,2,1,0.3377,14.52,0.7889,1,0,2,fashion,card,1
4637,64.0,15000.0,358.49,197,4,0,0.1094,1.23,0.8528,1,1,11,travel,card,0
4638,46.0,77964.45,87.66,37,3,0,0.0361,0.58,0.7809,0,0,7,fashion,card,0
4639,53.0,58142.11,449.68,2569,0,0,0.5034,2.83,0.5639,0,0,8,food,net_banking,0
4640,70.0,58107.36,48.22,951,4,0,0.3416,35.7,0.8142,0,0,7,food,card,0
4641,66.0,44070.01,117.0,193,3,0,0.3777,4.25,0.8545,0,0,19,grocery,net_banking,0
4642,19.0,40083.44,136.65,634,3,0,0.302,3.83,0.836,0,0,20,travel,card,0
4643,72.0,44883.22,50.93,642,2,0,0.4159,1.65,0.9565,0,0,11,grocery,card,0
4644,21.0,70956.83,134.59,1401,4,0,0.266,5.54,0.9674,1,0,8,fashion,net_banking,0
4645,19.0,78167.03,224.63,2880,6,0,0.315,12.83,0.7454,0,0,7,jewelry,wallet,0
4646,40.0,48437.09,29.0,3437,7,0,0.4199,0.46,0.803,0,0,15,electronics,net_banking,0
4647,60.0,92688.91,121.3,2142,0,2,0.0172,1.06,0.9096,0,0,12,food,wallet,0
4648,22.0,52662.17,31.33,3791,2,0,0.3405,20.3,0.7142,0,0,0,travel,net_banking,0
4649,34.0,41679.47,1386.44,3171,2,0,0.1412,9.42,0.9539,0,0,6,electronics,upi,0
4650,,61341.82,222.62,685,5,1,0.2797,13.87,0.7664,0,0,22,grocery,upi,0
4651,40.0,26040.96,204.14,2949,6,0,0.1519,20.79,0.8167,0,0,5,electronics,card,1
4652,74.0,62510.11,227.02,947,4,0,0.0882,16.99,0.7849,0,0,11,electronics,card,0
4653,36.0,23550.17,329.47,3854,1,0,0.3577,0.58,0.797,1,0,4,electronics,net_banking,0
4654,29.0,31252.0,478.72,3392,5,1,0.209,2.41,0.5435,0,0,21,jewelry,card,0
4655,24.0,18120.66,37.69,285,3,0,0.0752,11.49,0.9409,0,0,13,electronics,upi,0
4656,29.0,,667.23,715,2,1,0.2901,2.57,0.7819,0,0,19,grocery,card,0
4657,25.0,133303.93,625.64,1782,2,0,0.1359,27.13,0.8794,0,0,23,fashion,upi,0
4658,50.0,51570.05,168.45,2973,1,0,0.2302,5.27,0.7768,0,0,10,food,card,0
4659,41.0,78359.34,159.85,2222,4,1,0.2156,5.89,0.9147,0,0,23,food,,0
4660,46.0,200558.47,8.09,369,5,0,0.1478,1.51,0.7776,0,0,1,fashion,wallet,0
4661,65.0,68687.27,51.88,2525,0,0,0.4453,2.34,0.6942,1,1,0,gaming,card,0
4662,51.0,36106.27,302.42,2603,1,1,0.2065,3.17,0.5882,1,0,0,grocery,card,0
4663,26.0,38945.78,597.99,3721,1,0,0.1934,5.87,0.9307,0,0,6,grocery,upi,0
4664,39.0,55019.91,373.08,1084,7,1,0.2397,2.66,0.7214,0,0,10,grocery,card,1
4665,35.0,,166.87,181,1,0,0.2275,3.61,0.8006,0,0,8,grocery,card,0
4666,65.0,40462.89,1235.0,3005,8,0,0.0398,25.35,0.7878,0,0,14,food,wallet,1
4667,35.0,94558.89,491.83,2819,3,0,0.3354,5.92,0.7064,0,0,10,fashion,upi,1
4668,25.0,96710.23,121.4,2091,3,2,0.0621,0.63,0.7551,1,0,12,gaming,card,0
4669,59.0,22232.21,1595.7,2777,5,0,0.2148,27.2,0.9575,0,0,20,travel,card,0
4670,42.0,35069.79,60.15,740,3,1,0.2884,10.8,0.5691,0,0,2,grocery,upi,1
4671,23.0,42611.78,41.31,528,9,0,0.1261,7.75,0.8443,0,0,8,electronics,card,0
4672,57.0,76464.92,118.14,1626,4,0,0.2606,15.53,,0,0,22,grocery,card,0
4673,29.0,103133.55,84.29,3579,3,1,0.0203,1.12,0.8449,0,0,6,food,card,0
4674,67.0,243086.06,124.96,2071,6,0,0.076,11.09,0.8857,0,1,17,fashion,upi,0
4675,65.0,42572.69,399.83,2567,4,0,0.0862,5.98,0.7788,0,0,18,food,upi,0
4676,39.0,43758.35,173.99,3984,2,0,0.1495,32.21,0.7331,1,1,23,grocery,wallet,1
4677,49.0,76023.82,178.51,1231,4,0,0.0836,1.88,0.6942,0,0,5,,card,0
4678,50.0,37792.63,190.9,1937,3,0,0.1399,4.05,0.6134,1,0,7,grocery,wallet,0
4679,55.0,50897.01,17.83,2752,9,0,0.0572,4.71,0.9096,0,0,23,electronics,card,0
4680,21.0,43774.97,39.56,630,4,0,0.3376,0.19,0.8807,0,0,3,food,card,1
4681,36.0,15000.0,122.44,1625,4,1,0.4387,0.44,0.8583,0,0,10,fashion,card,0
4682,27.0,58857.04,77.48,2234,4,0,0.3694,1.02,0.9154,0,1,22,electronics,upi,0
4683,57.0,49751.2,142.76,1236,3,1,0.2279,1.88,0.9224,0,0,18,electronics,card,0
4684,21.0,110665.29,732.96,904,5,0,0.091,2.56,0.669,1,0,18,gaming,wallet,1
4685,47.0,55166.34,167.09,1768,3,1,0.0274,4.13,0.666,1,0,1,grocery,card,0
4686,59.0,27583.62,47.98,3521,1,1,0.1112,13.92,0.6094,1,1,16,electronics,card,1
4687,72.0,47721.35,81.44,1681,3,2,0.1907,9.49,0.807,0,0,18,travel,upi,0
4688,34.0,17413.36,995.79,3341,3,0,0.2209,7.66,0.9539,0,0,4,travel,upi,0
4689,18.0,28256.64,833.35,2715,6,0,0.1547,1.71,0.9113,0,0,23,fashion,upi,0
4690,59.0,78011.91,326.63,540,1,0,0.2356,2.68,0.9386,0,0,14,food,upi,0
4691,18.0,48004.56,37.73,3658,4,0,0.1529,3.29,0.6748,0,1,21,jewelry,wallet,0
4692,21.0,91351.32,244.63,2365,3,0,0.2021,2.9,0.8459,1,0,18,gaming,wallet,0
4693,74.0,18644.34,264.19,2288,7,1,0.2121,10.05,0.7524,0,0,13,electronics,upi,1
4694,67.0,48133.55,184.66,2795,2,0,0.4916,1.24,0.7716,0,0,13,food,card,0
4695,58.0,42342.92,101.79,195,3,0,0.3489,3.49,0.6499,0,0,22,gaming,net_banking,0
4696,65.0,93041.9,125.25,1029,2,2,0.1262,3.27,0.7258,0,0,23,electronics,card,1
4697,22.0,79626.96,94.94,3185,5,2,0.0193,5.61,0.8992,0,0,20,grocery,net_banking,0
4698,23.0,78301.9,57.28,2516,2,1,0.4396,0.46,0.8607,0,1,19,fashion,card,0
4699,35.0,128394.65,705.53,1575,3,1,0.227,0.18,0.7208,1,0,8,grocery,upi,0
4700,19.0,44920.1,434.97,1866,8,0,0.2656,16.32,0.9675,0,1,6,electronics,card,0
4701,68.0,114620.61,135.37,2489,4,0,0.2509,18.59,0.8528,0,0,21,electronics,card,0
4702,21.0,30970.03,255.99,1943,1,0,0.0404,7.45,0.5801,0,0,11,electronics,card,0
110,58.0,41901.26,89.97,3665,6,1,0.1018,11.2,0.5912,0,0,2,gaming,card,0
4704,66.0,83208.03,1874.02,2218,2,0,0.1602,7.06,0.8674,0,0,11,food,upi,0
4705,59.0,24040.16,430.75,1147,6,0,0.1321,3.87,0.8663,0,1,22,travel,upi,0
4706,31.0,75365.85,414.77,2293,6,0,0.2853,1.18,0.6893,0,0,2,food,card,0
4707,44.0,58151.72,186.97,2777,2,0,0.3543,4.27,0.6548,0,0,12,grocery,upi,0
4708,49.0,99171.65,116.57,2847,4,0,0.325,5.37,0.7104,0,0,21,electronics,wallet,0
4709,61.0,53230.9,717.42,2492,4,0,0.0925,1.79,0.8628,0,1,0,food,net_banking,0
4710,42.0,56721.88,345.58,1826,5,0,0.0691,3.66,0.8317,0,0,5,grocery,card,0
4711,34.0,72779.11,78.52,2630,5,0,0.1411,1.87,0.9838,0,1,18,food,card,0
4712,63.0,38201.54,283.39,2898,9,1,0.1034,6.88,0.7865,1,0,10,food,card,1
4713,68.0,37297.25,415.86,1261,2,0,0.2433,10.77,0.923,0,0,10,food,card,0
4714,45.0,71397.97,22.13,1959,3,3,0.3203,3.72,0.8911,1,0,8,grocery,net_banking,1
4715,19.0,54121.14,71.56,2720,2,1,0.2551,18.6,0.7612,0,0,10,grocery,card,0
4716,,43961.34,258.71,2661,2,0,0.0319,5.46,0.7488,0,0,23,food,net_banking,0
4717,68.0,52551.94,26.27,1999,1,0,0.0912,4.59,0.8612,0,0,17,food,upi,0
4718,74.0,132203.3,30.78,1074,4,1,0.2618,4.16,0.8083,0,0,23,fashion,card,0
4719,40.0,43106.47,137.34,3642,3,0,0.2949,3.3,0.9533,0,1,12,grocery,card,0
4720,26.0,42424.35,294.27,2180,3,0,0.1528,6.78,0.8834,0,0,16,electronics,card,0
4721,50.0,21504.0,308.2,2177,5,1,0.0926,2.65,0.9538,0,0,16,grocery,card,0
4722,65.0,53733.63,875.99,1887,6,0,0.0982,2.17,0.5219,0,0,2,grocery,card,0
4723,71.0,78934.56,195.43,3047,3,0,0.0294,3.05,0.7949,0,0,14,travel,upi,0
4724,20.0,87116.14,124.0,1229,3,0,0.0752,13.85,0.853,0,1,5,electronics,upi,0
4725,34.0,58372.97,48.7,3750,6,0,0.221,12.45,0.9153,0,0,3,food,wallet,0
4726,45.0,93041.13,122.53,277,0,0,0.2821,14.36,0.6866,0,0,15,grocery,upi,0
4727,23.0,82229.15,365.21,79,5,0,0.1095,11.88,0.7352,0,0,14,grocery,net_banking,0
4728,68.0,101438.82,382.1,2055,0,0,0.4454,2.24,0.9693,0,0,18,food,card,0
4729,24.0,94509.43,234.53,3441,4,0,0.1014,2.6,0.8004,1,0,4,food,card,0
4730,55.0,130427.98,311.09,68,1,0,0.3001,35.51,,0,1,3,gaming,card,0
4731,70.0,50099.04,645.06,2725,2,1,0.0633,9.47,0.8236,0,1,10,,card,0
4732,57.0,26508.12,194.07,1577,6,1,0.2296,8.83,0.8585,0,0,2,jewelry,card,0
4733,61.0,79231.86,706.47,116,3,0,0.3764,1.76,0.941,0,1,12,fashion,upi,0
4734,33.0,84490.36,87.03,1501,2,0,0.073,0.69,0.7332,0,1,8,electronics,,0
4735,65.0,130429.21,167.28,2597,6,0,0.1714,1.42,0.9335,0,0,5,grocery,wallet,0
4736,41.0,111279.26,111.29,2546,4,0,0.0539,5.16,0.7944,0,1,1,electronics,upi,0
4737,21.0,160347.45,397.69,3399,1,0,0.2434,14.05,0.9549,1,0,13,electronics,upi,0
4738,38.0,77343.22,65.27,3950,3,0,0.4053,0.96,0.7726,0,1,8,fashion,upi,0
4739,37.0,62375.9,130.48,246,6,1,0.104,5.79,0.8544,0,0,7,food,upi,0
4740,47.0,25676.92,28.03,3436,4,0,0.2581,7.7,0.9183,0,0,13,fashion,wallet,0
4741,33.0,65156.12,326.14,68,3,0,0.0475,20.89,0.939,1,0,18,travel,card,0
4742,44.0,40587.35,626.25,3901,3,0,0.1108,45.84,0.7175,0,0,14,travel,upi,0
4743,42.0,,447.49,3102,1,0,0.3292,18.34,0.824,0,1,13,grocery,upi,0
4744,36.0,56673.99,405.69,3805,2,0,0.1424,0.48,0.9155,0,0,21,electronics,card,0
4745,57.0,71292.18,416.7,299,3,1,0.0827,7.57,0.7536,0,0,14,travel,upi,0
4746,35.0,52133.16,362.36,324,2,0,0.3719,4.48,0.7333,0,0,22,grocery,upi,1
4747,61.0,91982.13,332.74,3942,3,0,0.0645,11.92,0.9407,0,0,17,fashion,net_banking,0
4748,32.0,15000.0,354.91,1149,1,1,0.2875,7.19,0.8024,0,0,11,jewelry,card,0
4749,67.0,61058.33,93.44,1544,8,0,0.1841,5.74,0.697,0,0,7,electronics,net_banking,0
4750,38.0,106559.4,147.34,1209,4,1,0.2668,11.37,0.6637,0,0,5,fashion,wallet,0
4751,20.0,153831.81,193.1,652,2,1,0.0594,16.82,0.6198,0,0,23,travel,net_banking,0
4752,26.0,82262.22,128.67,311,4,0,0.2307,5.04,0.8002,0,0,6,electronics,card,0
4753,63.0,138936.76,37.59,567,4,0,0.2003,13.04,0.8735,0,0,8,grocery,card,0
4754,67.0,60355.25,52.35,3391,5,0,0.2133,0.93,0.8817,1,0,22,gaming,card,0
4755,30.0,55086.66,226.54,137,3,0,0.1887,7.88,0.7708,0,0,14,gaming,wallet,0
4756,52.0,73590.19,445.29,3584,2,1,0.1041,2.67,0.8509,0,0,5,fashion,card,0
4757,50.0,54903.46,181.69,903,4,0,0.0734,11.11,0.9219,0,0,9,electronics,card,0
4758,25.0,35767.39,2857.72,2431,4,2,0.0657,0.44,0.9055,0,0,1,fashion,card,1
4759,43.0,41427.75,71.75,1051,4,0,0.3316,5.26,0.8759,1,0,10,grocery,card,0
4760,57.0,,280.87,3567,1,0,0.1758,8.93,0.681,0,0,9,gaming,upi,0
4761,73.0,73548.17,654.69,190,0,0,0.0932,1.7,0.5925,0,0,2,jewelry,upi,1
4762,66.0,55345.68,522.5,2866,6,1,0.3034,6.79,0.819,0,0,10,electronics,upi,0
4763,23.0,45113.24,346.55,3740,3,1,0.1931,6.84,0.8505,0,0,22,food,card,0
4764,31.0,40272.03,524.9,1778,6,1,0.1444,4.6,0.8371,0,0,11,grocery,upi,0
4765,42.0,72610.84,190.25,1819,3,1,0.2365,2.26,0.6689,0,0,17,grocery,upi,0
4766,26.0,84485.48,949.41,624,3,0,0.3024,35.8,0.8805,0,1,5,gaming,net_banking,1
4767,50.0,29534.25,649.44,3518,6,1,0.1355,11.42,0.6939,0,1,17,electronics,card,1
4768,18.0,27088.43,76.76,3835,5,0,0.0968,4.55,0.7486,0,0,2,grocery,card,0
4769,24.0,92973.42,248.27,2001,5,1,0.1835,4.56,0.653,0,0,20,grocery,wallet,0
4770,20.0,25816.4,38.31,2778,6,2,0.1744,3.14,0.9601,0,0,13,grocery,card,0
4771,34.0,74325.27,824.47,3039,2,2,0.3081,14.07,0.6382,0,0,20,food,net_banking,0
4772,61.0,133838.42,225.24,1436,4,0,0.0658,32.04,0.8988,0,0,15,gaming,card,0
4773,28.0,134009.72,693.49,45,7,1,0.1729,3.38,0.927,0,0,20,food,card,0
4774,74.0,82530.1,161.35,540,5,0,0.0451,18.58,0.9106,0,0,12,grocery,card,0
4775,33.0,81221.37,28.13,3590,3,0,0.2973,2.64,0.9361,0,0,23,food,net_banking,0
4776,20.0,189783.18,2515.75,3201,5,1,0.0207,33.07,0.4977,0,0,13,grocery,card,1
4777,37.0,15232.26,205.21,406,3,0,0.1277,12.49,0.7283,0,0,19,grocery,wallet,0
4778,60.0,42604.02,66.2,3213,4,2,0.1217,6.99,0.6681,1,0,11,electronics,net_banking,0
4779,24.0,87707.17,566.07,3536,3,0,0.5123,1.02,0.7781,0,0,12,jewelry,card,0
4780,22.0,45687.53,1378.59,2185,1,2,0.3753,24.88,0.9136,0,0,21,grocery,card,0
4781,66.0,108767.36,147.01,1821,2,0,0.2586,6.76,0.9047,1,0,14,travel,card,0
4782,51.0,53822.33,162.99,3999,5,3,0.1665,16.55,0.8509,1,0,1,fashion,wallet,0
4783,,59133.19,228.38,3491,6,0,0.3107,2.52,0.8657,0,0,3,travel,card,0
4784,61.0,47288.26,59.26,1564,2,1,0.3593,9.68,0.8296,0,1,6,grocery,upi,0
4785,66.0,41262.42,90.22,1923,4,1,0.3032,0.13,0.7319,0,0,2,travel,wallet,0
4786,38.0,40707.92,1069.43,3769,3,1,0.3072,14.08,0.802,0,0,23,food,upi,0
4787,49.0,63846.05,157.71,3688,5,0,0.1864,2.47,,0,1,0,electronics,upi,0
4788,18.0,35921.01,77.9,2532,7,0,0.1321,0.3,0.8927,0,0,14,food,net_banking,1
4789,35.0,92906.71,114.54,2604,5,1,0.1402,15.23,0.9677,0,1,21,food,card,1
4790,51.0,78775.93,526.25,2953,3,2,0.1575,16.19,0.6314,0,0,11,grocery,card,0
4791,29.0,100686.55,24.95,1176,2,0,0.0863,14.35,0.8179,0,0,13,gaming,wallet,0
3546,53.0,53384.19,53.13,418,4,0,0.3188,5.3,0.8758,0,0,3,grocery,card,0
4793,73.0,21598.44,2111.55,1197,7,0,0.0389,5.44,0.7151,0,0,3,fashion,card,0
4794,32.0,,1371.99,3329,2,1,0.1364,9.42,0.8985,0,0,9,grocery,card,0
4795,40.0,250000.0,319.31,3285,2,0,0.1095,9.3,0.7764,0,0,6,electronics,net_banking,0
4796,28.0,110360.03,671.42,1176,2,1,0.1109,6.85,0.8567,0,1,18,grocery,upi,0
4797,46.0,40544.0,665.0,3236,2,0,0.0324,2.53,0.9588,0,0,4,electronics,card,0
4798,25.0,69464.43,158.71,3472,2,0,0.1775,0.07,0.6045,0,0,12,jewelry,card,0
4799,40.0,82064.54,453.84,2001,2,1,0.2825,9.18,0.5777,0,0,16,food,upi,0
4800,49.0,25912.35,1076.57,2172,2,1,0.254,6.29,0.8429,0,0,21,grocery,card,0
4801,52.0,116819.2,50.87,2052,7,0,0.3265,12.44,0.6538,0,0,12,electronics,card,1
4802,51.0,50161.61,320.41,207,6,1,0.3809,0.84,0.9224,0,1,4,jewelry,card,1
4803,30.0,,258.38,2175,7,0,0.1708,5.75,0.8342,1,0,18,travel,wallet,0
4804,63.0,55724.21,199.56,2705,2,1,0.1972,8.27,0.9026,0,1,22,grocery,wallet,1
4805,57.0,103216.66,182.65,2258,3,0,0.1273,0.19,0.6539,0,0,10,food,upi,0
4806,,36306.0,226.93,2013,3,0,0.1865,11.98,0.705,0,0,4,food,card,0
4807,,21509.61,246.79,2020,2,0,0.2104,0.89,0.8243,0,0,18,food,upi,0
4808,68.0,65690.78,550.91,2160,5,1,0.1611,25.74,0.6015,0,0,15,electronics,net_banking,0
4809,40.0,17873.54,289.88,3718,2,0,0.359,16.26,0.8443,0,0,7,grocery,upi,0
4810,63.0,46605.86,150.67,1663,7,0,0.4117,22.54,0.9333,1,0,10,grocery,upi,0
4811,29.0,105648.13,77.71,920,7,0,0.2664,0.37,0.7353,1,0,9,food,upi,1
4812,32.0,75628.62,112.23,284,5,2,0.1074,5.36,0.9102,0,0,3,gaming,card,1
7553,46.0,49882.2,117.78,2135,4,0,0.1149,7.13,0.8141,0,0,12,electronics,net_banking,0
4814,49.0,77364.38,88.84,745,6,0,0.4919,1.67,0.5739,0,0,8,food,wallet,0
4815,60.0,207061.77,463.51,1685,6,0,0.1725,14.73,0.6663,1,0,5,food,card,1
4816,34.0,,276.72,3033,8,1,0.1766,1.12,0.763,0,1,21,fashion,card,0
4817,67.0,68463.83,564.81,738,4,0,0.2893,1.78,0.4881,0,0,19,electronics,upi,0
4818,36.0,43222.75,95.02,959,3,0,0.3297,2.73,0.8619,1,0,1,electronics,card,0
4819,48.0,93090.66,78.41,2552,5,1,0.111,20.2,0.8956,0,0,20,gaming,upi,0
4820,71.0,53168.55,560.6,2522,4,0,0.4595,4.68,0.5304,0,0,17,electronics,upi,0
4821,48.0,141556.35,204.98,996,5,0,0.0275,0.49,,0,1,21,jewelry,upi,0
4822,56.0,41074.37,147.0,2181,4,0,0.052,6.38,0.8978,0,0,15,electronics,card,0
4823,69.0,119253.65,361.99,2825,3,0,0.3644,1.48,0.9263,0,0,21,fashion,net_banking,0
4824,73.0,76215.12,348.77,908,7,0,0.4592,0.04,0.7692,0,1,6,travel,card,1
4825,46.0,54026.77,51.27,1789,3,0,0.1733,7.07,0.7977,0,0,10,food,card,0
4826,41.0,74119.34,718.81,1143,7,0,0.1252,2.98,0.9156,0,1,17,travel,upi,0
4827,29.0,63499.28,119.41,3761,3,0,0.1886,3.15,0.6121,0,0,7,grocery,wallet,0
4828,48.0,66893.93,985.33,1552,4,0,0.1508,6.61,0.8839,0,0,3,jewelry,upi,0
4829,70.0,49085.03,47.44,3427,3,0,0.1184,25.91,0.9517,0,0,16,food,net_banking,0
4830,45.0,37392.1,247.24,3524,7,0,0.2961,0.43,0.8317,0,1,23,fashion,card,1
4831,37.0,45743.24,149.51,696,5,0,0.1496,7.22,0.9038,0,1,23,electronics,card,0
4832,24.0,21793.32,24.97,3766,5,2,0.1697,12.87,0.9459,0,0,0,food,upi,0
4833,40.0,87392.09,347.64,224,6,0,0.328,0.84,0.8927,0,0,19,electronics,wallet,1
4834,31.0,27882.33,26.29,1565,1,0,0.1527,3.21,0.8661,0,0,15,grocery,card,0
4835,73.0,48794.97,134.46,661,3,0,0.221,1.63,0.9771,0,1,0,gaming,wallet,0
4836,48.0,78551.77,543.07,213,4,0,0.2766,5.73,0.9525,0,0,19,electronics,card,0
4837,25.0,87269.53,105.95,2221,8,0,0.271,9.63,0.848,0,0,22,grocery,card,0
4838,21.0,20723.63,72.91,2415,5,0,0.1318,2.59,0.5223,0,0,7,travel,upi,0
4839,66.0,52290.61,400.74,2340,1,0,0.2105,8.31,0.61,1,0,18,gaming,card,0
4840,71.0,70823.63,140.25,1687,4,0,0.4159,10.88,0.8737,1,0,15,food,card,0
4841,61.0,56596.21,120.05,3153,5,0,0.1909,7.86,0.8317,0,0,23,grocery,upi,0
4842,25.0,115189.02,644.16,1984,2,0,0.3084,4.14,0.7139,0,0,3,gaming,card,0
9433,66.0,27693.65,604.68,3684,6,0,0.0665,0.92,0.5985,1,0,6,fashion,upi,0
4844,29.0,17820.7,113.68,1784,4,0,0.1325,1.64,0.9402,0,0,6,food,net_banking,0
4845,60.0,85885.28,428.12,852,7,0,0.102,2.25,0.9791,0,0,4,electronics,card,0
4846,61.0,40932.97,52.51,2628,7,0,0.1667,3.0,0.6845,0,0,21,electronics,card,0
4847,65.0,20908.08,1062.42,3321,6,0,0.0751,5.63,0.849,0,0,1,jewelry,wallet,0
4848,23.0,50408.07,144.91,1238,3,0,0.0834,24.65,0.8638,0,1,18,fashion,upi,0
4849,,108217.17,431.59,1870,8,0,0.1324,22.21,0.7255,0,0,17,electronics,card,0
4850,69.0,27454.89,430.69,3573,3,0,0.3607,5.74,0.9407,0,1,16,food,wallet,0
4851,70.0,198766.54,154.57,850,3,1,0.4185,14.41,0.8211,0,0,3,fashion,card,0
4852,59.0,34691.63,111.49,1702,2,0,0.285,4.46,0.8436,1,0,1,gaming,card,0
4853,24.0,57696.08,172.43,1100,3,0,0.2631,9.28,0.9594,1,0,22,food,wallet,0
4854,21.0,28129.26,367.1,1386,3,0,0.1721,4.96,0.8279,1,0,4,jewelry,card,0
4855,21.0,56273.23,67.12,1853,2,0,0.2556,13.61,0.8951,0,0,19,gaming,upi,0
4856,57.0,51099.36,54.04,3694,5,0,0.3584,3.45,,0,0,2,gaming,card,0
4857,66.0,24242.6,794.06,79,5,0,0.1522,10.03,0.8653,0,0,15,jewelry,wallet,0
4858,54.0,250000.0,86.32,1451,0,0,0.1297,17.76,0.7095,0,0,14,electronics,card,0
4859,32.0,41883.74,256.48,3467,2,1,0.437,17.68,0.9596,0,0,18,travel,upi,0
4860,61.0,41903.89,147.05,359,3,0,0.3155,8.31,0.8351,0,0,8,gaming,upi,0
4861,21.0,93719.19,153.71,2040,4,0,0.044,3.5,0.7671,0,0,5,grocery,card,0
4862,65.0,149182.94,752.46,646,1,0,0.567,0.72,0.7448,1,0,21,fashion,wallet,0
4863,68.0,102194.05,165.3,2250,11,1,0.0397,17.28,0.8794,0,0,5,travel,upi,1
4864,58.0,28408.38,125.98,2865,2,0,0.3327,8.16,0.8569,1,0,17,jewelry,upi,0
4865,68.0,61866.77,137.45,2551,3,0,0.2175,1.55,0.9249,0,0,12,grocery,card,0
4866,51.0,19542.24,108.8,2262,3,1,0.0805,3.03,0.9183,0,0,18,food,card,0
4867,44.0,90312.06,92.1,2978,6,0,0.021,8.68,0.8678,0,1,14,fashion,card,0
4868,36.0,22375.79,109.24,2152,7,0,0.236,1.2,0.874,0,0,8,electronics,card,0
4869,70.0,35359.69,949.72,2463,3,0,0.1932,0.61,0.7661,0,1,8,grocery,card,0
4870,57.0,54903.24,366.66,355,2,0,0.1515,7.83,0.7774,0,0,10,food,card,0
4871,28.0,70251.86,127.45,114,4,0,0.3456,1.25,0.9749,1,0,3,food,card,0
4872,72.0,47646.97,480.4,681,3,0,0.4313,1.12,0.7632,0,0,19,food,card,0
4873,21.0,126827.67,36.81,2173,8,0,0.3406,9.46,0.8477,0,0,13,fashion,upi,0
4874,51.0,81868.55,712.4,1602,5,1,0.1328,1.19,0.9595,0,0,18,grocery,upi,0
4875,28.0,78408.46,657.28,1483,5,1,0.2468,0.25,0.907,0,0,11,fashion,card,1
4876,,27970.84,1684.61,1808,3,0,0.0306,1.26,0.8626,0,0,3,fashion,card,0
4877,41.0,140048.04,494.98,3958,1,1,0.0364,5.57,0.6883,0,0,8,fashion,upi,0
4878,42.0,35362.34,278.72,1525,2,1,0.0734,18.13,0.8929,0,0,1,grocery,card,0
4879,56.0,143019.58,654.65,1793,4,0,0.228,13.17,0.8648,0,0,16,gaming,upi,0
4880,61.0,167258.49,96.27,2025,6,0,0.1952,20.55,0.7916,0,0,10,electronics,net_banking,0
4881,39.0,72914.99,121.21,3103,2,0,0.0881,4.43,0.7154,0,0,8,food,card,0
4882,74.0,97022.26,168.8,2942,6,0,0.5909,4.32,0.7659,0,0,3,fashion,upi,0
4883,46.0,15000.0,707.57,3918,3,0,0.2334,4.33,0.9818,1,0,22,gaming,upi,0
4884,27.0,49406.49,76.48,2553,5,0,0.0744,10.13,0.9367,0,0,2,gaming,upi,0
4885,18.0,100838.91,68.78,3816,4,0,0.1642,4.0,0.6639,1,0,11,grocery,card,0
4886,29.0,91451.96,228.03,2456,4,0,0.3786,25.63,0.8268,0,1,19,fashion,card,1
4887,57.0,28120.12,368.89,2166,3,1,0.0788,12.55,0.5311,0,0,14,food,upi,0
4888,48.0,46795.45,89.11,2244,3,0,0.1294,5.2,0.6154,0,0,0,food,card,0
70,44.0,54240.15,103.39,88,9,0,0.4209,32.48,0.7325,0,0,0,,card,1
4890,45.0,69025.72,707.23,827,3,1,0.2178,1.97,0.7489,0,1,1,fashion,card,0
4891,65.0,19521.23,597.9,1484,8,0,0.0361,7.83,0.6573,0,0,19,fashion,card,1
4892,50.0,102421.43,256.27,2430,3,0,0.155,7.31,0.8126,1,0,4,gaming,net_banking,0
4893,21.0,105407.3,164.41,2436,3,0,0.2141,2.9,0.8748,0,0,1,gaming,upi,0
4894,20.0,42369.61,1021.04,659,8,1,0.0826,7.21,0.8913,0,0,22,travel,upi,1
4895,45.0,73261.48,182.79,3220,3,0,0.1593,1.95,0.8382,0,1,20,food,card,1
4896,41.0,48809.69,460.96,2860,7,0,0.0894,19.0,0.7497,1,0,4,gaming,card,1
3767,56.0,45841.23,283.08,1175,4,2,0.1779,1.15,0.9481,0,0,8,fashion,net_banking,0
4898,51.0,29263.49,414.98,1825,6,1,0.1728,10.72,0.8626,0,1,12,grocery,card,0
4899,61.0,,66.41,2243,7,2,0.2371,3.24,0.9668,0,0,5,food,card,0
4900,51.0,22302.11,52.14,2338,3,1,0.1246,0.02,0.9299,0,0,6,gaming,card,0
4901,37.0,20103.05,133.66,1729,3,0,0.0963,1.35,0.9041,0,0,8,food,net_banking,0
4902,55.0,51432.62,365.94,3455,2,0,0.1631,3.01,0.8528,0,0,0,grocery,card,0
4903,53.0,48967.14,280.83,658,3,1,0.0258,7.33,0.5301,0,0,15,fashion,wallet,0
4904,59.0,63885.93,1636.05,1511,7,0,0.1605,13.45,0.8993,0,0,5,grocery,card,0
4905,,38478.67,278.11,1608,1,0,0.352,2.37,0.9087,0,1,12,food,upi,0
4906,54.0,155161.05,129.74,426,7,1,0.0752,16.16,0.626,0,1,0,food,card,0
4907,34.0,60079.33,57.95,383,2,0,0.2657,17.33,0.8082,0,0,19,,,0
4908,63.0,62515.73,586.04,3568,3,1,0.1669,5.42,0.7781,0,0,23,grocery,card,0
4909,63.0,61301.96,178.91,3104,2,0,0.0534,5.08,0.8264,0,0,2,food,upi,0
4910,53.0,95481.61,39.92,1478,1,1,0.2001,5.69,,0,0,6,travel,card,0
2677,72.0,,202.69,306,4,0,0.4188,19.71,0.7535,1,0,16,fashion,card,0
4912,48.0,70136.48,66.5,1643,2,0,0.0336,10.48,0.6548,0,0,8,grocery,wallet,0
4913,19.0,82444.43,117.6,2828,6,1,0.1479,12.34,0.9736,0,0,7,jewelry,card,0
4914,52.0,20161.91,181.12,1205,5,1,0.2883,2.24,0.9201,0,0,15,jewelry,upi,0
4915,62.0,20585.09,72.8,293,6,0,0.0691,2.0,0.8544,0,0,7,jewelry,card,0
4916,23.0,52746.68,110.54,1698,2,1,0.2751,3.53,0.8626,1,0,14,,net_banking,0
4917,23.0,49333.95,85.53,2406,5,0,0.1816,7.11,0.8462,0,0,2,electronics,card,0
4918,33.0,75658.41,87.85,2098,2,1,0.2217,9.55,0.5917,0,0,17,gaming,upi,0
4919,66.0,,65.69,714,3,0,0.4299,6.4,0.9269,0,0,17,,wallet,0
4920,,,111.07,3377,6,1,0.281,11.01,0.8173,1,0,3,food,upi,0
4921,73.0,27722.82,73.57,2537,3,0,0.1102,5.07,0.6597,0,0,11,fashion,card,0
4922,67.0,54675.94,323.61,2889,5,0,0.2379,0.9,0.6972,0,0,3,travel,card,0
4923,49.0,26304.81,220.03,3831,1,0,0.119,5.7,0.9054,0,0,14,food,card,0
4924,56.0,68040.63,594.47,2067,2,0,0.1595,0.18,0.6699,0,1,2,food,net_banking,0
4925,36.0,19575.45,1187.56,2328,3,0,0.0291,4.69,0.9596,1,0,13,jewelry,net_banking,0
4926,23.0,66613.27,354.35,3062,4,0,0.3071,0.89,0.8842,0,0,10,fashion,card,0
4927,40.0,24517.41,282.18,3102,5,0,0.5513,2.54,0.8331,0,0,23,electronics,card,0
4928,51.0,44540.23,377.4,3395,2,1,0.1812,7.64,0.8299,0,0,3,fashion,wallet,0
4929,,89976.04,287.02,2826,3,0,0.0761,0.54,0.6333,0,0,17,travel,card,0
4930,,62326.84,189.27,260,3,0,0.3129,3.34,0.8222,0,0,5,electronics,card,0
4931,18.0,22247.29,174.8,1420,4,0,0.1844,1.98,0.7775,0,0,12,travel,upi,1
4932,59.0,37997.36,64.8,2381,6,0,0.1207,1.62,0.8614,0,0,21,food,upi,0
4933,69.0,24084.66,416.5,1796,1,0,0.2002,1.37,0.6503,0,0,14,fashion,,0
8411,70.0,86762.17,262.14,2810,2,1,0.0754,3.8,0.9391,0,0,22,food,card,0
4935,39.0,58677.01,766.99,1092,2,0,0.2952,2.47,0.8328,0,0,22,grocery,wallet,0
4936,51.0,74850.84,449.48,1253,2,0,0.1432,8.54,0.7492,0,0,10,fashion,upi,0
4937,72.0,70082.03,96.26,173,5,1,0.0651,2.69,0.9161,0,0,15,fashion,,0
4938,51.0,76613.85,626.19,3056,4,1,0.2827,1.29,0.5587,0,0,12,grocery,net_banking,0
4939,34.0,54640.87,13.9,1530,4,0,0.1525,2.98,0.8688,0,0,10,fashion,upi,0
4940,37.0,,1240.39,3171,3,0,0.3263,12.13,0.7272,0,1,21,food,wallet,0
4941,59.0,30482.27,47.21,3485,3,0,0.0963,5.83,0.709,0,0,1,grocery,card,0
4942,43.0,43176.2,295.32,3538,3,0,0.2114,3.67,0.8205,1,0,12,fashion,upi,0
4943,65.0,26591.5,275.99,3635,5,0,0.2219,19.5,0.8699,0,0,9,gaming,card,0
4944,67.0,34552.92,553.73,2008,3,0,0.0827,4.86,0.9743,0,0,3,food,card,0
4945,20.0,57756.91,129.58,993,6,1,0.1314,6.39,0.8337,0,0,20,food,upi,0
4946,59.0,51549.36,21.06,364,2,1,0.18,8.47,0.8428,0,0,1,electronics,card,0
4947,39.0,250000.0,129.76,2507,4,1,0.1671,12.99,0.5654,0,0,12,food,wallet,0
4948,47.0,26236.34,144.57,533,3,0,0.1354,1.99,0.5912,0,0,17,grocery,upi,0
4949,33.0,51343.01,23.19,988,0,1,0.2032,6.53,0.8146,0,0,18,grocery,upi,0
4950,38.0,25135.48,188.35,999,3,0,0.303,0.95,0.8027,0,1,21,fashion,card,0
4951,36.0,44436.04,61.38,1115,4,0,0.5143,5.33,0.6982,0,0,6,grocery,wallet,0
4952,20.0,45441.78,344.48,1507,3,0,0.1182,14.27,0.9617,0,0,1,fashion,card,0
4953,62.0,87533.12,140.73,1345,4,1,0.195,24.45,0.607,0,1,8,food,upi,0
4954,26.0,42949.14,1279.28,2120,5,1,0.321,7.12,0.3931,0,0,19,gaming,upi,1
4955,39.0,49506.67,139.32,3830,1,0,0.2521,7.36,0.8457,0,0,5,electronics,upi,0
4956,29.0,43408.63,276.81,2594,3,1,0.0959,5.09,0.5921,0,0,5,gaming,upi,0
4957,27.0,25450.99,145.46,2714,1,0,0.0523,5.41,0.848,0,0,3,food,card,0
4958,39.0,38423.79,35.51,675,4,0,0.1868,2.59,0.7259,0,0,21,food,card,0
4959,70.0,44579.23,146.68,483,3,0,0.1036,9.81,0.9114,0,0,6,grocery,wallet,0
4960,71.0,57279.19,382.36,780,3,0,0.2098,9.78,0.6289,0,0,12,grocery,card,0
4961,39.0,74795.24,328.63,3398,4,0,0.1739,2.08,0.8908,0,0,9,grocery,card,0
4962,46.0,,134.25,716,6,0,0.1622,0.16,0.6743,0,0,1,gaming,wallet,0
4963,74.0,47877.05,41.94,3936,7,0,0.1521,2.25,0.6555,1,0,5,electronics,card,0
4964,31.0,21346.46,342.89,3027,4,0,0.1407,3.88,0.9455,0,1,11,grocery,net_banking,0
4965,71.0,74009.03,273.81,3321,4,0,0.334,4.52,0.9606,0,0,8,food,upi,0
4966,24.0,,418.37,1229,2,1,0.2408,4.45,0.8906,0,0,21,grocery,card,0
4967,30.0,82951.07,136.84,650,6,0,0.0644,3.42,0.8402,0,0,1,food,card,0
4968,37.0,113451.47,33.4,691,4,1,0.1175,12.35,0.7292,0,0,10,food,net_banking,0
4969,20.0,49599.46,306.96,3435,5,0,0.2392,3.81,,0,0,16,grocery,card,0
4970,64.0,31327.99,178.36,1742,3,0,0.1148,4.4,0.9678,1,0,20,travel,upi,0
4971,66.0,,723.89,1654,3,0,0.1649,0.72,0.9427,0,0,22,grocery,upi,0
4972,39.0,66627.63,185.25,1012,5,1,0.1222,6.89,0.8645,0,0,15,fashion,upi,0
4973,65.0,46237.78,172.0,1444,7,0,0.1224,9.14,0.6693,0,0,5,electronics,card,0
4974,62.0,,273.2,1496,7,0,0.2125,5.94,0.7111,1,0,4,electronics,wallet,1
4975,63.0,74984.09,99.09,3005,5,0,0.0916,0.38,0.8709,0,0,5,fashion,upi,0
4976,63.0,72312.81,94.43,3301,2,1,0.1712,14.43,0.763,0,0,19,fashion,card,0
4977,50.0,45461.87,163.21,1884,7,1,0.0339,6.63,0.8209,0,0,8,travel,upi,0
4978,,22144.67,71.7,1355,4,1,0.0474,0.3,0.661,0,0,8,gaming,upi,0
4979,70.0,70692.62,143.15,1823,3,0,0.305,2.05,0.7732,1,0,10,electronics,upi,0
4980,52.0,36064.29,1252.03,724,3,0,0.2209,15.88,0.9287,0,0,4,food,card,0
4981,69.0,61881.47,510.6,302,6,0,0.2051,4.17,0.8976,0,0,2,fashion,upi,0
4982,72.0,59767.96,244.94,952,6,1,0.152,3.39,0.703,0,0,14,grocery,card,1
4983,28.0,19460.99,849.49,127,0,0,0.299,4.33,0.8091,0,0,7,jewelry,upi,0
4984,40.0,57508.23,78.89,166,5,1,0.1882,9.44,0.8456,0,0,5,grocery,upi,1
4985,28.0,72990.26,2171.98,976,3,0,0.2189,1.92,0.7737,0,0,17,grocery,net_banking,0
4986,20.0,78082.58,113.57,3607,5,0,0.2796,10.68,0.8001,0,0,15,travel,upi,0
4987,73.0,58667.41,1335.1,765,5,1,0.5103,1.15,0.8544,0,0,23,food,wallet,0
4988,70.0,18539.08,1329.24,2796,3,0,0.0496,12.82,0.7566,0,0,4,grocery,card,0
4989,71.0,111021.93,31.18,614,2,2,0.0584,1.96,0.7438,0,0,12,electronics,,0
4990,68.0,68950.97,780.59,1869,6,0,0.1606,6.67,0.884,0,0,21,grocery,net_banking,0
4991,54.0,28374.97,135.51,2439,4,0,0.1912,3.56,0.5275,0,0,7,food,wallet,0
4992,47.0,35661.21,102.0,2256,3,0,0.3494,20.55,0.894,0,0,16,grocery,upi,0
4993,74.0,62458.76,304.17,3204,7,2,0.0808,6.24,0.9229,0,1,7,food,net_banking,1
4994,49.0,79935.05,65.7,1038,3,1,0.2345,0.01,0.7772,1,1,19,grocery,card,0
4995,54.0,42053.96,297.36,2978,6,0,0.1468,0.45,0.8742,1,0,21,food,net_banking,0
4996,30.0,86606.27,70.26,1632,4,1,0.2421,1.76,0.5691,0,0,8,grocery,card,0
4997,60.0,20518.18,214.87,1797,3,1,0.1184,9.97,0.7792,0,0,1,fashion,card,0
4998,64.0,30999.8,684.25,1299,5,1,0.1415,7.32,0.7224,0,0,13,electronics,card,0
4999,56.0,17671.14,264.93,3987,6,0,0.0395,11.67,0.9622,0,0,17,fashion,upi,1
5000,46.0,33574.28,125.61,3303,4,0,0.3389,16.73,0.7946,0,1,20,food,card,0
5001,29.0,126062.23,309.32,1867,1,0,0.2748,17.36,0.7992,1,1,17,electronics,card,0
5002,19.0,170566.36,44.1,2981,10,0,0.0584,8.97,0.6852,0,0,6,travel,net_banking,0
5003,53.0,62574.51,77.8,3665,1,0,0.3792,5.31,0.934,0,0,20,fashion,card,0
5004,56.0,38713.84,117.06,1157,5,2,0.1521,2.29,0.6964,1,0,0,,card,0
5005,62.0,48687.93,395.36,1324,4,0,0.1251,12.02,0.6399,0,1,23,gaming,card,1
5006,72.0,71355.19,270.09,3056,3,0,0.0861,10.38,0.8927,0,0,19,fashion,upi,0
5007,46.0,23282.31,307.39,1156,1,0,0.2175,3.05,0.744,0,0,16,grocery,card,0
5008,65.0,40143.42,175.14,402,5,0,0.1602,7.5,0.6204,0,0,16,electronics,card,0
5009,58.0,121088.83,81.85,2393,7,0,0.0713,6.91,0.8918,1,0,20,electronics,upi,0
5010,33.0,30944.42,797.17,834,2,0,0.054,1.79,0.4678,0,1,1,grocery,card,0
5011,66.0,36429.16,89.58,2359,4,0,0.1695,34.55,0.8345,0,0,20,grocery,card,0
5012,21.0,55400.56,273.69,452,5,1,0.1835,19.26,0.6129,0,0,5,grocery,upi,0
5013,52.0,64267.97,160.91,1929,5,1,0.0589,6.03,0.7698,0,0,20,grocery,card,0
5014,71.0,39000.75,316.07,975,7,0,0.2021,0.19,0.8483,0,0,7,grocery,,0
5015,55.0,57378.15,98.25,2128,3,4,0.1548,11.11,0.936,0,0,14,electronics,card,0
5016,71.0,76838.05,515.76,927,4,2,0.3418,5.11,0.805,0,0,3,grocery,card,0
5017,21.0,161762.9,714.25,1027,5,0,0.2464,1.23,0.9327,0,0,5,grocery,card,0
5018,48.0,51310.67,485.06,3605,2,0,0.0428,1.23,0.8512,0,0,6,,net_banking,0
5019,62.0,53764.84,210.73,3928,8,0,0.2521,0.11,0.8689,0,0,3,food,upi,0
5020,,127412.77,116.49,1329,8,0,0.0434,4.89,0.7382,0,0,16,grocery,wallet,0
5021,68.0,40661.92,3026.22,2593,3,0,0.0405,5.25,0.8912,0,1,2,gaming,upi,0
5022,44.0,26547.59,66.78,1440,8,0,0.1098,6.08,0.7464,0,0,9,fashion,card,0
5023,56.0,63115.74,434.5,705,5,0,0.1843,8.0,0.8434,0,0,3,fashion,upi,0
5024,41.0,99407.69,251.07,426,4,1,0.1534,2.28,0.6013,0,0,12,grocery,upi,0
5025,67.0,67081.55,169.09,3565,2,1,0.3602,18.71,0.9185,0,1,3,grocery,wallet,0
5026,24.0,52142.2,216.61,291,3,0,0.3817,7.48,0.8474,0,0,21,gaming,net_banking,0
5027,32.0,24796.85,108.07,1983,8,0,0.4297,7.4,0.8549,0,0,10,gaming,net_banking,0
5028,23.0,53262.37,275.89,900,4,1,0.119,3.47,,0,1,2,gaming,upi,0
5029,58.0,108371.85,247.1,3048,4,3,0.0573,4.62,0.7364,0,0,23,grocery,card,1
5030,31.0,27898.38,2619.16,564,2,0,0.2303,0.04,0.7395,0,0,7,electronics,card,0
5031,36.0,48073.07,525.2,2320,5,1,0.1906,1.09,0.7839,0,0,17,travel,card,1
5032,65.0,44443.41,301.52,1398,4,0,0.3224,0.37,0.692,0,0,20,fashion,card,0
5033,38.0,37472.06,320.06,2097,5,1,0.0604,10.44,0.7348,0,0,17,travel,upi,0
5034,26.0,63035.04,1132.85,768,1,0,0.1386,14.2,0.8228,0,0,8,food,net_banking,0
5035,19.0,70186.15,68.21,493,4,1,0.1248,12.27,0.7621,0,0,12,food,upi,0
5036,30.0,69782.83,149.94,737,5,0,0.4079,0.63,0.8951,0,0,3,fashion,card,0
5037,70.0,32139.56,26.73,2318,6,0,0.1981,4.0,0.4328,0,0,22,food,card,0
5038,49.0,22243.33,314.73,2600,4,1,0.1477,11.1,0.7032,0,0,9,jewelry,wallet,0
5039,74.0,63538.55,420.37,3621,2,3,0.5719,1.12,0.8953,0,0,22,food,card,1
5040,30.0,41640.69,66.51,3770,3,1,0.0786,0.71,0.7864,0,0,12,electronics,card,0
5041,38.0,151169.99,756.0,3017,6,0,0.1792,23.31,0.8218,0,1,10,gaming,,0
5042,27.0,155060.21,87.71,79,5,1,0.1877,2.46,0.7783,0,1,11,electronics,card,0
5043,40.0,164385.22,127.8,2823,6,1,0.1324,7.79,,0,0,16,electronics,card,1
5044,50.0,32794.87,202.86,2831,4,0,0.1615,3.55,0.7888,0,1,23,travel,card,0
5045,64.0,75225.19,886.39,2833,5,0,0.0275,2.55,0.7111,0,1,23,grocery,card,0
5046,38.0,88797.37,76.31,2647,2,0,0.3461,13.14,0.7313,0,1,19,grocery,card,0
5047,61.0,83465.05,240.86,2759,3,1,0.0498,1.34,0.9218,0,0,20,travel,wallet,0
5048,53.0,45259.58,390.64,2352,5,2,0.1566,5.45,0.8521,0,0,22,food,upi,1
5049,34.0,111149.25,317.8,2489,6,0,0.3265,10.17,,0,0,21,food,upi,0
5050,69.0,,329.76,2778,5,0,0.0245,4.9,0.7064,1,0,15,food,upi,0
5051,42.0,59014.99,385.47,202,4,0,0.3791,13.16,0.7724,0,0,8,grocery,card,0
5052,26.0,23606.56,103.36,2049,7,0,0.3363,13.89,0.6439,0,0,23,grocery,upi,1
5053,72.0,78410.19,973.34,537,4,1,0.2583,22.27,0.6488,0,0,22,jewelry,wallet,0
5054,70.0,47660.68,161.06,3709,3,2,0.0701,20.72,0.3579,0,0,10,electronics,card,0
5055,20.0,71020.0,141.05,3959,6,0,0.211,3.08,0.9281,0,0,0,travel,wallet,0
5056,69.0,62592.52,692.69,658,4,0,0.2642,2.35,0.8341,0,0,0,grocery,wallet,0
5057,72.0,60754.93,95.81,3569,6,1,0.3346,10.46,0.6979,0,0,21,grocery,card,0
5058,65.0,53634.4,247.95,1909,1,0,0.0539,5.35,0.7112,0,0,21,fashion,upi,0
5059,32.0,84771.81,87.37,2699,2,0,0.0649,8.22,0.7614,0,0,2,jewelry,card,0
5060,53.0,49300.9,2235.44,2622,7,0,0.0925,5.42,0.8878,0,1,21,fashion,card,0
5061,48.0,,1810.96,497,3,0,0.0665,10.82,0.9246,0,1,21,travel,wallet,1
5062,53.0,75208.09,161.21,3637,1,0,0.1057,11.06,0.9294,0,0,1,grocery,card,1
5063,53.0,35246.99,302.72,2573,6,0,0.1932,3.97,0.8021,0,0,2,gaming,wallet,0
5064,54.0,,180.94,1965,2,0,0.3226,16.55,0.9433,0,0,17,fashion,net_banking,0
5065,47.0,31346.4,127.02,2470,1,0,0.1268,17.78,,0,0,14,food,wallet,0
5066,57.0,64274.69,202.87,3908,3,1,0.3596,1.96,0.7827,0,0,14,fashion,card,1
5067,48.0,52156.45,172.84,2600,5,0,0.158,4.36,0.9896,1,0,23,electronics,net_banking,0
5068,18.0,17019.46,39.34,2636,6,1,0.1682,37.06,0.9682,1,0,2,food,card,0
5069,20.0,44537.09,234.15,3510,4,0,0.1527,3.13,0.6294,0,0,4,grocery,net_banking,0
5070,72.0,104627.91,172.55,2805,6,0,0.2063,19.23,0.5687,0,0,3,,card,0
5071,69.0,,245.96,597,1,0,0.397,10.24,0.8511,0,0,13,fashion,upi,0
5072,51.0,50215.37,166.57,3278,2,2,0.0516,2.32,0.8354,0,0,22,travel,card,0
5073,27.0,97609.86,125.54,3602,2,0,0.1454,2.41,0.6967,0,1,19,grocery,wallet,0
5074,62.0,85187.29,431.76,2943,3,0,0.3565,3.16,0.9248,0,0,1,food,,0
5075,26.0,96476.19,306.77,634,4,0,0.0961,8.4,0.5364,1,0,19,food,wallet,1
5076,39.0,15000.0,727.06,2104,3,0,0.3354,2.87,0.5937,0,0,0,electronics,wallet,0
5077,36.0,142703.76,295.21,244,4,0,0.2771,6.39,0.7469,0,0,5,travel,upi,0
5078,18.0,78050.29,147.72,3097,5,1,0.1065,13.17,0.8095,0,1,19,travel,upi,0
5079,63.0,212968.7,333.53,3830,9,0,0.1814,2.05,0.8782,0,0,9,,card,0
5080,47.0,35768.01,24.84,171,0,0,0.2472,15.26,0.725,0,1,0,travel,card,0
5081,36.0,20851.7,1475.33,462,6,0,0.0504,9.82,0.5342,0,0,6,travel,wallet,0
5082,46.0,55218.79,236.83,3733,6,0,0.2428,12.48,0.878,0,0,10,grocery,card,0
5083,18.0,47270.12,1599.45,3205,6,0,0.3475,0.22,0.8535,0,0,18,electronics,net_banking,0
5084,42.0,78794.91,75.46,3297,7,0,0.3234,3.29,0.748,0,0,0,jewelry,card,0
5085,47.0,99339.55,58.87,857,5,0,0.2034,21.37,0.7793,0,0,22,grocery,net_banking,0
5086,37.0,52421.74,259.51,2561,4,0,0.2022,9.42,0.8822,1,0,21,food,upi,0
5087,65.0,48179.99,258.65,3320,6,0,0.085,1.1,0.7122,1,0,1,food,upi,0
5088,32.0,73319.68,252.45,302,3,0,0.2303,6.33,0.8424,0,0,1,gaming,upi,0
5089,25.0,47767.83,216.76,1156,3,0,0.3566,7.26,0.6645,0,0,8,electronics,card,0
5090,48.0,45619.85,96.05,1200,1,0,0.1993,0.91,0.8824,0,0,15,electronics,upi,0
5091,68.0,97295.95,40.76,2180,3,0,0.1761,1.14,0.8598,0,0,15,fashion,card,0
5092,39.0,109970.37,238.91,1036,7,0,0.1542,1.25,0.828,0,1,15,electronics,card,0
5093,20.0,99834.58,49.92,1387,6,0,0.2855,1.01,0.8517,0,1,9,jewelry,card,0
5094,73.0,50139.39,45.42,1050,1,0,0.067,7.09,0.8085,0,0,14,electronics,net_banking,0
5095,43.0,16953.08,123.02,282,7,0,0.0506,0.58,0.8151,0,0,7,grocery,upi,0
5096,27.0,50694.62,276.89,2698,2,0,0.3469,17.57,0.889,0,0,6,travel,card,0
5097,53.0,36250.17,1313.85,2565,4,0,0.0906,3.25,0.8777,0,1,16,travel,upi,1
5098,36.0,51212.54,479.25,3508,4,1,0.262,33.9,0.6569,0,0,0,fashion,card,0
5099,71.0,38024.6,754.59,2317,1,0,0.1825,0.45,0.8827,0,0,14,,card,0
5100,34.0,54376.18,346.06,2736,4,0,0.1481,14.13,0.9818,0,0,23,electronics,upi,0
5101,49.0,,259.77,1456,4,0,0.48,7.72,0.9102,0,0,5,fashion,upi,0
5102,48.0,27192.43,2205.58,1573,4,2,0.1379,14.02,0.758,0,0,12,grocery,wallet,0
5103,31.0,107749.98,47.95,1667,6,0,0.2538,17.95,0.7865,0,0,8,fashion,wallet,0
5104,,32266.24,119.07,3877,3,1,0.1225,5.01,0.3441,0,0,20,travel,card,0
5105,24.0,55010.03,128.74,1905,2,0,0.1315,0.26,0.9124,0,0,10,fashion,card,0
5106,54.0,92973.67,439.89,3454,5,1,0.2434,11.43,0.8148,1,0,9,jewelry,wallet,1
5107,61.0,90940.05,67.64,1302,3,0,0.1419,2.3,0.7345,0,0,23,gaming,upi,0
5108,72.0,85157.26,386.21,2751,3,0,0.078,1.06,0.8387,0,0,4,grocery,wallet,0
5109,36.0,64968.97,321.37,1118,3,2,0.1525,0.23,0.8725,0,1,22,food,card,0
5110,34.0,81902.95,405.98,1607,4,0,0.0899,2.71,0.9655,0,0,11,,wallet,0
5111,49.0,117041.86,398.69,3439,3,1,0.1596,7.39,0.788,0,0,9,electronics,card,0
5112,57.0,69483.94,838.22,2744,5,1,0.2411,3.53,0.8931,0,1,3,gaming,upi,0
5113,74.0,20022.81,171.36,1960,4,0,0.2027,14.27,0.8523,0,0,5,fashion,net_banking,0
5114,19.0,41125.98,305.86,1649,8,0,0.2051,10.52,0.8075,0,0,7,fashion,upi,0
5115,31.0,80667.58,86.18,3204,3,0,0.3862,12.38,0.8012,0,0,15,travel,net_banking,0
5116,32.0,38955.91,68.59,646,5,1,0.4348,2.62,0.8637,0,0,19,electronics,card,0
5117,32.0,134073.96,1051.3,3399,2,1,0.162,0.94,0.6844,0,0,2,gaming,card,0
5118,44.0,53121.63,79.9,2486,2,0,0.1056,9.92,0.7339,0,0,12,travel,card,0
5119,67.0,57640.19,341.81,1336,5,0,0.1035,11.02,0.6925,0,0,12,electronics,card,0
5120,,102098.96,306.13,2801,1,0,0.0445,12.63,0.842,0,0,6,food,card,0
5121,64.0,,582.85,3964,2,0,0.0601,9.9,0.9454,0,1,18,electronics,upi,0
5122,53.0,60599.43,34.29,1416,6,1,0.0717,8.76,0.6969,0,0,3,fashion,card,0
5123,53.0,90183.92,438.85,1590,3,0,0.1052,2.45,0.6987,0,0,9,travel,net_banking,0
5124,56.0,24473.34,169.85,3719,3,0,0.1653,5.04,0.7756,0,0,8,food,card,0
5125,,47012.77,98.8,1397,6,0,0.0579,5.29,0.9326,0,0,8,grocery,card,0
5126,60.0,86779.25,140.07,3421,4,0,0.3142,7.96,0.8296,0,0,15,food,card,0
5127,32.0,57020.64,507.62,3601,2,0,0.6229,7.86,0.7884,0,0,7,grocery,card,0
5128,47.0,123268.73,373.98,2343,2,1,0.1043,2.31,0.8351,0,0,20,food,card,0
5129,56.0,23117.16,158.39,356,3,0,0.319,7.71,0.8176,0,0,11,travel,card,0
5130,52.0,21711.29,57.62,269,8,0,0.2132,1.91,0.7048,0,1,16,travel,card,1
5131,36.0,83986.89,61.83,1145,6,0,0.2737,2.26,0.6427,0,0,12,electronics,upi,0
5132,40.0,88546.44,382.22,98,2,0,0.494,1.15,0.7004,0,0,13,gaming,card,0
5133,45.0,49454.14,50.16,3057,4,0,0.1195,4.87,0.6264,0,0,14,grocery,upi,0
5134,20.0,68549.09,159.94,2570,2,1,0.2651,10.64,0.9063,0,0,0,food,card,0
5135,59.0,82863.69,2628.13,1835,2,1,0.1685,12.05,0.9258,0,1,14,gaming,card,1
5136,23.0,35152.95,285.01,3260,4,0,0.1353,21.24,0.8231,0,1,19,grocery,upi,0
5137,44.0,37284.09,378.12,560,3,0,0.4007,28.11,0.9178,0,0,3,travel,card,0
5138,55.0,61049.35,62.3,2016,7,0,0.3481,0.44,0.6325,0,1,16,grocery,wallet,0
5139,22.0,90430.55,52.75,1373,2,0,0.0283,3.41,0.6494,0,0,12,gaming,card,0
5140,74.0,28964.09,398.93,123,4,0,0.3445,15.21,0.9522,0,0,17,fashion,net_banking,0
5141,39.0,49326.53,135.72,1929,3,0,0.1653,0.21,0.4877,0,0,6,food,card,0
5142,18.0,48086.58,582.06,604,6,0,0.0929,8.04,0.9181,0,0,13,fashion,card,0
5143,55.0,69214.52,207.7,211,3,1,0.2148,15.85,,0,1,7,food,card,0
5144,49.0,54737.5,5000.0,868,4,0,0.1664,8.51,0.8648,0,0,7,grocery,wallet,0
5145,54.0,40735.39,112.24,803,3,1,0.343,27.66,,0,0,18,jewelry,card,0
5146,60.0,109294.31,265.63,2522,5,0,0.1058,12.12,0.9796,0,1,12,grocery,card,0
5147,45.0,40884.11,81.35,3178,3,0,0.1784,11.43,0.709,1,0,0,food,card,0
5148,65.0,46837.31,558.38,1959,5,1,0.2866,1.71,0.8844,0,1,21,fashion,card,1
5149,39.0,22919.99,309.04,2575,3,0,0.1379,10.88,0.9076,0,0,1,grocery,card,0
5150,49.0,,76.08,435,3,0,0.18,8.05,0.9677,1,0,11,food,card,0
5151,27.0,73052.26,144.85,3152,5,0,0.1389,2.6,0.7339,0,0,21,jewelry,card,0
5152,53.0,65605.81,784.3,2021,12,0,0.0586,0.67,0.8293,0,0,19,gaming,wallet,1
5153,32.0,76482.93,695.52,1730,3,0,0.1215,10.94,0.8627,0,0,5,fashion,upi,0
5154,57.0,74468.29,48.35,3481,5,0,0.0945,15.26,0.7953,1,1,20,food,card,0
5155,63.0,173395.64,124.83,1275,3,1,0.2502,8.22,0.8824,0,0,8,jewelry,upi,0
5156,66.0,36452.53,1229.49,1773,2,0,0.1113,6.14,0.8577,0,1,11,fashion,card,0
5157,70.0,22570.64,168.31,3706,3,0,0.0879,28.0,0.9324,0,0,1,electronics,net_banking,0
5158,24.0,30862.1,238.98,624,7,1,0.2008,17.11,0.4808,0,0,3,food,card,1
5159,25.0,37349.69,555.51,2101,3,1,0.1438,14.98,0.871,0,0,8,grocery,,0
681,59.0,26272.6,49.37,955,2,0,0.1529,4.29,0.945,0,0,11,fashion,upi,0
5161,39.0,57907.49,77.73,2809,5,1,0.5124,8.17,0.7825,0,0,9,travel,net_banking,1
5162,19.0,109540.39,143.92,3719,4,0,0.0689,7.16,0.8305,0,0,20,jewelry,net_banking,0
5163,34.0,128271.06,663.53,1395,4,0,0.1431,24.33,0.8588,0,0,11,grocery,card,0
5164,65.0,72580.98,551.54,490,6,1,0.0533,11.24,0.702,0,0,6,fashion,wallet,0
5165,38.0,178579.33,408.59,1614,3,0,0.1084,15.95,0.8297,0,0,16,grocery,card,0
5166,22.0,45210.44,173.09,650,5,1,0.2394,2.7,0.7418,0,0,21,food,upi,0
5167,59.0,22408.66,615.56,2919,2,1,0.1703,21.52,0.9183,0,0,4,gaming,card,0
5168,29.0,98158.26,170.77,2280,6,0,0.246,8.67,0.734,0,0,3,electronics,card,1
3359,28.0,62483.27,120.27,2831,4,0,0.3891,1.81,0.9234,0,0,9,jewelry,wallet,0
5170,18.0,36309.58,495.22,1379,4,0,0.3475,3.15,0.7978,1,0,13,food,upi,0
5171,52.0,73214.6,1085.48,3819,2,0,0.1525,6.69,0.676,0,0,6,electronics,card,0
5172,43.0,51988.54,188.04,3585,5,1,0.5873,4.16,0.7847,0,0,18,gaming,wallet,0
5173,67.0,49516.66,138.43,3665,2,0,0.1537,0.24,0.8916,0,0,12,food,card,0
5174,37.0,28728.76,726.35,2859,2,1,0.0761,1.02,0.7242,0,0,19,travel,card,0
5175,29.0,54674.2,784.31,773,3,0,0.5039,14.49,0.8373,0,0,10,food,wallet,0
5176,27.0,95521.14,115.54,613,3,0,0.6286,0.97,0.781,0,0,4,electronics,net_banking,0
5177,,55607.36,65.89,3829,3,1,0.1433,19.77,0.6225,0,1,20,grocery,net_banking,0
5178,43.0,34838.01,673.17,3486,1,2,0.3957,4.34,0.653,0,0,18,food,card,0
5179,22.0,27693.2,38.52,3526,6,0,0.2796,9.7,0.8896,0,0,5,grocery,upi,0
5180,40.0,35235.57,36.6,2579,1,0,0.2393,12.0,0.8931,0,0,8,fashion,card,0
5181,,68245.86,152.12,3430,8,1,0.2706,5.12,0.7886,0,0,15,jewelry,upi,0
5182,61.0,,199.42,1989,6,0,0.026,10.28,0.9348,0,0,0,grocery,card,0
5183,54.0,35412.13,62.37,673,6,1,0.1679,4.64,0.6715,1,1,18,electronics,card,1
6938,35.0,31961.31,43.94,1518,5,0,0.0568,6.41,0.7986,0,0,22,gaming,card,0
5185,62.0,69292.74,234.96,3410,6,0,0.4085,17.44,0.7067,0,1,1,travel,card,1
5186,55.0,33568.7,111.34,2609,1,0,0.2599,32.75,0.5226,0,1,8,grocery,upi,0
5187,67.0,80344.01,1375.29,3990,3,0,0.268,13.22,0.7821,0,0,9,fashion,card,1
5188,25.0,36287.48,276.64,3596,1,1,0.1441,4.74,0.923,1,0,19,food,card,0
5189,64.0,31944.11,556.38,3044,2,0,0.1357,0.55,0.7366,0,0,19,food,card,0
5190,34.0,59834.22,41.96,182,3,0,0.0778,7.78,0.6722,0,0,10,electronics,wallet,0
5191,59.0,201153.39,41.6,764,3,0,0.335,7.74,0.6654,0,0,21,electronics,card,0
5192,70.0,83038.11,285.15,1519,3,0,0.1236,23.65,0.8635,1,1,15,food,wallet,0
5193,46.0,59278.92,1150.34,171,2,1,0.1234,0.09,0.9144,0,0,9,electronics,card,0
5194,23.0,67000.6,65.56,3744,4,0,0.1589,16.68,0.7121,0,0,17,jewelry,wallet,0
5195,,20993.64,207.75,935,3,0,0.0213,1.6,0.9466,0,0,13,grocery,upi,0
5196,41.0,29667.32,52.35,1550,3,0,0.1603,9.02,0.8569,0,1,23,food,wallet,0
5197,71.0,15000.0,87.74,2707,4,0,0.0606,16.41,0.9384,1,0,23,electronics,upi,0
5198,71.0,142417.63,218.34,172,4,1,0.0998,2.76,0.8828,0,0,21,food,wallet,1
5199,50.0,127408.12,109.99,2556,2,1,0.4439,7.49,0.8744,0,0,20,fashion,card,0
5200,72.0,68264.06,48.79,432,2,0,0.1991,3.22,0.7263,0,0,20,electronics,upi,0
5201,42.0,,47.71,3612,10,1,0.1964,7.97,0.7481,0,0,11,grocery,net_banking,0
5202,41.0,23428.63,27.3,2772,2,0,0.2952,3.84,0.8278,0,0,9,grocery,,0
5203,65.0,48750.63,289.9,1362,4,1,0.2633,16.22,0.4962,0,0,12,travel,wallet,0
5204,56.0,147399.81,327.19,2809,4,0,0.0988,9.66,0.8318,0,0,9,gaming,net_banking,0
5205,47.0,59122.52,325.55,1276,5,0,0.0695,16.82,0.9425,0,0,12,fashion,card,0
5206,44.0,40317.18,72.51,486,4,1,0.0029,8.28,0.7886,1,0,14,travel,card,0
5207,58.0,20913.49,492.21,68,2,0,0.1321,1.84,0.7273,0,0,2,,wallet,0
5208,60.0,117507.4,364.94,900,4,0,0.3057,1.87,0.8201,0,0,4,grocery,wallet,0
5209,45.0,52920.3,181.32,2839,2,0,0.08,4.47,0.9353,0,0,8,food,upi,0
5210,19.0,20928.87,153.87,2268,3,0,0.0804,1.03,0.9457,0,0,4,food,card,0
5211,23.0,33081.92,94.05,1113,4,1,0.0126,7.2,0.7303,0,0,10,food,card,0
5212,26.0,27240.02,218.14,2755,5,0,0.2769,6.21,0.9151,1,0,5,fashion,card,0
5213,44.0,51155.72,907.06,1571,2,1,0.1413,9.55,0.7691,0,0,12,gaming,card,0
5214,53.0,61643.61,561.61,652,4,1,0.3745,3.22,0.8444,0,0,2,food,card,0
5215,63.0,41702.61,139.32,2725,5,0,0.216,5.35,0.8258,0,0,18,fashion,upi,0
5216,31.0,,308.46,1841,1,0,0.0925,18.53,0.4431,0,0,22,food,net_banking,0
5217,62.0,57436.18,59.83,2667,1,1,0.0682,9.12,0.4998,0,0,18,food,card,0
5218,55.0,98652.64,373.54,2261,5,1,0.2846,4.57,0.7491,0,0,13,grocery,card,0
5219,20.0,45190.03,78.42,432,5,1,0.1678,0.73,0.9692,0,0,2,gaming,net_banking,0
5220,38.0,250000.0,358.96,227,4,0,0.1996,1.63,0.8267,0,0,3,grocery,upi,0
5221,35.0,40320.68,3505.29,429,3,0,0.0802,4.4,0.7552,0,1,0,travel,card,0
5222,68.0,33465.05,101.79,918,4,2,0.073,16.67,0.7204,0,0,22,grocery,card,1
5223,70.0,31276.53,3346.8,919,2,0,0.3533,1.09,0.8987,0,0,17,food,upi,0
5224,64.0,48975.29,294.0,3678,3,0,0.1526,14.04,0.8568,1,0,20,fashion,upi,0
5225,48.0,21361.46,85.06,3139,3,0,0.0314,2.05,0.9128,0,0,2,food,,0
5226,46.0,64672.93,81.25,3523,1,0,0.4343,4.51,0.7957,0,0,19,grocery,card,0
5227,35.0,19286.71,1915.84,1912,4,0,0.2161,4.91,0.787,0,0,6,jewelry,upi,0
5228,62.0,60114.57,294.7,1310,5,0,0.3751,0.63,0.7237,0,0,6,grocery,card,0
5229,22.0,26157.73,102.19,1629,6,1,0.1704,12.96,0.7835,0,1,12,food,net_banking,1
5230,33.0,44595.0,146.86,3475,10,0,0.0657,1.49,0.9783,0,0,14,gaming,net_banking,0
5231,25.0,76694.53,276.92,1441,5,0,0.0494,7.4,0.7808,0,0,7,food,card,0
5232,46.0,195303.33,178.44,2541,4,0,0.122,9.59,0.6539,0,0,3,grocery,card,0
5233,35.0,30399.7,254.39,604,6,0,0.0995,5.59,0.6976,1,0,15,travel,upi,0
5234,29.0,50635.79,1060.58,3927,5,0,0.0599,1.5,0.8297,0,0,9,gaming,card,0
5235,39.0,36938.93,58.26,2577,1,0,0.1078,5.94,0.8546,0,0,0,travel,net_banking,0
5236,67.0,34086.61,342.95,3865,4,0,0.0577,0.16,0.6558,0,0,16,grocery,wallet,0
5237,49.0,37117.85,167.35,1199,2,0,0.1007,6.72,0.6541,0,0,9,food,card,0
5238,64.0,86536.8,109.28,2479,4,0,0.3951,9.63,0.3168,0,0,1,gaming,card,0
5239,70.0,42051.81,525.91,1117,6,0,0.0872,4.25,0.9036,0,0,4,food,upi,0
5240,69.0,189512.53,41.74,1887,3,0,0.2463,6.62,0.5954,0,0,20,fashion,net_banking,0
5241,38.0,69139.19,16.89,1311,4,0,0.1602,11.87,0.8129,0,0,10,gaming,wallet,0
5242,68.0,31558.01,225.31,594,4,1,0.2657,8.46,0.6426,1,1,23,fashion,card,1
5243,69.0,44954.25,156.77,1785,5,0,0.138,0.72,0.7946,0,0,19,electronics,wallet,1
5244,72.0,35386.04,46.53,2135,4,0,0.0957,5.74,0.9095,0,0,5,travel,wallet,0
5245,38.0,85402.12,32.54,653,3,2,0.4007,7.78,0.5741,0,0,7,food,card,0
5246,31.0,22331.64,1240.9,1611,7,2,0.156,12.69,0.9691,0,0,11,travel,upi,0
5247,51.0,26306.34,285.99,401,6,0,0.1586,4.85,0.6982,0,0,15,grocery,card,0
6723,28.0,54536.0,662.84,1646,8,0,0.1656,5.7,0.8195,0,0,2,food,card,1
5249,69.0,80074.22,1616.8,1272,2,0,0.162,2.21,0.7178,0,0,3,jewelry,wallet,0
5250,50.0,108366.21,500.21,385,2,0,0.0602,0.79,0.9519,0,0,16,electronics,,0
5251,26.0,117522.69,1055.99,2067,2,0,0.0049,1.45,0.7484,0,0,15,gaming,net_banking,0
5252,42.0,73605.81,55.31,3344,13,0,0.155,2.26,0.8189,0,0,16,grocery,card,1
5253,58.0,52548.89,53.28,3965,2,0,0.356,1.74,0.8121,0,0,12,grocery,card,0
5254,49.0,85146.85,333.63,3869,4,0,0.1223,13.32,0.8407,0,0,22,food,card,0
5255,37.0,29307.92,272.45,719,5,0,0.1362,0.47,0.5295,0,0,0,gaming,upi,0
5256,37.0,19940.88,628.05,861,5,0,0.1093,26.43,0.7987,1,0,20,electronics,wallet,0
5257,21.0,69929.24,35.24,3575,5,0,0.0749,18.81,0.9131,0,0,11,food,card,0
5258,34.0,31633.29,363.78,2542,4,0,0.2355,3.9,0.9038,0,0,23,food,card,0
5259,56.0,53059.53,484.07,2186,3,0,0.063,1.72,0.8732,0,0,8,electronics,card,0
2368,28.0,26722.12,153.78,3206,3,1,0.4287,2.89,0.8348,0,0,3,fashion,net_banking,0
5261,74.0,63041.86,119.85,286,5,1,0.5227,0.06,0.91,0,0,16,grocery,upi,0
5262,22.0,92122.44,302.35,2231,6,0,0.0451,9.05,0.8232,0,0,20,fashion,card,0
5263,51.0,86918.82,82.87,2302,3,0,0.3461,13.08,0.8529,0,0,23,electronics,upi,0
5264,46.0,61226.69,134.29,3743,5,0,0.1661,23.34,0.903,0,0,6,electronics,card,0
5265,65.0,43130.26,63.44,1885,5,1,0.1101,8.48,0.4752,0,1,9,electronics,upi,0
5266,68.0,,84.29,2062,2,1,0.301,11.67,0.9582,0,0,22,travel,card,0
5267,48.0,39623.31,141.46,3208,2,0,0.0454,7.98,0.7514,0,0,12,food,card,0
5268,53.0,49367.75,110.17,1104,7,0,0.2289,0.31,0.7688,1,0,23,travel,card,1
5269,,232137.2,84.28,307,5,0,0.2477,5.32,0.7715,0,0,18,food,card,0
5270,47.0,60796.82,49.08,1902,6,0,0.3628,4.14,0.7193,1,1,6,travel,card,0
5271,28.0,70454.56,1279.28,2453,2,0,0.2041,10.64,0.7785,0,0,11,grocery,upi,0
5272,42.0,37312.14,109.11,1966,7,0,0.133,1.41,0.9278,0,1,2,grocery,card,0
5273,31.0,96387.21,250.37,2834,3,0,0.0597,0.75,0.7786,0,0,7,grocery,net_banking,0
5274,44.0,83553.16,31.0,1037,4,1,0.0269,17.17,0.8983,0,1,18,travel,card,0
5275,53.0,,699.67,86,2,0,0.0838,0.43,0.9757,0,0,11,fashion,upi,0
5276,29.0,61900.2,212.75,3154,8,0,0.2184,9.72,0.8649,1,0,9,jewelry,wallet,1
5277,,97138.49,115.48,3407,2,0,0.1733,29.74,0.8495,1,1,16,electronics,net_banking,0
5278,,110692.94,116.49,2482,5,0,0.0895,9.23,0.472,0,1,1,food,card,0
5279,39.0,64266.44,429.39,1276,2,0,0.2388,5.51,0.7195,1,0,21,food,card,0
5280,29.0,51639.99,9.39,1500,4,0,0.2523,0.49,0.5704,0,0,14,food,upi,0
5281,58.0,89958.39,78.95,1934,2,1,0.2635,5.61,0.8921,0,0,5,jewelry,card,0
5282,58.0,33450.42,159.79,1703,9,1,0.1296,14.03,0.8225,0,0,5,gaming,upi,1
5283,65.0,37056.92,157.96,918,3,0,0.1398,0.84,0.8163,0,0,18,jewelry,card,0
3288,29.0,54054.18,57.27,2481,2,0,0.2191,25.7,0.9216,0,0,8,electronics,net_banking,0
5285,74.0,21106.62,128.43,1213,2,0,0.0513,1.49,0.7106,0,1,19,electronics,upi,0
5286,50.0,86704.92,484.53,1808,0,1,0.0099,13.35,0.8587,0,0,14,grocery,card,0
5287,34.0,32386.14,1101.7,1520,4,1,0.3294,2.51,0.6477,0,0,3,electronics,card,0
5288,67.0,42436.68,351.98,2126,4,2,0.1667,21.56,0.8019,1,0,13,food,card,0
5289,33.0,48912.32,91.76,3232,3,0,0.4681,11.31,0.7825,0,1,20,food,card,0
5290,34.0,56201.36,49.82,1343,4,0,0.2209,2.36,0.9122,0,0,22,electronics,upi,0
5291,65.0,45527.83,379.32,259,4,0,0.3745,9.16,0.8674,0,0,8,food,upi,0
5292,68.0,52999.32,932.61,3278,4,1,0.3983,18.97,0.7031,0,0,6,fashion,upi,1
5293,37.0,53225.52,310.73,769,2,0,0.2136,32.15,0.8057,1,1,2,grocery,upi,1
9278,28.0,48807.62,3255.72,2760,4,1,0.1195,16.85,0.6891,0,0,15,fashion,upi,1
5295,70.0,35948.1,2404.04,2128,6,0,0.2193,2.4,0.608,0,0,19,food,upi,0
5296,63.0,99697.82,415.85,2105,6,0,0.1263,4.86,0.8402,0,0,19,food,upi,0
5297,18.0,17286.23,59.88,1653,5,0,0.178,18.14,0.9669,0,0,20,fashion,card,0
5298,55.0,49116.25,189.43,2854,5,0,0.1095,1.42,0.8466,0,0,18,travel,wallet,0
5299,27.0,42497.21,708.52,2622,6,0,0.1796,12.07,0.732,0,0,19,gaming,upi,0
5300,66.0,69246.22,140.36,3724,9,0,0.0701,0.8,0.8905,0,0,22,food,upi,0
5301,21.0,24716.53,811.32,95,5,0,0.4005,13.09,0.923,0,0,4,gaming,card,0
5302,74.0,41781.4,168.35,791,3,0,0.2543,2.9,0.8776,0,1,20,travel,upi,0
5303,28.0,51989.17,251.47,1132,1,0,0.2389,1.19,0.8026,0,0,13,gaming,wallet,0
5304,41.0,99074.66,126.75,783,7,0,0.0877,0.25,0.6286,1,1,17,jewelry,,1
5305,31.0,66025.1,211.13,3794,5,0,0.1684,5.52,0.7435,0,0,3,food,upi,0
5306,64.0,28686.16,222.61,318,4,0,0.1177,0.64,0.9413,0,0,4,food,upi,0
5307,40.0,42065.21,36.03,511,3,0,0.2647,5.83,0.7853,0,0,19,jewelry,wallet,0
5308,60.0,89537.85,115.74,1785,1,0,0.4271,12.12,0.8304,0,0,19,grocery,net_banking,0
5309,21.0,28414.71,52.44,1078,4,1,0.2571,0.45,0.9867,0,1,15,food,upi,0
5310,43.0,52671.73,119.8,1344,2,0,0.0643,1.18,0.6754,0,0,22,grocery,upi,0
5311,69.0,54724.8,81.27,2427,7,0,0.06,35.25,0.8943,0,0,18,grocery,card,0
5312,70.0,44485.02,495.11,2255,4,1,0.1241,0.32,0.7823,1,0,3,grocery,net_banking,0
5313,29.0,242256.4,500.88,3461,5,1,0.1496,24.01,0.8209,0,1,22,food,card,1
5314,40.0,43830.54,315.21,1820,8,0,0.1564,1.66,0.7815,0,0,3,food,card,0
5315,41.0,70435.97,50.67,3751,2,1,0.0883,1.91,0.8672,0,0,8,grocery,upi,0
5316,50.0,36084.65,163.17,785,3,0,0.0796,3.21,0.9357,0,0,14,grocery,wallet,0
5317,48.0,73522.73,46.79,802,8,0,0.1888,1.04,0.9173,0,0,15,grocery,upi,0
5318,24.0,88789.32,155.35,1582,5,0,0.2038,10.04,0.4552,0,0,1,electronics,upi,0
5319,61.0,39803.43,343.91,493,3,2,0.2669,10.49,0.6964,0,0,1,grocery,net_banking,0
5320,30.0,53369.91,485.44,144,4,0,0.3554,2.32,0.7704,0,0,18,food,upi,0
5321,35.0,33613.55,288.82,1503,4,1,0.0972,2.19,0.5969,0,0,5,fashion,upi,0
5322,65.0,29309.48,633.61,2163,4,1,0.0897,4.54,0.817,0,1,1,food,card,0
5323,57.0,97277.79,233.39,1132,5,0,0.0451,24.76,0.7486,0,0,21,food,card,0
5324,,40553.93,142.51,1106,8,0,0.0551,1.8,0.9456,0,0,23,food,upi,0
5325,70.0,15000.0,431.22,415,4,0,0.2341,9.44,0.858,0,1,11,grocery,,0
5326,40.0,145224.25,445.61,476,3,0,0.0651,2.85,0.9144,0,1,5,electronics,upi,0
5327,50.0,35381.21,106.57,3536,2,1,0.2367,13.44,0.9033,0,0,19,grocery,net_banking,0
5328,32.0,48030.11,262.94,291,6,0,0.3334,0.05,0.9382,0,0,18,food,upi,0
5329,28.0,135616.6,134.11,2819,4,0,0.1964,1.09,0.8624,0,0,3,electronics,net_banking,0
5330,46.0,50875.17,24.15,2866,4,0,0.1148,0.1,0.8471,0,0,5,fashion,upi,0
5331,50.0,50274.5,279.52,837,2,1,0.2315,2.16,0.5093,0,0,0,travel,card,0
5332,63.0,27989.74,49.33,1011,1,0,0.2729,6.69,0.7486,1,0,1,grocery,wallet,0
5333,40.0,22380.16,249.93,1489,4,0,0.1631,0.38,0.6005,0,0,9,travel,upi,0
5334,69.0,50190.25,38.77,2645,1,0,0.1097,3.17,0.7238,0,0,0,food,net_banking,0
5335,52.0,67146.62,87.64,175,6,1,0.1438,6.54,0.8879,0,0,8,fashion,card,1
5336,21.0,65064.05,116.67,3267,6,0,0.2462,4.97,0.641,0,0,19,food,upi,0
5337,60.0,42209.26,598.65,1383,4,0,0.3186,0.28,0.8591,0,1,12,fashion,upi,0
5338,,55616.22,105.58,2014,5,2,0.44,4.53,0.8673,0,1,21,grocery,card,1
5339,40.0,20022.72,61.44,3642,5,0,0.136,0.12,0.8174,0,0,0,electronics,wallet,1
5340,44.0,70840.09,259.12,558,8,0,0.0686,16.62,0.8057,0,1,2,travel,card,1
5341,35.0,60105.8,144.89,3792,6,1,0.1655,12.49,0.9075,0,0,8,jewelry,upi,0
5342,53.0,,396.83,2469,2,0,0.1979,0.74,0.7913,0,0,3,grocery,upi,0
5343,50.0,55226.73,65.44,1724,5,1,0.0594,1.29,0.847,0,0,11,grocery,,0
5344,43.0,32748.76,222.25,314,6,0,0.1541,26.14,0.8175,0,0,14,fashion,upi,0
5345,34.0,53486.83,2127.12,298,8,0,0.2638,12.52,0.9367,0,1,13,grocery,card,0
5346,40.0,45926.55,141.7,3274,6,1,0.441,7.13,0.9045,0,0,1,gaming,upi,0
5347,46.0,69855.06,216.95,1625,4,0,0.1617,2.09,0.7446,0,0,9,grocery,wallet,0
5348,44.0,55819.53,34.19,3053,3,0,0.2239,2.41,0.7211,0,0,22,electronics,,0
5349,35.0,27504.85,76.71,3338,4,2,0.2839,1.14,0.6573,0,1,10,food,card,1
5350,51.0,22368.96,285.05,1626,2,0,0.0616,16.8,0.8406,0,0,8,fashion,card,0
5351,30.0,63556.72,129.42,1286,4,0,0.3534,7.41,0.7804,0,0,17,fashion,upi,1
5352,46.0,117689.07,332.75,1098,5,0,0.0457,18.0,0.9498,0,0,3,jewelry,upi,0
5353,24.0,57453.42,275.31,2557,2,1,0.0565,3.18,0.6982,0,0,20,fashion,upi,0
5354,44.0,86025.76,48.18,2846,3,1,0.3105,0.94,0.9284,0,0,12,gaming,wallet,0
5355,62.0,,496.84,1417,1,0,0.0555,9.65,0.8243,0,0,15,food,upi,0
5356,64.0,63692.62,51.95,2281,1,0,0.0781,13.96,0.7793,0,0,11,jewelry,card,0
5357,57.0,,83.77,2173,5,0,0.3204,1.17,0.8391,0,0,19,grocery,upi,0
5358,60.0,61237.06,226.43,606,4,0,0.3281,7.05,0.832,0,0,17,travel,card,0
5359,21.0,106828.34,862.62,2116,6,0,0.0627,6.82,0.8959,1,0,10,,net_banking,0
5360,37.0,73609.42,65.96,3043,6,0,0.2698,11.96,0.8858,0,1,7,grocery,upi,0
5361,55.0,83002.28,208.65,3849,3,0,0.1116,9.9,0.4744,0,0,6,electronics,card,0
5362,63.0,42645.97,210.39,1355,4,0,0.4834,2.26,0.6779,0,1,13,jewelry,net_banking,0
5363,51.0,49207.13,347.34,977,4,0,0.0298,5.5,0.9401,0,0,21,jewelry,net_banking,0
5364,66.0,51523.25,588.15,3578,4,0,0.0435,31.93,0.6794,0,1,19,gaming,card,0
5365,33.0,53468.75,120.17,3680,5,0,0.2213,15.78,0.9135,0,0,16,fashion,upi,0
5366,26.0,,495.12,3322,5,1,0.129,6.98,0.5884,0,0,15,food,upi,0
5367,22.0,15125.58,680.81,1361,3,1,0.5272,0.86,0.5765,0,0,4,grocery,card,1
5368,51.0,55931.59,1071.61,1124,3,1,0.0996,5.31,0.5724,0,0,4,travel,upi,0
5369,55.0,52647.05,297.34,2510,4,0,0.0477,9.57,0.6965,0,0,10,fashion,upi,0
5370,34.0,25868.02,210.69,1043,5,0,0.1697,3.21,0.6756,0,0,1,jewelry,upi,0
5371,62.0,,111.99,3084,3,0,0.3804,6.49,0.7482,0,0,11,electronics,upi,0
5372,60.0,36923.86,41.84,1609,6,0,0.1717,3.18,0.5225,1,0,10,gaming,card,1
5373,38.0,45194.04,136.32,1328,6,0,0.2855,9.98,0.9677,0,0,5,jewelry,card,0
5374,31.0,152042.98,201.4,3223,3,2,0.0196,8.34,0.8251,0,0,5,jewelry,upi,0
5375,60.0,95853.28,161.33,1439,0,0,0.2021,19.2,0.4647,0,0,13,jewelry,,0
5376,56.0,75437.24,327.23,548,8,0,0.1143,10.12,0.9041,0,0,14,food,wallet,0
5377,27.0,67813.45,42.05,3185,2,1,0.1426,3.55,0.518,0,1,8,grocery,upi,0
5378,32.0,50237.37,150.05,1284,1,1,0.234,1.49,0.9683,0,1,18,travel,card,0
5379,45.0,165172.55,1323.09,2631,7,0,0.1335,7.43,0.991,1,0,18,travel,card,0
5380,47.0,85500.77,487.14,2646,7,0,0.3,21.3,0.8812,1,0,2,gaming,net_banking,1
5381,27.0,36418.64,333.33,359,2,0,0.5564,0.66,0.8541,0,0,6,electronics,upi,0
5382,72.0,25464.29,266.04,162,1,0,0.4893,2.11,0.9527,0,1,6,grocery,wallet,0
5383,40.0,75120.54,124.9,3286,2,0,0.1735,8.97,0.8443,0,0,1,travel,card,0
5384,39.0,53335.66,31.15,251,9,1,0.1839,17.1,0.8245,1,0,23,electronics,net_banking,1
5385,21.0,25063.62,284.32,1347,1,0,0.3018,12.85,0.9097,0,0,23,food,card,0
5386,67.0,69620.26,15.56,3055,4,0,0.1881,7.68,0.8136,0,0,17,grocery,net_banking,0
5387,31.0,47435.37,129.98,735,3,0,0.0572,0.42,0.9379,0,0,23,travel,net_banking,0
5388,74.0,73640.78,179.34,2103,3,0,0.0977,6.28,0.8309,0,0,23,food,card,0
5389,46.0,70125.77,115.1,489,10,0,0.2773,24.31,0.8592,0,0,8,electronics,net_banking,1
5390,67.0,39361.49,1578.67,2243,2,0,0.0115,16.35,0.8927,0,0,5,grocery,card,0
5391,28.0,77897.81,1115.77,2862,4,0,0.3397,22.37,0.7203,0,0,11,fashion,upi,0
5392,27.0,41824.63,505.61,1017,2,0,0.1624,2.72,0.6119,0,0,15,gaming,card,0
5393,63.0,43347.46,71.35,1148,3,0,0.1109,6.14,0.7999,0,0,8,gaming,net_banking,0
5394,64.0,41041.51,1229.51,2141,5,0,0.393,8.96,0.8848,0,0,14,grocery,card,0
5395,48.0,102449.41,334.26,3171,7,0,0.2084,7.81,0.7584,0,1,20,grocery,upi,0
5396,19.0,47135.12,70.17,2193,3,0,0.2902,0.56,0.5198,0,1,19,fashion,upi,0
5397,71.0,117000.35,185.99,2815,5,2,0.3346,10.24,0.8008,0,0,4,electronics,,0
5398,40.0,146679.49,469.44,1672,1,1,0.0924,4.89,0.3782,0,1,1,food,card,0
5399,71.0,,98.9,541,8,0,0.3537,9.67,0.9606,0,0,21,food,card,0
5400,67.0,15000.0,207.16,3858,6,1,0.4281,1.02,0.8182,0,0,22,grocery,card,0
5401,66.0,97691.39,247.01,3191,3,0,0.1972,7.15,0.8432,0,0,16,travel,card,0
5402,57.0,,59.87,225,4,1,0.268,10.74,0.6368,0,0,2,electronics,card,0
8015,63.0,55052.85,42.25,2289,4,0,0.1723,16.45,0.7042,0,0,7,grocery,upi,0
5404,48.0,,64.55,1677,4,1,0.2702,1.68,0.8862,0,0,7,grocery,upi,0
5405,19.0,43780.37,429.07,353,6,1,0.1042,16.99,0.8314,0,0,8,electronics,upi,0
5406,40.0,112256.83,72.6,3434,5,0,0.2251,6.49,0.5247,0,0,22,grocery,net_banking,0
5407,59.0,60056.41,240.99,715,4,1,0.0608,8.69,0.8754,0,1,9,electronics,card,1
5408,64.0,111420.62,44.83,848,2,0,0.0355,6.72,0.8428,1,1,13,food,card,0
5409,49.0,72179.37,57.95,1287,2,0,0.0279,0.26,0.9156,0,0,0,grocery,upi,0
5410,58.0,46398.0,55.21,3741,4,0,0.1245,2.37,0.8472,0,0,1,fashion,,0
5411,19.0,44373.25,134.74,926,3,0,0.2156,10.23,0.6659,0,0,1,jewelry,card,0
5412,44.0,74904.8,215.58,1719,6,0,0.255,5.48,0.8942,0,0,4,travel,upi,0
5413,46.0,86363.69,259.23,2738,3,0,0.1967,5.74,0.6518,0,0,23,food,upi,0
5414,68.0,95160.9,30.59,651,4,2,0.2457,0.31,0.8197,0,0,19,food,wallet,0
5415,35.0,47631.15,152.07,383,7,2,0.1293,25.26,0.4928,0,1,13,travel,net_banking,1
5416,31.0,60563.74,84.98,399,4,0,0.4056,1.33,0.663,0,0,18,fashion,upi,0
5417,38.0,75834.66,307.09,759,6,1,0.0725,15.54,0.8759,0,1,19,travel,net_banking,1
5418,27.0,44529.52,137.73,1328,7,0,0.1708,11.51,0.6175,0,0,10,travel,card,1
5419,49.0,29462.44,166.02,3764,4,0,0.3338,2.03,0.9628,0,0,11,fashion,wallet,0
5420,54.0,35300.04,85.46,3681,5,0,0.0944,40.0,0.886,0,0,16,grocery,wallet,0
5421,63.0,48171.31,1009.9,2289,6,0,0.3375,8.83,0.7655,0,0,3,electronics,wallet,0
5422,73.0,79166.02,49.87,3758,2,0,0.1396,3.93,0.6551,0,1,4,grocery,upi,0
5423,,109921.98,120.69,144,5,0,0.4256,1.59,0.5984,0,1,6,food,card,0
5424,32.0,26088.83,200.45,2266,3,2,0.4819,23.8,0.7857,0,0,2,fashion,wallet,1
5425,35.0,,139.99,1793,4,0,0.0529,3.63,0.9328,0,1,7,grocery,card,0
5426,32.0,45173.42,83.85,499,1,0,0.1088,2.4,0.9113,0,0,5,fashion,wallet,0
5427,65.0,85151.12,29.41,2225,4,0,0.0326,11.5,0.7622,0,0,3,grocery,wallet,0
5428,25.0,41135.54,90.15,1842,3,0,0.3023,0.4,0.7752,0,0,11,gaming,card,0
5429,19.0,43422.62,68.96,3061,4,0,0.0888,16.76,0.8298,0,0,19,fashion,wallet,0
5430,67.0,25298.3,965.05,1688,4,0,0.0139,4.63,0.7844,0,0,23,grocery,upi,0
5431,72.0,71751.39,1733.08,1733,2,0,0.1728,0.45,0.6898,0,0,10,grocery,net_banking,0
5432,30.0,50328.11,171.09,947,5,2,0.2412,2.02,0.5716,0,0,14,food,net_banking,0
5433,,38382.76,44.18,1905,5,0,0.0463,6.99,0.6291,0,0,0,food,card,0
5434,46.0,47684.24,376.53,331,7,1,0.2369,4.97,0.9839,0,0,6,grocery,upi,1
5435,47.0,102225.45,67.48,2278,4,0,0.2232,21.23,0.7435,0,1,7,gaming,upi,0
5436,74.0,31647.06,103.94,1544,5,0,0.1295,3.78,0.9216,0,0,6,fashion,upi,0
5437,41.0,34619.61,95.98,1116,6,0,0.3787,8.16,0.918,0,0,8,fashion,upi,0
5438,18.0,109516.15,109.12,1506,4,0,0.0258,7.05,0.945,1,0,19,,wallet,0
5439,42.0,57340.62,126.25,3570,5,0,0.1251,9.59,0.8709,0,0,1,travel,upi,0
5440,49.0,79495.3,48.4,2824,2,0,0.0201,6.1,0.913,0,0,18,travel,net_banking,0
5441,47.0,68600.29,89.21,3414,8,0,0.2081,5.14,0.7624,0,0,23,food,card,1
5442,47.0,53941.45,499.15,1595,4,1,0.459,10.4,0.8246,0,0,8,grocery,upi,0
5443,70.0,45411.65,174.06,1592,1,0,0.1071,6.03,0.8214,0,0,8,grocery,upi,0
5444,64.0,86894.1,204.03,82,2,0,0.2463,8.2,0.7468,0,0,6,travel,wallet,0
5445,32.0,104231.91,19.31,2738,2,0,0.0877,5.59,0.8782,0,0,5,food,net_banking,0
5446,38.0,99846.78,464.4,109,5,0,0.2531,2.47,0.8429,0,0,7,food,card,0
5447,56.0,28654.88,90.69,3890,1,0,0.0599,0.48,0.8904,1,0,11,electronics,card,0
5448,41.0,112734.36,553.87,2759,2,0,0.4702,4.62,0.5126,0,0,14,grocery,net_banking,0
5449,42.0,45171.61,210.03,1878,1,0,0.2123,4.83,0.753,0,1,22,grocery,upi,0
5450,,36309.05,102.61,2653,6,0,0.181,13.49,0.8121,0,0,18,gaming,card,0
5451,32.0,50109.12,33.62,3974,8,1,0.1676,4.69,0.9391,0,0,22,grocery,card,0
5452,60.0,86873.57,1584.15,666,3,0,0.1316,1.67,0.7258,0,0,20,electronics,upi,0
5453,66.0,74038.74,401.9,2991,7,0,0.2062,3.33,0.8582,0,0,8,fashion,wallet,0
5454,62.0,47792.59,426.68,3468,4,1,0.1848,2.31,0.6912,0,1,11,fashion,card,0
5455,35.0,,1109.63,2358,4,0,0.1163,2.91,0.7494,0,0,5,electronics,net_banking,0
5456,25.0,59397.76,225.21,2660,8,0,0.1802,23.95,0.9529,0,0,15,food,net_banking,0
5457,27.0,40133.0,696.01,2038,2,0,0.1447,3.27,0.7603,0,0,22,fashion,card,0
5458,40.0,37259.75,111.54,641,4,1,0.1732,1.27,0.6559,0,0,21,gaming,wallet,1
5459,47.0,68921.1,376.36,3924,5,0,0.2915,0.12,0.7294,0,0,1,fashion,wallet,0
5460,68.0,52559.64,95.86,1171,5,0,0.4132,0.52,0.8773,0,0,8,jewelry,card,0
5461,69.0,25811.12,108.76,1560,4,0,0.212,7.7,0.5488,0,0,13,gaming,upi,0
5462,18.0,87643.02,198.33,3895,3,0,0.2423,3.23,0.7129,0,0,17,electronics,card,0
5463,58.0,,50.68,254,7,1,0.1125,7.56,0.9094,0,1,23,electronics,wallet,1
5464,35.0,132026.02,250.23,1648,2,0,0.2781,4.79,0.8567,0,0,5,,wallet,0
5465,29.0,25423.88,131.76,2236,4,0,0.2087,2.16,0.8442,0,0,4,travel,upi,0
5466,49.0,49796.44,24.67,969,0,0,0.1545,4.13,0.8022,0,0,3,electronics,card,0
5467,19.0,37425.24,113.9,2690,3,1,0.3385,5.64,0.9548,0,1,16,electronics,card,0
5468,37.0,,127.47,2110,1,0,0.2486,1.92,0.8888,0,0,12,electronics,upi,0
5469,49.0,42081.08,422.33,1070,4,1,0.1067,4.07,0.6823,0,1,4,food,upi,0
5470,33.0,145641.1,239.4,846,6,0,0.0226,0.92,0.7425,0,0,9,food,upi,0
5471,51.0,59512.52,765.42,1168,4,0,0.1013,7.11,0.748,0,1,0,gaming,card,0
2574,40.0,83693.97,71.76,249,2,0,0.2192,3.58,0.7512,1,0,1,food,card,0
5473,63.0,20117.45,103.44,2098,6,0,0.0794,4.08,0.9004,0,0,1,electronics,wallet,0
5474,28.0,21340.01,169.8,3183,5,0,0.0967,22.16,0.7928,0,1,22,electronics,upi,0
5475,21.0,40947.0,127.09,2881,4,0,0.2764,5.66,0.7802,0,0,14,jewelry,wallet,0
5476,48.0,38814.92,293.22,3209,4,0,0.2264,5.38,0.8606,0,0,15,electronics,upi,0
5477,32.0,48623.42,191.1,3424,1,0,0.0947,13.36,0.8613,0,0,7,grocery,card,0
5478,58.0,,96.0,2480,7,0,0.2137,20.93,0.7042,0,0,9,grocery,wallet,0
5479,23.0,52295.39,181.55,1460,3,1,0.1849,37.72,0.6672,0,0,16,electronics,card,0
5480,50.0,96793.96,285.47,2785,3,0,0.2051,1.98,0.9583,1,0,18,electronics,card,0
5481,74.0,134275.8,65.79,3779,7,0,0.016,3.21,0.8449,0,0,15,,net_banking,0
5482,23.0,19402.23,247.14,1305,7,0,0.1487,5.28,0.7962,0,0,12,food,card,0
5483,35.0,35394.88,37.12,1965,4,0,0.174,2.34,0.8382,0,1,15,jewelry,upi,0
5484,66.0,34381.02,543.77,3519,4,1,0.086,3.26,0.8923,0,1,1,gaming,wallet,0
5485,48.0,59589.53,304.95,2401,1,0,0.1422,10.56,0.9382,0,1,2,travel,net_banking,0
5486,27.0,28119.36,918.04,602,1,0,0.2047,11.4,0.8903,0,0,13,fashion,card,0
5487,30.0,138736.71,58.93,1421,4,0,0.0804,8.11,0.894,0,0,8,grocery,card,0
5488,61.0,56332.44,559.14,1040,2,0,0.1237,6.76,0.8447,0,0,22,fashion,card,0
5489,67.0,51398.18,458.86,1925,5,0,0.036,15.37,0.9903,0,0,5,,upi,0
5490,38.0,132069.16,150.01,3970,7,0,0.1145,1.38,0.8198,0,0,7,grocery,card,0
5491,45.0,54516.7,123.51,3362,6,0,0.3652,0.02,0.8346,0,1,14,gaming,card,0
5492,62.0,68545.66,60.81,3842,1,0,0.1855,15.62,,0,0,12,food,card,0
5493,28.0,36393.64,46.86,2973,8,0,0.1051,14.48,0.7738,0,0,14,grocery,card,0
5494,29.0,25882.24,84.92,2045,3,0,0.5693,7.53,0.839,0,0,9,,card,0
5495,62.0,39316.11,51.27,2649,6,2,0.1361,3.61,0.8084,0,0,9,travel,net_banking,0
5496,28.0,183125.17,887.74,2011,4,0,0.2673,5.75,0.6537,0,0,14,grocery,upi,0
5497,61.0,77905.36,40.08,192,2,1,0.1519,3.51,0.5508,0,0,2,,card,0
5498,46.0,63964.44,208.9,493,1,0,0.1594,1.32,0.773,0,0,23,electronics,upi,0
5499,74.0,32147.28,278.29,2232,4,0,0.3474,3.81,0.568,1,0,8,food,upi,1
5500,19.0,90787.46,257.35,2648,5,0,0.1085,1.83,0.788,0,0,23,electronics,card,0
5501,71.0,26065.22,280.97,1036,4,0,0.1243,6.2,0.7479,0,1,14,electronics,upi,0
5502,30.0,23230.18,463.76,153,0,0,0.2499,7.94,0.9548,0,1,23,grocery,upi,0
5503,19.0,40445.09,115.24,307,5,0,0.2868,3.33,0.629,0,0,9,grocery,card,0
5504,59.0,161144.78,196.47,1277,2,0,0.2097,7.73,0.6922,0,0,6,food,upi,0
5505,48.0,156205.9,134.21,3448,5,0,0.2084,0.18,0.9032,0,0,20,fashion,,0
5506,65.0,42912.06,662.14,1691,1,0,0.5249,4.82,0.8571,0,0,11,electronics,upi,0
5507,24.0,37959.65,1469.71,3894,1,1,0.1774,4.46,0.7091,0,0,10,fashion,upi,0
5508,22.0,22312.21,54.54,3579,2,1,0.1202,24.34,0.4838,0,0,17,fashion,upi,0
5509,50.0,57411.81,23.61,3437,4,0,0.0237,10.47,0.8185,0,0,18,fashion,card,0
5510,68.0,60125.87,318.01,3874,9,0,0.2835,7.53,0.7867,1,1,1,electronics,card,1
5511,41.0,84909.77,524.96,991,5,0,0.1347,4.44,0.7816,0,0,23,grocery,upi,0
5512,63.0,90760.33,1274.02,3896,3,2,0.1877,15.52,0.7466,0,0,15,,card,0
5513,69.0,49340.79,376.47,3697,5,1,0.0989,5.79,0.7211,0,0,21,grocery,card,0
5514,67.0,74675.24,726.86,3201,6,1,0.1862,2.14,0.9963,0,0,10,food,card,0
5515,46.0,37411.64,946.73,794,6,0,0.0943,19.92,0.5774,0,0,13,food,upi,1
5516,57.0,73899.54,778.78,1181,4,0,0.3951,3.32,0.6725,1,0,6,jewelry,wallet,1
5517,47.0,41610.62,434.47,2619,6,1,0.2666,11.68,0.8541,0,0,3,grocery,upi,0
5518,56.0,70812.49,49.94,210,7,0,0.253,6.2,0.8019,0,0,8,food,card,0
5519,50.0,67728.63,178.5,3291,8,0,0.1015,2.08,0.8625,0,0,20,food,card,0
5520,47.0,57121.19,242.98,1719,5,0,0.2697,1.09,0.8015,0,0,11,food,card,0
5521,42.0,85142.82,162.9,116,6,1,0.1144,33.39,0.585,0,0,15,grocery,card,1
9045,72.0,119469.73,3266.47,3703,3,0,0.5059,0.42,0.8513,0,0,19,travel,card,0
5523,60.0,30619.26,862.8,1598,3,0,0.1353,2.1,0.7122,0,0,1,food,upi,0
5524,70.0,47408.44,84.45,2631,2,0,0.2219,8.66,0.7806,0,0,9,electronics,wallet,0
5525,52.0,24866.92,400.22,2420,5,0,0.1559,22.88,0.7264,0,0,20,food,upi,0
5526,23.0,43972.2,247.0,1503,1,0,0.2882,2.0,0.9361,0,0,19,fashion,wallet,0
5527,51.0,44758.73,76.36,2488,5,2,0.2603,15.53,0.8369,0,0,20,grocery,net_banking,0
5528,35.0,113030.68,61.34,3566,6,0,0.2847,3.9,0.8791,0,0,15,grocery,card,0
5529,19.0,59485.15,32.84,1420,3,0,0.1313,7.3,0.8367,0,0,15,grocery,upi,0
5530,22.0,96884.49,292.52,1514,1,0,0.4183,4.25,0.9548,0,0,17,food,card,0
5531,51.0,64926.4,168.97,433,2,0,0.1852,3.46,0.5871,0,0,8,grocery,upi,0
5532,71.0,40964.92,78.82,1530,7,0,0.2204,6.66,0.7221,0,0,22,electronics,upi,0
5533,46.0,59197.39,27.57,1157,3,1,0.1233,11.01,0.6907,0,0,17,electronics,upi,0
5534,43.0,82147.6,277.46,3043,3,3,0.1972,5.92,,0,0,8,fashion,net_banking,0
5535,23.0,106028.07,151.29,478,5,0,0.0574,2.28,0.7251,0,0,10,electronics,upi,0
5536,56.0,51139.78,88.17,2372,2,0,0.2889,18.84,0.7061,0,1,3,food,card,0
5537,21.0,22224.66,68.64,3095,5,0,0.3557,0.28,,0,0,22,fashion,upi,0
5538,65.0,21381.84,141.79,1043,7,1,0.1291,28.45,0.5856,0,0,16,food,upi,1
5539,64.0,45961.6,288.0,298,4,0,0.1311,1.98,0.5963,0,0,20,food,card,0
5540,74.0,15202.92,129.41,2716,1,0,0.134,5.4,0.7921,0,0,4,travel,upi,0
5541,34.0,147619.89,54.84,2365,5,0,0.3224,1.08,0.8201,0,0,11,electronics,upi,0
5542,27.0,76374.32,169.84,2265,9,0,0.2275,0.86,0.4898,0,0,19,grocery,upi,1
5543,35.0,38772.7,512.09,3522,3,0,0.1588,26.32,0.7015,0,1,10,fashion,,0
5544,63.0,29875.15,187.4,443,6,0,0.393,19.75,,0,0,6,fashion,card,0
5545,30.0,96814.69,192.75,815,7,0,0.2708,2.77,0.8402,0,0,1,gaming,wallet,0
5546,68.0,29809.67,129.97,1885,0,0,0.2612,19.04,0.5945,1,0,15,fashion,upi,0
5547,26.0,31415.72,73.94,2261,3,1,0.1129,19.32,0.6772,0,0,13,grocery,upi,0
5548,20.0,36091.7,71.53,3677,9,0,0.2685,2.15,0.6038,0,0,0,travel,card,1
5549,30.0,58561.72,34.16,2486,5,1,0.319,12.55,0.8754,0,0,21,food,card,0
5550,60.0,77383.36,586.51,870,10,1,0.0914,19.12,0.7353,0,1,10,electronics,card,1
5551,52.0,105985.57,285.83,3411,0,1,0.1132,0.92,0.795,0,0,15,electronics,card,0
5552,38.0,97716.2,195.48,1676,3,0,0.1624,5.41,0.903,1,1,18,jewelry,card,0
5553,55.0,55023.41,241.9,3476,4,0,0.2795,4.54,0.8493,0,1,3,food,upi,0
5554,54.0,96411.0,252.77,1125,6,0,0.1781,6.95,0.8042,0,0,17,food,upi,0
5555,49.0,38026.5,86.35,3171,5,0,0.0187,19.22,,0,0,17,fashion,upi,0
5556,47.0,20203.52,130.02,2161,6,0,0.0344,18.9,0.74,0,0,20,electronics,card,0
5557,23.0,38023.75,112.03,2235,5,0,0.388,1.08,0.7379,0,0,18,grocery,upi,0
5558,32.0,35300.24,2218.04,3901,4,1,0.2277,0.64,0.5995,0,0,21,gaming,card,0
5559,48.0,38851.25,499.28,642,4,0,0.0758,6.01,0.8175,0,0,3,food,card,1
5560,25.0,32449.24,212.9,1260,4,0,0.4293,1.84,0.7406,0,0,8,food,card,0
5561,45.0,42679.68,705.52,756,2,1,0.2543,24.21,0.672,0,0,8,grocery,card,0
5562,24.0,77350.16,621.82,3336,7,0,0.1585,34.11,0.9057,0,0,6,food,upi,1
5563,62.0,141277.3,45.26,3406,7,0,0.2657,13.36,0.8107,0,0,12,grocery,upi,0
5564,23.0,21293.3,144.04,3358,8,0,0.0752,7.48,0.636,0,0,14,grocery,wallet,0
5565,23.0,27087.68,177.09,975,3,3,0.0508,0.04,0.7842,0,0,19,travel,card,0
5566,54.0,35589.04,331.78,1059,3,0,0.3682,5.02,0.9118,0,1,7,grocery,wallet,0
5567,30.0,,143.88,1626,2,0,0.2089,21.55,0.6412,0,0,14,food,card,0
5568,38.0,49136.99,163.11,3097,2,1,0.2055,0.67,0.9371,0,0,10,fashion,wallet,0
5569,35.0,36931.81,113.48,3012,3,0,0.3374,5.54,0.9255,0,0,18,electronics,upi,0
5570,30.0,81576.1,513.83,3952,3,0,0.2087,11.62,0.894,0,0,10,travel,upi,0
5571,61.0,93069.62,42.5,3144,4,1,0.4209,6.25,0.6739,0,1,5,gaming,wallet,0
5572,57.0,54435.43,117.4,3817,8,0,0.0612,9.16,0.7818,0,1,8,jewelry,net_banking,1
5573,31.0,35107.42,28.48,1086,6,0,0.1497,2.85,0.8802,0,0,8,food,card,0
5574,57.0,63814.92,64.28,2434,1,0,0.1413,0.26,0.8516,0,0,0,gaming,upi,0
5575,58.0,48377.54,247.18,2146,3,1,0.2215,3.08,0.7086,0,1,10,fashion,card,0
5576,48.0,48171.9,251.92,632,5,0,0.1197,4.72,0.9192,0,1,13,grocery,card,1
5577,50.0,41492.52,131.6,3789,1,0,0.1446,30.74,0.8132,0,0,0,travel,card,0
5578,71.0,91475.76,553.88,503,4,0,0.3022,23.92,0.8478,0,0,8,electronics,card,0
5579,43.0,63102.94,697.15,3423,5,2,0.0394,12.97,0.844,0,1,15,grocery,wallet,0
5580,39.0,97219.24,167.96,1089,3,0,0.1542,13.05,0.7882,0,0,23,electronics,wallet,0
5581,48.0,114699.14,231.22,909,1,0,0.3976,5.71,0.9382,0,0,20,grocery,card,0
5582,65.0,70793.88,114.48,2417,2,2,0.2215,17.7,0.7242,0,0,20,food,card,0
5583,58.0,41627.91,336.92,1885,5,0,0.2549,0.53,0.9801,0,0,11,travel,net_banking,0
5584,22.0,97466.88,54.54,1563,4,1,0.0725,6.82,0.9519,0,0,20,electronics,card,0
5585,44.0,71054.61,1084.41,3616,3,0,0.0879,3.71,0.7665,0,0,16,grocery,wallet,0
5586,60.0,230254.56,562.81,2805,3,0,0.2899,6.28,0.8075,0,0,19,fashion,card,0
5587,30.0,65228.06,54.27,2447,8,0,0.2581,9.54,0.6853,0,0,3,jewelry,card,0
5588,74.0,,81.77,3157,2,0,0.026,11.28,0.5168,0,0,2,electronics,card,0
5589,64.0,64525.88,274.3,3218,2,1,0.3616,3.85,0.8796,0,0,19,fashion,card,0
5590,66.0,52082.5,128.34,746,4,0,0.1214,11.1,0.9376,0,0,17,electronics,card,0
5591,22.0,47703.17,310.31,1782,3,0,0.1017,11.56,0.8426,0,0,0,fashion,upi,0
5592,51.0,64661.59,125.66,3624,4,0,0.2413,2.99,0.6325,0,1,14,electronics,wallet,0
5593,48.0,73257.44,826.97,3263,3,0,0.105,13.34,0.9883,0,0,10,travel,upi,0
5594,53.0,103777.22,181.5,270,4,0,0.1512,3.95,0.9571,0,0,7,travel,card,0
5595,66.0,65183.15,2025.38,1007,1,0,0.1666,10.16,0.8427,0,0,19,fashion,card,0
5596,38.0,42637.93,328.86,1081,6,0,0.1324,0.15,0.8524,0,0,6,gaming,card,0
5597,48.0,45950.44,46.69,2067,7,0,0.2678,16.56,0.7399,1,0,14,jewelry,net_banking,0
5598,56.0,26568.28,1450.2,3264,1,0,0.2428,3.4,0.8773,0,0,3,gaming,wallet,0
5599,60.0,137139.79,540.04,1947,4,2,0.2249,8.91,0.8589,0,1,13,jewelry,upi,1
5600,61.0,40841.05,263.25,759,4,0,0.2387,7.93,0.4837,0,0,16,travel,card,0
5601,37.0,93636.98,343.64,2242,2,0,0.0565,13.13,0.7628,0,0,7,,card,0
5602,74.0,64035.41,54.81,903,3,1,0.3224,5.15,,0,0,2,electronics,net_banking,0
5603,18.0,64999.9,29.62,2722,1,0,0.2332,3.05,0.6767,0,0,4,fashion,wallet,0
5604,46.0,51559.52,172.64,3903,2,0,0.1682,7.02,0.587,0,0,7,food,net_banking,0
5605,52.0,35660.51,714.6,2540,1,0,0.1311,4.98,0.4972,0,0,0,travel,card,0
5606,21.0,32286.16,267.38,3652,10,0,0.1744,1.01,0.9226,0,0,18,food,card,0
5607,43.0,142307.35,994.39,2191,3,1,0.1376,2.11,0.7783,0,0,0,grocery,card,0
6446,61.0,61468.7,253.06,3638,5,0,0.1599,2.03,0.8578,0,0,10,food,upi,0
5609,52.0,102128.36,183.75,3762,3,0,0.3184,4.3,,0,0,16,food,upi,0
5610,24.0,117805.15,587.99,719,4,0,0.4561,1.07,0.9006,0,0,7,gaming,card,0
5611,,43876.0,825.14,2672,7,0,0.2843,11.02,0.9562,0,0,17,fashion,card,0
5612,31.0,69425.99,166.13,1042,5,1,0.0737,16.41,0.8819,0,0,7,travel,card,0
5613,54.0,56378.57,145.36,366,3,0,0.264,5.33,0.7919,0,0,18,gaming,card,0
5614,36.0,29103.71,207.14,963,8,0,0.3334,41.88,0.7609,0,1,3,grocery,card,1
5615,50.0,49665.93,16.14,596,3,0,0.2218,21.91,0.8493,0,0,16,fashion,wallet,0
5616,59.0,75979.37,238.27,780,5,0,0.1536,1.71,0.8672,0,1,23,grocery,card,1
5617,63.0,41798.78,369.96,56,5,0,0.0521,2.86,0.7977,0,0,21,food,net_banking,0
5618,28.0,46001.29,207.99,3882,3,0,0.3404,30.08,0.62,1,0,13,gaming,card,0
5619,69.0,49997.92,254.08,1778,2,1,0.1199,12.46,0.9362,0,1,17,food,wallet,0
5620,27.0,175681.78,172.34,689,7,0,0.4267,14.09,0.9664,0,0,23,grocery,upi,0
5621,,20057.56,24.43,1392,7,1,0.0755,3.1,0.7443,0,0,14,food,upi,1
5622,20.0,72474.66,949.14,2994,4,0,0.1997,3.66,0.7223,0,0,21,electronics,card,0
5623,29.0,47846.44,124.6,2539,2,0,0.0649,1.18,0.8027,0,0,20,gaming,card,0
5624,67.0,38666.48,97.05,232,4,1,0.0912,0.62,0.7329,0,0,6,fashion,net_banking,0
5625,,47205.08,699.9,616,3,0,0.0636,0.88,0.815,0,0,2,grocery,card,0
5626,57.0,79391.41,478.98,2188,4,1,0.3571,3.86,0.9285,0,0,12,gaming,upi,0
5627,41.0,81926.39,236.52,3880,5,1,0.5025,5.39,0.7554,0,1,0,travel,card,1
5628,,60924.94,388.51,311,3,0,0.0703,7.18,0.7529,0,0,13,,card,0
5629,43.0,100317.58,56.71,3453,2,0,0.3464,8.32,0.8518,0,0,12,food,upi,0
5630,19.0,110519.43,166.01,275,9,0,0.249,1.56,0.7644,0,0,7,travel,upi,1
5631,45.0,86171.54,657.04,1996,2,0,0.1123,7.93,0.9217,0,0,11,grocery,card,0
5632,49.0,40728.47,91.45,944,1,1,0.1376,10.9,0.7669,0,0,20,,card,0
5633,47.0,72188.16,66.33,1711,3,1,0.3912,20.2,0.9258,0,0,20,food,card,0
5634,34.0,72377.36,194.72,3704,4,0,0.1586,14.58,0.9229,0,0,1,electronics,upi,0
5635,61.0,35118.78,199.34,886,2,0,0.1547,16.73,0.613,0,0,16,electronics,wallet,0
5636,52.0,23199.76,343.96,2566,5,1,0.0862,3.31,0.6371,0,0,3,travel,card,0
5637,32.0,18080.0,45.37,1352,4,0,0.2311,7.84,0.9569,0,0,9,travel,card,0
5638,42.0,57154.25,14.06,2616,5,1,0.143,9.92,0.8485,0,0,9,fashion,card,0
5639,24.0,64796.72,452.23,247,5,0,0.1925,7.2,0.6537,0,0,5,food,upi,1
5640,70.0,28713.1,60.95,1211,6,0,0.2932,3.98,0.7786,0,0,13,fashion,upi,1
5641,,97773.24,97.8,3832,2,0,0.1618,8.57,0.62,0,0,1,travel,upi,0
5642,34.0,59802.84,20.28,2902,3,0,0.1518,11.36,0.8118,0,0,0,jewelry,card,0
5643,56.0,115530.22,500.63,3748,1,0,0.4951,1.48,0.9093,0,0,7,jewelry,wallet,0
5644,56.0,67432.56,255.52,2735,2,1,0.0584,10.31,0.9729,0,0,18,food,net_banking,0
5645,52.0,30595.4,245.46,765,3,1,0.1947,14.25,0.9141,0,0,3,travel,card,0
5646,21.0,70766.65,243.82,1862,7,0,0.2239,3.47,0.8884,0,0,21,fashion,card,0
5647,68.0,79510.9,22.94,3515,4,1,0.0899,21.85,0.579,0,0,6,fashion,upi,0
5648,72.0,40696.42,67.21,2739,4,0,0.3675,1.71,0.7899,0,0,7,gaming,upi,0
5649,73.0,24882.93,114.58,2095,4,1,0.1956,0.86,0.7202,0,1,17,food,upi,1
5650,73.0,58119.2,85.13,3472,4,1,0.0332,4.35,0.67,0,0,13,travel,wallet,0
5651,70.0,31717.5,137.2,480,7,1,0.1371,19.01,0.7952,0,0,8,food,upi,0
5652,60.0,101882.62,230.25,3842,2,0,0.2067,1.63,0.888,0,0,6,gaming,upi,0
5653,21.0,43964.65,492.45,530,3,0,0.337,42.69,0.8933,1,0,8,electronics,upi,0
5654,44.0,142005.22,40.97,3986,5,0,0.2107,10.33,0.6908,0,1,7,gaming,upi,0
5655,31.0,17099.44,178.42,3223,3,0,0.077,5.64,0.7381,0,0,17,grocery,upi,0
5656,30.0,59232.52,366.68,1968,3,1,0.2173,2.14,0.7056,0,0,22,food,card,1
5657,,120723.06,71.44,1920,6,0,0.1945,4.71,0.5925,0,0,21,gaming,wallet,1
5658,64.0,33705.66,148.43,160,2,0,0.1599,5.9,0.7082,1,0,3,grocery,upi,1
5659,47.0,50388.99,287.01,1288,4,0,0.4961,10.38,0.8621,0,0,10,gaming,card,0
5660,59.0,,182.03,939,3,0,0.0227,1.11,0.8449,1,0,19,grocery,wallet,0
5661,25.0,37760.4,353.24,2835,2,0,0.0859,6.5,0.841,0,0,11,grocery,card,0
5662,30.0,62920.73,197.88,811,1,1,0.1388,7.54,0.8049,0,0,20,travel,upi,0
5663,67.0,26973.4,131.77,3229,3,0,0.264,10.22,0.8419,0,0,22,travel,card,0
5664,43.0,51743.58,55.71,1223,6,1,0.0439,3.24,0.909,0,1,18,grocery,wallet,1
5665,49.0,73048.97,230.47,3405,6,0,0.2011,2.41,0.9908,0,0,19,jewelry,card,0
5666,44.0,48863.55,198.93,1461,5,1,0.2447,24.06,0.6861,0,0,12,grocery,wallet,0
5667,,31728.68,66.69,3017,2,0,0.1267,25.52,0.7833,0,0,23,electronics,card,0
5668,65.0,96924.77,322.15,2684,4,0,0.2477,3.51,0.9388,0,1,5,travel,card,0
5669,61.0,82185.14,639.62,3958,7,0,0.3057,2.65,0.9263,0,0,14,gaming,card,0
5670,56.0,31021.49,93.02,2116,4,0,0.3433,5.05,0.7807,0,0,0,jewelry,upi,0
5671,38.0,26992.9,86.95,1430,4,0,0.2799,5.09,0.9261,0,0,13,gaming,upi,0
5672,54.0,32582.48,83.83,2609,2,0,0.247,8.8,0.6301,0,0,15,grocery,card,0
5673,72.0,74234.83,33.59,148,9,1,0.2583,16.62,0.8495,0,0,0,fashion,net_banking,1
5674,55.0,64000.97,1336.0,3888,4,1,0.0936,0.99,0.8543,0,0,7,electronics,card,0
5675,46.0,84934.36,114.9,2721,3,1,0.0622,3.51,0.733,0,0,5,food,card,0
5676,33.0,45968.23,76.29,224,6,0,0.1312,6.22,0.8427,0,0,0,fashion,card,0
5677,47.0,33073.4,58.33,714,6,0,0.1215,9.3,0.9232,1,0,14,travel,net_banking,0
5678,39.0,91167.53,122.12,87,7,1,0.1194,3.31,0.5673,0,0,4,food,upi,0
5679,52.0,40566.25,89.81,2678,1,2,0.3332,0.22,0.7131,0,0,0,gaming,card,1
5680,20.0,60942.73,758.26,2672,4,0,0.1563,0.85,0.7387,0,0,22,electronics,net_banking,0
5681,28.0,23450.09,51.64,676,5,0,0.0541,4.16,0.8096,0,0,8,jewelry,card,0
5682,,40202.83,38.65,2198,2,0,0.3282,4.23,0.9708,0,0,19,food,card,0
5683,39.0,95822.85,312.54,1973,2,0,0.1743,3.73,0.9241,0,0,10,grocery,upi,0
5684,42.0,37091.29,161.7,1946,2,0,0.224,1.09,0.7558,0,1,6,food,upi,1
5685,49.0,86082.86,144.03,2483,3,0,0.1061,20.35,0.8784,0,0,18,grocery,net_banking,0
5686,42.0,,315.01,3417,2,0,0.1452,16.68,0.962,0,0,12,gaming,net_banking,0
5687,61.0,40433.87,206.37,3660,9,1,0.1031,0.9,0.8696,0,0,16,grocery,net_banking,0
5688,31.0,,171.77,660,7,0,0.211,12.98,0.9114,0,0,8,food,upi,1
5689,61.0,143413.25,44.14,3777,1,1,0.1255,10.57,0.6553,0,0,12,electronics,card,1
5690,29.0,28914.66,33.95,2307,4,0,0.4561,0.07,0.7091,0,0,23,grocery,upi,0
5691,39.0,,89.35,748,4,1,0.3011,8.3,0.7491,1,0,1,grocery,card,1
5692,51.0,98361.13,60.86,3729,9,0,0.2655,7.02,0.9192,0,0,7,grocery,,1
5693,68.0,36985.05,235.61,1498,3,0,0.2519,0.64,0.6624,0,0,20,food,upi,0
5694,31.0,44785.97,29.79,1800,5,0,0.1275,11.17,0.7882,0,0,9,fashion,net_banking,0
5695,51.0,59455.55,115.1,3869,5,0,0.1742,3.21,0.9411,0,0,2,grocery,wallet,0
5696,21.0,24349.63,151.39,2332,2,0,0.1118,1.01,0.7864,0,0,10,jewelry,card,0
5697,22.0,42820.91,173.0,597,4,0,0.0931,16.29,0.8277,0,0,6,electronics,card,0
5698,61.0,110962.78,268.25,307,2,1,0.4272,2.91,0.7856,1,0,16,electronics,wallet,0
5699,58.0,73317.06,129.85,3287,2,0,0.2851,3.16,0.9319,0,0,12,grocery,upi,0
5700,39.0,50456.92,92.34,1416,5,0,0.0711,10.55,0.8445,0,0,18,fashion,card,0
5701,53.0,58529.04,624.8,425,3,0,0.23,7.45,0.7708,0,1,18,grocery,card,0
5702,39.0,75704.01,130.7,194,2,0,0.0695,4.3,0.8043,0,0,23,grocery,net_banking,0
5703,33.0,84112.8,744.03,3783,2,1,0.1773,3.26,0.8242,0,0,2,electronics,wallet,0
5704,42.0,40500.14,130.04,2302,4,0,0.09,10.83,0.8368,0,0,21,grocery,card,0
5705,35.0,127923.15,177.1,2110,9,0,0.1555,1.12,0.7462,0,0,3,grocery,card,0
5706,64.0,113445.74,156.68,2374,5,0,0.2619,3.58,0.8583,1,0,9,grocery,net_banking,1
5707,41.0,79824.05,226.82,1692,6,0,0.0698,12.94,0.7954,0,0,14,fashion,card,0
5708,36.0,34594.86,118.29,3804,4,0,0.2136,5.96,0.8826,0,0,17,food,card,0
5709,48.0,31381.23,198.16,2420,3,0,0.1589,8.77,0.9213,0,0,23,fashion,upi,0
5710,61.0,45956.77,831.95,2564,7,0,0.0627,3.92,0.8634,0,1,0,food,wallet,0
5711,,56869.21,513.79,3577,2,0,0.1652,10.78,0.772,0,0,16,food,upi,0
5712,71.0,,517.34,41,2,0,0.238,19.49,0.7578,0,0,6,electronics,card,0
5713,44.0,72198.15,47.04,1296,3,0,0.3036,8.79,0.5699,0,0,14,fashion,card,0
5714,55.0,111657.64,55.3,3337,7,0,0.0662,2.61,0.3888,0,0,15,gaming,net_banking,0
5715,72.0,75519.73,223.79,412,4,0,0.2473,0.04,0.786,0,0,7,fashion,card,0
5716,42.0,37920.97,389.04,1338,3,0,0.2021,7.49,0.894,0,0,21,travel,card,0
5717,29.0,35531.2,107.11,678,6,0,0.0601,6.38,0.8462,0,0,12,electronics,card,0
5718,60.0,64861.35,89.6,2865,4,0,0.2656,10.28,0.8863,1,0,1,gaming,card,0
5719,18.0,50552.69,725.46,3379,6,0,0.1027,12.62,0.6972,0,0,4,food,net_banking,0
5720,44.0,70175.96,357.39,1078,9,1,0.3458,0.78,0.7579,0,0,22,jewelry,card,0
5721,73.0,76575.71,518.5,2759,8,1,0.0465,3.21,0.9814,0,0,5,gaming,card,0
5722,41.0,100270.64,115.76,3048,4,1,0.0631,31.95,0.9232,0,1,13,fashion,net_banking,0
5723,56.0,29508.11,107.01,3624,7,1,0.4617,0.24,0.7048,0,0,22,food,card,0
5724,47.0,62129.67,464.91,3712,6,0,0.1269,3.8,0.9063,0,0,20,grocery,card,0
5725,,45034.19,138.41,1838,5,0,0.2069,23.87,0.6174,0,0,18,electronics,card,0
5726,36.0,52095.78,97.72,344,6,0,0.1461,2.24,0.9628,1,0,9,electronics,card,0
5727,47.0,88478.36,72.22,2985,7,1,0.3506,6.44,0.8879,0,0,3,grocery,upi,1
5728,23.0,93930.24,107.95,2191,3,0,0.1809,19.18,0.5509,0,0,19,travel,card,0
5729,41.0,118685.51,431.83,1853,4,0,0.1084,5.12,0.9855,1,0,8,grocery,upi,0
5730,,69505.63,39.78,2175,7,0,0.2845,2.43,0.6206,0,0,8,grocery,net_banking,0
5731,65.0,51770.68,337.65,2586,5,0,0.1354,4.36,0.6476,0,0,12,jewelry,card,0
5732,25.0,47858.56,88.65,1167,1,1,0.4382,10.03,0.8675,1,0,14,food,card,0
5733,66.0,21183.4,145.86,1333,10,1,0.1348,13.19,0.8433,0,1,18,grocery,card,1
5734,41.0,114914.4,155.51,1386,3,0,0.0441,10.17,0.8981,1,0,3,food,card,0
5735,55.0,46075.85,144.35,1987,5,0,0.2261,1.82,0.827,0,0,6,food,card,0
5736,49.0,72644.42,135.07,2714,8,0,0.253,29.66,0.8367,0,0,15,grocery,net_banking,1
5737,35.0,79900.43,115.42,197,3,1,0.2545,2.84,,0,0,0,electronics,card,0
5738,71.0,27727.08,101.65,1191,3,0,0.24,3.49,0.794,1,0,6,jewelry,upi,0
4849,,108217.17,431.59,1870,8,0,0.1324,22.21,0.7255,0,0,17,electronics,card,0
5740,20.0,128791.41,184.57,151,4,1,0.304,11.6,0.717,0,0,21,electronics,card,0
5741,60.0,64526.29,158.7,3187,4,0,0.4176,1.16,0.8385,0,0,11,fashion,card,0
5742,53.0,39965.28,94.47,3083,5,0,0.0894,1.53,0.8813,0,0,10,jewelry,card,0
5743,68.0,51307.78,119.7,1296,4,1,0.0595,6.88,0.6614,0,0,12,jewelry,upi,0
5744,44.0,99959.34,94.8,2512,3,1,0.5296,5.69,0.6937,0,0,9,fashion,card,1
5745,18.0,91946.43,386.95,1976,5,0,0.1187,1.47,0.6428,0,0,6,grocery,card,0
5746,19.0,24556.79,84.72,1024,3,0,0.0627,17.68,0.7268,0,0,13,grocery,card,0
5747,42.0,135123.52,19.04,622,4,0,0.1597,1.52,0.9053,0,1,1,gaming,upi,0
5748,32.0,93570.45,190.81,3847,5,0,0.0155,13.7,0.7699,0,0,6,food,upi,0
5749,70.0,50575.73,136.12,3442,3,2,0.2199,6.45,0.9014,0,0,8,grocery,card,0
5750,24.0,28556.54,100.2,3596,6,0,0.0578,3.07,0.8917,0,0,9,grocery,card,0
5751,68.0,98203.12,447.87,588,4,0,0.2384,3.95,0.8778,1,0,10,travel,net_banking,0
5752,30.0,71476.47,11.7,3858,3,1,0.5069,5.76,0.7435,0,0,4,fashion,card,0
5753,24.0,24668.92,870.62,2515,7,0,0.0274,1.85,0.934,0,1,16,fashion,upi,0
5754,33.0,48409.22,516.79,2063,8,0,0.1876,0.74,0.9714,1,0,7,gaming,wallet,0
5755,26.0,250000.0,96.05,1387,4,1,0.102,6.39,0.8567,0,0,19,fashion,wallet,0
5756,40.0,55501.45,114.68,963,6,0,0.0913,8.41,0.7601,0,0,18,grocery,card,0
5757,36.0,36570.77,298.07,1321,1,0,0.137,5.64,0.9277,0,0,11,travel,card,0
5758,48.0,31584.3,306.18,720,2,1,0.1382,5.72,0.8303,0,0,20,travel,card,0
5759,48.0,145763.82,95.5,3166,3,1,0.1704,2.88,0.6798,0,0,20,gaming,card,0
5760,18.0,87671.85,35.74,3795,3,1,0.2336,10.91,0.6952,0,0,1,grocery,card,0
5761,25.0,119274.16,1490.18,3869,2,0,0.1736,4.75,0.8182,0,0,6,gaming,wallet,0
7573,29.0,35199.01,148.1,3770,10,0,0.5771,1.08,0.6908,1,0,13,grocery,upi,1
5763,29.0,109622.62,210.57,555,5,0,0.0478,3.68,0.8079,0,1,3,,card,0
5764,23.0,34493.02,214.59,2971,7,0,0.3315,19.36,0.8492,0,0,6,food,card,0
5765,35.0,60144.99,335.05,3435,3,1,0.0344,5.18,0.9566,1,1,3,electronics,wallet,0
5766,49.0,64406.37,377.67,2056,2,1,0.1645,1.0,0.8382,0,1,4,grocery,upi,0
5767,35.0,117645.87,22.34,2245,5,2,0.3931,2.54,0.7618,0,0,0,food,card,0
5768,36.0,65542.37,126.73,1556,1,1,0.3005,6.04,0.579,0,0,8,travel,upi,0
5769,44.0,38989.86,114.22,3295,5,2,0.1423,4.79,0.8763,0,0,20,travel,,0
5770,49.0,56972.79,153.17,2822,3,0,0.1043,22.0,0.8139,0,0,16,fashion,card,0
5771,36.0,21874.16,389.07,2527,4,0,0.1832,2.81,0.6006,0,0,6,jewelry,upi,0
5772,30.0,15345.16,30.05,67,4,0,0.4625,2.25,0.8061,1,0,21,travel,card,0
5773,41.0,86883.74,46.7,3843,4,0,0.1222,9.25,0.6342,1,0,22,jewelry,upi,0
5774,19.0,44755.93,91.03,2111,3,1,0.1413,12.93,0.5939,1,0,3,gaming,,0
5775,46.0,47634.33,210.04,3825,5,0,0.1558,24.23,0.9547,0,0,23,electronics,upi,0
5776,71.0,86864.88,413.68,2724,3,0,0.0123,1.28,0.5531,0,0,14,fashion,card,0
5777,40.0,118591.98,919.91,2097,3,0,0.3129,1.98,0.8862,0,0,19,travel,card,0
5778,24.0,73795.78,135.18,3022,2,0,0.2271,1.08,0.7401,0,0,16,electronics,card,0
5779,58.0,158820.28,413.0,1009,7,1,0.1864,2.13,0.7597,0,0,12,food,card,1
5780,,72516.36,366.18,1820,8,0,0.1768,1.29,0.8825,0,0,12,gaming,card,0
5781,29.0,64945.64,309.4,129,3,2,0.1295,11.96,0.8029,0,0,14,gaming,upi,0
5782,26.0,62774.38,175.68,2988,6,0,0.2457,11.35,0.7741,0,1,14,food,card,0
5783,68.0,27121.06,120.71,1316,4,0,0.1575,0.44,0.7783,0,1,12,travel,card,0
5784,73.0,93049.58,62.03,410,6,1,0.0812,5.35,0.85,0,0,9,fashion,wallet,0
5785,50.0,15000.0,58.05,3191,4,0,0.0638,2.03,0.8902,0,0,4,food,upi,0
5786,53.0,39840.9,254.69,956,1,0,0.1971,0.8,0.826,0,0,12,travel,card,0
5787,54.0,55698.04,170.47,918,4,2,0.0602,10.73,0.5096,0,0,5,grocery,card,0
5788,52.0,35622.02,118.8,604,6,1,0.1295,0.22,0.9713,0,1,11,,wallet,0
5789,49.0,42899.81,349.94,2425,5,0,0.1633,7.73,0.7149,0,0,0,electronics,,0
5790,74.0,151258.42,147.3,1379,3,0,0.3768,10.7,0.7201,0,0,11,fashion,wallet,0
5791,59.0,100942.02,72.22,2295,4,0,0.1578,0.83,0.5281,0,0,15,fashion,upi,0
5792,23.0,37717.64,137.89,1396,8,0,0.1177,7.36,0.7788,0,0,21,travel,card,0
5793,40.0,42481.62,408.95,3020,10,0,0.2012,5.08,0.8091,0,0,17,fashion,upi,0
5794,73.0,27248.02,64.68,1514,2,0,0.4012,2.35,0.8533,0,0,9,travel,upi,0
5795,41.0,81051.1,221.9,3177,4,1,0.1261,0.23,0.4993,0,1,23,jewelry,card,0
5796,29.0,47941.18,170.29,1879,2,1,0.0511,25.76,0.8642,1,0,19,electronics,upi,0
5797,67.0,18648.7,84.11,89,5,2,0.1457,1.93,0.9483,0,0,18,grocery,upi,0
5798,53.0,58134.78,134.24,1762,5,0,0.0767,17.65,0.8401,0,0,7,gaming,card,0
5799,50.0,70019.35,37.39,1002,3,0,0.0482,2.27,0.5943,0,1,14,electronics,card,0
6410,70.0,120734.33,406.26,2131,2,0,0.2284,11.52,0.5509,0,0,2,gaming,upi,0
5801,25.0,52825.18,45.98,525,0,0,0.1479,1.81,0.7364,0,0,3,fashion,card,0
5802,39.0,44806.99,526.05,3017,4,1,0.1702,28.08,0.9519,0,0,16,food,net_banking,0
5803,42.0,163985.62,164.18,2509,3,0,0.2399,6.55,0.6109,0,1,9,gaming,upi,0
5804,71.0,55199.59,101.61,593,5,0,0.2073,2.78,0.712,0,1,4,gaming,card,0
5805,35.0,81703.12,574.51,3913,3,1,0.0999,0.82,0.7126,0,0,19,fashion,card,0
5806,26.0,40877.77,64.14,1422,2,0,0.4218,13.74,0.9198,0,0,6,fashion,upi,0
5807,42.0,80381.46,85.22,863,5,1,0.161,5.44,0.9012,0,0,1,gaming,wallet,0
1606,68.0,79163.32,32.01,922,6,0,0.1125,14.98,0.4256,0,0,12,jewelry,wallet,0
5809,,42657.2,666.78,1009,3,0,0.2371,4.79,0.7969,0,0,6,jewelry,card,0
5810,39.0,28297.75,1171.24,142,8,0,0.0999,8.12,0.7084,0,0,1,grocery,upi,0
5811,56.0,39432.8,33.76,1947,3,1,0.1161,0.81,0.8687,0,0,1,electronics,card,0
5812,54.0,109408.84,79.61,2437,2,0,0.1426,16.87,0.7683,0,1,22,food,card,0
5813,35.0,39273.66,193.02,1498,4,0,0.2354,1.87,0.6243,0,0,15,electronics,card,0
5814,73.0,81644.47,107.48,3507,5,0,0.2319,24.53,0.9147,0,0,21,grocery,wallet,0
5815,51.0,126700.88,174.45,3865,5,1,0.2639,4.04,0.9124,0,0,13,travel,wallet,0
5816,21.0,54172.08,160.03,1244,1,0,0.1557,13.16,0.8951,0,0,19,travel,upi,0
5817,41.0,,270.56,2561,5,0,0.2489,4.83,0.8013,0,0,17,food,wallet,0
5818,70.0,73657.83,68.85,1625,3,0,0.2004,5.9,0.3259,0,0,22,jewelry,upi,0
5819,40.0,58637.45,218.24,1116,4,0,0.0978,23.46,0.9571,0,0,4,gaming,upi,0
5820,50.0,83096.85,58.96,863,1,0,0.1269,21.47,0.6363,0,0,16,fashion,upi,0
5821,52.0,151305.22,119.24,2100,3,0,0.2393,1.81,0.5478,0,0,19,grocery,upi,0
5822,58.0,38738.55,31.7,596,6,0,0.077,1.01,0.6151,0,0,2,travel,card,0
5823,67.0,32452.34,120.11,2699,2,1,0.1876,7.56,0.7963,0,0,2,grocery,card,0
5824,26.0,31421.12,101.52,3539,3,2,0.1672,1.86,0.8408,0,0,14,electronics,upi,0
5825,47.0,95037.22,462.45,1491,2,0,0.0192,6.52,0.7412,0,0,2,gaming,wallet,0
5826,48.0,102358.91,169.64,2301,5,0,0.2498,7.92,0.7697,0,0,18,food,card,0
5827,26.0,40934.08,203.46,3905,7,0,0.1021,13.7,0.6305,0,0,17,gaming,card,0
5828,56.0,,176.0,2828,5,0,0.3521,12.57,0.925,0,0,11,fashion,upi,0
5829,24.0,37948.01,21.41,1633,1,1,0.0864,0.49,0.7104,0,0,0,food,card,0
5830,44.0,74340.28,24.43,3531,3,0,0.2832,1.8,0.9181,0,0,12,grocery,card,0
5831,36.0,53018.21,130.88,198,6,0,0.1016,1.73,0.9508,0,0,2,grocery,,0
5832,26.0,60735.26,237.82,2365,3,1,0.139,2.17,0.8275,0,1,5,grocery,net_banking,0
5833,64.0,41243.51,142.32,1032,3,0,0.3499,17.09,0.9146,0,0,8,gaming,upi,0
5834,31.0,96070.49,75.86,745,4,0,0.3569,12.66,0.82,0,0,17,electronics,card,0
5835,32.0,66426.01,141.55,2082,3,2,0.2101,3.08,0.8505,0,0,6,electronics,card,0
5836,66.0,,129.78,2861,8,0,0.0433,15.64,0.7877,0,0,6,food,card,0
5837,68.0,60028.49,392.27,2960,3,1,0.0946,6.31,0.6935,0,0,16,fashion,card,0
5838,19.0,73386.18,370.92,2998,4,0,0.0867,2.81,0.9574,1,1,11,fashion,,0
5839,33.0,70777.96,103.5,1175,3,0,0.1107,2.44,0.8796,0,0,14,,net_banking,0
5840,58.0,33012.69,171.23,1673,6,0,0.0763,0.6,0.934,0,0,15,grocery,card,0
5841,62.0,67526.35,237.26,479,2,1,0.4326,3.3,0.8774,1,0,22,grocery,upi,0
5842,74.0,85000.97,275.23,2478,2,0,0.2369,3.84,0.8475,1,0,17,grocery,net_banking,0
5843,49.0,103820.25,939.69,3221,5,0,0.1749,0.15,0.8332,1,0,5,fashion,card,0
5844,18.0,69144.06,175.0,1953,2,0,0.2446,9.46,0.7853,0,0,3,grocery,upi,0
5845,67.0,32344.55,579.23,1271,5,0,0.106,1.92,0.7703,0,1,8,food,wallet,0
5846,27.0,35202.2,56.42,1352,3,1,0.4542,11.74,0.7928,0,0,3,travel,wallet,0
5847,24.0,43293.47,95.13,2610,4,0,0.1609,63.81,0.78,0,0,17,food,upi,0
5848,56.0,,21.27,2699,8,0,0.291,5.11,0.9128,0,1,9,jewelry,wallet,1
5849,52.0,51423.91,209.4,1920,8,0,0.3044,1.03,0.6945,1,0,0,electronics,card,1
5850,21.0,29644.62,343.94,1012,3,1,0.0489,0.35,0.7957,0,0,12,food,card,0
5851,27.0,29547.15,13.98,1659,4,0,0.1945,2.12,0.7125,0,0,22,fashion,upi,0
5852,51.0,17342.26,217.29,1330,7,2,0.1621,50.72,0.5313,0,0,23,grocery,card,1
5853,32.0,15000.0,329.37,419,2,0,0.1001,8.89,0.6823,0,0,5,grocery,upi,0
5854,56.0,,311.12,1640,1,0,0.1616,3.66,0.8985,0,0,14,grocery,upi,0
5855,41.0,197050.47,54.44,3400,6,0,0.2229,1.41,0.9166,0,1,22,jewelry,,0
5856,51.0,147755.95,389.97,2470,4,2,0.2141,6.43,0.8193,0,1,8,electronics,card,1
5857,45.0,32114.44,181.68,560,2,0,0.1484,15.76,0.8042,0,1,15,fashion,card,0
5858,38.0,59726.75,325.06,3413,2,0,0.1343,5.92,0.9544,0,0,20,fashion,card,0
5859,37.0,24577.08,158.71,877,7,0,0.1898,5.33,0.7441,0,0,7,food,upi,0
5860,57.0,26726.96,263.48,2471,2,0,0.1927,16.88,0.6368,0,0,0,fashion,card,0
5861,47.0,28466.37,545.77,2283,4,1,0.3407,9.68,0.6656,0,0,3,gaming,upi,0
5862,51.0,48584.71,146.78,2912,7,0,0.1275,6.18,0.9135,0,0,0,food,card,0
5863,50.0,49748.5,239.14,3072,7,0,0.3738,4.34,0.7021,1,0,23,fashion,upi,0
875,57.0,103441.43,828.22,2206,3,1,0.0887,0.93,0.9377,0,0,8,food,net_banking,0
5865,70.0,79209.97,157.55,3117,4,0,0.2019,0.64,0.7882,0,0,23,electronics,card,0
5866,50.0,45697.73,58.41,2362,5,0,0.178,2.5,0.8978,0,0,8,food,,0
5867,58.0,56106.08,353.89,1418,2,0,0.0685,26.98,0.9284,0,0,16,electronics,card,0
5868,68.0,30136.48,755.84,442,5,0,0.2354,3.44,0.8093,0,0,15,electronics,card,0
5869,70.0,26255.09,653.11,2286,4,0,0.2465,4.02,0.7764,0,1,15,grocery,net_banking,0
5870,56.0,24116.55,367.95,1869,5,0,0.3498,0.07,0.9686,0,0,14,electronics,net_banking,0
5871,,78603.76,17.27,1898,3,0,0.2098,23.0,0.9317,0,0,2,fashion,upi,0
5872,44.0,45671.93,95.31,2768,3,0,0.0315,0.81,0.8981,0,0,20,,upi,0
5873,60.0,19652.75,100.32,2844,6,1,0.1233,1.94,0.9282,0,1,5,fashion,wallet,0
5874,36.0,53124.29,188.26,743,3,0,0.3682,5.21,0.9226,0,0,15,food,upi,0
5875,58.0,27673.67,973.82,1206,3,0,0.289,2.18,0.8565,0,0,2,electronics,upi,0
5876,22.0,137076.83,61.09,3611,5,0,0.2695,5.22,0.8736,0,0,13,food,upi,0
5877,70.0,40004.07,1694.53,2388,1,0,0.1377,13.21,0.817,1,1,7,fashion,wallet,0
5878,31.0,80010.79,122.81,1686,4,0,0.1281,11.81,0.9776,0,0,1,food,card,0
5879,55.0,100109.33,83.6,3890,3,0,0.0705,6.05,0.4789,0,0,12,gaming,wallet,0
5880,18.0,32528.69,419.12,2694,5,0,0.2511,3.48,0.6471,1,0,3,grocery,wallet,0
5881,26.0,57349.21,453.62,3402,4,0,0.3122,23.45,0.9303,0,1,1,fashion,upi,1
5882,74.0,74570.17,344.78,1895,2,0,0.2048,1.58,0.8833,0,0,7,grocery,card,0
5883,65.0,58608.73,83.39,678,1,1,0.3139,3.89,0.9512,0,0,11,food,net_banking,0
5884,30.0,67083.53,297.37,2937,2,0,0.0803,1.22,0.855,0,0,22,grocery,,0
5885,25.0,26470.66,64.03,3271,2,0,0.3418,9.45,0.9202,0,0,3,jewelry,upi,0
5886,64.0,74593.48,81.1,2349,1,0,0.0146,3.73,0.8636,0,0,1,food,card,0
5887,74.0,42095.59,163.71,1748,2,1,0.1443,6.2,0.6679,0,0,6,grocery,card,0
5888,27.0,66655.09,79.28,516,2,0,0.0701,1.53,0.7018,0,0,1,grocery,card,1
9319,43.0,68633.0,268.6,1695,4,1,0.1963,1.76,0.9629,1,0,20,grocery,upi,0
5890,34.0,79453.97,100.97,3701,1,0,0.0889,9.51,0.6495,0,0,7,electronics,wallet,0
5891,60.0,66628.27,144.39,698,3,1,0.0582,9.09,0.6438,0,0,7,fashion,card,0
5892,41.0,78296.57,74.65,2650,2,0,0.0192,10.16,0.6223,0,1,6,grocery,wallet,0
5893,25.0,80315.23,508.04,2663,4,1,0.0722,10.45,0.8375,0,0,16,food,upi,0
5894,,125193.29,92.46,1904,6,0,0.1089,19.17,0.8031,0,0,21,electronics,wallet,0
5895,48.0,53979.55,563.95,3987,2,0,0.0611,15.65,0.8257,0,0,14,electronics,wallet,0
5896,63.0,60190.2,524.0,2716,2,1,0.0573,9.01,0.8872,0,0,7,grocery,card,0
5897,19.0,91832.84,115.24,3867,10,0,0.0099,8.59,0.7521,1,0,14,grocery,card,0
5898,72.0,41997.92,185.42,1065,5,0,0.284,15.22,0.9388,0,0,21,electronics,wallet,0
5899,55.0,26388.7,112.08,2970,6,0,0.2228,9.68,0.9482,1,0,1,electronics,wallet,0
5900,67.0,72140.08,310.65,3082,3,0,0.096,0.7,0.8895,1,0,12,fashion,card,0
5901,71.0,49107.91,148.19,3677,3,2,0.1669,2.91,0.7571,0,0,0,gaming,card,0
5902,26.0,28309.38,118.57,1662,3,1,0.2483,3.02,0.6581,0,0,12,fashion,upi,0
5903,23.0,72430.77,188.51,1349,3,0,0.0627,35.57,0.8242,0,0,0,travel,wallet,0
5904,62.0,120838.67,36.99,3225,4,1,0.187,10.58,0.7137,0,0,21,food,card,0
5905,28.0,22442.91,166.85,2884,5,1,0.1979,9.28,0.7309,0,1,8,jewelry,wallet,0
5906,26.0,96506.65,344.66,1117,6,1,0.0673,3.87,0.8997,0,0,16,fashion,card,1
5907,44.0,15000.0,206.65,1238,3,0,0.4179,2.01,0.7946,0,0,13,grocery,upi,0
5908,70.0,44131.58,466.2,3167,6,0,0.1997,10.14,0.8877,1,0,18,gaming,card,0
5909,63.0,151353.31,123.43,2291,4,0,0.3426,6.57,0.7967,0,0,4,electronics,wallet,0
5910,47.0,45913.31,113.71,3629,8,0,0.2475,17.17,0.5991,0,0,9,electronics,card,0
5911,29.0,57789.05,58.89,2533,7,0,0.1721,5.17,0.9007,0,0,14,electronics,wallet,1
5912,37.0,83672.44,119.97,3923,1,1,0.0749,12.02,0.8271,0,0,4,electronics,card,0
5913,57.0,21397.47,1285.43,1329,4,0,0.1854,21.24,0.7858,0,0,14,food,upi,0
5914,26.0,57224.68,237.1,3113,5,0,0.0944,9.63,0.707,0,0,19,grocery,upi,1
5915,47.0,56977.15,100.23,784,2,0,0.0194,5.88,0.8347,0,0,4,gaming,upi,0
5916,18.0,153179.39,65.81,2824,3,0,0.1387,1.79,0.8354,0,0,22,grocery,wallet,0
5917,36.0,27873.48,36.39,1687,3,0,0.1732,0.45,0.7932,0,0,1,grocery,upi,0
5918,32.0,44588.97,78.46,2094,1,0,0.0712,0.83,0.7208,0,0,15,grocery,upi,0
5919,56.0,33007.59,384.58,3236,1,0,0.0791,2.56,0.9239,0,0,9,fashion,card,0
5920,70.0,31137.31,117.44,449,2,1,0.1179,2.7,0.6199,0,0,0,food,card,0
5921,26.0,,69.05,917,6,0,0.1388,0.64,0.9622,0,0,14,food,upi,0
5922,63.0,55812.15,77.07,2252,5,0,0.3522,8.49,0.6552,0,0,4,grocery,upi,1
5923,55.0,40519.01,344.62,1674,4,1,0.0275,2.27,0.5945,1,1,6,gaming,upi,0
5924,73.0,41368.43,165.95,2266,2,2,0.0606,5.91,0.8934,1,1,11,food,net_banking,1
5925,69.0,40348.66,96.13,1739,6,3,0.2326,9.73,0.8904,0,0,18,food,upi,1
5926,23.0,42382.75,132.23,286,3,1,0.4822,2.04,0.8982,0,0,7,food,wallet,0
5927,60.0,27436.88,1634.09,3747,2,0,0.4456,5.15,0.7363,1,1,10,grocery,card,1
5928,51.0,47704.8,609.46,2771,4,0,0.1845,6.21,0.7006,0,1,8,fashion,card,0
5929,,45140.03,781.79,2451,3,0,0.1144,5.39,0.704,0,1,18,grocery,card,0
5930,32.0,36253.83,31.21,621,6,0,0.0731,2.84,0.8936,0,0,15,grocery,card,0
5931,70.0,59895.93,154.76,814,7,1,0.3406,2.7,0.8851,0,0,8,,card,1
5932,48.0,62757.14,94.46,2398,3,0,0.1279,9.65,0.8265,0,0,14,food,upi,0
5933,37.0,40494.95,310.07,239,5,1,0.197,8.74,0.7337,0,0,16,electronics,upi,0
5934,36.0,50808.28,519.45,1906,5,0,0.0981,1.23,0.9149,0,0,0,gaming,card,1
5935,65.0,180291.73,249.48,3560,5,0,0.1538,12.38,0.9119,0,0,23,food,upi,0
5936,34.0,176544.24,75.23,3503,6,0,0.234,1.62,0.6986,0,0,4,travel,upi,0
5937,27.0,30802.12,92.94,2073,4,0,0.1546,0.09,0.7571,0,1,3,electronics,net_banking,0
5938,50.0,33261.05,334.8,952,4,0,0.1604,3.24,0.9343,0,1,2,fashion,upi,0
5939,74.0,30712.24,369.83,323,4,0,0.0972,9.2,0.79,0,0,7,jewelry,upi,0
5940,28.0,98367.73,207.25,709,4,0,0.1238,6.37,0.9568,0,1,8,electronics,upi,0
5941,32.0,44174.25,204.95,1144,2,0,0.0981,8.27,0.8125,0,0,15,food,upi,0
5942,44.0,62749.71,189.25,2218,4,1,0.1956,2.68,0.7763,0,1,21,travel,wallet,0
5943,29.0,164953.76,235.58,2910,5,0,0.1639,3.22,0.7858,0,0,12,grocery,upi,0
5944,55.0,,368.31,1857,4,0,0.26,8.54,0.8076,0,0,3,gaming,upi,0
5945,32.0,81107.06,338.03,3311,6,1,0.1807,18.88,0.7127,0,0,4,fashion,upi,0
5946,25.0,73227.03,184.3,670,4,1,0.1027,17.54,0.9662,0,0,23,food,net_banking,0
5947,32.0,39797.88,171.38,1711,3,0,0.0962,2.36,0.8332,0,0,12,gaming,wallet,0
5948,71.0,98481.84,164.95,2466,5,0,0.1112,0.65,0.7258,0,1,1,grocery,card,0
5949,71.0,34466.84,82.49,244,4,0,0.2369,10.86,0.9689,0,1,11,food,upi,0
5950,46.0,114923.54,81.45,3626,5,1,0.2925,2.94,0.8498,0,0,4,electronics,card,0
5951,40.0,39814.66,310.11,3980,2,0,0.2692,0.02,0.8885,0,0,16,travel,card,0
5952,64.0,42285.78,88.24,2968,1,0,0.3064,5.63,0.8341,1,0,22,fashion,upi,0
5953,29.0,30224.86,406.22,2820,6,0,0.0549,1.67,0.7671,0,0,7,gaming,upi,0
5954,55.0,33082.04,170.99,861,3,1,0.0617,17.21,0.6968,0,0,2,food,upi,0
5955,56.0,43493.56,408.52,756,3,0,0.098,11.2,0.9099,0,0,1,grocery,net_banking,0
5956,58.0,15000.0,340.33,976,2,1,0.149,14.16,0.6598,0,0,19,food,wallet,0
5957,30.0,48375.83,418.17,566,4,0,0.4543,27.26,0.7311,0,0,14,,wallet,0
5958,58.0,41593.64,111.79,2243,6,0,0.0543,30.45,0.9273,0,0,16,grocery,upi,0
5959,52.0,84931.01,270.93,3830,3,1,0.101,2.9,0.4148,0,0,7,fashion,upi,0
5960,67.0,69405.95,376.47,2719,3,0,0.1352,4.85,0.937,1,0,10,gaming,upi,0
5961,27.0,37267.91,38.15,3528,2,0,0.246,4.64,0.7539,1,0,23,fashion,upi,0
5962,52.0,42739.79,986.98,3916,8,0,0.1163,3.06,0.9496,0,1,21,grocery,card,0
5963,65.0,48341.64,1735.26,2658,4,0,0.2037,37.22,0.6174,0,0,13,food,card,1
5964,33.0,124537.8,464.17,446,7,0,0.3063,1.33,0.7882,0,0,3,electronics,card,1
5965,60.0,34990.12,402.96,3723,5,1,0.3465,1.85,0.8359,0,0,9,travel,upi,0
5966,23.0,37020.24,324.32,2198,5,0,0.1485,4.66,0.841,1,0,10,travel,upi,0
5967,58.0,29565.61,130.26,2202,3,1,0.0626,1.89,0.8141,0,0,20,gaming,upi,0
5968,52.0,24342.2,161.22,3949,4,2,0.1852,0.91,0.8649,0,0,1,fashion,upi,0
5969,28.0,65116.97,472.18,2745,4,2,0.0682,8.3,0.9139,0,0,3,fashion,wallet,0
5970,21.0,61493.41,68.02,470,3,1,0.2279,2.0,0.7862,0,0,14,jewelry,card,0
5971,60.0,111369.36,62.32,3066,2,0,0.3531,17.57,0.7073,0,1,22,food,upi,1
5972,31.0,97524.94,120.98,3891,8,1,0.077,7.42,0.6668,0,0,19,fashion,upi,0
5973,46.0,205561.94,346.96,972,1,0,0.2666,21.37,0.9189,0,0,20,fashion,wallet,0
5974,21.0,52810.14,75.72,1864,4,0,0.171,21.62,0.7493,0,0,22,travel,wallet,0
5975,72.0,47657.59,143.67,441,3,0,0.2051,7.88,0.7421,0,1,8,,upi,0
5976,49.0,26902.22,161.79,2878,3,0,0.4696,2.66,0.8137,1,0,1,fashion,net_banking,0
5977,71.0,80676.81,65.44,597,5,0,0.1468,0.72,0.9424,0,0,6,food,upi,0
5978,27.0,58705.12,15.69,1718,3,2,0.2241,26.72,0.7677,0,0,5,grocery,net_banking,1
5979,29.0,78691.07,64.49,2613,4,0,0.399,4.48,0.6846,0,0,17,electronics,net_banking,0
5980,52.0,29394.71,233.65,3368,6,1,0.1718,18.5,0.865,0,0,10,grocery,upi,0
5981,52.0,66734.06,292.69,1298,5,0,0.3663,1.19,0.9205,0,0,2,fashion,wallet,0
5982,63.0,61571.12,295.1,3636,5,0,0.3548,8.2,0.8469,0,0,2,travel,card,0
5983,70.0,59370.8,331.14,126,5,0,0.1459,2.14,0.9467,0,0,17,food,wallet,0
5984,64.0,37770.82,96.21,691,4,0,0.4806,20.03,0.7382,0,0,20,gaming,upi,1
5985,25.0,105790.61,77.66,501,4,1,0.2389,5.29,0.9191,0,0,9,electronics,upi,0
5986,35.0,169864.72,261.91,2996,5,0,0.2398,3.86,0.867,0,0,22,grocery,upi,0
5987,70.0,29863.71,145.65,1466,1,0,0.2887,1.62,0.7895,0,0,19,fashion,,0
5988,49.0,81742.77,445.87,112,3,0,0.5635,6.15,0.8535,1,0,13,food,net_banking,1
5989,67.0,15000.0,263.57,3159,2,0,0.1148,18.46,0.8751,0,0,16,gaming,upi,0
5990,50.0,79445.29,649.87,1129,7,0,0.3846,0.26,0.8207,0,0,15,grocery,card,0
5991,20.0,19663.19,113.0,2738,2,0,0.4555,4.88,0.7786,0,1,0,grocery,card,0
5992,44.0,41206.71,523.48,2222,5,0,0.1432,16.32,0.7446,0,0,9,food,upi,0
5993,65.0,26713.52,1376.96,472,3,0,0.1175,10.74,0.9035,0,1,10,jewelry,card,0
5994,55.0,48849.63,189.94,2424,5,2,0.0533,2.03,0.7428,0,1,21,fashion,card,0
5995,25.0,87240.59,296.56,3448,3,0,0.0586,8.87,0.8931,1,0,6,food,wallet,0
3327,27.0,45320.2,99.55,781,2,0,0.148,12.11,0.8704,0,0,22,gaming,upi,0
5997,66.0,45133.26,440.11,3338,4,0,0.0532,26.52,0.7775,1,0,16,grocery,upi,0
5998,73.0,,556.69,1103,6,1,0.3168,23.27,0.6385,0,0,10,food,card,1
5999,60.0,131224.55,109.78,1153,4,0,0.2891,0.8,,0,1,2,food,wallet,0
6000,23.0,69741.93,323.47,711,5,0,0.1735,5.14,0.837,0,0,3,fashion,upi,0
6001,53.0,28785.27,238.28,870,4,1,0.064,0.4,0.8748,0,1,12,fashion,wallet,0
6002,65.0,42441.27,266.07,981,3,1,0.1907,0.91,0.7966,0,1,6,electronics,card,1
6003,54.0,129436.51,405.44,2609,2,0,0.484,2.48,0.8705,0,0,19,gaming,card,0
6004,51.0,81469.94,302.43,547,5,0,0.0877,13.99,0.5398,1,0,23,food,upi,0
6005,44.0,33191.86,156.64,2191,4,0,0.1531,14.9,0.9509,1,0,8,gaming,net_banking,0
6006,31.0,47486.45,414.16,1066,4,0,0.2446,7.36,,0,1,9,travel,card,0
6007,34.0,48328.58,547.2,612,6,0,0.2305,11.1,0.8491,0,0,3,electronics,card,0
6008,60.0,40912.81,103.42,3290,1,0,0.3457,5.92,0.8205,0,0,16,gaming,card,0
6009,21.0,21471.29,179.68,2173,3,0,0.4509,18.63,0.754,0,1,12,grocery,wallet,1
6010,22.0,37888.26,30.7,1171,6,0,0.1876,14.1,0.7737,0,0,17,grocery,upi,0
6011,40.0,118083.59,322.65,2565,5,0,0.6467,2.34,0.8846,0,1,18,electronics,card,1
6012,62.0,44598.66,611.6,3633,5,0,0.0707,0.51,0.7345,0,0,10,food,card,0
6013,55.0,51963.61,139.17,1152,7,1,0.1755,15.62,0.9226,0,0,14,food,card,0
6014,51.0,59419.49,205.69,1003,3,0,0.1623,9.55,0.8433,0,1,16,grocery,net_banking,0
6015,48.0,186291.18,144.43,2740,2,0,0.2736,0.29,0.6424,0,0,18,electronics,net_banking,0
6016,24.0,55269.12,122.62,1983,8,0,0.3536,0.12,0.8545,0,0,19,grocery,upi,0
6017,36.0,100384.03,227.04,2704,3,0,0.0125,17.0,0.8339,0,0,6,grocery,wallet,0
6018,22.0,39580.4,82.16,695,3,0,0.101,13.75,0.6545,0,0,10,grocery,card,0
6019,61.0,47687.23,142.26,3733,7,1,0.2079,0.09,0.602,0,0,12,electronics,wallet,1
6020,60.0,55381.03,72.85,97,8,0,0.2156,11.51,0.8144,0,0,0,fashion,card,1
6021,32.0,,324.42,1116,0,0,0.0563,5.34,0.901,1,1,9,gaming,upi,0
6022,34.0,49170.23,228.65,2513,3,2,0.1661,3.22,0.6874,1,0,13,travel,wallet,0
6023,36.0,89636.37,116.95,2095,6,0,0.1219,41.5,0.9978,0,0,19,gaming,card,0
6024,68.0,35414.9,186.8,1370,5,1,0.0867,7.62,0.609,0,1,23,fashion,upi,1
6025,45.0,55002.69,144.35,3907,4,1,0.2569,8.74,0.7314,0,0,15,electronics,card,0
6026,61.0,81217.98,565.01,1399,1,0,0.0651,2.62,0.7047,0,0,23,electronics,card,0
6027,43.0,34948.55,115.81,2723,7,0,0.2252,0.63,0.9839,0,0,2,fashion,card,0
6028,57.0,100465.14,339.68,1648,5,0,0.3637,6.25,0.7144,0,0,14,food,upi,0
6029,48.0,57249.51,88.92,1778,2,1,0.1582,4.67,0.8973,0,0,10,food,net_banking,0
6030,33.0,,406.34,3117,5,0,0.5368,3.9,0.9105,0,0,4,fashion,card,0
6031,67.0,18226.05,507.89,1436,1,0,0.4902,2.06,0.6856,0,0,9,electronics,card,0
6032,58.0,44783.79,532.44,1616,6,1,0.0263,5.04,0.8893,0,0,12,grocery,upi,0
6033,61.0,67471.75,783.66,3134,6,2,0.4431,3.0,0.8516,0,0,5,fashion,card,1
6034,72.0,143634.65,241.15,373,2,0,0.073,22.41,0.9459,0,0,9,fashion,card,0
6035,32.0,75163.99,620.73,1746,9,0,0.4132,2.75,0.9686,0,0,6,food,upi,1
6036,23.0,102181.65,913.37,1136,3,0,0.3192,3.89,0.828,1,0,0,food,net_banking,1
6037,51.0,28284.83,58.61,1944,3,1,0.189,12.0,0.4855,0,0,16,food,card,0
6038,36.0,,98.47,2317,4,0,0.0784,4.87,0.7961,0,0,4,fashion,upi,0
6039,42.0,107634.77,40.34,1733,1,0,0.3053,0.03,0.6815,0,0,0,grocery,card,0
6040,31.0,33753.35,520.14,3974,3,0,0.2647,2.47,0.9166,0,0,12,food,net_banking,0
6041,40.0,,39.82,3653,4,0,0.1419,0.91,0.8799,0,0,1,food,wallet,0
6042,40.0,82323.62,30.36,598,0,0,0.0644,9.18,0.8773,0,1,20,food,upi,0
6043,37.0,63971.09,60.07,2583,5,0,0.0948,22.52,0.6576,0,0,19,food,upi,0
6044,60.0,,31.65,1314,4,1,0.0569,2.32,0.8468,0,1,1,jewelry,wallet,0
6045,51.0,31972.33,236.3,2868,6,1,0.2609,0.33,0.7636,0,0,16,grocery,upi,0
6046,45.0,146027.04,60.85,1957,11,1,0.2157,22.89,0.8778,0,0,4,fashion,card,1
6047,,77855.74,33.2,3815,3,0,0.0781,3.29,0.78,1,0,17,jewelry,net_banking,0
6048,50.0,66331.97,172.62,3780,5,0,0.1641,3.69,0.895,0,0,18,grocery,card,0
6049,27.0,43827.69,183.11,255,3,0,0.1762,3.58,0.5561,0,0,23,grocery,upi,0
6050,35.0,56157.63,27.75,460,3,0,0.0274,3.53,0.7822,0,0,19,grocery,wallet,0
6051,,60215.37,88.17,120,6,0,0.2416,0.39,0.9564,0,1,16,fashion,card,0
6052,26.0,68529.53,167.05,3181,5,0,0.1565,0.07,0.9584,0,0,0,grocery,card,0
6053,40.0,82369.92,125.98,937,3,2,0.089,1.41,0.8168,0,0,21,grocery,wallet,0
6054,33.0,35765.15,129.47,2900,4,1,0.2591,12.53,0.8331,0,0,2,grocery,net_banking,0
6055,66.0,24549.83,585.37,1349,3,0,0.2553,11.14,0.8741,0,0,6,travel,,0
6056,67.0,57609.51,1539.94,1246,5,0,0.0633,4.36,0.601,0,0,16,food,net_banking,0
6057,18.0,21038.7,131.59,2428,4,0,0.0535,10.82,0.9248,1,0,9,fashion,upi,0
6058,52.0,46031.21,47.99,3101,3,0,0.2344,8.93,0.9369,0,1,5,electronics,wallet,1
6059,54.0,41565.84,142.36,2279,3,0,0.0354,5.65,0.8886,0,0,20,grocery,,0
6060,39.0,72081.3,218.6,2312,1,0,0.2149,4.46,0.4877,0,0,1,jewelry,wallet,0
6061,44.0,163655.16,170.66,2954,4,2,0.2327,5.56,0.7118,0,1,2,grocery,net_banking,1
6062,63.0,18874.43,331.51,710,3,0,0.1141,2.06,0.6726,0,0,18,grocery,upi,0
6063,39.0,192122.84,1643.96,2380,6,0,0.1526,4.01,0.8638,0,0,0,gaming,card,0
6064,21.0,48382.68,32.45,1164,5,0,0.2093,1.57,0.8419,0,0,23,travel,net_banking,0
6065,39.0,66594.9,108.41,644,5,0,0.5315,20.28,0.64,0,0,1,food,card,0
6066,32.0,25258.82,840.59,1333,3,0,0.0472,4.3,0.8068,0,0,6,fashion,card,0
6067,39.0,95165.03,106.8,793,0,0,0.0581,4.47,0.5904,0,0,13,travel,net_banking,0
6068,31.0,56268.96,396.41,1312,3,0,0.1969,5.25,0.8883,0,1,10,electronics,wallet,1
6069,26.0,53171.69,338.27,123,2,1,0.2074,1.87,0.8203,1,0,3,jewelry,wallet,0
6070,74.0,18949.38,620.07,2993,4,0,0.3753,5.34,0.7767,0,0,11,electronics,wallet,0
6071,25.0,57278.28,1219.62,1413,5,1,0.071,2.15,0.8746,1,0,21,electronics,card,0
6072,58.0,87578.78,251.14,2651,5,0,0.0706,9.55,0.9274,0,0,11,grocery,wallet,0
6073,58.0,48297.51,31.41,3005,3,1,0.3462,23.18,0.9155,0,1,20,fashion,net_banking,0
6074,53.0,104914.19,89.35,3284,7,0,0.3083,9.92,0.8496,0,0,9,grocery,card,0
6075,69.0,102557.7,1602.0,338,5,0,0.1205,12.47,0.8398,0,0,17,electronics,upi,0
6076,18.0,38657.11,43.76,2057,4,0,0.1355,0.93,0.7703,0,0,22,grocery,card,0
6077,35.0,132243.62,295.82,1684,5,1,0.3218,5.74,0.8749,0,0,18,travel,upi,0
6078,28.0,56387.38,14.56,1421,4,2,0.098,18.0,0.8633,1,0,5,,wallet,0
6079,50.0,56525.57,46.61,3232,3,0,0.2971,2.04,0.8106,0,0,20,gaming,net_banking,0
6080,54.0,58077.18,436.98,298,3,0,0.2868,18.82,0.5204,0,1,23,fashion,card,1
6081,69.0,57137.28,186.59,1261,5,0,0.114,7.81,0.753,0,0,22,electronics,upi,0
6082,39.0,15000.0,123.53,3183,6,0,0.4384,15.47,0.8012,0,0,19,fashion,upi,1
6083,31.0,49665.21,79.73,1596,1,0,0.119,10.03,0.7049,0,0,15,fashion,card,0
6084,70.0,25975.73,24.44,326,5,0,0.2789,15.65,0.9098,1,0,19,gaming,upi,1
6085,56.0,134534.12,360.09,718,2,0,0.3076,4.56,0.7169,1,0,17,grocery,upi,0
6086,61.0,131588.39,135.61,1226,4,0,0.0214,2.6,0.918,1,0,23,electronics,card,0
6087,43.0,87873.59,39.29,1015,1,1,0.1008,1.33,0.7611,0,0,12,gaming,card,0
6088,43.0,48239.4,185.52,2685,3,0,0.3416,6.59,0.6156,1,0,20,electronics,upi,0
6089,40.0,31592.66,321.89,710,5,0,0.2603,4.85,0.635,1,0,19,travel,card,0
6090,60.0,38308.19,147.27,3063,3,1,0.0435,7.7,0.5951,0,1,14,travel,card,0
6091,,160098.02,202.14,1266,2,0,0.2065,3.04,0.8522,0,0,18,grocery,net_banking,0
6092,73.0,37585.74,187.0,301,7,0,0.235,0.07,0.7643,0,0,9,electronics,wallet,0
6093,28.0,,88.78,74,3,0,0.0833,2.9,0.7372,0,0,19,fashion,upi,0
6094,44.0,96923.71,190.04,2442,3,0,0.251,3.12,0.6336,0,0,10,food,upi,0
6095,35.0,125538.18,375.47,2947,6,0,0.2754,9.67,0.6184,0,0,15,electronics,card,0
6096,54.0,136989.16,506.54,574,4,0,0.2771,1.8,0.8547,0,0,10,fashion,card,0
6097,56.0,97360.89,396.9,1256,4,0,0.1971,8.62,0.7786,0,0,8,gaming,upi,1
6098,70.0,,91.64,3036,5,0,0.3509,1.74,0.7909,0,0,1,electronics,net_banking,0
6099,62.0,56624.79,340.08,3475,3,0,0.3049,3.47,0.8249,0,0,16,fashion,net_banking,0
6100,32.0,17555.56,286.7,2927,4,0,0.1523,5.98,0.9302,0,0,12,travel,net_banking,0
6101,29.0,55849.9,88.52,2482,4,0,0.0113,4.77,0.7989,0,0,6,electronics,card,0
6102,68.0,77416.37,113.14,2999,5,2,0.2523,12.48,0.6789,0,0,21,fashion,upi,0
6103,45.0,51056.59,355.19,1209,4,0,0.1636,0.63,0.9562,0,0,19,food,upi,0
6104,23.0,49792.95,713.27,283,3,0,0.3365,2.37,0.8299,0,1,23,food,card,0
6105,65.0,32364.7,29.41,2269,6,0,0.2886,13.54,0.8766,0,1,5,,net_banking,0
6106,54.0,31701.91,927.99,2250,7,0,0.2656,0.9,0.855,0,0,10,electronics,wallet,0
6107,19.0,,576.58,3218,4,0,0.2112,1.92,0.7538,0,1,23,food,card,0
6108,62.0,154195.87,219.66,986,4,0,0.2997,0.82,0.7872,0,0,15,grocery,upi,0
6109,52.0,54919.98,141.49,3559,6,0,0.0649,4.16,0.8372,0,0,12,food,wallet,1
6110,53.0,64210.78,265.97,1998,4,0,0.429,11.53,0.9013,0,0,5,gaming,card,0
6111,67.0,32068.08,94.86,1785,2,1,0.3902,2.63,0.9454,0,0,5,electronics,upi,0
6112,46.0,,150.7,3957,6,0,0.1628,6.71,0.908,0,1,19,gaming,upi,0
6113,44.0,144769.12,41.18,2187,4,0,0.1568,9.46,0.8928,0,1,17,fashion,upi,1
6114,53.0,23718.52,31.55,389,3,0,0.0978,15.18,0.5178,0,0,10,gaming,card,0
6115,29.0,70985.03,1854.3,1037,4,0,0.0664,16.1,0.8456,0,0,4,grocery,upi,0
6116,26.0,73980.05,191.72,2388,3,0,0.0415,10.17,0.887,0,0,15,food,upi,0
6117,66.0,,220.67,944,4,0,0.2403,10.54,0.7211,0,0,0,food,wallet,0
6118,30.0,135759.22,174.55,685,5,1,0.1102,2.51,0.7907,0,0,19,fashion,card,0
6119,46.0,168534.96,78.66,1207,4,0,0.0758,0.64,0.9143,0,0,5,grocery,upi,0
6120,33.0,48371.81,132.41,2054,3,0,0.0782,5.35,0.7927,0,0,5,food,upi,0
6121,31.0,79644.96,197.19,398,2,1,0.3521,14.85,0.6994,0,0,7,fashion,upi,0
6122,52.0,57608.02,147.87,2097,7,0,0.0423,0.73,0.8083,0,1,12,food,card,0
6123,63.0,38848.51,84.84,2917,6,1,0.0359,5.49,0.8913,0,0,18,travel,upi,0
6124,43.0,63833.68,290.74,1841,6,0,0.3451,1.76,0.7734,0,0,22,jewelry,upi,0
6125,25.0,79571.65,217.31,2785,9,1,0.3732,1.14,0.8037,0,0,5,,card,1
6126,31.0,61969.6,266.63,2569,1,0,0.437,1.12,0.8122,0,1,6,grocery,card,0
6127,27.0,33875.21,364.31,2000,7,0,0.0621,2.02,0.6884,1,0,2,food,upi,0
6128,,42622.18,151.78,3897,5,0,0.108,19.76,0.8023,0,0,15,gaming,card,0
6129,36.0,42801.97,152.03,2458,4,1,0.0724,31.07,0.6943,0,0,18,fashion,card,0
6130,,,792.67,3226,5,0,0.2151,0.78,0.7943,0,0,13,electronics,upi,0
6131,22.0,65351.47,70.03,2574,6,2,0.3158,5.26,0.7707,0,0,1,food,upi,1
6132,43.0,69220.35,27.64,3835,3,0,0.1056,5.75,0.8325,0,0,20,grocery,card,0
6133,70.0,94261.03,313.72,1741,3,0,0.0988,1.63,0.9026,0,0,16,grocery,upi,0
6134,41.0,34317.0,95.93,782,7,1,0.0962,4.31,0.8217,1,0,21,jewelry,card,1
6135,55.0,40033.63,61.29,750,5,0,0.092,8.75,0.873,0,0,8,food,,0
6136,28.0,129327.3,436.24,3973,2,1,0.3055,0.31,0.788,0,0,7,electronics,card,0
6137,26.0,50242.46,155.74,3200,3,0,0.0317,0.8,0.7101,0,0,8,food,card,0
6138,59.0,55919.06,50.88,1241,2,0,0.0535,18.68,0.9558,0,0,0,travel,wallet,0
6139,21.0,49950.18,1246.26,1806,3,0,0.4734,15.86,0.9187,0,0,23,fashion,card,0
6140,43.0,102565.35,35.96,165,4,0,0.2926,1.91,0.8494,0,0,10,grocery,card,0
6141,36.0,104776.34,165.05,3813,6,0,0.242,6.57,0.8864,0,1,7,grocery,upi,0
6142,18.0,101453.2,27.21,1761,6,0,0.2075,16.77,0.8744,0,1,12,electronics,upi,1
6143,48.0,55809.57,235.95,1556,7,0,0.1761,1.65,0.8448,0,1,10,grocery,upi,0
6144,72.0,34038.54,94.81,1007,4,2,0.1741,9.02,0.5302,0,1,5,grocery,card,1
6145,21.0,158570.67,408.39,356,2,0,0.0392,14.38,0.8662,0,1,9,travel,net_banking,0
6146,64.0,88085.08,176.9,3055,4,1,0.2376,7.34,0.7597,0,0,17,grocery,card,1
6147,48.0,42784.28,694.76,914,5,0,0.4292,0.83,0.8722,0,1,23,gaming,upi,1
6148,59.0,120353.54,117.13,375,7,0,0.1508,2.73,0.8137,0,0,17,fashion,wallet,0
6149,23.0,40966.24,36.18,3914,6,1,0.32,16.8,0.7116,0,0,22,food,upi,0
6150,67.0,119488.49,228.26,2205,7,1,0.3012,11.28,0.9679,0,0,12,grocery,card,1
6151,18.0,124013.41,139.83,336,1,0,0.3057,3.07,0.7924,0,0,12,electronics,upi,0
6152,69.0,33132.6,29.19,1178,4,2,0.0606,2.27,0.6441,0,0,17,electronics,upi,0
6153,55.0,75739.53,62.65,2227,8,0,0.2248,4.43,0.5908,0,0,2,food,card,0
6154,37.0,84566.49,86.13,850,3,1,0.27,11.71,0.8984,0,0,11,grocery,card,1
6155,18.0,231720.81,852.64,3960,7,0,0.097,4.21,0.7051,1,0,20,fashion,card,0
6156,52.0,36564.13,365.18,3506,2,1,0.2258,1.82,0.724,0,0,6,grocery,card,0
6157,22.0,120932.43,127.13,3546,6,0,0.3552,0.08,0.7609,0,1,16,grocery,card,0
6158,52.0,55527.23,288.25,2076,1,0,0.278,16.55,0.7655,0,0,14,fashion,card,0
6159,62.0,27787.41,23.42,3953,2,0,0.1333,8.23,0.7342,0,0,22,grocery,wallet,0
6160,,51487.56,102.31,1322,4,1,0.0951,8.75,0.6076,0,0,5,fashion,upi,0
6161,31.0,55074.61,268.8,2234,5,0,0.2351,2.8,0.893,0,0,13,food,upi,0
6162,30.0,30720.91,212.37,2992,2,0,0.031,1.79,0.8428,0,0,16,food,card,0
6163,30.0,65302.39,104.96,2035,0,1,0.3639,4.6,0.7827,0,0,15,gaming,card,0
6164,24.0,93142.29,173.23,3417,2,1,0.5168,5.64,0.9403,0,0,1,gaming,card,0
6165,32.0,62698.88,252.41,442,4,0,0.0836,12.15,0.6888,1,0,19,electronics,wallet,0
6166,55.0,40825.99,178.32,1785,6,1,0.0507,10.71,0.8265,0,0,8,travel,card,0
6167,35.0,50687.21,425.8,3324,5,0,0.4194,0.39,0.9373,1,1,19,food,net_banking,0
6168,62.0,54862.74,247.56,753,3,0,0.2166,10.82,0.7822,0,0,8,fashion,card,0
6169,64.0,61983.0,300.12,1558,1,0,0.0639,2.19,0.8503,1,0,19,food,upi,0
6170,61.0,101264.93,998.76,3977,9,0,0.1052,26.06,0.7788,0,0,2,food,card,1
6171,48.0,63873.21,411.77,2465,2,0,0.1234,2.11,0.9749,0,0,7,fashion,card,0
6172,36.0,25427.98,1026.51,1455,2,0,0.3733,14.91,0.6969,0,0,18,,net_banking,0
6173,71.0,40368.78,91.93,1471,3,0,0.3599,16.5,0.7926,0,0,6,travel,card,0
6174,29.0,60258.57,36.62,845,5,0,0.0186,4.15,0.6591,0,0,22,gaming,upi,0
6175,44.0,102064.16,156.44,2947,4,0,0.2054,10.75,,0,0,19,grocery,upi,0
6176,43.0,,143.65,440,2,0,0.3265,9.39,0.7047,1,1,1,,wallet,0
6177,60.0,145971.31,774.62,856,3,0,0.2491,1.94,0.6919,0,0,14,gaming,upi,0
6178,49.0,59096.46,58.14,521,3,1,0.0648,0.85,0.7413,0,0,3,travel,wallet,0
6179,63.0,83692.82,166.35,3022,3,0,0.2089,7.8,0.795,0,0,21,travel,card,0
6180,70.0,24714.23,269.92,3773,2,1,0.0858,15.68,0.9074,0,0,20,food,card,0
6181,40.0,69669.88,198.95,376,7,0,0.1743,5.79,0.7408,0,1,1,,net_banking,1
6182,67.0,30445.49,151.63,3788,3,0,0.1613,25.08,0.7956,0,0,10,grocery,card,0
6183,27.0,53140.36,257.63,3667,4,0,0.1091,3.75,0.9264,0,0,13,food,card,0
6184,,250000.0,529.56,2046,9,0,0.0639,19.81,0.9265,0,0,5,food,upi,0
6185,28.0,64993.55,836.06,177,6,0,0.0523,10.23,0.5251,0,0,5,jewelry,card,1
6186,66.0,34200.35,186.0,2777,5,1,0.1844,2.92,0.6954,0,1,14,food,upi,0
6187,40.0,68828.45,79.61,2112,3,1,0.2445,2.8,0.6979,0,0,11,travel,card,0
6188,72.0,41385.97,835.05,3335,3,0,0.3505,5.71,0.8772,0,0,1,travel,card,0
6189,25.0,32424.81,61.27,1200,4,1,0.0787,5.85,0.6564,1,0,15,food,card,0
6190,44.0,174872.99,1078.73,2243,4,1,0.6497,4.19,0.3319,0,0,0,gaming,upi,1
6191,69.0,98897.09,690.28,3570,3,0,0.1358,7.38,0.9337,1,1,14,grocery,upi,0
6192,20.0,66511.73,798.2,2677,9,1,0.2506,2.76,0.8099,0,1,18,electronics,card,1
6193,33.0,44337.48,357.22,2595,4,1,0.2114,2.16,,1,0,15,grocery,upi,0
6194,22.0,46358.24,21.77,3868,8,0,0.3799,5.19,0.8819,0,0,18,grocery,upi,0
6195,36.0,128470.36,63.68,1973,8,0,0.2887,1.02,0.9084,0,0,3,grocery,wallet,0
6196,40.0,65101.71,244.65,714,5,0,0.1448,0.32,0.7975,0,0,23,food,,0
6197,53.0,15000.0,91.59,3905,3,0,0.263,11.62,0.6221,0,0,9,travel,card,0
6198,32.0,208272.93,131.33,580,0,0,0.2684,3.77,0.932,0,0,21,jewelry,,0
4689,18.0,28256.64,833.35,2715,6,0,0.1547,1.71,0.9113,0,0,23,fashion,upi,0
6200,27.0,66432.48,151.86,3019,2,0,0.1986,0.56,0.7511,0,1,17,grocery,card,0
6201,71.0,99984.52,53.19,3154,5,0,0.097,6.28,0.8075,0,0,13,grocery,card,0
6202,72.0,,436.42,2822,4,0,0.0574,13.39,0.9019,0,0,22,gaming,net_banking,0
6203,30.0,82941.28,301.23,1718,4,0,0.3082,6.79,0.9694,1,0,9,gaming,wallet,0
6204,29.0,43566.36,140.32,768,5,0,0.4764,6.14,0.7031,0,0,12,grocery,upi,0
6205,21.0,27964.78,366.58,181,4,0,0.2213,0.8,0.7727,0,1,17,jewelry,net_banking,0
6206,72.0,64165.21,197.95,1230,6,0,0.0393,27.54,0.7943,0,1,21,grocery,card,0
6207,58.0,120870.68,681.51,3888,2,0,0.2762,19.46,0.882,0,1,11,grocery,card,0
6208,61.0,38514.77,209.38,2750,2,0,0.1972,0.62,0.5374,0,0,21,food,card,0
6209,34.0,36852.37,676.47,1645,3,0,0.1083,2.29,0.7254,1,0,16,food,upi,0
6210,54.0,107650.92,27.64,1992,5,0,0.0651,3.65,0.7643,0,0,5,electronics,wallet,0
6211,21.0,42770.49,284.91,1356,2,0,0.1488,0.64,0.7279,0,0,0,gaming,upi,0
6212,56.0,43882.92,120.92,3577,4,0,0.0769,25.11,0.8272,1,1,20,electronics,card,0
6213,51.0,,76.24,1830,5,1,0.0146,9.76,0.6936,0,0,20,,card,0
6214,36.0,53069.04,573.33,3353,5,0,0.0222,0.57,0.6651,0,0,4,travel,upi,0
6215,58.0,23146.24,437.92,232,4,1,0.3402,3.9,0.8824,0,0,16,fashion,card,0
6216,54.0,40882.26,24.2,1963,2,0,0.0292,1.18,0.7572,0,0,21,gaming,,0
6217,43.0,62429.35,368.14,2423,4,1,0.2864,2.82,0.6629,0,0,0,grocery,net_banking,0
6218,28.0,62185.01,326.07,2677,3,0,0.0648,2.8,0.716,0,1,11,grocery,card,0
6219,19.0,103983.2,87.35,124,6,0,0.3125,7.65,0.8057,0,0,12,gaming,,0
6220,71.0,151259.8,78.07,2584,4,0,0.1289,19.42,0.8334,0,0,13,fashion,wallet,0
6221,34.0,126368.1,36.69,3362,3,0,0.2018,2.72,0.6967,1,0,6,food,card,0
6222,35.0,90957.47,128.44,395,1,0,0.2466,5.13,0.8381,0,0,19,electronics,card,0
6223,56.0,50679.89,150.73,1343,7,0,0.0443,3.41,0.5608,0,0,9,grocery,,0
6224,32.0,39042.28,399.4,1719,6,2,0.1251,2.38,0.8128,0,0,9,travel,upi,0
6225,39.0,55543.49,235.65,1039,1,0,0.1548,1.85,0.4946,0,0,16,grocery,wallet,0
6226,58.0,75898.85,62.37,1776,6,0,0.1066,4.99,0.8039,0,0,7,food,upi,0
6227,51.0,86435.54,228.57,3575,1,0,0.1345,23.58,0.9341,0,0,13,fashion,,0
6228,55.0,77480.81,139.62,3592,8,1,0.3184,2.06,0.8423,1,0,20,grocery,upi,1
6229,18.0,51453.92,70.68,2416,1,1,0.063,4.28,0.9016,0,0,10,food,upi,0
6230,,84784.05,36.72,3544,3,0,0.1661,5.29,0.8302,0,0,17,food,wallet,0
6231,45.0,,336.22,3266,5,0,0.1888,16.26,0.7467,1,0,7,food,upi,0
6232,54.0,89248.21,281.28,258,4,1,0.0903,11.4,0.6984,0,0,16,food,net_banking,0
6233,26.0,54040.08,314.1,1566,3,1,0.4729,7.11,0.6346,0,1,18,fashion,upi,0
6234,27.0,34768.66,86.9,3385,3,1,0.1773,4.24,0.701,0,0,0,gaming,card,0
6235,61.0,34318.04,213.59,1786,1,0,0.2569,2.9,0.862,0,0,7,grocery,card,0
6236,56.0,37813.4,45.49,2458,4,0,0.1295,0.53,0.8066,0,0,8,electronics,card,0
6237,64.0,63353.14,67.11,1665,1,3,0.0853,3.07,0.8394,0,0,10,grocery,upi,0
6238,33.0,73202.18,186.18,94,4,0,0.4493,0.76,0.6797,0,1,8,grocery,net_banking,0
6239,74.0,25262.99,234.0,2272,3,0,0.1768,0.72,0.7325,0,1,13,grocery,upi,0
6240,33.0,41684.77,35.31,1545,3,0,0.1805,2.24,0.7227,0,0,1,fashion,card,0
6241,55.0,62874.47,62.52,3102,7,1,0.1156,9.74,0.9001,0,0,5,electronics,net_banking,0
6242,27.0,33532.3,124.91,3555,2,1,0.2784,6.82,0.733,0,0,19,food,card,0
6243,70.0,69824.19,469.41,445,3,0,0.1195,2.44,0.6795,0,1,11,food,,0
6244,36.0,46444.02,79.83,1452,1,1,0.0563,0.09,0.7915,0,0,17,food,card,0
6245,63.0,36945.8,207.17,1588,5,0,0.1966,4.64,0.7247,0,0,10,food,card,0
6246,36.0,56633.24,230.06,2715,5,0,0.4054,0.92,0.641,0,0,2,grocery,net_banking,0
6247,63.0,68243.85,140.23,1602,8,1,0.3862,6.73,0.9477,0,0,13,fashion,upi,1
6248,43.0,34489.06,235.33,2275,6,0,0.0442,1.54,0.8081,1,1,4,travel,upi,1
6249,21.0,48129.55,46.9,3636,3,0,0.11,5.12,0.8054,0,0,11,travel,upi,0
6250,28.0,71133.35,93.43,2371,2,0,0.0035,11.61,0.7563,0,0,23,electronics,upi,0
6251,56.0,36168.32,755.45,420,7,0,0.1768,9.41,0.9218,0,0,4,grocery,upi,0
6252,29.0,22099.76,810.56,1938,3,0,0.028,9.35,0.8235,0,0,19,grocery,card,0
6253,,23622.92,418.17,3549,5,0,0.0527,3.1,0.9117,1,0,15,,wallet,0
6254,48.0,43702.5,540.96,1944,4,0,0.0396,1.93,0.9042,1,0,0,fashion,card,0
6255,32.0,26634.39,28.99,3932,1,0,0.1195,39.1,0.8318,0,0,19,fashion,upi,0
6256,,45426.07,69.7,3613,5,0,0.4066,1.5,0.798,1,0,7,travel,card,0
6257,53.0,137421.35,131.88,1078,4,0,0.1385,12.13,0.6139,0,0,18,grocery,card,0
6258,57.0,25767.24,2015.45,1672,4,0,0.2288,11.18,0.89,0,0,10,grocery,card,0
6259,59.0,47082.46,131.61,764,4,0,0.3316,8.89,0.6788,0,1,18,fashion,card,0
6260,71.0,177700.7,379.12,789,4,2,0.1513,9.69,0.4532,0,1,3,grocery,upi,1
6261,25.0,68841.36,262.78,1490,3,0,0.1006,3.54,0.7184,0,1,22,grocery,card,1
6262,42.0,44929.09,257.0,1696,3,1,0.1889,65.05,0.9179,0,0,5,grocery,card,0
6263,31.0,50453.28,175.81,1421,2,1,0.1104,1.5,0.602,0,1,23,travel,card,1
6264,69.0,69649.99,54.21,2939,7,1,0.0767,0.42,0.7668,0,0,22,grocery,net_banking,1
6265,,139771.33,12.08,633,0,0,0.23,6.17,0.8701,0,0,1,gaming,card,0
6266,23.0,41073.52,648.59,1916,4,0,0.062,2.69,0.8315,0,0,23,grocery,card,0
6267,57.0,36257.55,97.17,3558,4,1,0.2821,2.66,0.8049,0,0,16,fashion,net_banking,0
6268,20.0,25764.26,27.82,2936,4,0,0.0399,6.66,0.8877,0,0,10,fashion,upi,0
6269,33.0,58208.77,278.92,841,3,0,0.1389,9.33,0.8095,0,0,4,grocery,card,0
6270,59.0,25386.19,273.62,981,4,2,0.1028,4.84,0.8508,0,0,10,travel,card,0
6271,46.0,42616.98,387.94,3706,1,0,0.0432,2.1,0.7906,0,0,14,gaming,card,0
6272,61.0,33366.66,549.32,2343,2,1,0.1563,11.18,0.9726,0,0,11,food,upi,0
6273,50.0,99295.59,71.81,3522,5,0,0.3455,5.35,0.9369,0,0,19,gaming,card,0
6274,66.0,41583.99,75.04,3461,7,0,0.2417,2.6,0.8045,0,0,4,grocery,upi,0
6275,50.0,68418.61,130.88,1782,2,0,0.1029,14.59,0.8609,0,0,23,food,wallet,0
6276,21.0,22761.77,409.36,2131,4,0,0.0838,9.79,0.7223,1,0,9,travel,card,0
6277,22.0,59125.48,21.98,1492,3,0,0.0782,2.67,0.8999,0,0,0,food,card,0
6278,62.0,28377.46,204.62,2558,7,0,0.2579,12.51,0.6481,0,1,12,electronics,card,1
7430,66.0,44292.06,129.41,3586,1,0,0.0634,3.21,0.8895,0,0,6,electronics,upi,0
6280,39.0,185581.59,438.7,2724,1,1,0.1007,1.7,0.9602,1,0,3,electronics,wallet,0
6281,18.0,91838.27,365.59,3447,3,0,0.1963,8.57,0.9148,0,1,11,fashion,upi,0
6282,35.0,51249.52,521.11,2966,5,0,0.2266,8.53,0.5486,0,0,13,travel,net_banking,0
6283,51.0,250000.0,11.54,433,5,0,0.5499,6.41,0.6409,0,0,12,travel,net_banking,0
6284,27.0,33247.75,903.64,1420,4,0,0.1816,3.36,0.9411,0,1,10,gaming,upi,1
6285,44.0,104397.13,250.48,2292,4,0,0.1007,1.25,0.9403,0,0,11,jewelry,upi,0
6286,74.0,23673.64,683.76,2518,2,0,0.0638,19.48,0.7383,0,1,14,fashion,upi,0
6287,22.0,48094.88,55.61,3461,3,0,0.4172,6.42,0.7881,0,0,21,travel,upi,0
6288,21.0,26207.58,31.16,1682,3,1,0.1123,16.15,0.5419,0,0,23,fashion,card,0
6289,33.0,63360.14,1074.2,3292,4,0,0.1774,19.19,0.7706,0,0,20,fashion,card,0
6290,65.0,56719.43,71.27,1582,4,0,0.4221,12.19,0.8986,0,0,11,electronics,upi,0
6291,41.0,46437.97,131.91,610,5,1,0.3505,1.55,0.7231,0,0,8,food,card,1
6292,54.0,100279.83,305.03,1916,1,0,0.2421,10.31,0.8763,0,0,3,electronics,card,0
6293,,40262.83,389.88,622,6,1,0.3369,2.12,0.8561,0,0,3,fashion,net_banking,0
6294,59.0,65831.71,529.2,1649,6,0,0.2826,0.45,0.88,0,0,7,fashion,upi,0
6295,21.0,86369.83,225.05,992,1,0,0.09,3.89,0.83,0,0,4,gaming,upi,0
6296,58.0,24326.38,62.72,132,2,1,0.1027,48.52,0.673,0,0,21,fashion,upi,0
6297,26.0,,364.89,2664,6,0,0.1993,2.57,0.7733,0,0,14,gaming,upi,0
6298,66.0,,370.74,2975,7,0,0.1919,3.54,0.9119,0,0,13,food,upi,0
6299,34.0,77782.59,29.31,553,5,1,0.249,4.19,0.7469,0,0,15,food,wallet,0
6300,28.0,120182.8,743.7,2349,9,1,0.2154,7.57,0.8537,0,0,8,fashion,card,0
6301,37.0,48842.42,14.97,2023,2,0,0.4275,6.51,0.7081,0,0,0,food,net_banking,0
6302,18.0,46213.6,506.42,576,5,0,0.3579,20.93,0.7893,0,0,14,food,card,0
6303,27.0,34035.54,95.47,2445,6,0,0.3037,2.57,0.7711,0,0,13,gaming,card,0
6304,52.0,,364.48,1067,7,0,0.1908,14.81,0.7485,0,1,2,food,card,1
6305,35.0,46708.14,299.81,3293,5,1,0.0325,6.52,0.8662,0,0,13,fashion,wallet,0
6306,38.0,47304.97,173.44,2455,7,2,0.1517,1.13,0.844,0,0,22,food,card,1
6307,64.0,52231.96,282.6,472,1,0,0.0683,10.48,0.6032,0,0,0,fashion,card,0
6308,25.0,74494.75,165.09,2086,10,0,0.056,10.28,0.7886,0,0,19,electronics,upi,1
6309,40.0,40337.49,367.57,493,4,1,0.1875,7.75,0.7009,0,0,18,fashion,upi,1
6310,28.0,35968.6,1600.75,2901,5,0,0.1633,3.11,0.8317,0,1,10,food,card,0
6311,45.0,69740.52,47.07,1210,5,1,0.1148,9.69,0.8176,0,0,14,electronics,upi,0
6312,36.0,15000.0,7.42,1972,3,0,0.2104,3.25,0.7196,0,0,7,fashion,upi,0
6313,20.0,39460.9,118.78,2793,8,0,0.4193,0.67,0.7713,0,0,2,grocery,upi,0
6314,22.0,29198.37,110.93,3383,3,0,0.1577,29.04,0.841,0,0,22,travel,net_banking,0
6315,66.0,106604.44,123.39,2063,5,0,0.3976,3.06,0.4711,0,0,14,grocery,upi,0
6316,21.0,43155.94,71.27,337,2,0,0.1295,7.46,0.932,0,0,14,gaming,card,0
6317,62.0,40404.43,430.69,1057,6,0,0.237,34.77,0.6508,0,0,13,grocery,upi,0
6318,70.0,53548.66,45.22,2464,1,0,0.1986,0.8,0.8465,0,0,3,grocery,wallet,0
6319,44.0,39641.57,282.52,196,3,0,0.3339,2.71,0.7644,0,0,1,electronics,wallet,0
6320,35.0,44074.29,340.84,1505,1,0,0.2298,0.19,0.9239,0,0,23,grocery,upi,0
6321,62.0,58017.45,247.01,1313,1,0,0.054,0.29,0.7793,0,1,6,electronics,card,0
6322,73.0,43606.71,292.98,1248,1,0,0.2036,2.9,0.856,0,0,21,jewelry,card,0
6323,24.0,43434.91,465.09,3816,6,0,0.1754,27.06,0.8656,0,0,8,travel,card,0
6324,72.0,31555.45,189.9,3776,5,0,0.1214,1.74,0.7631,0,0,1,grocery,card,0
6325,71.0,29158.67,127.29,3592,6,0,0.1227,21.62,0.8266,1,1,8,grocery,upi,1
6326,,56865.2,292.75,3459,3,0,0.0358,1.69,0.5625,0,0,6,food,card,0
6327,21.0,65102.53,328.1,3577,2,1,0.1997,0.81,0.8263,0,0,18,gaming,wallet,0
6328,58.0,25074.39,438.18,759,1,0,0.0681,26.46,0.7911,0,0,7,fashion,card,0
6329,22.0,83537.95,32.48,1591,4,1,0.1934,2.03,0.9052,0,0,19,gaming,wallet,0
6330,52.0,83726.82,149.82,258,5,0,0.506,2.98,0.6764,0,0,5,jewelry,card,0
6331,21.0,94011.04,62.03,3194,3,0,0.2313,6.88,0.9397,0,0,14,grocery,wallet,0
6332,57.0,64862.66,315.43,3473,2,0,0.1814,23.02,0.662,0,0,5,grocery,wallet,0
6333,31.0,78079.56,372.29,144,2,0,0.3083,2.17,0.9435,0,0,21,grocery,upi,0
6334,23.0,182928.87,136.8,702,8,0,0.3514,16.95,0.6839,1,0,16,electronics,card,1
6335,21.0,46595.14,86.81,700,4,0,0.1609,8.83,0.9554,0,0,14,travel,wallet,0
6336,28.0,30944.73,326.99,3715,4,1,0.3038,10.87,0.46,0,0,12,travel,wallet,0
6337,48.0,23655.61,157.55,3167,10,0,0.2786,2.47,0.9125,0,0,8,travel,wallet,1
6338,22.0,144452.95,749.51,1130,2,1,0.2706,0.61,0.8593,0,0,16,fashion,wallet,0
9017,39.0,27391.17,210.69,941,3,0,0.4016,6.04,0.6056,0,0,10,grocery,upi,0
6340,52.0,33075.85,489.64,1664,2,0,0.3573,2.51,0.7405,0,0,5,food,card,0
6341,34.0,36866.63,227.15,2350,6,0,0.2246,1.29,0.7766,0,0,7,gaming,upi,0
6342,74.0,46022.85,1117.15,208,4,2,0.2039,0.11,0.9545,0,0,13,food,net_banking,0
6343,55.0,107842.78,228.99,1891,6,0,0.1581,11.39,0.9113,1,0,19,gaming,upi,0
6344,56.0,27094.13,111.47,2163,4,0,0.1453,6.03,0.7003,0,0,16,grocery,upi,0
6345,27.0,18647.13,91.62,3925,3,2,0.0471,7.5,0.7867,0,0,1,fashion,upi,0
6346,58.0,181175.5,89.07,779,5,0,0.1992,3.19,0.7247,0,0,17,grocery,card,0
6347,49.0,65309.56,178.86,758,6,0,0.0804,0.54,0.7806,0,0,4,electronics,card,0
6348,74.0,70616.27,286.01,1741,5,0,0.2633,9.48,0.7292,0,0,18,jewelry,card,0
6349,45.0,49132.7,43.72,1298,5,0,0.2727,15.74,0.8855,0,0,9,food,wallet,0
6350,56.0,71059.31,114.9,3680,4,0,0.1035,17.97,0.9603,0,0,1,fashion,card,0
6351,37.0,23915.34,222.7,3154,3,0,0.2681,9.43,0.9269,0,0,22,travel,card,0
6352,20.0,34633.69,342.61,1032,5,0,0.2444,12.87,0.669,0,0,22,gaming,card,0
6353,25.0,58274.82,175.39,1359,7,0,0.1324,4.72,0.7211,0,0,19,travel,net_banking,0
6354,67.0,15773.69,229.86,2550,3,1,0.1477,5.79,0.8259,1,0,13,fashion,upi,0
6355,60.0,46569.62,52.17,3490,5,0,0.1119,11.68,0.7984,0,0,3,fashion,card,0
6356,38.0,45017.12,72.33,831,4,0,0.1783,8.62,0.943,0,0,11,grocery,card,0
6357,57.0,46565.2,169.37,1205,5,0,0.2819,3.8,0.7984,0,0,13,electronics,card,0
6358,18.0,40619.09,299.92,2451,5,0,0.2945,23.11,0.6853,0,0,8,food,wallet,0
6359,20.0,31804.02,226.84,3443,7,1,0.2069,1.06,0.9226,0,0,16,grocery,card,0
6360,46.0,20190.57,77.03,1177,3,0,0.1278,16.1,0.8405,0,1,6,grocery,upi,0
6361,53.0,59557.61,142.08,1885,7,1,0.2403,0.93,0.6366,0,0,20,gaming,upi,0
6362,71.0,46630.97,816.31,2735,2,0,0.0432,2.89,0.3978,1,1,20,grocery,card,1
6363,61.0,25814.29,310.2,1718,2,0,0.0516,4.28,0.5911,0,0,22,gaming,,0
6364,32.0,56924.54,153.0,3089,4,0,0.222,3.47,0.8589,0,1,16,electronics,card,0
6365,64.0,46763.86,64.53,2074,4,1,0.1301,0.96,0.8661,0,0,17,grocery,upi,0
6366,46.0,42681.69,88.2,3526,4,2,0.0105,0.25,0.9069,0,0,6,grocery,card,0
6367,65.0,16794.32,181.19,2441,7,0,0.0892,1.11,0.788,0,0,13,electronics,card,0
6368,27.0,80066.32,237.2,3676,5,1,0.1679,2.18,0.7355,0,0,8,grocery,card,0
6369,19.0,27914.75,316.88,3442,4,0,0.0622,1.23,0.8908,0,0,22,food,upi,0
6370,21.0,56947.62,265.32,987,3,0,0.0564,20.1,0.6853,0,0,9,gaming,wallet,0
6371,74.0,35261.28,124.3,3592,4,2,0.2551,0.22,0.9347,0,0,11,grocery,wallet,1
6372,22.0,44413.06,107.97,542,5,0,0.0935,23.76,0.6313,0,0,18,food,card,1
6373,71.0,103657.69,1394.02,1152,2,0,0.1078,9.22,0.6572,0,0,8,fashion,card,0
6374,59.0,73679.4,103.18,222,6,1,0.0604,7.1,0.8386,0,0,20,food,card,0
6375,26.0,102396.77,49.46,443,0,0,0.3548,1.42,0.6477,0,0,1,travel,net_banking,0
6376,67.0,65959.78,34.96,2889,3,0,0.3693,6.96,0.7651,0,1,11,food,card,0
6377,26.0,68389.01,126.44,471,6,1,0.1109,25.93,0.7253,0,0,1,food,upi,0
6378,,,460.79,771,3,1,0.3853,0.23,0.9158,0,0,4,electronics,wallet,0
6379,50.0,46186.82,101.19,1650,7,0,0.0508,2.2,0.782,0,0,18,fashion,upi,0
6380,,48600.47,788.77,3206,4,0,0.0317,0.05,0.8706,0,1,23,gaming,card,0
6381,34.0,107807.67,178.69,3249,4,0,0.2673,3.1,0.7662,1,0,1,food,upi,1
6382,29.0,41633.58,545.94,3860,4,1,0.3485,0.08,0.9668,1,0,4,grocery,wallet,0
6383,52.0,63624.96,84.37,248,4,2,0.1136,0.95,0.785,0,1,21,,wallet,0
6384,19.0,62271.24,85.69,617,2,0,0.1129,4.39,0.9328,0,0,14,food,card,0
6385,31.0,103965.02,197.16,1613,6,1,0.0692,9.54,0.7754,0,0,20,grocery,upi,0
6386,49.0,51099.46,291.64,1154,7,0,0.2091,8.21,0.7145,0,0,15,food,card,0
6387,45.0,86714.06,150.51,415,8,0,0.3745,2.84,0.8536,0,0,11,electronics,card,0
6388,57.0,21534.52,241.15,2110,6,0,0.1548,7.03,0.9414,0,0,9,grocery,net_banking,0
6389,30.0,22637.83,324.23,1891,3,0,0.3314,7.4,0.9369,0,1,15,grocery,card,0
6390,54.0,15666.02,43.49,1739,2,2,0.1504,3.15,0.832,0,0,3,food,upi,0
6391,61.0,84743.15,128.0,119,3,0,0.5317,3.86,0.8253,0,0,19,jewelry,net_banking,0
6392,,79666.57,107.15,1720,5,0,0.0441,4.46,0.7114,0,0,4,fashion,wallet,0
6393,32.0,90070.11,112.49,1848,6,1,0.3947,3.36,0.7976,1,1,13,travel,,1
6394,49.0,37893.67,270.38,891,6,0,0.1844,0.17,0.8453,0,0,9,,card,0
6395,50.0,40341.55,108.65,3185,6,1,0.1782,4.15,0.7356,0,0,3,gaming,wallet,1
6396,23.0,51457.54,24.24,3560,2,0,0.0729,0.29,0.9375,0,0,12,food,net_banking,0
6397,50.0,121676.73,142.09,3717,5,0,0.1907,4.25,0.8895,1,0,7,gaming,upi,0
6398,26.0,139621.98,62.09,2735,1,1,0.3559,12.75,0.982,0,0,1,grocery,net_banking,0
6399,50.0,85108.58,295.68,2713,2,1,0.2071,2.23,0.9249,0,1,2,electronics,card,0
6400,71.0,65982.8,402.89,640,6,0,0.2744,0.01,0.7392,0,0,4,gaming,card,0
6401,48.0,114639.64,20.45,1594,3,0,0.2477,37.61,0.7824,0,1,18,grocery,wallet,0
6402,61.0,47780.61,82.99,47,4,0,0.5181,3.53,0.7875,0,0,13,gaming,wallet,0
6403,35.0,44358.99,256.3,2250,3,0,0.169,13.32,0.8648,0,0,6,grocery,upi,0
6404,,51232.34,44.0,3057,1,0,0.27,5.4,0.8278,0,0,15,food,card,0
6405,64.0,32105.92,393.71,2686,8,0,0.4031,4.14,0.7935,0,0,20,food,card,0
6406,70.0,,514.03,92,5,0,0.0952,3.49,0.7411,0,0,17,food,wallet,0
6407,60.0,29747.91,153.08,2238,4,0,0.2851,30.28,0.6356,0,0,0,electronics,card,0
6408,55.0,96649.16,83.02,3525,0,0,0.5635,1.86,0.6728,1,0,18,food,card,0
6409,47.0,74170.11,17.86,435,4,1,0.0092,12.34,0.6124,0,0,23,food,card,0
6410,70.0,120734.33,406.26,2131,2,0,0.2284,11.52,0.5509,0,0,2,gaming,upi,0
6411,66.0,22448.59,1333.41,1023,2,2,0.1705,1.62,0.7698,0,0,21,grocery,card,1
6412,41.0,156532.95,1084.21,3722,5,1,0.198,2.5,0.9114,0,1,0,electronics,upi,0
6413,22.0,23161.04,148.11,2216,5,0,0.2801,5.78,0.7404,0,0,18,electronics,card,0
6414,18.0,28453.29,60.36,3094,2,0,0.3487,14.27,0.7106,0,0,21,grocery,net_banking,0
6415,31.0,39090.57,415.96,2112,2,0,0.0787,2.93,0.8782,0,1,21,jewelry,card,0
6416,21.0,112908.7,158.55,3580,6,0,0.1139,6.08,0.8958,0,0,5,food,upi,0
6417,30.0,62264.95,290.35,1171,3,1,0.2428,7.48,0.7328,0,0,1,jewelry,net_banking,0
6418,24.0,48097.35,243.64,2982,3,1,0.1443,8.01,0.6007,0,0,21,grocery,card,0
6419,73.0,35565.93,197.54,1734,6,1,0.19,7.02,0.986,0,0,21,travel,card,0
6420,23.0,25805.01,503.44,2319,3,0,0.2073,20.06,0.8423,0,0,18,grocery,upi,0
6421,53.0,102542.59,522.5,2753,2,0,0.0501,12.17,0.7497,0,0,3,travel,upi,0
6422,38.0,85335.01,106.73,717,2,0,0.2477,3.38,0.9313,0,0,22,electronics,net_banking,0
8674,19.0,90818.42,1023.65,1684,4,0,0.3373,0.25,0.6666,0,0,2,grocery,card,0
6424,,68414.39,14.79,2918,3,1,0.1105,2.67,0.9007,0,1,22,food,card,0
6425,73.0,15000.0,127.33,1654,2,1,0.2459,0.48,0.6119,0,0,1,food,,0
6426,,,60.32,2381,5,0,0.283,4.73,0.7171,0,0,21,jewelry,upi,0
6427,73.0,71023.61,273.73,2664,4,0,0.1094,0.39,0.7312,0,0,22,food,upi,0
6428,51.0,44879.85,128.65,1834,6,0,0.312,7.3,0.7654,0,0,9,grocery,net_banking,0
6429,,40446.1,143.38,2551,2,0,0.21,1.83,0.9615,0,0,15,grocery,card,0
6430,26.0,29980.84,405.42,2247,1,0,0.162,1.08,0.672,0,0,2,fashion,upi,0
6431,66.0,92620.22,267.79,3124,8,0,0.1433,5.25,0.8889,0,1,0,travel,upi,1
6432,60.0,70685.41,160.17,952,3,0,0.2263,0.96,0.6632,0,1,14,food,upi,0
6433,32.0,72456.64,972.03,46,1,0,0.0511,2.92,0.8059,0,1,20,fashion,card,1
6434,38.0,38816.75,376.57,1635,4,0,0.0586,5.0,0.762,0,0,10,gaming,card,0
6435,52.0,60599.79,118.76,3303,6,0,0.1266,2.18,0.6613,0,0,12,jewelry,card,1
6436,18.0,26352.48,124.18,523,6,0,0.095,9.58,0.6742,0,1,19,grocery,upi,0
6437,64.0,51209.64,395.97,3448,6,0,0.2453,3.6,0.6778,0,0,1,gaming,wallet,0
6438,33.0,15000.0,220.48,1656,5,0,0.0887,0.13,0.5619,0,0,15,gaming,upi,0
6439,22.0,23216.64,58.66,858,4,0,0.0732,6.23,0.8302,1,0,12,grocery,card,0
6440,36.0,46065.38,440.39,1883,1,0,0.2709,9.95,0.8948,0,0,15,grocery,upi,0
6441,65.0,203089.78,632.82,3252,6,1,0.11,7.94,0.561,1,0,18,food,wallet,1
6442,33.0,20428.37,586.6,3435,5,0,0.1974,0.98,0.542,1,1,16,electronics,card,0
6443,48.0,27753.55,841.94,2463,2,0,0.0367,1.52,0.8162,0,0,15,grocery,wallet,0
6444,64.0,61964.36,1425.32,2122,4,0,0.6813,4.8,0.7561,0,0,7,fashion,upi,0
6445,19.0,145549.43,1015.28,3232,4,0,0.0436,43.2,0.7164,0,1,12,food,card,0
6446,61.0,61468.7,253.06,3638,5,0,0.1599,2.03,0.8578,0,0,10,food,upi,0
6447,34.0,80924.06,146.13,3187,4,0,0.4515,1.18,0.6688,0,0,4,grocery,upi,0
6448,57.0,45679.57,28.89,3872,1,1,0.2582,8.01,0.7667,1,0,10,fashion,wallet,0
6449,28.0,41533.13,181.97,3329,2,2,0.2542,5.3,0.6525,0,0,20,travel,net_banking,0
6450,25.0,57543.12,302.5,224,8,0,0.1256,13.36,0.6803,0,0,23,travel,wallet,0
6451,62.0,38293.26,188.01,108,7,0,0.0995,6.51,0.9026,0,0,7,jewelry,card,0
6452,64.0,81914.93,27.24,2400,2,1,0.1226,9.7,0.9791,0,0,14,fashion,upi,0
6453,73.0,22734.5,135.14,3829,5,0,0.3303,6.72,0.8389,0,0,13,fashion,net_banking,0
6454,56.0,89731.87,343.19,1217,2,0,0.3321,5.53,0.8655,0,0,17,grocery,upi,0
6455,44.0,56202.17,64.52,3865,3,0,0.1417,1.09,0.901,0,0,14,travel,card,0
6456,29.0,48873.57,212.44,3409,3,0,0.271,1.3,0.8213,0,0,22,grocery,upi,0
6457,34.0,22280.05,277.16,588,5,0,0.462,1.02,0.5318,0,0,6,electronics,card,0
6458,54.0,32086.95,550.55,1991,7,0,0.1395,8.63,0.7391,1,1,2,grocery,net_banking,1
6459,37.0,106334.68,997.81,908,2,0,0.1794,26.61,0.9561,0,0,7,travel,card,0
6460,45.0,49038.4,123.36,339,1,1,0.1744,14.8,0.7665,0,0,3,grocery,card,0
6461,27.0,64100.51,216.31,2772,7,0,0.1684,9.32,0.8282,1,0,12,gaming,card,0
6462,43.0,33905.95,223.19,883,8,0,0.1122,3.31,0.7379,0,0,19,electronics,wallet,0
6463,31.0,54128.08,344.58,2252,9,0,0.1227,4.57,0.6924,0,1,19,fashion,,1
6464,24.0,,308.08,2705,5,0,0.1948,1.18,0.8532,0,0,23,jewelry,wallet,0
6465,25.0,58105.97,748.42,1745,4,0,0.3716,1.81,0.8095,0,0,14,travel,card,0
6466,47.0,67436.45,17.49,346,5,1,0.0137,6.52,0.8862,0,0,22,food,card,0
6467,,65606.27,273.41,304,4,0,0.2311,10.03,,0,1,22,food,upi,0
6468,23.0,33460.36,293.06,1534,4,0,0.0827,0.51,0.7063,0,1,0,food,net_banking,1
6469,47.0,45567.97,142.27,199,2,0,0.1183,3.81,0.9357,0,1,20,grocery,card,0
6470,27.0,73905.7,18.71,3490,4,0,0.2074,11.7,0.8763,0,0,8,food,upi,0
6471,18.0,48961.9,169.35,690,3,0,0.0859,11.91,0.9411,0,0,2,food,card,0
6472,25.0,46960.89,88.45,145,2,0,0.1389,4.66,0.901,0,0,4,electronics,card,0
6473,43.0,156685.46,963.83,585,3,1,0.0791,0.27,0.9728,0,0,23,gaming,card,0
6474,72.0,32599.25,261.97,2793,1,0,0.0522,2.51,0.6224,0,0,14,fashion,card,0
6475,31.0,99639.97,81.25,2367,5,1,0.0424,3.05,0.8073,0,0,21,grocery,card,0
6476,34.0,29144.28,23.11,2711,2,1,0.0568,11.6,0.8033,0,0,16,electronics,net_banking,0
6477,31.0,78843.34,324.92,1407,4,1,0.1602,2.77,0.7512,0,0,12,fashion,upi,0
6478,38.0,81192.03,361.08,1303,4,0,0.2731,11.17,0.9617,0,0,23,food,wallet,0
6479,58.0,41538.98,145.06,2696,5,2,0.0656,12.87,0.5992,0,0,23,fashion,card,1
6480,36.0,28154.89,329.19,477,4,0,0.0774,7.8,0.6212,0,0,20,,net_banking,0
6481,,18608.06,127.06,1595,2,0,0.0574,6.18,0.7786,0,0,0,fashion,card,0
6482,69.0,39213.49,523.31,436,4,0,0.1791,0.78,0.6473,1,0,1,electronics,card,0
6483,71.0,73460.91,485.72,1713,2,0,0.0231,22.73,0.878,0,0,8,fashion,wallet,0
6484,50.0,30405.93,34.95,3877,4,0,0.1095,2.87,0.6396,1,0,7,electronics,card,0
6485,58.0,58012.29,44.6,3405,4,1,0.2512,2.96,0.9198,0,0,10,gaming,card,0
6486,70.0,24417.42,1372.29,2717,3,0,0.4677,1.63,0.8633,0,0,1,jewelry,card,1
6487,62.0,48361.05,457.21,2639,5,0,0.1865,1.59,0.8576,0,0,5,food,upi,0
6488,35.0,29266.95,50.94,1522,2,1,0.1872,1.04,0.794,0,1,6,grocery,card,0
6489,25.0,52690.96,37.43,2830,2,0,0.2125,4.41,0.9851,0,0,18,grocery,upi,0
6490,24.0,41751.67,221.57,3339,5,0,0.3997,9.91,0.9366,0,0,0,electronics,upi,0
6491,68.0,28577.85,57.43,2250,8,0,0.2362,2.46,0.9081,1,1,14,grocery,card,1
6492,49.0,38280.96,131.14,440,5,0,0.3234,11.12,0.8046,0,0,22,food,card,0
6493,34.0,32902.44,171.69,2786,3,0,0.1403,12.46,0.8121,0,0,2,grocery,card,0
6494,37.0,26700.29,164.44,533,2,0,0.0615,13.5,0.6814,0,0,3,electronics,net_banking,0
6495,34.0,99767.59,555.29,1315,6,0,0.4028,4.82,0.8908,0,0,17,travel,net_banking,0
1805,25.0,44163.67,283.51,239,4,0,0.3305,8.53,0.925,1,1,10,fashion,upi,0
6497,52.0,16380.79,111.5,229,4,0,0.4457,0.85,0.9888,0,1,18,electronics,wallet,1
6498,68.0,39037.73,58.11,3061,5,0,0.0791,5.29,0.671,1,1,10,travel,card,0
6499,35.0,90960.43,265.55,2591,3,0,0.1455,2.06,0.752,0,0,1,fashion,wallet,0
6500,44.0,36182.87,920.06,1653,4,0,0.0393,3.02,0.929,0,1,10,food,upi,0
6501,24.0,125347.81,120.27,1544,3,0,0.1919,19.8,,0,0,11,gaming,card,0
6502,73.0,34335.13,421.29,2581,3,0,0.3691,6.27,0.9374,0,0,22,grocery,net_banking,0
6503,47.0,72545.04,77.93,2139,6,0,0.1543,6.0,0.8482,0,0,16,fashion,card,0
6504,,97269.4,183.87,952,3,0,0.1853,4.28,0.8006,0,0,20,fashion,card,0
6505,41.0,70452.58,56.32,1937,5,0,0.2561,3.96,0.974,0,0,1,,upi,0
6506,33.0,,181.96,3115,4,1,0.4948,11.17,0.8466,0,0,15,food,card,0
6507,72.0,32752.37,160.21,2222,4,0,0.3452,3.9,0.7724,0,0,17,electronics,upi,0
6508,45.0,104676.25,330.66,3212,5,0,0.032,3.95,0.8197,0,0,12,food,card,0
6509,56.0,35332.28,1065.31,2047,3,0,0.077,0.17,0.9043,0,0,15,food,card,0
6510,20.0,94062.11,122.0,1670,2,2,0.0386,7.45,0.7689,0,0,14,food,wallet,0
6511,33.0,43409.43,24.37,2976,2,0,0.3134,8.54,0.9596,0,0,23,travel,wallet,0
6512,63.0,59449.29,147.06,860,6,0,0.0808,0.47,0.7226,0,0,5,food,upi,0
6513,23.0,25661.05,242.81,2518,8,2,0.0784,2.51,0.7999,0,0,5,food,upi,0
6514,23.0,39361.41,220.27,2531,4,0,0.2635,2.83,0.9799,0,0,3,food,net_banking,0
6515,64.0,33984.84,153.78,1129,3,0,0.2665,10.33,0.9022,0,1,13,gaming,card,0
6516,35.0,62265.84,796.85,1046,5,0,0.3244,8.57,0.735,0,0,11,travel,card,0
6517,33.0,57892.73,206.27,362,6,0,0.452,25.13,0.953,0,0,10,electronics,upi,0
6518,50.0,70936.89,162.09,618,4,0,0.2921,0.09,0.9904,0,0,19,electronics,upi,0
6519,29.0,41994.8,82.7,409,7,0,0.0949,5.46,0.8728,0,0,6,fashion,net_banking,0
6520,20.0,32973.58,31.38,2474,3,0,0.4098,4.67,0.8774,0,0,0,grocery,upi,0
6521,18.0,60814.86,250.18,512,2,1,0.2283,17.73,0.8555,0,0,12,fashion,card,0
6522,22.0,31220.01,230.07,2066,3,1,0.5117,6.17,0.8413,0,0,8,electronics,wallet,0
6523,27.0,99530.64,62.4,472,6,0,0.1264,18.55,0.6897,1,0,17,grocery,upi,0
6524,57.0,51642.55,172.19,3140,1,1,0.0915,9.57,0.9262,0,0,20,travel,card,0
6525,34.0,45968.61,155.88,2720,5,0,0.197,2.53,0.7356,1,0,14,grocery,upi,0
6526,22.0,70918.39,96.4,1190,1,1,0.3876,5.34,0.8345,0,1,11,gaming,upi,0
6527,18.0,52737.81,81.42,2949,3,1,0.2385,2.56,0.7559,0,0,3,grocery,card,0
6528,45.0,22096.18,269.9,924,5,0,0.4571,5.22,0.9478,0,0,12,travel,card,0
6529,65.0,30678.03,143.62,2552,3,0,0.0863,1.87,0.8972,0,0,12,travel,card,0
6530,37.0,98403.17,99.68,2572,7,0,0.4764,5.76,0.7419,0,0,14,travel,card,0
6531,21.0,57596.95,76.04,1762,4,1,0.1139,6.96,0.7729,0,1,6,fashion,card,0
6532,,21812.23,158.06,2813,4,0,0.439,28.13,0.865,0,0,4,travel,card,0
6533,46.0,66752.71,453.7,3793,2,1,0.2328,3.87,0.9384,1,0,17,food,wallet,0
6534,28.0,40436.82,221.32,1671,4,0,0.4478,6.72,0.8422,0,0,8,electronics,card,0
6535,73.0,33999.92,142.0,1155,1,1,0.2963,25.43,0.8338,0,0,11,,card,0
6536,61.0,29301.92,245.05,1786,2,0,0.1885,4.73,0.8603,0,0,19,food,card,0
6537,37.0,95325.22,704.4,2284,5,1,0.0557,0.76,0.9712,0,0,11,gaming,card,0
6538,72.0,18658.64,293.94,520,3,0,0.153,0.77,0.9219,0,0,7,fashion,net_banking,0
6539,36.0,34698.29,233.49,3840,5,0,0.3622,0.18,0.8172,0,0,22,gaming,wallet,0
6540,25.0,58756.57,340.86,1893,3,0,0.399,29.06,0.8723,0,0,12,food,net_banking,0
6541,71.0,131030.86,153.69,3856,6,0,0.2529,3.32,0.7057,0,0,13,gaming,net_banking,1
6542,72.0,74586.18,216.38,3846,5,2,0.3001,3.86,0.7613,0,0,17,travel,upi,0
6543,35.0,34536.6,110.39,283,4,0,0.1586,0.12,0.8888,0,0,18,food,upi,0
6544,51.0,127546.06,38.18,481,7,1,0.1713,1.2,0.7537,0,0,21,grocery,card,1
6545,27.0,26102.09,253.61,750,4,0,0.222,2.79,0.9085,0,1,8,,wallet,0
6546,54.0,,254.59,2284,4,1,0.0898,9.4,0.8372,0,1,21,gaming,card,0
6547,57.0,71924.34,135.0,1434,5,0,0.2498,0.67,0.6432,0,0,9,food,upi,0
6548,58.0,33876.43,507.14,103,6,0,0.268,4.13,0.9728,0,0,1,grocery,upi,0
6549,50.0,,87.48,2270,2,1,0.2114,7.66,0.9817,0,1,12,electronics,wallet,0
427,67.0,148338.22,265.39,1187,2,1,0.3091,16.85,0.8554,0,0,4,food,card,0
6551,49.0,80613.13,89.64,3378,2,0,0.1984,16.97,0.918,0,1,10,food,wallet,0
6552,64.0,19996.47,38.55,3051,5,0,0.3308,8.64,0.8138,0,0,13,food,card,0
6553,28.0,66126.53,252.39,3383,3,0,0.0364,4.39,0.7932,0,0,21,grocery,wallet,0
5692,51.0,98361.13,60.86,3729,9,0,0.2655,7.02,0.9192,0,0,7,grocery,,1
6555,41.0,103510.21,481.86,2792,4,0,0.1148,2.17,0.5793,0,0,4,fashion,upi,0
6556,48.0,53685.54,471.89,352,5,1,0.1014,0.29,0.7429,0,1,13,food,card,1
6557,26.0,109334.22,71.38,3046,3,2,0.1321,11.78,0.8868,1,0,4,gaming,card,1
6558,36.0,72713.0,80.23,1823,6,0,0.2665,39.26,0.8688,0,0,17,food,card,0
6559,72.0,51275.01,307.17,47,2,0,0.285,3.25,,0,0,22,gaming,upi,0
6560,23.0,84821.69,479.53,343,3,1,0.3447,0.91,0.9577,0,0,2,grocery,upi,1
6561,54.0,85120.28,24.05,1253,2,0,0.336,10.18,0.9244,0,0,1,electronics,card,0
6562,55.0,71299.1,238.56,1512,2,0,0.0418,2.7,0.9478,0,0,12,fashion,card,0
6563,45.0,15589.03,19.99,858,7,0,0.1487,3.26,0.7639,0,0,11,electronics,wallet,0
6564,19.0,32038.07,104.01,3082,3,2,0.2055,5.12,0.812,0,0,17,food,,0
6565,19.0,117753.26,537.33,1804,1,2,0.0743,18.06,0.7269,0,0,19,fashion,upi,0
6566,33.0,27565.44,3650.89,1055,7,0,0.4502,4.96,0.9535,0,0,8,food,net_banking,0
6567,23.0,89361.22,141.76,2704,4,0,0.2391,0.22,0.9388,0,0,20,fashion,net_banking,0
6568,23.0,81116.16,51.72,1829,2,0,0.037,1.87,0.6831,1,0,1,,net_banking,0
6569,27.0,,107.71,3121,3,0,0.22,12.83,0.8915,0,0,12,electronics,card,0
6570,28.0,18355.99,192.29,2016,5,0,0.5684,0.04,0.8484,1,0,22,food,card,1
6571,65.0,40222.69,92.09,3005,6,0,0.0375,7.66,0.9226,0,0,22,food,upi,0
6572,54.0,172473.13,71.39,3417,8,0,0.0114,5.5,0.7944,0,0,8,grocery,wallet,0
6573,19.0,34210.43,117.46,344,1,0,0.5991,0.01,0.9789,0,0,0,electronics,card,0
6574,53.0,35534.06,267.34,512,4,0,0.0774,0.7,0.9687,0,0,11,fashion,wallet,0
6575,25.0,31774.46,151.95,2930,8,0,0.1411,5.17,0.7579,0,0,2,food,upi,0
6576,42.0,107282.4,74.54,2215,6,0,0.1425,3.59,0.6737,0,0,0,grocery,card,0
6577,20.0,48121.52,92.1,985,5,2,0.2888,2.78,0.7328,0,0,20,jewelry,upi,0
6578,23.0,38981.41,119.0,152,4,1,0.0336,10.37,,0,0,9,grocery,card,0
6579,25.0,119670.71,66.26,3823,4,0,0.0868,4.16,0.4247,0,0,9,electronics,card,0
6580,42.0,75645.27,88.75,400,4,1,0.147,2.22,0.7154,0,0,15,travel,wallet,0
6581,44.0,33172.58,342.61,1866,5,1,0.1696,5.03,0.9234,0,0,20,travel,card,0
6582,38.0,28060.48,142.97,906,5,0,0.121,6.67,0.8675,0,0,11,travel,upi,0
6583,53.0,103993.32,31.17,1600,8,1,0.0565,3.45,0.9564,0,0,17,,card,0
6584,59.0,55510.19,501.65,2887,6,0,0.3905,11.37,0.718,0,0,9,jewelry,wallet,0
6585,59.0,23461.2,273.06,2051,7,1,0.1161,3.75,0.8697,0,1,11,jewelry,card,0
6586,51.0,20627.38,45.14,193,8,0,0.4042,5.57,0.9512,0,1,21,electronics,wallet,0
6587,49.0,29770.32,124.91,376,5,1,0.3979,6.94,0.7629,0,0,20,travel,upi,0
6588,46.0,27816.15,81.52,3781,4,0,0.0617,11.3,0.6913,0,0,13,electronics,card,0
6589,31.0,17849.77,354.2,1030,5,0,0.4642,17.54,0.789,0,0,7,food,net_banking,0
6590,45.0,30042.24,124.13,1727,2,0,0.2096,11.75,0.8078,0,0,12,grocery,card,0
6591,18.0,33176.4,167.37,3148,1,1,0.2105,26.94,0.5926,1,1,20,gaming,wallet,0
6592,73.0,42642.8,148.97,3359,3,2,0.1642,7.7,0.6837,0,0,20,electronics,wallet,0
6593,39.0,139551.5,40.97,1157,1,0,0.1773,9.71,0.8054,0,0,2,food,upi,0
6594,61.0,47492.39,733.89,910,5,1,0.183,0.1,0.8309,0,0,8,grocery,upi,1
6595,72.0,50157.45,349.08,1766,3,0,0.4939,4.42,0.7714,0,0,21,gaming,card,0
6596,46.0,72778.72,85.25,1371,4,0,0.1765,18.07,0.8383,0,0,9,jewelry,upi,0
6597,67.0,48269.9,218.07,2813,4,1,0.2809,15.71,0.8231,0,0,7,food,upi,0
6598,45.0,68539.99,476.79,2916,5,1,0.099,7.19,0.5041,0,0,10,food,card,0
6599,25.0,64178.7,190.32,1062,2,0,0.1206,1.92,0.8395,0,0,4,grocery,card,0
6600,19.0,58836.18,853.81,1535,3,0,0.1864,10.83,0.8283,0,0,7,electronics,wallet,0
6601,25.0,250000.0,3330.27,2930,2,0,0.0849,29.65,0.9028,0,0,5,fashion,upi,0
6602,71.0,90781.22,158.67,2044,7,0,0.0736,5.54,0.8925,0,0,23,grocery,upi,0
6603,45.0,30337.55,100.53,2217,2,0,0.1779,2.19,0.7435,0,0,16,grocery,upi,0
6604,,67420.92,66.92,3242,4,1,0.2305,0.83,0.9044,0,0,9,food,upi,0
6605,43.0,35583.35,19.68,2617,1,0,0.1108,6.49,,1,0,2,grocery,card,0
6606,32.0,70299.95,627.1,2614,0,0,0.1992,17.83,,0,0,17,travel,card,0
6607,67.0,25815.63,126.4,1941,1,0,0.2991,0.45,0.7501,0,0,1,jewelry,,0
6608,74.0,29905.86,431.95,3348,1,0,0.1549,0.72,0.6392,0,0,13,fashion,net_banking,0
6609,22.0,66452.16,528.17,121,7,0,0.1156,2.9,0.7543,0,0,9,electronics,card,0
6610,58.0,95206.78,61.07,373,3,0,0.073,40.72,0.8774,0,0,11,grocery,upi,0
6611,37.0,72514.58,70.96,2715,2,0,0.216,0.73,0.8139,1,1,22,travel,card,1
6612,20.0,87978.96,1030.34,2444,5,1,0.4882,15.75,0.7405,0,0,12,jewelry,card,1
6613,70.0,67554.41,167.82,1140,5,1,0.1945,8.29,0.7508,0,0,11,food,card,0
6614,,60473.55,93.01,2416,4,0,0.0528,8.43,0.8461,0,0,8,grocery,card,0
6615,29.0,41691.69,63.29,455,5,2,0.2988,7.07,0.9324,0,0,3,food,card,1
6616,19.0,86011.77,156.26,2440,0,0,0.3079,36.01,0.9535,0,0,19,fashion,upi,0
6617,44.0,96642.32,813.1,1464,2,1,0.3337,4.49,0.9714,0,0,5,food,card,0
6618,52.0,53123.51,357.24,2367,4,0,0.1243,13.85,0.8966,1,0,15,jewelry,card,0
6619,36.0,51574.32,215.88,1383,3,1,0.0186,3.23,0.9337,0,0,13,food,upi,0
6620,22.0,131974.19,881.37,2903,7,2,0.1731,6.74,0.7525,0,0,2,food,upi,1
6621,24.0,54385.7,726.86,473,4,2,0.2427,2.56,0.6664,1,1,13,food,card,1
6622,71.0,57337.82,251.41,3380,3,1,0.1535,1.86,0.9685,0,0,21,travel,card,0
6623,63.0,71783.7,2890.19,1993,4,0,0.2302,1.49,0.7644,0,0,1,jewelry,card,0
6624,71.0,52119.53,140.55,941,7,0,0.1676,1.86,0.7485,0,0,12,fashion,wallet,0
6625,48.0,35027.94,539.68,3849,5,0,0.279,35.83,0.7833,0,1,20,fashion,wallet,1
6626,49.0,67708.67,121.51,445,2,1,0.2097,5.93,0.7693,0,0,6,gaming,net_banking,0
6627,62.0,53840.07,443.99,2162,7,1,0.1003,1.35,0.9078,0,0,7,food,wallet,0
6628,53.0,151497.72,140.41,323,5,1,0.441,0.48,0.9457,1,0,5,grocery,card,0
6629,42.0,84858.05,285.52,3601,2,0,0.3519,0.18,0.828,0,0,4,electronics,card,0
6630,34.0,39639.18,1964.7,658,4,1,0.3228,11.07,0.7359,0,0,21,fashion,card,1
6631,45.0,82131.06,466.29,1029,3,0,0.1771,5.27,0.8653,0,0,2,food,upi,0
6632,21.0,65147.86,289.98,2634,4,0,0.0118,19.99,0.8018,0,0,19,grocery,card,0
6633,28.0,113014.67,82.95,3542,2,0,0.2287,5.18,0.5987,0,0,19,food,card,0
6634,60.0,41218.34,217.28,1683,2,1,0.3962,5.4,0.8185,0,1,16,jewelry,upi,0
6635,67.0,61014.1,65.69,1063,4,0,0.0302,0.33,0.8179,0,0,10,fashion,card,0
6636,23.0,52082.64,437.0,1417,1,1,0.2471,38.58,0.6382,0,0,5,travel,net_banking,0
6637,23.0,56797.76,426.17,3672,5,1,0.0094,9.09,0.8157,0,0,19,travel,wallet,0
6638,22.0,33800.44,150.4,3642,4,0,0.1584,8.62,0.9195,0,0,23,electronics,upi,0
6639,63.0,75496.37,950.03,516,4,0,0.1925,0.65,0.5458,0,0,10,food,,0
6640,35.0,69214.72,825.39,3603,3,0,0.0264,0.61,0.679,0,0,8,fashion,,0
6641,36.0,111520.25,209.06,3368,1,1,0.3067,8.02,0.8725,0,0,4,,upi,0
6642,18.0,54697.55,316.86,2169,5,0,0.2107,1.42,0.9207,0,0,1,electronics,upi,0
6643,73.0,43852.05,99.93,1044,5,0,0.0856,0.69,0.8982,0,0,21,grocery,upi,0
6644,42.0,84897.54,137.11,1850,2,0,0.1086,19.02,0.8403,1,0,11,food,net_banking,0
3386,32.0,56088.43,311.94,1549,6,0,0.2831,21.8,0.7615,0,0,16,jewelry,upi,0
6646,58.0,99890.51,111.57,1103,4,0,0.2471,3.56,0.8652,0,0,17,fashion,card,0
6647,26.0,99772.87,162.16,1395,5,1,0.2121,12.29,,1,0,22,food,card,0
6648,63.0,109819.33,34.21,1855,2,1,0.1101,13.04,0.7346,0,0,15,food,net_banking,0
6649,49.0,67658.69,320.46,297,2,1,0.4591,0.97,0.9537,0,0,1,food,upi,0
6650,52.0,42087.9,500.24,1661,6,0,0.0974,14.36,0.9141,0,0,13,electronics,wallet,0
6651,29.0,58404.12,178.58,561,3,1,0.0591,15.14,0.804,0,0,4,grocery,,0
6652,66.0,67787.04,12.13,57,3,0,0.1275,2.03,0.7946,0,0,5,,wallet,0
6653,71.0,40417.19,139.77,1566,8,0,0.2953,0.05,0.6137,1,0,1,food,card,1
6654,41.0,114496.83,44.68,3041,6,0,0.4212,3.67,0.5307,0,0,1,travel,wallet,1
6655,23.0,75669.83,97.84,3931,9,0,0.1194,9.7,0.5118,0,0,3,grocery,net_banking,0
6656,66.0,33670.11,768.85,1771,3,1,0.0219,17.91,0.8738,0,1,5,grocery,card,0
6657,68.0,154920.75,15.78,3022,7,0,0.2173,8.93,0.6321,0,0,14,fashion,upi,0
6658,46.0,58026.35,79.57,914,3,0,0.0966,18.87,0.7575,0,0,16,fashion,card,0
6659,51.0,30131.66,412.62,2557,1,2,0.1143,1.94,0.8724,0,0,19,electronics,upi,0
6660,30.0,34837.47,89.21,2675,4,2,0.1058,24.39,0.6671,0,0,3,food,card,1
6661,21.0,124663.01,82.64,1349,8,0,0.3149,13.45,0.8579,0,0,5,gaming,card,0
6662,71.0,150065.95,1373.84,1807,2,0,0.373,11.96,0.89,0,0,22,fashion,wallet,0
6663,45.0,95827.53,262.79,2690,7,0,0.2624,1.46,0.8976,0,0,12,jewelry,upi,0
6664,33.0,113630.61,458.18,1275,5,0,0.1949,4.87,0.6118,0,0,15,jewelry,upi,0
6665,57.0,107390.5,295.19,2426,6,1,0.1635,3.86,0.8392,0,0,15,food,card,0
6666,,,211.59,946,2,0,0.2922,29.96,0.9752,0,0,18,fashion,card,0
6667,22.0,65911.05,637.14,2156,1,2,0.3473,18.86,0.9391,0,0,8,food,net_banking,0
6668,31.0,,1209.91,264,3,0,0.0687,2.12,0.7679,0,0,23,grocery,upi,0
6669,43.0,82445.85,33.43,1802,3,0,0.2007,16.17,0.8126,0,0,20,electronics,upi,0
6670,38.0,36578.27,173.75,2026,6,1,0.1638,6.21,0.8668,0,0,16,gaming,net_banking,0
6671,,82262.1,172.39,3314,2,0,0.3171,2.21,0.5987,0,0,6,fashion,upi,0
6672,38.0,122679.15,117.18,1520,2,1,0.1643,4.64,0.7525,0,0,8,jewelry,wallet,0
6673,37.0,49098.49,480.11,54,5,0,0.0384,6.98,0.8173,0,1,2,jewelry,card,0
6674,47.0,46295.6,232.72,190,5,0,0.1536,1.56,0.7129,0,0,11,food,upi,0
6675,,71481.14,1234.51,2171,11,0,0.2033,1.93,0.9173,0,0,22,gaming,upi,0
6676,68.0,38475.49,540.89,3255,4,0,0.1549,17.22,0.8871,0,0,12,grocery,card,0
6677,63.0,26657.83,704.62,3565,4,0,0.1003,7.67,0.8065,0,0,6,fashion,upi,0
6678,34.0,103397.28,54.26,3238,4,0,0.3352,11.78,0.8232,0,0,16,,card,0
6679,69.0,42918.8,80.39,1379,5,0,0.2087,17.62,0.5525,0,0,9,fashion,upi,0
6680,47.0,55560.91,87.29,1975,4,0,0.2234,6.6,0.6415,0,0,3,food,card,0
6681,28.0,39321.22,675.92,3556,2,0,0.127,15.38,0.7346,0,0,20,grocery,wallet,0
6682,37.0,111002.01,68.43,3360,4,1,0.3274,6.15,0.9487,1,0,9,jewelry,card,0
6683,60.0,87933.43,70.46,1831,3,2,0.5145,2.83,0.8883,0,0,11,electronics,net_banking,0
6684,64.0,48179.15,58.65,1939,3,0,0.1853,17.89,,0,0,23,food,upi,0
6685,39.0,28742.87,2824.21,305,2,2,0.2377,2.76,0.8638,0,1,10,food,wallet,1
6686,26.0,45445.86,156.14,700,2,0,0.0475,22.16,0.9295,0,0,18,grocery,wallet,0
6687,28.0,75257.62,305.77,2131,7,1,0.0318,4.94,0.9336,0,0,8,electronics,upi,0
6688,,61012.75,57.53,2084,8,0,0.4198,10.69,0.8398,1,0,22,grocery,wallet,0
6689,57.0,58401.24,469.76,2312,2,0,0.1886,3.69,0.7342,1,1,2,electronics,wallet,0
6690,46.0,61791.6,30.55,1270,2,1,0.102,13.89,0.8473,0,0,17,gaming,upi,0
6691,43.0,83485.35,67.62,930,2,0,0.1014,10.8,0.7543,0,1,20,grocery,card,0
6692,56.0,53748.22,86.62,1825,2,0,0.2293,1.75,0.8764,0,0,7,grocery,upi,0
6693,65.0,70445.59,224.04,3518,3,0,0.1016,9.12,0.7194,0,0,0,gaming,card,0
6694,63.0,31961.36,81.44,3883,7,0,0.327,10.98,0.5055,0,0,0,fashion,upi,0
6695,25.0,224068.34,826.3,238,8,0,0.1598,8.43,0.863,0,0,19,grocery,wallet,1
6696,51.0,47049.99,297.73,1441,4,0,0.3081,18.83,0.8793,0,0,19,food,wallet,0
6697,68.0,61516.74,90.32,2099,3,0,0.2855,15.58,0.9095,0,0,17,food,card,0
6698,62.0,75105.16,488.13,887,3,0,0.2031,0.41,0.9552,0,1,12,food,upi,0
6699,36.0,43877.36,121.47,1432,3,0,0.1956,2.64,0.9101,0,0,6,grocery,wallet,0
6700,40.0,55237.21,99.74,540,0,1,0.6529,0.45,0.7379,0,0,14,travel,card,0
6701,68.0,54869.33,440.88,1871,6,1,0.0399,25.35,0.619,0,0,22,food,card,1
6702,19.0,33268.54,15.49,3539,3,1,0.2929,5.31,0.5302,0,0,3,grocery,upi,0
6703,47.0,70004.35,375.32,3716,6,0,0.3827,0.0,0.8785,0,0,15,electronics,card,0
6704,24.0,22203.75,88.22,89,4,0,0.1254,7.7,0.8385,0,0,11,grocery,card,0
6705,68.0,144217.54,88.09,2557,4,0,0.5058,0.36,0.6635,0,0,18,food,upi,0
6706,20.0,85069.38,1275.5,3632,3,0,0.0752,5.39,,0,0,1,grocery,wallet,0
6707,19.0,78167.23,105.82,3079,4,0,0.2456,0.14,0.8506,0,0,12,grocery,card,0
6708,36.0,21161.43,468.19,275,6,0,0.0896,2.9,0.7627,1,0,3,food,upi,0
6709,29.0,35567.86,237.98,1577,3,0,0.0549,2.56,0.8492,0,0,15,jewelry,net_banking,0
6710,46.0,118093.07,264.0,3018,2,0,0.1712,6.27,0.9604,0,0,2,food,card,0
6711,35.0,250000.0,140.11,3919,5,1,0.073,12.72,0.673,0,0,19,gaming,card,0
6712,38.0,106103.39,132.99,1195,8,1,0.3247,2.06,0.8652,0,0,11,electronics,upi,0
6713,50.0,97285.7,829.6,1153,2,0,0.3504,1.87,0.8865,0,0,3,jewelry,card,0
6714,49.0,73410.65,456.42,1022,3,0,0.1593,5.46,0.9226,0,0,20,grocery,net_banking,0
6715,71.0,34508.64,109.21,3582,5,0,0.1042,2.29,0.8584,0,0,3,grocery,upi,0
6716,45.0,95076.22,63.25,744,7,0,0.3484,0.47,0.8776,0,0,21,fashion,card,0
6717,50.0,30014.16,100.33,1483,5,1,0.1284,1.63,0.6407,0,0,5,electronics,upi,0
6718,56.0,28261.81,480.32,564,4,1,0.2565,17.91,0.9853,1,0,11,travel,net_banking,0
6719,27.0,27300.15,585.02,3760,4,0,0.0713,0.68,0.7402,0,0,12,electronics,upi,0
6720,56.0,94064.49,313.53,292,4,0,0.2191,7.72,0.7592,0,0,2,,wallet,0
6721,67.0,53290.36,35.74,2043,3,0,0.0926,4.75,0.622,1,0,3,food,net_banking,0
6722,36.0,58137.17,382.5,645,3,2,0.2029,9.95,0.693,0,0,7,food,,0
6723,28.0,54536.0,662.84,1646,8,0,0.1656,5.7,0.8195,0,0,2,food,card,1
6724,,29612.28,214.12,2366,3,0,0.083,1.3,0.7656,0,0,21,fashion,card,0
6725,33.0,38032.12,1303.44,2802,3,0,0.1842,6.86,0.8487,0,1,11,grocery,upi,0
6726,51.0,39099.07,48.04,2291,7,0,0.3486,1.7,0.6454,0,0,17,electronics,upi,0
6727,67.0,25391.99,357.01,1726,3,1,0.388,18.47,0.8302,0,0,19,fashion,card,0
6728,51.0,41679.84,64.89,1145,2,0,0.0509,13.0,0.881,1,0,20,electronics,wallet,1
6729,25.0,30344.48,518.79,3217,5,1,0.3087,4.03,0.6915,0,0,7,grocery,upi,0
2717,42.0,26889.37,489.07,538,4,0,0.2043,5.12,0.8574,0,0,4,food,upi,0
6731,57.0,,1090.41,2697,5,0,0.5304,19.96,0.7499,0,1,19,travel,card,0
6732,36.0,26999.86,296.68,3085,2,0,0.3028,3.41,0.9382,0,0,5,food,card,0
6733,51.0,46720.62,120.18,904,6,1,0.0697,7.38,0.8974,0,0,20,fashion,wallet,0
6734,57.0,152652.81,110.15,3921,2,1,0.1661,7.43,0.8525,0,0,22,grocery,card,0
6735,36.0,32069.76,140.16,3680,1,0,0.0842,14.19,0.6467,0,0,14,food,card,0
6736,54.0,69545.69,108.01,1775,3,0,0.0503,9.03,0.7177,0,0,7,electronics,wallet,1
6737,40.0,58286.49,692.33,839,3,0,0.3649,1.71,0.7214,0,0,17,grocery,card,0
6738,25.0,100325.64,644.58,1517,5,0,0.1764,1.74,0.9491,0,0,18,food,upi,0
6739,39.0,64705.1,40.3,1573,8,0,0.1546,11.99,0.8806,0,0,19,food,wallet,0
6740,43.0,43385.3,187.04,3893,4,0,0.1372,6.89,0.7156,0,0,0,grocery,upi,0
6741,18.0,57057.15,191.61,1176,4,0,0.1456,9.49,0.4508,0,0,11,electronics,card,0
6742,68.0,57517.35,82.41,3770,2,1,0.2935,26.64,0.8056,0,1,14,gaming,upi,0
6743,48.0,52295.0,279.0,947,3,0,0.1405,1.55,0.724,0,0,3,grocery,card,0
6744,20.0,26624.23,775.73,3709,3,0,0.0407,11.48,0.8813,0,0,0,grocery,upi,0
6745,67.0,108965.57,439.12,3722,5,0,0.3472,6.15,0.768,0,0,15,jewelry,net_banking,0
6746,,98876.51,692.3,2446,4,0,0.0217,4.79,0.708,0,1,6,grocery,card,0
6747,18.0,30970.32,87.75,457,4,0,0.1587,18.66,0.729,0,0,19,travel,card,0
6748,27.0,46615.55,186.69,2482,4,1,0.151,9.07,0.8784,1,1,0,grocery,wallet,0
6749,38.0,48595.75,83.71,3648,6,0,0.031,1.17,0.8618,1,0,3,electronics,upi,0
6750,46.0,29114.84,228.69,3714,4,0,0.3019,6.61,0.7393,1,1,5,travel,card,1
6751,59.0,19699.54,250.24,1846,4,1,0.1767,20.71,0.8216,0,0,4,jewelry,card,1
6752,42.0,38035.02,470.03,1934,4,0,0.3444,8.57,0.877,0,1,23,grocery,card,0
6753,52.0,45209.71,669.44,1554,7,0,0.1879,15.8,0.745,1,1,22,food,card,1
6754,18.0,24894.7,358.5,877,3,0,0.1087,6.55,,0,0,14,jewelry,card,0
6755,55.0,60622.79,76.16,2624,4,0,0.1344,11.12,0.844,0,0,6,fashion,upi,0
6756,70.0,104261.71,46.56,3941,6,0,0.2788,2.2,0.4718,0,0,16,food,upi,0
6757,47.0,87400.16,302.77,1090,3,1,0.0914,15.49,,0,0,20,food,card,0
6758,43.0,51298.22,807.12,3373,3,0,0.2259,8.64,0.8182,0,0,15,grocery,card,0
6759,34.0,19987.49,175.59,410,4,0,0.4797,3.65,0.8541,0,0,8,grocery,card,0
6760,72.0,81529.87,39.08,252,8,0,0.1996,2.92,0.8699,1,0,2,food,net_banking,1
6761,19.0,,1447.67,3605,3,0,0.122,3.42,,0,1,19,electronics,wallet,0
6762,34.0,69458.28,293.64,476,4,0,0.4724,19.17,0.9358,0,0,18,jewelry,upi,0
6763,,159523.26,213.6,1673,3,1,0.0489,1.99,0.4938,0,0,13,travel,net_banking,0
6764,67.0,34941.9,55.98,3532,7,0,0.1291,10.78,0.9104,0,0,1,fashion,card,0
6765,45.0,15000.0,182.94,1414,2,2,0.2845,24.55,0.8142,0,0,6,fashion,net_banking,0
6766,70.0,30812.89,357.75,1225,2,0,0.1021,21.43,0.8999,0,0,21,electronics,wallet,0
6767,55.0,71855.56,297.67,191,2,1,0.0225,0.56,0.825,0,0,8,electronics,card,0
6768,49.0,55820.57,91.2,2794,4,1,0.1159,5.17,0.9038,0,0,8,grocery,upi,0
6769,47.0,28183.4,170.02,1300,3,0,0.1046,9.46,0.9199,0,1,2,travel,upi,0
6770,29.0,25191.05,97.22,497,4,0,0.0641,0.21,0.9346,0,0,17,jewelry,upi,0
6771,50.0,45254.32,950.62,1914,7,0,0.1913,8.29,0.8524,0,0,22,gaming,wallet,0
6772,57.0,27715.2,440.46,707,5,0,0.3014,6.38,0.5915,0,0,23,food,card,0
6773,73.0,73235.59,106.55,3399,6,0,0.2179,1.55,0.7596,0,0,9,food,upi,0
6774,49.0,43862.0,55.95,2997,8,0,0.0384,7.15,0.7133,0,1,3,grocery,card,1
6775,71.0,38955.44,237.64,3919,7,1,0.0661,1.43,0.6756,0,0,17,gaming,net_banking,0
6776,71.0,36244.27,109.96,3917,2,0,0.1021,2.11,0.8296,0,0,5,food,upi,0
6777,47.0,63564.22,118.47,3353,7,0,0.3111,4.87,0.9536,1,0,16,electronics,upi,1
6778,43.0,56304.15,57.84,2023,1,0,0.3363,0.03,0.8966,0,0,7,electronics,card,0
6779,26.0,,65.47,706,6,0,0.1925,0.25,0.7338,0,0,1,electronics,upi,0
6780,33.0,60727.97,211.8,200,3,0,0.1514,12.18,0.8755,0,0,13,gaming,upi,0
6781,68.0,52858.88,137.84,393,4,1,0.0878,10.83,0.7406,0,1,0,,card,1
6782,25.0,31159.26,2185.22,960,0,0,0.4801,26.28,0.9295,0,0,10,grocery,upi,0
6783,40.0,36804.65,326.1,3535,6,1,0.1138,6.19,0.7941,0,0,8,electronics,net_banking,1
6784,57.0,44268.0,56.9,874,4,0,0.1041,10.25,0.7204,0,0,5,fashion,upi,0
6785,31.0,171261.32,38.76,398,3,0,0.0989,32.95,0.6336,0,0,11,fashion,wallet,0
6786,73.0,26192.5,268.04,3743,1,1,0.054,0.47,0.6593,0,1,6,food,wallet,0
6787,55.0,,121.04,1759,0,1,0.2619,2.32,0.4963,0,0,5,jewelry,net_banking,0
6788,19.0,58054.37,681.59,1694,3,2,0.2926,2.23,0.9908,0,0,21,grocery,wallet,0
6789,32.0,46548.75,238.61,1227,3,0,0.1603,6.41,0.7973,0,0,8,fashion,upi,0
6790,60.0,99287.18,24.79,3792,3,0,0.2428,23.11,0.98,0,0,15,electronics,wallet,0
6791,67.0,46416.7,64.94,1412,5,0,0.0859,22.12,0.9288,0,0,21,gaming,card,0
6792,70.0,48343.68,91.62,3442,4,0,0.0798,5.57,0.8055,0,0,10,gaming,net_banking,0
6793,66.0,86088.76,280.06,3968,3,0,0.1411,0.38,0.9622,0,0,10,fashion,card,0
6794,22.0,148892.5,62.82,1819,7,0,0.0597,5.44,0.7356,1,0,16,grocery,wallet,0
6795,59.0,119278.05,209.72,2811,5,1,0.1201,4.48,0.9184,0,0,19,fashion,card,0
6796,24.0,51017.75,47.31,128,4,0,0.2237,2.22,0.6207,0,0,20,food,net_banking,0
6797,22.0,53522.41,181.12,3133,6,0,0.143,1.13,0.8872,0,1,19,fashion,upi,0
6798,57.0,56431.57,260.6,3892,2,0,0.0667,1.03,0.8297,0,0,22,grocery,card,0
6799,45.0,59631.43,776.24,804,4,0,0.0812,1.49,0.7558,0,0,2,electronics,card,0
6800,54.0,34511.47,230.1,69,7,0,0.1738,10.95,0.8423,0,0,23,grocery,upi,0
6801,66.0,92061.77,79.54,204,5,2,0.0508,14.61,0.7699,0,0,12,travel,card,0
6802,21.0,61618.87,801.08,3428,4,1,0.2741,0.97,0.8599,0,0,3,grocery,net_banking,0
6803,48.0,53659.7,149.87,998,6,0,0.1615,6.31,0.7949,0,0,4,jewelry,upi,0
6804,65.0,27335.96,390.15,1670,5,0,0.3029,38.25,0.8844,1,0,0,electronics,card,0
6805,43.0,56916.8,97.52,1364,5,2,0.1826,1.36,0.9417,0,0,2,food,card,0
6806,47.0,19415.4,197.1,1226,5,1,0.2977,3.51,,0,0,17,gaming,wallet,0
6807,46.0,39941.91,80.78,686,7,0,0.3241,1.72,0.8432,0,0,7,grocery,upi,0
6808,69.0,40351.54,248.44,1650,5,0,0.1137,0.86,0.9667,0,0,10,electronics,upi,0
6809,20.0,64404.31,402.13,3699,4,0,0.1393,3.67,0.9391,0,0,5,food,upi,0
6810,68.0,154663.33,109.74,1446,5,0,0.3038,7.91,0.7729,1,0,5,fashion,card,1
6811,64.0,75330.29,103.75,3211,5,1,0.147,15.82,0.7325,1,0,8,food,net_banking,1
6812,64.0,121991.86,257.18,2765,2,0,0.3272,6.78,0.8648,0,0,15,food,wallet,0
6813,41.0,78429.48,78.88,3195,3,0,0.1651,10.02,0.5898,0,0,12,grocery,card,0
6814,47.0,102116.32,39.45,2303,3,0,0.1153,2.41,0.8707,0,0,10,food,card,0
6815,39.0,,256.25,1504,6,0,0.0609,2.15,0.9458,0,0,18,food,upi,0
6816,32.0,36775.17,161.62,1049,2,1,0.4303,9.29,0.7993,0,0,1,fashion,upi,1
6817,67.0,35478.46,158.24,1142,4,1,0.039,3.19,0.9846,0,0,20,travel,card,0
6818,46.0,79454.07,303.09,2124,5,0,0.0623,0.33,0.6382,0,0,12,food,card,0
57,49.0,38083.64,148.09,1093,2,0,0.1427,8.84,0.9776,0,0,8,fashion,card,0
6820,23.0,62086.45,153.23,1637,6,0,0.5145,19.68,0.6534,0,1,15,fashion,card,0
6821,62.0,47969.55,58.57,1494,5,0,0.1382,2.32,0.796,0,0,18,electronics,card,0
6822,55.0,39622.25,95.05,3684,4,0,0.3624,9.81,0.9068,0,1,23,,net_banking,0
1484,24.0,47705.76,361.11,3042,4,3,0.2103,28.51,0.8717,0,1,1,grocery,net_banking,0
6824,25.0,30036.39,206.31,3572,5,0,0.1928,34.88,0.9452,0,0,19,grocery,upi,0
6825,48.0,80226.1,103.88,3714,4,1,0.3675,27.22,0.6415,0,0,16,food,upi,0
6826,47.0,73380.54,82.15,2480,4,0,0.0295,15.71,0.4781,0,1,20,grocery,card,0
6827,48.0,23077.91,333.88,394,5,0,0.0428,1.67,0.884,0,0,19,food,upi,0
6828,21.0,34827.39,144.21,3862,6,1,0.311,8.35,0.8589,1,1,1,grocery,upi,0
6829,44.0,38200.68,382.1,1928,6,0,0.0882,1.13,0.5792,0,0,3,food,net_banking,0
6830,35.0,75027.48,433.67,1519,5,0,0.3226,7.15,,0,0,0,food,net_banking,0
6831,,44946.09,131.65,1671,4,0,0.1747,4.23,0.4506,0,0,7,fashion,net_banking,0
6832,31.0,52470.9,465.26,379,5,0,0.1831,3.54,0.7688,1,0,3,electronics,upi,1
6833,42.0,24670.97,206.72,2667,4,2,0.3107,1.15,0.6956,0,0,18,fashion,upi,0
6834,53.0,197667.16,235.27,219,0,2,0.078,41.45,0.9426,1,0,1,grocery,upi,0
6835,21.0,57196.39,20.17,2891,3,0,0.438,2.72,0.9263,0,0,22,jewelry,card,0
6836,62.0,72369.41,68.17,3338,5,0,0.1907,0.76,0.9771,0,0,22,gaming,upi,0
6837,58.0,40853.36,71.97,1705,7,0,0.1577,4.26,0.8904,0,1,14,food,wallet,0
6838,21.0,38412.7,130.88,1552,3,0,0.2571,21.06,0.7153,0,0,22,grocery,card,0
6839,21.0,157481.78,201.81,2702,4,0,0.0803,1.18,0.7237,0,0,21,food,upi,0
6840,66.0,19165.97,210.23,3445,3,0,0.0116,12.98,0.6031,0,0,19,food,card,0
6841,34.0,64109.28,239.54,409,8,0,0.0918,12.99,0.7577,0,1,12,gaming,upi,1
6842,67.0,28247.53,90.74,1851,3,0,0.1972,0.31,0.8651,0,0,13,gaming,upi,0
6843,46.0,44017.29,359.36,1312,2,1,0.2423,2.09,0.6213,0,0,17,electronics,card,0
6844,37.0,38720.97,1099.1,74,1,0,0.0494,0.54,0.9763,0,0,19,gaming,card,0
6845,33.0,,126.42,63,6,0,0.2348,11.86,0.8628,0,0,8,electronics,net_banking,0
6846,55.0,,92.69,2128,4,0,0.3086,27.07,0.7928,0,0,18,electronics,upi,0
6847,,15000.0,90.71,3062,3,0,0.2578,6.41,0.6906,0,0,8,food,card,0
6848,40.0,46238.58,196.06,2390,3,1,0.2009,8.89,0.8331,1,0,12,food,upi,0
6849,37.0,52335.44,106.4,1017,5,1,0.0991,7.97,0.81,0,0,13,food,card,1
6850,26.0,26042.53,31.9,1822,6,1,0.2893,7.02,0.688,0,1,10,grocery,card,0
6851,38.0,126419.21,41.94,3864,2,1,0.1349,23.18,0.8143,0,0,15,grocery,upi,0
6852,48.0,39661.51,499.27,3356,3,0,0.133,0.96,0.9265,1,0,10,food,upi,0
6853,56.0,48265.49,648.56,505,7,0,0.1409,7.55,0.8375,0,1,23,grocery,card,0
6854,22.0,39710.38,891.45,2586,9,0,0.0394,0.57,0.6321,0,0,17,electronics,card,0
6855,67.0,52587.15,225.71,2510,8,0,0.3476,22.52,0.8282,0,0,7,grocery,net_banking,0
6856,68.0,112935.0,66.82,1478,6,0,0.3981,14.93,0.8884,0,0,14,gaming,upi,0
6857,57.0,214324.64,116.16,1477,3,0,0.2836,6.16,0.8115,0,0,11,,wallet,0
6858,70.0,82883.4,40.51,2884,8,0,0.309,5.13,0.715,0,0,1,electronics,upi,0
6859,42.0,100055.97,38.98,3741,10,0,0.2267,5.81,0.521,0,0,10,grocery,wallet,1
6860,64.0,141368.27,232.34,1298,2,0,0.3208,10.35,0.6632,0,0,9,travel,card,0
6861,,63067.92,308.58,3710,2,1,0.219,1.09,0.8609,0,1,20,gaming,card,0
6862,50.0,130447.54,1275.8,3359,6,0,0.1133,2.68,0.8764,0,1,15,jewelry,card,0
6863,28.0,85042.73,165.65,238,5,1,0.2171,5.25,0.8544,0,0,11,fashion,card,0
6864,49.0,59532.73,46.3,1142,4,1,0.2422,1.78,0.9112,0,0,19,grocery,card,0
6865,69.0,66687.72,159.34,1780,6,1,0.1082,16.6,0.8918,0,0,20,food,card,0
6866,74.0,20197.4,135.71,2676,1,0,0.2315,8.07,0.8115,0,1,16,grocery,,0
6867,43.0,64586.07,110.14,929,3,0,0.2039,6.93,0.8382,0,0,17,food,upi,0
6868,32.0,23529.9,253.84,1677,6,1,0.2073,10.2,0.8655,0,1,6,electronics,upi,0
6869,60.0,22498.2,53.44,397,3,0,0.4215,0.93,0.8889,0,0,9,food,net_banking,0
6870,22.0,61155.3,205.14,431,8,2,0.0477,5.52,0.8847,1,0,0,grocery,card,1
6871,26.0,29802.43,345.34,1756,3,0,0.1995,6.43,0.7815,1,0,11,food,net_banking,0
6872,50.0,54785.23,744.49,2529,3,1,0.1894,12.32,0.598,0,0,5,electronics,upi,0
6873,74.0,,245.51,1825,3,1,0.2573,1.2,0.7987,0,0,15,food,net_banking,0
6874,36.0,60825.58,510.85,1550,4,0,0.1768,7.64,0.9118,0,0,5,,card,0
6875,43.0,33450.49,115.48,2006,3,0,0.2623,10.58,0.6705,0,0,9,food,upi,0
6876,36.0,90162.04,132.78,2548,4,0,0.0244,1.7,0.7973,1,0,21,gaming,card,0
6877,43.0,52365.81,692.84,2864,7,0,0.1313,5.5,,0,0,22,fashion,card,0
6878,18.0,70100.14,45.67,2173,7,0,0.1901,0.17,0.7906,0,0,22,electronics,card,0
6879,51.0,28482.54,120.28,394,4,0,0.2911,2.39,0.8236,0,1,10,grocery,card,0
6880,51.0,49861.69,556.35,195,2,1,0.4379,6.33,0.7317,0,0,14,food,upi,0
6881,35.0,100569.11,145.74,1391,3,0,0.1057,2.02,0.8049,0,0,18,electronics,wallet,0
6882,33.0,93778.06,135.28,843,1,0,0.2784,5.43,0.6763,0,0,11,fashion,card,0
6883,61.0,35474.79,138.05,2161,5,0,0.1883,4.47,0.6503,1,1,2,food,card,1
6884,28.0,40742.68,202.37,2810,4,0,0.2547,31.76,0.7388,0,0,18,gaming,,0
6885,20.0,31930.3,533.28,1030,4,0,0.3,1.84,0.8756,0,0,0,electronics,upi,0
6886,20.0,38332.81,453.59,1886,3,0,0.3696,3.08,0.9147,0,0,21,food,upi,0
6887,68.0,25478.78,182.07,897,7,0,0.4207,0.31,0.92,0,0,11,travel,upi,0
6888,38.0,50975.06,536.65,1881,5,1,0.4038,1.18,0.7937,0,0,9,fashion,wallet,1
6889,23.0,77910.39,253.34,1531,5,0,0.106,11.96,0.8686,0,0,10,fashion,upi,0
6890,68.0,35714.41,424.99,39,0,0,0.1989,2.09,0.6687,1,0,6,fashion,card,0
6891,26.0,52326.33,64.37,2670,3,0,0.4821,2.11,0.5862,0,0,0,food,card,0
6892,37.0,48718.51,1024.04,1232,3,0,0.2351,3.4,0.4974,0,0,4,gaming,upi,0
6893,19.0,98263.09,224.34,2999,2,0,0.2566,4.22,0.948,0,0,8,grocery,card,0
6894,56.0,39289.51,11.53,2687,4,0,0.0407,1.45,0.8832,0,0,3,fashion,card,0
6895,57.0,40083.48,946.23,804,8,1,0.3099,2.64,0.8582,0,0,18,fashion,card,0
6896,61.0,34536.67,180.91,3551,4,0,0.2306,1.49,0.8663,0,0,20,food,upi,0
6897,32.0,29420.83,121.2,118,2,0,0.1942,59.72,0.7801,0,1,7,grocery,card,0
6898,36.0,73580.86,98.23,2308,5,0,0.1389,0.35,,0,0,22,food,card,0
6899,71.0,51061.06,279.35,3216,3,0,0.1656,0.55,0.9072,0,0,9,gaming,upi,0
6900,64.0,56683.24,74.04,2176,6,0,0.1385,1.66,0.8823,0,0,20,gaming,wallet,0
6901,20.0,,101.09,2243,5,0,0.2135,0.3,0.8428,0,0,21,food,card,0
6902,57.0,114431.64,103.55,1897,5,0,0.1784,2.2,0.8003,0,0,20,fashion,card,0
6903,64.0,22240.26,134.39,268,2,0,0.032,2.68,0.8838,0,1,1,gaming,card,1
6904,49.0,78542.69,107.53,2723,5,0,0.159,5.91,0.9381,0,0,8,gaming,card,0
6905,54.0,62267.46,422.32,3812,4,0,0.107,25.09,0.8552,0,0,12,grocery,card,0
6906,18.0,42668.38,236.04,3198,6,1,0.0127,7.81,0.6998,0,0,11,fashion,card,0
6907,19.0,65861.84,266.67,263,8,0,0.0844,10.97,0.4652,0,1,20,grocery,card,0
6908,20.0,21281.16,331.48,906,5,0,0.2946,0.39,0.9304,0,0,15,grocery,wallet,0
6909,27.0,122951.07,164.0,3335,5,0,0.0131,3.65,0.8227,0,0,2,travel,upi,0
6910,,73006.79,64.89,2864,10,1,0.3926,1.52,0.7082,1,0,16,travel,card,1
6911,54.0,34174.32,1094.58,1485,3,0,0.1245,1.32,0.6019,0,0,0,grocery,net_banking,0
6912,62.0,39859.37,455.09,998,6,1,0.1041,15.01,0.8051,1,0,18,grocery,wallet,0
6913,34.0,21554.89,903.06,1865,4,0,0.3053,15.05,0.544,0,0,21,jewelry,net_banking,0
6914,71.0,,506.49,156,1,0,0.4238,9.36,0.864,0,1,18,grocery,upi,0
6915,29.0,42175.13,113.59,385,3,2,0.0388,4.57,0.8771,0,1,6,electronics,card,0
6916,69.0,26536.54,17.2,326,1,0,0.2902,5.6,0.7854,0,0,4,,,0
6917,19.0,84311.6,52.66,3305,7,0,0.2959,3.81,0.9275,0,0,20,travel,wallet,0
6918,19.0,111004.6,340.18,214,3,0,0.0718,2.39,0.7788,0,0,1,grocery,wallet,0
6919,22.0,54178.54,162.59,2223,4,0,0.0074,2.02,0.7362,0,0,22,electronics,upi,0
6920,63.0,46489.54,118.29,1142,2,0,0.3718,7.54,0.6391,0,0,11,fashion,upi,0
6921,32.0,69865.69,14.84,3033,7,1,0.2029,4.68,0.809,0,0,18,jewelry,card,0
6922,43.0,54409.12,177.65,534,4,1,0.3271,2.74,0.8397,1,1,8,fashion,upi,1
6923,44.0,30329.92,61.02,3643,4,0,0.1606,2.67,0.8045,1,0,8,food,card,0
6924,63.0,38411.63,87.23,368,3,0,0.2565,0.1,0.926,0,0,16,grocery,upi,0
6925,37.0,46725.66,421.18,3390,6,1,0.3005,13.06,0.8806,0,0,6,fashion,upi,0
6926,18.0,63044.18,64.32,615,7,1,0.1671,4.35,0.9667,0,0,22,grocery,upi,0
6927,40.0,55283.16,70.76,147,3,0,0.2282,2.64,0.7618,0,0,17,food,card,0
6928,34.0,61746.44,216.71,181,7,0,0.1729,18.21,0.8784,0,0,14,electronics,upi,0
6929,59.0,23776.03,430.66,3130,4,0,0.181,0.64,0.9832,0,0,21,food,upi,0
6930,60.0,79297.21,120.33,1393,4,1,0.1125,1.93,0.7091,0,0,1,food,card,0
6931,23.0,55103.43,780.69,1684,2,0,0.4541,16.71,0.8461,0,0,0,fashion,upi,0
6932,63.0,223927.69,50.11,3296,4,0,0.052,7.87,0.8516,1,0,16,food,upi,0
6933,22.0,44439.75,42.05,1068,2,0,0.2245,22.15,0.9447,0,0,15,food,card,0
6934,53.0,65708.96,38.62,2228,7,0,0.0799,3.22,0.9288,0,0,17,travel,upi,0
6935,40.0,250000.0,34.49,1215,3,0,0.2636,3.22,0.7788,0,0,17,electronics,card,0
6936,35.0,61196.11,252.02,287,7,1,0.0908,12.23,0.9183,0,0,5,fashion,wallet,1
6937,45.0,52991.76,67.71,3974,3,0,0.1741,13.57,0.9401,0,0,2,grocery,net_banking,0
6938,35.0,31961.31,43.94,1518,5,0,0.0568,6.41,0.7986,0,0,22,gaming,card,0
6939,63.0,127469.83,263.16,3393,5,0,0.3845,7.21,0.8294,0,0,20,electronics,upi,0
6940,73.0,29073.51,410.31,1736,3,2,0.3186,2.07,0.9497,0,0,11,jewelry,upi,0
6941,64.0,69564.17,514.82,3472,7,0,0.1612,1.87,0.5545,0,1,18,electronics,card,0
6942,43.0,42388.53,431.92,714,6,0,0.1509,0.92,0.6885,0,0,22,jewelry,upi,0
6943,46.0,49560.7,71.87,2173,3,1,0.0738,9.28,0.8179,0,0,23,grocery,upi,0
6944,43.0,25132.72,237.23,1510,7,0,0.4096,17.72,0.7038,0,0,0,electronics,net_banking,1
6945,63.0,115128.99,295.84,3970,2,0,0.1819,0.65,0.7671,0,0,22,jewelry,card,0
6946,49.0,47207.12,111.95,1366,4,0,0.1763,12.74,0.8499,1,1,20,travel,card,1
6947,44.0,28191.88,212.24,3092,1,0,0.5075,8.42,0.8346,1,0,14,fashion,card,0
6948,41.0,109542.55,51.49,1990,3,0,0.0537,1.84,0.8197,0,0,13,gaming,card,0
6949,39.0,41681.52,96.1,1621,3,0,0.2439,7.91,0.6616,1,0,13,travel,net_banking,0
6950,49.0,66113.12,261.06,2798,5,0,0.1453,14.64,0.6737,0,1,2,food,card,0
6951,57.0,87366.52,812.81,2589,3,0,0.1231,6.96,,0,0,4,jewelry,card,0
6952,42.0,71382.45,569.29,1930,2,0,0.2328,18.86,0.8025,1,0,17,electronics,card,0
6953,63.0,16431.23,348.56,249,6,0,0.4259,2.65,0.8777,0,0,22,jewelry,upi,0
6954,65.0,80622.63,194.93,323,7,0,0.1353,2.94,0.7543,0,0,9,travel,card,0
6955,42.0,52039.11,166.96,2406,3,2,0.1956,2.92,0.781,0,1,10,food,card,0
6956,69.0,45895.52,42.32,249,5,0,0.2371,1.27,0.5285,0,0,1,grocery,wallet,0
6957,27.0,51797.5,78.06,2434,5,0,0.0679,5.51,0.7423,1,0,6,fashion,upi,0
6958,71.0,,80.65,3555,7,0,0.2292,4.75,0.7865,0,0,21,gaming,card,0
6959,34.0,61131.49,319.81,3163,3,0,0.2587,3.38,0.7432,0,0,23,fashion,,1
6960,50.0,25969.37,463.08,2788,5,0,0.0793,6.99,,0,0,22,travel,card,0
6961,34.0,46998.77,375.98,1116,4,0,0.1169,6.07,0.9296,0,1,12,travel,card,0
6962,43.0,59936.08,587.35,2639,3,0,0.1965,6.45,0.7287,0,0,19,food,wallet,0
6963,37.0,99290.87,193.49,757,3,0,0.0511,5.59,0.7268,0,0,20,food,card,0
6964,58.0,35041.95,67.36,3655,5,1,0.1627,12.23,0.9103,0,0,0,jewelry,card,0
6965,22.0,122205.77,171.23,387,3,0,0.1501,7.74,0.7666,1,0,23,,upi,0
6966,65.0,92582.72,87.19,2179,4,0,0.2043,5.32,0.864,0,0,10,electronics,net_banking,0
6967,69.0,43430.32,347.52,1960,6,0,0.3445,10.16,0.8032,0,0,16,food,card,0
6968,50.0,29889.91,125.7,322,1,0,0.0857,5.92,0.9656,0,0,17,electronics,wallet,0
6969,49.0,24859.36,163.11,770,4,0,0.0972,11.09,0.9122,0,0,19,food,net_banking,0
6970,57.0,63866.68,360.17,2866,3,0,0.265,2.97,0.8753,1,0,22,food,card,0
6971,29.0,36665.16,85.79,2395,7,1,0.3706,12.71,0.9398,0,0,21,fashion,card,0
6972,60.0,106375.94,471.98,674,2,0,0.0966,2.38,0.8744,0,0,14,food,wallet,0
6973,30.0,37848.64,46.78,588,5,0,0.0368,49.15,0.8815,0,0,16,jewelry,wallet,0
6974,56.0,33514.03,244.57,2674,3,0,0.1272,0.85,0.8069,0,0,14,grocery,net_banking,0
6975,35.0,,164.36,2652,0,1,0.2703,3.27,0.5961,1,0,8,electronics,card,0
6976,60.0,37713.1,411.7,1620,3,1,0.0501,9.67,0.87,0,0,19,food,upi,0
6977,63.0,55259.25,45.54,110,7,1,0.2593,0.26,0.8289,0,0,7,food,card,1
6978,29.0,94597.15,38.95,142,9,1,0.1871,3.95,0.8463,0,0,11,travel,net_banking,0
6979,53.0,58663.01,381.08,629,4,1,0.3284,6.67,0.8518,0,0,4,jewelry,card,0
6980,46.0,58783.64,121.76,250,3,1,0.3831,2.26,0.6321,1,0,9,fashion,card,0
2546,40.0,61621.62,1105.12,1458,4,0,0.1312,36.0,0.5133,0,0,20,gaming,card,0
6982,51.0,21674.33,93.06,1588,4,2,0.3727,5.94,0.8496,0,0,18,,,0
6983,74.0,68227.24,448.44,892,8,0,0.189,0.02,,0,0,21,jewelry,net_banking,0
6984,18.0,60057.09,242.78,2390,4,0,0.054,0.11,0.8179,0,0,11,food,card,0
6985,72.0,89875.62,228.98,2826,5,0,0.0628,19.54,0.7382,0,0,19,travel,card,0
6986,66.0,76748.14,55.89,708,4,0,0.2287,18.91,0.6489,0,0,16,fashion,upi,0
6987,48.0,49218.1,297.22,2511,8,0,0.0434,4.2,0.8652,0,0,1,fashion,card,0
6988,52.0,97042.52,66.74,453,5,0,0.3225,0.13,0.8889,0,0,14,fashion,upi,0
6989,,46823.55,93.17,2411,5,0,0.1728,5.42,0.8851,1,0,13,food,upi,0
6990,25.0,63008.5,45.95,1523,2,0,0.0947,0.19,0.7021,0,0,0,jewelry,net_banking,0
6991,50.0,46349.06,153.92,465,1,0,0.1745,2.93,0.7036,0,0,1,jewelry,upi,0
6992,64.0,70902.09,521.88,3222,6,0,0.0479,1.86,0.9152,0,1,16,fashion,net_banking,0
6993,31.0,44712.98,225.8,755,2,0,0.1251,7.82,0.8629,0,0,16,food,card,0
6994,58.0,136113.16,115.72,3142,4,0,0.096,8.77,0.9196,0,0,8,food,card,0
6995,60.0,166814.55,200.76,1480,1,0,0.2103,6.1,0.7898,0,0,16,electronics,wallet,0
6996,61.0,88943.31,199.65,2746,0,0,0.2362,10.49,0.9237,0,0,7,gaming,card,0
6997,37.0,128386.64,192.29,2837,5,1,0.2865,0.39,0.9669,0,0,19,electronics,card,0
6998,40.0,23588.64,214.93,1718,7,0,0.3521,1.28,0.8302,0,0,11,grocery,upi,0
6999,41.0,25168.05,63.62,2677,9,1,0.065,10.51,0.8527,0,0,0,grocery,upi,1
7000,66.0,46084.42,200.24,1784,6,1,0.1355,15.14,0.8409,0,0,20,jewelry,card,0
7001,69.0,56261.49,31.12,2436,5,1,0.1733,4.49,0.9331,0,0,16,food,upi,0
7002,41.0,49319.48,320.08,926,1,2,0.0645,1.51,0.8554,0,0,1,food,upi,0
7003,73.0,22290.46,59.75,1718,7,0,0.0786,6.08,0.7921,0,0,16,travel,wallet,0
7004,50.0,,584.38,574,4,0,0.0571,13.58,0.8802,0,0,12,electronics,card,0
7005,39.0,179853.42,15.61,1680,4,1,0.3264,1.9,0.8952,1,0,1,,card,0
7006,18.0,111260.73,960.43,92,4,0,0.2431,2.76,0.7034,0,0,20,electronics,net_banking,0
7007,52.0,99920.11,34.94,1656,8,0,0.206,14.55,0.7266,0,0,23,electronics,upi,0
7008,54.0,62283.65,54.22,3444,4,1,0.2266,15.91,0.7147,0,0,5,food,card,0
7009,73.0,34594.15,242.75,1464,1,0,0.0983,5.92,0.7389,0,0,21,travel,upi,0
7010,58.0,57238.32,334.18,1999,3,1,0.2197,1.14,0.8646,0,0,11,gaming,card,0
7011,19.0,175108.64,135.58,3428,3,0,0.0653,6.42,0.897,0,0,8,food,card,0
7012,50.0,45319.61,439.47,42,5,1,0.4932,18.36,0.8992,0,0,22,grocery,upi,0
7013,60.0,42824.34,81.16,2692,4,0,0.1125,15.82,,0,1,21,grocery,wallet,0
7014,46.0,101124.27,120.69,2130,2,1,0.4121,5.61,0.7883,0,0,20,gaming,card,0
7015,42.0,104884.58,133.07,1392,7,1,0.1752,9.37,0.8917,0,0,19,food,card,1
2098,67.0,74857.4,228.57,2268,4,0,0.1756,12.68,0.7044,0,0,22,grocery,upi,0
7017,52.0,47632.56,26.02,2383,7,0,0.1369,11.32,0.8888,0,0,9,travel,upi,0
7018,56.0,41732.71,175.61,1726,5,0,0.1247,0.31,0.8813,0,0,17,travel,net_banking,0
7019,44.0,57149.03,160.44,1599,3,0,0.025,14.81,0.6684,0,0,5,travel,wallet,0
7020,33.0,100923.3,529.08,2699,7,1,0.2427,15.34,0.8733,0,0,13,grocery,card,0
7021,47.0,35343.63,49.75,1616,2,0,0.1774,3.18,0.9106,0,0,9,grocery,upi,0
7022,72.0,100147.97,94.97,3244,7,0,0.2833,3.28,0.7894,1,0,2,grocery,card,1
7023,52.0,58162.53,599.71,1161,7,0,0.2179,1.87,0.8089,0,0,0,electronics,wallet,0
7024,58.0,197697.65,241.35,2810,4,0,0.3384,7.87,0.8674,0,0,19,fashion,upi,0
7025,,65541.94,311.79,2266,7,1,0.0601,10.15,0.7921,0,0,0,grocery,upi,1
7026,74.0,52144.98,283.27,3588,4,0,0.0879,12.04,0.7881,0,0,1,jewelry,wallet,0
7027,31.0,75446.69,284.53,1619,6,0,0.3675,3.94,0.8409,0,1,4,fashion,upi,1
7028,73.0,,1112.1,961,5,0,0.2458,0.86,0.5424,0,0,15,electronics,wallet,1
7029,43.0,20489.92,197.26,1612,3,0,0.4057,3.64,0.9361,0,0,6,electronics,card,0
7030,70.0,48184.94,65.47,2655,4,0,0.3484,1.28,0.7925,0,0,21,grocery,card,0
7031,68.0,47768.75,340.96,1736,5,2,0.1069,8.74,0.5563,0,0,5,grocery,wallet,0
7032,61.0,22909.66,102.15,3562,6,0,0.1121,0.37,0.8009,1,1,22,grocery,wallet,0
7033,70.0,52834.47,161.26,648,2,0,0.2605,11.08,0.883,0,0,10,food,card,0
7034,52.0,17644.47,260.64,1254,5,1,0.1469,10.31,0.8788,0,0,13,food,net_banking,0
9083,28.0,72849.62,177.53,2179,5,0,0.1119,6.86,0.992,0,0,20,food,wallet,0
7036,27.0,62885.21,108.06,3203,2,0,0.0899,4.32,0.7045,1,0,6,electronics,net_banking,0
7037,22.0,58013.81,289.69,335,5,0,0.1752,11.99,0.7079,0,0,1,electronics,wallet,0
7038,48.0,43870.63,103.99,3762,4,0,0.1538,8.99,0.7607,0,0,18,grocery,upi,0
7039,64.0,52472.62,476.44,1720,2,0,0.1397,4.3,0.9254,0,0,5,grocery,wallet,0
7040,61.0,35733.83,67.14,2586,5,0,0.1017,3.59,0.8554,0,0,4,grocery,card,0
7041,48.0,55328.17,66.92,96,7,0,0.0896,3.76,0.8432,0,0,6,food,upi,0
7042,47.0,56785.48,1210.77,682,7,0,0.3716,16.55,0.9298,0,0,11,fashion,card,0
7043,52.0,33521.79,38.97,2803,5,1,0.2878,11.67,0.7715,0,0,12,grocery,upi,0
7044,67.0,63724.41,175.25,1065,6,1,0.0926,6.96,0.7954,0,0,9,grocery,wallet,0
7045,65.0,63505.86,1146.47,497,4,0,0.0616,13.63,0.9041,0,0,5,fashion,card,0
7046,24.0,50195.12,174.93,2729,4,0,0.2842,3.79,0.8323,0,0,7,fashion,net_banking,0
7047,51.0,208285.36,692.1,892,4,1,0.2125,10.22,0.837,0,1,2,,net_banking,1
7048,39.0,50904.27,345.65,3468,3,0,0.1032,6.34,0.6312,0,0,18,gaming,upi,0
7049,63.0,47169.82,178.71,739,2,1,0.1534,1.42,0.8378,1,0,15,fashion,wallet,0
7050,46.0,43598.25,157.96,124,5,1,0.0634,0.21,0.8639,0,0,13,jewelry,card,0
7051,74.0,32243.5,21.62,1580,5,1,0.0539,14.71,0.8114,0,0,19,grocery,card,0
7052,42.0,80204.27,130.82,1325,7,0,0.0308,12.9,0.741,0,0,20,electronics,card,0
7053,56.0,37708.95,227.05,2564,1,0,0.1619,30.32,0.9378,0,0,1,grocery,card,0
7054,24.0,40244.03,226.93,957,2,0,0.2614,27.22,0.6875,0,0,20,grocery,upi,0
7055,71.0,40906.96,2119.25,3923,6,0,0.2183,14.54,0.9351,0,0,13,electronics,wallet,0
7056,26.0,31996.11,238.39,1705,7,0,0.1532,22.88,0.7691,0,0,4,food,net_banking,0
7057,39.0,20994.01,338.02,2845,4,3,0.0763,5.56,0.7311,0,0,5,fashion,card,0
7058,65.0,42636.74,577.04,3080,5,0,0.327,1.63,0.8786,0,0,15,fashion,card,0
7059,73.0,88913.82,309.04,3539,4,1,0.2329,40.98,0.7232,0,0,8,food,card,1
7060,45.0,61293.39,165.16,2026,5,0,0.1273,1.14,0.8288,0,0,6,travel,card,0
7061,45.0,129755.2,165.96,932,2,0,0.019,24.62,0.9274,0,0,10,gaming,card,0
7062,20.0,83126.13,126.76,2087,3,0,0.2566,13.46,0.6059,0,0,22,electronics,upi,0
7063,73.0,73369.9,280.67,1719,4,0,0.4227,6.22,0.8871,0,0,5,jewelry,upi,0
7064,18.0,154901.61,151.81,2447,1,0,0.141,11.52,0.8898,0,0,6,travel,card,0
7065,19.0,52138.47,336.26,967,3,0,0.0573,5.03,0.9277,0,0,23,grocery,upi,1
7066,44.0,56941.52,65.62,2077,1,1,0.1338,1.32,0.7384,0,0,9,food,net_banking,0
7067,18.0,54654.29,208.47,3832,3,0,0.0872,0.46,0.9733,0,1,23,food,card,0
7068,27.0,128562.59,849.82,2762,4,0,0.2024,1.96,0.8282,0,0,13,food,card,0
7069,53.0,55076.14,143.79,3831,3,0,0.0801,10.09,0.9659,0,0,1,electronics,upi,0
7070,58.0,38504.71,1136.78,454,3,0,0.3171,6.2,0.7684,0,0,4,gaming,,0
7071,34.0,75986.43,212.01,2625,0,0,0.105,19.86,0.9548,0,0,14,,card,0
7072,63.0,,170.11,120,3,0,0.1123,1.24,0.7004,0,0,2,electronics,net_banking,0
7073,52.0,73754.54,202.26,835,5,0,0.3264,5.49,0.9257,0,0,10,food,upi,0
7074,31.0,,131.83,3312,2,1,0.3622,0.0,0.8942,1,0,1,electronics,upi,0
7075,58.0,49558.89,24.84,431,2,0,0.0955,19.59,,0,0,19,electronics,upi,0
7076,51.0,75078.15,434.04,1931,3,0,0.128,15.5,0.7333,0,0,20,fashion,wallet,0
7077,64.0,24265.33,1612.71,307,8,0,0.1968,3.25,0.8522,1,0,4,grocery,upi,1
7078,26.0,,291.02,1214,4,0,0.5326,10.6,0.9084,0,0,13,gaming,upi,0
7079,31.0,42640.83,309.29,520,7,0,0.1462,4.14,0.5583,0,0,5,gaming,card,0
7080,35.0,250000.0,149.96,1833,4,1,0.4567,5.31,0.8997,0,0,12,food,card,0
7081,37.0,59921.6,572.92,2582,7,1,0.0844,0.22,0.9317,0,0,15,food,upi,0
7082,68.0,39619.35,173.07,2610,2,0,0.2599,5.09,0.9888,0,0,8,fashion,card,0
7083,59.0,25771.45,235.14,3731,3,0,0.2876,7.66,0.7109,0,0,21,electronics,upi,0
7084,49.0,112765.07,37.63,513,7,0,0.2793,3.76,0.9096,1,0,9,jewelry,,0
7085,48.0,45368.37,106.02,1619,4,0,0.2217,0.47,0.9085,0,0,13,electronics,wallet,0
7086,68.0,,259.9,2108,6,0,0.2932,5.91,0.8694,0,0,7,electronics,net_banking,0
7087,,66174.67,445.93,372,5,0,0.3464,7.39,0.8691,0,0,5,gaming,wallet,0
7088,30.0,78624.12,458.47,469,5,0,0.1834,1.59,0.8077,0,0,9,food,upi,0
7089,25.0,77945.3,37.11,1261,2,0,0.2722,5.39,0.739,0,0,3,jewelry,card,0
7090,36.0,55600.71,41.07,3442,3,0,0.2786,1.98,0.5958,0,0,11,fashion,upi,0
7091,55.0,60032.6,322.82,2357,2,0,0.1131,2.71,0.7172,0,0,6,travel,wallet,0
7092,44.0,62486.69,85.3,2262,1,0,0.5256,2.95,0.7532,0,0,8,electronics,net_banking,0
7093,42.0,66178.2,440.34,2217,2,0,0.1059,5.97,0.9281,0,0,3,travel,card,0
7094,45.0,69478.69,35.26,3249,1,1,0.3447,2.9,0.8355,0,0,4,grocery,upi,0
7095,73.0,100412.05,163.13,2193,2,0,0.0871,2.99,0.8425,0,0,1,food,upi,0
7096,74.0,56733.3,173.94,2892,5,0,0.1378,21.94,0.8013,0,0,19,electronics,wallet,0
7097,,35096.15,291.03,1258,3,0,0.0319,4.41,0.7453,0,0,16,fashion,card,0
7098,24.0,50803.88,64.19,3266,5,0,0.084,0.55,0.8302,0,0,7,food,net_banking,0
7099,31.0,83255.37,25.18,158,4,0,0.1365,11.58,0.7565,0,0,21,gaming,card,0
7100,66.0,20588.71,213.63,1386,4,0,0.1729,12.46,0.891,0,0,23,fashion,upi,0
7101,44.0,20654.22,304.72,1023,4,2,0.2791,13.88,0.825,0,0,0,food,upi,1
7102,67.0,91138.93,492.95,583,5,1,0.0938,2.07,0.5069,1,0,13,food,upi,1
7103,54.0,,125.76,2161,5,1,0.1031,3.15,0.7503,0,0,12,grocery,card,0
7104,49.0,27425.5,390.97,3569,7,1,0.2884,0.27,0.8941,0,0,11,grocery,card,0
7105,34.0,58124.41,292.58,674,0,1,0.181,3.47,0.7087,0,0,2,jewelry,wallet,0
7106,37.0,44149.58,675.44,3542,5,0,0.1342,5.02,0.9633,0,0,9,food,card,0
7107,26.0,47649.71,170.3,3432,2,1,0.101,15.15,0.7892,0,0,21,electronics,net_banking,0
7108,47.0,65064.25,31.91,3536,3,0,0.0714,0.79,0.6852,0,0,23,fashion,wallet,0
7109,33.0,,168.22,54,3,1,0.0094,3.47,0.9676,0,0,2,grocery,upi,0
7110,34.0,29915.11,196.65,3957,5,0,0.0366,38.81,0.8156,0,1,12,jewelry,,0
7111,20.0,46602.07,302.22,1727,2,0,0.3765,32.01,0.8737,0,0,15,travel,card,0
7112,63.0,50773.6,38.87,2396,2,0,0.3603,10.73,0.8481,0,0,0,grocery,net_banking,0
7113,,29608.39,131.75,1240,1,1,0.2256,6.59,0.8019,0,0,8,fashion,card,0
7114,46.0,84914.04,428.83,2064,7,0,0.0753,8.48,0.9264,1,0,17,food,card,0
7115,48.0,43714.27,162.21,2213,4,0,0.0285,0.14,0.8918,0,1,1,food,upi,0
7116,70.0,43612.05,132.58,3195,1,0,0.354,3.0,0.8048,0,0,0,electronics,wallet,0
7117,47.0,64250.89,1211.1,1385,10,0,0.1214,34.84,,1,1,1,fashion,card,1
7118,53.0,51235.55,61.74,467,5,1,0.2573,2.99,0.7435,0,0,21,grocery,wallet,0
7119,42.0,87177.43,617.77,2358,7,0,0.0577,15.13,0.8112,0,0,23,grocery,card,1
7120,47.0,32915.73,499.8,3138,3,0,0.2507,2.74,0.8983,0,0,17,fashion,wallet,0
7121,47.0,25502.35,143.71,92,5,0,0.0751,8.74,0.8452,0,0,20,food,upi,1
7122,58.0,46383.79,174.18,3254,1,0,0.1491,1.0,0.881,0,0,22,fashion,wallet,0
7123,52.0,56852.66,173.56,3219,5,0,0.415,2.44,0.8134,0,0,15,food,card,0
7124,46.0,27796.7,215.92,2321,2,0,0.1867,0.19,0.7996,0,0,1,food,upi,0
7125,22.0,25637.82,99.33,3794,5,0,0.2611,3.69,0.6698,0,0,23,gaming,upi,0
7126,69.0,60800.44,117.31,1570,2,0,0.1377,21.14,0.7504,0,1,11,travel,upi,0
7127,68.0,36254.15,126.18,559,3,0,0.4371,2.57,0.8331,0,0,16,electronics,upi,0
7128,28.0,24740.75,130.28,2635,4,0,0.4466,2.5,0.5618,0,0,5,gaming,card,0
7129,34.0,93528.94,131.92,2451,3,1,0.1363,7.88,0.8706,0,1,18,fashion,card,0
7130,73.0,38855.36,19.15,3662,4,0,0.0948,5.07,0.7988,0,0,11,travel,card,0
7131,36.0,103516.35,198.46,920,6,0,0.0965,4.62,0.8182,0,0,8,grocery,card,0
7132,64.0,55868.02,106.22,657,1,0,0.1543,6.85,0.7026,0,0,17,food,card,0
7133,62.0,64679.9,27.83,2726,6,0,0.1893,1.56,0.7938,0,0,23,grocery,card,0
7134,67.0,48960.23,126.84,1265,2,0,0.1308,51.82,0.8589,0,0,5,jewelry,wallet,0
7135,18.0,15000.0,122.98,764,3,0,0.277,25.99,0.7811,0,0,9,grocery,card,0
7136,45.0,29432.53,644.32,2695,4,0,0.3034,8.79,0.8911,0,0,15,fashion,wallet,0
7137,50.0,,104.98,765,5,0,0.2815,4.34,0.4263,0,0,12,gaming,card,0
7138,65.0,67217.54,350.99,3337,5,0,0.5614,2.02,0.8219,0,0,8,grocery,upi,0
7139,30.0,20553.11,717.5,1265,4,0,0.1531,5.58,0.7255,0,1,7,grocery,upi,1
7140,35.0,53402.22,96.05,2618,2,1,0.1118,1.02,0.6822,0,0,15,fashion,card,0
7141,28.0,29668.56,171.65,2321,6,0,0.241,2.52,0.8507,0,0,15,food,wallet,0
7582,30.0,45051.02,174.19,360,5,1,0.2417,3.28,0.9346,1,0,17,jewelry,card,0
7143,74.0,54416.25,226.32,1237,2,0,0.1835,17.16,0.9138,0,0,17,food,net_banking,0
7649,49.0,63301.92,339.47,894,4,1,0.1021,3.34,0.865,0,0,22,grocery,wallet,0
7145,31.0,98897.68,119.79,2568,3,0,0.437,14.39,0.7029,0,0,22,grocery,upi,0
7146,35.0,70794.24,357.81,1751,4,0,0.1456,0.49,0.7662,0,0,2,fashion,upi,0
7147,68.0,88283.19,173.0,3908,2,0,0.0692,14.47,0.9123,0,0,0,jewelry,upi,0
7148,43.0,45360.64,28.81,3563,2,0,0.2906,2.15,0.8294,0,0,7,fashion,card,0
7149,34.0,250000.0,126.18,325,7,0,0.108,1.83,0.7317,0,0,0,gaming,wallet,0
7150,36.0,28134.11,55.13,1465,2,0,0.1033,7.51,0.8574,0,0,23,food,card,0
8022,33.0,46185.84,568.84,579,2,1,0.4078,3.52,0.6842,0,0,1,food,net_banking,0
7152,40.0,90294.85,71.96,1542,3,0,0.1532,3.67,0.9272,0,0,4,electronics,net_banking,0
7153,26.0,83206.87,290.35,2901,6,0,0.2065,2.89,0.9168,0,0,3,grocery,upi,0
7154,64.0,71908.69,188.24,1449,1,0,0.613,0.6,0.8771,0,0,5,food,upi,0
7155,42.0,79738.97,51.67,636,7,0,0.1444,7.95,0.676,1,0,6,food,upi,0
7156,32.0,17485.58,109.99,1470,5,3,0.0886,14.26,0.6877,0,0,18,grocery,card,0
7157,59.0,131821.33,334.8,3154,8,0,0.0967,1.83,0.8141,0,1,21,grocery,card,0
7158,60.0,49165.55,567.33,1636,3,0,0.1961,9.63,0.8022,0,0,5,food,card,0
7159,26.0,109133.84,73.01,1163,3,2,0.2219,6.23,0.9869,0,0,22,fashion,upi,0
7160,22.0,17973.41,60.07,3100,3,0,0.2024,0.08,0.7371,0,0,21,gaming,upi,0
7161,20.0,,1266.41,291,3,0,0.1448,3.9,0.8928,0,0,10,grocery,upi,0
7162,,40342.56,178.25,1836,3,0,0.1453,21.39,0.793,0,0,3,,card,0
7163,53.0,75339.1,197.24,439,4,0,0.0914,2.89,0.8808,0,0,5,jewelry,card,0
7164,63.0,65478.51,85.93,2440,1,0,0.0743,10.8,0.941,0,0,16,fashion,upi,0
7165,53.0,,223.22,3602,3,0,0.2636,0.89,0.7574,0,0,9,food,card,0
7166,40.0,30720.04,1000.3,1786,2,0,0.0919,0.62,0.6783,0,0,14,electronics,card,0
7167,51.0,53303.4,232.14,3926,3,0,0.2407,23.6,0.876,0,1,2,jewelry,card,0
7168,59.0,49811.27,522.13,3499,7,0,0.1566,9.55,0.8774,0,0,8,food,card,1
7169,40.0,72222.65,185.29,2919,7,0,0.256,0.1,0.9307,0,0,20,gaming,upi,0
7170,,94769.4,64.53,739,5,0,0.0433,22.92,0.8101,1,0,4,gaming,card,0
7171,69.0,59745.56,90.9,160,6,0,0.1843,5.67,0.8949,0,1,4,grocery,card,1
7172,63.0,27260.49,58.86,517,6,0,0.3152,9.84,0.7335,0,0,20,food,upi,0
7173,74.0,58352.46,223.8,1412,5,1,0.1967,13.23,,0,0,3,food,card,0
7174,40.0,231232.83,612.07,1648,5,1,0.3542,0.95,0.629,0,0,11,gaming,card,1
7175,24.0,135997.45,211.45,864,5,0,0.2169,1.9,0.9196,0,0,10,gaming,card,0
7176,45.0,15000.0,132.31,3897,8,0,0.0472,5.59,0.7153,0,1,14,fashion,card,0
7177,60.0,56949.9,81.72,2979,5,0,0.2081,31.62,0.901,0,0,2,electronics,card,0
7178,62.0,91835.5,256.83,2808,8,0,0.4674,8.45,0.9121,0,0,19,fashion,upi,0
7179,40.0,49752.13,52.19,2614,5,0,0.1216,1.11,0.7064,0,0,8,food,card,0
7180,34.0,42703.6,57.91,2476,2,1,0.1921,8.26,0.9331,0,0,17,food,card,0
7181,43.0,47489.23,442.8,3530,6,1,0.3468,1.16,0.882,0,0,1,electronics,card,0
7182,63.0,74517.75,136.35,1579,8,0,0.4776,5.72,0.6995,1,0,18,electronics,card,1
7183,21.0,29244.01,133.69,587,6,0,0.0815,1.87,0.7222,0,0,5,grocery,card,0
7184,36.0,105753.61,152.0,1201,2,0,0.2325,7.17,0.8449,0,0,5,electronics,wallet,0
7185,31.0,53332.03,371.98,938,1,1,0.0762,2.88,0.9463,1,0,0,gaming,card,0
7186,63.0,32886.75,212.4,3827,8,0,0.3314,3.53,0.9108,0,1,13,fashion,wallet,0
7187,44.0,102076.83,85.62,2281,1,0,0.1,3.83,0.8067,0,1,3,fashion,card,0
7188,22.0,23512.01,88.75,1724,5,1,0.1315,1.81,,1,0,4,fashion,card,1
7189,32.0,40526.97,148.09,132,2,2,0.2807,0.29,0.8648,0,0,18,jewelry,card,0
7190,20.0,40161.62,243.51,2853,2,0,0.1908,5.65,0.7198,0,0,20,grocery,card,0
7191,45.0,178841.73,173.72,2597,1,0,0.2114,12.5,0.8426,0,0,5,fashion,upi,0
7192,74.0,37734.39,158.93,3247,5,0,0.316,10.55,0.9165,0,0,6,electronics,net_banking,0
7193,50.0,16812.16,188.53,550,3,1,0.1413,0.78,0.7653,0,0,1,electronics,upi,1
7194,67.0,39938.26,173.6,2640,6,1,0.0922,16.33,0.5798,0,0,22,grocery,card,1
7195,60.0,70660.44,82.48,1466,7,0,0.3285,5.64,0.6897,0,0,19,fashion,upi,0
7196,68.0,84654.62,544.58,953,0,0,0.6976,3.64,0.6233,0,0,18,fashion,wallet,0
7197,35.0,192371.81,111.12,919,4,1,0.2762,14.53,0.7433,0,0,23,food,card,0
7198,72.0,119238.64,204.83,1173,3,0,0.2811,1.17,0.7781,0,0,1,food,upi,0
7199,31.0,,22.93,2940,8,0,0.1777,0.6,0.9554,0,0,20,travel,card,1
7200,,33685.07,145.15,121,2,0,0.1678,1.45,0.8637,0,0,7,jewelry,net_banking,0
7201,56.0,134363.43,59.94,3791,5,0,0.1194,22.09,0.8999,0,0,20,electronics,upi,0
7202,34.0,44908.33,67.62,3878,2,0,0.2624,14.17,0.7617,0,0,21,travel,card,0
7203,33.0,38296.05,2028.68,3872,4,0,0.3508,20.11,0.8671,0,0,12,food,card,0
7204,25.0,43725.99,231.02,3343,6,1,0.165,9.37,0.6473,0,0,5,food,wallet,0
7205,18.0,27620.95,613.38,1315,1,0,0.2902,1.68,0.7543,1,0,3,fashion,net_banking,1
7206,46.0,42587.98,423.38,1633,2,0,0.2812,5.26,0.8054,0,1,0,jewelry,upi,0
7207,74.0,48381.79,481.16,533,0,0,0.319,18.28,0.82,0,1,2,,net_banking,0
7208,30.0,82203.21,147.51,3572,2,1,0.0499,4.0,0.6109,0,0,15,gaming,wallet,0
7209,43.0,44428.65,897.27,3088,2,0,0.0746,11.28,0.6777,0,0,10,gaming,card,0
7210,,27391.44,419.74,640,6,0,0.0887,6.59,0.916,0,0,6,gaming,card,0
7211,62.0,22765.78,187.6,3960,4,1,0.091,2.98,0.9111,0,0,13,grocery,net_banking,0
7212,18.0,61719.29,234.22,196,5,0,0.1723,5.53,0.4848,1,0,14,gaming,card,0
7213,46.0,57241.4,157.0,3076,7,0,0.4617,39.6,0.8588,0,0,2,gaming,wallet,0
7214,26.0,40546.98,189.65,567,6,0,0.0882,13.35,0.8613,0,1,15,travel,net_banking,1
7215,,42530.95,172.32,3006,4,0,0.1887,5.16,0.8185,1,0,6,food,upi,0
7216,32.0,68101.62,263.62,3537,1,0,0.2936,4.05,0.7674,0,0,11,gaming,card,0
7217,52.0,118171.11,1025.49,3802,1,0,0.1958,6.27,0.8129,0,0,20,travel,card,0
7218,29.0,35810.95,53.93,667,3,0,0.1031,3.13,0.7068,0,0,15,fashion,wallet,0
7219,32.0,57756.14,564.15,683,8,1,0.2729,20.55,0.6521,1,0,14,electronics,card,1
7220,30.0,93165.91,124.55,300,5,1,0.1293,3.23,0.777,0,0,16,gaming,card,0
7221,38.0,35890.42,640.74,3293,5,0,0.0478,7.48,0.746,0,1,15,electronics,net_banking,0
7222,55.0,54529.16,128.96,766,6,0,0.3143,12.23,0.9115,0,0,9,grocery,upi,0
7223,40.0,,271.98,1580,2,0,0.1995,13.09,0.826,0,0,4,electronics,upi,0
7224,36.0,26738.94,153.56,1677,3,1,0.2121,5.37,0.8964,0,0,19,jewelry,card,0
7225,47.0,60340.74,31.89,1422,4,0,0.3137,10.16,0.7349,0,0,11,fashion,card,0
7226,53.0,55962.55,1024.47,2000,0,0,0.3386,12.8,0.7492,0,0,3,electronics,net_banking,0
7227,18.0,74636.49,70.12,1414,7,1,0.3719,5.12,0.9561,0,0,1,fashion,net_banking,0
7228,68.0,28632.59,195.75,966,8,0,0.4261,2.41,0.9019,0,1,14,jewelry,,0
7229,70.0,55302.43,62.84,1569,9,0,0.4277,27.74,0.9507,0,0,20,grocery,upi,0
7230,52.0,117599.75,47.27,3228,4,0,0.1261,12.88,0.7593,0,0,19,electronics,upi,0
7231,50.0,,146.65,498,6,0,0.5843,5.97,0.8849,0,0,4,electronics,card,1
7232,57.0,111208.22,99.43,3840,3,0,0.0623,3.9,0.9304,0,0,3,grocery,net_banking,0
7233,43.0,28787.57,55.93,1657,5,0,0.1905,0.81,0.9817,0,0,10,grocery,upi,0
7234,38.0,70485.86,173.73,1184,4,0,0.3376,7.79,0.6718,0,0,12,electronics,net_banking,1
7235,38.0,42165.51,40.9,1796,3,0,0.0388,13.14,0.7669,0,1,23,fashion,upi,1
7236,27.0,64294.78,204.06,3726,7,1,0.3815,1.44,0.7516,0,0,0,grocery,card,0
7237,65.0,35967.44,158.48,3242,5,1,0.1663,2.55,0.6624,0,0,14,grocery,card,0
7238,36.0,21432.81,15.07,3277,7,3,0.0869,3.21,0.9284,0,0,1,gaming,card,1
7239,34.0,45506.21,106.68,904,10,1,0.0243,13.92,0.7423,0,0,20,grocery,card,0
7240,72.0,81839.88,287.54,3547,5,1,0.3818,2.89,0.8697,0,0,16,jewelry,wallet,1
7241,46.0,64439.9,62.14,2833,3,0,0.0952,5.21,0.9369,0,0,4,electronics,card,0
9375,33.0,29665.91,159.02,704,2,1,0.2323,5.51,0.9466,0,0,18,jewelry,card,1
7243,31.0,,277.45,1725,4,1,0.1661,9.31,0.6816,0,1,15,food,net_banking,0
7244,33.0,68705.09,65.06,3341,2,1,0.1672,0.61,,0,0,16,jewelry,upi,0
7245,59.0,,177.8,2143,6,1,0.0542,1.22,0.7509,0,0,16,food,wallet,0
7246,43.0,47288.09,410.73,2356,4,2,0.2123,5.35,0.7176,0,0,10,jewelry,card,0
7247,26.0,57565.47,74.93,1517,1,2,0.2252,4.99,0.6288,0,0,16,gaming,net_banking,0
1230,34.0,,1717.63,3252,3,0,0.1176,0.1,0.5999,0,1,14,grocery,card,0
7249,,59468.71,568.61,3545,6,0,0.1578,2.5,0.9771,0,0,18,electronics,card,0
7250,56.0,56302.73,76.35,3021,4,0,0.1672,4.19,0.7094,1,0,10,electronics,card,1
7251,37.0,58202.0,284.89,1108,5,0,0.1578,19.06,0.8605,0,0,15,gaming,card,0
7252,49.0,48787.96,61.18,989,5,0,0.2078,1.78,0.9358,0,0,11,food,wallet,0
7253,62.0,43288.52,153.24,2086,7,0,0.2089,7.82,0.5578,0,0,12,gaming,wallet,0
7254,68.0,61689.05,281.37,3194,3,0,0.1429,1.85,0.7809,0,0,1,food,card,0
7255,29.0,41645.35,16.26,374,8,0,0.1713,23.14,0.7337,0,1,13,jewelry,upi,0
7256,56.0,50769.71,105.49,2515,5,1,0.0373,0.03,0.9543,1,0,10,travel,upi,0
7257,70.0,35607.28,276.52,3392,1,0,0.2274,2.96,0.9351,0,0,5,electronics,card,0
7258,54.0,58366.36,225.61,1984,3,2,0.2653,20.23,0.8959,0,0,15,fashion,card,0
7259,26.0,75841.1,106.76,239,3,2,0.1534,1.42,0.9706,0,0,2,grocery,net_banking,0
7260,28.0,48949.05,59.64,122,5,1,0.3002,4.41,0.6984,0,0,22,travel,card,0
7261,29.0,18223.74,337.45,673,5,0,0.0783,6.33,0.7646,0,1,10,electronics,card,0
7262,24.0,76099.18,130.39,3562,4,0,0.102,18.27,0.7193,0,1,19,fashion,card,0
7263,60.0,58758.41,310.54,1847,1,0,0.3992,21.74,0.8045,0,0,23,jewelry,card,0
7264,73.0,31850.59,263.27,615,3,0,0.2569,13.52,0.8801,0,0,21,food,net_banking,0
7265,47.0,84152.6,115.07,3622,3,1,0.1292,7.46,0.5577,0,0,18,travel,upi,0
7266,52.0,25487.79,526.11,3323,6,1,0.1096,4.35,0.8093,0,0,6,travel,card,0
7267,62.0,,99.35,613,2,0,0.1312,1.38,0.8913,0,0,15,electronics,upi,0
7268,41.0,53291.75,591.94,2762,1,1,0.1966,10.08,0.7672,0,0,13,travel,upi,0
7269,44.0,15791.27,674.69,1342,5,0,0.093,14.97,0.798,0,0,21,grocery,upi,0
7270,51.0,,514.44,306,3,0,0.1813,5.34,0.7587,0,1,0,grocery,card,0
7271,35.0,43988.46,150.26,276,3,0,0.2541,8.18,0.9021,0,0,0,travel,card,0
7272,21.0,40490.45,2298.56,2182,5,1,0.2695,8.08,,0,1,2,fashion,upi,1
7273,50.0,36656.25,209.52,3378,4,1,0.2373,1.37,0.7244,0,1,10,grocery,card,0
7274,64.0,51283.27,229.07,3848,2,0,0.1307,11.22,0.7957,0,0,4,food,card,0
7275,22.0,,176.07,2830,3,1,0.4126,6.31,0.6573,0,0,20,travel,upi,0
5141,39.0,49326.53,135.72,1929,3,0,0.1653,0.21,0.4877,0,0,6,food,card,0
7277,32.0,110716.24,657.23,965,3,1,0.1083,19.13,0.9258,0,0,11,food,card,0
7278,63.0,48083.37,101.55,610,1,0,0.1063,7.37,0.9314,0,0,12,grocery,upi,0
7279,46.0,36773.19,451.5,469,5,0,0.026,15.95,0.963,1,0,10,fashion,card,0
7280,48.0,29568.22,573.93,717,4,0,0.3132,39.74,0.5802,0,0,14,grocery,card,0
7281,54.0,84035.21,329.07,3022,1,0,0.0714,7.65,0.654,0,1,20,gaming,upi,0
7282,33.0,26928.78,90.11,639,5,1,0.1253,1.34,0.8469,0,0,21,food,net_banking,1
7283,58.0,59206.2,127.98,1746,2,0,0.2552,11.44,0.6252,0,1,16,food,card,1
7284,19.0,39898.0,12.38,3032,2,1,0.1027,1.91,0.9303,0,0,5,jewelry,card,0
7285,24.0,41196.46,160.21,3709,5,1,0.0373,2.9,0.9153,0,0,19,gaming,net_banking,0
7286,64.0,29975.35,401.68,668,2,0,0.0437,7.56,0.8542,0,0,9,food,card,0
7287,,39101.37,141.95,770,5,0,0.1245,36.13,0.9224,0,0,1,food,upi,0
7288,28.0,55267.22,99.77,286,4,0,0.1297,1.57,0.9332,0,0,16,grocery,upi,0
7289,43.0,62599.35,133.65,475,7,0,0.3321,9.48,0.9067,1,0,3,food,card,0
7290,20.0,35703.81,606.87,1579,4,0,0.411,0.07,0.7703,0,1,10,food,wallet,0
7291,56.0,52316.89,170.48,1278,4,0,0.2804,6.32,0.9285,0,0,21,food,card,0
7292,61.0,89656.27,1153.87,3868,2,0,0.3999,2.14,0.9872,0,0,22,grocery,net_banking,0
7293,33.0,,101.72,1793,4,1,0.1103,1.94,0.747,0,0,11,food,card,0
7294,,54810.69,223.67,1253,4,0,0.1748,10.57,0.7525,1,0,21,food,net_banking,0
7295,31.0,32602.93,116.69,1892,3,1,0.1464,0.53,0.7359,0,0,8,electronics,upi,0
7296,40.0,30825.95,1432.88,2905,2,0,0.1801,6.09,0.8408,0,1,17,jewelry,card,0
7297,33.0,63490.45,215.44,1370,2,0,0.1495,6.45,0.8715,0,0,4,food,net_banking,0
7298,32.0,40749.55,1511.76,601,2,0,0.044,8.33,0.6737,0,0,12,food,net_banking,0
7299,42.0,28165.32,118.25,1700,2,1,0.1607,2.9,0.7786,0,0,22,food,wallet,0
7300,66.0,113941.93,829.26,2495,7,0,0.503,7.32,0.7453,1,0,15,grocery,net_banking,1
7301,61.0,91229.87,202.54,1285,9,0,0.2906,28.1,0.6755,0,1,16,travel,upi,1
7302,34.0,19002.39,415.55,2337,3,2,0.0403,2.17,0.5081,0,0,7,fashion,card,0
7303,71.0,24444.32,53.16,1317,3,0,0.1056,5.88,0.7863,0,0,10,travel,upi,0
7304,29.0,76228.44,255.03,3619,9,0,0.3041,4.46,0.6188,0,0,20,travel,wallet,0
7305,69.0,47023.74,61.8,3554,5,0,0.1987,1.89,0.9589,0,0,4,food,card,0
7306,35.0,125543.11,232.77,2874,5,1,0.1761,7.53,0.6888,0,0,12,gaming,wallet,0
7307,48.0,77193.73,39.43,3355,1,0,0.0844,0.91,0.8909,1,0,13,fashion,upi,0
7308,29.0,64847.56,163.84,509,2,0,0.3959,11.34,0.7588,1,0,9,travel,net_banking,0
7309,61.0,31352.96,538.38,2623,8,2,0.1812,3.13,0.8596,0,0,19,grocery,card,1
7310,36.0,72069.1,311.22,1637,1,0,0.2599,3.85,0.767,1,0,9,electronics,card,0
7311,67.0,27266.61,52.41,3116,3,1,0.3149,5.63,0.7002,0,0,5,jewelry,card,1
7312,22.0,112755.04,26.97,32,4,1,0.2295,3.38,0.6542,1,0,19,grocery,card,1
7313,46.0,69373.81,295.86,775,6,0,0.3049,1.97,0.6297,0,0,18,electronics,,0
7314,27.0,34941.54,874.94,986,3,0,0.5456,7.75,0.8206,1,0,2,food,card,0
7315,68.0,85618.88,68.65,2241,3,1,0.2525,0.44,0.7946,0,0,14,grocery,card,0
7316,41.0,188702.53,1466.1,3886,5,0,0.1188,6.32,0.7651,0,0,9,grocery,upi,0
7317,56.0,48795.78,178.83,3588,8,0,0.0987,7.54,0.8932,0,0,17,food,card,0
7318,68.0,74444.99,25.39,1839,3,0,0.3932,3.34,0.8714,0,0,20,electronics,upi,0
7319,48.0,43372.56,37.79,34,1,1,0.2347,2.67,0.8443,0,0,6,gaming,card,0
7320,21.0,57643.47,388.74,3474,1,1,0.0377,0.42,0.9174,0,0,8,travel,card,0
7321,30.0,24007.21,204.9,2302,2,1,0.1589,15.46,0.918,0,0,2,electronics,card,0
7322,30.0,54983.98,792.49,124,2,0,0.4182,10.25,0.6152,0,0,0,grocery,net_banking,0
7323,70.0,56334.14,54.32,2591,4,0,0.1306,1.99,0.7775,0,0,5,food,upi,0
7324,69.0,147936.33,202.64,3523,3,0,0.0661,16.25,0.7208,0,0,5,gaming,upi,0
7325,45.0,,181.22,3487,7,0,0.1881,5.63,0.7063,0,0,2,electronics,net_banking,0
5089,25.0,47767.83,216.76,1156,3,0,0.3566,7.26,0.6645,0,0,8,electronics,card,0
7327,32.0,111697.87,122.77,3903,8,2,0.2145,2.39,0.8164,1,0,11,gaming,upi,1
7328,56.0,48151.82,125.24,2624,2,0,0.134,3.11,0.8066,0,0,0,food,card,0
7329,40.0,50053.65,214.35,2461,6,1,0.23,4.17,0.6324,0,0,13,fashion,wallet,1
7330,31.0,34779.94,243.6,491,5,1,0.1848,23.66,0.804,0,0,11,fashion,net_banking,0
7331,32.0,32930.53,231.72,2540,6,0,0.223,4.79,0.6785,0,0,1,food,upi,0
7332,41.0,20148.17,601.21,3507,4,0,0.4023,1.37,0.9073,0,0,1,grocery,card,0
7333,,38910.53,54.15,3257,4,0,0.392,17.67,0.6624,0,1,13,food,card,0
7334,30.0,31918.57,29.41,3602,6,0,0.3224,0.21,0.884,0,0,7,electronics,card,0
7335,37.0,58689.13,497.66,705,1,0,0.0812,3.36,0.769,0,0,10,travel,card,0
7336,25.0,35663.07,70.07,828,5,0,0.094,1.61,0.7057,0,0,5,gaming,net_banking,0
7337,73.0,42248.05,123.16,3437,4,0,0.3009,11.14,0.7051,0,0,16,food,card,0
7338,39.0,42889.21,97.6,3762,4,1,0.0579,1.08,0.8107,0,1,19,electronics,card,0
7339,24.0,53562.13,95.53,2118,4,0,0.1268,10.32,0.59,0,0,1,grocery,card,0
7340,50.0,41126.22,41.88,3527,4,1,0.1878,8.8,0.5817,0,0,11,fashion,card,0
7341,68.0,30672.02,101.84,2737,5,1,0.3173,5.81,0.6781,0,0,18,food,card,0
7342,38.0,57656.6,344.57,843,8,0,0.2511,11.61,0.3956,1,1,4,grocery,wallet,1
7343,66.0,98933.6,179.29,2041,4,0,0.2568,1.48,0.9751,1,0,4,jewelry,card,0
7344,52.0,59026.68,298.11,1593,4,0,0.2664,18.73,0.7637,0,1,3,gaming,card,1
4628,28.0,47019.68,82.61,1097,4,1,0.1002,14.9,0.7829,0,0,10,food,wallet,0
7346,34.0,51398.17,443.99,1366,3,2,0.3203,11.62,0.8652,0,0,18,grocery,card,0
7347,20.0,17805.1,108.27,726,4,1,0.1692,0.51,0.7877,0,0,23,food,card,0
7348,37.0,50940.67,21.85,2007,2,0,0.1434,17.64,0.9001,0,0,11,grocery,card,0
7349,70.0,44129.93,247.05,1993,4,0,0.2067,3.01,0.8762,1,1,9,grocery,card,0
7350,63.0,32915.05,387.74,3559,6,0,0.2389,12.22,0.9555,0,0,4,travel,card,1
7351,62.0,36367.63,102.9,62,3,2,0.1049,9.5,0.8364,0,0,3,grocery,net_banking,0
7352,68.0,43890.78,597.15,3501,4,1,0.1603,4.55,0.8092,0,0,13,food,card,1
7353,39.0,94934.32,76.88,868,3,0,0.0496,2.54,0.6135,1,1,5,fashion,wallet,1
7354,36.0,100280.01,352.02,727,3,0,0.1813,8.96,0.9567,0,0,21,fashion,wallet,0
7355,70.0,33011.78,1030.43,1690,5,1,0.2541,17.68,0.7854,1,0,1,grocery,upi,1
7356,50.0,41363.16,186.73,2217,8,1,0.3873,17.01,0.7555,0,0,13,grocery,card,0
7357,34.0,41947.08,143.52,3720,5,1,0.1106,24.6,0.6153,0,0,22,gaming,wallet,0
7358,33.0,85848.42,161.95,2150,4,1,0.1704,4.43,0.5219,0,1,18,food,upi,0
7359,68.0,59582.49,917.13,607,5,0,0.0174,8.59,0.8503,0,0,6,fashion,card,0
7360,21.0,57879.75,269.28,1818,5,1,0.121,0.94,0.8499,0,0,4,food,upi,0
7361,21.0,73867.85,1536.34,3684,10,1,0.1302,4.83,0.541,0,0,5,food,upi,1
7362,60.0,39618.88,237.99,2867,1,0,0.1165,4.23,0.8224,0,0,5,electronics,net_banking,0
7363,18.0,116451.03,93.61,894,6,0,0.1023,11.08,0.6286,0,0,13,food,upi,0
7364,27.0,54947.25,100.43,2594,1,0,0.0707,0.05,0.6874,0,0,1,food,card,0
7365,74.0,34349.29,191.44,2942,5,0,0.2745,1.03,0.7898,0,0,2,grocery,card,0
7366,42.0,48474.17,23.37,1122,4,0,0.4294,17.41,0.9009,0,0,9,grocery,card,0
7367,59.0,108298.77,111.94,2126,4,0,0.1428,2.04,0.9664,0,0,16,food,upi,0
7368,45.0,43532.38,114.45,1412,3,0,0.0759,16.31,0.9502,0,0,11,gaming,card,0
7369,23.0,92720.54,228.78,748,5,0,0.0918,5.65,0.7311,0,1,4,food,net_banking,0
7370,28.0,38993.42,1254.85,3556,4,0,0.1516,10.46,0.7617,0,0,22,gaming,card,0
7371,61.0,36097.3,190.14,1302,3,1,0.25,41.01,0.8369,0,1,19,food,upi,1
7372,23.0,79052.47,26.32,1323,2,0,0.4527,4.47,0.6483,1,0,3,food,upi,0
7373,51.0,34009.78,72.17,432,4,0,0.6503,27.75,0.9641,0,1,15,grocery,upi,0
7374,37.0,86464.19,233.98,1793,4,0,0.0168,13.3,0.9614,0,0,15,grocery,wallet,0
7375,,66734.86,197.54,2585,2,0,0.2486,24.52,0.8896,0,0,7,grocery,upi,0
7376,72.0,34016.87,913.62,3892,7,2,0.1188,19.85,0.8953,0,0,17,electronics,card,0
7377,52.0,52880.77,470.14,3109,4,0,0.0391,4.65,0.8918,0,1,22,travel,upi,0
7378,53.0,40670.68,456.26,3433,2,0,0.1718,1.63,0.9229,0,0,9,fashion,upi,0
7379,37.0,66637.69,144.87,3949,2,0,0.1224,0.75,0.9413,1,0,0,gaming,card,0
7380,39.0,155340.93,540.27,2804,3,1,0.2117,0.83,0.9429,0,0,6,travel,upi,0
7381,57.0,,73.48,3433,2,0,0.3033,35.09,0.8693,0,0,18,food,wallet,0
7382,20.0,73766.9,474.02,1236,6,0,0.2598,1.85,0.9785,0,0,10,grocery,card,0
7383,31.0,55744.32,135.71,2869,2,0,0.4835,10.31,0.6482,0,0,22,electronics,upi,0
7384,52.0,55732.58,42.31,2526,7,0,0.0371,6.01,0.7159,0,0,3,jewelry,upi,1
7385,53.0,50222.86,325.77,1822,3,0,0.1781,0.15,0.933,0,0,14,gaming,card,0
7386,23.0,34320.87,728.15,2578,2,0,0.0825,4.35,0.9517,0,0,15,grocery,net_banking,0
7387,62.0,66132.49,119.86,2891,5,0,0.1544,11.83,0.8928,0,0,13,food,wallet,0
7388,48.0,46923.81,858.96,1663,1,0,0.2116,2.5,0.7258,0,0,12,fashion,net_banking,0
7389,31.0,33438.01,34.36,3374,3,0,0.2687,4.89,,0,1,8,gaming,card,0
7390,60.0,96074.94,54.39,173,3,0,0.2309,7.52,0.7383,0,0,16,jewelry,upi,0
7391,74.0,58078.09,155.44,1316,3,1,0.2201,3.1,0.9051,0,0,10,grocery,net_banking,0
7392,42.0,48515.28,124.24,1485,2,0,0.3795,0.68,0.8155,0,0,16,grocery,card,0
1659,65.0,29360.93,69.89,528,3,0,0.1535,2.17,0.8911,1,0,13,jewelry,card,0
7394,35.0,20035.15,205.74,2047,5,0,0.0722,5.61,0.8738,0,1,3,fashion,upi,0
7395,51.0,110762.1,106.1,3733,2,0,0.24,5.72,0.767,0,0,18,fashion,upi,0
7396,20.0,33893.72,125.71,3802,3,0,0.1801,4.09,0.7645,0,0,14,food,upi,0
7397,45.0,61785.96,237.79,1850,1,0,0.1966,16.52,0.7292,0,0,5,travel,card,0
7398,19.0,39801.24,92.33,2918,3,1,0.1754,15.02,0.9789,0,0,10,grocery,upi,0
7399,20.0,33104.94,161.89,1007,3,1,0.1227,3.26,0.7602,0,0,14,grocery,card,0
7400,42.0,113292.25,94.39,458,2,0,0.1992,0.12,0.667,1,0,9,electronics,card,0
7401,60.0,152665.96,53.91,1979,4,0,0.1132,7.59,0.971,0,0,10,grocery,card,0
7402,68.0,48699.03,386.32,1226,4,0,0.132,4.88,,0,0,22,fashion,upi,0
7403,22.0,66144.67,993.02,2931,5,1,0.2176,17.91,0.8306,0,1,5,fashion,upi,1
7404,31.0,56751.29,521.93,2101,3,0,0.1172,5.61,0.9323,0,0,3,travel,upi,0
7405,42.0,142467.22,250.8,568,7,1,0.3727,1.4,0.8058,0,0,2,fashion,net_banking,1
7406,,17203.29,94.77,1820,5,0,0.1184,2.89,0.9663,0,0,13,electronics,upi,0
7407,74.0,67677.32,135.1,1625,3,1,0.2002,1.52,0.6625,1,0,11,grocery,card,0
7408,57.0,36870.57,518.0,50,1,0,0.032,11.61,0.753,0,1,11,gaming,wallet,0
7409,,15052.63,18.38,2193,2,0,0.0513,0.2,0.5781,0,0,23,travel,upi,0
7410,21.0,45107.19,125.17,3742,5,2,0.3319,2.95,0.7924,0,0,0,grocery,upi,0
7411,22.0,151981.69,375.06,3589,5,0,0.2681,30.83,0.8672,0,0,19,travel,card,0
7412,26.0,38340.48,57.67,3619,4,0,0.0664,11.5,0.6266,0,0,2,gaming,card,0
7413,55.0,84966.26,274.88,3578,4,0,0.3666,1.14,0.7083,0,0,5,fashion,card,0
7414,36.0,106335.89,262.42,3697,3,2,0.5618,16.12,0.9299,0,0,12,food,net_banking,1
7415,31.0,54617.26,42.04,417,1,0,0.1115,12.98,0.9419,0,0,1,travel,card,0
7416,56.0,58767.19,196.36,1731,5,0,0.1045,0.65,0.5838,0,0,13,gaming,card,0
7417,64.0,21399.54,97.08,2193,2,0,0.0126,10.4,0.8779,0,0,6,food,card,0
7418,43.0,37093.55,272.89,3338,4,1,0.3738,4.62,0.9033,0,0,2,electronics,card,1
7419,68.0,90575.83,351.69,1511,2,0,0.1345,3.3,0.7386,0,0,17,grocery,card,0
7420,59.0,56866.52,268.24,2842,3,0,0.055,0.87,0.8132,0,0,18,food,upi,0
7421,58.0,67314.18,193.55,3131,3,0,0.0374,5.46,0.721,0,0,5,gaming,card,0
7422,67.0,59179.18,240.29,2061,3,0,0.1208,7.38,0.9569,0,0,23,fashion,upi,0
7423,28.0,183632.29,55.53,987,5,0,0.0413,13.16,0.7192,0,0,1,electronics,upi,0
7424,61.0,43403.81,174.55,336,5,0,0.3036,13.56,0.9355,0,0,18,fashion,net_banking,0
7425,72.0,132994.62,81.16,1795,2,2,0.1638,10.6,,0,0,12,food,card,0
7426,74.0,,504.97,696,4,0,0.6059,8.61,0.9378,0,0,15,jewelry,upi,0
7427,50.0,139650.46,356.45,2587,3,0,0.2671,5.39,0.503,0,0,12,food,card,0
7428,60.0,28038.97,355.44,975,10,0,0.314,9.79,0.8173,0,0,15,fashion,card,1
7429,68.0,,998.69,3510,3,1,0.3658,14.55,0.9399,0,0,20,fashion,wallet,0
7430,66.0,44292.06,129.41,3586,1,0,0.0634,3.21,0.8895,0,0,6,electronics,upi,0
7431,69.0,59385.08,103.95,3350,6,1,0.3657,12.97,0.6676,0,0,17,jewelry,card,0
7432,65.0,,126.39,2671,4,0,0.1347,5.65,0.6499,0,0,14,food,upi,0
7433,39.0,67740.11,36.26,489,3,0,0.262,12.49,,0,0,21,gaming,upi,0
7434,59.0,107613.24,39.23,3932,7,0,0.3363,5.95,0.8478,0,0,21,electronics,net_banking,0
7435,41.0,38042.79,334.98,291,4,0,0.0169,15.02,0.8916,0,1,19,fashion,card,0
7436,63.0,34979.92,44.6,2278,4,0,0.1385,8.53,0.6957,0,0,3,electronics,card,0
7437,64.0,55489.34,61.44,3222,2,0,0.1316,4.97,0.9429,0,0,11,electronics,card,0
7438,71.0,53843.11,162.59,366,1,0,0.1982,8.94,0.8277,0,1,4,food,wallet,0
7439,51.0,49655.57,119.19,2002,2,0,0.1092,24.94,0.8707,0,0,4,gaming,wallet,0
7440,45.0,32462.51,436.42,1926,3,0,0.1425,9.05,0.865,0,0,13,gaming,card,0
7441,27.0,106334.69,191.22,812,4,0,0.1375,6.11,0.6697,1,0,19,travel,upi,0
7442,54.0,45049.99,81.0,473,6,1,0.1044,9.8,0.8849,0,0,10,electronics,card,0
7443,50.0,120503.18,475.61,3642,1,0,0.04,2.01,0.4959,0,0,6,gaming,upi,0
7444,,55386.84,373.06,3608,4,0,0.1712,7.68,0.9089,1,0,6,,wallet,0
7445,56.0,78568.36,43.9,402,3,0,0.127,15.46,0.7864,0,1,9,grocery,card,0
7446,66.0,74744.34,231.65,1135,4,1,0.2065,0.77,0.8814,1,0,1,electronics,net_banking,1
7447,26.0,34952.22,88.05,1587,3,1,0.1116,1.71,0.7538,0,0,0,grocery,upi,0
7448,42.0,67309.06,85.76,813,2,0,0.3287,10.31,0.7887,1,1,7,fashion,card,0
7449,59.0,158843.0,1167.33,294,0,0,0.1771,13.3,0.9142,0,0,0,fashion,net_banking,0
7450,64.0,63163.08,203.82,2061,3,0,0.3872,19.84,0.7783,0,0,2,electronics,card,0
7451,62.0,90290.78,144.81,1784,3,0,0.0559,2.74,0.7752,0,1,10,electronics,net_banking,0
7452,63.0,80530.23,195.96,3234,2,0,0.1595,2.25,0.8046,0,1,12,jewelry,wallet,0
7118,53.0,51235.55,61.74,467,5,1,0.2573,2.99,0.7435,0,0,21,grocery,wallet,0
7454,72.0,60940.41,89.24,2056,5,0,0.0692,10.64,0.8953,0,1,22,food,upi,0
7455,52.0,74318.26,105.86,1276,3,0,0.0861,11.02,0.6745,1,0,8,fashion,card,0
7456,32.0,83691.6,347.11,181,4,2,0.3086,10.42,0.6752,0,0,16,fashion,wallet,0
7457,50.0,26144.61,39.51,2918,3,1,0.3369,13.27,0.9157,0,0,19,food,net_banking,0
7458,58.0,63013.55,484.8,2979,6,0,0.1734,17.56,0.7278,1,0,16,grocery,upi,0
7459,23.0,49704.25,36.15,2666,3,1,0.147,1.32,0.4516,0,0,1,fashion,card,0
7460,61.0,44344.71,140.78,165,3,0,0.3128,4.98,0.6241,0,0,22,fashion,net_banking,0
7461,49.0,112180.99,36.38,2795,0,1,0.1037,4.11,0.8294,0,0,1,electronics,upi,0
7462,71.0,36748.7,62.6,2429,1,0,0.2378,11.3,0.9102,0,0,9,food,upi,0
7463,30.0,,658.93,1780,1,0,0.0818,8.03,0.8901,0,0,1,jewelry,card,0
7464,69.0,85197.93,511.53,2479,2,1,0.0746,0.61,0.7245,0,0,15,food,wallet,0
7465,43.0,25181.68,569.23,469,1,0,0.3016,14.27,0.914,0,0,2,food,wallet,0
7466,50.0,19048.05,42.27,857,1,0,0.062,1.41,0.9018,0,0,5,grocery,upi,0
7467,55.0,90638.62,62.92,542,1,0,0.0675,36.7,0.6982,0,0,23,grocery,card,0
7468,51.0,60017.15,252.86,1802,4,0,0.247,17.86,0.7972,0,0,3,gaming,card,0
7469,69.0,71330.85,368.07,3584,3,0,0.084,9.77,0.9217,0,1,14,travel,card,0
7470,,43120.48,80.92,54,5,0,0.2972,3.44,0.842,1,1,4,jewelry,upi,1
7471,59.0,25685.07,100.89,1801,2,2,0.3375,8.19,0.8192,0,1,3,fashion,net_banking,1
7472,73.0,28649.91,58.07,1156,5,1,0.0388,13.7,0.6679,0,0,2,electronics,card,0
7473,30.0,47352.96,945.02,3751,0,0,0.1074,14.48,0.912,1,0,22,electronics,,0
7474,32.0,27317.07,111.94,2488,2,1,0.3626,7.61,0.9958,0,1,15,electronics,upi,0
7475,45.0,65118.73,185.72,911,4,0,0.1376,5.81,0.7968,0,0,12,fashion,wallet,0
7476,59.0,42648.04,195.7,1158,5,0,0.2171,2.74,0.9722,0,0,13,grocery,card,0
7477,72.0,60892.07,543.8,2335,1,1,0.3677,15.56,0.8465,0,0,22,travel,wallet,0
7478,63.0,59899.29,69.44,219,3,1,0.0955,21.11,0.7046,0,0,7,travel,card,0
7479,63.0,68038.45,578.95,296,2,0,0.1292,12.11,0.4437,1,0,10,grocery,card,0
7480,43.0,72388.58,50.11,2706,1,0,0.2728,15.26,0.6046,0,0,6,electronics,upi,0
7481,54.0,45521.64,577.48,3215,4,0,0.2037,5.87,0.9011,0,0,23,electronics,net_banking,0
7482,30.0,60856.36,32.38,2977,4,1,0.0904,31.55,0.5816,0,0,11,food,wallet,1
7483,44.0,62623.32,162.13,711,1,0,0.1087,8.05,0.7586,0,0,7,gaming,card,0
7484,28.0,15000.0,914.52,3456,2,1,0.1797,0.27,0.961,0,0,8,fashion,upi,0
7485,19.0,78486.16,361.48,922,3,0,0.1901,11.97,,0,0,21,grocery,upi,0
7486,66.0,59728.03,274.29,3505,1,0,0.0993,1.97,0.7969,0,0,19,travel,card,0
7487,63.0,75005.4,63.09,1204,6,1,0.1885,13.04,0.8833,0,0,22,grocery,card,0
7488,47.0,27100.96,86.33,2000,2,0,0.1927,8.51,0.6819,0,0,20,fashion,upi,0
7489,18.0,46231.34,690.46,3829,4,0,0.324,4.25,0.9144,0,0,18,food,card,0
7490,23.0,30174.34,288.67,1647,5,1,0.2741,3.66,0.9606,0,0,18,food,wallet,1
7491,24.0,82836.1,438.43,2681,2,0,0.2418,10.51,0.9294,0,1,14,grocery,card,0
7492,58.0,25394.16,193.79,2355,5,0,0.085,6.94,0.6044,0,0,2,grocery,card,0
7493,29.0,33002.16,135.81,327,3,0,0.4062,5.03,0.7508,0,0,3,gaming,net_banking,0
7494,32.0,73788.73,387.46,3176,4,0,0.0459,3.38,0.8039,0,0,13,grocery,upi,0
7495,67.0,38907.12,233.3,1452,3,0,0.2948,2.35,0.6133,1,0,5,food,card,0
7496,67.0,33006.96,151.87,1917,1,0,0.0367,1.47,0.6781,0,0,19,grocery,upi,0
7497,61.0,90561.47,43.77,1238,4,1,0.183,3.32,0.9163,0,0,10,fashion,upi,0
7498,35.0,92626.44,467.25,3980,7,0,0.2237,13.36,0.7155,0,1,21,grocery,upi,0
7499,51.0,81815.96,279.49,2216,5,0,0.1797,6.22,0.7327,1,0,2,travel,upi,0
7500,29.0,87717.68,98.17,2560,1,0,0.239,14.17,0.7834,0,0,17,grocery,card,0
7501,66.0,48422.5,585.35,2105,3,0,0.23,4.44,0.6519,0,0,16,electronics,upi,0
7502,22.0,49146.57,229.7,1253,2,0,0.0411,1.1,0.6733,0,0,23,travel,upi,0
7503,60.0,38508.87,234.24,2357,8,0,0.1056,12.48,0.6244,0,0,19,jewelry,card,0
7504,47.0,60315.2,435.66,3181,6,0,0.1916,18.11,0.9142,0,0,2,electronics,card,0
7505,61.0,41140.34,351.31,407,6,1,0.1279,24.86,,0,0,19,jewelry,card,1
7506,43.0,43343.07,241.44,628,8,0,0.3483,10.21,0.888,0,0,22,gaming,upi,1
7507,27.0,76499.06,149.06,683,6,0,0.0654,4.94,0.9403,0,0,9,fashion,card,0
7508,60.0,105512.54,1308.48,3745,2,1,0.1845,3.15,0.5847,0,0,9,gaming,upi,0
5848,56.0,,21.27,2699,8,0,0.291,5.11,0.9128,0,1,9,jewelry,wallet,1
7510,44.0,147555.87,379.53,1381,2,0,0.2452,1.53,0.796,1,1,8,gaming,upi,0
7511,39.0,37311.43,165.52,819,3,0,0.2581,0.28,0.8865,1,1,20,food,wallet,0
7512,,20014.3,283.63,2749,4,1,0.178,0.77,0.9224,0,1,22,grocery,upi,0
7513,45.0,81481.71,617.93,2113,1,0,0.2209,7.97,0.5096,0,0,10,jewelry,card,0
7514,32.0,35975.02,131.81,2512,1,0,0.1805,2.38,0.6362,0,0,5,electronics,card,0
7515,34.0,47313.82,328.58,2870,3,0,0.3287,1.58,0.9023,1,1,7,grocery,card,0
7516,33.0,20779.05,234.75,410,4,0,0.1974,3.24,,1,0,7,gaming,card,0
7517,18.0,33540.97,94.79,2727,3,0,0.0889,6.86,0.8341,0,0,9,grocery,card,0
7518,70.0,24073.41,633.37,2894,5,0,0.1101,4.95,0.6412,0,0,9,travel,card,0
972,41.0,95807.86,198.49,3313,2,1,0.3776,10.41,0.5141,0,0,16,electronics,card,1
7520,27.0,44271.0,116.56,1267,3,0,0.0922,6.08,0.8157,0,0,16,food,card,0
7521,26.0,57789.75,542.7,2380,8,0,0.3225,6.81,0.7175,0,0,7,grocery,card,1
7522,74.0,108764.05,78.38,1543,0,0,0.2206,1.81,0.4984,1,0,3,grocery,card,0
7523,45.0,79808.63,174.87,3725,4,0,0.0453,0.95,0.7404,0,0,13,food,upi,0
7524,36.0,22536.58,117.18,413,4,0,0.2307,0.16,0.6954,0,1,21,jewelry,wallet,0
7525,41.0,76841.26,381.56,700,7,0,0.1712,38.25,0.8405,0,0,14,food,card,0
7526,23.0,58486.64,111.42,3246,3,0,0.1539,1.44,0.7504,0,0,8,grocery,wallet,0
7527,35.0,52118.95,384.31,2733,4,0,0.1263,4.85,0.7229,0,0,10,,card,0
7528,32.0,54317.61,326.17,3445,6,1,0.1041,0.1,0.8391,0,0,13,travel,card,0
7529,63.0,61549.21,123.68,124,3,0,0.1079,5.4,0.8031,0,0,5,food,upi,0
7530,21.0,37592.16,1121.78,563,4,2,0.1227,10.89,0.8828,0,0,14,gaming,net_banking,0
7531,42.0,49751.48,85.43,3352,1,0,0.2798,5.65,0.9643,0,0,23,grocery,upi,0
7532,63.0,105477.72,43.99,3256,6,0,0.4867,25.12,0.736,0,0,18,food,net_banking,1
7533,65.0,37344.48,423.71,3308,4,2,0.3448,10.39,0.5659,0,1,21,travel,card,0
7534,47.0,31214.88,20.98,3595,5,1,0.2993,3.72,0.8423,0,1,18,grocery,card,0
7535,30.0,53164.67,800.13,945,4,0,0.458,3.74,0.6083,1,0,2,fashion,upi,0
7536,37.0,29533.39,199.28,416,4,1,0.1203,1.94,0.6182,0,0,2,food,card,0
7537,30.0,21323.34,43.21,1206,0,0,0.2132,12.61,0.7093,0,1,1,electronics,upi,0
7538,55.0,45507.46,69.72,3989,4,1,0.109,4.93,0.841,1,0,10,grocery,wallet,0
7539,34.0,122006.61,35.12,2081,2,0,0.0166,11.42,0.6247,0,0,22,food,upi,0
7540,53.0,53844.54,263.97,48,1,1,0.1114,0.67,0.775,0,0,9,fashion,upi,0
7541,55.0,60676.14,47.75,2981,3,0,0.3402,22.19,0.7262,0,0,13,food,upi,0
7542,71.0,17043.2,297.39,3374,4,0,0.1096,0.62,0.8642,0,0,13,gaming,card,0
7543,39.0,69986.49,132.71,515,1,0,0.2082,12.77,0.96,0,0,4,jewelry,net_banking,0
7544,72.0,57898.09,111.9,2246,4,0,0.2848,9.67,0.8949,1,1,9,food,upi,1
7545,40.0,38153.98,299.56,2987,6,1,0.2354,6.98,0.9327,0,0,6,gaming,upi,1
7546,56.0,60725.33,335.78,3830,3,1,0.0871,0.31,0.8687,0,0,12,food,card,0
7547,55.0,60394.62,566.09,2440,1,2,0.0146,6.7,0.8304,0,1,11,grocery,card,0
7548,64.0,30710.81,95.5,1372,5,1,0.0133,8.08,,0,0,12,jewelry,wallet,0
7549,44.0,66013.07,174.71,3643,8,2,0.3162,1.91,0.8561,0,1,2,grocery,upi,1
7550,63.0,106246.05,95.36,1462,4,1,0.1318,2.0,0.7798,0,0,23,electronics,upi,0
7551,38.0,48519.48,211.86,2544,6,0,0.026,10.97,0.8243,0,0,21,grocery,card,0
7552,46.0,34129.3,82.65,3366,3,0,0.1848,8.07,0.8505,0,1,11,fashion,card,0
7553,46.0,49882.2,117.78,2135,4,0,0.1149,7.13,0.8141,0,0,12,electronics,net_banking,0
7554,58.0,88002.96,118.39,2851,5,0,0.2067,8.77,0.5022,0,0,2,fashion,card,0
7555,53.0,28018.3,241.37,3371,4,1,0.2021,1.77,0.8942,0,0,5,fashion,card,0
7556,22.0,75606.35,180.53,2414,4,0,0.2287,6.63,0.8878,0,0,14,food,upi,0
7557,64.0,37880.07,298.65,1698,2,0,0.125,21.0,0.7401,0,0,2,grocery,net_banking,0
7558,61.0,62832.21,161.74,2588,5,0,0.1632,2.5,0.9005,0,0,8,gaming,card,0
7559,23.0,40324.17,100.81,1622,3,0,0.1239,6.0,0.8325,1,0,22,grocery,upi,0
7560,72.0,40264.65,217.94,2740,8,1,0.046,2.29,0.6005,0,1,16,fashion,upi,1
7561,55.0,127107.78,71.94,353,4,1,0.1222,4.19,0.897,1,1,16,electronics,upi,0
7562,22.0,25338.77,318.02,219,4,0,0.1856,11.14,0.8363,1,0,6,grocery,upi,0
7563,46.0,71828.73,135.3,1915,7,0,0.2568,5.74,0.8235,0,1,1,gaming,card,0
7564,65.0,142531.3,220.85,497,3,0,0.1434,6.59,0.7432,0,0,18,travel,card,0
7565,33.0,80187.71,224.3,2931,4,1,0.3838,15.49,0.8628,0,0,17,jewelry,wallet,0
7566,71.0,26449.3,892.92,749,6,0,0.0801,6.73,0.832,0,1,1,electronics,net_banking,0
7832,,27639.33,1174.97,2102,3,0,0.0479,10.09,0.8054,0,0,17,,card,0
7568,30.0,36377.09,193.67,731,3,2,0.1536,1.67,0.8561,0,0,9,electronics,wallet,0
7569,38.0,59990.28,90.07,3689,3,0,0.0854,12.14,0.8458,0,0,19,fashion,upi,0
7570,47.0,62277.59,401.55,3376,6,0,0.0853,1.91,0.9607,1,0,23,grocery,card,0
7571,57.0,27327.68,137.38,36,1,1,0.2099,34.34,0.6199,0,0,14,grocery,card,0
6042,40.0,82323.62,30.36,598,0,0,0.0644,9.18,0.8773,0,1,20,food,upi,0
7573,29.0,35199.01,148.1,3770,10,0,0.5771,1.08,0.6908,1,0,13,grocery,upi,1
7574,,49795.39,217.99,1973,3,1,0.0841,1.12,0.8901,0,0,20,grocery,upi,0
7575,48.0,163844.15,79.4,3381,2,0,0.2573,0.85,0.919,0,0,3,food,upi,0
7576,25.0,32920.0,159.94,384,5,2,0.4614,8.33,0.9449,0,0,2,grocery,card,1
7577,70.0,32136.95,167.58,1733,7,0,0.378,2.59,0.8469,1,0,3,electronics,wallet,1
7578,37.0,29491.62,170.21,3486,4,0,0.0417,3.25,0.9199,0,0,3,gaming,card,0
7579,53.0,78013.56,618.69,803,2,0,0.4522,14.25,0.89,0,0,15,gaming,upi,0
7580,57.0,53763.53,48.49,70,7,0,0.1308,0.19,0.5357,0,0,9,gaming,upi,0
7581,18.0,33596.05,1375.76,2945,3,1,0.2469,1.73,0.8457,0,0,6,grocery,card,1
7582,30.0,45051.02,174.19,360,5,1,0.2417,3.28,0.9346,1,0,17,jewelry,card,0
2137,49.0,38224.05,40.24,1383,5,1,0.0972,0.04,0.9752,0,0,23,food,upi,0
7584,36.0,64720.2,204.55,3254,2,0,0.3803,11.04,0.826,1,1,11,fashion,net_banking,1
7585,18.0,240745.49,32.04,3570,1,1,0.0913,2.75,0.7783,0,1,10,travel,card,0
7586,19.0,74463.47,62.58,548,1,0,0.1593,10.09,0.7333,0,1,18,grocery,wallet,0
7587,65.0,52257.82,106.56,2002,3,0,0.0198,21.28,0.8333,0,1,0,grocery,card,0
7588,26.0,38152.71,486.23,3179,3,0,0.1249,9.62,0.6423,0,0,20,grocery,card,0
7589,23.0,26270.93,45.09,1583,6,0,0.3522,1.8,0.8082,1,0,21,fashion,upi,0
7590,50.0,82340.45,76.49,1421,2,0,0.1581,11.78,0.8679,0,0,15,electronics,card,0
5673,72.0,74234.83,33.59,148,9,1,0.2583,16.62,0.8495,0,0,0,fashion,net_banking,1
7592,55.0,42562.67,288.82,3111,1,1,0.3879,0.89,0.8476,1,0,17,food,upi,0
7593,49.0,107196.85,280.25,190,3,0,0.0214,39.83,0.6232,0,1,22,jewelry,wallet,0
7594,54.0,55642.21,67.29,229,4,0,0.0539,2.92,0.6577,0,0,11,electronics,upi,0
7595,46.0,84221.61,36.41,453,3,0,0.1329,8.22,0.84,0,0,5,gaming,upi,0
7596,62.0,64731.09,308.59,1384,7,1,0.1436,4.37,0.7034,0,1,23,travel,upi,1
7597,54.0,49894.38,754.52,1133,5,0,0.149,7.47,0.8916,0,0,0,fashion,card,0
7598,41.0,32529.48,127.44,1940,4,0,0.2385,0.94,0.868,0,0,4,gaming,card,0
7599,18.0,50769.11,57.3,1224,2,0,0.3338,0.68,0.9699,0,0,11,gaming,upi,0
7600,33.0,87397.01,117.11,2514,2,0,0.1528,5.04,0.6647,0,0,2,jewelry,upi,0
7601,25.0,41589.96,266.94,1307,3,0,0.2341,5.78,0.8779,0,0,17,electronics,card,0
7602,18.0,70048.72,142.57,3349,4,0,0.3135,6.65,0.8204,0,0,21,fashion,wallet,0
7603,33.0,30320.63,735.21,1259,5,0,0.1939,1.85,0.9627,0,0,9,travel,card,0
7604,29.0,84467.37,453.92,1000,4,0,0.1251,8.35,0.8129,0,1,3,gaming,card,1
7605,22.0,65329.97,216.44,3445,3,0,0.2286,23.07,0.8672,0,1,16,gaming,card,0
7606,35.0,28393.84,25.5,2645,1,1,0.2561,1.07,0.5728,0,0,3,travel,card,0
7607,,48624.39,90.08,220,5,0,0.0392,26.64,0.8698,0,0,21,fashion,card,0
7608,28.0,91801.23,104.06,632,6,0,0.1589,15.62,0.8686,0,0,7,fashion,card,0
7609,33.0,27518.69,85.31,223,2,0,0.1866,8.46,0.8759,0,0,7,grocery,upi,0
7610,19.0,30517.81,217.84,3186,4,2,0.2173,4.4,0.9669,0,0,0,travel,card,0
7611,20.0,52937.39,222.38,2521,6,0,0.1874,3.69,0.8248,0,0,10,gaming,net_banking,0
7612,26.0,177801.02,33.75,3734,5,1,0.5087,25.46,0.7994,0,1,15,fashion,card,1
7613,43.0,37993.51,402.44,1332,4,0,0.3483,4.78,0.8005,0,0,9,fashion,upi,0
7614,55.0,72221.22,182.93,217,4,1,0.2772,17.33,0.8124,0,1,12,food,upi,0
7615,62.0,63459.87,257.39,1851,2,0,0.1417,2.63,0.8483,0,0,7,grocery,card,0
7616,53.0,39769.38,379.09,347,3,1,0.1202,9.25,0.611,0,1,11,fashion,wallet,1
7617,53.0,60096.8,83.6,603,1,0,0.1346,1.19,0.9141,0,0,10,food,card,0
7618,71.0,42992.43,633.88,3156,3,1,0.1463,5.16,0.7916,0,0,14,travel,card,0
7619,32.0,45174.85,156.2,1534,1,0,0.1447,11.99,0.9689,0,0,21,grocery,,0
7620,63.0,22057.08,816.89,3524,3,0,0.0485,4.51,0.5673,0,0,21,gaming,card,0
7621,71.0,54265.75,73.63,2069,4,2,0.0552,13.89,0.8777,0,0,9,grocery,card,0
7622,50.0,90182.43,758.39,2603,2,0,0.1387,4.23,0.8106,0,0,21,grocery,net_banking,0
7623,65.0,56764.85,72.89,3341,2,0,0.4624,1.47,0.843,0,0,8,travel,upi,0
7624,25.0,100194.42,2302.47,1860,2,0,0.3929,20.55,0.7299,0,0,18,electronics,upi,0
7625,68.0,75679.95,69.49,1299,1,0,0.0427,3.5,0.8363,0,0,10,grocery,card,0
7626,50.0,53228.05,517.78,3083,4,1,0.2451,10.45,0.904,0,0,12,jewelry,upi,0
7627,30.0,38938.14,125.28,3327,6,0,0.1502,4.93,0.6166,0,0,22,jewelry,net_banking,0
7628,21.0,,367.96,1219,3,1,0.1217,0.53,0.7684,0,1,4,electronics,net_banking,0
7629,59.0,24497.04,172.85,3297,6,0,0.1067,19.02,0.8767,0,0,18,grocery,card,0
7630,42.0,47486.23,60.44,3967,3,0,0.0247,10.06,0.76,0,0,17,gaming,net_banking,0
7631,35.0,59598.62,10.98,799,6,0,0.2027,8.52,0.8854,0,0,3,food,card,0
7632,40.0,141290.04,2209.54,3396,4,0,0.1238,9.86,0.9453,0,0,7,food,wallet,0
7633,74.0,73545.88,193.64,375,2,0,0.0706,2.48,0.9163,1,0,13,food,net_banking,0
7634,42.0,34180.78,9.48,3551,4,0,0.0639,3.41,0.784,1,0,3,food,card,0
7635,22.0,24920.25,243.61,3567,1,0,0.2421,11.15,0.8829,0,0,3,fashion,net_banking,0
7636,,49093.64,358.72,3423,4,1,0.4925,15.86,0.9221,0,0,13,travel,upi,0
7637,26.0,85953.26,88.05,1414,5,2,0.0993,11.3,0.8755,0,1,11,gaming,upi,1
7638,57.0,48715.35,88.64,3733,6,1,0.2992,23.54,0.7156,1,0,12,grocery,wallet,1
7639,63.0,74100.66,176.46,2229,5,0,0.1577,4.38,0.6683,0,0,8,travel,upi,0
7640,65.0,49785.02,599.17,286,3,0,0.1364,18.41,0.9404,0,0,9,fashion,net_banking,0
7641,54.0,81588.1,198.92,3402,1,1,0.2156,7.25,0.846,0,1,9,fashion,card,0
7642,61.0,22847.49,777.58,3637,3,0,0.1429,2.39,0.9224,0,1,2,electronics,wallet,0
7643,41.0,132904.84,557.9,1233,3,3,0.2296,17.94,0.8203,0,0,9,gaming,wallet,0
366,47.0,98254.3,145.75,3515,2,1,0.2648,15.43,0.9107,0,0,12,grocery,card,0
7645,24.0,,37.43,2289,6,0,0.029,2.9,0.6333,0,0,1,grocery,wallet,1
7646,48.0,47353.09,143.49,1455,3,0,0.16,5.02,0.8852,0,0,8,gaming,wallet,0
7647,49.0,,304.73,2567,5,0,0.4858,6.53,0.6399,0,1,14,food,upi,0
7648,19.0,48169.55,191.11,1501,6,2,0.1454,15.81,0.8592,0,0,22,food,wallet,1
7649,49.0,63301.92,339.47,894,4,1,0.1021,3.34,0.865,0,0,22,grocery,wallet,0
7650,59.0,70737.21,426.83,952,5,0,0.0349,1.54,0.8147,0,0,15,travel,card,0
7651,38.0,98438.5,306.07,2641,7,0,0.396,6.22,,0,0,4,electronics,card,1
7652,49.0,119307.6,136.68,1770,3,1,0.0888,2.54,0.7771,1,0,13,electronics,upi,0
7653,,66011.9,302.73,90,6,0,0.136,1.37,0.8191,0,0,5,grocery,wallet,0
7654,33.0,141154.36,1683.18,2036,2,2,0.3101,2.45,0.7882,0,0,4,fashion,card,0
7655,25.0,57885.57,40.57,3157,4,0,0.0453,2.19,0.6896,1,0,5,electronics,upi,0
7656,36.0,99476.89,293.02,620,5,0,0.0226,17.09,0.9283,0,0,11,fashion,card,0
7657,63.0,69625.37,1124.35,999,2,0,0.0847,1.56,0.8984,0,1,8,electronics,card,0
7658,71.0,40661.05,55.61,1457,2,0,0.1252,4.9,0.5738,0,0,8,jewelry,upi,0
7659,54.0,60764.88,489.83,3710,3,0,0.299,0.2,0.4961,0,0,22,grocery,,0
7660,53.0,72535.62,559.85,1412,4,0,0.0948,0.07,0.937,0,0,10,grocery,card,0
7661,52.0,54034.58,41.1,3355,4,1,0.244,16.4,0.695,0,0,18,gaming,card,1
7662,45.0,69020.55,366.98,2708,2,0,0.246,5.23,0.7381,0,0,13,electronics,upi,0
7663,42.0,88524.81,137.23,3968,3,0,0.2334,1.23,0.5812,0,0,22,food,upi,0
7664,53.0,54297.49,169.44,2335,4,0,0.095,0.26,0.8645,0,0,15,fashion,card,0
7665,62.0,15000.0,130.06,1288,5,0,0.1673,3.85,0.7128,1,0,15,food,card,0
7666,41.0,138432.35,668.91,2872,3,1,0.0581,2.21,0.6755,1,0,18,electronics,card,0
7667,50.0,46695.97,160.91,388,6,0,0.3233,6.08,0.7741,0,0,3,fashion,card,0
7668,44.0,34971.35,113.26,3142,2,1,0.2592,5.66,0.8273,0,0,17,food,wallet,0
7669,34.0,29638.45,115.19,959,3,0,0.0848,22.08,0.7845,0,0,6,electronics,card,0
7670,34.0,45708.67,127.99,2678,5,0,0.0868,4.42,0.8836,0,0,13,jewelry,upi,0
7671,22.0,40359.3,61.16,2332,3,2,0.1243,7.58,0.8839,1,0,1,grocery,upi,1
7672,43.0,36670.7,112.26,987,5,0,0.4435,12.35,0.8357,0,0,11,jewelry,wallet,0
7673,58.0,37794.51,202.48,1940,3,0,0.1326,20.76,0.8309,0,0,0,food,upi,0
7674,57.0,73603.44,269.71,2023,1,0,0.0519,1.57,0.8966,0,0,19,gaming,upi,0
7675,74.0,168011.61,600.04,3075,5,1,0.0691,3.69,0.8855,1,0,18,grocery,card,0
7676,20.0,86370.62,229.05,1882,3,1,0.1344,2.95,0.8383,0,0,20,food,upi,0
7677,61.0,101978.52,112.0,260,3,0,0.363,0.41,0.9075,0,1,2,grocery,card,0
7678,63.0,44690.35,65.49,323,5,0,0.2285,26.1,0.8745,0,0,14,food,upi,0
7679,42.0,58259.03,241.64,2668,3,0,0.0328,46.16,0.8875,0,0,2,,card,0
7680,34.0,69539.75,160.07,3581,5,1,0.1322,4.86,0.8945,0,0,12,grocery,net_banking,1
7681,38.0,38266.56,165.45,1757,2,1,0.1385,0.36,0.7385,0,0,20,travel,card,0
7682,56.0,43518.3,234.04,392,4,0,0.0709,4.85,0.6438,0,0,1,electronics,card,0
7683,67.0,88000.0,302.58,708,6,0,0.3718,10.65,0.9,0,0,18,food,upi,0
7684,54.0,100182.57,235.73,3906,2,1,0.3018,2.32,0.9035,0,1,3,grocery,card,0
7685,47.0,57077.43,151.78,2822,5,0,0.2619,10.55,0.9506,0,1,14,grocery,card,0
7686,55.0,28502.64,80.77,156,4,0,0.0246,8.19,0.8042,0,0,7,gaming,upi,0
7687,22.0,46747.35,97.53,1060,1,0,0.3315,0.91,0.6991,1,0,22,gaming,wallet,0
7688,52.0,24893.36,420.4,2926,6,0,0.0432,2.55,0.8278,0,0,15,food,card,0
7689,20.0,57322.57,117.85,2537,4,0,0.1739,29.53,0.8517,0,0,22,food,net_banking,0
7690,72.0,63294.91,46.85,1171,4,0,0.2936,2.76,0.8279,0,0,20,electronics,card,0
7691,68.0,47391.48,573.94,2793,1,0,0.5365,6.3,0.9184,1,1,13,electronics,upi,0
4243,64.0,,133.92,3306,1,0,0.2911,6.03,0.9537,0,1,4,travel,card,0
7693,39.0,69174.26,186.46,3603,8,0,0.0766,5.46,0.8463,0,0,13,travel,upi,0
7694,59.0,63345.72,294.16,3301,6,2,0.0418,4.53,0.8156,0,0,15,fashion,wallet,1
7695,54.0,28402.91,180.58,1436,4,0,0.4349,10.44,0.8521,0,0,18,food,upi,1
7696,58.0,47848.41,15.1,129,7,0,0.1325,1.86,0.6511,0,0,17,food,card,0
7697,47.0,68906.25,265.99,1581,4,0,0.2266,19.28,0.8283,0,1,1,electronics,net_banking,0
7698,31.0,131055.99,678.18,117,2,0,0.2088,17.76,0.964,0,0,13,electronics,upi,0
7699,22.0,47359.81,395.24,2293,6,2,0.0335,5.71,0.7803,0,0,23,food,card,0
7700,34.0,74462.47,21.52,2424,10,1,0.6295,11.37,0.7301,0,0,2,jewelry,upi,1
7701,48.0,89149.68,1510.51,1386,4,0,0.2757,7.16,0.8364,0,0,0,fashion,net_banking,0
7702,42.0,49362.35,47.8,623,5,0,0.1035,3.58,0.9262,0,0,4,food,card,0
7703,46.0,103436.45,61.22,2113,3,1,0.1033,23.03,0.718,0,0,18,gaming,wallet,0
7704,33.0,106540.88,393.4,86,5,0,0.1622,2.21,0.8306,0,0,13,food,card,0
7705,71.0,117512.51,283.1,1127,2,0,0.0329,2.39,0.8509,0,0,20,fashion,card,0
7706,38.0,70772.53,195.06,3872,9,0,0.3215,8.28,0.9837,0,0,10,travel,wallet,0
7707,66.0,201423.3,101.86,3659,5,0,0.0275,2.86,0.7496,0,0,8,electronics,card,0
7708,40.0,39209.83,681.17,2542,5,0,0.3447,5.84,0.7994,0,0,3,grocery,upi,0
7709,43.0,176898.45,173.06,1514,2,0,0.1727,9.67,0.6981,0,0,9,gaming,wallet,0
7710,52.0,83922.85,37.61,73,1,0,0.0976,2.0,0.7473,0,1,1,grocery,wallet,0
7711,32.0,114955.63,617.24,2610,2,0,0.0409,17.78,0.9274,0,0,12,travel,wallet,0
7712,30.0,46123.03,224.13,1977,9,0,0.292,1.44,0.9685,0,0,0,grocery,card,1
7713,39.0,87513.61,548.93,2862,4,0,0.3434,7.73,0.9614,0,0,7,gaming,card,0
7714,63.0,120562.58,319.1,655,4,1,0.4444,19.82,0.6819,1,0,20,grocery,card,0
7715,26.0,30243.64,1967.62,3326,3,1,0.1417,1.66,0.8678,0,1,13,travel,card,0
7716,42.0,50274.79,132.02,3226,3,0,0.2847,19.13,0.7434,0,0,18,electronics,upi,0
7717,56.0,16939.43,182.92,1729,5,0,0.0299,2.59,0.847,0,0,5,jewelry,card,0
7718,58.0,49861.54,369.74,143,4,0,0.2199,4.46,0.9103,0,0,3,food,upi,0
7719,42.0,35111.5,132.84,1881,4,0,0.0941,3.82,0.8002,0,0,5,grocery,upi,0
7720,22.0,48791.74,401.66,1502,7,0,0.5856,1.77,0.9355,0,0,1,electronics,wallet,0
7721,18.0,250000.0,9.45,3051,2,0,0.2324,5.29,0.89,0,0,4,fashion,card,0
7722,44.0,141475.3,167.36,974,7,0,0.197,2.16,0.9022,0,0,14,electronics,upi,1
7723,64.0,24919.16,162.38,101,3,0,0.323,7.92,0.9306,1,0,18,food,upi,0
7724,19.0,74663.34,156.61,3924,6,1,0.2584,1.84,0.5217,0,0,14,grocery,wallet,1
7725,68.0,85348.71,74.89,987,9,1,0.0296,11.52,0.9613,1,0,16,gaming,card,1
7726,,45672.2,445.45,340,5,2,0.1242,5.43,0.9141,0,0,19,electronics,card,1
7727,18.0,60667.15,108.69,3432,3,0,0.1118,0.08,0.7196,0,0,6,travel,net_banking,0
7728,37.0,64015.38,219.91,2887,3,0,0.3757,33.32,0.9154,0,0,13,grocery,upi,0
7729,30.0,26224.57,173.43,1096,2,1,0.6653,0.86,0.8036,0,0,18,grocery,upi,0
7730,72.0,31190.14,296.88,1927,4,0,0.1219,9.36,0.6819,1,1,12,grocery,card,0
7731,49.0,60466.92,752.89,2762,3,0,0.2739,4.87,0.8752,0,0,17,travel,card,0
7732,36.0,58090.64,218.78,3271,6,0,0.0172,3.68,0.9228,0,0,13,grocery,card,0
7733,33.0,37248.95,417.53,1510,5,0,0.4759,20.08,0.8365,1,0,3,fashion,card,1
7734,50.0,35531.74,208.06,880,5,1,0.1976,4.32,0.9891,0,0,10,travel,card,0
7735,,52350.14,108.52,88,5,0,0.1668,13.1,0.8402,0,0,11,,card,0
7736,32.0,89542.75,156.24,3425,4,1,0.2108,2.67,0.8549,0,1,11,grocery,card,0
7737,27.0,52734.3,135.56,3262,1,0,0.1047,32.41,0.6002,0,0,9,fashion,wallet,0
7738,53.0,134267.64,317.7,3802,3,0,0.257,23.94,0.8342,0,0,8,food,wallet,0
7739,56.0,37510.91,200.26,2998,8,0,0.3257,15.95,0.5034,0,0,21,food,card,0
7740,44.0,61163.07,81.34,876,6,0,0.4609,0.62,0.9017,0,0,20,gaming,upi,0
7741,25.0,45262.13,144.17,983,4,0,0.1015,2.03,0.8354,0,1,16,grocery,upi,0
7742,39.0,75998.36,39.14,993,5,0,0.0558,0.86,0.8639,0,0,5,travel,card,0
7743,66.0,35782.53,149.66,1849,5,0,0.1267,32.24,0.9442,0,0,22,grocery,card,0
7744,29.0,158761.32,180.24,3855,6,0,0.0388,6.8,0.6852,0,0,3,food,upi,0
7745,27.0,21704.0,1098.18,2772,4,0,0.0769,8.81,0.8745,0,0,18,electronics,card,0
7746,24.0,141294.63,693.26,1753,3,0,0.3317,2.66,0.864,0,0,15,electronics,card,0
7747,64.0,57790.64,64.0,2958,6,0,0.1299,3.47,0.8061,0,0,9,fashion,card,0
7748,24.0,74527.39,220.24,3345,6,0,0.3935,2.9,0.8611,0,1,5,food,wallet,1
7749,51.0,114585.57,224.14,1632,3,0,0.0584,0.84,0.7999,0,1,8,electronics,card,0
7750,74.0,88150.63,142.95,3374,1,0,0.0751,36.16,0.9478,0,0,5,fashion,card,0
7751,54.0,36811.8,152.36,102,9,1,0.0532,0.12,0.7546,0,0,9,grocery,upi,1
7752,41.0,76507.02,126.34,1264,4,0,0.1902,32.44,0.962,0,0,17,jewelry,upi,0
7753,29.0,153614.14,1171.06,704,2,0,0.1677,3.23,0.9406,0,0,8,electronics,card,0
7754,18.0,33761.56,118.72,739,2,0,0.4739,5.34,0.8525,0,1,14,gaming,card,0
7755,26.0,176349.68,253.13,835,5,0,0.1565,4.45,0.7331,0,0,16,fashion,card,0
7756,72.0,67997.41,14.35,1485,5,0,0.3171,10.14,0.8908,0,0,19,gaming,upi,1
7757,26.0,43339.22,410.15,2907,6,2,0.0895,8.37,0.9745,0,0,11,food,card,0
7758,19.0,33650.37,588.29,2379,4,0,0.0961,6.85,0.8289,0,0,15,grocery,net_banking,0
7759,64.0,48643.85,62.86,1781,3,0,0.1286,10.84,0.8251,0,0,18,,card,0
7760,41.0,18763.81,107.89,2003,8,0,0.0888,8.35,0.7909,1,0,17,grocery,net_banking,0
7761,38.0,43770.0,282.72,757,6,0,0.176,4.56,0.9408,0,0,10,travel,card,0
7762,58.0,47594.79,183.54,2955,2,1,0.4105,4.79,0.9461,1,0,11,jewelry,upi,1
7763,,30459.74,286.96,3027,4,0,0.1782,10.99,0.9221,0,0,7,food,card,0
7764,70.0,82984.02,135.06,2208,5,0,0.0284,7.44,,0,0,4,food,card,0
7765,44.0,48764.95,1160.05,3262,2,0,0.3433,5.4,0.814,0,1,0,grocery,upi,0
7766,58.0,38769.98,92.13,3227,5,0,0.3592,3.86,0.9076,0,1,0,food,card,1
7767,68.0,,2655.88,3223,4,1,0.1196,4.83,0.6164,0,1,3,food,card,0
7768,44.0,66862.77,623.21,442,6,0,0.165,0.01,0.9269,0,1,14,fashion,card,1
7769,34.0,57260.15,413.67,371,10,0,0.0719,2.0,0.8817,1,0,14,food,wallet,0
7770,73.0,37404.72,63.59,1773,5,0,0.2321,2.52,0.4867,0,0,17,travel,card,0
7771,30.0,58935.44,447.04,256,4,1,0.3047,0.06,0.6536,0,0,23,travel,card,0
7772,20.0,53488.22,329.28,93,0,0,0.3065,10.33,0.819,0,0,12,jewelry,card,0
7773,50.0,29389.22,21.61,549,3,1,0.234,4.23,0.9782,1,0,23,grocery,net_banking,0
7774,74.0,46929.93,44.18,509,4,0,0.1603,7.81,0.8646,0,0,12,grocery,upi,0
7775,22.0,75638.79,257.39,1323,4,1,0.1904,3.36,0.6389,0,0,14,grocery,card,0
7776,66.0,75339.85,157.54,1346,5,0,0.1727,4.91,0.7031,0,0,11,electronics,,0
7777,65.0,48465.53,107.39,3283,4,0,0.2627,0.07,0.7584,0,1,13,gaming,net_banking,0
7778,70.0,79802.77,529.49,3609,5,0,0.0929,34.44,0.9041,0,1,15,fashion,card,0
7779,42.0,32084.01,74.38,705,4,2,0.2285,5.34,0.7438,0,0,23,fashion,card,1
7780,32.0,32635.15,114.17,1539,4,0,0.1285,1.81,0.682,0,0,6,food,card,0
7781,47.0,47901.31,94.25,2047,7,1,0.2847,4.57,0.6431,0,0,14,electronics,wallet,0
7782,26.0,125335.55,299.8,1115,2,0,0.0828,3.75,0.4228,0,0,3,food,upi,0
7783,66.0,60166.85,32.25,1343,5,0,0.1507,14.06,0.5969,0,0,0,electronics,upi,0
7784,55.0,47270.29,109.43,2693,3,2,0.1135,11.92,,0,0,15,fashion,card,0
7785,45.0,128587.43,32.14,1718,5,0,0.1041,6.32,0.6532,0,0,2,food,upi,0
7786,47.0,46970.37,131.64,2822,3,2,0.1359,4.73,0.8986,0,0,18,grocery,card,0
7787,,187998.97,370.93,327,8,1,0.1527,4.05,0.7196,0,1,0,electronics,upi,1
7788,47.0,41518.02,377.61,1940,6,1,0.1886,20.3,0.95,0,0,5,fashion,card,0
7789,65.0,31528.2,86.95,1263,8,0,0.0981,6.68,0.825,0,0,14,grocery,upi,0
7790,70.0,,306.83,1175,4,1,0.3983,4.16,0.9213,0,0,22,grocery,card,0
7791,72.0,47958.54,149.57,1889,3,0,0.1323,2.17,0.7741,0,0,18,jewelry,net_banking,0
7792,53.0,35271.92,702.08,1228,3,2,0.1966,14.71,0.6615,0,0,4,grocery,card,0
7793,,230078.13,158.06,3040,4,1,0.1115,9.17,0.8949,0,0,18,travel,card,0
7794,35.0,65534.57,9.21,766,4,0,0.0764,0.63,0.9782,0,0,11,fashion,upi,0
7795,20.0,70999.33,440.38,3575,5,0,0.0942,3.6,0.6846,0,0,19,electronics,net_banking,0
7796,40.0,42661.62,113.73,1469,4,2,0.088,5.22,0.9024,0,0,21,electronics,card,0
7797,,40029.43,136.83,2121,5,1,0.2365,10.12,0.8365,0,0,12,grocery,upi,1
7798,25.0,96678.43,251.86,697,5,2,0.1089,0.36,0.9544,0,0,1,electronics,card,1
7799,,21881.03,43.3,3679,3,0,0.1993,5.45,0.8367,0,0,22,electronics,upi,0
7800,28.0,29334.31,193.95,2582,3,0,0.2308,0.25,0.9506,1,0,3,grocery,upi,0
7801,42.0,48005.4,307.19,3085,3,0,0.3709,11.39,0.9144,1,0,16,jewelry,card,0
7802,26.0,115631.59,259.05,3581,4,0,0.2028,8.32,0.6392,0,0,11,grocery,card,0
7803,59.0,44761.52,98.89,3982,4,0,0.121,4.47,0.9243,0,0,9,travel,wallet,0
7804,64.0,69145.75,485.36,1039,2,0,0.1839,8.01,0.8875,0,1,18,food,card,0
7805,61.0,55845.22,66.38,1335,5,0,0.0629,15.73,0.7823,0,0,9,food,net_banking,0
7806,58.0,112199.14,96.3,991,4,0,0.0923,0.23,0.7819,1,0,6,grocery,card,0
7807,31.0,23005.55,157.11,2021,3,0,0.1755,14.86,0.9228,0,0,19,food,card,0
7808,48.0,82443.48,241.88,3595,6,0,0.2761,11.46,0.9443,0,0,15,gaming,card,0
7809,23.0,49300.72,130.11,2960,1,0,0.1505,12.72,0.9359,0,0,1,food,upi,0
7810,39.0,91470.77,614.95,2285,3,0,0.5707,20.52,0.841,0,0,0,electronics,upi,0
7811,46.0,35048.33,241.83,1910,5,0,0.3424,6.28,0.5824,1,0,3,electronics,upi,0
7812,56.0,55742.86,194.15,2927,6,0,0.1583,0.75,0.8794,0,0,12,food,,0
7813,23.0,51984.96,233.48,1885,5,1,0.1584,4.68,0.6388,0,0,6,electronics,upi,0
7814,64.0,31689.76,374.6,3559,4,0,0.0849,2.7,0.7784,0,0,9,electronics,net_banking,0
7815,44.0,27196.98,229.0,2250,5,0,0.1295,0.12,0.862,0,0,18,food,card,1
7816,68.0,39969.11,29.47,2669,1,0,0.0168,15.33,0.6408,1,0,11,gaming,upi,0
7817,48.0,59074.26,535.11,2727,7,0,0.1538,20.91,0.8323,0,1,20,travel,card,1
7818,49.0,36271.47,202.88,2977,4,1,0.2078,12.74,0.7833,0,0,1,fashion,wallet,0
7819,57.0,45869.15,357.03,1927,3,0,0.1187,5.12,0.3657,0,0,18,gaming,upi,0
7820,64.0,19494.74,119.94,1566,6,0,0.2627,12.85,0.752,1,0,7,jewelry,card,0
7821,26.0,44856.82,28.97,1677,2,0,0.3618,4.51,,0,0,8,food,upi,0
7822,47.0,96573.64,18.43,3754,0,1,0.0355,0.3,0.7589,1,1,3,food,card,0
7823,19.0,81059.41,70.01,465,1,1,0.4199,0.38,0.8074,0,1,20,travel,card,0
7824,45.0,52432.47,301.95,2824,2,0,0.5004,5.21,0.8444,0,0,3,food,card,0
7825,64.0,62887.17,659.08,3843,5,0,0.2079,29.51,0.9121,0,0,9,grocery,upi,0
7826,67.0,34875.69,243.45,314,2,0,0.1391,16.87,0.8054,0,0,23,travel,card,0
7827,34.0,134393.82,62.85,2482,2,0,0.1503,19.23,0.6121,0,0,6,travel,,0
7828,40.0,171503.31,82.17,2393,4,0,0.0936,2.19,0.9094,0,0,22,food,upi,0
7829,49.0,60218.9,701.86,1357,4,1,0.0838,10.39,0.7088,0,0,4,fashion,wallet,0
7830,40.0,228654.1,48.53,405,6,0,0.2715,0.19,0.8936,0,0,14,travel,card,0
7831,28.0,37834.93,1472.52,2720,7,0,0.0368,2.78,0.8032,0,0,3,fashion,upi,0
7832,,27639.33,1174.97,2102,3,0,0.0479,10.09,0.8054,0,0,17,,card,0
7833,,37227.22,1521.85,3014,6,0,0.0389,11.1,0.8406,1,0,10,food,card,0
7834,47.0,48745.53,263.4,381,2,0,0.3088,1.67,0.8101,0,0,17,grocery,wallet,0
7835,70.0,196167.68,127.92,3740,6,0,0.1321,5.75,0.7774,0,0,21,gaming,wallet,0
7836,49.0,47119.91,257.06,2520,1,0,0.2927,1.32,0.7995,0,0,1,food,card,0
7837,40.0,,446.55,1787,6,0,0.1928,1.01,0.8535,0,1,10,travel,wallet,0
7838,55.0,33554.83,93.9,1841,2,0,0.2292,19.52,0.4918,0,0,14,food,card,0
7839,62.0,102960.49,59.84,3809,0,0,0.121,3.54,0.8589,0,0,22,fashion,upi,0
7840,42.0,95187.55,135.51,2225,2,1,0.1952,20.82,0.6884,0,0,3,food,card,0
7841,45.0,42111.47,83.15,2333,5,0,0.0585,6.25,0.7131,0,0,22,gaming,upi,0
7842,30.0,19602.4,622.56,2606,1,0,0.123,1.1,0.6566,0,0,14,food,upi,0
7843,67.0,29565.46,97.18,1270,3,0,0.0807,2.31,0.7649,1,0,7,food,upi,0
7844,67.0,141743.25,198.07,1023,1,0,0.1795,6.75,0.9101,0,0,1,fashion,wallet,0
7845,27.0,80332.76,481.06,3012,2,1,0.464,1.5,0.9034,0,0,4,grocery,upi,0
7846,37.0,57016.29,647.29,1298,4,0,0.3875,0.39,0.8627,0,1,9,food,card,0
7847,33.0,153729.02,221.74,165,3,1,0.0436,8.03,0.8195,0,0,5,jewelry,net_banking,0
7848,70.0,,264.34,1943,2,0,0.0456,0.1,0.9679,1,1,16,food,wallet,0
7849,21.0,53923.5,65.1,70,3,0,0.08,3.53,0.7068,0,0,19,fashion,card,0
7850,29.0,54471.01,500.7,2278,1,1,0.0505,2.89,0.6592,0,0,5,food,card,0
7851,35.0,39933.18,636.82,2587,4,0,0.1527,3.8,0.9266,0,1,11,electronics,card,0
7852,49.0,47030.74,27.73,3696,3,1,0.4825,0.11,0.5974,0,0,14,food,card,1
7853,32.0,24284.89,1049.33,2439,7,1,0.3274,1.34,0.8835,0,0,10,grocery,net_banking,1
7854,48.0,24230.71,89.33,1427,9,0,0.2116,2.16,0.9083,0,1,2,electronics,wallet,1
7855,60.0,,326.23,2580,1,0,0.0964,4.09,0.7791,0,0,14,fashion,wallet,0
7856,65.0,99854.94,194.52,2379,7,0,0.0192,7.64,0.8791,0,0,6,food,card,0
7857,23.0,,169.45,2972,5,0,0.0845,4.52,0.8502,0,0,23,electronics,card,0
7858,25.0,160743.91,146.41,3692,4,0,0.0358,1.99,0.6749,0,0,16,electronics,upi,0
7859,23.0,36804.69,66.71,415,5,0,0.2201,5.31,0.9266,0,0,13,food,upi,0
7860,69.0,143004.43,303.93,2879,0,2,0.388,0.42,,1,0,3,travel,upi,0
7861,55.0,44995.09,135.22,3225,3,0,0.0134,7.24,0.8056,0,0,23,electronics,upi,0
7862,48.0,23241.29,48.6,1333,7,0,0.0507,4.44,0.6198,0,0,22,grocery,card,0
7863,,111431.67,63.94,1631,9,0,0.4469,3.18,0.8857,0,0,21,electronics,wallet,0
7864,,118909.09,49.43,1676,11,0,0.0789,4.13,0.9544,0,0,16,food,upi,0
7865,31.0,33415.01,106.52,1512,3,0,0.0989,8.01,0.8258,0,0,13,food,card,0
7866,47.0,45829.34,292.38,3518,7,0,0.1349,0.52,0.7317,0,1,23,grocery,card,0
7867,58.0,33419.7,88.4,1324,3,1,0.0794,13.72,0.6794,0,1,1,jewelry,wallet,1
7868,20.0,51472.28,477.42,1767,6,0,0.2996,8.13,0.7248,0,0,0,gaming,card,0
7869,52.0,,159.77,2351,6,1,0.1057,7.1,0.7747,0,0,19,jewelry,wallet,0
7870,46.0,45334.69,134.77,1030,3,0,0.0629,6.21,0.9019,0,0,4,jewelry,wallet,0
7871,21.0,20225.47,183.04,2800,3,0,0.4537,8.13,0.9042,0,1,12,food,card,0
7872,33.0,39958.83,726.41,2106,7,0,0.1993,6.38,0.8478,0,0,19,electronics,wallet,0
7873,43.0,80985.37,45.68,705,4,2,0.1369,19.87,0.8078,0,0,4,grocery,upi,1
7874,37.0,49030.3,943.24,768,2,1,0.1705,2.21,0.821,1,0,7,gaming,net_banking,0
7875,34.0,,470.18,137,3,1,0.1882,10.5,0.9172,1,0,0,food,card,1
7876,54.0,32963.67,176.14,2340,4,0,0.0961,10.73,0.8704,1,0,4,electronics,card,0
7877,41.0,39322.82,587.56,3209,4,1,0.2026,17.53,0.6578,0,0,1,food,card,0
7878,46.0,119373.19,130.38,3966,10,0,0.1702,0.07,0.8664,1,0,5,fashion,net_banking,0
7475,45.0,65118.73,185.72,911,4,0,0.1376,5.81,0.7968,0,0,12,fashion,wallet,0
7880,23.0,81759.82,104.75,3878,3,0,0.1983,30.25,0.8226,0,0,3,electronics,upi,0
7881,38.0,56442.0,473.16,3952,7,0,0.6042,2.96,,0,0,7,travel,net_banking,0
7882,22.0,62927.23,88.74,2466,3,0,0.1161,0.89,0.9087,1,0,21,food,upi,0
7883,70.0,36764.67,170.99,1519,6,0,0.1623,2.59,0.9561,0,0,20,grocery,card,0
7884,28.0,45324.86,354.99,3548,4,0,0.1861,2.63,0.9505,0,0,7,electronics,card,0
7885,64.0,54827.24,513.45,2541,5,1,0.2544,1.3,0.7862,0,0,1,grocery,net_banking,0
7886,28.0,41304.29,79.19,3266,3,2,0.2621,4.42,0.5913,0,0,21,jewelry,upi,0
7887,36.0,65997.76,382.26,928,3,0,0.1728,14.31,0.7658,1,1,22,fashion,card,0
7888,52.0,70733.88,67.42,3804,4,2,0.0967,9.3,0.9195,0,1,22,travel,card,1
7889,65.0,181693.61,20.96,1733,4,0,0.069,12.69,0.8734,0,0,11,food,wallet,0
7890,28.0,64093.16,85.19,3496,3,1,0.0678,52.47,0.7383,0,0,8,fashion,card,0
7891,30.0,19213.24,414.73,1519,4,0,0.0471,10.79,0.9152,0,1,7,grocery,card,0
7892,68.0,104271.04,177.81,3602,6,0,0.1329,4.97,0.9753,0,1,15,food,card,1
7893,36.0,49166.1,105.42,2701,3,1,0.2108,17.34,0.696,1,0,15,travel,card,0
7894,29.0,166316.42,190.27,941,3,0,0.195,4.6,0.8617,0,1,15,electronics,card,0
7895,60.0,123512.41,184.08,619,5,0,0.0978,1.24,0.9208,0,0,1,travel,card,0
7896,23.0,41655.61,335.24,657,2,1,0.088,13.83,0.8824,0,0,14,food,card,0
7897,67.0,81808.38,35.92,1517,7,0,0.1352,3.78,0.694,0,0,8,electronics,upi,0
7898,67.0,39672.48,162.49,204,6,1,0.1582,2.34,0.9556,0,0,14,electronics,card,1
7899,66.0,55081.46,203.82,2207,4,1,0.1285,2.83,0.8114,0,1,23,grocery,card,0
7900,34.0,79768.19,45.95,2647,7,0,0.0262,1.97,0.9595,0,0,9,electronics,wallet,0
7901,24.0,101441.6,45.33,2985,4,1,0.137,4.77,0.9259,0,0,21,grocery,upi,0
7902,42.0,89989.81,124.99,3736,8,0,0.0545,0.76,0.6718,0,0,23,electronics,card,0
7903,37.0,57315.87,181.54,3207,2,0,0.2945,1.63,0.6186,1,0,7,gaming,wallet,0
7904,72.0,215555.05,182.18,3975,0,1,0.1174,5.86,0.8072,0,0,0,,wallet,0
7905,54.0,44995.93,103.19,2426,8,0,0.2503,6.93,0.8279,0,0,0,food,card,0
7906,71.0,,99.05,3413,4,0,0.3855,3.68,0.7881,0,0,7,fashion,net_banking,0
7907,60.0,25260.67,121.24,3105,6,1,0.2126,6.12,0.733,0,0,11,grocery,card,1
7908,58.0,123722.04,242.62,3329,5,0,0.1055,7.68,0.8833,0,0,6,electronics,net_banking,0
7909,24.0,52729.45,624.89,1660,2,1,0.0389,6.87,0.7928,0,1,21,gaming,wallet,0
7910,21.0,60028.22,19.54,2089,2,0,0.3148,4.51,0.6782,0,0,14,fashion,wallet,0
7911,20.0,40810.73,335.61,3658,5,0,0.3449,7.1,0.78,0,0,18,travel,upi,0
7912,51.0,42877.48,161.06,1824,3,0,0.1148,0.51,0.8336,0,1,19,food,upi,0
7913,29.0,35674.3,304.5,2437,4,1,0.0655,4.27,0.7681,0,0,20,travel,wallet,0
7914,74.0,71269.33,589.04,2572,5,0,0.0711,3.36,0.9531,0,0,13,food,net_banking,0
7915,25.0,52131.75,84.59,763,3,1,0.0458,11.55,0.8493,0,0,21,fashion,card,0
7916,71.0,69866.49,462.78,120,1,1,0.0582,11.31,0.8992,0,0,0,grocery,upi,0
7917,56.0,66289.02,51.36,2790,4,0,0.0743,11.07,0.8693,0,0,18,food,card,0
7918,24.0,43514.75,204.5,3183,2,0,0.1295,7.12,0.7601,1,1,2,travel,card,0
7919,21.0,24656.27,141.24,2342,1,0,0.1094,5.45,0.9154,0,0,21,food,upi,0
7920,40.0,23503.36,188.53,2640,4,0,0.1389,6.01,0.8463,1,0,20,food,upi,0
7921,37.0,250000.0,66.95,295,2,0,0.0515,2.04,0.8744,1,0,21,travel,card,0
7922,35.0,,278.62,705,6,0,0.0406,0.93,0.7917,0,0,3,jewelry,,0
7923,48.0,114942.68,879.4,2958,2,1,0.3091,13.33,0.8561,0,0,7,,card,0
7924,25.0,37951.14,68.11,2553,4,0,0.1762,9.2,0.5177,0,0,18,food,net_banking,0
7925,25.0,55288.42,217.59,815,2,0,0.2077,1.15,0.7311,0,1,18,fashion,upi,0
7926,57.0,35123.96,423.62,2409,0,0,0.4069,12.62,0.9364,0,0,6,grocery,card,0
7927,74.0,26727.37,133.78,169,3,0,0.2506,5.82,0.7342,0,0,17,electronics,card,0
7928,33.0,39785.71,701.59,3158,3,0,0.4312,1.14,0.9668,0,0,19,grocery,card,0
7929,71.0,114061.17,117.13,136,6,0,0.0376,0.46,0.8386,0,0,3,grocery,card,1
7930,37.0,87334.29,160.24,3354,5,1,0.3051,5.85,0.546,0,0,19,grocery,card,0
7931,37.0,32259.31,66.67,918,4,0,0.249,19.64,0.8991,0,0,9,electronics,card,0
7932,23.0,46255.68,204.29,1036,6,1,0.3611,1.33,0.8198,0,0,9,fashion,upi,1
7933,42.0,83042.37,180.54,3705,4,0,0.0932,7.21,0.7943,1,0,0,grocery,upi,0
7934,46.0,40177.17,339.97,3263,7,0,0.39,2.9,0.671,0,0,21,grocery,upi,0
7935,55.0,57460.95,95.27,1366,7,0,0.5362,3.18,0.9191,0,1,6,gaming,upi,1
7936,27.0,68603.89,91.01,752,4,0,0.1368,0.02,0.5071,0,0,6,electronics,,1
7937,,68193.21,285.84,465,7,0,0.1521,4.12,0.8762,0,0,9,,card,0
7938,42.0,63251.14,727.89,1595,9,0,0.2544,28.51,0.5351,0,0,6,fashion,upi,1
7939,21.0,38390.1,337.64,2336,2,0,0.0639,9.51,0.5622,0,0,17,electronics,card,0
7940,26.0,40621.49,1141.81,1985,6,0,0.3625,25.82,0.938,0,0,16,travel,upi,1
7941,53.0,29483.35,313.65,3589,8,2,0.2025,6.43,0.7363,0,0,3,fashion,card,1
7942,72.0,23303.37,302.55,3225,4,0,0.0608,15.89,0.6079,0,0,18,travel,upi,0
7943,50.0,51636.12,355.05,1063,4,1,0.1567,0.16,0.8588,0,0,7,grocery,card,1
7944,26.0,,797.22,3607,2,1,0.1471,1.18,0.7941,0,0,5,food,upi,0
7945,74.0,25743.39,620.5,1863,5,1,0.2389,8.43,0.7675,1,0,13,electronics,upi,0
7946,47.0,63909.53,60.83,98,6,0,0.2681,2.63,0.9102,0,0,3,electronics,wallet,0
7947,58.0,84680.08,400.83,3410,4,0,0.1677,1.62,0.9852,0,0,21,grocery,upi,0
7948,29.0,20027.97,234.7,2956,2,0,0.2839,6.87,0.551,0,0,6,electronics,upi,0
7949,50.0,47394.85,148.25,1440,4,0,0.0745,25.22,0.9197,0,1,11,grocery,upi,0
8526,34.0,47713.43,667.03,1642,7,0,0.3196,5.54,0.9275,0,0,13,grocery,upi,0
7951,53.0,74507.57,38.58,3625,3,2,0.0234,10.23,,0,0,10,gaming,card,0
7952,29.0,19659.91,125.02,3818,3,0,0.1867,12.79,0.8869,1,1,1,electronics,card,0
7953,69.0,78997.79,41.61,3652,4,1,0.1223,3.31,0.816,0,0,8,gaming,card,0
7954,21.0,36454.98,127.64,1093,4,0,0.2034,0.0,0.8254,0,0,16,,card,0
7955,55.0,80443.25,367.71,2243,6,0,0.0977,0.25,0.5334,0,1,23,grocery,wallet,1
7956,25.0,37629.5,100.69,716,7,0,0.15,3.55,0.6094,0,0,12,grocery,card,0
7957,57.0,53418.94,195.67,2736,1,1,0.488,30.76,0.7442,0,0,17,travel,upi,0
7958,46.0,40922.69,61.74,2010,2,0,0.1954,9.8,0.517,0,0,5,grocery,wallet,0
7959,73.0,55095.6,242.68,3520,5,0,0.0777,0.81,0.9096,0,0,19,grocery,wallet,0
7960,55.0,40258.82,299.19,3606,6,0,0.1283,10.99,0.9106,0,1,3,food,net_banking,0
7961,39.0,48637.13,43.38,1291,3,1,0.2085,0.48,0.5332,0,1,2,fashion,card,0
7962,22.0,28810.8,84.87,1282,0,0,0.1342,2.29,0.6818,0,0,3,grocery,upi,0
7963,51.0,72038.16,50.69,156,6,0,0.4267,5.6,0.6393,0,0,19,food,upi,0
7964,43.0,60566.39,299.52,2035,6,0,0.4351,2.69,0.6954,0,0,5,food,upi,0
7965,20.0,22606.57,212.08,1557,4,0,0.2949,15.58,0.7731,1,0,19,travel,card,1
7966,51.0,94958.25,171.27,3982,3,0,0.1276,4.14,0.425,0,0,8,gaming,upi,0
7967,29.0,49917.66,158.33,3276,0,0,0.1661,25.64,0.7027,1,0,10,fashion,card,0
7968,31.0,60117.59,248.59,1840,4,1,0.381,3.17,0.9139,0,1,10,grocery,card,1
7969,18.0,83750.5,253.61,2284,2,0,0.2104,2.14,0.8753,1,0,3,grocery,upi,0
7970,39.0,65882.08,109.66,2524,2,0,0.1593,1.91,0.9392,0,1,2,electronics,upi,0
7971,30.0,104396.37,95.33,3614,5,0,0.1587,0.52,0.8144,0,1,12,jewelry,card,0
7972,22.0,46806.43,169.69,3982,2,1,0.3162,11.55,0.9263,1,0,2,gaming,wallet,0
3945,25.0,52044.55,268.22,2926,4,1,0.1923,0.07,0.941,0,0,1,fashion,upi,0
7974,30.0,58847.05,1413.24,1488,5,0,0.0987,25.03,0.8395,0,0,1,electronics,upi,0
7975,25.0,72713.83,122.62,2860,5,0,0.1397,0.27,0.7663,0,0,5,food,card,0
7976,44.0,68671.15,240.48,1113,6,1,0.021,53.0,0.9876,0,0,7,travel,card,0
7977,21.0,108824.32,286.83,587,5,0,0.1823,5.11,0.7342,0,0,1,travel,wallet,0
7978,74.0,81786.32,730.32,1152,4,0,0.0822,1.96,0.7994,0,0,2,food,card,0
7979,44.0,43108.2,79.98,1285,4,0,0.3401,4.72,0.8927,0,0,14,electronics,wallet,0
7980,74.0,38653.46,687.19,2479,1,0,0.0875,13.91,0.9145,0,0,17,grocery,net_banking,0
7981,68.0,53515.34,155.33,2950,5,0,0.1623,4.92,0.8567,0,0,22,electronics,upi,0
7982,73.0,36207.9,2195.8,675,2,0,0.1919,14.45,0.6755,0,0,19,food,card,0
7983,48.0,30834.29,258.67,208,4,1,0.1323,2.67,0.541,0,0,20,food,card,1
7984,42.0,17062.86,52.67,683,5,0,0.1401,0.31,0.9253,0,1,3,food,card,0
7985,59.0,23458.64,147.79,3648,1,0,0.1821,0.18,0.7925,0,0,6,food,card,0
7986,22.0,163908.23,684.87,1062,5,0,0.1121,4.1,0.751,0,0,3,travel,upi,0
7987,65.0,38330.96,195.29,2127,3,1,0.2729,27.33,0.8336,0,1,18,food,card,0
7988,36.0,156684.83,169.58,2177,3,1,0.0725,27.22,0.9529,0,0,4,grocery,upi,0
7989,18.0,68653.23,369.43,1133,3,1,0.3524,8.55,0.9191,0,1,0,jewelry,wallet,0
7990,31.0,53515.23,127.48,3381,3,0,0.0432,5.68,0.8718,0,0,4,grocery,upi,0
7991,,24094.9,145.8,288,5,0,0.1294,6.78,0.7973,0,0,17,fashion,upi,0
7992,18.0,55141.42,69.99,2131,3,0,0.3575,15.72,0.8836,0,0,13,grocery,,0
7993,,155716.07,1014.12,1672,3,0,0.0438,12.15,0.847,1,1,12,food,wallet,0
7994,23.0,129545.66,53.0,3137,2,0,0.2957,0.87,0.666,0,0,16,grocery,card,0
7995,66.0,63954.02,213.24,812,4,1,0.1795,13.29,0.9406,0,1,5,grocery,upi,0
7996,43.0,29240.82,290.86,3831,3,0,0.0735,6.58,0.8255,0,0,17,jewelry,upi,0
7997,58.0,32488.7,177.56,3175,3,0,0.0593,5.12,0.771,0,1,9,electronics,wallet,0
7998,37.0,34412.08,51.37,2967,4,0,0.0754,6.86,0.8517,0,0,18,gaming,wallet,0
7999,25.0,111087.52,66.3,1993,4,1,0.0398,1.09,0.7705,0,0,14,electronics,card,0
8000,28.0,134933.14,303.53,2581,8,1,0.1585,5.76,0.8082,0,0,7,electronics,upi,1
8001,54.0,61256.76,82.52,854,7,0,0.3196,12.82,0.8616,0,0,16,fashion,upi,0
8002,58.0,46555.21,22.67,62,5,2,0.0513,1.1,0.8254,1,0,14,jewelry,wallet,0
8003,33.0,128911.22,265.05,2990,1,0,0.2265,12.38,0.7821,0,0,9,fashion,card,0
8004,38.0,,75.22,1810,1,0,0.3422,11.36,0.9473,0,1,22,fashion,card,1
8005,71.0,56590.21,338.38,1429,1,1,0.4183,4.83,0.8209,0,0,5,jewelry,upi,0
8006,66.0,70949.23,147.13,1094,4,2,0.1645,12.02,0.8849,1,0,6,grocery,card,0
8007,41.0,34219.4,140.21,2492,4,1,0.206,10.06,0.7593,0,0,14,electronics,upi,0
8008,31.0,38767.43,189.65,2064,2,0,0.1915,0.76,0.821,0,0,5,jewelry,wallet,0
8009,35.0,37143.08,57.65,2709,2,1,0.1736,4.98,0.7121,0,0,15,fashion,card,0
8010,48.0,119885.0,78.85,3805,3,0,0.4062,0.2,0.9229,0,0,15,food,upi,0
8011,50.0,157627.58,138.8,3346,4,0,0.2128,2.08,0.8649,0,0,23,electronics,upi,0
8012,28.0,58584.44,57.32,1302,7,0,0.1083,23.04,0.7838,0,0,2,electronics,upi,0
8013,21.0,47456.47,367.52,990,3,0,0.2035,0.85,0.7551,0,0,10,food,wallet,0
8014,46.0,39544.26,132.37,668,3,0,0.1744,9.26,0.9111,1,1,20,electronics,card,0
8015,63.0,55052.85,42.25,2289,4,0,0.1723,16.45,0.7042,0,0,7,grocery,upi,0
8016,26.0,40638.31,102.92,3308,2,1,0.0067,2.75,0.8567,0,1,5,travel,card,0
8017,41.0,52141.78,199.17,1035,8,2,0.4717,5.29,0.5968,0,0,6,travel,card,1
8018,27.0,69034.84,115.22,3962,5,0,0.0697,20.09,0.6844,0,0,21,grocery,card,0
8019,31.0,44009.74,268.48,1734,2,0,0.2269,0.35,0.8573,0,1,7,food,net_banking,0
8020,52.0,49553.84,319.58,3126,6,0,0.1437,1.52,0.7266,0,0,14,fashion,card,0
8021,34.0,49666.63,1987.55,1213,4,1,0.1051,6.63,0.9511,1,0,13,electronics,upi,0
8022,33.0,46185.84,568.84,579,2,1,0.4078,3.52,0.6842,0,0,1,food,net_banking,0
8023,74.0,43143.72,35.04,2065,2,0,0.1046,0.61,0.9451,1,0,21,fashion,card,0
8024,27.0,83641.63,125.55,2216,2,2,0.3788,14.65,0.9588,0,0,15,grocery,wallet,0
8025,28.0,20768.31,137.87,1928,4,0,0.2417,3.51,0.8997,1,0,1,fashion,card,0
8026,70.0,130736.93,319.91,1638,4,0,0.3138,8.65,0.981,0,0,13,food,card,0
8027,49.0,59256.44,70.77,2610,6,0,0.4959,15.72,0.8489,0,1,10,food,net_banking,0
8028,20.0,76925.92,105.82,2544,1,0,0.1945,0.03,0.3428,0,0,5,food,card,0
8029,42.0,81951.37,51.86,631,5,0,0.1908,4.8,0.8996,0,0,22,travel,card,0
8030,50.0,37259.27,98.56,2684,5,0,0.1236,11.29,0.8977,0,0,9,food,wallet,0
8031,32.0,33262.68,102.31,1350,7,0,0.1695,12.22,0.7713,0,1,15,electronics,card,1
8032,49.0,31174.02,131.62,3234,1,1,0.0826,8.71,0.9112,0,0,14,travel,upi,0
8033,54.0,48011.75,54.95,2006,9,0,0.0195,3.26,0.8341,0,0,11,grocery,wallet,0
8034,32.0,80793.44,480.57,983,2,0,0.2951,15.35,0.8672,0,0,19,fashion,net_banking,0
8035,64.0,39895.52,288.64,745,1,0,0.1757,6.76,0.8629,0,0,9,travel,card,0
8036,43.0,76837.71,42.27,3859,3,0,0.2253,7.92,0.7411,0,0,20,grocery,card,0
8037,72.0,15000.0,184.74,2883,5,0,0.2072,1.14,0.6899,0,1,15,grocery,upi,1
8038,23.0,44490.3,37.63,882,5,0,0.2885,3.96,0.8889,0,0,0,jewelry,upi,0
8039,36.0,104507.49,688.98,2021,3,2,0.1134,5.62,0.8248,1,1,14,,card,1
8040,59.0,50063.84,904.21,522,6,0,0.0169,7.75,0.4909,0,0,1,gaming,card,0
8041,69.0,34858.75,170.24,3341,3,0,0.1378,9.88,0.7031,0,0,1,electronics,wallet,0
8042,30.0,38323.73,76.73,3320,5,0,0.3353,18.24,0.8922,0,0,1,electronics,upi,0
8043,73.0,15000.0,92.64,3218,5,0,0.1524,5.05,0.8346,0,0,18,fashion,card,0
8044,29.0,31526.93,114.34,1869,5,0,0.1847,3.88,0.8345,0,1,13,electronics,wallet,0
8045,41.0,,161.76,688,5,0,0.2079,9.69,0.756,0,0,22,travel,card,0
8046,35.0,39920.97,708.7,1976,5,0,0.4783,20.08,0.9006,0,1,16,food,upi,1
8047,42.0,42599.13,468.04,2056,5,0,0.1456,12.67,0.8415,0,0,18,gaming,upi,0
8048,69.0,15253.92,475.31,1295,7,0,0.2096,10.75,0.927,0,1,2,travel,card,1
8049,59.0,22429.4,213.48,1529,3,0,0.2564,4.39,0.7267,0,0,8,food,net_banking,0
8050,63.0,105832.77,56.79,214,2,1,0.1835,2.62,0.8061,0,0,21,food,upi,0
8051,32.0,77234.4,83.34,2107,2,0,0.1773,3.1,0.8598,0,0,4,gaming,wallet,0
8052,71.0,26943.49,191.27,798,5,0,0.2586,0.61,0.9518,0,1,3,grocery,upi,0
8053,42.0,38881.49,54.16,3368,5,2,0.1559,2.54,0.897,0,0,18,food,upi,0
8054,55.0,54124.58,243.94,3053,6,0,0.0934,2.62,0.6124,0,0,8,food,card,0
8055,57.0,28487.43,402.66,2426,3,0,0.2604,5.39,0.7122,0,0,2,jewelry,wallet,0
8056,55.0,18266.23,310.54,920,5,0,0.5144,25.03,0.9706,0,0,6,travel,card,0
8057,52.0,50388.73,298.31,2681,7,0,0.3456,0.37,0.7673,0,0,22,travel,card,0
8058,45.0,75359.34,27.85,3970,3,0,0.2755,9.17,0.7222,0,0,12,electronics,wallet,0
8059,54.0,76161.4,682.88,2533,1,0,0.3484,1.71,0.881,0,0,9,fashion,upi,0
8060,69.0,89006.89,37.55,3151,4,1,0.3398,2.39,0.7964,0,0,8,grocery,upi,0
8061,40.0,23403.29,154.5,3604,1,0,0.2486,15.44,0.9522,0,0,14,electronics,wallet,0
8062,47.0,56779.72,334.12,3398,6,2,0.1077,5.31,0.4786,0,0,10,grocery,upi,1
8063,28.0,47450.4,257.64,673,5,0,0.3466,4.58,0.9309,0,0,14,grocery,card,0
8064,38.0,52423.86,50.16,3496,2,0,0.0571,0.22,0.9355,0,0,16,electronics,card,0
8065,62.0,48952.64,60.02,3068,3,1,0.0173,9.21,0.6376,0,0,16,gaming,card,0
8066,54.0,38247.82,239.85,2884,5,0,0.1663,1.96,0.494,0,0,5,,card,0
8067,30.0,,300.01,934,5,1,0.2087,7.34,,0,0,10,electronics,card,0
8068,49.0,104202.82,59.49,1880,6,1,0.4369,2.78,0.7083,0,1,10,grocery,wallet,0
8069,64.0,65945.44,266.55,3618,2,0,0.2673,9.98,0.9511,0,0,15,grocery,wallet,0
8070,25.0,24312.09,39.55,3670,3,0,0.5093,2.96,0.7935,0,0,3,food,wallet,0
8071,21.0,71347.02,336.08,488,2,0,0.1077,13.16,0.5318,1,1,11,grocery,card,0
8072,40.0,,74.37,1723,6,0,0.0655,32.23,0.6729,0,0,0,food,card,1
8073,55.0,43680.35,195.09,2436,1,0,0.0915,10.77,0.8159,0,1,21,fashion,net_banking,0
8074,35.0,36042.73,164.94,410,2,0,0.1532,11.54,0.8075,1,1,14,grocery,card,1
8075,64.0,73894.98,574.57,1006,6,0,0.0184,11.78,0.9601,0,0,9,electronics,upi,0
8076,66.0,35425.44,229.31,2397,8,2,0.4453,0.67,0.5317,0,0,23,,wallet,1
8077,48.0,30086.43,98.87,2634,4,0,0.1999,2.64,0.8536,0,0,2,grocery,card,0
8078,39.0,102492.83,257.89,449,6,1,0.1163,2.29,0.9687,0,1,23,grocery,card,1
8079,,49846.51,1533.6,1711,6,0,0.0369,5.26,0.5923,0,0,5,grocery,wallet,0
8080,64.0,50714.69,377.31,2631,4,2,0.1667,3.96,0.9061,0,0,8,fashion,card,0
8081,69.0,80494.47,169.66,3962,8,0,0.067,7.82,0.7474,0,0,19,food,card,1
8082,43.0,38097.95,78.21,3990,5,1,0.1078,16.5,0.7416,0,1,6,jewelry,wallet,0
8083,,42514.66,97.17,1263,5,1,0.2094,2.26,0.834,0,0,21,grocery,upi,0
8084,60.0,65070.84,355.3,2710,2,0,0.1759,35.82,0.8988,0,0,10,jewelry,upi,0
8085,57.0,,74.23,2224,2,1,0.2789,1.61,0.8088,0,0,2,grocery,wallet,0
8086,25.0,62111.9,180.48,865,6,1,0.1667,13.06,0.7577,0,0,23,grocery,card,0
8087,56.0,36295.43,757.92,2044,1,0,0.1454,0.27,0.8239,0,0,14,food,upi,0
8088,70.0,88044.57,209.21,577,9,0,0.3066,7.38,0.9272,0,0,22,gaming,card,1
8089,60.0,74291.61,61.18,507,4,0,0.1622,15.42,0.9187,1,0,22,gaming,card,1
8090,45.0,69084.8,1588.91,1444,3,1,0.1004,4.45,0.8279,0,0,23,grocery,net_banking,0
8091,47.0,22725.92,1048.8,1067,2,1,0.2484,7.36,0.9251,0,0,21,grocery,card,0
8092,32.0,51959.56,297.12,608,0,0,0.1627,8.63,0.9017,0,1,10,electronics,upi,0
8093,55.0,28784.49,644.65,235,1,0,0.2067,21.86,0.7685,0,0,4,grocery,card,0
8094,31.0,53896.1,137.82,2291,5,1,0.1868,31.57,0.8661,0,1,20,grocery,card,0
8095,37.0,15393.25,371.45,53,5,0,0.2632,27.65,0.9396,0,0,10,gaming,wallet,0
8096,33.0,23567.66,117.85,3138,2,0,0.3491,4.98,0.7955,0,0,18,grocery,card,0
8097,37.0,105773.68,46.41,319,4,0,0.2274,5.94,,0,0,0,fashion,net_banking,0
8098,38.0,67377.59,2403.98,2642,4,0,0.4501,0.43,0.706,0,0,17,food,card,0
8099,22.0,45274.07,44.1,619,7,0,0.1746,3.15,0.7221,0,1,4,fashion,wallet,0
8100,58.0,33365.56,242.38,2480,2,0,0.1462,4.92,0.8226,1,0,15,fashion,wallet,0
8101,43.0,30295.33,239.57,596,6,0,0.2521,9.64,0.8971,0,0,13,fashion,upi,0
8102,72.0,61400.55,301.56,1759,1,0,0.26,2.12,0.8676,0,1,18,food,card,0
8103,28.0,45528.36,164.56,2648,5,0,0.1392,1.89,0.8364,0,0,4,food,card,0
6647,26.0,99772.87,162.16,1395,5,1,0.2121,12.29,,1,0,22,food,card,0
8105,28.0,49685.5,206.72,556,4,0,0.1813,4.04,0.8235,1,0,18,jewelry,upi,0
8106,49.0,56805.29,290.86,2561,3,0,0.2639,14.7,0.7215,1,0,3,grocery,card,0
6036,23.0,102181.65,913.37,1136,3,0,0.3192,3.89,0.828,1,0,0,food,net_banking,1
8108,43.0,45102.99,168.11,1694,2,1,0.17,4.93,0.6387,0,0,17,fashion,wallet,1
8109,55.0,60623.25,48.03,516,7,0,0.2266,1.29,0.8577,0,0,17,gaming,card,0
8110,65.0,44804.16,1348.35,1242,3,0,0.2559,2.01,0.5696,0,0,18,fashion,card,0
8111,36.0,42107.99,307.56,893,3,2,0.3555,4.5,0.9424,0,0,16,fashion,card,1
8112,66.0,65833.81,221.82,2647,1,0,0.2384,9.75,0.7681,1,1,16,gaming,card,0
8113,28.0,126530.83,96.4,1223,4,1,0.0855,4.43,0.574,0,0,8,food,card,0
8114,34.0,59564.89,65.98,1532,2,0,0.2394,7.29,0.8572,0,0,10,fashion,upi,0
8115,35.0,103196.57,425.36,1067,7,0,0.4493,4.65,0.6929,0,0,23,gaming,upi,0
8116,72.0,77417.63,153.41,698,3,0,0.1954,5.38,0.866,0,0,7,fashion,card,0
8117,24.0,99855.84,334.96,3252,6,0,0.2615,6.14,0.7024,0,0,1,grocery,upi,0
8118,40.0,39329.99,46.56,1949,6,0,0.5639,0.31,0.6446,0,1,6,travel,upi,1
8119,42.0,49083.51,845.4,2297,3,0,0.1921,0.39,0.7146,0,0,18,electronics,card,0
8120,,49195.77,443.34,1178,6,0,0.117,0.94,0.926,0,0,2,grocery,card,0
8121,45.0,74275.84,165.98,377,6,1,0.1715,10.7,0.6192,0,0,14,electronics,upi,0
8122,73.0,85043.27,287.32,2941,5,1,0.3722,0.61,0.8858,1,0,16,fashion,card,0
8123,60.0,58916.08,377.65,2896,6,0,0.1241,9.17,0.9373,1,0,15,jewelry,net_banking,0
8124,58.0,89078.84,47.27,216,4,1,0.083,18.32,0.4879,0,0,18,fashion,upi,0
8125,60.0,40346.35,963.7,3548,5,0,0.2513,4.42,0.7183,0,1,13,fashion,card,0
8126,27.0,89504.67,291.84,3415,6,0,0.3097,13.16,0.7908,0,0,11,grocery,upi,0
8127,43.0,96161.43,89.02,3399,5,0,0.0115,7.53,0.8175,0,0,23,gaming,upi,0
8128,,79834.53,60.12,1861,4,1,0.2408,45.78,0.5593,0,0,3,electronics,upi,0
8129,29.0,59212.14,483.02,2784,3,0,0.1894,0.68,0.9095,0,1,1,food,upi,0
8130,24.0,81423.26,222.32,93,5,1,0.1907,37.64,0.7878,0,0,21,electronics,card,0
8131,25.0,33637.14,291.65,2405,4,0,0.0519,5.42,0.8312,0,1,16,jewelry,upi,0
8132,,61340.02,184.86,559,3,0,0.1267,2.02,0.89,0,1,3,grocery,wallet,0
8133,55.0,64884.84,66.04,3639,6,0,0.2075,10.06,0.9327,0,0,8,electronics,upi,0
8134,34.0,26472.32,299.34,3783,1,0,0.1242,7.19,0.7822,0,0,18,food,upi,0
8135,60.0,71404.05,147.74,627,6,0,0.249,28.26,0.9343,0,0,12,grocery,upi,0
8136,57.0,27673.71,176.14,2161,5,0,0.3381,10.53,0.7581,0,1,12,grocery,upi,0
8137,64.0,43465.96,1939.06,2381,4,0,0.2795,10.79,0.7288,1,0,1,electronics,card,1
8138,69.0,,429.24,3081,1,0,0.1436,0.25,0.9287,0,0,3,grocery,upi,0
8139,68.0,36797.44,454.74,1970,6,0,0.3604,4.32,0.8925,0,0,19,grocery,card,1
8140,28.0,57554.82,2733.89,3534,2,0,0.0551,8.08,0.8481,0,1,22,grocery,upi,0
8141,61.0,57050.65,264.42,1401,9,0,0.2525,1.47,0.8495,0,1,10,fashion,net_banking,0
8142,40.0,35031.0,202.89,1301,6,0,0.1281,0.8,0.7385,0,0,21,gaming,wallet,0
8143,40.0,75167.51,91.26,2924,5,0,0.0868,6.81,0.9112,0,0,5,jewelry,card,0
8144,54.0,36127.24,114.48,2201,3,0,0.0329,4.0,0.8131,0,0,14,gaming,wallet,0
8145,52.0,193585.46,23.24,354,1,0,0.3181,9.39,0.6829,0,0,13,jewelry,card,0
8146,41.0,51786.0,396.78,2611,7,0,0.1611,3.76,0.9082,0,0,5,jewelry,upi,0
8147,74.0,28879.19,50.71,1139,3,0,0.386,1.78,0.6964,0,0,13,food,card,0
8148,27.0,32006.7,443.94,3371,3,0,0.0193,8.86,0.9475,0,0,9,electronics,card,0
8149,23.0,103389.4,172.42,3350,4,1,0.3049,0.86,0.6351,0,1,23,gaming,upi,0
8150,19.0,43916.92,204.59,1697,9,0,0.0155,7.79,0.9878,0,0,10,food,card,0
8151,64.0,25978.34,172.53,3417,4,2,0.0251,14.25,0.8587,0,0,15,grocery,card,0
8152,41.0,87959.39,719.84,3808,7,0,0.1824,7.83,0.6528,0,0,4,gaming,upi,0
7692,46.0,62820.05,70.15,3621,9,3,0.1632,6.39,0.738,0,0,20,food,wallet,0
8154,55.0,78784.31,174.87,2440,4,0,0.3181,10.65,0.9364,0,0,6,food,wallet,0
8155,42.0,92009.75,73.26,3734,3,0,0.29,4.04,0.7417,0,0,4,electronics,card,0
8156,50.0,63961.93,453.43,3499,7,0,0.0816,7.22,0.7214,0,0,17,travel,card,0
8157,21.0,205425.26,67.92,1927,7,1,0.2196,7.6,0.8651,0,0,9,grocery,card,1
8158,26.0,21300.38,38.02,360,1,1,0.1831,1.78,0.82,0,0,21,electronics,card,0
8159,71.0,35074.02,296.28,2414,3,0,0.0936,6.36,0.7552,0,0,13,jewelry,net_banking,0
8160,43.0,47777.78,608.77,1869,5,1,0.2052,13.34,0.8266,0,0,10,jewelry,card,0
8161,27.0,190752.85,120.05,1482,5,0,0.2948,15.35,0.6406,0,1,22,jewelry,net_banking,0
8162,39.0,147855.37,269.74,741,3,0,0.2638,21.15,0.8878,0,0,23,fashion,wallet,0
8163,37.0,111733.12,118.78,2874,10,1,0.3342,2.14,0.8279,0,1,13,fashion,card,1
8164,33.0,35536.67,370.54,3650,5,0,0.4632,4.26,0.8346,0,1,14,food,card,0
8165,34.0,37890.49,538.07,2402,5,0,0.2013,12.36,0.8694,0,0,6,travel,wallet,0
8166,59.0,,138.39,962,3,0,0.0749,6.94,0.9459,0,0,18,gaming,wallet,0
8167,24.0,35746.36,64.42,34,5,1,0.2294,0.83,0.5422,0,0,12,gaming,wallet,1
8168,35.0,125000.87,41.93,2860,6,1,0.1757,18.66,0.5154,0,0,23,electronics,upi,1
8169,44.0,48098.99,454.25,655,2,0,0.2353,17.65,0.6363,0,0,7,fashion,wallet,0
8170,48.0,51728.52,57.77,279,6,0,0.0816,6.76,0.8339,0,0,11,food,net_banking,0
8171,68.0,84204.29,261.12,813,2,0,0.2152,2.29,0.8227,0,0,9,electronics,card,0
8172,70.0,22029.73,391.65,827,3,1,0.1034,6.31,0.9231,0,1,1,grocery,wallet,0
8173,34.0,56615.82,109.03,1377,4,0,0.0405,4.25,0.7237,0,0,23,food,wallet,0
8174,48.0,30085.81,152.44,1299,9,1,0.2213,11.37,0.9606,0,0,7,electronics,net_banking,1
8175,19.0,46777.62,488.82,813,4,0,0.3052,26.98,0.6496,0,0,0,,upi,1
8176,53.0,39837.23,80.22,3134,3,1,0.2047,18.94,0.7795,0,0,8,food,card,0
8177,26.0,38723.39,72.48,3309,4,2,0.2103,1.7,0.7163,0,0,21,food,wallet,0
8178,22.0,62265.23,142.39,1027,2,0,0.055,13.85,0.7725,0,1,15,fashion,upi,0
8179,56.0,62115.81,646.05,1492,6,1,0.0757,3.77,0.9517,0,0,10,gaming,upi,0
8180,28.0,48736.68,901.16,3273,6,0,0.3131,7.54,,0,0,15,food,upi,0
8181,45.0,67438.06,163.07,3812,5,0,0.376,4.16,0.6321,0,0,19,electronics,card,0
8182,23.0,34110.16,88.31,3160,4,0,0.2258,2.13,0.7713,0,0,10,electronics,card,0
8183,60.0,80014.3,521.69,2226,2,1,0.1263,8.87,0.926,0,0,21,electronics,card,0
8184,61.0,49103.18,33.91,3969,4,1,0.1995,7.15,0.8488,0,0,14,travel,upi,0
8185,50.0,42153.52,230.57,2916,4,0,0.0887,0.43,0.864,0,0,1,gaming,card,0
3085,37.0,30157.64,112.97,3125,4,0,0.3355,1.95,0.8867,1,0,9,electronics,card,0
8187,42.0,48161.72,656.41,148,6,1,0.0892,4.13,0.9115,1,0,21,grocery,wallet,0
8188,28.0,153881.8,726.31,2560,6,1,0.1678,0.56,0.9051,0,0,15,gaming,upi,0
8189,,53117.72,70.14,1173,6,0,0.1552,4.95,0.9101,0,0,1,grocery,wallet,0
8190,30.0,29309.49,212.86,2418,5,0,0.1622,17.32,0.7157,0,0,22,jewelry,card,0
8191,,91166.15,101.73,2304,5,0,0.0554,18.67,0.8827,0,0,6,fashion,card,0
8192,36.0,42426.47,134.24,465,3,0,0.1849,14.72,0.5802,1,0,5,fashion,wallet,0
8193,30.0,64289.78,333.73,1861,6,0,0.2323,7.36,0.8678,0,0,4,grocery,card,0
8194,51.0,39417.89,128.77,2067,8,0,0.083,20.03,0.956,0,1,19,,upi,0
8195,26.0,111247.62,218.52,218,3,0,0.2253,18.64,0.5896,0,0,15,food,net_banking,0
8196,53.0,39742.27,468.82,3410,1,1,0.2225,16.43,0.5838,0,0,22,electronics,card,0
8197,37.0,118647.28,819.03,3752,7,0,0.0728,3.82,0.8447,0,0,6,food,upi,0
8198,57.0,30884.05,240.24,112,5,0,0.1702,0.98,0.7488,0,0,2,travel,wallet,0
8199,47.0,46816.45,202.5,507,3,0,0.1764,1.53,0.5846,0,0,22,grocery,upi,0
8200,69.0,118786.87,59.48,532,9,1,0.1595,4.53,0.865,0,0,1,food,wallet,1
8201,43.0,60329.97,878.97,1781,6,0,0.1054,7.38,0.6306,0,0,11,travel,wallet,0
8202,,191835.73,295.5,2414,3,0,0.0575,14.63,0.7976,1,0,3,fashion,upi,0
8203,51.0,47432.42,206.27,988,3,0,0.0878,4.76,0.8434,0,0,1,jewelry,card,0
8204,55.0,63352.02,195.98,3392,3,0,0.4264,0.56,0.9289,0,1,23,gaming,card,0
8205,43.0,156830.45,258.17,1262,4,0,0.3568,4.41,0.9202,0,0,11,gaming,wallet,0
8206,49.0,23919.05,389.45,1250,7,0,0.16,1.09,0.8425,0,0,0,travel,card,1
8207,44.0,22344.29,440.76,2364,1,1,0.1297,0.95,0.7407,0,0,12,food,upi,0
8208,35.0,35509.62,901.23,3489,4,0,0.3659,8.04,0.6931,0,0,4,grocery,card,0
8209,35.0,86029.32,229.44,1018,6,0,0.1744,0.74,0.4811,0,1,10,jewelry,card,0
8210,69.0,22689.79,1040.19,1369,5,0,0.1181,9.02,0.7863,0,0,1,electronics,upi,0
8211,56.0,76379.18,518.37,1374,4,0,0.0323,6.41,0.9074,0,0,10,electronics,upi,0
8212,23.0,73480.63,169.5,1877,4,0,0.0683,3.74,0.8489,0,0,6,travel,card,0
8213,72.0,166542.05,33.97,1732,2,0,0.1905,3.45,0.8009,0,0,18,grocery,card,0
8214,58.0,97743.81,196.08,3813,4,0,0.1481,5.98,0.8258,0,0,21,fashion,card,0
8215,20.0,67192.45,855.28,611,4,0,0.1596,6.45,0.8608,0,0,17,electronics,net_banking,0
8216,59.0,116146.96,82.9,1687,4,0,0.1953,5.4,0.9031,0,0,22,electronics,upi,0
8217,51.0,73975.23,195.47,1037,3,1,0.1948,3.31,0.9324,0,0,4,food,upi,0
8218,70.0,42704.09,212.34,2409,5,0,0.044,10.09,0.8294,0,0,20,fashion,upi,0
8219,45.0,29306.23,461.78,3130,0,0,0.3477,3.83,0.5595,0,0,21,fashion,card,0
8220,47.0,40212.67,122.14,3743,2,0,0.1834,4.96,0.9773,0,0,10,food,wallet,0
8221,35.0,53801.03,75.46,1767,0,0,0.1254,32.45,0.9006,0,1,18,electronics,net_banking,0
8222,36.0,60557.5,318.29,1079,5,0,0.297,4.6,0.7798,0,0,4,fashion,upi,0
8223,53.0,16995.96,85.59,3856,3,0,0.1806,9.38,0.9141,0,0,12,food,upi,0
8224,65.0,48743.65,28.72,394,5,0,0.4518,9.03,0.8782,0,1,5,jewelry,upi,1
8225,68.0,,1133.8,551,2,1,0.1039,1.38,0.7774,0,1,13,grocery,wallet,0
8226,61.0,74327.33,454.86,3833,2,0,0.0547,18.57,0.8522,0,0,10,gaming,card,0
8227,52.0,134568.54,1183.63,3549,4,1,0.1786,2.73,0.783,0,0,12,electronics,,1
8228,46.0,60912.76,431.37,2252,3,0,0.2794,25.41,0.8718,0,0,17,food,card,0
8229,37.0,33350.53,355.43,1334,3,0,0.1054,7.05,0.8124,0,0,5,electronics,card,0
8230,61.0,20234.51,260.47,3864,2,0,0.2266,8.66,0.7822,0,0,7,electronics,wallet,0
8231,36.0,80253.41,149.45,3834,4,0,0.2365,11.46,0.7618,0,0,14,grocery,card,0
8232,33.0,34101.29,300.38,3470,1,0,0.1462,1.95,0.7427,0,0,10,fashion,card,0
8233,67.0,88596.6,103.52,3094,8,0,0.1626,25.65,0.6421,0,0,19,grocery,card,0
8234,51.0,118618.71,61.79,2390,5,0,0.0936,17.62,0.349,1,0,5,travel,net_banking,0
8235,38.0,23525.67,129.12,1505,4,1,0.1252,3.98,0.8383,0,0,7,electronics,upi,0
8236,67.0,74587.59,654.88,1901,3,1,0.2072,10.19,0.8881,0,1,6,electronics,card,0
8237,72.0,111974.99,52.49,2183,4,1,0.1231,14.61,0.6792,0,0,14,fashion,card,0
8238,36.0,96332.41,53.33,1936,6,1,0.1576,1.34,0.7852,0,0,23,grocery,card,0
8239,47.0,17362.7,325.14,3449,2,0,0.2406,0.79,0.7843,0,0,12,electronics,upi,0
8240,45.0,34392.02,118.85,689,3,2,0.0646,6.92,0.8529,0,0,22,grocery,upi,0
8241,57.0,27200.46,292.5,359,5,0,0.3055,24.58,0.7846,0,0,0,electronics,card,0
8242,72.0,73350.05,484.35,1830,2,1,0.1432,1.81,0.8633,0,0,22,electronics,card,0
8243,49.0,69038.4,285.57,851,1,0,0.3253,3.89,0.7443,0,1,8,fashion,wallet,0
8244,63.0,15000.0,95.65,3292,5,1,0.033,3.28,0.9108,0,0,17,grocery,wallet,0
8245,51.0,46612.83,649.3,3398,4,1,0.0838,24.15,0.9337,0,1,9,food,upi,0
8246,68.0,85432.71,378.07,3955,3,1,0.1386,19.43,0.9525,0,0,7,travel,card,0
8247,41.0,59663.47,184.89,1562,3,0,0.2111,1.37,0.8025,0,1,12,grocery,card,0
8248,39.0,59607.42,176.16,3842,3,1,0.2242,1.07,0.6843,0,0,15,jewelry,upi,0
8249,42.0,44996.59,261.63,432,3,1,0.3827,6.43,0.6746,0,0,2,fashion,card,0
8250,74.0,30720.05,131.76,3849,4,0,0.4444,45.06,0.7809,0,0,11,grocery,net_banking,0
8251,52.0,54486.47,35.22,1006,3,2,0.2777,0.64,0.559,0,0,3,fashion,card,1
8252,26.0,56598.62,381.12,105,5,1,0.3383,13.9,0.6487,0,0,16,grocery,card,1
8253,20.0,77147.81,359.14,3307,5,0,0.2074,3.35,0.8859,0,0,5,grocery,upi,0
8254,47.0,80673.34,18.03,2077,4,0,0.0733,0.87,0.8987,0,0,17,grocery,upi,0
8255,63.0,57659.61,299.96,1669,2,2,0.5075,32.05,0.9663,0,0,7,travel,upi,1
8256,45.0,100437.21,1042.57,824,2,0,0.0574,3.72,0.8985,0,0,15,gaming,card,0
8257,49.0,44751.48,58.28,1680,4,0,0.044,2.09,0.6652,0,0,1,jewelry,upi,0
8258,63.0,24856.51,167.28,2472,3,2,0.1549,2.09,0.7759,0,0,10,electronics,card,0
8259,47.0,,150.05,600,5,1,0.0439,7.01,0.9238,0,0,16,grocery,card,0
8260,69.0,58958.98,947.07,3784,6,0,0.2174,4.88,0.8754,0,0,18,grocery,card,0
8261,54.0,,552.2,2902,1,0,0.1289,25.87,0.8394,0,0,12,food,card,0
8262,59.0,27436.79,74.78,3510,7,0,0.3774,3.27,0.7023,0,0,2,grocery,card,0
8263,62.0,147270.5,253.43,207,4,0,0.1382,16.94,0.7455,0,0,11,jewelry,card,0
8264,53.0,81297.03,1800.16,3470,5,0,0.16,0.23,0.8863,0,0,19,travel,card,0
8265,20.0,46943.04,96.38,3467,1,1,0.0909,6.86,0.9316,0,0,23,food,upi,0
8266,42.0,32878.99,178.0,1481,5,0,0.1088,8.23,0.7335,0,0,2,,card,1
8267,26.0,99461.19,300.81,2291,3,0,0.2474,2.02,0.7287,0,0,22,electronics,card,0
8268,47.0,30004.87,97.8,2019,3,1,0.0303,5.5,0.5748,0,0,21,electronics,net_banking,0
8269,26.0,190772.92,1049.6,3309,9,1,0.3906,8.0,0.7789,1,0,6,electronics,wallet,1
8270,47.0,39254.67,112.2,1149,7,0,0.3889,3.7,0.671,0,0,16,fashion,card,1
8271,37.0,141685.68,44.88,3680,1,0,0.0821,2.52,0.6767,0,0,15,electronics,upi,0
8272,19.0,,106.48,2228,6,0,0.0294,9.19,0.7063,0,0,11,food,card,0
8273,25.0,131202.76,345.84,30,4,1,0.0351,1.08,0.8123,1,0,4,grocery,upi,0
8274,46.0,36713.9,81.03,1234,5,0,0.2484,2.72,0.881,0,0,0,jewelry,card,1
8275,22.0,55572.76,243.51,596,1,0,0.0256,12.55,0.9202,1,0,3,food,upi,0
8276,66.0,85622.26,315.93,3240,5,0,0.1942,15.57,0.9945,0,0,3,fashion,card,0
8277,61.0,79160.36,53.73,1654,6,0,0.5622,11.45,0.8125,0,0,6,,net_banking,0
8278,58.0,100761.08,102.44,1873,6,0,0.2624,8.75,0.6494,0,0,17,food,card,0
8279,27.0,42065.31,255.17,1420,5,0,0.1197,30.54,0.8441,1,0,12,,,0
8280,63.0,,363.35,2810,2,0,0.338,13.49,0.9583,1,0,2,fashion,card,0
8281,54.0,109283.66,105.02,3973,3,1,0.3987,5.98,0.6614,0,0,12,travel,card,0
8282,40.0,37316.76,209.5,3494,3,1,0.3253,17.72,0.7812,0,0,1,gaming,upi,0
8283,18.0,75356.54,135.51,3958,3,0,0.441,5.29,0.8662,0,0,23,fashion,upi,0
8284,48.0,48754.38,372.71,1220,4,1,0.4717,9.86,0.6891,0,0,14,,upi,0
8285,63.0,61593.97,302.59,2667,3,0,0.1503,5.96,,0,0,22,fashion,wallet,0
8286,19.0,57618.05,123.9,2499,2,0,0.0746,1.97,0.6659,1,0,13,grocery,card,0
8287,20.0,35651.01,290.44,1230,4,1,0.0287,2.77,0.8215,0,0,2,food,wallet,0
8288,39.0,,119.15,3387,3,2,0.266,8.1,0.9376,0,0,17,electronics,wallet,0
8289,47.0,59563.68,284.38,3680,3,0,0.082,5.34,,0,0,2,grocery,upi,1
8290,45.0,51978.75,288.37,3804,4,0,0.2385,4.24,0.8849,0,0,20,electronics,net_banking,0
8291,42.0,,1927.55,3952,2,0,0.2825,2.48,0.753,0,0,8,gaming,upi,0
8292,32.0,95852.33,128.6,677,2,0,0.1212,3.44,0.9874,0,0,23,,card,0
8293,21.0,64510.14,156.29,614,5,0,0.286,1.03,0.8517,0,0,8,grocery,wallet,0
8294,19.0,36147.32,94.23,2735,5,0,0.1216,22.24,0.7458,0,0,23,food,card,0
8295,23.0,34957.06,64.08,2910,3,1,0.0815,0.46,,0,1,0,electronics,card,0
8296,57.0,162866.24,114.03,1757,4,0,0.2249,2.41,0.8314,0,1,15,grocery,card,0
8297,62.0,31560.18,350.04,678,3,0,0.633,1.39,0.7459,0,0,7,food,wallet,0
8298,42.0,58554.38,376.31,1163,3,0,0.3495,3.19,0.7015,0,0,17,electronics,card,0
8299,22.0,67077.92,241.93,539,4,0,0.5818,2.25,0.9697,0,0,15,grocery,upi,0
8300,41.0,46344.62,133.91,656,3,1,0.1125,6.19,0.6573,0,0,3,fashion,card,0
8301,74.0,31693.8,109.9,776,4,0,0.3586,19.74,0.8967,0,0,6,grocery,card,0
8302,32.0,35717.47,71.96,2353,0,2,0.2826,3.91,0.7881,1,1,19,food,card,0
8303,45.0,40721.47,103.14,2067,1,0,0.1896,0.65,0.7323,0,1,23,electronics,card,0
8304,48.0,37229.9,49.3,1356,5,0,0.2698,8.55,0.7694,0,0,14,gaming,card,0
8305,36.0,114157.54,699.81,2185,3,1,0.5801,9.15,0.7503,0,0,6,jewelry,net_banking,0
8306,42.0,54724.63,1130.15,2681,1,1,0.4393,13.51,0.9028,0,0,14,food,upi,0
286,,33431.11,108.51,477,1,0,0.0912,15.02,0.9814,0,0,8,fashion,card,0
8308,45.0,58332.54,240.38,1145,3,0,0.3467,23.56,0.8408,0,1,1,electronics,card,0
8309,58.0,79416.72,236.43,828,6,0,0.0544,0.38,0.8002,0,1,11,food,card,1
8310,51.0,,221.8,32,2,1,0.169,3.85,0.9307,0,1,2,food,card,0
8311,21.0,90325.78,99.51,490,7,0,0.3705,9.44,0.8712,0,0,4,food,card,1
8312,18.0,27335.94,500.43,3075,1,0,0.1519,0.32,0.7937,1,1,4,travel,card,0
8313,41.0,104747.24,271.36,3506,3,0,0.1483,4.89,0.9036,0,0,4,grocery,card,0
8314,69.0,54729.86,506.27,670,4,0,0.289,20.82,0.8162,1,0,5,electronics,wallet,0
8315,20.0,53566.63,86.09,3075,1,0,0.1867,1.49,0.8655,0,0,12,fashion,upi,0
8316,22.0,37568.85,45.14,1032,3,0,0.2806,6.36,0.7474,0,0,12,fashion,net_banking,0
8317,56.0,27994.71,278.07,585,3,1,0.0743,0.43,0.8227,0,0,7,travel,wallet,0
8318,43.0,21991.67,68.72,964,3,0,0.0945,1.66,0.8696,0,0,19,grocery,card,0
8319,31.0,36154.67,516.75,3679,5,0,0.1724,4.33,0.7972,0,0,1,grocery,upi,0
8320,29.0,75986.33,21.46,1388,6,0,0.1349,0.94,0.9728,0,0,9,grocery,upi,0
8321,55.0,32415.28,112.66,2970,7,1,0.3506,10.31,0.8275,1,0,15,fashion,net_banking,0
8322,47.0,,97.23,1956,9,0,0.2355,1.44,0.7623,0,0,14,electronics,card,0
8323,54.0,33359.66,129.1,1759,13,0,0.2538,19.82,0.8417,0,0,17,jewelry,net_banking,1
8324,33.0,44508.26,233.7,3255,3,0,0.3148,1.15,0.7155,0,0,7,gaming,upi,0
8325,48.0,45481.58,267.52,3966,3,0,0.189,1.39,0.8899,0,0,11,fashion,upi,0
8326,67.0,51235.98,341.28,2611,3,0,0.1054,4.74,0.9048,0,0,14,travel,card,0
8327,36.0,97053.92,382.96,3402,1,2,0.087,4.62,0.9769,0,0,6,grocery,card,0
8328,40.0,,151.63,609,7,0,0.1525,5.29,0.7964,0,1,5,food,upi,1
8329,27.0,165726.29,1482.76,3605,4,0,0.398,1.19,0.5774,0,0,18,fashion,wallet,0
8330,54.0,22502.67,720.57,759,7,1,0.1359,4.47,0.791,0,0,22,grocery,upi,1
8331,19.0,34349.83,131.76,786,7,0,0.2603,8.31,0.688,0,0,21,food,card,0
8332,32.0,80761.47,156.97,3392,9,1,0.0348,13.85,0.8815,0,1,9,electronics,wallet,1
8333,58.0,42846.16,129.01,1946,3,1,0.0689,6.9,0.9169,0,1,16,food,net_banking,0
8334,19.0,88302.26,258.85,1021,3,0,0.1062,7.1,0.7496,0,0,10,grocery,wallet,0
8335,74.0,61635.97,68.1,138,1,0,0.0854,5.6,0.8103,1,1,20,electronics,upi,0
8336,41.0,131091.49,81.73,898,6,0,0.4206,9.58,,0,0,9,grocery,upi,0
8337,40.0,97595.08,20.61,3302,4,1,0.2946,13.16,0.8498,0,0,3,fashion,wallet,0
8338,48.0,98582.36,120.82,44,6,0,0.334,4.71,0.7351,0,0,22,gaming,upi,0
8339,54.0,43851.28,522.03,3683,9,1,0.0896,11.33,0.604,0,0,0,jewelry,card,1
8340,44.0,52129.43,154.6,3103,3,1,0.2782,1.15,0.8962,1,0,5,food,card,0
9247,70.0,44997.9,12.91,3514,1,0,0.1447,11.52,0.7209,0,0,7,grocery,card,0
8342,72.0,24024.94,237.73,2961,2,0,0.0685,6.0,0.7828,0,0,14,fashion,card,0
8343,29.0,123569.81,66.07,2088,6,0,0.1626,0.9,0.5586,0,0,14,,card,0
8344,58.0,82871.91,184.61,1410,2,0,0.1484,5.67,0.7393,0,0,23,gaming,card,0
8345,35.0,45493.45,438.47,2036,6,0,0.1825,22.24,0.7936,1,0,5,food,card,0
8346,74.0,112714.61,244.57,59,4,0,0.3121,9.56,0.9463,0,0,23,gaming,upi,0
8347,32.0,38885.87,478.72,3525,2,0,0.1344,2.28,0.9432,0,0,0,electronics,net_banking,0
8348,34.0,20012.54,637.2,3148,2,0,0.0533,8.6,0.5898,0,0,0,food,card,0
8349,58.0,95716.1,349.17,742,4,0,0.2479,2.63,0.9201,0,0,15,gaming,net_banking,0
8350,62.0,27224.71,88.2,424,8,1,0.139,1.88,0.7898,0,0,19,food,upi,0
8351,25.0,49385.49,127.59,1711,6,1,0.1477,7.52,0.9282,0,1,4,food,upi,0
8352,49.0,,1241.96,1858,3,1,0.3368,24.04,0.8013,0,0,0,fashion,card,0
8353,37.0,67988.54,246.44,3096,4,0,0.2362,13.51,0.8371,0,1,13,fashion,card,0
8354,52.0,87702.79,215.71,3365,3,1,0.414,9.38,0.663,0,0,19,gaming,card,0
8355,49.0,,76.17,283,2,0,0.293,10.49,0.7551,0,1,8,gaming,wallet,0
8356,74.0,74423.67,164.27,999,6,0,0.1057,4.97,0.9602,0,0,1,travel,upi,0
8357,71.0,35602.64,368.46,2357,3,2,0.4634,0.22,0.6311,0,0,15,gaming,card,0
8358,55.0,64661.58,182.69,1537,5,1,0.1258,13.57,0.7622,0,0,21,grocery,card,0
8359,56.0,24029.46,107.08,3963,2,0,0.1974,0.74,0.877,0,0,4,grocery,upi,0
8360,69.0,129866.75,135.04,2653,7,0,0.2373,3.9,0.8622,0,1,4,jewelry,upi,0
8361,28.0,25429.82,592.76,1310,9,0,0.1129,4.04,0.7164,0,0,8,grocery,card,1
8362,,45458.11,350.98,2702,5,0,0.0344,3.14,0.5542,0,0,11,electronics,card,0
8363,62.0,26627.71,307.05,1739,4,0,0.0398,1.74,0.9784,0,0,8,grocery,card,0
8364,25.0,36808.98,279.73,1866,2,1,0.4314,11.05,0.7322,0,0,8,grocery,upi,0
8365,68.0,55407.71,55.14,2867,7,1,0.0574,10.71,0.8753,0,0,13,fashion,net_banking,0
8366,57.0,41120.89,236.35,1751,3,0,0.1729,27.88,0.6811,1,1,17,electronics,wallet,1
982,58.0,106365.04,54.93,500,3,0,0.1653,30.72,0.8728,0,0,20,fashion,wallet,0
8368,45.0,62310.42,138.66,1695,5,0,0.1316,3.43,0.6754,0,0,22,food,wallet,0
8369,45.0,42637.44,478.37,2389,2,0,0.3224,18.31,0.904,0,0,0,fashion,net_banking,0
8370,70.0,51104.02,310.5,1959,2,1,0.2338,11.77,0.8337,1,1,10,electronics,wallet,0
8371,73.0,107572.87,411.84,2308,2,0,0.0748,4.59,0.9239,0,0,20,jewelry,upi,0
8372,63.0,90668.7,189.41,1406,3,1,0.2649,0.06,0.8674,0,1,1,grocery,upi,0
8373,55.0,29400.43,436.83,506,3,0,0.2943,3.59,0.7406,0,0,17,food,card,0
8374,23.0,37825.17,41.61,1047,4,0,0.1672,34.35,0.7983,0,0,18,grocery,card,0
8375,70.0,71412.12,186.07,1443,9,0,0.3078,5.64,0.738,0,0,4,fashion,card,1
8376,25.0,66798.78,367.22,1284,1,1,0.2033,8.85,0.7236,0,0,7,fashion,,0
8377,27.0,30865.01,242.08,1703,7,0,0.168,6.87,0.7031,0,0,14,jewelry,card,0
8378,21.0,83042.52,538.39,1926,5,0,0.2222,18.51,0.894,0,0,18,food,card,0
8379,72.0,33695.1,153.83,1029,5,0,0.0909,5.27,0.7973,0,0,9,,card,0
8380,,112667.15,104.12,1547,3,0,0.0178,1.04,0.7377,0,0,1,food,card,0
8381,31.0,73591.55,34.95,1150,2,0,0.421,4.86,0.789,0,0,17,grocery,card,0
8382,22.0,29511.34,137.0,2354,4,0,0.0239,0.39,0.9164,0,0,21,grocery,upi,0
8383,,41113.68,301.82,1920,6,1,0.0592,4.32,0.9058,0,0,14,grocery,net_banking,0
8384,59.0,40722.46,385.28,2535,4,0,0.2215,4.38,0.8162,0,1,6,food,card,0
8385,74.0,60055.27,44.42,1744,1,0,0.1677,14.55,0.6802,0,0,15,fashion,card,0
8386,49.0,49163.23,583.06,3984,3,2,0.2765,22.36,0.8138,0,0,8,travel,card,0
8387,52.0,29292.0,67.93,1954,5,0,0.2808,5.31,0.7465,1,0,15,gaming,upi,0
8388,65.0,25546.25,159.46,2472,2,2,0.1586,8.66,0.7964,0,0,8,grocery,upi,0
8389,69.0,74388.1,101.92,1785,6,0,0.3436,0.57,0.7828,0,0,7,travel,net_banking,0
8390,33.0,64377.45,273.2,2946,8,0,0.3393,1.19,0.6045,0,0,17,electronics,card,0
1730,23.0,77504.53,454.48,951,5,1,0.0451,9.36,0.5487,1,0,9,electronics,upi,1
8392,47.0,63830.79,354.58,419,3,1,0.1469,2.71,0.8685,1,0,11,grocery,wallet,0
8393,71.0,39131.5,1137.7,2925,0,1,0.1334,4.09,0.8254,1,0,17,grocery,card,0
8394,24.0,60857.13,267.95,3048,6,0,0.2339,4.33,0.7489,0,0,0,food,upi,0
8395,23.0,222185.2,101.12,1627,3,0,0.1001,1.94,0.7225,0,0,13,grocery,wallet,0
8396,68.0,104935.42,285.44,2050,3,1,0.2924,10.71,0.8452,1,0,0,travel,wallet,0
8397,56.0,46932.41,1259.03,73,1,1,0.2731,21.58,0.9054,0,0,21,travel,card,0
8398,27.0,41242.89,346.99,3470,2,0,0.3281,10.49,0.7363,0,0,20,fashion,card,0
8399,69.0,15000.0,463.43,3121,3,0,0.3747,17.31,0.811,0,0,6,fashion,upi,0
8400,23.0,98999.52,36.58,3884,2,0,0.4486,2.42,0.9121,0,0,15,food,net_banking,0
8401,56.0,84772.07,265.03,2409,5,0,0.3603,2.37,0.7949,0,0,14,food,upi,0
8402,29.0,40781.47,137.68,944,6,0,0.2055,5.25,0.6947,0,0,21,fashion,card,0
8403,22.0,25025.47,91.18,1181,6,1,0.5605,5.27,0.81,0,0,23,food,card,1
8404,63.0,29134.88,176.03,3716,3,0,0.3041,8.58,0.5435,0,0,5,food,upi,0
8405,66.0,70228.35,200.66,201,3,0,0.1497,20.65,0.6817,0,0,3,grocery,card,0
8406,24.0,52362.77,96.41,2696,2,0,0.1064,6.5,0.8415,0,0,18,fashion,card,0
8407,23.0,80455.87,217.33,300,3,0,0.1229,8.4,0.7927,0,0,4,food,card,0
8408,53.0,57678.06,151.33,2964,3,1,0.3639,5.6,0.7223,1,0,23,electronics,net_banking,0
8409,19.0,93601.89,363.36,2337,4,0,0.0859,12.67,0.9818,1,0,2,electronics,card,0
8410,60.0,67396.93,226.0,1905,3,1,0.1867,11.21,0.883,0,0,22,food,card,0
8411,70.0,86762.17,262.14,2810,2,1,0.0754,3.8,0.9391,0,0,22,food,card,0
8412,60.0,17426.77,479.31,1438,3,0,0.1254,2.45,0.5433,0,0,6,food,card,0
8413,31.0,27894.88,313.54,2306,2,0,0.1636,31.69,0.9069,0,0,18,travel,net_banking,0
8414,28.0,45012.48,178.91,3206,4,2,0.1258,2.22,0.7262,0,0,22,jewelry,net_banking,0
8415,56.0,99593.41,22.33,1849,7,1,0.1225,5.45,0.8738,1,0,20,food,card,1
8416,21.0,154721.16,300.87,117,5,1,0.1433,4.93,0.6977,0,0,16,food,net_banking,0
8417,48.0,50249.65,72.32,3976,9,1,0.315,8.8,0.8139,1,0,19,food,wallet,1
8418,43.0,39289.77,165.13,2176,5,0,0.1534,21.97,0.8127,0,0,13,electronics,card,0
8419,60.0,18767.01,260.87,1736,4,0,0.2315,5.9,0.8737,0,0,22,travel,wallet,0
8420,29.0,88437.25,682.65,323,2,0,0.2918,0.64,,0,0,0,electronics,upi,0
8421,61.0,40639.01,1136.01,389,3,1,0.102,17.61,0.8452,0,0,4,fashion,upi,0
8422,57.0,250000.0,71.65,1040,7,0,0.1699,1.96,0.838,0,1,21,fashion,upi,0
8423,31.0,36622.43,48.28,3695,3,0,0.049,7.81,0.7573,1,0,13,food,upi,0
8424,38.0,175078.51,249.3,2909,7,1,0.0615,4.42,0.9483,0,0,3,travel,card,0
8425,21.0,83007.86,229.38,1670,3,0,0.0824,3.8,0.7315,0,0,4,food,upi,0
8426,43.0,31242.76,54.11,3026,5,0,0.2551,6.92,0.8437,0,1,0,gaming,upi,0
8427,32.0,62490.36,177.04,1585,2,1,0.0425,13.57,0.9017,0,1,8,electronics,upi,0
8428,24.0,84065.18,327.18,3559,5,1,0.2802,2.3,0.8997,0,0,14,food,upi,0
8429,49.0,48591.3,52.6,1328,1,0,0.062,5.94,0.8085,0,0,13,grocery,card,0
8430,50.0,87201.69,66.58,2870,4,0,0.63,4.89,0.9318,0,0,2,jewelry,card,0
8431,22.0,,94.52,1762,2,0,0.1664,13.62,0.7419,0,0,18,grocery,wallet,0
8432,28.0,76349.34,145.58,2708,5,0,0.1977,2.06,0.8344,1,0,15,fashion,card,1
8433,22.0,54503.93,360.3,770,4,0,0.1131,10.35,0.9297,0,0,3,grocery,,0
8434,56.0,28821.34,129.86,3782,1,0,0.2921,0.08,0.8109,0,0,21,gaming,upi,0
8435,37.0,52725.61,190.24,1166,5,2,0.2386,5.5,0.8895,0,0,15,grocery,upi,0
8436,22.0,60592.36,1701.28,2163,3,0,0.1606,34.75,0.4837,0,0,13,travel,upi,0
8437,28.0,19599.52,69.18,2758,6,0,0.191,16.25,0.613,0,0,10,grocery,card,0
8438,73.0,60365.19,93.69,2625,1,1,0.0606,2.61,0.7548,0,0,1,gaming,card,0
8439,32.0,52148.35,354.62,2231,4,1,0.3406,8.92,0.9197,1,0,0,food,net_banking,0
8440,57.0,26955.54,483.48,3476,6,0,0.1164,12.99,0.9083,0,0,23,grocery,card,0
8441,44.0,45795.22,272.53,3879,1,1,0.1091,3.88,0.4537,0,0,18,gaming,card,0
8442,28.0,46331.3,1098.75,3061,3,0,0.2223,0.94,0.9134,1,0,5,electronics,card,0
8443,35.0,158996.98,247.25,762,4,2,0.3579,3.21,0.8538,0,0,6,jewelry,net_banking,0
8444,18.0,62078.41,24.95,3086,4,0,0.2398,1.45,0.9218,0,0,20,grocery,card,0
8445,60.0,97237.66,198.33,2028,2,0,0.2536,5.64,0.7966,0,0,8,fashion,card,0
8446,37.0,51549.1,101.69,2160,4,0,0.2316,10.95,0.8026,0,0,10,fashion,net_banking,0
8447,46.0,19622.54,718.21,3767,0,0,0.3654,23.27,0.8363,0,0,8,food,upi,0
8448,26.0,79608.53,472.28,2125,6,1,0.0837,26.38,0.9515,0,0,9,jewelry,card,0
8449,64.0,38295.43,36.72,3407,5,0,0.2075,13.55,0.7133,0,0,23,jewelry,card,0
8450,30.0,45729.93,694.56,2605,6,0,0.0588,8.79,0.9172,1,0,22,fashion,card,1
8451,50.0,30821.08,460.51,376,2,0,0.4678,1.52,0.8106,0,0,22,fashion,net_banking,0
8452,67.0,57245.87,130.12,2811,3,0,0.3557,27.71,0.8543,0,0,21,electronics,upi,0
8453,58.0,98808.27,166.42,1994,6,1,0.2359,20.8,0.682,0,0,2,fashion,card,0
8454,52.0,91866.75,724.25,2198,6,0,0.277,22.64,0.7517,0,1,23,food,net_banking,1
8455,68.0,131596.1,25.06,1231,4,3,0.0996,28.04,0.8517,0,0,20,jewelry,card,1
8456,28.0,142267.76,281.0,766,8,0,0.4028,2.49,0.923,0,0,0,gaming,upi,0
8457,72.0,17851.76,537.2,2983,7,0,0.3314,1.37,0.6969,0,0,13,food,card,0
8458,49.0,28526.74,164.72,1016,5,0,0.1095,3.6,0.7822,0,0,7,fashion,card,1
8459,41.0,20344.85,344.08,399,3,0,0.1191,2.35,0.9423,0,1,8,jewelry,wallet,0
8460,32.0,77858.64,199.56,1987,6,0,0.0789,0.06,0.9076,0,0,22,fashion,upi,0
8461,60.0,37567.46,82.18,2855,3,2,0.0953,0.46,0.8171,0,0,8,food,wallet,0
8462,73.0,42025.81,80.15,840,4,0,0.294,0.44,0.9,0,0,8,,card,0
8463,57.0,48823.15,366.83,1466,3,0,0.1289,4.32,0.8148,0,1,10,grocery,wallet,0
8464,19.0,67880.38,95.32,1711,6,0,0.186,18.25,0.9788,0,0,4,grocery,card,0
8465,44.0,24298.31,39.19,3696,5,1,0.2937,16.48,0.7195,1,1,18,grocery,net_banking,1
8466,59.0,27521.25,203.44,614,5,0,0.1497,7.58,0.8878,0,0,19,,card,0
8467,40.0,55039.22,107.76,3675,2,0,0.2639,0.62,0.9501,1,0,7,fashion,card,0
8468,62.0,106340.21,54.26,610,2,1,0.149,14.05,0.7435,1,0,8,fashion,upi,0
8469,58.0,54237.07,193.39,2325,2,0,0.0635,5.23,0.3483,0,1,6,fashion,upi,0
8470,21.0,35584.86,387.7,3377,3,1,0.4204,0.0,0.8572,0,0,17,food,card,0
8471,49.0,16874.75,183.66,3619,6,0,0.3527,0.37,0.866,0,0,4,,card,0
8472,27.0,92879.67,61.97,2182,7,0,0.1597,9.77,0.8444,0,1,0,food,card,0
8473,45.0,36692.44,291.42,1987,4,0,0.2403,6.26,0.8776,1,0,2,gaming,wallet,0
8474,39.0,,506.8,3128,5,0,0.1344,7.42,0.8837,0,0,12,fashion,wallet,0
8475,63.0,21410.99,1645.82,3640,3,0,0.1374,7.96,0.7182,0,0,13,travel,upi,0
8476,67.0,24923.91,761.13,75,5,0,0.0724,9.26,0.8274,0,0,22,food,upi,0
8477,44.0,32416.43,65.86,1070,3,0,0.2534,3.5,0.7327,1,0,1,grocery,card,0
8478,48.0,48229.28,424.55,1163,5,0,0.2293,10.44,0.8484,1,1,15,jewelry,net_banking,0
8479,53.0,28290.48,232.64,3338,6,1,0.1136,8.98,0.8579,0,0,10,grocery,upi,0
8480,55.0,60914.58,56.88,100,3,2,0.2869,3.3,0.6032,0,0,13,travel,card,0
8481,54.0,48028.13,239.07,528,2,1,0.2536,2.18,0.9246,0,0,10,grocery,upi,0
8482,62.0,186686.16,1226.15,43,3,0,0.2409,19.05,0.8827,0,0,13,travel,card,0
8483,73.0,21539.52,595.15,3813,7,0,0.1851,11.07,0.9083,0,0,15,electronics,upi,0
8484,65.0,60108.24,65.33,157,10,0,0.2064,4.23,0.8212,1,0,3,travel,card,0
8485,25.0,60523.75,182.49,1084,1,1,0.0953,9.85,0.9731,0,0,23,grocery,card,0
8486,45.0,31203.39,294.31,2100,6,0,0.2062,12.14,0.7067,0,1,18,fashion,net_banking,1
8487,44.0,57958.2,31.91,1414,6,0,0.1103,2.06,0.7883,0,0,2,gaming,upi,0
8488,47.0,83982.64,33.03,390,4,1,0.1877,0.3,0.7305,0,0,16,food,card,0
8489,48.0,,210.1,1669,7,0,0.07,23.53,0.7824,0,0,6,gaming,wallet,0
8490,58.0,117776.38,212.86,3199,3,0,0.1017,3.24,0.7264,1,0,22,fashion,upi,0
8491,41.0,,28.62,1176,5,1,0.1489,11.95,0.7664,0,0,14,travel,wallet,0
8492,,34608.69,265.32,2079,4,0,0.0701,33.55,0.6471,0,0,21,gaming,upi,0
8493,44.0,123793.4,533.75,1894,2,1,0.3627,4.06,0.8219,0,0,19,food,upi,0
8494,66.0,90826.19,144.7,1004,4,0,0.1393,2.06,0.7956,0,0,0,fashion,card,0
8495,35.0,74040.68,191.09,40,1,0,0.166,12.02,0.9566,0,0,11,grocery,card,0
8496,19.0,108375.46,318.74,3359,3,0,0.2533,0.25,0.5604,0,0,16,electronics,card,1
8497,73.0,19167.7,279.22,3975,1,0,0.433,8.84,0.8526,0,0,12,travel,card,0
8498,29.0,85192.98,33.93,2053,5,0,0.0708,3.57,0.7793,0,1,18,travel,card,0
8499,52.0,98764.36,72.81,3326,5,0,0.0178,1.52,0.5816,1,0,23,grocery,upi,0
8500,63.0,38284.61,121.16,1422,5,1,0.0885,6.81,0.6572,0,0,16,gaming,card,0
8501,33.0,233554.07,76.11,3774,1,0,0.2111,2.53,0.7796,0,0,18,travel,card,0
8502,37.0,61272.13,780.49,2284,4,2,0.5195,3.6,0.8698,0,1,13,fashion,wallet,0
9540,58.0,48115.58,165.18,3841,5,0,0.0932,1.31,0.9022,0,0,14,gaming,wallet,0
8504,26.0,67831.91,59.34,2700,5,1,0.0941,4.48,0.8125,0,0,1,jewelry,wallet,0
8505,26.0,37018.22,145.27,3696,5,0,0.1239,11.73,0.673,0,0,7,fashion,upi,0
8506,28.0,104384.44,557.44,2248,4,0,0.2119,28.15,0.6302,0,0,5,electronics,net_banking,1
8507,44.0,74343.96,94.32,3393,3,1,0.0968,3.37,0.5429,1,0,11,jewelry,card,0
8508,48.0,39586.02,421.8,3733,2,2,0.0244,17.92,0.667,0,0,16,food,net_banking,0
8509,18.0,125672.8,717.76,3047,4,0,0.2678,19.77,0.5366,0,0,23,fashion,net_banking,0
8510,66.0,92206.57,607.35,1435,7,0,0.0807,5.24,0.9029,0,0,1,fashion,card,1
8511,56.0,34882.22,215.59,391,4,1,0.0864,18.99,0.8911,0,0,12,grocery,net_banking,0
8512,22.0,50587.7,628.91,1657,6,0,0.1657,0.31,0.5323,0,0,2,gaming,net_banking,0
8513,66.0,73086.04,106.77,2779,5,1,0.398,3.89,0.9356,0,0,10,electronics,net_banking,0
8514,19.0,45014.67,2162.11,3439,7,0,0.1636,0.31,0.8181,0,0,11,grocery,upi,1
8515,49.0,45760.14,229.02,3082,3,0,0.2914,2.98,0.86,1,0,18,,card,0
8516,44.0,56122.23,566.66,2560,6,1,0.1134,15.98,0.7254,0,0,18,grocery,wallet,1
8517,46.0,30604.41,125.33,2159,6,1,0.0851,12.04,0.7779,0,0,15,food,net_banking,0
8518,72.0,16107.94,296.6,3866,2,1,0.3276,3.13,0.9626,0,0,17,food,card,0
8519,70.0,62731.1,309.95,998,9,0,0.1693,24.51,0.7032,1,0,12,travel,wallet,1
8520,33.0,18420.02,71.1,3174,7,1,0.1261,11.8,0.9597,0,0,15,grocery,upi,0
8521,51.0,31853.97,69.03,2218,7,1,0.3496,10.63,0.9251,0,0,10,travel,upi,0
8522,72.0,20758.65,146.71,2066,6,0,0.1323,1.09,0.7927,0,0,1,fashion,wallet,0
8523,59.0,22213.25,543.64,1615,6,1,0.2964,1.22,0.8433,0,0,8,gaming,card,0
8524,68.0,69534.88,28.83,2549,10,0,0.1681,21.2,0.8474,0,0,7,food,upi,0
8525,42.0,,125.22,3999,3,1,0.3569,1.26,0.8496,0,0,2,jewelry,card,1
8526,34.0,47713.43,667.03,1642,7,0,0.3196,5.54,0.9275,0,0,13,grocery,upi,0
8527,47.0,26671.28,52.5,478,7,0,0.3043,3.67,0.8465,0,0,11,grocery,card,0
8528,64.0,38344.69,630.72,536,1,2,0.0915,5.72,0.7675,0,0,19,gaming,card,0
8529,70.0,67652.45,58.27,732,2,0,0.0935,4.6,0.839,0,0,8,electronics,upi,0
8530,57.0,53446.72,71.98,1646,4,1,0.1268,2.88,0.8547,0,0,18,food,,0
8531,58.0,86470.55,155.36,46,7,0,0.5862,3.23,0.8293,0,0,23,gaming,card,1
8532,47.0,93516.12,1171.94,1147,6,0,0.1066,3.46,0.9175,1,0,14,grocery,card,0
8533,36.0,47875.9,94.91,2789,5,1,0.4062,1.75,0.6828,0,0,12,food,wallet,0
8534,42.0,19857.78,31.82,2721,1,0,0.1243,5.68,0.7842,0,0,0,travel,wallet,0
8535,46.0,36276.8,44.3,2685,2,0,0.2616,1.52,0.7366,0,0,6,fashion,card,0
8536,64.0,52122.88,457.1,2686,4,1,0.1544,10.96,0.8223,0,0,19,grocery,card,0
8537,49.0,35883.06,46.44,331,0,1,0.1681,0.64,0.7902,0,0,2,grocery,card,0
8538,63.0,,590.47,3751,3,0,0.087,23.43,0.5953,0,0,2,food,upi,0
8539,19.0,57151.0,193.01,1212,2,0,0.2612,6.87,0.8901,0,0,17,grocery,wallet,0
8540,61.0,209348.41,174.28,345,6,0,0.0355,6.9,0.8985,0,0,15,electronics,card,0
8541,46.0,42048.75,242.32,3252,3,1,0.2108,5.32,0.8214,0,0,14,fashion,upi,0
8542,74.0,54915.19,80.8,1886,8,0,0.2967,2.96,0.7868,1,0,9,grocery,card,0
8543,44.0,26728.05,206.61,1405,3,0,0.1109,20.79,0.6509,0,0,10,electronics,card,0
8544,45.0,108984.29,54.59,1612,4,1,0.1602,87.07,0.6613,0,0,21,grocery,card,1
8545,,88982.69,693.57,2345,4,0,0.2776,5.85,0.9273,0,0,5,electronics,card,1
8546,63.0,85668.65,64.44,2123,3,0,0.1008,7.82,0.7516,0,1,7,electronics,wallet,0
8547,57.0,116189.31,279.17,84,2,0,0.1313,17.2,0.799,0,0,11,electronics,card,0
8548,67.0,43479.76,63.96,504,5,1,0.1757,1.69,0.8673,0,0,19,food,net_banking,0
8549,23.0,46572.18,105.61,3791,6,1,0.1776,7.22,0.7975,0,0,0,electronics,upi,0
8550,30.0,140859.98,123.86,1980,6,0,0.3194,11.99,0.9063,0,0,14,food,card,1
8551,67.0,,3548.59,3954,4,1,0.3811,8.68,0.8948,0,0,8,food,card,1
8552,20.0,16228.37,177.42,2638,1,1,0.0544,1.56,0.829,0,0,23,grocery,card,0
8553,46.0,70632.1,79.16,2957,4,0,0.1293,1.36,0.9534,0,0,21,gaming,upi,0
8554,41.0,39940.84,115.4,1275,5,0,0.2341,4.31,0.6364,0,0,5,electronics,upi,0
8555,71.0,90136.73,39.98,3356,5,0,0.0996,12.78,0.7829,1,0,16,gaming,card,0
8556,66.0,68843.65,152.96,2612,2,0,0.3417,6.41,0.5777,0,0,21,grocery,upi,0
8557,69.0,21116.08,1146.01,3014,3,0,0.2403,7.73,0.9137,0,0,15,grocery,card,0
8558,34.0,63764.06,251.89,1084,3,0,0.0464,2.73,0.9445,0,0,8,food,card,0
8559,51.0,61755.22,444.24,2359,6,0,0.4695,23.39,0.7721,0,0,1,gaming,card,0
8560,57.0,67170.73,72.46,1496,3,0,0.1137,1.15,0.9522,0,0,19,electronics,card,0
8561,73.0,75480.48,146.88,3638,4,1,0.1726,15.92,0.7765,0,0,4,travel,upi,0
8562,18.0,125225.29,220.71,3631,4,0,0.1697,2.72,0.4459,0,0,17,electronics,card,0
8563,73.0,69059.75,87.15,1431,3,1,0.0189,5.39,0.8845,0,0,8,fashion,upi,0
8564,,55697.06,268.53,129,4,1,0.3434,5.18,0.9247,0,0,17,grocery,card,0
8565,25.0,103411.41,333.08,1020,5,1,0.32,3.45,0.671,1,0,9,food,card,0
8566,53.0,188828.76,309.76,1113,6,1,0.3199,20.45,0.859,0,1,9,gaming,upi,1
8567,62.0,,154.76,106,3,2,0.0243,19.25,0.8685,0,0,12,fashion,upi,0
8568,,61605.22,535.86,3744,4,0,0.123,0.93,0.5564,0,0,11,food,net_banking,0
8569,20.0,69771.46,139.12,1880,4,0,0.4227,5.05,0.6508,0,0,18,fashion,wallet,0
8570,69.0,63317.22,126.99,613,3,0,0.1543,6.49,0.9061,0,0,0,fashion,card,0
8571,71.0,55563.04,760.9,2450,5,1,0.0719,3.8,0.8491,0,1,7,electronics,card,0
8572,26.0,180942.11,59.5,1607,7,1,0.152,0.46,0.7724,0,0,6,fashion,upi,0
8573,69.0,36428.59,32.79,723,8,0,0.269,13.85,0.8476,0,0,20,fashion,wallet,1
8574,69.0,103806.79,75.58,1832,8,0,0.3112,15.13,0.9654,0,0,0,jewelry,card,1
8575,74.0,51321.61,265.12,2407,2,0,0.0077,7.3,0.7936,0,0,2,grocery,upi,0
8576,30.0,24363.9,649.72,2621,3,1,0.2687,4.76,0.9373,0,0,11,grocery,card,0
8577,50.0,49588.47,92.99,923,3,0,0.0512,2.13,0.8986,0,0,3,food,card,0
8578,74.0,40715.4,1105.21,2458,3,2,0.07,6.21,,0,0,11,fashion,card,1
8579,69.0,,184.96,3176,7,0,0.2829,6.24,0.9306,0,0,17,travel,card,1
8580,52.0,57832.35,160.36,2518,3,0,0.1061,0.53,0.6179,0,0,3,gaming,upi,0
8581,29.0,31350.13,76.94,3807,2,1,0.5156,17.05,0.8767,0,0,2,electronics,card,0
8582,22.0,,1266.88,3763,4,0,0.1188,19.47,0.6939,0,0,10,travel,wallet,1
8583,32.0,100173.82,154.88,1996,5,0,0.0972,3.63,0.6806,0,0,18,grocery,card,0
8584,21.0,131586.41,47.51,1589,2,0,0.0786,9.96,0.5826,0,0,16,grocery,wallet,0
8585,29.0,62656.27,2101.96,1845,5,1,0.1512,15.22,0.716,0,0,19,grocery,card,1
8586,22.0,53929.63,266.83,1974,9,2,0.59,1.24,0.6433,0,0,12,food,net_banking,1
8587,61.0,80987.23,400.13,718,3,0,0.1977,13.94,0.901,0,0,3,food,card,0
8588,51.0,40033.71,967.31,3856,4,0,0.2815,4.92,0.7155,0,0,1,grocery,wallet,0
8589,47.0,59078.43,332.76,2286,3,1,0.354,46.33,0.8992,0,1,11,electronics,wallet,0
8590,64.0,49934.41,477.16,538,3,0,0.1378,15.16,0.8212,1,0,19,food,upi,0
8591,41.0,24625.05,190.05,3614,2,0,0.2497,3.3,0.8392,0,0,1,grocery,upi,0
8592,40.0,58993.88,374.91,3794,4,1,0.0788,6.28,0.9475,0,1,12,food,upi,0
8593,29.0,43155.13,173.96,2257,3,0,0.2784,5.09,0.7933,0,0,15,travel,upi,0
8594,43.0,48131.15,176.4,3794,5,1,0.088,4.27,0.5758,0,0,0,jewelry,wallet,0
8595,27.0,67182.64,202.89,3883,4,0,0.3243,9.68,0.8503,0,1,10,fashion,card,0
6385,31.0,103965.02,197.16,1613,6,1,0.0692,9.54,0.7754,0,0,20,grocery,upi,0
8597,74.0,34484.49,298.07,3856,4,0,0.3337,9.96,0.6731,0,0,12,grocery,card,0
8598,48.0,45705.84,297.32,296,9,0,0.1647,4.24,0.9322,1,0,10,travel,card,1
8599,35.0,36108.84,408.25,152,4,0,0.248,0.21,0.4165,0,0,18,fashion,wallet,0
8600,57.0,34838.88,341.23,2322,6,1,0.1959,8.54,0.7079,0,0,13,grocery,wallet,1
8601,64.0,39659.09,1330.09,2999,7,0,0.2044,0.15,0.7112,0,0,10,fashion,wallet,1
8602,44.0,49367.17,515.73,3357,1,0,0.1623,11.52,0.8664,1,0,7,food,card,0
8603,32.0,75911.08,146.31,2577,6,0,0.3985,26.33,0.9237,0,0,4,grocery,upi,1
8604,58.0,65600.17,283.16,1275,4,0,0.0613,21.47,0.6715,0,0,22,grocery,card,0
8605,28.0,30755.28,739.26,3733,3,0,0.1994,3.44,0.7119,0,0,0,grocery,wallet,0
8606,74.0,,69.62,2374,1,1,0.0825,7.77,0.5968,0,1,7,food,card,0
8607,36.0,92458.51,1349.11,2735,3,0,0.261,8.55,0.8353,1,1,2,electronics,upi,1
8608,37.0,33504.54,82.96,1048,3,0,0.0167,4.07,0.7951,0,0,2,fashion,card,0
8609,59.0,107834.13,442.85,3042,0,1,0.1946,2.8,,1,0,0,food,card,0
8610,18.0,65834.85,181.19,544,4,0,0.2198,3.1,0.6087,0,0,18,grocery,card,0
8611,29.0,50465.14,171.06,3485,4,0,0.1404,4.94,0.6326,1,0,8,food,wallet,0
8612,25.0,66972.17,48.91,3413,4,0,0.047,16.06,0.7057,0,0,16,food,card,0
8613,40.0,54225.93,446.06,2740,3,0,0.0924,5.15,0.9009,0,1,11,grocery,upi,0
8614,49.0,74226.89,49.63,3925,5,1,0.132,18.68,0.6442,0,0,20,food,card,0
8615,28.0,60968.46,42.53,3643,3,0,0.5135,1.65,0.667,0,0,2,electronics,wallet,0
8616,37.0,45684.03,574.02,306,4,0,0.1146,5.85,0.8028,0,0,15,grocery,wallet,0
8617,62.0,18049.69,1077.68,906,5,1,0.2451,4.09,0.9015,0,0,11,grocery,upi,0
8618,71.0,73499.87,92.36,511,6,1,0.251,0.15,0.9332,0,0,23,gaming,wallet,0
8619,18.0,44782.74,490.81,1303,7,0,0.2681,6.66,0.595,0,0,22,gaming,card,0
8620,53.0,84369.32,399.21,2366,1,0,0.3452,0.75,0.8564,0,0,9,grocery,card,0
8621,19.0,71683.06,164.26,600,5,0,0.2288,0.5,0.864,0,0,4,grocery,card,0
8622,,45427.51,684.56,372,4,0,0.0683,6.36,0.745,0,0,22,electronics,upi,0
8623,68.0,,152.83,2587,6,0,0.3491,0.17,0.8156,0,1,3,food,card,1
8624,63.0,61559.0,302.02,2535,4,0,0.1777,0.02,0.8057,0,1,18,fashion,card,0
8625,31.0,60179.8,51.38,1483,2,1,0.341,4.29,0.8807,0,0,11,electronics,card,0
1155,35.0,68151.07,1358.04,2386,3,0,0.0595,12.91,0.7474,1,0,11,electronics,net_banking,0
8627,,138835.37,579.41,2379,2,1,0.1604,16.96,0.8114,0,1,17,travel,card,0
8628,64.0,37152.7,312.36,1676,4,0,0.0809,12.02,0.9223,0,0,1,grocery,card,0
8629,34.0,46056.19,156.1,300,6,2,0.0303,5.93,0.8097,0,0,0,food,card,0
8630,18.0,27849.05,1212.94,3032,6,0,0.187,8.51,0.9886,1,0,18,food,upi,1
8631,43.0,82025.92,1200.23,2509,6,0,0.3801,1.56,0.8621,0,1,2,grocery,upi,0
8429,49.0,48591.3,52.6,1328,1,0,0.062,5.94,0.8085,0,0,13,grocery,card,0
8633,43.0,42470.67,41.98,776,2,1,0.3575,4.06,0.8144,0,1,1,food,wallet,0
8634,71.0,41389.12,160.99,1225,4,1,0.2623,40.24,0.7314,0,1,17,travel,net_banking,0
7347,20.0,17805.1,108.27,726,4,1,0.1692,0.51,0.7877,0,0,23,food,card,0
8636,62.0,27644.19,196.86,3236,4,1,0.092,1.31,0.7564,0,0,22,food,wallet,0
8637,19.0,16015.36,70.57,3736,4,1,0.1415,0.64,0.9108,0,1,8,electronics,card,0
8638,66.0,70744.19,54.42,380,5,0,0.1263,0.55,0.8817,0,0,17,travel,card,0
8639,61.0,17199.43,18.73,980,7,0,0.0253,15.93,0.6615,0,0,4,fashion,upi,0
8640,40.0,87979.95,212.77,1161,6,1,0.2109,0.7,0.6683,0,0,13,food,upi,0
8641,51.0,129609.16,18.07,3967,6,0,0.15,3.04,0.9688,0,0,22,electronics,upi,0
8642,64.0,50249.98,130.68,2496,3,0,0.0973,2.52,0.8501,0,1,8,jewelry,card,0
8643,69.0,112398.92,360.45,3817,2,0,0.1984,3.37,0.8624,0,0,18,electronics,card,0
8644,49.0,54271.12,87.43,1012,8,1,0.1017,4.03,0.9071,0,0,3,food,card,1
8645,20.0,132544.15,60.83,298,6,0,0.3904,0.38,0.7041,0,0,14,fashion,upi,0
8646,53.0,42794.66,168.19,1939,2,1,0.4381,1.43,0.8083,0,0,20,fashion,card,0
8647,56.0,15000.0,78.6,3273,3,0,0.1592,16.64,0.8163,0,0,1,gaming,wallet,0
8648,21.0,52635.02,216.72,3353,6,0,0.1064,4.23,0.8211,0,0,5,food,net_banking,0
8649,64.0,140711.68,64.08,1905,2,0,0.1829,0.78,0.9338,0,0,20,food,card,0
8650,29.0,73815.28,162.14,1100,5,0,0.1428,4.76,0.7996,0,0,3,gaming,card,0
8651,68.0,41425.86,127.3,216,7,1,0.031,2.63,0.9473,0,1,18,fashion,card,0
8652,49.0,65905.96,177.94,1760,5,0,0.2498,3.92,0.6731,0,1,0,electronics,card,0
8653,36.0,93826.92,923.44,2157,3,1,0.2241,21.49,0.9273,0,0,11,electronics,upi,0
8654,21.0,52470.13,219.81,102,3,0,0.1254,1.69,0.8047,1,1,21,fashion,card,0
8655,19.0,233188.64,298.09,3741,2,0,0.2827,8.82,0.7911,0,1,0,travel,net_banking,0
8656,60.0,,96.37,2842,7,0,0.1743,7.62,0.6538,0,0,3,travel,upi,1
8657,39.0,95460.65,225.03,1327,6,0,0.3436,0.41,0.6351,0,0,21,grocery,wallet,1
8658,65.0,83629.7,136.75,1439,3,0,0.1143,2.23,0.6618,0,0,20,electronics,card,0
8659,31.0,37428.34,185.42,1447,3,1,0.243,1.51,0.7345,1,0,0,fashion,card,0
8660,70.0,43549.19,344.43,3444,5,0,0.1542,2.08,0.7501,0,0,0,fashion,card,0
8661,71.0,,109.15,2903,4,1,0.0201,7.29,0.5716,0,0,15,food,upi,0
8662,23.0,59558.95,120.89,381,2,0,0.0323,5.08,0.8381,0,0,8,gaming,card,0
3494,60.0,58991.02,114.89,851,3,0,0.4158,6.86,0.8621,0,0,20,food,card,0
8664,71.0,22366.21,108.55,3135,5,1,0.0621,15.69,0.8015,1,0,1,grocery,card,1
8665,36.0,78896.15,214.05,1445,4,0,0.4779,5.23,,0,0,9,food,upi,0
8666,21.0,64415.0,125.08,3260,2,1,0.0422,3.52,0.6389,0,0,16,food,net_banking,0
8667,67.0,53100.31,805.06,2044,6,0,0.1372,1.97,0.8921,0,0,7,electronics,wallet,0
8668,45.0,67075.83,2623.12,3110,4,0,0.2424,21.32,0.7781,0,0,10,fashion,card,1
8669,19.0,43915.33,102.0,2125,4,1,0.3892,10.78,0.9263,1,0,22,electronics,upi,0
8670,65.0,39717.3,241.52,2945,5,0,0.2296,12.34,0.7057,0,0,11,food,wallet,1
8671,56.0,48148.8,508.25,1743,7,1,0.1616,6.5,0.9717,0,0,18,electronics,card,0
8672,22.0,42607.12,137.99,974,5,1,0.061,9.1,0.7678,0,0,1,grocery,wallet,0
8673,32.0,182477.06,66.59,3532,3,0,0.0244,6.05,0.7125,0,0,21,fashion,upi,0
8674,19.0,90818.42,1023.65,1684,4,0,0.3373,0.25,0.6666,0,0,2,grocery,card,0
8675,72.0,32287.34,357.49,66,6,0,0.3539,6.79,0.8948,0,0,1,food,net_banking,0
8676,19.0,168560.71,247.56,1562,2,0,0.1552,20.18,0.8628,0,0,7,jewelry,net_banking,0
8677,63.0,43348.06,767.76,1661,7,0,0.3072,0.89,0.6863,0,0,18,food,card,0
8678,47.0,55898.28,388.85,986,2,1,0.385,0.52,0.6278,0,0,0,fashion,wallet,0
8679,51.0,90099.32,171.58,3514,3,0,0.1957,6.07,0.9307,0,0,16,grocery,upi,0
3076,60.0,44259.01,3597.83,1524,3,1,0.0984,16.74,0.7682,0,0,20,electronics,upi,1
8681,69.0,48277.66,109.91,1500,4,0,0.2189,2.58,,0,0,18,food,wallet,0
8682,25.0,40125.0,600.51,2799,5,0,0.185,4.2,0.8721,0,0,18,food,upi,0
8683,19.0,61567.07,356.04,2570,6,0,0.4181,4.14,0.7847,1,0,15,grocery,net_banking,0
8684,25.0,67414.53,149.35,1930,8,1,0.2468,6.69,0.5585,0,0,18,grocery,net_banking,1
8685,56.0,52711.86,1053.13,3900,5,0,0.1613,13.54,0.8005,1,0,13,food,card,1
8686,50.0,51384.02,153.81,3898,4,0,0.2623,15.72,0.924,0,0,14,grocery,upi,0
8687,22.0,,483.22,1919,3,1,0.2946,8.91,0.943,0,1,17,jewelry,card,0
8688,31.0,64919.66,224.3,2843,2,0,0.066,3.36,0.7393,0,0,20,grocery,card,0
8689,48.0,56267.49,1243.78,236,4,0,0.1433,18.07,0.818,0,0,10,electronics,card,0
8690,59.0,59660.01,382.22,1787,3,0,0.0549,2.89,,0,1,10,electronics,net_banking,0
8691,37.0,150968.64,188.5,1783,5,2,0.066,1.46,0.7085,0,0,20,gaming,card,1
8692,72.0,60479.46,150.53,1633,5,1,0.0477,13.46,0.8598,0,0,14,jewelry,upi,0
8693,74.0,41445.8,177.25,3368,3,0,0.1404,4.55,0.7999,0,0,15,electronics,net_banking,0
8694,61.0,19247.55,87.14,2346,2,0,0.1375,10.6,0.6868,0,0,6,travel,upi,0
8695,43.0,24994.8,45.89,1900,4,1,0.2559,8.88,0.8178,0,0,9,food,net_banking,0
8696,67.0,42541.03,245.11,1744,4,0,0.3427,3.95,0.7617,0,0,15,grocery,net_banking,0
8697,59.0,51817.4,105.58,2486,5,0,0.1184,9.54,0.6695,0,0,9,travel,,1
8698,47.0,40517.8,105.3,911,7,1,0.2539,5.42,0.9852,0,0,9,gaming,wallet,0
8699,43.0,66717.17,164.7,1006,1,2,0.3793,5.1,0.8134,0,1,0,travel,net_banking,1
8700,65.0,40231.64,189.65,2098,3,0,0.2733,3.48,0.8771,0,0,10,electronics,wallet,0
8701,49.0,33260.29,181.33,1297,7,1,0.1047,0.4,0.716,0,0,15,jewelry,upi,0
8702,28.0,77037.11,1023.78,2700,6,0,0.3018,4.86,0.8793,1,0,6,jewelry,card,0
8703,74.0,116804.33,349.09,3609,4,1,0.2516,7.14,0.8257,0,0,1,electronics,card,0
8704,21.0,29915.93,1481.44,1453,4,0,0.3223,20.31,0.7484,0,0,15,electronics,upi,0
8705,57.0,62889.35,116.04,2323,2,0,0.3812,3.86,0.9359,0,0,3,electronics,card,0
8706,55.0,19289.88,394.13,1154,7,1,0.1525,4.78,0.9482,1,0,0,gaming,card,0
8707,51.0,24442.84,122.68,3179,7,0,0.3044,13.34,0.603,0,0,12,travel,card,0
8708,20.0,39785.88,102.7,893,4,1,0.1375,12.5,0.7881,0,0,19,grocery,upi,0
8709,46.0,102671.43,1538.4,2102,8,0,0.2432,15.09,0.875,0,0,11,electronics,upi,1
3859,36.0,124794.75,284.17,1475,3,1,0.106,0.59,0.8451,0,0,21,grocery,card,0
8711,31.0,35109.72,19.32,3066,3,0,0.1282,5.74,0.9282,0,0,18,fashion,wallet,0
8712,57.0,56102.55,88.68,1000,3,0,0.0979,11.94,0.6972,1,0,3,electronics,upi,0
8713,66.0,56133.3,24.16,828,5,1,0.19,2.95,0.9029,0,0,11,electronics,card,1
8714,72.0,35712.86,69.52,3059,4,1,0.3319,11.67,0.7302,0,1,20,travel,card,1
8715,47.0,163981.73,76.27,2241,5,2,0.0314,2.48,0.8252,1,0,10,food,upi,0
8716,,47531.06,186.46,2565,1,0,0.2791,19.46,0.9075,0,0,17,grocery,upi,0
8717,57.0,58545.54,23.18,3182,5,0,0.2733,3.04,0.9276,0,0,0,jewelry,card,1
8718,45.0,44095.35,595.21,1169,2,1,0.1199,1.19,,1,0,14,grocery,upi,0
8719,53.0,70057.58,27.58,987,4,0,0.3423,0.18,0.7465,0,0,11,,card,0
8720,60.0,108479.35,158.41,3967,8,0,0.2601,7.43,0.9759,0,0,1,fashion,upi,0
8721,58.0,137324.7,130.16,472,5,0,0.3358,8.12,0.6924,1,0,4,electronics,wallet,1
8722,31.0,36164.83,410.88,2593,9,0,0.0894,1.79,0.668,1,0,2,fashion,wallet,0
8723,61.0,100762.93,255.83,1573,5,0,0.0363,15.96,0.9021,0,0,14,grocery,net_banking,0
8724,,74415.01,589.83,595,6,1,0.3229,2.4,0.9513,0,0,2,fashion,wallet,0
8725,71.0,94003.15,125.4,3814,3,1,0.1548,5.36,0.7953,0,1,10,food,net_banking,0
8726,55.0,52289.71,113.09,3322,1,2,0.1346,12.62,,0,0,5,grocery,card,0
8727,68.0,49623.31,271.99,911,4,0,0.1205,8.55,0.6657,1,0,18,travel,wallet,0
8728,73.0,,503.79,3022,3,0,0.2039,4.03,0.758,0,0,5,travel,net_banking,0
8729,74.0,92982.76,410.77,3077,4,1,0.0691,2.86,0.7109,0,0,2,food,upi,0
8730,60.0,130122.91,248.33,2015,2,0,0.101,6.16,0.793,0,0,7,electronics,card,0
8731,52.0,61346.27,227.15,3826,3,1,0.1402,9.67,0.7485,0,1,4,fashion,card,1
8732,24.0,51859.09,173.59,956,5,1,0.2273,7.44,0.6973,0,1,17,fashion,card,1
8733,40.0,15000.0,271.21,318,3,1,0.253,14.88,0.9036,0,0,2,fashion,card,0
8734,45.0,22672.21,1377.32,3249,3,0,0.3733,4.15,0.938,0,1,3,food,wallet,0
8735,62.0,44278.3,141.23,1449,4,3,0.0582,2.78,0.8464,0,0,21,electronics,upi,1
8736,51.0,30016.61,125.02,524,4,0,0.3438,4.97,0.8212,0,1,15,gaming,upi,0
8737,43.0,86065.19,115.8,3875,6,0,0.035,3.0,0.5783,0,0,4,jewelry,upi,0
8738,26.0,26757.68,265.69,1689,1,0,0.1163,4.19,0.9507,0,0,21,fashion,upi,0
8739,58.0,41746.51,21.57,3466,5,0,0.106,0.63,0.7096,0,0,9,electronics,upi,0
8740,42.0,42658.16,157.26,3274,4,0,0.1703,2.95,0.7913,0,0,0,grocery,card,0
8741,20.0,106691.54,434.24,1234,5,0,0.0831,4.87,0.4669,0,0,3,food,card,0
8742,34.0,39362.04,106.35,3211,3,0,0.1261,14.82,0.4888,0,0,18,fashion,card,0
8743,68.0,70538.58,216.95,1894,2,0,0.0682,1.44,0.8299,0,0,23,electronics,wallet,0
8744,24.0,61250.47,1483.7,2530,3,0,0.1366,4.06,0.8838,0,0,23,food,upi,0
8745,41.0,90390.74,250.78,1167,5,0,0.1063,1.39,0.869,0,1,9,food,card,0
8746,47.0,87790.34,19.18,60,7,1,0.1395,9.03,0.8869,0,0,2,food,net_banking,0
8747,22.0,53997.68,43.95,786,5,0,0.1237,11.45,0.8715,0,0,19,,,0
8748,27.0,21636.27,140.04,1352,4,0,0.2843,2.19,0.9058,0,0,18,gaming,upi,0
8749,71.0,48418.2,80.57,2201,2,0,0.4118,7.0,0.8943,0,0,12,grocery,upi,0
8750,51.0,,199.6,3417,4,0,0.1549,1.88,0.8604,1,1,7,food,upi,0
8751,29.0,64369.39,134.07,732,2,0,0.1544,0.94,0.936,0,1,12,food,upi,0
8752,27.0,36659.69,577.68,2893,1,0,0.1491,2.78,0.9274,0,0,10,gaming,wallet,0
8753,42.0,103010.28,60.44,3005,4,0,0.1156,12.77,0.9416,0,0,14,grocery,wallet,0
8754,59.0,55413.53,146.27,3248,7,1,0.2889,6.93,0.722,0,0,9,fashion,card,1
8755,59.0,33150.56,223.68,3264,4,1,0.3293,1.14,0.5236,0,0,12,fashion,net_banking,0
8756,29.0,42747.38,253.18,280,2,1,0.3479,9.08,0.8704,0,0,11,fashion,upi,0
8757,59.0,158861.32,208.46,894,7,0,0.4677,0.67,0.923,0,0,5,travel,card,1
8758,69.0,79260.59,16.15,3764,3,0,0.1391,1.89,0.8714,0,0,10,travel,card,0
8759,30.0,97903.69,195.63,2540,7,1,0.1597,10.85,0.4799,0,1,7,electronics,wallet,1
8760,19.0,31014.67,154.81,939,4,0,0.1326,0.15,0.6745,0,0,0,food,card,0
8761,72.0,37655.42,427.12,3984,3,1,0.1711,3.18,0.8148,0,0,2,electronics,upi,0
8762,47.0,37809.14,370.9,1349,5,0,0.1205,3.8,0.8252,0,0,2,food,upi,0
8763,62.0,60870.57,229.02,1175,2,0,0.129,0.47,0.8189,0,0,17,grocery,card,0
8764,36.0,49980.46,246.19,3367,7,0,0.4356,8.14,0.7244,0,1,19,grocery,upi,0
8765,35.0,42018.55,695.99,3843,4,0,0.3686,8.06,0.7949,0,0,6,jewelry,card,0
8766,30.0,45019.46,568.64,1642,10,0,0.116,12.36,0.9524,0,0,17,fashion,wallet,0
8767,30.0,35538.4,237.05,2592,2,0,0.1695,9.14,0.9079,0,0,11,travel,upi,0
8768,44.0,49820.25,1538.21,2583,2,0,0.1007,3.54,0.6078,1,0,4,grocery,upi,0
8769,24.0,101453.62,96.04,926,10,1,0.2159,8.38,0.8075,0,0,11,travel,card,1
8770,65.0,23929.37,55.01,2222,2,0,0.3072,8.85,0.8688,0,0,7,food,net_banking,0
8771,47.0,66546.23,178.06,250,0,0,0.1319,4.84,0.6984,0,0,15,grocery,wallet,0
8772,70.0,117493.64,123.86,3468,6,0,0.3943,14.57,0.8993,0,0,6,food,net_banking,0
8773,46.0,49728.6,15.3,3317,8,0,0.2458,1.66,0.9752,0,0,7,fashion,upi,0
8774,35.0,41118.22,93.74,649,6,0,0.0529,0.93,0.7812,0,0,22,fashion,,0
8775,47.0,91437.94,253.8,2446,6,2,0.2131,3.41,0.9437,0,0,12,,card,0
8776,26.0,32008.81,169.85,418,1,0,0.3131,19.83,0.9359,0,0,3,grocery,upi,0
8777,64.0,54317.85,82.81,377,7,0,0.3749,1.61,0.7771,1,0,9,electronics,wallet,0
8778,59.0,31044.42,187.78,2540,4,1,0.0852,0.33,0.9575,1,1,1,fashion,upi,1
8779,26.0,,203.57,3193,2,1,0.1493,1.81,0.5284,0,0,18,electronics,card,0
8780,,50589.39,367.98,3383,7,1,0.2726,3.1,0.8252,0,0,11,food,card,0
8781,48.0,27452.74,94.77,1346,4,0,0.0972,0.44,0.7161,0,0,3,gaming,upi,0
8782,29.0,54648.1,431.3,3694,5,0,0.186,26.36,0.8206,0,0,16,food,upi,0
8783,24.0,101554.89,60.48,2172,1,0,0.2092,5.56,0.9603,0,0,20,jewelry,card,0
8784,61.0,152501.38,108.81,1617,8,0,0.3619,3.04,0.8037,0,0,12,grocery,wallet,0
8785,33.0,57903.29,984.32,1398,8,0,0.1355,2.72,0.804,0,0,10,travel,card,0
8786,47.0,96341.76,64.66,2947,9,0,0.261,8.44,0.9164,1,0,6,gaming,upi,0
8787,32.0,68495.13,93.15,1501,10,0,0.0386,34.76,0.8139,0,0,19,fashion,card,1
8788,55.0,44550.38,51.41,1581,5,0,0.3253,2.67,0.7119,0,1,1,grocery,card,0
8789,20.0,19081.25,78.7,1569,4,0,0.0602,33.74,0.9352,0,0,0,fashion,upi,0
8790,38.0,134545.71,206.71,1295,1,0,0.21,1.31,0.8705,1,0,17,electronics,wallet,0
8791,49.0,30886.74,364.85,1608,3,1,0.1073,4.82,0.9158,0,0,17,grocery,net_banking,0
8792,43.0,117666.83,176.68,126,4,1,0.2633,2.18,0.8775,1,0,15,grocery,net_banking,0
8793,52.0,73889.99,130.1,3501,3,1,0.0771,12.89,0.8746,1,1,10,jewelry,upi,0
8794,28.0,32153.66,51.94,1022,5,0,0.2136,8.34,0.7997,0,0,5,electronics,card,0
8795,43.0,65296.1,86.99,1805,5,0,0.1321,2.61,0.8372,0,0,2,electronics,card,0
8796,61.0,177759.99,38.36,705,3,0,0.1284,6.1,0.8574,0,0,11,food,card,0
8797,37.0,127988.72,375.97,2159,4,0,0.3773,0.45,0.7862,0,0,20,travel,card,0
2573,,29938.89,108.91,2588,4,0,0.1352,4.58,0.76,0,0,1,food,card,0
8799,66.0,37178.99,172.86,703,3,0,0.1465,15.34,0.8511,0,0,16,,upi,0
8800,62.0,58116.38,279.89,1176,4,0,0.4159,9.82,0.827,0,0,20,gaming,wallet,0
8801,56.0,50214.34,432.33,3621,3,0,0.1761,3.61,0.6345,0,0,15,fashion,card,0
8802,63.0,,199.17,3439,2,0,0.0972,2.03,0.8011,0,0,21,food,card,0
8803,62.0,,725.29,3166,3,0,0.0761,1.05,0.6409,0,0,4,fashion,net_banking,0
8804,60.0,,64.66,837,3,1,0.2969,1.43,0.742,0,0,6,electronics,card,0
8805,47.0,70781.99,127.01,2609,7,0,0.3317,0.51,0.7076,0,0,5,food,card,0
8806,19.0,49840.76,112.75,3282,7,0,0.3546,11.27,0.8998,1,0,4,jewelry,card,0
8807,52.0,56134.05,343.85,2609,4,0,0.1825,23.61,0.7125,0,0,14,electronics,upi,0
8808,33.0,63070.42,42.9,3441,3,0,0.196,5.17,0.8716,0,0,20,jewelry,upi,0
8809,62.0,106339.22,765.81,828,0,0,0.129,15.49,0.687,0,0,7,grocery,card,0
8810,44.0,94171.66,315.68,1871,1,0,0.1297,4.15,,0,0,1,grocery,card,0
8811,69.0,36414.78,1036.13,1341,3,0,0.2637,3.59,0.7515,0,0,1,,upi,0
8812,51.0,53255.26,172.84,2906,7,0,0.2861,49.44,0.7294,0,0,15,food,net_banking,0
8813,49.0,42976.2,103.82,537,6,0,0.1166,1.51,0.5771,0,0,12,food,wallet,0
5922,63.0,55812.15,77.07,2252,5,0,0.3522,8.49,0.6552,0,0,4,grocery,upi,1
8815,45.0,51789.08,504.48,2818,1,0,0.0947,20.17,0.9813,1,0,8,grocery,card,0
8816,39.0,151706.56,88.11,100,10,1,0.0202,6.45,0.6967,0,0,15,,upi,0
8817,39.0,21449.67,24.42,1045,4,0,0.1126,1.26,0.7949,0,1,8,electronics,card,0
8818,67.0,54276.93,28.98,2847,5,0,0.3972,0.11,0.9839,0,1,23,grocery,net_banking,0
8819,61.0,53327.77,233.77,980,1,1,0.3959,6.27,0.8272,0,1,4,fashion,card,1
8820,27.0,64430.54,839.79,2437,5,0,0.113,1.74,0.6032,1,0,21,fashion,card,1
8821,46.0,32389.51,49.01,1619,1,0,0.2893,0.06,0.8536,0,0,15,food,upi,0
8822,39.0,25116.43,137.08,1861,6,0,0.2238,9.37,0.9129,1,1,20,,upi,1
8823,54.0,25767.25,127.04,1451,1,0,0.2342,12.55,0.8994,0,0,3,travel,card,0
8824,20.0,114359.47,1228.43,3597,3,0,0.3377,27.06,0.6218,1,1,19,gaming,card,1
8825,58.0,32035.86,1722.71,2891,7,0,0.1958,4.15,0.825,0,0,11,electronics,upi,0
8826,60.0,41786.53,275.18,2917,2,0,0.2641,7.52,0.9371,0,0,10,food,upi,0
8827,30.0,175016.65,441.84,3172,6,0,0.0199,1.15,0.9798,0,0,12,,net_banking,0
8828,,36726.28,429.73,1719,3,0,0.166,29.4,0.6621,0,0,16,food,net_banking,0
8829,53.0,66397.07,50.03,440,9,0,0.3492,0.91,0.621,0,0,12,food,upi,1
8830,32.0,98734.02,361.94,241,1,0,0.2747,0.5,0.8868,0,0,23,gaming,card,0
8831,71.0,96156.71,64.93,1944,1,0,0.1502,2.14,0.8358,0,0,6,food,card,0
8832,62.0,26442.33,151.63,3508,5,1,0.1747,9.44,0.7625,0,0,19,food,upi,0
8833,72.0,37150.95,562.67,1947,5,0,0.0639,5.03,0.9458,0,0,1,food,upi,0
8834,48.0,64951.02,195.17,3939,3,0,0.0684,5.33,0.8337,0,0,4,fashion,card,0
8835,71.0,158902.81,542.1,2108,3,0,0.269,10.8,0.9101,0,0,0,gaming,upi,0
8836,18.0,36179.85,659.99,2549,8,0,0.1618,17.43,0.7454,0,0,13,travel,upi,0
8837,34.0,41923.48,31.06,338,3,0,0.3128,0.23,0.9343,0,0,2,fashion,card,0
8838,18.0,69276.04,20.39,3079,2,1,0.0998,5.74,0.4978,0,0,1,fashion,upi,0
8839,56.0,77334.89,575.39,3559,4,0,0.0293,5.08,0.7072,0,0,23,jewelry,upi,0
8840,47.0,79955.71,599.06,2038,4,1,0.341,1.45,0.9364,0,0,17,electronics,card,0
8841,34.0,34530.31,232.65,3621,6,1,0.1044,5.45,0.6631,0,0,18,fashion,wallet,0
8842,35.0,41046.55,266.45,969,5,0,0.1726,9.8,0.9454,0,0,15,food,card,0
8843,54.0,,439.66,1972,3,0,0.399,0.07,0.8132,0,0,16,grocery,upi,0
8844,28.0,110123.71,431.54,3650,6,0,0.2631,4.7,0.7792,0,0,0,gaming,card,0
8845,47.0,48238.96,132.79,2426,9,0,0.3201,2.55,0.8197,1,1,22,fashion,upi,1
8846,52.0,54329.49,468.16,2762,5,0,0.2349,3.33,0.8981,0,0,14,grocery,wallet,0
8847,31.0,31282.93,127.29,1630,3,1,0.1242,19.58,0.9653,0,0,22,food,upi,0
8848,31.0,153255.73,229.64,2207,7,0,0.308,3.96,0.7851,0,1,12,travel,card,0
8849,38.0,59870.14,219.86,1505,2,0,0.1309,8.24,0.8535,0,0,19,grocery,card,0
8850,51.0,99494.1,76.21,2737,4,0,0.222,1.62,0.8103,0,0,9,food,upi,0
8851,32.0,55911.87,85.62,251,2,0,0.1467,6.21,0.9562,0,0,17,electronics,upi,0
8852,39.0,57640.77,1680.87,2062,3,3,0.0121,12.45,0.7045,0,0,14,grocery,wallet,1
8853,48.0,24098.83,73.78,3721,2,0,0.3211,0.73,0.7338,0,1,13,electronics,card,0
8854,28.0,16851.07,260.58,261,3,0,0.4629,19.1,0.9402,0,0,12,food,card,0
8855,50.0,109495.24,321.42,1820,4,0,0.1294,8.18,0.8835,0,1,4,electronics,,0
8856,25.0,57412.68,170.5,2651,4,0,0.2014,0.05,0.6601,0,0,4,gaming,card,0
8857,26.0,61612.74,352.29,365,2,1,0.0809,6.15,0.7825,0,0,7,food,card,0
8858,31.0,27670.13,250.12,50,4,0,0.147,3.34,0.6227,0,0,13,electronics,card,0
8859,,33469.95,75.39,685,4,0,0.2665,3.81,0.7326,0,0,6,fashion,card,0
8860,,98652.08,307.9,904,5,0,0.6111,16.87,0.5851,0,0,10,fashion,card,1
8861,72.0,143224.35,104.4,3518,3,1,0.1489,29.42,0.845,0,0,15,gaming,wallet,0
8862,35.0,39080.85,1026.21,649,3,1,0.1872,0.19,0.9101,1,0,21,travel,card,0
8863,63.0,79570.94,276.46,2572,4,1,0.154,5.19,0.7891,0,0,17,,card,1
8864,69.0,61059.38,89.37,1380,4,0,0.0345,18.6,0.7297,0,0,9,electronics,card,0
8865,63.0,51472.22,253.47,2156,5,1,0.1678,10.72,0.9574,0,0,9,food,card,0
8866,65.0,152308.89,71.39,3636,6,0,0.2351,0.91,0.4654,1,0,12,fashion,net_banking,1
8867,23.0,42865.71,232.93,3437,4,0,0.0645,9.32,0.7862,0,1,19,travel,card,0
8868,39.0,108823.26,143.63,346,5,1,0.1414,2.59,0.7838,0,0,21,electronics,card,0
8869,60.0,67837.56,78.73,383,12,0,0.2285,0.5,0.6404,0,0,7,grocery,net_banking,1
8870,50.0,54491.46,77.75,1448,2,2,0.0898,13.09,0.6373,0,0,15,food,card,0
8871,18.0,116972.94,2054.71,3240,3,1,0.0215,13.44,0.9713,0,0,13,electronics,upi,0
8872,50.0,64515.61,197.23,3045,4,1,0.1202,21.52,0.9108,0,0,3,electronics,card,1
8873,63.0,52159.07,116.89,2485,4,0,0.1646,5.15,0.785,0,0,19,fashion,card,0
8874,65.0,117451.61,98.3,3456,4,0,0.1154,11.59,0.6922,0,1,14,grocery,upi,0
8875,39.0,109336.19,288.33,753,5,0,0.6376,14.51,0.8744,0,0,1,gaming,card,0
8876,31.0,106528.55,95.06,2952,6,0,0.277,0.8,0.4403,0,0,4,fashion,card,0
8877,35.0,15000.0,60.24,3878,3,1,0.0801,17.14,0.7091,0,0,8,food,upi,0
8878,34.0,70065.49,174.26,3861,4,1,0.0651,0.97,0.8415,0,0,3,gaming,upi,0
8879,37.0,61805.83,172.95,2853,3,0,0.2676,9.07,0.9126,0,0,23,gaming,wallet,0
8880,35.0,53955.43,118.62,2792,4,0,0.0925,7.3,0.8793,0,0,14,travel,card,0
8881,44.0,76915.85,73.82,918,0,0,0.3232,4.71,0.8919,0,1,19,travel,upi,0
9607,36.0,32987.28,45.85,3293,1,0,0.3433,0.56,0.6937,0,0,17,travel,card,1
8883,33.0,79848.19,112.54,1011,5,0,0.231,11.19,0.828,0,0,2,grocery,upi,0
8884,35.0,47463.18,97.96,1705,2,0,0.388,4.55,0.9419,1,0,21,gaming,upi,0
8885,26.0,125377.92,237.33,494,5,1,0.1215,0.91,0.5669,0,0,9,food,upi,0
8886,68.0,,1667.67,1229,4,0,0.3197,5.89,0.8809,0,0,6,food,net_banking,0
8887,56.0,74122.77,681.79,331,0,0,0.4575,7.75,0.8805,0,1,22,travel,upi,0
1867,24.0,65942.28,2154.31,3923,4,0,0.2981,12.06,0.639,0,0,5,travel,upi,0
8889,50.0,103942.5,102.03,317,5,1,0.2303,9.59,0.8798,0,0,2,travel,upi,0
8890,24.0,96472.84,960.68,3078,1,0,0.1228,0.18,0.846,0,0,2,grocery,net_banking,0
8891,69.0,51692.29,225.93,2633,2,0,0.3312,4.98,0.8524,0,0,17,food,wallet,0
8892,44.0,94822.23,482.66,2611,7,0,0.1246,2.56,0.827,0,0,11,fashion,card,0
8893,57.0,60525.33,284.48,2821,3,0,0.3469,9.84,0.7832,0,0,11,food,wallet,0
8894,39.0,157849.64,127.7,3094,3,0,0.0798,10.78,0.8121,0,0,16,fashion,wallet,0
8895,46.0,100593.08,369.61,2712,5,0,0.0498,17.07,0.6717,0,0,6,gaming,card,0
8896,45.0,38987.77,292.33,2521,8,0,0.6215,0.96,0.8265,0,0,21,gaming,net_banking,1
8897,34.0,198189.58,30.72,754,3,0,0.3284,3.34,0.9472,0,0,12,jewelry,card,0
8898,49.0,17308.73,158.99,2940,1,0,0.1514,7.74,0.9043,0,0,23,food,card,0
8899,59.0,78091.27,430.68,1963,2,1,0.3926,4.79,0.8222,0,0,15,gaming,card,0
8900,19.0,37502.11,237.55,648,3,1,0.141,18.08,0.9093,0,0,12,fashion,upi,0
8901,25.0,154861.68,287.85,1938,2,0,0.3599,1.15,0.934,1,0,22,grocery,upi,0
8902,66.0,63204.56,84.91,1314,8,0,0.0524,37.29,0.8459,0,0,11,food,card,1
8903,50.0,35543.09,232.56,819,1,0,0.2043,22.03,0.6601,0,0,20,food,wallet,0
8904,73.0,47501.49,163.47,2257,4,0,0.2992,0.97,0.8589,1,1,21,food,card,0
8905,52.0,37139.12,146.86,3582,2,0,0.3832,24.39,0.6281,0,1,21,jewelry,upi,0
8906,,46486.22,91.26,95,2,1,0.2589,6.71,0.968,0,1,7,food,upi,0
8907,69.0,45905.14,449.36,565,8,0,0.1413,2.96,0.77,0,0,3,grocery,net_banking,1
8908,55.0,36386.49,254.28,3651,3,1,0.2346,6.3,0.863,0,0,5,jewelry,card,0
8909,36.0,63807.34,229.87,2772,8,0,0.3231,5.48,0.8555,0,0,21,grocery,upi,0
8910,48.0,68204.22,1399.32,980,2,1,0.1756,6.26,0.6972,1,0,3,food,wallet,0
8911,31.0,31796.77,289.1,1495,5,0,0.2153,8.95,0.8071,0,0,12,jewelry,upi,0
8912,37.0,22093.54,597.92,381,4,0,0.356,9.42,0.849,0,1,7,jewelry,card,0
8913,56.0,65258.69,236.49,3379,6,0,0.304,1.44,0.8288,0,0,22,electronics,upi,1
8914,26.0,73691.65,126.44,2667,5,0,0.2847,0.08,0.7858,0,1,7,gaming,upi,1
8915,56.0,82183.32,62.42,951,7,1,0.288,18.97,0.9464,0,0,2,jewelry,wallet,0
8916,51.0,74476.16,229.14,799,4,1,0.2033,13.18,0.7215,0,0,6,grocery,card,0
8917,35.0,130624.58,12.55,2773,5,1,0.3019,5.69,0.7918,1,1,6,gaming,upi,1
8918,20.0,95175.31,236.38,2260,4,0,0.1601,0.31,0.6755,0,1,21,jewelry,card,0
8919,58.0,240143.99,246.74,3003,3,0,0.1964,8.8,0.9149,0,0,7,electronics,card,0
3186,72.0,65894.47,268.65,1601,6,0,0.4721,3.59,0.6732,0,0,13,fashion,wallet,1
8921,59.0,20913.12,164.12,3977,3,0,0.0659,13.57,0.8966,0,0,8,food,net_banking,0
8922,41.0,16426.68,51.51,688,3,0,0.07,8.71,0.6474,0,0,16,electronics,wallet,0
8923,55.0,54776.87,719.5,738,3,0,0.1231,1.43,0.6606,0,0,8,fashion,upi,0
8924,41.0,72577.94,128.47,2947,6,2,0.1463,13.94,0.8948,0,0,18,electronics,card,1
8925,38.0,52751.72,68.09,2272,4,1,0.2407,6.76,0.9086,0,0,12,jewelry,card,1
8926,36.0,80988.12,310.32,1571,2,0,0.1419,8.2,0.8249,0,0,8,food,card,0
8927,30.0,47403.69,201.08,2953,5,0,0.134,12.8,0.9046,0,1,20,fashion,card,0
8928,73.0,37549.51,125.79,2310,3,0,0.0452,11.88,0.5126,0,0,11,jewelry,card,0
8929,55.0,40802.49,113.17,1629,3,0,0.2252,2.17,0.7609,0,0,11,jewelry,card,0
8930,27.0,49266.32,178.99,888,1,0,0.4978,0.8,0.7139,0,0,11,electronics,card,0
4709,61.0,53230.9,717.42,2492,4,0,0.0925,1.79,0.8628,0,1,0,food,net_banking,0
8932,26.0,42082.24,287.87,2223,2,0,0.0983,1.76,0.837,0,0,4,grocery,wallet,0
8933,51.0,46917.95,173.91,3580,3,0,0.1758,6.09,0.8535,0,0,20,grocery,upi,0
3911,31.0,45376.04,464.28,1699,3,0,0.384,6.43,0.825,0,1,7,fashion,card,0
8935,38.0,49303.5,185.02,1083,4,0,0.0965,1.05,0.9526,0,0,4,food,card,0
8936,55.0,101648.83,268.95,233,6,0,0.0727,6.31,0.8786,0,0,18,fashion,card,0
8937,74.0,33168.64,209.37,1105,4,0,0.1427,4.79,0.9389,0,0,12,travel,wallet,0
8938,74.0,29439.38,324.65,2914,3,1,0.1319,2.17,0.8284,0,0,15,food,upi,0
8939,69.0,65031.98,115.45,1169,7,0,0.1562,5.22,0.6676,0,0,22,electronics,upi,0
8940,31.0,68696.06,57.61,2222,6,0,0.1567,2.97,0.6418,0,0,14,gaming,net_banking,1
8941,,34178.8,445.77,882,7,0,0.0988,10.41,0.62,0,1,16,food,card,0
8942,69.0,115158.64,810.69,3711,4,0,0.0531,3.96,0.9533,0,0,17,jewelry,card,0
8943,70.0,158546.58,60.41,3610,5,1,0.061,1.36,0.7396,1,0,13,grocery,upi,0
8944,,38939.66,215.35,3237,4,0,0.0837,15.25,0.561,0,0,18,food,card,0
8945,19.0,124629.9,114.9,2941,4,0,0.1933,14.7,0.6447,0,0,4,grocery,upi,0
8946,54.0,15000.0,435.43,2297,4,0,0.065,8.45,0.9285,0,0,15,electronics,card,0
8947,22.0,99404.26,230.35,62,3,1,0.3006,0.69,0.7785,0,0,15,fashion,card,0
8948,20.0,34314.35,5000.0,200,6,0,0.2883,14.51,0.7691,0,0,22,jewelry,card,1
8949,71.0,94082.6,133.16,1790,5,1,0.1232,1.14,0.8469,0,0,16,food,upi,0
8950,46.0,32415.33,837.36,3015,6,1,0.1839,11.46,0.7943,0,0,5,,card,1
8951,24.0,52966.79,922.96,546,5,2,0.3138,9.25,0.7906,0,0,16,fashion,wallet,0
8952,55.0,35225.48,306.91,2209,4,0,0.1543,2.09,0.8815,0,0,0,grocery,card,0
8953,39.0,48896.16,186.8,3819,2,2,0.2505,26.15,0.9552,0,0,8,food,net_banking,0
8954,48.0,150474.16,197.91,3345,3,0,0.217,4.43,0.7991,0,0,17,travel,wallet,0
8955,69.0,51829.91,181.85,2220,2,0,0.0321,8.46,0.9075,0,0,14,food,upi,0
8956,31.0,175563.2,559.06,2323,2,1,0.0569,7.08,0.8145,0,0,17,grocery,upi,0
8957,54.0,44484.3,75.21,278,2,0,0.1296,1.42,0.8469,0,0,23,gaming,upi,0
8958,65.0,124936.27,153.24,38,4,1,0.2284,14.75,0.9528,0,0,11,jewelry,card,0
8959,42.0,22492.96,135.74,1283,2,0,0.4201,4.11,0.9046,0,0,16,grocery,net_banking,0
8960,73.0,46981.47,32.03,3265,5,0,0.0927,9.7,,0,0,7,fashion,card,0
8961,43.0,40954.95,424.91,53,9,0,0.3906,1.92,0.8333,0,0,17,grocery,wallet,0
8962,44.0,128133.32,521.07,3203,6,0,0.0526,4.12,0.8191,0,0,14,grocery,card,0
8963,68.0,60899.2,95.46,1052,1,0,0.2881,7.8,0.904,1,0,20,food,upi,0
8964,54.0,,504.26,424,5,0,0.117,4.01,0.7766,0,1,14,gaming,card,0
8965,67.0,26756.08,36.94,410,2,0,0.098,5.6,0.8035,0,0,3,travel,upi,0
8966,63.0,,184.36,2744,4,0,0.2227,11.37,0.781,0,0,18,gaming,upi,0
8967,58.0,91933.07,158.65,207,1,0,0.1305,2.13,0.8979,0,0,11,food,wallet,0
8968,31.0,85634.42,196.51,2118,5,0,0.184,16.73,0.7319,0,0,17,food,net_banking,0
8969,40.0,,195.49,3741,5,0,0.3103,10.55,0.8356,0,1,2,travel,card,0
8970,67.0,40676.59,166.65,2371,5,0,0.1918,8.88,0.9135,0,0,11,grocery,upi,0
8971,53.0,81560.63,122.14,1357,4,1,0.5969,7.83,0.8207,0,0,14,travel,upi,1
8972,33.0,29550.35,161.46,3560,2,1,0.0726,4.61,0.878,1,0,6,electronics,wallet,0
8973,36.0,70742.83,703.58,319,3,0,0.3223,1.05,0.6068,0,1,2,food,upi,0
8974,62.0,67506.11,100.91,1020,4,0,0.1457,13.88,0.7935,0,0,14,electronics,card,0
8975,28.0,47290.48,1716.94,710,4,0,0.4324,0.61,0.7914,0,0,21,fashion,card,0
8976,24.0,68446.75,95.37,82,2,0,0.4568,8.21,0.7391,0,0,11,gaming,card,0
8977,61.0,58176.71,228.84,3819,4,0,0.4348,12.17,0.8038,0,0,14,fashion,card,0
8978,34.0,72306.49,318.67,857,1,0,0.07,1.17,0.7718,0,0,13,fashion,card,0
8979,61.0,26405.62,134.45,321,4,0,0.1324,8.8,0.5888,0,0,6,gaming,upi,0
8980,48.0,77115.88,717.18,3663,3,0,0.1736,2.49,0.7686,0,1,5,electronics,card,0
8981,74.0,96733.9,310.5,3849,8,0,0.0751,8.26,0.905,0,0,13,travel,wallet,0
8982,47.0,65618.42,146.65,869,4,1,0.3584,12.77,0.7946,0,0,16,grocery,upi,0
8983,,76554.42,709.26,1625,5,0,0.0891,0.62,0.8054,0,0,22,food,card,0
8984,66.0,51773.45,65.2,2707,6,0,0.1222,2.25,0.8838,0,0,10,grocery,upi,0
8985,30.0,89798.3,102.26,1726,10,1,0.0601,4.55,0.9292,0,0,13,grocery,card,1
8986,74.0,57009.57,315.93,3165,4,0,0.1732,13.05,0.7703,0,0,10,food,card,0
8987,60.0,29252.51,401.19,1017,2,1,0.2104,13.45,0.8937,0,0,20,jewelry,card,0
8988,24.0,86353.74,248.53,3258,3,0,0.1519,2.39,0.8442,0,0,20,travel,wallet,0
8989,18.0,22388.62,158.5,2247,7,1,0.0879,7.58,0.909,0,0,14,fashion,card,0
8990,33.0,64255.16,139.98,71,6,0,0.2062,1.65,0.6618,0,0,11,fashion,upi,0
8991,18.0,44523.21,558.0,2493,1,2,0.1666,3.74,0.8829,0,0,19,food,wallet,0
8992,38.0,42985.55,228.92,67,2,1,0.1154,2.61,0.9036,0,0,1,grocery,card,0
8993,74.0,60456.68,75.24,3389,3,1,0.0982,3.84,0.9382,0,0,6,grocery,wallet,0
8994,45.0,37234.09,71.03,3956,5,0,0.0522,2.51,0.8167,0,0,15,gaming,wallet,0
8995,19.0,72896.93,817.64,642,5,0,0.2135,11.98,0.8137,0,0,3,food,card,0
8996,,56745.21,87.72,2123,3,0,0.0527,9.86,0.9175,0,0,19,electronics,card,0
8997,30.0,39166.49,236.44,1366,3,0,0.0807,14.48,0.6343,0,1,23,travel,card,0
8998,66.0,114816.13,694.97,282,6,0,0.3322,6.52,0.7411,0,0,16,jewelry,upi,0
8999,23.0,61557.0,309.53,2720,5,0,0.0738,9.48,0.7656,0,0,10,grocery,card,0
9000,61.0,77810.29,84.38,136,2,0,0.135,6.38,0.7742,0,0,6,food,card,0
9001,43.0,,65.19,125,4,0,0.1133,27.65,0.5779,0,0,11,grocery,upi,0
9002,19.0,118798.81,1167.76,3248,3,0,0.1062,9.43,0.5263,0,0,14,electronics,upi,0
9003,56.0,75657.39,63.55,1150,3,0,0.0988,11.67,0.6217,0,0,3,,upi,0
9004,43.0,46566.02,103.51,3622,8,0,0.174,17.39,0.8696,0,0,19,food,upi,0
9005,61.0,25053.06,261.25,2389,3,0,0.2882,9.22,0.7245,0,0,8,grocery,card,0
9006,53.0,61621.64,144.62,2112,5,0,0.048,19.38,0.9666,0,0,7,,upi,1
9007,62.0,100419.31,319.5,1654,6,0,0.3956,6.12,0.8034,0,0,12,travel,card,0
9008,44.0,66833.63,41.48,1505,4,0,0.1435,55.42,0.9191,0,0,8,fashion,wallet,0
9009,18.0,15000.0,145.85,923,3,0,0.1801,6.41,0.9965,0,0,1,grocery,net_banking,0
9010,25.0,88753.9,354.48,2818,2,0,0.1835,8.44,0.3843,0,0,22,fashion,card,0
9011,44.0,91804.17,355.68,2436,4,1,0.1323,0.89,0.742,0,0,19,,net_banking,0
9012,40.0,46602.82,101.55,118,3,1,0.1427,6.21,0.7964,0,0,11,jewelry,upi,0
9013,63.0,94720.66,64.8,1314,4,2,0.2229,5.87,0.8746,0,0,13,gaming,card,0
9014,41.0,77689.04,222.89,3598,3,0,0.1424,8.32,0.9365,0,0,15,electronics,card,0
9015,67.0,37724.3,48.45,1985,3,0,0.0811,7.24,0.7171,0,0,11,travel,upi,0
9016,28.0,110669.56,650.17,1046,9,1,0.2876,19.94,0.7856,0,0,4,travel,wallet,1
9017,39.0,27391.17,210.69,941,3,0,0.4016,6.04,0.6056,0,0,10,grocery,upi,0
9018,61.0,53295.32,89.67,787,2,0,0.2985,21.77,0.8524,0,0,22,gaming,card,0
9019,25.0,50449.96,62.71,3448,4,0,0.3406,3.5,0.8519,0,0,20,food,card,0
9020,36.0,34929.87,95.57,1263,7,0,0.3476,3.02,0.7709,1,0,2,gaming,wallet,1
9021,60.0,65002.12,37.75,1211,1,0,0.2504,4.68,,0,0,22,electronics,card,0
9022,51.0,113073.28,295.22,282,4,1,0.2489,3.78,0.7363,1,0,3,gaming,upi,1
9023,62.0,109244.8,80.65,3561,5,0,0.0606,12.84,0.4606,0,0,15,grocery,upi,0
9024,47.0,81887.68,268.44,1576,0,1,0.0699,6.48,0.6431,0,0,11,fashion,upi,0
9025,66.0,21640.7,308.12,2828,6,0,0.2077,1.7,0.8664,0,0,11,travel,card,0
9026,68.0,26378.77,472.93,2867,4,2,0.0707,7.98,0.8855,0,1,13,food,upi,0
9027,73.0,60263.48,231.55,1419,4,0,0.1163,0.9,0.8343,0,1,15,jewelry,card,1
9028,24.0,53974.08,554.57,2007,10,0,0.0834,0.21,0.8766,0,0,3,grocery,card,0
9029,51.0,41820.61,719.87,432,5,0,0.3269,19.11,0.921,0,1,7,travel,net_banking,0
9030,24.0,156845.45,233.03,2681,1,0,0.3756,6.33,0.8206,0,0,11,,card,0
9031,31.0,58297.33,247.52,2705,4,1,0.3684,7.96,0.8773,0,0,1,grocery,card,0
9032,35.0,74118.13,103.08,878,5,0,0.1642,3.82,0.8529,0,0,16,fashion,net_banking,0
9033,54.0,94696.29,67.04,805,3,0,0.2845,2.81,0.8766,0,0,9,food,card,0
9034,42.0,56687.87,648.74,1609,3,1,0.0878,3.95,0.8455,0,0,11,electronics,card,0
9035,67.0,228701.44,329.87,2778,5,0,0.0841,9.95,0.7675,0,0,17,food,upi,0
9036,35.0,32790.16,357.73,2092,3,0,0.25,1.97,0.8229,0,0,7,jewelry,card,0
9037,53.0,39408.98,99.71,274,3,1,0.0368,23.84,0.9799,0,0,23,electronics,wallet,0
9038,61.0,32745.94,913.13,2303,3,0,0.3071,3.94,0.9248,0,0,0,electronics,card,0
9039,73.0,129903.94,143.21,2836,4,0,0.2672,27.76,0.9075,0,0,18,grocery,card,0
9040,31.0,,80.73,769,4,1,0.4242,6.88,0.8834,0,0,7,food,wallet,0
9041,59.0,40774.2,101.42,1795,2,0,0.1947,7.71,0.7594,0,0,14,food,net_banking,0
9042,22.0,34199.16,866.23,3236,3,0,0.2505,25.67,0.9259,0,1,3,food,,1
9043,48.0,117804.09,59.26,1319,3,0,0.1514,10.42,0.8898,0,0,7,jewelry,card,0
9044,41.0,67105.19,84.93,388,6,0,0.2893,16.67,0.9246,1,0,20,grocery,card,0
9045,72.0,119469.73,3266.47,3703,3,0,0.5059,0.42,0.8513,0,0,19,travel,card,0
9046,62.0,53210.25,461.28,420,5,0,0.0882,1.59,0.7579,0,0,3,gaming,upi,0
9047,70.0,,86.48,273,8,0,0.3037,8.8,0.9463,0,0,17,jewelry,card,0
9048,66.0,,61.04,1021,3,1,0.0706,21.62,0.7375,0,0,22,fashion,wallet,0
9049,41.0,39019.91,33.79,3013,5,0,0.1188,6.58,0.8402,0,0,8,food,card,0
9050,59.0,50808.0,198.36,2627,2,0,0.1306,2.02,0.8992,0,0,0,food,card,0
9051,19.0,28673.3,372.78,963,4,0,0.152,9.06,0.8045,0,0,23,fashion,wallet,0
9052,49.0,72174.87,822.01,336,10,0,0.2425,2.4,0.824,0,0,18,fashion,card,1
9053,20.0,83598.03,27.08,3818,4,0,0.1895,0.35,0.8603,0,0,2,food,card,0
9054,,94814.45,47.83,60,5,0,0.205,5.79,0.795,0,0,1,grocery,net_banking,0
9055,73.0,79355.11,159.72,3700,4,0,0.4797,5.16,0.887,1,1,18,,card,1
9056,56.0,51255.23,2923.76,1904,3,0,0.3206,0.8,0.8768,0,1,19,grocery,wallet,0
9057,65.0,129142.58,436.53,801,8,1,0.0566,14.77,0.8381,0,0,7,gaming,card,0
9058,31.0,89846.52,261.32,1406,6,1,0.1505,1.22,0.693,0,0,10,food,upi,0
9059,74.0,118041.19,52.88,1262,6,0,0.2286,14.34,0.6807,0,0,19,travel,upi,0
9060,49.0,122185.56,21.61,652,3,1,0.3712,21.2,0.8896,0,0,5,grocery,wallet,0
9061,56.0,51328.87,187.13,1744,5,0,0.0598,2.81,0.9705,0,0,20,grocery,upi,0
9062,61.0,68078.87,162.97,2634,4,0,0.2657,5.04,0.8961,0,0,2,travel,card,0
9063,54.0,,137.71,1906,5,2,0.3238,12.46,0.8221,0,0,18,travel,card,1
9064,36.0,29233.2,123.04,2576,4,0,0.0628,13.49,0.8587,0,0,2,electronics,wallet,0
9065,52.0,29591.82,85.17,3881,5,1,0.1261,0.32,0.8146,0,1,16,grocery,net_banking,0
5148,65.0,46837.31,558.38,1959,5,1,0.2866,1.71,0.8844,0,1,21,fashion,card,1
9067,66.0,51825.28,722.32,2963,4,0,0.1874,1.81,0.9562,1,0,16,electronics,upi,0
9068,45.0,45787.39,74.18,942,2,0,0.2016,10.96,0.8235,0,0,13,travel,upi,0
9069,46.0,24970.98,136.57,105,8,0,0.0395,18.27,0.7689,1,0,10,gaming,card,1
9070,46.0,59708.85,173.1,1478,3,0,0.0816,1.77,0.985,0,0,18,food,upi,0
9071,24.0,52182.27,364.76,1592,4,1,0.3043,2.01,0.6231,0,0,8,travel,card,1
9072,23.0,,76.79,3960,4,0,0.0898,2.57,0.7103,0,0,8,fashion,wallet,0
9073,19.0,,478.68,1397,0,0,0.2987,4.94,0.8097,0,1,8,grocery,card,0
9074,55.0,70695.43,100.82,3081,5,0,0.1304,7.83,0.902,0,0,9,food,wallet,0
9075,41.0,37494.21,153.1,3742,6,0,0.1715,19.43,0.8584,0,0,1,grocery,card,0
9076,67.0,78494.74,930.81,1368,6,0,0.1137,0.02,0.8502,1,0,11,food,wallet,0
9077,58.0,55282.13,68.29,740,8,1,0.1365,3.91,0.8461,0,0,19,travel,card,0
9078,26.0,48195.43,370.13,3862,2,0,0.1918,15.42,0.8239,0,0,20,grocery,wallet,0
9079,23.0,34241.99,491.55,1848,7,1,0.2303,25.75,0.9328,0,0,18,food,card,1
9080,38.0,42606.73,245.39,1836,4,0,0.1438,8.2,0.8947,0,1,10,electronics,net_banking,0
9081,70.0,49876.41,160.04,2922,6,0,0.1016,15.19,0.6285,0,0,11,fashion,card,0
9082,20.0,85591.52,1508.18,1539,3,2,0.1291,18.22,0.8986,0,1,12,grocery,wallet,0
9083,28.0,72849.62,177.53,2179,5,0,0.1119,6.86,0.992,0,0,20,food,wallet,0
9084,,,220.75,3778,3,0,0.1903,1.49,0.5766,0,0,5,electronics,upi,0
9085,41.0,79695.98,128.56,222,4,0,0.1226,2.52,0.7898,0,1,14,food,wallet,0
9086,74.0,69456.13,209.36,2952,4,0,0.1695,10.52,0.7672,0,0,12,fashion,net_banking,0
9087,56.0,46474.63,472.05,1605,5,0,0.1311,11.37,,0,0,21,grocery,upi,0
9088,46.0,31085.1,136.68,2204,7,0,0.1699,16.05,0.932,0,0,9,travel,upi,0
9089,26.0,40201.0,21.85,3643,3,0,0.2044,2.88,0.9814,0,0,1,food,card,0
9090,38.0,37428.11,300.82,2414,2,0,0.4758,3.44,0.939,1,0,11,electronics,card,0
9091,47.0,15000.0,61.23,1693,3,0,0.2255,6.62,0.7741,1,0,1,grocery,card,0
9092,33.0,31581.95,377.98,3892,3,0,0.2141,13.73,0.8101,0,0,6,gaming,card,0
5686,42.0,,315.01,3417,2,0,0.1452,16.68,0.962,0,0,12,gaming,net_banking,0
9094,73.0,67360.8,462.23,637,3,0,0.2831,3.78,0.7443,0,1,17,grocery,card,0
9095,29.0,44712.14,69.73,382,7,0,0.0829,4.96,,0,0,7,electronics,card,0
9096,32.0,68476.94,105.4,1408,2,0,0.1137,25.5,0.7952,0,0,0,food,card,0
9097,25.0,18783.16,128.11,2880,5,1,0.3308,14.63,0.9639,0,0,5,food,upi,0
9098,59.0,64231.06,40.88,1701,6,3,0.2279,34.5,0.8012,0,0,11,travel,upi,1
9099,44.0,111047.04,546.96,699,5,0,0.166,3.66,0.8098,0,0,16,travel,card,0
9100,34.0,51455.61,35.43,3939,2,2,0.245,12.29,0.8718,0,0,22,,upi,0
9101,,20754.0,539.3,816,3,0,0.0365,1.62,0.7032,0,0,18,grocery,upi,0
9102,22.0,43801.4,275.16,364,5,0,0.0947,40.27,0.6967,0,0,22,travel,upi,0
9103,45.0,111155.18,147.54,1543,7,0,0.3343,0.97,0.6384,0,0,22,food,card,0
9104,56.0,63407.33,254.19,473,7,0,0.1715,0.44,0.8708,0,0,11,grocery,card,0
9105,31.0,25210.55,247.32,2381,3,1,0.0952,7.48,0.8047,1,0,12,electronics,wallet,0
9106,18.0,202254.99,120.61,1758,4,1,0.2175,8.18,0.5554,0,0,14,grocery,card,0
9107,44.0,27597.87,242.53,3708,1,0,0.0021,8.61,0.7976,0,0,8,grocery,net_banking,0
9108,56.0,48121.29,373.96,701,0,0,0.0747,2.86,0.9499,0,0,18,fashion,wallet,0
9109,37.0,31086.41,69.98,1097,4,0,0.2433,3.91,0.8774,0,1,11,gaming,card,0
9110,32.0,31110.09,254.46,2748,5,0,0.1659,9.29,0.8702,0,0,12,fashion,card,0
9111,26.0,42890.49,13.02,2800,4,1,0.2659,3.25,0.8623,0,0,16,food,card,0
9112,60.0,78039.55,26.14,1461,2,1,0.0446,17.69,0.8424,0,1,4,food,card,1
9113,67.0,111846.29,316.55,3689,6,0,0.2585,2.0,0.9527,0,0,22,fashion,net_banking,0
9114,61.0,44475.6,118.53,3389,1,2,0.2353,2.42,,0,0,6,grocery,card,0
9115,47.0,31555.7,76.67,2458,7,0,0.246,4.81,0.936,0,1,15,travel,card,0
9116,59.0,,170.7,3001,4,0,0.4067,2.88,0.7568,0,0,14,electronics,wallet,0
9117,40.0,72727.03,121.15,2157,5,1,0.3646,7.5,0.7453,0,0,2,food,wallet,0
2615,23.0,19905.67,127.13,2677,8,0,0.2387,13.03,0.6055,0,0,9,grocery,upi,0
9119,38.0,64006.85,34.95,2196,5,1,0.3362,14.38,0.9594,0,0,2,grocery,card,1
9120,58.0,51698.13,25.15,3384,3,1,0.0915,2.39,0.9149,0,0,21,gaming,card,0
9121,54.0,58050.66,376.81,94,3,1,0.2031,31.92,0.9125,0,0,2,grocery,card,0
9122,74.0,49770.63,117.97,430,5,3,0.2068,33.68,0.7304,1,0,3,fashion,card,1
9123,74.0,99083.93,474.62,1914,6,0,0.0724,16.03,0.8529,0,0,18,fashion,card,0
9124,31.0,187351.38,116.78,2336,4,0,0.0817,11.91,0.6205,0,0,5,gaming,card,0
9125,18.0,60712.06,256.7,743,5,1,0.1215,3.87,0.789,0,0,5,fashion,upi,0
9126,33.0,54801.55,158.79,2432,3,0,0.0989,8.97,0.8827,0,0,20,grocery,wallet,0
9127,67.0,63310.86,188.18,127,4,0,0.0923,5.76,0.7928,1,0,19,electronics,wallet,0
9128,64.0,38301.01,197.55,1006,6,0,0.0195,0.08,0.8421,0,0,10,electronics,card,0
9129,23.0,83769.69,115.27,1855,3,0,0.0504,8.41,0.8711,0,0,20,electronics,upi,0
9130,27.0,70104.02,52.63,226,7,0,0.2782,0.29,0.8146,0,0,10,gaming,card,0
9131,50.0,43644.38,387.26,2545,3,1,0.0647,2.3,0.8089,0,0,13,jewelry,card,0
9132,55.0,90330.03,885.81,2154,4,0,0.1043,13.52,0.3011,0,0,9,fashion,upi,0
9133,73.0,55577.45,945.93,2274,7,0,0.3894,13.82,0.4504,0,0,20,electronics,net_banking,1
9134,61.0,32259.16,103.51,2069,4,0,0.147,13.75,0.5936,0,1,14,jewelry,net_banking,0
9135,30.0,66734.07,86.47,2774,7,0,0.2577,17.43,0.9023,0,0,20,food,wallet,0
9136,20.0,62657.23,103.41,2624,3,0,0.278,0.13,0.6705,0,0,4,food,wallet,0
9137,54.0,93276.03,150.98,2650,3,0,0.4765,4.73,0.9635,0,0,9,fashion,net_banking,0
9138,49.0,86893.57,170.8,875,3,1,0.3447,0.93,0.7824,0,0,3,gaming,card,0
9139,70.0,51793.19,66.36,2758,4,1,0.0549,7.4,0.7336,0,0,6,fashion,upi,1
9140,50.0,42422.78,40.99,743,6,0,0.1207,21.19,0.8118,0,0,17,electronics,card,1
9141,46.0,55052.77,189.22,115,2,0,0.1402,1.78,0.9426,0,0,23,fashion,card,0
9142,35.0,67165.05,5.27,3912,2,0,0.2085,7.61,0.7172,0,1,8,electronics,upi,0
9143,22.0,71765.09,162.76,739,2,3,0.0674,0.2,0.6848,0,0,22,travel,card,1
9144,67.0,,69.98,481,6,0,0.204,3.3,0.7966,0,0,18,travel,,0
9145,,52321.85,392.73,1233,3,1,0.2434,8.05,0.7059,0,0,9,fashion,card,0
9146,,95162.18,513.16,3997,7,0,0.2598,6.16,0.9282,1,0,12,,card,0
9147,58.0,37957.5,525.42,3460,3,0,0.1648,13.98,0.6943,0,0,1,grocery,,0
9148,38.0,215078.93,127.3,2888,5,0,0.2105,0.13,0.9145,0,0,22,travel,upi,0
9149,42.0,83681.83,57.85,776,2,0,0.1231,6.7,0.7984,0,0,21,food,upi,0
9150,66.0,29583.48,79.71,2528,3,0,0.1108,4.9,0.9843,0,0,20,fashion,upi,0
9151,65.0,60898.55,239.98,3336,2,0,0.2529,0.07,0.9662,0,1,11,grocery,upi,0
9152,28.0,84125.45,34.71,1378,5,0,0.1491,2.97,0.9685,0,0,2,gaming,card,0
9153,35.0,45384.93,725.24,1059,6,1,0.194,2.23,0.7361,0,0,20,fashion,upi,0
9154,64.0,24167.38,129.32,3475,6,0,0.1022,8.01,0.8294,0,1,7,food,card,0
9155,70.0,31057.74,296.82,551,3,1,0.3297,6.04,0.3741,0,0,10,gaming,card,0
9156,22.0,74105.1,30.31,3642,2,0,0.3354,3.85,0.6258,0,1,9,,wallet,0
9157,65.0,20953.26,71.31,1931,7,1,0.4451,2.69,0.9418,1,0,14,food,card,1
9158,45.0,24783.89,26.77,2895,6,0,0.2042,4.23,0.8046,0,0,14,grocery,card,0
9159,51.0,73891.09,499.77,1506,8,0,0.3226,4.51,0.6976,0,0,1,electronics,wallet,0
9160,22.0,48663.59,153.35,2848,7,0,0.3317,21.65,0.6801,0,0,6,travel,card,0
9161,56.0,37511.74,318.7,3701,3,0,0.1283,7.46,0.6652,0,0,2,fashion,net_banking,0
9162,56.0,41897.68,191.78,1987,1,0,0.209,8.73,0.9405,0,0,9,electronics,card,0
9163,55.0,24492.96,287.56,872,9,0,0.2513,21.27,0.86,0,0,4,food,card,0
9164,63.0,71792.68,128.45,339,3,0,0.1802,7.35,0.8551,0,0,2,food,upi,0
9165,71.0,35294.75,146.85,3704,2,1,0.0258,0.37,0.8085,0,0,21,electronics,net_banking,0
9166,,40963.01,164.22,3996,5,0,0.3179,6.35,0.9083,0,0,14,grocery,upi,0
9167,60.0,66557.42,270.04,2614,3,0,0.5056,15.11,0.8452,0,1,14,electronics,card,0
9168,73.0,47759.98,277.29,91,3,0,0.2115,17.47,0.8878,0,0,1,food,card,0
9169,56.0,37329.13,2994.08,3543,2,0,0.2158,4.62,0.9301,0,1,17,food,card,0
9170,,18414.57,967.35,1996,3,1,0.0512,23.72,0.9287,0,0,4,grocery,card,0
9171,48.0,67317.31,30.39,958,5,0,0.0604,1.42,0.9381,0,0,12,fashion,card,0
9172,61.0,57442.21,156.0,1487,0,1,0.5213,6.03,0.6121,0,1,20,fashion,wallet,0
9173,22.0,41378.86,119.95,3769,6,2,0.4397,2.6,0.8957,1,0,2,food,net_banking,1
9174,46.0,31086.19,647.48,3111,4,1,0.453,0.82,0.9776,0,0,6,grocery,wallet,0
9175,42.0,55387.42,131.26,2399,4,1,0.3299,2.53,0.8803,0,0,17,gaming,upi,0
9176,70.0,71635.64,286.36,2951,2,2,0.3492,3.41,0.8726,0,0,5,grocery,net_banking,0
9177,22.0,58038.15,17.39,3395,3,0,0.2642,8.55,0.9862,0,0,1,travel,upi,0
9178,54.0,,39.62,2523,7,0,0.3716,4.06,0.5616,1,0,11,food,,0
9179,28.0,81041.32,1458.63,1275,11,0,0.386,40.38,0.8735,0,0,9,food,card,0
9180,68.0,51848.58,189.28,326,3,0,0.2577,0.46,0.8095,0,0,17,food,card,0
9181,66.0,82548.54,66.32,518,7,1,0.0514,0.02,0.7692,0,0,14,fashion,card,0
9182,,56491.91,229.48,970,4,1,0.3144,1.16,0.9438,0,0,4,electronics,wallet,0
9183,67.0,,62.8,3081,2,0,0.3311,0.39,0.7644,1,0,0,food,card,0
9184,46.0,112205.64,135.58,403,7,0,0.17,1.81,0.9134,0,0,19,food,upi,0
9185,73.0,,42.11,534,5,0,0.4309,1.14,0.9681,1,1,2,gaming,net_banking,0
9186,59.0,55709.66,81.8,3916,0,0,0.0854,1.51,0.7845,0,0,15,travel,card,0
9187,19.0,105813.03,118.7,1619,4,0,0.057,3.95,0.7693,0,0,20,electronics,card,0
9188,29.0,,552.06,537,5,0,0.1561,8.34,0.9199,0,0,9,grocery,upi,0
9189,41.0,44896.24,286.29,3493,5,0,0.172,6.79,0.9296,0,0,7,grocery,card,0
9190,30.0,21519.19,340.86,3869,8,1,0.257,1.29,0.8852,0,0,9,electronics,wallet,0
9191,25.0,15778.41,175.42,2031,4,0,0.1726,13.36,0.7172,0,0,9,fashion,upi,0
9192,73.0,172299.26,409.86,477,3,0,0.2156,4.1,0.777,0,0,1,food,upi,0
9193,67.0,65171.01,75.15,2521,4,0,0.0774,7.97,0.7694,1,0,20,gaming,upi,0
9194,42.0,39888.7,86.51,3453,2,0,0.1197,49.03,0.6428,0,0,7,jewelry,card,0
9195,30.0,66655.29,270.57,3862,7,0,0.161,3.33,0.8021,0,0,18,electronics,upi,0
9196,28.0,32658.74,136.16,2311,4,0,0.5372,2.22,0.798,0,0,14,electronics,card,0
9197,70.0,45840.71,177.52,3778,3,1,0.1209,6.51,0.9042,0,0,18,electronics,upi,1
9198,,32779.91,152.75,3331,6,0,0.2168,5.67,0.7853,0,0,8,food,wallet,0
9199,18.0,25280.48,630.43,670,4,0,0.4324,21.62,0.564,0,0,13,fashion,upi,0
9200,40.0,17280.72,664.15,2547,4,2,0.4854,2.58,0.5455,0,0,1,grocery,card,1
9201,43.0,,96.23,2672,5,0,0.2572,56.57,0.6493,0,0,1,gaming,card,0
9202,53.0,96451.61,30.97,3082,3,0,0.1389,33.28,0.9824,0,0,7,gaming,net_banking,0
9203,37.0,31962.01,88.36,2139,4,0,0.1281,14.02,0.6522,0,1,1,grocery,wallet,0
9204,70.0,73812.19,73.41,2931,2,0,0.1382,0.58,0.7094,1,0,15,food,card,0
9205,54.0,93082.78,413.52,2349,6,0,0.1691,12.74,0.7132,0,0,17,travel,upi,1
9206,74.0,55503.83,451.9,1062,1,0,0.1739,5.17,0.9665,0,0,10,gaming,card,0
9207,38.0,46670.92,64.19,1951,6,1,0.3121,3.23,0.8586,0,0,1,grocery,card,0
9208,55.0,59174.8,84.64,3742,6,0,0.2887,1.77,0.8278,0,1,22,jewelry,wallet,0
9209,38.0,43736.89,41.02,3375,4,1,0.0767,2.27,0.8158,0,1,10,jewelry,card,0
9210,57.0,106642.62,205.89,2585,2,0,0.1333,22.58,0.8206,0,1,1,food,card,0
9211,60.0,154381.5,172.09,1307,3,0,0.1752,5.79,0.857,0,0,20,food,net_banking,0
9212,36.0,122086.49,396.26,832,2,0,0.1018,0.49,0.6015,0,0,0,electronics,upi,0
9213,71.0,16843.64,295.92,1163,0,1,0.2384,10.69,0.7751,0,0,2,food,card,0
9214,66.0,43248.76,331.34,1244,3,0,0.2402,1.7,0.6608,0,0,4,electronics,wallet,0
9215,68.0,55125.96,38.51,3847,5,0,0.3983,7.57,0.7099,0,0,14,travel,card,0
9216,30.0,70952.81,96.22,2146,3,1,0.1113,2.7,0.8591,0,0,17,fashion,card,0
9217,58.0,21270.27,464.91,1581,10,0,0.1454,8.78,0.7966,0,0,14,travel,upi,0
9218,24.0,21082.41,105.04,3530,5,0,0.3223,0.01,0.8532,1,0,13,jewelry,card,0
9219,24.0,112850.91,35.35,1494,7,0,0.0516,39.13,0.8142,0,0,12,gaming,net_banking,0
9220,73.0,40439.93,403.81,3193,6,0,0.2042,22.98,0.8402,0,0,9,fashion,,0
9221,26.0,24270.45,101.06,2576,2,2,0.1348,3.78,0.9044,0,0,21,fashion,upi,0
9222,67.0,29974.01,520.92,1229,7,0,0.1591,3.38,0.8232,0,0,20,grocery,net_banking,0
9223,42.0,68176.11,176.72,3844,5,2,0.115,3.5,0.7089,0,0,19,jewelry,wallet,0
9224,35.0,34985.44,136.42,2763,0,0,0.115,1.75,0.9136,0,0,3,,card,0
9225,22.0,62817.1,703.56,3958,4,1,0.1766,5.35,0.8627,0,1,11,grocery,wallet,1
9226,56.0,32105.69,48.93,36,4,1,0.2671,0.96,0.6564,0,0,18,grocery,card,0
9227,59.0,21073.64,755.35,1144,1,0,0.1202,0.25,0.9113,0,0,3,food,card,0
9228,44.0,120390.7,94.97,1350,2,1,0.0963,56.6,0.9409,1,1,19,grocery,upi,0
9229,64.0,68466.02,211.73,2706,4,1,0.0412,2.51,0.6378,0,0,20,electronics,upi,0
9230,36.0,45776.47,213.74,3363,5,0,0.1849,13.33,0.749,0,0,15,food,card,0
9231,49.0,41288.51,117.43,512,5,2,0.0688,24.48,0.6035,0,0,22,electronics,wallet,1
9232,34.0,123103.86,84.0,630,6,1,0.2257,2.33,0.8496,0,0,16,electronics,wallet,1
9233,51.0,76147.69,124.35,2709,4,0,0.1143,16.95,0.8371,0,0,20,grocery,upi,0
9234,25.0,,65.26,1432,4,0,0.2751,9.06,0.9202,0,0,8,grocery,upi,0
9235,45.0,39897.04,1280.39,2803,3,3,0.1779,3.01,0.9112,0,0,5,food,wallet,0
9236,49.0,56554.22,111.26,34,5,0,0.3039,1.9,0.6552,0,0,14,food,upi,0
9237,49.0,68617.16,573.58,2107,7,0,0.1911,10.34,0.8367,0,0,0,,wallet,0
9238,43.0,40641.72,502.77,121,3,0,0.1644,24.58,0.9857,0,0,16,jewelry,card,0
9239,54.0,52184.76,258.76,3806,4,0,0.0978,54.26,0.7451,0,0,0,food,card,0
9240,47.0,39898.85,157.16,609,8,0,0.0968,7.39,0.8453,0,0,19,electronics,wallet,0
9241,34.0,68498.77,218.49,736,2,0,0.168,21.61,0.9745,0,0,4,grocery,wallet,0
9242,30.0,26590.83,318.98,434,4,0,0.0785,21.14,0.4868,0,0,2,travel,wallet,0
9243,54.0,75332.88,199.02,905,5,0,0.2242,3.01,0.6088,0,0,23,electronics,wallet,0
9244,71.0,65249.96,37.57,1974,2,1,0.2073,0.6,0.8,0,0,23,grocery,card,0
9245,,49181.3,29.21,2481,2,0,0.2501,12.3,0.8872,0,0,18,,net_banking,0
9246,54.0,70426.36,813.99,3603,3,0,0.0998,0.04,0.8299,1,0,14,jewelry,wallet,0
9247,70.0,44997.9,12.91,3514,1,0,0.1447,11.52,0.7209,0,0,7,grocery,card,0
9248,69.0,38044.68,218.91,366,3,0,0.1517,5.4,0.8096,0,0,22,travel,upi,0
9249,46.0,74171.69,142.31,1728,2,0,0.1214,3.07,0.8774,0,0,15,food,net_banking,0
9250,24.0,75958.78,211.4,3483,2,0,0.2069,2.48,0.9129,0,0,22,grocery,card,0
9251,54.0,41609.75,57.57,686,3,0,0.2765,14.92,0.8435,0,0,9,travel,wallet,0
9252,53.0,39692.19,255.61,2682,4,0,0.0751,9.77,,0,0,15,fashion,upi,0
9253,33.0,49734.45,221.18,1724,2,1,0.1487,14.16,0.885,0,1,10,fashion,card,0
9254,66.0,40598.46,2846.85,700,2,0,0.1275,2.28,0.8727,0,0,16,fashion,wallet,0
9255,67.0,127249.37,204.99,275,4,0,0.0216,3.31,0.8657,0,1,13,jewelry,,0
9256,36.0,65457.09,693.11,1180,4,1,0.2572,3.15,0.8025,0,1,2,grocery,upi,1
9257,45.0,55443.44,40.22,33,5,0,0.4467,15.23,0.9818,0,0,16,electronics,net_banking,1
9258,29.0,32928.37,499.22,800,2,1,0.0791,3.27,0.9618,0,0,19,fashion,card,0
9259,28.0,82580.81,225.71,2207,4,0,0.21,1.21,0.7896,0,0,2,travel,upi,0
9260,33.0,39289.23,235.73,3163,3,0,0.3817,2.6,0.7956,0,0,2,gaming,card,0
9261,38.0,38410.17,239.01,2036,4,1,0.2044,9.49,0.7716,0,1,8,grocery,upi,1
9262,33.0,,991.58,2908,5,0,0.1909,18.0,0.6572,1,0,23,jewelry,upi,1
9263,26.0,68058.03,232.31,324,8,0,0.2596,10.77,0.7856,0,0,15,food,card,1
9264,43.0,15000.0,82.17,1238,5,1,0.1292,10.69,0.9322,0,0,2,electronics,card,0
9265,53.0,50428.64,97.22,2645,3,0,0.1011,19.62,0.7837,0,1,13,fashion,upi,0
9266,36.0,58931.1,407.52,245,7,0,0.3115,4.18,0.8605,0,1,17,travel,net_banking,1
9267,48.0,45629.54,281.58,2348,5,0,0.0864,1.92,0.8159,0,0,20,grocery,card,0
9268,33.0,60071.36,38.96,699,4,0,0.1826,8.43,0.9779,0,0,0,fashion,card,0
9269,58.0,20328.11,301.15,1695,3,1,0.2752,8.57,0.7335,0,0,6,,wallet,0
9270,54.0,15000.0,60.98,2530,4,0,0.1474,1.55,0.7012,0,0,2,electronics,net_banking,0
9271,72.0,32163.29,279.0,3946,5,0,0.0455,0.19,0.7199,0,1,5,grocery,net_banking,1
9272,21.0,,80.43,388,8,0,0.2376,3.57,0.9326,0,0,18,,wallet,1
9273,66.0,15000.0,135.84,2215,3,0,0.1076,3.95,0.7889,0,0,17,food,wallet,0
9274,37.0,34583.71,104.39,2159,4,0,0.3534,0.27,0.7705,0,0,8,electronics,card,0
9275,21.0,19102.41,822.11,282,6,0,0.2151,1.38,0.7794,0,0,5,jewelry,card,0
9276,57.0,48129.24,269.03,2463,5,0,0.0953,10.31,0.6296,0,0,21,fashion,card,0
9277,27.0,161447.14,635.28,329,5,0,0.2247,15.11,0.8468,1,0,9,gaming,net_banking,1
9278,28.0,48807.62,3255.72,2760,4,1,0.1195,16.85,0.6891,0,0,15,fashion,upi,1
9279,73.0,51842.31,188.63,854,8,0,0.2427,1.35,0.7927,0,0,5,fashion,upi,1
9280,30.0,87261.57,808.31,527,3,2,0.066,1.43,0.8585,0,1,20,food,wallet,1
9281,49.0,55648.31,89.43,314,6,0,0.0136,10.57,0.6357,0,0,22,fashion,card,0
9282,29.0,48866.29,631.33,1855,2,0,0.4407,5.26,0.8172,0,0,7,food,card,0
9283,25.0,91559.45,80.27,967,2,0,0.1064,1.96,0.8515,0,0,9,gaming,card,0
9284,18.0,71298.2,176.72,1869,2,1,0.268,7.91,0.867,0,0,15,grocery,card,0
8599,35.0,36108.84,408.25,152,4,0,0.248,0.21,0.4165,0,0,18,fashion,wallet,0
9286,45.0,50958.12,360.39,3346,4,1,0.1459,1.32,0.9775,0,0,7,jewelry,upi,0
9287,42.0,45467.49,50.42,3009,1,0,0.1207,5.11,0.5628,0,0,4,jewelry,card,0
9288,20.0,91083.55,75.64,1890,6,0,0.2816,9.73,0.7085,0,1,6,jewelry,card,0
9289,37.0,45708.25,331.76,475,3,1,0.3603,1.16,0.5599,0,1,17,fashion,card,1
9290,33.0,108258.54,124.62,1644,2,0,0.0824,3.4,0.8275,0,0,16,electronics,card,0
9291,50.0,30919.98,44.51,116,4,0,0.1432,9.82,0.9928,0,0,1,grocery,upi,0
9292,74.0,121014.98,167.67,520,4,0,0.1522,2.22,0.9272,0,0,15,jewelry,card,0
9293,57.0,71304.2,159.81,1227,4,0,0.2717,0.95,0.6559,0,1,10,electronics,card,0
9294,70.0,32286.17,214.84,2787,6,0,0.3704,0.01,0.5269,0,0,1,fashion,upi,0
9295,28.0,72767.65,305.58,3159,3,1,0.2194,5.11,0.6649,0,0,4,gaming,card,1
9296,30.0,38461.84,286.75,2490,4,1,0.4647,30.84,0.6929,0,1,12,gaming,card,1
9297,60.0,56020.55,83.49,1053,6,1,0.2544,8.26,0.9133,0,0,7,jewelry,wallet,0
9298,35.0,42084.87,119.36,2876,5,1,0.2011,12.54,0.9099,0,0,19,electronics,card,0
9299,,51122.85,455.2,3986,6,0,0.0687,10.81,0.8713,0,0,12,fashion,wallet,0
9300,44.0,92307.01,104.56,2635,5,2,0.0613,4.86,0.9772,0,0,20,fashion,card,0
9301,29.0,73150.18,121.25,3053,3,1,0.304,11.27,0.6658,0,0,3,gaming,card,0
9302,66.0,29618.0,39.99,3504,3,1,0.1474,7.65,0.8613,1,0,14,electronics,card,0
9303,49.0,30565.75,174.91,2870,4,1,0.038,16.64,0.8479,0,0,19,electronics,card,0
7650,59.0,70737.21,426.83,952,5,0,0.0349,1.54,0.8147,0,0,15,travel,card,0
9305,43.0,66425.84,24.96,1205,5,0,0.1457,10.25,0.8325,0,0,3,electronics,wallet,0
9306,25.0,37954.51,61.73,1251,2,0,0.2599,3.51,0.8783,0,0,8,travel,card,0
9307,56.0,131967.63,43.43,722,3,0,0.2356,4.64,0.6944,0,0,2,food,card,0
9308,25.0,86035.1,395.96,754,5,0,0.1637,2.54,0.9264,0,0,20,gaming,wallet,0
9309,55.0,38988.48,26.59,2224,4,1,0.083,1.15,0.9276,0,0,21,electronics,card,0
9310,41.0,36969.48,166.38,3708,2,0,0.0755,8.0,0.8858,0,0,11,food,net_banking,0
9311,63.0,48522.9,369.01,909,2,0,0.081,2.89,0.8595,0,0,10,grocery,card,0
9312,,45824.24,217.19,2860,7,1,0.2043,5.99,0.6851,0,0,1,electronics,net_banking,0
9313,41.0,,115.93,338,2,1,0.1622,3.03,0.6463,0,0,8,fashion,wallet,0
9314,68.0,94520.89,254.53,3884,6,1,0.1898,8.12,0.6458,0,0,3,food,card,1
9315,24.0,56071.15,507.72,2117,5,0,0.2321,13.73,0.8177,0,0,12,grocery,card,0
9316,24.0,79852.5,161.64,2002,4,0,0.1914,5.26,0.8622,0,0,4,food,wallet,0
9317,74.0,86484.88,19.18,1458,3,1,0.2791,24.34,0.7259,0,0,23,grocery,upi,0
9318,50.0,,567.19,3850,5,1,0.2424,4.44,0.9322,1,1,15,electronics,wallet,0
9319,43.0,68633.0,268.6,1695,4,1,0.1963,1.76,0.9629,1,0,20,grocery,upi,0
9320,26.0,76259.07,174.14,517,2,0,0.1141,5.39,0.8904,0,0,0,food,card,0
9321,34.0,71917.26,24.84,2268,4,1,0.3177,6.0,0.8915,0,0,19,grocery,wallet,0
9322,57.0,35837.37,133.57,2373,2,1,0.2815,7.83,0.7085,0,0,1,food,card,0
9323,64.0,37886.42,75.0,2991,7,0,0.0743,15.7,0.8989,0,0,16,,upi,0
9324,70.0,46927.61,53.34,2002,5,1,0.1666,15.39,0.8784,0,0,9,grocery,card,0
9325,41.0,37287.86,157.04,1141,5,0,0.1641,14.54,0.918,0,0,0,,card,0
9326,43.0,24462.17,105.32,40,2,0,0.3181,8.74,0.8806,0,0,3,grocery,card,0
9327,27.0,79766.75,112.49,3946,6,0,0.3031,7.58,0.8647,0,0,5,grocery,wallet,0
9328,22.0,66543.62,377.13,795,2,0,0.2488,0.77,0.7153,0,0,9,travel,net_banking,0
9329,42.0,26329.28,232.42,1423,8,0,0.2324,0.38,0.8393,0,0,19,,net_banking,0
9330,51.0,48174.46,109.67,639,3,0,0.1211,0.2,0.9881,1,0,23,electronics,upi,0
9331,23.0,49698.56,96.6,964,5,1,0.178,5.57,0.7637,0,0,3,grocery,wallet,0
9332,41.0,60788.62,114.22,271,2,0,0.3854,4.73,0.6617,0,0,19,electronics,card,0
9333,54.0,30334.2,140.54,1381,2,0,0.1821,34.05,0.7348,0,0,1,grocery,upi,0
7698,31.0,131055.99,678.18,117,2,0,0.2088,17.76,0.964,0,0,13,electronics,upi,0
9335,71.0,73198.99,63.46,918,3,0,0.0944,41.06,0.9836,0,0,18,grocery,net_banking,0
9336,37.0,23656.88,773.86,3862,0,2,0.0921,4.04,0.7038,0,0,8,grocery,card,0
9337,40.0,48393.63,323.02,2546,2,0,0.1273,5.08,0.856,0,0,20,grocery,net_banking,0
9338,67.0,45970.08,11.65,3570,1,0,0.1995,1.81,0.9728,0,0,21,electronics,card,0
9339,57.0,51394.28,196.04,2493,3,0,0.2774,34.5,0.8329,0,0,3,jewelry,card,0
9340,33.0,63201.49,509.63,3955,2,2,0.2441,10.7,0.7248,0,0,8,food,wallet,0
9341,57.0,132495.28,265.51,2219,3,1,0.1334,20.98,0.8933,0,0,21,gaming,card,0
9342,26.0,22819.43,119.18,3327,4,1,0.2486,12.54,,0,0,11,grocery,card,0
9343,43.0,,169.33,177,2,0,0.0502,1.65,0.8586,0,0,9,electronics,card,0
9344,35.0,15000.0,215.14,3730,4,0,0.3103,0.95,0.9664,1,0,15,travel,card,0
9345,74.0,118376.98,388.6,102,3,0,0.1357,2.14,0.8787,0,0,15,jewelry,upi,0
9346,19.0,17881.29,43.72,814,3,0,0.1222,7.77,0.864,0,0,10,grocery,wallet,0
9347,66.0,210050.97,98.29,2961,4,0,0.0433,4.46,0.9674,0,0,16,fashion,card,0
9348,34.0,44387.63,926.61,1049,6,0,0.2989,4.35,0.9016,0,0,10,food,wallet,0
9349,20.0,111837.16,186.03,196,2,0,0.1289,1.04,0.683,0,0,2,electronics,upi,0
9350,55.0,99845.0,829.53,3452,5,0,0.0302,6.45,0.9883,0,0,6,grocery,card,0
9351,56.0,43261.55,3563.68,2065,4,1,0.0187,5.91,0.9241,0,1,9,grocery,upi,0
9352,26.0,45126.57,110.05,1933,5,0,0.2444,5.42,0.4479,0,0,21,grocery,card,0
9353,20.0,34705.42,54.36,1285,5,0,0.2865,6.75,0.8522,0,0,6,grocery,card,0
9354,24.0,84807.74,138.02,2876,3,0,0.0809,4.84,0.9301,0,0,7,grocery,card,0
9355,41.0,43572.48,540.21,1278,7,0,0.0511,17.29,0.5957,0,1,1,jewelry,card,0
9356,25.0,35054.09,621.32,2260,2,0,0.1655,16.47,0.7449,1,0,20,grocery,card,0
9357,58.0,73909.03,1745.74,547,3,0,0.2105,1.94,0.8225,0,0,6,travel,wallet,0
9358,22.0,33578.51,173.5,1243,6,0,0.4197,0.88,0.7034,0,0,16,food,upi,0
9359,62.0,45896.69,293.25,141,5,0,0.1014,2.75,0.7391,0,0,21,grocery,net_banking,0
9360,67.0,58337.28,88.34,1160,3,1,0.3572,3.07,0.7835,0,1,13,,upi,0
9361,58.0,38628.76,14.67,1542,7,0,0.3509,4.34,0.5141,0,0,10,grocery,wallet,0
9362,71.0,41971.11,173.0,3000,5,0,0.3503,7.14,0.6859,0,0,10,jewelry,upi,0
9363,71.0,127941.6,56.78,3294,5,0,0.2702,14.28,0.7485,0,0,10,food,net_banking,0
9364,20.0,49156.24,342.51,2142,3,0,0.2378,2.11,0.6472,0,1,23,electronics,wallet,0
9365,37.0,45129.6,27.43,3704,4,1,0.1285,16.86,,0,0,12,grocery,upi,1
6985,72.0,89875.62,228.98,2826,5,0,0.0628,19.54,0.7382,0,0,19,travel,card,0
9367,37.0,70617.88,235.25,1991,10,1,0.2551,4.38,,0,0,0,electronics,card,1
9368,,31146.7,261.21,2479,2,1,0.1191,22.06,0.9273,0,0,8,grocery,card,0
9369,62.0,69567.79,171.66,732,7,0,0.1341,1.56,0.8579,0,0,1,gaming,card,0
9370,74.0,63309.43,1164.8,1697,4,0,0.0998,4.36,,1,1,21,grocery,wallet,0
9371,36.0,20564.63,864.73,3602,4,0,0.1028,8.49,0.6751,0,0,3,fashion,wallet,0
9372,37.0,147550.98,90.8,1916,5,1,0.3889,2.88,0.724,1,0,21,jewelry,card,1
9373,19.0,122827.46,899.97,3726,4,2,0.1053,10.25,0.7936,0,0,15,fashion,card,0
9374,34.0,35411.04,1048.54,2721,5,0,0.2564,5.9,0.8845,1,0,18,gaming,upi,1
9375,33.0,29665.91,159.02,704,2,1,0.2323,5.51,0.9466,0,0,18,jewelry,card,1
9376,43.0,62349.87,188.36,1848,2,0,0.5341,7.86,0.779,0,0,12,food,,0
9377,42.0,25106.04,171.1,1483,3,1,0.3536,2.47,0.823,1,0,0,food,net_banking,0
9378,66.0,116476.42,94.44,3801,4,0,0.327,0.27,0.7069,0,0,3,fashion,upi,0
9379,62.0,42507.63,104.3,1363,3,0,0.1912,12.12,0.6507,0,0,8,electronics,card,0
9380,59.0,134199.43,673.36,1956,5,0,0.1176,0.68,0.7418,0,0,17,fashion,net_banking,1
9381,18.0,34949.75,278.75,2770,1,0,0.1514,3.13,0.681,0,0,5,fashion,net_banking,0
9382,44.0,51708.49,103.42,3848,0,0,0.4838,0.54,0.82,0,0,2,electronics,upi,0
9383,59.0,110420.98,71.3,2198,4,1,0.1851,3.64,0.8003,1,0,2,fashion,net_banking,0
9384,31.0,46041.88,84.34,3395,3,0,0.1556,12.52,0.7794,0,0,19,electronics,card,0
9385,42.0,63878.55,152.8,494,1,1,0.1081,3.84,0.7986,0,0,4,grocery,upi,0
9386,59.0,100313.02,448.6,3566,2,0,0.36,5.31,0.9116,0,0,6,grocery,card,0
9387,63.0,40508.31,76.16,853,6,0,0.0564,1.26,0.9515,0,0,11,food,wallet,0
9388,66.0,27477.75,443.48,3060,4,0,0.0851,4.43,0.7502,1,0,4,food,card,0
9389,42.0,24656.54,219.18,2150,3,0,0.0695,14.2,0.844,0,0,14,travel,card,0
9390,40.0,75809.32,207.64,2429,2,1,0.2581,10.05,0.8011,0,0,18,food,upi,0
9391,39.0,68112.54,502.08,397,6,0,0.1153,0.08,0.9008,0,0,21,food,card,0
9392,56.0,98617.42,418.35,2144,5,0,0.2288,1.94,0.9268,0,0,20,gaming,card,0
9393,41.0,47304.65,44.19,373,2,1,0.0921,12.97,0.7653,0,0,3,gaming,upi,0
9394,40.0,25038.83,60.88,2220,3,0,0.0273,4.59,0.8341,0,0,17,grocery,card,0
9395,27.0,15079.25,143.09,1643,2,0,0.2731,6.09,0.7865,0,0,11,electronics,card,0
9396,45.0,250000.0,256.96,829,10,0,0.1149,2.38,0.8597,0,0,0,travel,card,1
9397,31.0,73489.38,704.53,1979,7,0,0.1245,0.76,0.7762,0,1,17,grocery,card,0
9398,47.0,59297.59,192.1,881,2,0,0.1922,1.13,0.9088,0,0,18,grocery,wallet,0
9399,68.0,64109.02,988.96,358,4,0,0.199,1.63,0.9349,0,0,19,grocery,net_banking,0
9400,62.0,25030.54,88.79,165,2,0,0.0907,21.96,0.8877,0,0,17,grocery,net_banking,0
9401,45.0,35522.05,105.15,1385,2,1,0.1556,1.43,0.9176,1,0,6,electronics,card,0
9402,73.0,143475.57,132.59,2989,4,0,0.2223,0.92,0.9614,0,0,19,grocery,card,0
9403,73.0,78998.13,79.5,2318,6,0,0.1029,4.75,0.9013,0,0,5,fashion,upi,0
9404,43.0,36138.34,573.85,525,6,0,0.2831,7.88,0.8476,0,0,10,gaming,upi,0
9405,61.0,,11.28,1791,5,1,0.5826,4.59,0.9345,0,0,6,electronics,upi,1
9406,37.0,41417.41,108.79,2341,6,1,0.1744,13.33,0.6991,1,0,18,grocery,card,0
9407,68.0,46240.05,567.46,958,6,0,0.2771,5.14,0.8813,0,0,13,grocery,card,0
9408,39.0,169756.24,131.71,577,1,0,0.2518,13.43,0.9053,0,0,6,jewelry,card,0
9409,32.0,49589.85,526.29,1017,5,0,0.062,2.47,0.7891,0,0,4,grocery,upi,0
9410,25.0,28590.65,1620.74,294,5,0,0.2484,1.82,0.8787,0,0,21,electronics,net_banking,0
9411,66.0,53255.54,195.07,991,4,0,0.2983,2.22,0.6503,0,0,22,grocery,card,0
9412,34.0,63606.73,579.34,2148,6,2,0.2007,22.89,0.8919,0,0,8,travel,card,0
9413,64.0,27194.98,2022.51,3212,7,1,0.0927,8.4,0.8612,0,0,22,grocery,,1
9414,22.0,68615.9,269.09,3496,5,0,0.0873,3.2,0.8469,0,0,8,electronics,wallet,0
9415,46.0,106936.69,171.55,2701,4,0,0.4796,10.2,0.9275,0,0,20,food,card,0
4453,45.0,35098.73,567.21,265,1,1,0.2532,15.71,0.8426,0,0,0,electronics,card,0
9417,43.0,35479.23,588.26,3737,9,0,0.1449,1.71,0.9063,0,0,12,food,upi,0
9418,27.0,41118.35,173.15,3679,6,0,0.0418,6.11,0.8455,0,0,1,food,upi,0
9419,22.0,22086.65,110.95,1450,6,0,0.0594,3.47,0.6805,0,0,23,grocery,wallet,0
9420,37.0,51096.9,1002.6,70,3,2,0.1205,1.73,0.5873,1,0,15,jewelry,upi,0
9421,44.0,,137.32,1752,3,0,0.4248,2.45,0.7759,0,0,2,travel,card,0
9422,63.0,,593.88,1878,6,0,0.0485,15.35,0.8606,1,0,5,grocery,net_banking,1
9423,44.0,159839.19,234.12,2717,1,2,0.0522,7.68,0.9037,0,0,0,jewelry,net_banking,0
9424,32.0,85037.04,1118.7,612,4,0,0.0866,14.36,0.8178,0,0,22,fashion,upi,0
9425,32.0,20518.06,77.01,2192,1,0,0.1529,6.57,0.8082,0,0,22,grocery,card,0
9426,52.0,20750.88,76.86,1283,5,0,0.191,0.67,0.8059,1,0,14,food,wallet,0
9427,42.0,,423.03,1996,3,2,0.1661,4.75,0.8442,1,0,12,food,card,0
9428,69.0,130658.25,58.13,124,7,0,0.1019,5.06,0.8488,0,0,10,fashion,upi,0
9429,43.0,89778.02,202.27,2127,1,0,0.1395,9.34,0.7207,1,1,15,food,upi,0
9430,50.0,134340.13,846.72,170,7,1,0.1364,23.16,0.8534,0,0,21,grocery,net_banking,0
9431,21.0,55309.7,30.21,3417,2,0,0.1396,1.74,0.7279,0,0,5,electronics,upi,0
9432,29.0,49014.4,269.1,2859,7,1,0.125,12.24,0.9295,0,1,7,food,net_banking,0
9433,66.0,27693.65,604.68,3684,6,0,0.0665,0.92,0.5985,1,0,6,fashion,upi,0
9434,37.0,66663.62,175.4,2628,1,2,0.129,13.95,,0,0,2,food,net_banking,0
9435,41.0,49374.83,71.23,3916,1,1,0.099,6.77,0.6436,0,0,20,fashion,wallet,0
9436,51.0,48340.2,138.43,857,2,0,0.3341,4.06,0.8293,0,1,7,jewelry,card,0
9437,21.0,133922.48,77.82,53,6,0,0.2932,15.45,0.8234,0,0,4,fashion,upi,0
9438,46.0,51307.82,192.89,3607,6,1,0.0796,7.13,0.6221,0,1,18,grocery,card,0
9439,37.0,114362.47,136.49,2648,6,0,0.5146,5.98,0.8839,0,0,10,electronics,card,1
9440,26.0,22963.18,107.74,2761,2,0,0.1674,5.33,0.7393,0,1,12,food,wallet,0
9441,41.0,241240.63,286.89,1181,4,0,0.2059,11.53,0.6819,0,0,23,travel,upi,0
9442,43.0,44792.22,873.12,1364,3,0,0.1386,5.76,0.9527,0,0,12,electronics,card,0
9443,28.0,81148.79,249.83,2725,1,0,0.0924,17.31,0.9751,0,0,14,grocery,wallet,0
9444,48.0,88569.12,689.95,1648,3,0,0.4436,1.08,0.4746,0,1,1,grocery,wallet,0
9445,60.0,41837.25,872.87,332,5,0,0.4775,2.43,0.8613,0,0,13,travel,card,0
9446,33.0,86297.42,100.11,1191,6,0,0.1437,3.81,0.7346,0,0,7,grocery,card,0
9447,73.0,88799.85,236.94,1555,7,0,0.2542,6.51,0.8627,0,0,5,food,wallet,0
9448,52.0,37155.2,117.68,3327,4,0,0.2312,11.31,0.8844,0,1,4,fashion,wallet,0
9449,62.0,37398.03,40.89,1395,1,0,0.289,1.2,0.4557,0,0,16,electronics,upi,0
9450,21.0,,256.91,1991,3,1,0.2503,0.26,0.8207,0,0,0,grocery,upi,0
9451,61.0,51614.96,62.85,2403,4,0,0.3423,10.72,0.6288,0,0,19,grocery,card,0
9452,37.0,118339.16,292.15,567,4,0,0.1371,0.35,0.7741,0,0,3,electronics,card,0
9453,58.0,80947.49,37.98,2340,6,0,0.0448,7.9,0.9,0,0,19,food,card,0
9454,63.0,52910.42,213.57,830,3,0,0.2044,3.68,0.7853,0,0,0,electronics,card,0
9455,32.0,76759.42,37.42,3516,6,0,0.4828,13.83,0.8469,0,0,12,food,upi,0
9456,32.0,17844.12,353.12,1207,4,0,0.0185,1.06,0.9581,0,0,22,gaming,wallet,0
9457,21.0,39209.23,121.46,1238,2,1,0.0172,12.31,0.9386,0,1,2,travel,wallet,0
9458,52.0,64433.57,110.3,1630,3,0,0.0118,1.9,0.738,0,0,10,food,upi,0
9459,62.0,101573.66,555.27,1460,2,1,0.2177,7.25,0.8691,0,0,19,fashion,wallet,1
9460,41.0,61387.51,130.5,2382,0,1,0.1879,0.5,0.4686,0,0,19,electronics,upi,0
9461,27.0,122653.66,201.1,2900,2,0,0.2959,2.83,0.8126,0,0,8,grocery,upi,0
9462,36.0,88650.36,147.58,3857,9,1,0.4826,17.75,0.6945,1,0,9,electronics,wallet,1
9463,40.0,42045.48,298.97,3555,3,0,0.2257,3.23,0.8962,0,0,10,fashion,card,0
9464,70.0,50923.08,510.76,1069,2,0,0.0116,0.22,0.8039,0,0,0,food,card,0
9465,25.0,68852.4,415.13,2427,4,1,0.1568,7.96,0.8813,0,0,0,food,card,0
9466,37.0,,112.88,1333,7,1,0.1838,5.01,0.7404,0,0,7,food,wallet,0
9467,54.0,127682.0,603.05,3227,1,1,0.3145,20.28,0.9175,0,0,2,travel,card,0
9468,31.0,29890.29,72.0,125,7,0,0.2267,10.5,0.7703,1,0,22,food,card,1
9469,68.0,65443.8,85.67,3979,5,0,0.1003,25.5,0.853,0,0,13,electronics,upi,0
9470,69.0,82420.07,158.41,1509,4,0,0.2144,10.54,0.9168,0,0,15,,upi,0
9471,39.0,46290.53,512.73,2985,6,0,0.3114,5.53,0.7821,0,0,6,electronics,card,0
9472,60.0,40894.42,55.86,2710,2,0,0.087,13.35,0.746,0,0,21,fashion,card,0
9473,61.0,52746.03,438.97,1487,4,0,0.0495,0.72,0.7666,0,0,1,fashion,card,0
9474,56.0,85964.32,170.41,3853,4,1,0.2861,7.02,0.6611,0,1,5,grocery,card,0
9475,28.0,41779.96,116.66,1090,2,2,0.1925,9.36,0.8435,0,0,17,travel,card,0
9476,20.0,30551.89,539.56,2968,6,1,0.1487,24.2,0.6994,0,0,10,gaming,net_banking,1
9477,37.0,103560.38,80.66,3716,1,0,0.0264,21.04,0.7587,0,1,13,electronics,wallet,0
9478,25.0,68507.71,1769.82,498,4,0,0.2972,4.06,0.5902,1,0,21,travel,wallet,1
9479,34.0,95741.78,150.85,3670,2,0,0.2609,12.4,0.7144,0,0,3,food,card,0
9480,54.0,83509.94,209.1,3563,5,1,0.0391,5.89,0.8288,0,0,6,grocery,card,0
9481,51.0,182412.81,842.07,1537,6,1,0.343,12.42,0.4885,0,0,3,electronics,card,1
9482,29.0,101551.68,214.62,3359,4,1,0.1823,7.33,0.9829,0,0,11,food,card,0
9483,19.0,36932.41,591.01,55,6,0,0.2955,4.04,0.9171,0,0,4,travel,wallet,1
9484,30.0,71234.74,25.53,780,5,0,0.2702,7.29,0.8676,0,1,19,gaming,card,1
9485,43.0,40476.21,115.63,3017,4,1,0.4705,21.77,0.5695,0,0,1,electronics,net_banking,0
9486,62.0,42843.92,267.65,3739,0,0,0.0501,0.47,0.8691,0,0,15,grocery,card,0
9487,38.0,25291.24,530.8,530,7,0,0.3655,4.91,0.773,0,0,14,jewelry,wallet,0
9488,34.0,,388.64,2864,2,0,0.1013,8.14,0.7553,0,1,14,fashion,card,0
9489,49.0,74225.08,353.89,438,2,0,0.2446,23.51,0.6563,0,0,3,grocery,card,0
9490,22.0,53038.67,520.1,3137,4,0,0.3737,6.13,0.8994,0,0,0,travel,card,0
9491,30.0,30044.53,289.45,3588,5,0,0.1288,0.11,0.7266,0,1,21,food,card,0
9492,20.0,23799.69,21.11,1852,1,0,0.2227,5.27,0.8201,0,0,6,fashion,wallet,0
9493,47.0,175712.38,761.4,430,4,1,0.1446,22.03,0.6431,0,1,0,gaming,card,1
9494,43.0,65770.51,77.89,826,9,0,0.1945,19.49,0.8565,0,0,12,gaming,upi,1
9495,51.0,34956.18,246.31,2043,5,0,0.1676,42.51,0.9628,0,0,0,grocery,card,0
9496,53.0,70903.1,215.72,3202,6,0,0.5331,11.64,0.6454,0,0,6,gaming,card,1
9497,40.0,183347.92,188.72,2092,6,0,0.069,17.06,0.8846,0,0,2,grocery,wallet,0
9498,67.0,77369.1,59.56,1925,3,0,0.1849,1.07,0.8614,0,0,22,travel,upi,0
9499,70.0,15000.0,25.9,2413,1,0,0.1496,2.86,0.7145,0,1,3,gaming,net_banking,0
9500,24.0,236534.39,66.06,3870,7,0,0.0277,4.79,0.7265,0,0,0,fashion,net_banking,0
9501,70.0,19890.61,411.25,3164,3,0,0.1068,7.55,0.8744,0,0,6,,card,0
3589,,28927.36,300.69,1210,1,0,0.1239,8.11,0.7724,0,0,5,grocery,net_banking,0
9503,32.0,29487.33,74.64,810,5,0,0.2727,2.86,0.9023,0,1,11,grocery,card,0
9504,48.0,36610.39,273.42,1440,2,1,0.2946,0.96,0.6293,0,0,3,jewelry,upi,1
9505,19.0,64312.79,64.43,1105,3,0,0.0586,24.79,0.4539,0,0,21,fashion,card,0
9506,38.0,17606.54,104.58,2950,7,0,0.3305,0.25,0.7386,0,0,11,grocery,card,0
9507,,52336.71,195.35,3969,1,0,0.2459,6.42,0.8969,1,0,6,grocery,card,0
9508,45.0,103375.86,238.79,2301,0,2,0.2445,9.39,0.8525,0,1,23,electronics,card,0
9509,64.0,34589.53,63.16,3564,4,0,0.2412,1.96,0.9705,0,1,16,food,card,0
9510,70.0,25602.15,207.24,1750,5,0,0.1815,8.54,0.6443,0,1,19,food,card,0
9511,30.0,50943.41,268.22,2761,3,1,0.1193,2.88,0.9075,0,0,4,,card,0
9512,49.0,45661.04,50.39,2815,3,0,0.3152,15.08,0.4447,0,0,17,,upi,0
9513,45.0,39644.73,223.14,1196,3,0,0.5658,11.3,0.8651,0,0,22,electronics,upi,1
9514,41.0,28609.61,87.92,2941,3,1,0.0773,8.37,0.9848,1,0,10,grocery,card,0
9515,54.0,73177.26,203.75,2155,8,0,0.2935,8.25,0.8845,0,0,16,travel,wallet,0
9516,74.0,76304.21,370.94,2321,2,0,0.0825,2.44,0.5617,0,0,15,food,upi,0
9517,41.0,30606.96,150.91,1031,2,0,0.2295,6.98,0.5803,0,0,17,food,card,0
9518,21.0,,448.71,1296,4,0,0.335,2.6,0.8197,0,0,3,food,card,0
9519,70.0,59287.81,396.93,3435,2,0,0.3813,12.22,0.6735,0,0,18,food,card,0
9520,,32349.51,446.21,2486,9,0,0.0794,8.34,0.7134,0,1,10,travel,wallet,1
9521,36.0,60678.98,269.36,547,2,0,0.3245,10.26,0.9027,0,0,5,fashion,wallet,0
9522,46.0,123317.06,541.16,2194,5,1,0.272,2.32,0.8708,0,0,18,gaming,card,0
9523,67.0,53219.81,264.56,2485,7,0,0.1939,2.05,0.6686,0,1,17,food,card,1
9524,46.0,28214.73,33.98,3196,1,2,0.2732,0.98,,0,1,6,gaming,upi,0
1702,28.0,18828.32,83.89,2430,5,1,0.205,8.66,0.9182,0,0,7,grocery,card,1
9526,70.0,49880.15,145.72,2624,1,0,0.2197,0.45,0.7065,0,0,13,travel,upi,0
9527,65.0,50640.26,164.97,79,9,0,0.3946,4.89,0.7478,0,0,11,jewelry,wallet,0
9528,46.0,,257.42,2002,7,1,0.2072,19.35,0.3596,0,0,15,electronics,upi,1
9529,27.0,80431.33,80.32,850,5,1,0.1387,8.84,0.5241,0,0,4,electronics,upi,0
9530,42.0,56084.49,1341.66,104,1,1,0.1049,16.87,0.787,1,0,1,grocery,upi,0
9531,56.0,53194.71,162.47,3696,5,2,0.1567,11.83,0.6546,1,0,14,travel,card,1
9532,33.0,171105.62,178.62,692,8,0,0.2654,3.13,0.9108,0,0,10,travel,,1
9533,,106446.01,92.04,1005,6,0,0.1579,4.25,0.9446,0,0,0,fashion,card,0
9534,55.0,86989.16,66.0,1366,2,0,0.1654,9.7,0.7491,0,1,17,grocery,upi,0
9535,22.0,59115.69,158.64,1878,2,0,0.1223,2.89,0.8494,0,1,21,gaming,net_banking,0
9536,50.0,31632.16,185.03,2417,4,1,0.0284,10.56,0.4893,0,0,11,electronics,card,0
9537,60.0,102247.43,165.02,1262,3,1,0.3807,7.04,0.6879,0,0,8,gaming,wallet,0
9538,30.0,59542.78,942.1,3175,3,1,0.2618,4.25,0.7076,0,0,17,fashion,card,1
9539,,40040.45,158.64,655,6,0,0.2485,3.33,0.7942,0,0,23,electronics,,0
9540,58.0,48115.58,165.18,3841,5,0,0.0932,1.31,0.9022,0,0,14,gaming,wallet,0
9541,20.0,32327.97,406.77,3428,1,0,0.2045,0.54,0.627,0,0,9,grocery,card,0
9542,54.0,98382.62,151.7,2411,0,0,0.3697,12.99,0.7521,0,0,13,grocery,card,0
9543,32.0,80078.19,308.68,223,4,1,0.0961,2.79,0.7754,0,0,9,travel,upi,0
9544,,60778.19,50.09,2923,7,0,0.282,16.36,0.8948,0,0,14,grocery,wallet,0
9545,54.0,53720.85,50.49,2826,8,1,0.0936,0.05,0.8711,0,0,21,gaming,card,1
9546,18.0,37824.81,203.37,2497,3,2,0.2049,4.04,0.911,1,0,16,grocery,card,0
9547,18.0,17043.91,142.78,1142,7,2,0.1378,0.9,0.8443,0,0,23,electronics,net_banking,1
9548,43.0,25285.3,80.15,1738,1,0,0.2501,0.0,0.8471,0,0,16,fashion,card,0
9549,72.0,36557.2,203.33,1678,2,0,0.2071,1.52,0.9411,0,0,22,gaming,upi,0
9550,18.0,33656.35,221.86,2450,4,1,0.319,0.09,0.8793,0,0,17,electronics,card,0
9551,62.0,64488.15,88.51,1344,6,1,0.3133,5.47,0.9507,0,0,9,food,upi,0
9552,22.0,85940.46,107.14,1620,4,0,0.1199,15.84,0.6936,0,1,6,grocery,upi,0
9553,45.0,51248.77,223.54,3634,4,1,0.3831,7.55,0.7471,1,0,7,gaming,card,1
9554,42.0,119371.14,64.84,1830,3,2,0.0978,7.98,0.889,0,0,0,electronics,wallet,0
9555,44.0,35756.76,98.39,2390,3,0,0.3201,1.57,0.8924,0,0,2,gaming,net_banking,0
9556,22.0,,307.01,3646,3,1,0.1223,2.78,0.8563,1,0,8,grocery,wallet,0
9557,60.0,53479.06,175.76,3781,5,0,0.1897,5.98,0.8559,0,0,9,grocery,card,0
9558,33.0,100286.96,111.69,2268,3,0,0.0568,1.18,0.8117,0,0,4,food,upi,0
9559,61.0,58298.19,72.96,1082,3,0,0.1141,17.22,0.6092,0,1,8,grocery,wallet,0
9560,55.0,59192.57,65.35,428,8,0,0.3038,1.95,0.5496,0,0,14,food,card,0
9561,49.0,22135.21,157.78,3443,3,0,0.2361,2.65,0.7192,1,1,0,gaming,card,0
9562,35.0,33528.12,1364.81,2109,5,2,0.0558,4.13,0.4181,0,0,2,food,upi,1
9563,55.0,100494.9,316.95,2278,6,0,0.1857,1.84,0.7665,0,0,11,fashion,net_banking,0
9564,74.0,17564.77,47.47,3814,3,1,0.1382,15.6,0.9067,0,0,15,grocery,upi,1
9565,70.0,115120.47,365.1,1504,4,0,0.2178,5.8,,0,0,6,food,net_banking,0
9566,70.0,72395.83,84.27,427,3,0,0.3032,20.59,0.9541,0,0,2,food,net_banking,0
9567,30.0,36459.3,179.13,2703,8,0,0.2843,14.4,0.7474,0,0,18,gaming,card,0
9568,51.0,34803.09,99.89,3885,2,0,0.1516,2.15,0.9189,0,0,13,grocery,card,0
9569,40.0,156039.41,1360.64,704,5,0,0.2884,5.78,0.9146,0,0,6,fashion,wallet,0
9570,73.0,119534.66,57.91,3950,2,0,0.0778,0.51,0.9119,0,0,2,gaming,wallet,0
9571,72.0,51503.04,246.3,2178,6,0,0.4084,3.0,0.7376,0,0,14,travel,wallet,0
9572,67.0,59225.88,90.71,2256,4,0,0.0625,3.18,0.9378,1,1,12,grocery,card,0
9573,27.0,38549.13,376.83,3840,3,1,0.5749,22.86,0.4916,0,0,7,jewelry,card,0
9574,36.0,59232.14,241.39,1349,5,0,0.0561,8.75,0.6092,0,1,22,electronics,upi,0
9575,58.0,37965.82,631.13,2989,3,1,0.0954,2.26,0.7966,0,0,4,electronics,card,0
9576,60.0,52674.66,369.1,64,3,0,0.1743,6.98,0.7448,1,0,20,gaming,upi,0
9577,37.0,148861.2,89.97,2695,3,0,0.205,5.22,0.5561,0,0,11,electronics,card,0
9578,25.0,52182.41,3324.78,91,6,0,0.1389,7.19,0.8673,0,0,5,food,card,0
9579,25.0,30905.1,313.68,46,4,0,0.484,18.18,0.7041,0,0,18,electronics,net_banking,0
9580,,25941.1,103.78,1570,5,1,0.3417,3.47,0.6768,0,0,14,electronics,card,0
9581,43.0,58982.92,221.07,1509,5,1,0.3327,4.71,,0,0,18,grocery,wallet,0
9582,45.0,36192.1,338.25,3138,4,0,0.3568,5.33,0.9675,0,0,10,grocery,upi,0
9583,64.0,62989.3,325.63,3569,4,0,0.4339,7.07,0.7606,0,0,9,travel,upi,0
9584,18.0,22569.66,295.59,3771,6,1,0.0768,49.96,0.848,0,0,4,food,wallet,0
9585,61.0,80396.51,473.16,2504,2,0,0.2783,3.95,0.9543,1,0,17,grocery,net_banking,0
9586,33.0,30699.38,428.86,644,2,0,0.0305,10.63,0.905,0,0,18,food,card,0
9587,71.0,56418.48,77.12,2692,3,1,0.3267,2.62,0.9068,0,0,16,food,wallet,0
9588,72.0,,1481.8,1966,4,1,0.2071,16.32,0.7956,0,1,8,jewelry,upi,0
9589,46.0,141520.86,1289.29,2131,5,0,0.1017,27.2,0.8902,0,0,23,gaming,upi,0
9590,36.0,60440.07,400.98,2021,3,0,0.2557,4.54,0.8902,0,0,13,electronics,card,0
9591,31.0,160347.41,187.1,3535,3,0,0.0637,10.86,0.8072,0,0,18,electronics,card,0
9592,28.0,74869.12,190.35,1539,4,0,0.125,13.37,0.7259,1,0,12,,card,0
9593,74.0,120458.64,130.22,3858,5,0,0.4554,1.74,0.6675,0,0,23,electronics,net_banking,0
9594,,49033.03,148.2,2173,6,0,0.3003,2.83,0.8989,0,0,19,fashion,card,0
9595,43.0,66510.5,20.21,2760,3,0,0.1223,3.49,0.9444,0,1,14,electronics,card,0
9596,45.0,107510.35,831.49,3702,3,0,0.0332,11.34,0.788,0,0,10,gaming,net_banking,0
9597,56.0,90473.88,584.3,3263,6,0,0.1667,7.03,0.664,0,0,23,food,card,0
9598,66.0,73654.08,33.66,1770,4,0,0.1202,4.88,0.8544,0,1,10,jewelry,upi,0
9599,49.0,45923.14,438.32,840,3,2,0.1433,0.27,0.9184,0,0,3,fashion,upi,0
9600,61.0,50400.75,178.62,576,7,0,0.3202,15.96,0.8389,0,0,22,travel,card,0
9601,50.0,102826.93,147.51,1474,8,0,0.359,0.13,0.4495,1,0,22,,wallet,1
9602,42.0,115305.41,294.65,2671,2,1,0.1102,16.11,0.8391,0,0,11,food,upi,0
9603,,39696.33,31.51,3200,2,0,0.0497,10.9,0.845,0,0,10,food,card,0
9604,29.0,36534.82,177.99,154,1,0,0.414,3.33,0.9121,0,1,10,grocery,net_banking,0
9605,42.0,33450.26,194.89,1864,6,1,0.3612,7.78,0.681,0,0,23,grocery,card,0
9606,20.0,86805.37,195.08,3762,6,0,0.3212,1.22,0.9766,1,0,15,grocery,upi,0
9607,36.0,32987.28,45.85,3293,1,0,0.3433,0.56,0.6937,0,0,17,travel,card,1
9608,44.0,86229.73,281.43,3761,6,0,0.1781,11.15,0.6466,0,0,19,grocery,wallet,0
9609,44.0,74251.86,519.45,3829,2,0,0.1335,20.7,0.9647,0,1,12,grocery,card,0
9610,64.0,40753.13,270.5,395,3,0,0.1233,2.59,0.5562,0,0,10,food,upi,0
9611,73.0,129989.78,143.13,2733,4,0,0.0208,1.15,0.8579,0,0,14,electronics,,0
9612,59.0,24608.47,2649.16,2217,5,0,0.2556,5.99,0.7661,0,0,17,fashion,card,0
9613,22.0,137013.04,71.41,1924,6,0,0.126,3.25,,0,1,1,grocery,wallet,0
9614,41.0,65543.92,390.1,3195,3,0,0.0665,6.26,0.6936,0,0,3,electronics,wallet,0
9615,59.0,17582.9,229.58,3740,0,0,0.242,0.03,0.8112,0,0,14,fashion,upi,0
9616,51.0,132008.59,1346.51,1874,7,0,0.2403,0.83,0.6487,0,1,12,travel,card,0
9617,44.0,93883.07,264.99,2605,2,0,0.2999,10.99,0.8866,0,0,5,grocery,upi,0
9618,42.0,43458.95,328.36,1930,3,0,0.2818,0.09,0.8879,0,0,22,gaming,card,0
9619,41.0,32353.97,298.47,2554,5,0,0.018,6.61,0.9365,0,1,16,grocery,card,0
9620,51.0,23204.51,62.47,3881,1,0,0.2147,23.28,0.4157,0,0,12,grocery,wallet,0
9621,28.0,207644.73,75.5,3251,3,0,0.3308,0.83,0.9112,0,0,4,food,card,0
9622,47.0,33098.01,136.63,945,3,1,0.1168,1.95,0.8786,0,0,15,grocery,upi,0
9623,29.0,27449.82,468.88,3471,5,0,0.2906,3.58,0.577,0,0,5,food,,0
9624,56.0,,227.25,2119,2,0,0.2693,10.62,0.5808,0,1,3,fashion,upi,0
9625,67.0,22342.52,146.38,2349,2,0,0.1952,6.28,0.8575,0,0,7,food,card,0
9626,46.0,32055.91,709.92,486,5,0,0.1486,9.91,0.8308,1,0,13,food,wallet,0
9627,40.0,95065.51,24.79,1796,4,0,0.2707,1.92,0.7285,0,0,21,,card,0
9628,71.0,70997.81,49.26,1230,3,0,0.2132,2.97,0.9469,0,0,7,grocery,net_banking,0
9629,55.0,44470.66,14.83,378,3,1,0.2356,13.53,0.7423,0,0,17,travel,card,0
9630,42.0,55556.57,602.61,3408,5,0,0.409,3.79,0.762,0,0,12,jewelry,card,0
9631,19.0,43119.46,163.4,542,6,0,0.0631,7.29,0.7738,0,0,7,grocery,card,0
9632,18.0,53156.18,473.07,2874,3,1,0.1069,19.53,0.7454,0,0,5,jewelry,upi,0
9633,30.0,36173.87,161.37,2987,6,1,0.2864,6.74,0.6518,1,0,9,electronics,card,1
9634,,,500.77,2459,1,0,0.1281,7.64,0.4185,0,0,23,travel,net_banking,0
9635,59.0,39309.26,158.57,3365,6,0,0.3222,2.22,0.7542,0,0,5,jewelry,net_banking,0
9636,46.0,36896.24,271.2,482,3,0,0.1316,3.27,0.7254,0,1,20,food,net_banking,1
9637,74.0,97659.24,234.27,94,5,0,0.338,7.32,0.7356,0,0,8,fashion,card,0
9638,48.0,84006.8,252.31,3407,2,1,0.0163,1.98,0.6439,0,0,6,electronics,card,0
9639,69.0,32934.92,970.39,757,3,0,0.1556,5.3,0.9028,1,0,12,food,card,0
9640,49.0,28514.61,35.46,1213,2,1,0.1425,5.12,0.7198,0,0,17,electronics,net_banking,0
9641,38.0,50442.35,168.1,2768,3,0,0.1697,14.92,0.8698,0,0,19,electronics,upi,1
9642,58.0,179961.22,219.41,2153,0,1,0.0907,3.26,0.7705,0,0,11,grocery,wallet,0
9643,,31252.37,188.9,827,3,1,0.2934,8.33,0.7654,0,0,1,electronics,wallet,0
9644,33.0,50332.94,120.91,956,3,0,0.1352,1.17,0.9682,0,1,3,jewelry,card,0
9645,44.0,57750.35,105.45,3349,5,1,0.0628,1.36,0.5984,0,0,19,travel,upi,0
9646,55.0,51809.83,831.28,2097,4,0,0.2835,27.86,0.6436,0,0,12,grocery,card,0
9647,39.0,42747.8,167.71,3692,3,0,0.3136,1.41,0.8028,0,0,9,,upi,0
9648,58.0,103816.73,2060.91,2261,7,0,0.2177,10.38,0.8917,0,0,20,gaming,upi,0
9649,73.0,70618.03,305.28,2663,2,1,0.1789,14.98,0.6672,0,0,6,travel,card,0
9650,41.0,87577.67,134.73,1381,1,0,0.1259,8.68,0.7979,0,0,7,grocery,upi,0
9651,34.0,76057.69,312.82,148,1,0,0.0816,0.16,0.7119,0,0,0,gaming,upi,0
9652,40.0,89927.59,200.72,2038,6,0,0.0956,6.62,0.8404,0,0,20,food,upi,0
9653,65.0,131467.07,688.8,2929,3,1,0.0906,0.29,0.7626,1,0,16,grocery,card,0
9654,28.0,114366.4,55.99,1642,4,0,0.189,4.66,0.9445,0,0,0,grocery,card,0
9655,73.0,197546.77,29.72,3444,5,0,0.197,13.18,0.8808,0,0,2,grocery,card,0
9656,41.0,107433.38,258.25,2799,3,0,0.0693,0.9,0.7287,0,1,3,electronics,upi,0
9657,65.0,38059.0,415.16,2040,4,0,0.112,22.69,0.7604,0,0,3,fashion,card,0
9658,62.0,87650.28,239.57,2189,4,1,0.0068,1.15,0.7608,0,0,18,gaming,card,0
9659,62.0,81294.03,352.63,932,4,1,0.2071,0.09,0.7383,0,0,13,grocery,card,0
9660,69.0,158142.32,304.42,3515,1,0,0.0622,4.68,0.8977,1,1,5,gaming,card,0
9661,28.0,32310.62,40.96,266,6,1,0.2233,3.65,0.756,0,0,19,food,net_banking,0
9662,51.0,74754.27,238.46,227,4,1,0.224,0.62,0.8216,0,1,9,grocery,card,0
9663,23.0,37816.46,671.65,3143,5,1,0.2118,4.17,0.9667,0,0,21,gaming,wallet,1
9664,35.0,72910.52,213.73,135,0,0,0.2787,5.14,0.7611,1,0,0,jewelry,upi,0
9665,20.0,48872.87,48.57,2052,4,0,0.043,12.56,0.8827,0,0,7,fashion,wallet,0
9666,56.0,71596.13,128.91,778,5,1,0.1472,2.7,0.8993,0,0,15,grocery,net_banking,0
9667,52.0,25321.33,314.1,2733,2,2,0.2377,6.72,0.8275,1,0,14,fashion,card,0
9668,60.0,85081.34,1084.19,500,7,0,0.0797,11.74,0.8965,0,0,4,gaming,card,0
9669,28.0,61600.25,25.45,1080,1,0,0.0359,1.02,0.8702,0,0,16,electronics,upi,0
9670,36.0,59802.01,258.32,2117,6,0,0.0635,7.08,0.6569,0,0,10,jewelry,card,0
9671,56.0,160767.42,70.86,1529,6,2,0.0637,4.16,0.6152,0,0,19,travel,card,0
9672,65.0,44565.83,299.07,824,5,0,0.0872,12.29,0.7959,0,0,4,grocery,wallet,0
9673,68.0,66392.17,324.01,277,6,1,0.1122,47.17,,0,0,17,jewelry,upi,0
9674,22.0,58118.39,142.57,93,3,0,0.1341,0.44,0.8906,0,1,10,food,card,0
9675,40.0,61329.12,338.51,792,0,0,0.151,2.93,0.8058,0,0,2,food,net_banking,0
9676,18.0,186666.82,562.76,1152,7,0,0.0913,15.51,0.7276,0,0,3,grocery,wallet,1
9677,64.0,56964.43,152.69,505,3,0,0.2378,7.43,0.7762,0,1,10,grocery,card,1
9678,25.0,,47.27,2051,2,0,0.1135,16.45,0.6106,1,0,17,food,upi,0
9679,64.0,153904.11,748.84,3546,8,0,0.2057,1.77,0.8506,0,0,18,fashion,wallet,0
9680,26.0,46437.36,412.26,2865,2,2,0.2377,1.71,0.8507,1,0,13,electronics,upi,1
9681,18.0,22748.18,316.31,1248,3,0,0.2646,9.23,0.5161,0,0,15,food,card,0
9682,68.0,36593.45,90.2,1770,1,0,0.2337,5.69,0.8868,0,0,23,grocery,card,0
9683,43.0,27707.69,482.22,3084,5,0,0.2927,15.18,0.9781,0,0,21,travel,card,0
9684,42.0,20437.11,1387.67,3851,1,0,0.041,1.46,0.7662,0,0,2,grocery,upi,0
9685,54.0,45045.58,159.44,2219,6,0,0.0964,9.52,0.8619,0,1,4,grocery,upi,1
9686,33.0,52916.46,197.84,821,6,0,0.1374,16.81,0.9648,0,0,4,travel,net_banking,0
9687,57.0,105280.01,62.04,3473,5,0,0.2585,3.76,0.8655,0,0,12,grocery,,0
9688,42.0,77750.43,87.66,2070,4,0,0.1656,1.86,0.8149,1,0,16,fashion,net_banking,0
9689,33.0,75826.06,61.46,147,5,0,0.2352,2.11,,0,0,21,gaming,wallet,0
9690,40.0,33651.84,205.16,1035,3,1,0.1501,9.15,0.7502,0,0,5,food,upi,0
9691,18.0,89482.8,128.02,2144,8,0,0.2121,5.73,0.8463,0,0,16,jewelry,upi,0
9692,35.0,118215.74,261.32,3232,5,1,0.3659,5.19,0.9845,1,0,19,electronics,net_banking,0
9693,51.0,68329.88,73.78,3412,7,1,0.1025,3.85,0.9138,0,0,12,electronics,upi,0
9694,25.0,69388.27,152.23,775,2,0,0.2252,17.63,0.6632,0,0,14,grocery,card,0
9695,24.0,27433.16,69.37,2899,2,0,0.138,2.67,0.567,0,0,9,travel,card,0
9696,55.0,98226.19,217.14,3847,4,0,0.3143,0.21,0.7374,0,0,9,grocery,upi,0
9697,42.0,146465.51,35.19,3201,7,0,0.2124,11.51,0.6577,0,0,23,food,card,0
9698,25.0,65690.68,209.46,2874,4,0,0.1373,5.52,0.693,0,0,12,grocery,card,0
9699,60.0,39663.71,136.21,3189,7,0,0.1832,6.17,0.725,0,0,21,travel,upi,0
9700,62.0,50311.62,215.71,2240,4,0,0.0526,0.43,0.9235,0,0,2,gaming,card,0
9701,19.0,43645.57,34.49,2437,4,0,0.0578,1.91,0.6316,0,0,1,electronics,upi,0
9702,29.0,45109.18,346.43,2143,7,0,0.331,7.01,0.9431,0,0,15,gaming,card,0
9703,39.0,78549.1,133.52,3823,3,2,0.1941,7.54,0.9428,1,0,17,travel,upi,0
9704,59.0,64138.09,223.65,1469,11,0,0.1173,2.52,0.8668,0,0,10,grocery,card,0
9705,,95535.54,27.74,3113,0,0,0.0459,0.5,0.5795,0,0,4,jewelry,wallet,0
9706,63.0,67446.16,51.95,113,3,1,0.0216,10.03,0.7785,1,0,1,jewelry,upi,0
9707,36.0,34195.18,121.85,1691,8,0,0.1455,6.38,0.9525,1,0,19,grocery,card,0
9708,25.0,41760.57,712.27,3663,7,0,0.0349,0.0,0.7243,0,0,14,grocery,upi,0
9709,67.0,40357.23,304.97,995,2,1,0.3184,2.92,0.9261,0,0,1,gaming,wallet,0
9710,22.0,49638.89,204.96,3185,6,1,0.1192,1.64,0.7753,0,0,0,food,card,1
9711,25.0,147588.16,71.43,2024,6,1,0.0209,7.93,0.791,0,0,19,food,upi,0
9712,72.0,,59.54,565,3,1,0.0969,9.71,0.8059,0,0,8,food,card,0
9713,47.0,87135.45,237.37,452,6,0,0.185,13.76,0.8567,0,0,23,travel,net_banking,0
9714,44.0,58712.54,362.73,514,7,0,0.1705,1.28,0.6577,0,0,22,electronics,card,0
9715,57.0,26008.53,221.83,1877,5,0,0.1513,0.62,0.9503,0,0,2,grocery,card,0
9716,53.0,62074.65,994.77,1253,6,1,0.177,4.47,0.9804,0,0,1,travel,net_banking,1
9717,52.0,35617.22,90.97,3581,4,0,0.2669,22.07,0.9435,0,0,9,fashion,net_banking,0
9718,19.0,134844.23,215.36,3059,2,0,0.3791,7.02,0.7669,1,0,11,food,upi,0
9719,49.0,22736.58,33.11,597,7,0,0.0607,9.46,0.7987,1,0,15,electronics,card,0
9720,33.0,67951.86,222.29,2027,0,0,0.0522,0.18,0.8262,0,0,18,gaming,net_banking,0
9721,64.0,34004.79,782.37,3070,6,2,0.1264,10.18,0.7959,0,0,17,electronics,upi,1
9722,46.0,54712.92,63.53,2627,3,1,0.4292,0.43,,0,1,7,grocery,card,1
9723,25.0,79334.31,417.84,67,0,0,0.2038,6.4,0.8883,0,1,16,jewelry,upi,0
9724,68.0,96487.74,760.52,54,5,1,0.2459,12.05,0.2177,0,0,22,electronics,upi,1
9725,34.0,53194.42,90.31,2347,4,0,0.0912,0.94,0.7921,0,0,21,jewelry,card,0
9726,33.0,83596.55,287.12,3697,6,0,0.2724,11.14,0.9328,1,0,11,electronics,card,0
9727,71.0,38205.31,873.57,230,3,0,0.1651,4.52,0.5913,0,0,18,electronics,card,0
9728,62.0,62952.43,226.66,687,5,2,0.3684,12.87,0.4679,0,0,14,jewelry,net_banking,1
9729,66.0,95444.72,395.31,778,2,1,0.1584,16.85,0.7981,0,0,14,,card,1
9730,55.0,66021.99,30.54,1296,2,0,0.1293,6.18,0.6752,0,1,0,electronics,wallet,0
9731,69.0,41107.65,327.04,3564,10,0,0.054,8.6,0.717,1,0,14,food,wallet,1
9732,24.0,47174.8,301.93,3790,1,1,0.149,8.32,0.5946,0,0,14,fashion,upi,0
9733,52.0,96153.32,47.79,1246,9,0,0.3646,5.59,0.8125,1,0,3,gaming,upi,1
9734,34.0,30169.11,68.62,2939,5,0,0.3721,0.29,0.7983,0,0,8,jewelry,upi,0
9735,40.0,32719.13,329.3,69,8,0,0.1746,1.23,,0,0,6,jewelry,card,1
9736,31.0,76570.13,132.99,2058,2,0,0.2189,38.82,0.8946,0,1,4,food,card,0
9737,29.0,43198.43,547.24,2522,5,0,0.0913,21.09,0.8582,0,0,2,fashion,upi,0
9738,43.0,24733.32,245.59,3455,5,0,0.0289,0.87,0.7438,0,0,17,travel,upi,0
9739,70.0,115617.05,190.45,3292,3,1,0.2266,1.79,0.9037,0,0,16,fashion,wallet,0
9740,54.0,30040.7,151.79,273,8,0,0.4858,2.29,0.6316,0,1,12,food,upi,1
9741,37.0,49286.33,241.2,1669,5,0,0.3293,2.86,0.9378,0,0,17,travel,upi,0
9742,42.0,39118.55,401.77,332,6,1,0.075,20.59,0.8931,0,0,6,grocery,card,0
9743,48.0,46693.61,306.99,67,3,0,0.2077,0.91,0.859,0,0,20,electronics,card,0
9744,31.0,33811.21,117.91,645,3,1,0.245,22.87,0.898,1,0,7,grocery,net_banking,0
9745,47.0,81466.08,621.66,3734,4,0,0.2875,1.71,0.7934,0,0,17,fashion,upi,0
9746,57.0,58456.69,347.46,1080,5,1,0.4189,0.4,0.7573,0,0,1,grocery,upi,1
9747,31.0,94475.7,264.59,2966,6,0,0.3678,6.61,0.6445,0,0,20,jewelry,card,0
9748,51.0,39341.92,197.29,2844,8,0,0.2203,4.41,0.7526,0,0,15,grocery,upi,0
9749,58.0,177770.81,296.78,3473,3,0,0.3246,0.58,0.8908,0,1,17,electronics,upi,0
9750,47.0,19293.66,28.83,2143,0,0,0.1719,6.33,0.8414,0,0,18,gaming,wallet,0
9751,34.0,23000.34,229.12,3901,5,0,0.1497,0.21,0.9143,0,1,13,travel,card,0
9752,49.0,144247.4,928.1,1721,6,0,0.2164,22.22,0.7748,0,0,3,food,card,0
9753,63.0,71382.74,224.29,3156,2,0,0.3663,5.21,0.6972,0,0,1,electronics,card,0
9754,30.0,66360.07,195.67,3136,6,1,0.3431,6.51,0.8988,1,0,20,travel,wallet,1
9755,50.0,69723.3,99.19,2187,2,0,0.093,16.05,0.9432,0,0,23,electronics,wallet,0
9756,56.0,75301.28,294.62,1289,8,0,0.0843,17.89,0.678,0,0,19,grocery,net_banking,0
9757,36.0,64858.34,148.1,660,3,0,0.435,4.21,0.7797,1,0,12,gaming,wallet,0
9758,40.0,32332.91,666.64,369,3,1,0.2263,0.68,0.9437,0,0,9,fashion,upi,0
9759,68.0,86257.6,75.89,2012,3,0,0.4765,6.69,0.66,0,1,16,fashion,card,1
9760,38.0,79099.47,114.51,1605,3,1,0.2321,4.32,0.8509,0,0,10,fashion,upi,0
9761,52.0,120659.23,98.7,860,3,0,0.117,10.08,0.7718,0,0,1,gaming,card,0
9762,26.0,,1127.25,3072,4,1,0.1488,2.89,0.9287,0,0,2,gaming,card,1
9763,70.0,65963.07,148.89,675,1,1,0.2639,3.05,,0,0,19,grocery,upi,0
9764,52.0,27999.35,104.05,1912,1,2,0.4538,11.19,0.9526,0,0,22,fashion,,0
9765,61.0,145797.81,22.25,1732,4,0,0.1726,1.49,0.6787,0,0,0,travel,card,0
7845,27.0,80332.76,481.06,3012,2,1,0.464,1.5,0.9034,0,0,4,grocery,upi,0
9767,38.0,66235.3,305.16,444,6,1,0.3418,4.2,0.681,0,0,16,fashion,card,0
9768,37.0,47757.18,303.94,3428,9,0,0.1851,0.88,0.7043,0,0,20,electronics,upi,1
9769,57.0,43401.29,93.86,2747,4,0,0.2153,3.18,0.9776,1,0,18,fashion,upi,0
9770,67.0,83738.45,99.22,3170,4,0,0.0715,2.19,0.9054,0,0,15,food,card,0
7776,66.0,75339.85,157.54,1346,5,0,0.1727,4.91,0.7031,0,0,11,electronics,,0
9772,66.0,72938.46,2668.67,3099,13,1,0.233,4.89,0.6989,1,0,11,grocery,wallet,1
9773,65.0,35117.72,568.35,1757,0,0,0.0323,0.58,0.9332,0,1,9,electronics,upi,0
9774,24.0,49978.45,855.97,2337,7,0,0.2246,33.11,0.9136,0,1,21,grocery,wallet,1
9775,24.0,36020.53,1058.26,1478,7,0,0.0211,5.25,0.5165,1,0,18,grocery,card,0
9776,57.0,49296.04,1648.35,3607,4,0,0.2529,9.16,0.8439,0,0,5,food,upi,0
9777,66.0,51522.26,133.09,925,7,1,0.1357,3.3,0.7819,0,0,4,electronics,upi,1
9778,40.0,151668.99,74.79,2371,1,0,0.2677,6.61,0.9048,0,1,12,grocery,wallet,0
9779,54.0,47687.51,1126.02,867,2,2,0.1151,2.13,0.9152,0,0,5,food,card,0
9780,74.0,17085.91,68.63,1508,8,0,0.2536,23.08,0.8704,0,0,20,food,upi,0
9781,36.0,118466.89,64.35,3853,0,0,0.3511,1.25,0.9258,0,0,10,grocery,wallet,0
9782,30.0,70416.38,65.85,807,2,0,0.1102,7.0,0.7969,0,0,4,gaming,upi,0
9783,74.0,51176.35,157.84,3547,3,1,0.3104,2.23,0.893,0,1,4,electronics,wallet,0
9784,33.0,43244.27,24.74,3257,4,0,0.1857,12.53,0.6014,1,0,21,fashion,upi,0
9785,44.0,32672.18,42.94,1483,4,0,0.165,13.65,0.7824,0,0,21,gaming,upi,0
9786,43.0,159694.02,96.6,1503,4,1,0.5017,6.69,0.7356,0,1,10,grocery,card,1
9787,47.0,56590.88,54.44,52,4,1,0.2852,23.2,0.7278,0,0,19,jewelry,upi,0
9788,33.0,,520.8,3169,2,1,0.0476,3.85,0.8347,0,0,15,food,upi,0
9789,56.0,65863.88,181.2,2674,6,1,0.2943,2.71,0.8649,0,0,8,electronics,card,1
9790,57.0,106775.41,320.53,3932,4,0,0.2015,4.28,0.8177,0,0,6,travel,upi,0
9791,29.0,59941.69,287.29,1187,5,1,0.3124,8.89,0.9757,0,0,22,food,card,0
9792,45.0,33497.03,146.38,1612,3,0,0.465,5.66,0.7899,0,0,7,grocery,card,0
9793,21.0,31888.4,483.52,2755,2,0,0.1028,14.1,0.5153,0,0,22,travel,upi,0
9794,30.0,33208.56,282.9,1382,3,0,0.6353,7.03,0.5874,1,0,2,jewelry,wallet,0
9795,74.0,127007.37,130.92,1295,3,1,0.2158,16.84,0.9549,0,0,1,gaming,upi,0
9796,46.0,52874.33,33.42,705,1,0,0.0791,18.16,0.7224,0,0,18,grocery,upi,0
9797,53.0,21846.37,302.96,3952,1,0,0.449,11.8,0.8033,0,0,14,food,card,0
9798,68.0,67938.77,50.99,1917,5,0,0.0031,7.14,0.9438,0,0,5,gaming,net_banking,0
9799,58.0,59436.2,263.29,3085,8,0,0.2577,5.16,0.531,0,1,5,grocery,upi,1
9800,63.0,42967.36,194.78,2626,5,0,0.1039,15.05,0.7523,1,0,2,fashion,upi,0
9801,58.0,31378.08,46.18,2409,4,1,0.0493,2.16,0.5763,0,0,3,travel,wallet,0
9802,46.0,30636.47,233.07,1271,4,0,0.2546,3.53,0.9162,1,1,17,grocery,card,0
9803,,99981.16,217.95,1281,2,0,0.3783,0.94,0.807,0,1,15,gaming,card,0
9804,34.0,63020.83,218.74,1958,6,0,0.2227,0.08,0.4119,0,0,1,gaming,card,0
9805,68.0,71563.65,208.5,567,5,2,0.0062,21.36,0.8531,0,0,15,fashion,card,0
9806,28.0,62925.44,93.74,2162,3,0,0.1308,2.29,0.8778,0,0,10,jewelry,upi,0
9807,68.0,65862.02,325.24,390,4,0,0.1066,7.81,0.6566,0,0,6,gaming,net_banking,0
9808,,42509.01,90.5,1122,9,2,0.3096,11.68,0.8571,0,0,0,fashion,wallet,1
9809,26.0,49113.16,61.46,2543,3,0,0.147,8.24,0.8623,0,0,20,grocery,net_banking,0
9810,58.0,104379.64,353.4,123,2,0,0.0809,4.84,0.9071,0,0,20,food,upi,0
9811,74.0,119744.2,459.15,208,2,0,0.0599,9.65,0.8895,0,0,1,gaming,wallet,0
9812,50.0,28083.51,330.02,886,6,0,0.307,9.53,0.8763,0,1,11,gaming,card,1
9813,37.0,49047.58,146.32,3031,5,1,0.1273,0.92,0.7739,0,0,9,gaming,card,0
9814,68.0,87264.19,25.88,3218,5,0,0.2668,10.21,,0,0,2,food,net_banking,0
9815,47.0,154853.12,792.07,33,6,0,0.111,4.15,0.5941,0,0,13,grocery,upi,0
9816,24.0,146556.49,25.48,1133,6,0,0.0956,3.34,0.8708,1,0,9,grocery,upi,0
9817,32.0,,323.44,255,1,0,0.1897,10.21,0.8103,0,0,23,food,card,0
9818,56.0,110897.74,1485.04,84,6,0,0.1549,6.35,0.9571,0,0,17,food,wallet,0
9819,43.0,56802.66,209.02,3770,5,0,0.2253,15.63,0.7977,0,0,4,jewelry,upi,0
9820,30.0,97686.4,240.85,1717,5,0,0.5158,15.07,0.6742,0,0,1,travel,,1
9821,63.0,84850.12,263.03,3187,5,0,0.1634,3.75,0.8522,0,0,23,grocery,card,0
9822,24.0,27444.15,219.45,2739,4,0,0.2107,4.94,0.8951,0,0,13,grocery,wallet,0
9823,30.0,74427.01,1888.56,1814,6,0,0.0704,1.79,0.6528,0,0,9,fashion,card,0
9824,44.0,95628.06,77.46,3017,5,0,0.1501,8.85,0.7946,0,0,12,food,,0
9825,20.0,54393.67,68.32,1017,4,1,0.242,2.99,0.6269,0,1,10,jewelry,wallet,1
9826,40.0,48031.6,129.73,1673,3,0,0.0989,2.57,0.6073,0,0,19,fashion,upi,0
9827,69.0,23171.38,1026.37,1533,9,0,0.0896,3.82,0.8197,0,1,5,fashion,card,1
9828,71.0,80103.76,101.1,2300,6,0,0.2352,2.89,,0,0,14,electronics,wallet,0
9829,,61691.42,276.79,865,0,0,0.4015,1.67,0.8322,0,1,19,fashion,upi,0
9830,36.0,33119.82,525.3,2989,3,0,0.4962,4.01,0.9542,0,0,9,fashion,card,0
9831,21.0,45976.08,392.27,3372,8,0,0.2101,7.31,0.9383,0,1,11,food,card,1
9832,,59878.05,498.21,3560,2,0,0.3333,0.31,0.7758,0,0,12,travel,net_banking,0
9833,39.0,40450.68,743.18,3579,7,0,0.0646,8.38,0.5974,0,0,11,fashion,wallet,0
9834,60.0,55081.04,244.98,2570,4,0,0.215,13.57,0.939,0,0,17,,card,0
9835,24.0,21007.3,113.97,3197,4,0,0.0053,15.26,0.8291,1,0,2,grocery,card,0
9836,56.0,115528.25,208.55,2772,5,0,0.2726,1.48,0.7917,0,0,2,grocery,upi,1
9837,51.0,55483.37,128.24,3814,4,0,0.0734,0.8,0.8809,0,0,4,food,wallet,0
9838,70.0,30044.77,2240.62,421,4,0,0.3253,0.43,0.9072,0,0,12,gaming,card,1
9839,23.0,15000.0,105.67,817,5,1,0.5277,11.69,0.5008,1,1,1,food,wallet,1
9840,41.0,96868.79,291.81,1699,1,0,0.1333,6.93,0.9888,0,1,10,,card,0
9841,74.0,74760.04,40.13,2495,4,0,0.4164,0.82,0.7047,0,1,15,electronics,upi,0
9842,40.0,61757.19,205.57,3559,6,0,0.0804,14.38,0.8642,0,0,5,food,wallet,0
9843,55.0,88441.35,135.08,405,2,0,0.1742,17.89,0.8167,0,0,1,,wallet,0
9844,27.0,88307.7,353.77,668,3,0,0.209,4.91,0.6067,0,0,3,grocery,net_banking,1
9845,59.0,61207.77,363.11,3446,2,0,0.0332,2.08,0.7959,0,0,22,gaming,upi,0
9846,,47823.41,742.45,1260,6,0,0.1328,4.32,0.5763,0,0,10,food,card,0
9847,50.0,43724.36,685.76,96,3,0,0.3069,10.3,0.8376,0,0,15,grocery,card,0
9848,68.0,69328.17,168.45,2721,5,0,0.2237,16.62,0.6608,0,1,1,grocery,net_banking,0
9849,55.0,118593.35,70.01,3514,3,0,0.0703,5.72,0.7202,0,0,6,travel,upi,0
9850,45.0,51973.63,78.72,3611,4,0,0.0936,22.32,0.9858,0,0,1,jewelry,card,0
9851,28.0,123890.21,243.64,3421,6,0,0.0647,7.22,0.8803,0,0,13,jewelry,card,0
9852,37.0,,210.76,264,5,0,0.2083,3.82,0.8238,0,0,6,fashion,wallet,0
9853,66.0,67810.24,232.96,565,5,0,0.3682,0.14,0.8548,0,0,13,grocery,net_banking,0
9854,30.0,206467.58,105.41,3485,6,0,0.0962,1.12,0.7628,0,0,5,food,net_banking,0
9855,55.0,136497.49,757.63,2780,5,0,0.0973,11.31,0.6104,0,0,2,food,card,0
9856,45.0,138458.17,41.28,904,4,0,0.3179,2.32,0.8481,0,0,7,electronics,card,0
9857,36.0,35468.52,99.73,1568,4,0,0.1746,2.88,0.9549,0,0,17,food,net_banking,0
9858,58.0,183650.33,61.3,3447,4,0,0.1299,11.99,0.8611,0,1,15,fashion,wallet,0
9859,38.0,52568.34,146.06,3717,0,1,0.1142,0.26,,0,1,16,food,card,0
9860,34.0,48531.5,626.11,3560,0,1,0.2675,17.28,,0,0,0,fashion,card,0
9861,48.0,16772.6,134.99,1858,5,1,0.0726,6.55,0.9181,1,0,19,grocery,,0
9862,61.0,65811.4,199.22,3108,6,0,0.1091,9.88,0.7703,0,0,18,grocery,card,0
9863,67.0,30310.33,349.74,208,4,0,0.2352,24.86,0.8771,1,0,20,food,upi,0
9864,53.0,68846.05,128.72,3697,5,0,0.4721,8.09,0.862,0,0,8,gaming,wallet,0
9865,55.0,29034.14,263.9,911,2,0,0.1666,2.5,0.8017,0,1,16,gaming,wallet,0
9866,62.0,147830.76,231.3,3845,4,1,0.1407,2.04,0.8339,0,0,23,grocery,net_banking,0
9867,33.0,74492.53,58.1,94,1,0,0.0628,6.09,0.4886,0,0,14,grocery,card,0
9868,32.0,192724.66,113.14,3702,2,0,0.2312,11.62,0.8837,0,0,15,jewelry,upi,0
9869,45.0,31332.94,256.61,2121,3,1,0.3002,1.6,0.8514,0,0,3,gaming,card,0
9870,53.0,128944.46,648.82,2067,7,0,0.1852,2.59,0.9118,0,1,15,grocery,net_banking,0
9871,54.0,20406.25,648.21,2715,5,1,0.1248,53.32,0.6188,0,0,6,fashion,upi,0
9872,26.0,61668.59,1463.29,1870,5,1,0.3899,16.83,0.8758,0,0,2,food,upi,1
9873,62.0,38859.03,292.49,3804,2,1,0.1872,23.69,,0,0,2,food,upi,0
9874,38.0,42989.55,119.06,447,3,0,0.0714,0.35,,1,0,19,fashion,upi,0
9875,68.0,41399.14,168.85,2635,4,0,0.2197,8.56,0.9684,0,0,17,electronics,card,0
9876,59.0,33256.14,160.64,887,4,1,0.1918,8.45,0.6239,0,0,10,jewelry,upi,0
9877,74.0,27508.76,119.71,178,3,0,0.1261,3.69,0.6079,1,0,11,travel,card,0
9878,54.0,43120.5,263.99,2619,6,0,0.4573,0.12,0.773,0,0,22,gaming,wallet,0
9879,48.0,58624.27,276.56,2720,6,0,0.1415,19.22,0.8988,0,0,11,food,card,0
9880,28.0,104309.78,55.66,535,4,1,0.0879,2.57,,0,0,1,jewelry,card,0
9881,40.0,64700.95,534.39,2915,3,0,0.2501,4.0,0.9402,0,1,6,fashion,upi,0
9882,66.0,104473.17,28.68,3771,1,0,0.1141,5.32,0.8742,0,1,12,gaming,wallet,0
9883,39.0,24393.97,144.1,2791,5,0,0.114,0.16,0.452,0,0,16,food,card,0
9884,21.0,43345.38,568.09,931,4,0,0.0734,2.9,0.7771,0,0,10,fashion,card,0
9885,,81319.5,330.41,366,4,1,0.1465,4.96,0.808,1,0,14,electronics,card,0
9886,51.0,66425.97,125.96,379,3,0,0.2616,0.71,0.6214,0,0,9,food,card,0
9887,53.0,34250.01,1289.2,2485,2,0,0.2818,1.65,0.8423,0,0,3,travel,card,0
9888,74.0,91934.01,115.92,963,6,0,0.0513,9.14,0.7303,0,0,4,fashion,upi,0
9889,71.0,41064.05,24.31,1503,9,0,0.1268,2.52,0.7712,0,0,9,fashion,upi,0
9890,48.0,35865.77,283.07,224,4,0,0.0358,0.63,0.867,0,0,20,electronics,net_banking,0
9891,49.0,71891.24,30.4,1779,9,0,0.2028,12.51,,0,0,11,electronics,upi,1
9892,63.0,55186.94,78.38,689,4,0,0.5601,1.68,0.8371,0,0,10,gaming,upi,0
9893,20.0,41253.31,335.53,1728,4,1,0.1942,0.96,0.8948,0,0,0,grocery,upi,0
9894,51.0,40490.02,113.53,2363,5,0,0.4154,17.05,0.7235,0,0,16,travel,card,0
9895,45.0,30537.18,321.68,3844,1,0,0.1429,25.86,0.6584,0,1,23,electronics,upi,0
9896,62.0,44241.87,56.53,1177,2,0,0.1431,1.39,0.6936,0,0,21,gaming,card,0
9897,63.0,100719.39,424.72,1304,4,0,0.1552,8.77,0.6231,0,0,10,grocery,upi,0
9898,55.0,62918.23,33.18,3210,5,1,0.1016,4.19,0.7838,0,0,13,jewelry,upi,0
9899,55.0,93182.5,672.89,3813,4,0,0.2717,0.19,,0,1,2,fashion,upi,0
9900,57.0,73051.95,111.9,1636,1,1,0.0576,21.36,0.8781,0,0,15,gaming,upi,0
9901,51.0,39275.38,832.24,1402,6,0,0.4093,4.17,0.7684,0,0,10,grocery,card,0
9902,30.0,22204.73,77.67,2864,2,0,0.1288,7.49,0.4823,0,1,21,travel,upi,0
9903,34.0,33034.86,1233.64,3014,3,1,0.2749,5.19,0.773,0,0,12,grocery,wallet,0
9904,60.0,38021.56,69.08,2841,1,0,0.4196,1.21,0.5982,0,0,22,food,wallet,0
9905,53.0,36438.02,29.93,2570,6,0,0.4009,5.18,0.9266,0,0,8,electronics,wallet,0
9906,31.0,94338.95,187.93,569,6,2,0.2877,2.88,0.8557,1,0,15,gaming,card,1
9907,68.0,93799.25,618.28,1070,6,0,0.2643,3.38,0.8081,1,0,21,gaming,card,1
9908,73.0,185650.71,396.92,254,7,0,0.056,0.84,0.9363,0,0,5,gaming,,1
9909,53.0,36135.89,575.9,1577,10,0,0.3094,5.19,0.6945,0,0,4,grocery,card,0
9910,30.0,132413.52,404.83,3372,4,0,0.4328,13.23,0.9649,0,1,3,food,card,0
9911,71.0,,79.26,918,6,1,0.2738,14.99,0.6537,0,0,12,food,net_banking,1
9912,31.0,48404.27,387.37,2812,2,0,0.3147,9.35,0.7832,0,1,8,gaming,net_banking,0
9913,42.0,71363.65,197.51,1700,8,0,0.6262,11.16,0.6094,0,0,4,electronics,net_banking,0
9914,66.0,108824.5,88.52,724,7,0,0.2168,8.25,0.949,0,0,14,electronics,upi,0
9915,47.0,53246.1,215.36,915,1,1,0.191,4.73,0.732,0,0,2,food,card,0
9916,31.0,51025.1,170.14,2729,7,2,0.1992,1.26,0.7436,0,0,1,grocery,upi,1
9917,22.0,38950.73,741.7,3169,5,0,0.2164,9.09,0.8132,0,0,9,grocery,wallet,0
9918,38.0,15018.94,107.56,1337,4,0,0.2975,11.85,0.9103,0,0,0,gaming,card,0
9919,56.0,,102.65,3673,2,0,0.4885,9.81,0.8645,0,0,6,travel,card,0
9920,58.0,37222.19,89.51,255,7,0,0.2629,15.21,0.9548,0,0,10,food,wallet,1
9921,30.0,30444.08,1199.67,2311,6,0,0.2513,12.44,0.897,0,0,12,food,net_banking,0
7490,23.0,30174.34,288.67,1647,5,1,0.2741,3.66,0.9606,0,0,18,food,wallet,1
9923,57.0,24757.08,658.39,3570,2,2,0.2096,4.15,0.7766,0,0,8,food,card,0
9924,27.0,85684.94,64.17,3030,9,0,0.1347,0.25,0.8784,1,0,10,fashion,card,0
9925,21.0,71758.97,298.74,262,4,0,0.4038,2.74,0.9462,0,0,9,travel,upi,0
9926,45.0,,234.03,1581,4,0,0.0428,12.45,0.9362,0,0,23,jewelry,net_banking,0
9927,50.0,53117.82,617.9,2991,7,0,0.027,4.73,0.6721,0,1,0,grocery,card,1
9928,31.0,28580.13,534.5,2193,9,2,0.1382,2.13,0.9864,0,0,13,travel,card,1
9929,30.0,83097.9,195.36,1974,3,0,0.1122,4.38,0.6756,0,1,22,food,card,0
9930,31.0,60970.1,105.2,572,8,0,0.2246,5.5,0.9091,0,0,3,food,card,0
9931,37.0,63519.74,914.08,2295,6,0,0.2263,5.96,0.8288,0,0,13,electronics,card,0
9932,18.0,72484.51,95.2,397,1,0,0.1447,24.14,0.9764,0,0,14,electronics,card,0
9933,18.0,38629.05,18.64,1295,1,0,0.1655,14.68,0.6991,0,0,21,electronics,wallet,0
9934,39.0,23851.6,28.06,979,5,0,0.2435,14.85,0.8703,0,0,3,electronics,upi,0
9935,19.0,93117.14,35.8,2638,1,2,0.1358,17.98,0.4546,0,0,14,,upi,0
9936,36.0,80328.81,326.57,1905,4,0,0.0985,10.5,0.876,0,0,12,grocery,card,0
9937,51.0,40971.87,1648.18,1718,2,1,0.5543,17.63,0.9431,0,0,7,fashion,wallet,0
9938,19.0,68878.48,23.41,3392,2,0,0.2699,24.86,0.8942,0,0,4,fashion,card,0
9939,53.0,109861.29,82.3,1576,1,0,0.1523,12.52,0.6008,0,0,19,electronics,card,0
9940,53.0,102885.7,196.76,3060,2,0,0.2314,22.9,0.6627,0,0,22,gaming,wallet,0
9941,50.0,40319.12,844.26,3555,1,0,0.3569,0.27,0.8455,0,0,5,electronics,card,0
9942,53.0,24252.38,81.86,665,2,0,0.1645,14.54,0.8484,1,0,8,electronics,wallet,0
9943,64.0,26652.02,324.98,2986,4,0,0.1235,3.31,0.6554,0,0,18,travel,wallet,0
9944,22.0,46334.36,140.17,313,4,0,0.3602,0.84,0.623,1,1,23,grocery,upi,1
9945,27.0,122929.08,2440.89,2575,3,1,0.1759,5.27,0.7134,0,0,16,electronics,upi,1
9946,36.0,36843.83,207.99,925,3,0,0.2686,2.46,0.7114,0,0,18,gaming,card,0
9947,57.0,39620.75,256.89,1046,10,2,0.272,2.14,0.7038,0,0,10,fashion,card,1
9948,67.0,39174.74,195.82,3413,2,0,0.2376,5.79,0.8279,0,0,19,electronics,card,0
9949,70.0,41053.71,118.9,770,3,1,0.3292,6.43,0.7375,1,0,14,fashion,net_banking,0
9950,51.0,54661.43,465.37,2077,4,1,0.1229,1.58,0.9359,0,0,20,grocery,card,0
9951,41.0,27202.41,56.48,3130,8,0,0.1813,7.01,0.7852,0,0,10,gaming,upi,0
9952,41.0,99856.2,24.31,3233,2,0,0.3797,24.44,0.9214,0,0,13,jewelry,card,0
9953,21.0,50789.09,154.9,842,3,0,0.0689,3.38,0.929,0,0,12,food,net_banking,0
9954,44.0,215047.13,406.88,1497,4,1,0.1943,3.32,0.7124,0,0,11,gaming,net_banking,0
9955,47.0,28843.05,100.7,2260,4,1,0.1896,16.58,0.5177,0,1,10,grocery,card,0
9956,29.0,131862.48,216.9,2374,1,0,0.5286,2.15,0.7537,0,0,5,grocery,upi,0
9957,61.0,118223.06,53.1,679,0,0,0.0336,0.83,0.683,0,0,3,food,wallet,0
9958,64.0,43855.8,520.93,2391,2,1,0.0788,0.35,0.7646,0,0,9,,net_banking,0
9959,35.0,44258.61,345.46,35,2,0,0.1106,0.82,0.9013,0,0,22,electronics,upi,0
9960,70.0,33135.97,183.59,2518,7,0,0.2731,1.57,0.4649,0,0,23,grocery,card,0
9961,24.0,33345.79,213.08,2951,6,0,0.0899,15.23,0.8862,0,0,13,grocery,upi,0
9962,69.0,54981.67,44.67,1896,4,0,0.1333,4.74,0.8434,0,0,17,fashion,card,0
9963,61.0,55629.63,46.71,1004,1,0,0.0038,15.65,0.5984,0,0,0,gaming,card,0
5615,50.0,49665.93,16.14,596,3,0,0.2218,21.91,0.8493,0,0,16,fashion,wallet,0
9965,55.0,194175.25,300.87,2769,2,0,0.051,7.0,0.8523,0,0,10,grocery,net_banking,0
9966,35.0,47684.14,316.5,1731,5,1,0.2578,35.82,0.9897,0,1,7,food,upi,0
9967,63.0,57021.02,125.21,3717,3,0,0.0744,7.26,0.8436,0,0,15,food,card,0
9968,27.0,38974.31,379.3,3899,4,1,0.2132,12.27,0.8673,0,1,8,travel,wallet,0
9969,31.0,,745.27,1753,5,0,0.4747,14.35,0.7174,0,0,1,food,upi,0
9970,35.0,45173.03,164.73,1110,3,1,0.2386,11.67,0.9253,0,0,18,electronics,card,0
9971,29.0,54911.43,245.33,3254,5,0,0.0328,3.54,0.9307,0,1,1,electronics,card,0
9972,36.0,54560.42,146.22,2907,4,0,0.2354,0.1,0.885,0,1,6,travel,upi,0
9973,52.0,85627.77,158.64,683,6,1,0.2182,3.67,0.7582,1,0,9,fashion,card,0
9974,54.0,62321.36,213.26,3780,7,0,0.132,0.19,0.9088,0,0,18,fashion,upi,0
9975,49.0,,988.53,825,1,2,0.1053,1.45,0.7164,0,1,11,fashion,card,0
9976,28.0,54704.02,449.54,2278,3,0,0.1141,3.98,0.6832,0,0,5,fashion,card,0
9977,29.0,62459.73,410.81,771,2,0,0.1992,2.25,0.8747,0,0,19,fashion,upi,0
9978,70.0,48164.15,114.34,1972,6,0,0.3253,1.29,0.8706,0,0,18,jewelry,card,0
9979,32.0,95492.21,73.32,2510,4,0,0.2321,3.38,0.9073,0,1,12,fashion,card,0
9980,23.0,65678.76,265.73,509,3,0,0.1221,2.41,0.8412,0,0,22,jewelry,card,0
9981,43.0,50420.21,624.34,1059,3,0,0.1293,6.12,0.7643,0,0,6,travel,net_banking,0
9982,18.0,,1008.64,3020,4,1,0.0402,3.61,0.7109,0,0,0,grocery,card,0
9983,37.0,51792.82,15.49,3824,4,0,0.3722,20.25,0.9191,0,0,10,grocery,upi,0
9984,66.0,55928.68,2078.38,3648,2,0,0.0483,0.68,0.8685,0,0,20,jewelry,card,0
9985,33.0,53321.23,273.13,3014,3,0,0.2348,14.38,0.8173,0,0,8,travel,card,1
9986,58.0,40446.1,446.7,3923,6,0,0.0056,28.34,0.8079,0,0,22,fashion,card,0
9987,45.0,83766.11,31.6,684,6,0,0.3023,4.33,0.8083,1,0,6,food,card,0
9988,38.0,86727.84,142.03,830,1,0,0.0513,20.51,0.7096,0,1,3,travel,card,0
9989,55.0,146709.5,409.86,1640,1,0,0.2278,2.5,0.7997,0,0,9,electronics,upi,0
9990,51.0,39461.95,55.6,3682,3,0,0.1998,48.87,0.7791,0,0,3,electronics,upi,0
9991,36.0,79350.48,10.02,3201,4,1,0.1329,22.61,0.9105,0,0,1,travel,card,0
9992,30.0,19246.08,251.76,1499,5,0,0.17,4.97,0.4407,0,0,2,gaming,upi,0
9993,70.0,,171.26,94,1,0,0.1481,5.57,0.7838,0,0,21,electronics,card,0
9994,27.0,24685.43,760.74,2488,3,0,0.1816,12.16,0.6061,0,0,2,jewelry,upi,0
6894,56.0,39289.51,11.53,2687,4,0,0.0407,1.45,0.8832,0,0,3,fashion,card,0
9996,44.0,66026.56,165.05,917,4,0,0.0237,14.54,0.7481,0,0,9,electronics,upi,0
9997,74.0,,361.63,880,3,0,0.376,5.59,0.8832,0,0,5,gaming,card,0
9998,38.0,36242.73,505.97,1016,1,0,0.1169,12.62,0.8042,1,0,17,gaming,card,0
9999,50.0,42126.81,88.61,1296,1,0,0.023,33.34,0.9696,0,0,3,food,wallet,0
10000,53.0,82156.62,462.87,2487,6,0,0.1668,13.16,0.867,1,0,14,electronics,net_banking,0
