Age,Gender,Annual_Income,Employment_Years,Existing_Debt,Credit_History_Years,Num_Credit_Accounts,Late_Payments,Loan_Amount,Credit_Score
34.0,Male,40097,18.4,3535,14.8,3,1,20958,612
38.0,Male,106517,11.2,51623,17.0,5,2,33969,639
25.0,Male,126111,7.0,72888,6.1,6,4,57275,495
38.0,Male,58212,5.1,35693,14.3,5,5,27459,506
39.0,Male,56142,0.9,32303,20.2,3,2,50193,540
42.0,Male,56041,7.8,8163,11.4,6,2,65073,583
40.0,Male,96005,2.2,59643,10.4,5,2,67034,526
36.0,Female,104362,8.4,49652,8.3,6,3,23232,552
34.0,Female,94909,4.2,18312,12.4,10,1,49616,560
63.0,Male,32967,8.1,10077,38.3,7,2,9871,658
23.0,Female,38333,4.9,9306,1.0,7,0,38021,551
21.0,Male,30668,4.6,16476,1.0,3,1,15701,543
43.0,Male,112524,7.2,11701,17.2,4,1,34702,597
43.0,Male,107627,3.2,51761,11.1,3,1,131928,559
48.0,Female,94629,10.9,38371,24.6,8,0,54102,625
30.0,Female,50968,5.0,5542,1.0,6,2,50799,508
34.0,Male,68978,2.3,19096,15.4,3,0,61101,548
33.0,Male,171839,5.3,59998,2.5,6,0,180000,537
45.0,Female,47112,8.8,9558,23.0,2,2,22877,579
35.0,Male,50272,7.3,28153,12.2,6,1,30486,588
51.0,Female,54245,12.0,28457,30.8,4,2,55497,635
39.0,Female,57464,9.5,15558,18.4,4,0,44685,650
,Male,58593,4.1,16060,12.8,2,3,60966,525
48.0,Male,99997,9.0,17494,28.1,7,1,34773,671
56.0,Male,43186,8.3,18098,27.9,4,0,33342,637
30.0,Female,83595,2.1,41209,2.3,7,1,14291,516
41.0,Female,50980,5.0,32118,16.5,3,1,18086,537
43.0,Female,62751,20.2,24664,24.5,5,4,56293,639
48.0,Female,66535,8.0,26908,17.3,8,0,19602,621
43.0,Female,22561,6.5,12737,22.1,3,0,9860,595
25.0,Male,56105,1.7,5562,1.0,10,2,59381,497
32.0,Female,52614,13.8,19819,2.2,3,2,18080,556
46.0,Male,60800,1.9,15443,24.0,2,3,53874,536
35.0,Female,41109,4.6,7373,16.0,5,1,29920,550
38.0,Male,112797,9.1,66503,9.7,6,1,78043,548
41.0,Male,36161,10.5,6616,15.3,3,4,9508,541
46.0,Male,102992,21.3,47119,17.0,8,0,112032,672
44.0,Male,120499,8.9,59585,15.5,7,3,148445,563
47.0,Female,20991,16.4,10024,25.1,10,3,25542,668
41.0,Male,44188,6.9,25542,15.3,5,0,13633,597
46.0,Male,113175,6.3,68300,27.4,7,3,117233,582
32.0,Male,61636,1.8,32473,6.6,3,1,58547,509
27.0,Female,37024,6.5,13813,3.4,7,1,44955,554
39.0,Female,56871,4.8,26621,8.4,4,1,33483,528
35.0,,106165,10.6,55003,14.9,3,2,24900,589
27.0,Male,51711,14.0,23990,4.0,5,1,62322,550
41.0,Female,140655,16.1,47614,20.6,9,2,107126,615
48.0,Female,35633,4.7,17329,16.4,3,0,15729,586
41.0,Male,51378,3.2,19409,17.1,10,2,59989,558
50.0,Female,37077,10.7,14404,21.8,5,0,21276,592
34.0,Male,68632,5.1,13836,11.1,8,1,81803,566
41.0,Male,48827,28.6,22130,21.0,5,2,42576,674
21.0,Male,24383,9.9,15521,1.0,5,0,4172,564
44.0,Female,72191,7.4,22255,19.9,3,0,37284,626
29.0,Female,55285,1.1,31671,5.1,4,1,61871,531
52.0,Male,98926,4.3,55774,24.1,5,3,76208,554
32.0,Male,43872,3.2,7918,4.6,8,0,26733,591
42.0,Male,37418,16.5,5656,18.3,8,1,10679,658
22.0,Male,90701,10.1,48762,1.0,4,1,48610,543
44.0,Female,43483,8.3,12972,13.7,2,0,41354,540
41.0,Female,108225,11.9,18841,14.2,4,2,94980,619
33.0,Male,55505,17.1,7669,10.5,8,4,61899,615
69.0,Male,140136,24.2,14643,40.0,4,1,111658,736
46.0,Male,55971,2.7,23522,25.3,7,2,27367,596
53.0,Male,74549,7.7,30790,23.3,5,2,91810,573
36.0,Male,79347,4.1,48320,8.7,3,0,72768,537
34.0,Female,43084,3.9,4692,10.5,6,2,48836,511
27.0,Male,75668,1.6,44619,4.1,7,4,70035,502
31.0,Female,67796,8.6,40151,5.4,4,1,18736,551
54.0,Male,33016,3.3,7794,29.9,5,2,33759,586
29.0,Female,99115,8.1,54418,6.1,2,0,52508,530
36.0,Male,118392,7.2,52611,16.5,6,4,101277,530
29.0,Male,45839,6.9,15792,1.0,7,0,25308,542
41.0,Female,28915,6.6,13117,19.9,3,0,11405,580
21.0,Female,44561,6.6,27528,1.0,5,1,22819,525
41.0,Male,44821,3.6,28788,17.3,7,1,52779,567
34.0,Female,54485,14.8,18810,3.4,7,1,44817,569
35.0,Male,104445,15.2,67782,4.8,6,0,75720,595
21.0,Male,98233,21.1,28048,1.0,3,3,43337,588
49.0,Female,53439,16.3,12468,29.7,5,2,33206,641
25.0,Male,106446,7.5,49463,6.1,4,3,87477,494
36.0,Female,51094,7.4,8222,5.5,7,0,49445,570
42.0,Male,57143,7.8,8951,17.3,5,2,10830,584
45.0,Male,67423,11.9,24684,15.2,10,1,41660,661
25.0,Male,115320,2.8,34301,1.0,6,2,78566,520
47.0,Female,83319,4.5,53368,25.1,5,4,94625,499
52.0,Female,59592,6.5,22732,28.6,4,3,17755,557
47.0,Female,92523,11.3,18956,23.2,5,2,19174,629
45.0,Female,72807,2.7,20209,14.3,7,0,36721,634
25.0,Male,54834,4.1,31469,3.5,9,3,30667,508
45.0,Female,36485,18.2,14719,24.4,6,4,15530,666
39.0,Male,81177,6.0,41937,12.4,4,1,22829,564
41.0,Female,163861,2.9,91099,11.3,8,1,102237,557
44.0,Male,52199,5.2,31951,25.3,2,3,42964,526
34.0,Female,61071,5.2,25215,2.2,7,0,60930,535
47.0,Male,26680,2.9,3493,23.3,2,0,33173,599
41.0,Male,33192,11.6,16667,11.0,1,1,12531,593
40.0,Male,18000,19.8,6365,16.2,6,2,12479,661
39.0,Male,33020,16.8,9195,14.5,5,3,7552,616
32.0,Female,52717,9.8,26758,13.7,3,1,20767,561
33.0,Male,52542,7.0,13219,6.9,4,0,21787,588
33.0,Female,32492,14.5,9024,13.2,5,0,36194,623
34.0,Male,60034,2.9,21086,14.0,6,1,34601,552
39.0,Male,77200,7.1,28393,13.8,5,3,41918,554
38.0,Female,71048,12.6,32122,13.7,5,0,80934,607
42.0,Female,21147,10.3,12869,11.1,5,1,15762,584
37.0,Female,129229,12.4,40745,17.1,5,2,128129,601
42.0,Female,55728,7.7,23456,24.0,5,1,45094,605
44.0,Male,140295,9.8,49948,16.0,3,1,118625,611
37.0,Male,57864,1.2,19297,15.5,3,3,40876,462
33.0,Male,46787,4.8,6429,10.4,5,2,49203,526
51.0,Female,71247,8.2,25081,23.0,4,2,27478,592
38.0,Female,62988,3.3,23109,17.1,4,2,65598,568
45.0,Female,69068,7.8,25711,15.3,4,1,70902,595
59.0,Female,46389,9.6,17434,39.8,5,1,30822,647
46.0,Female,160736,1.0,19013,20.3,3,0,47276,630
50.0,Female,119136,17.0,52357,24.7,5,0,114395,654
38.0,Male,109064,3.2,69694,8.0,2,1,59789,480
45.0,Male,40316,7.0,20773,19.1,4,0,16705,605
28.0,Male,28131,21.6,13124,4.8,6,0,17790,658
40.0,Male,76883,5.7,27465,14.9,7,5,27084,532
40.0,Female,50873,13.3,31432,17.6,2,1,17879,617
43.0,Male,119710,13.6,10653,23.0,7,0,18933,689
58.0,Female,46779,12.3,23362,26.3,6,1,11718,622
30.0,Male,45014,9.8,17485,1.0,4,2,13200,501
29.0,Female,41824,12.6,16961,11.0,6,0,17596,581
43.0,Male,171627,7.6,58117,16.7,4,1,107959,587
29.0,Male,31317,8.6,20289,6.9,5,0,10612,576
39.0,Female,66562,13.5,38613,11.2,7,0,82112,592
37.0,Male,72987,10.5,41909,16.8,5,5,55129,531
49.0,Male,68088,10.8,13999,22.5,6,0,77785,642
22.0,Female,24929,13.6,9093,1.0,7,2,25173,568
41.0,Male,45776,12.0,10839,18.5,5,3,16564,602
36.0,Male,39463,12.3,10922,11.4,5,3,11708,541
33.0,Male,61025,2.6,22913,2.0,3,2,18523,537
26.0,Female,56042,9.7,9195,5.8,5,1,63461,554
33.0,Male,88371,3.7,48349,14.3,7,1,71253,578
37.0,Male,91350,12.1,37985,7.2,7,1,23858,591
26.0,Female,79917,8.1,21694,7.0,5,1,55016,565
37.0,Male,173503,6.9,62754,18.5,4,1,180000,567
21.0,Female,124586,6.1,18011,1.0,5,0,27986,595
50.0,Female,30253,3.0,14508,18.1,6,2,17580,595
46.0,Female,32236,8.3,4614,22.2,6,2,34445,578
44.0,Male,218457,6.1,61261,24.5,8,2,180000,660
40.0,Male,145860,7.8,58645,20.0,4,0,118535,622
31.0,Female,98761,7.5,62944,4.3,4,0,57636,564
40.0,Female,183598,6.8,52477,11.1,6,0,48435,634
21.0,Female,82630,7.2,41001,1.0,4,0,49056,537
32.0,Male,44061,5.6,21154,8.6,3,2,51927,538
29.0,Male,37727,3.4,12014,9.3,4,1,18700,552
38.0,Male,72695,9.4,30001,19.1,1,0,11737,625
48.0,Male,45548,11.0,27797,17.4,5,4,21720,542
32.0,Male,49061,6.8,19667,9.6,4,3,11718,525
39.0,Female,153225,8.8,67003,16.3,6,3,150974,562
37.0,Female,89998,14.3,33643,11.3,7,0,81041,610
32.0,Male,44923,5.4,18611,9.3,5,0,25891,571
42.0,Female,71783,15.4,46047,18.1,6,0,37014,652
26.0,Female,60807,6.1,34303,4.5,5,4,72722,504
40.0,Female,89071,10.9,46779,20.4,4,1,77367,617
44.0,Male,96588,3.0,17908,16.2,6,1,112960,592
52.0,Female,63777,5.2,10058,30.1,4,1,32832,633
49.0,Male,28211,5.7,4795,27.4,3,1,11769,584
41.0,Female,98485,2.8,14465,19.1,3,2,114570,518
50.0,Male,71875,1.9,29784,26.5,6,2,63163,575
48.0,Female,62473,6.9,18542,21.6,5,2,28534,564
28.0,Male,51974,7.7,20211,1.0,3,3,34063,491
31.0,Female,49509,2.8,4295,1.9,5,3,20473,441
35.0,Male,95458,5.8,21683,6.0,8,2,67031,595
22.0,Female,33362,6.0,10765,1.0,4,3,11981,501
32.0,Female,129093,4.9,57072,10.2,4,1,74427,572
33.0,Male,111828,2.1,41350,14.2,5,1,90437,560
40.0,Male,80126,13.0,39925,16.8,7,0,98657,618
55.0,Male,63566,3.5,17838,30.8,4,0,12591,594
40.0,Female,48017,8.1,17027,21.4,4,2,44323,566
42.0,Female,85361,6.8,18071,18.0,7,0,53652,649
27.0,Male,99238,0.9,20781,3.7,6,4,119332,499
36.0,Female,135576,9.2,69354,12.6,5,1,68375,574
40.0,Male,120933,4.5,64730,14.0,4,3,46670,527
28.0,Male,24524,3.7,5991,2.4,2,2,26520,469
33.0,Female,48466,7.7,9972,2.1,3,0,19857,586
36.0,Male,111239,4.3,70435,5.5,4,0,118692,500
42.0,Female,80760,9.4,28964,13.6,8,1,82056,631
42.0,Male,25588,5.1,2057,16.2,3,2,31135,593
24.0,Female,109758,5.1,48633,3.4,5,0,115627,530
51.0,Male,222769,15.1,120000,19.8,7,1,103827,655
21.0,Male,94982,6.7,60079,1.0,3,0,35431,574
21.0,Male,21256,24.7,13197,1.0,6,2,22321,608
44.0,Female,65878,5.8,17062,13.0,5,0,15948,607
47.0,Female,50071,18.2,6721,20.1,6,1,27491,638
41.0,Male,44665,6.2,24244,13.3,4,1,11442,555
21.0,Male,52757,5.6,17374,1.0,7,3,61674,473
23.0,Male,52602,4.0,19811,1.0,8,1,13904,587
35.0,Male,54725,21.3,5200,12.3,4,2,18648,634
64.0,Female,121553,3.6,53527,40.0,6,2,102813,624
28.0,Female,149354,13.9,94419,2.9,6,0,59870,572
44.0,Female,64512,1.2,22263,21.0,9,1,54185,564
30.0,Male,43725,5.6,20891,9.3,2,2,52159,479
39.0,Female,54030,15.6,19088,12.4,9,0,47239,627
41.0,Male,90994,9.3,30742,19.0,4,2,109654,582
38.0,Female,43814,7.3,13795,9.5,4,1,25369,548
37.0,Female,21117,11.2,10062,7.9,3,3,25678,513
39.0,Male,77777,10.6,35788,10.7,1,1,15399,608
61.0,Male,54277,5.3,4422,38.7,6,0,11537,683
46.0,Male,40273,27.2,8088,27.4,5,2,13282,706
45.0,Female,53825,3.7,25837,25.4,7,1,14064,614
29.0,Male,54504,6.5,8477,9.9,5,2,13558,587
36.0,Male,70278,8.3,12241,15.8,3,0,33356,565
44.0,Female,219701,6.7,79973,19.1,5,3,72301,558
31.0,Female,32728,8.1,21194,1.0,5,0,10898,568
54.0,Male,33331,8.2,16642,33.0,7,1,18235,675
66.0,Female,24653,2.8,12311,39.9,3,2,4997,599
50.0,Female,57461,6.3,9290,25.0,5,0,18371,602
39.0,Female,148139,3.7,70992,20.4,4,0,92761,590
24.0,Male,92701,13.4,45068,1.7,7,1,51727,579
24.0,Female,53375,14.7,13161,1.0,3,2,51064,577
26.0,Female,33245,5.0,9726,4.2,7,0,21781,550
38.0,Male,86514,4.8,31797,13.7,3,2,52544,551
37.0,Female,31586,19.1,20065,18.1,1,2,27563,595
47.0,Male,45427,11.3,28725,27.4,8,2,9459,619
70.0,Male,106350,3.3,39075,40.0,9,1,119773,652
50.0,Male,105090,10.4,8595,21.5,6,1,55656,605
36.0,Female,88981,10.3,44615,9.6,5,1,47953,619
55.0,Female,25361,1.8,2402,30.6,2,3,14358,566
38.0,Female,62799,3.5,29534,19.5,5,1,14427,553
27.0,Male,121598,6.2,75985,1.0,4,2,21663,507
33.0,Female,105574,5.4,42796,10.3,7,2,42859,590
38.0,Male,60019,4.5,33467,15.7,4,1,65636,566
29.0,Male,54264,5.2,25580,7.4,9,2,49141,580
24.0,Male,36594,5.7,9405,1.0,4,4,45593,474
34.0,Male,44018,7.6,26676,8.3,6,0,20764,602
52.0,Female,70983,11.6,20550,33.7,4,3,14888,638
32.0,Male,154850,8.0,68838,4.3,5,1,117544,567
44.0,Male,47809,5.6,19117,20.6,5,3,44869,604
32.0,Male,103541,3.8,45570,5.5,3,1,128549,510
36.0,Female,127049,11.6,73591,16.5,6,4,114576,513
32.0,Male,36014,7.8,7748,12.8,4,1,31804,578
37.0,Male,81082,13.3,40041,8.3,4,0,27889,601
31.0,Male,32556,10.4,16083,9.9,5,1,18514,587
52.0,Male,26899,10.2,5223,25.8,6,2,25800,621
47.0,Male,40390,2.0,9572,23.5,5,1,20878,575
56.0,Male,94252,9.0,50891,27.7,4,1,44887,591
29.0,Male,23158,6.7,3484,4.6,5,2,11836,542
40.0,Female,73493,0.8,23825,18.9,4,0,62698,529
39.0,Female,108384,7.7,56751,12.9,2,1,84152,573
58.0,Female,51358,1.0,20762,39.4,7,0,21151,659
21.0,Female,27540,9.1,9055,1.0,5,0,10069,572
28.0,Male,64379,7.5,13419,1.0,7,2,22074,522
32.0,Female,142156,9.8,28897,3.8,6,1,105768,590
34.0,Male,30136,4.4,8409,4.3,5,4,5458,540
58.0,Female,60678,1.3,9592,37.2,8,1,31638,632
37.0,Female,40041,8.8,9756,7.4,4,2,49662,569
27.0,Male,32901,5.6,13339,1.0,7,0,32676,550
44.0,Male,79578,7.3,8688,22.9,5,1,93226,562
24.0,Male,44081,5.9,12805,1.0,5,0,50640,561
35.0,Male,83409,19.8,44756,12.2,4,0,79175,628
29.0,Female,31598,7.9,4064,1.0,6,3,37997,544
54.0,Male,46716,6.2,7482,32.1,8,1,22126,648
51.0,Male,37251,14.7,14595,22.9,12,1,43809,647
39.0,Male,53177,3.8,21319,12.6,4,1,8914,517
36.0,Female,150989,22.9,36105,5.2,7,0,67256,668
45.0,Male,77693,9.5,45666,22.9,3,1,94695,560
45.0,Male,52455,7.0,31410,26.5,7,1,57802,627
47.0,Female,62299,14.8,15117,20.3,6,0,12691,630
28.0,Male,53725,9.0,33970,1.0,5,0,54749,497
50.0,Male,81598,2.5,10342,20.9,6,0,47096,627
36.0,Male,53762,5.2,28403,17.6,5,1,26705,557
38.0,Male,38322,21.6,13628,16.6,4,2,30507,641
43.0,Male,106111,28.7,52018,12.6,5,0,36036,646
62.0,Male,62090,14.0,8976,37.3,4,2,10504,654
43.0,Male,91953,18.7,49595,22.2,9,2,91693,671
40.0,Female,61855,5.7,33774,13.1,5,4,65226,523
51.0,Male,85121,28.4,10018,21.0,5,6,32511,687
56.0,Female,49669,15.4,3990,36.4,2,2,43786,665
27.0,Male,55040,18.9,4750,6.7,5,4,62223,588
46.0,Male,68023,12.5,26789,14.9,6,1,54919,617
43.0,Female,52107,11.8,29822,13.9,7,0,14685,628
28.0,Female,72345,4.2,33070,1.0,3,2,40016,499
33.0,Male,57145,12.3,23480,2.2,3,1,17959,551
21.0,Female,22869,1.6,12321,1.3,10,1,21745,562
31.0,Female,56650,2.7,28021,6.3,4,1,14802,539
35.0,Male,81670,17.9,41902,4.0,2,0,98160,587
49.0,Female,38586,3.6,23400,29.8,4,2,31958,596
49.0,Male,128278,13.0,29079,23.3,2,1,121755,596
52.0,Female,97836,9.8,19007,25.1,4,6,48998,588
31.0,Male,77567,1.9,7942,2.4,5,1,47972,555
44.0,Male,36953,4.1,13325,12.1,6,2,7302,532
50.0,Female,137349,17.5,54423,20.5,5,1,117759,598
50.0,Male,129398,4.8,17641,28.4,2,0,147036,623
52.0,Male,43038,16.3,27974,32.3,3,0,26745,636
41.0,Male,118365,7.3,56561,18.7,6,1,126995,565
29.0,Male,42084,4.3,9506,8.0,6,1,41402,535
,Female,104878,16.0,12773,10.7,3,0,122280,587
41.0,Female,74391,16.9,45895,9.9,4,3,77865,601
44.0,Male,34305,9.5,21870,24.0,5,0,26902,664
31.0,Female,70796,5.5,34626,1.0,6,1,37201,514
56.0,Female,52711,5.4,8726,36.7,2,1,36717,611
54.0,Male,22236,3.6,12615,31.2,6,2,17018,588
43.0,Male,82584,2.1,33157,14.0,7,2,73672,547
55.0,Male,63681,10.9,23479,25.9,7,2,23310,665
27.0,Female,23398,17.0,14031,3.8,3,0,4106,602
21.0,Male,41478,4.7,16824,1.0,3,1,7921,527
36.0,Male,66823,7.1,32284,17.4,5,1,68560,568
35.0,Male,122761,5.0,15277,5.4,4,2,48068,578
56.0,Female,76195,2.5,9826,33.2,5,2,75162,597
21.0,Female,102235,2.0,44169,1.0,4,2,122293,461
32.0,Male,64246,7.0,16871,2.0,4,2,67346,556
36.0,Male,34593,11.2,5499,13.1,5,0,34099,599
50.0,Female,125720,10.9,64712,30.3,6,2,127650,606
63.0,Male,76730,12.8,25332,33.1,3,2,11532,622
34.0,Female,76477,6.0,25187,6.1,5,2,61483,519
29.0,Male,18000,10.3,2068,1.0,5,1,7396,580
21.0,Female,219240,13.9,56955,1.0,4,2,37311,621
21.0,Male,110839,8.9,41724,1.0,2,1,40435,534
29.0,Female,52643,27.2,27664,6.6,6,1,59696,654
38.0,Male,45525,5.0,8558,11.4,5,3,11596,525
29.0,Male,90016,4.2,45631,5.3,8,0,70262,535
54.0,Male,121742,17.7,73649,34.7,3,2,95444,661
50.0,Female,51207,10.5,12726,31.2,5,3,26093,650
22.0,Male,77793,13.1,28294,3.8,5,0,43285,597
21.0,Female,40584,6.5,17397,1.0,4,1,29288,522
57.0,Female,47794,4.2,4753,34.6,4,2,48842,615
21.0,Female,42977,8.2,17227,1.0,6,1,16451,550
41.0,Female,82216,10.0,48599,21.2,5,1,35094,615
42.0,Male,77337,8.1,30083,23.8,6,4,92222,548
35.0,Female,34928,6.4,11231,6.5,11,2,6556,579
21.0,Male,76601,2.7,10357,1.0,3,3,18153,514
35.0,Male,63096,8.1,37103,10.8,2,1,34622,561
26.0,Male,28966,10.5,3705,5.7,4,0,20338,587
43.0,Female,58850,13.1,6878,22.8,4,1,38568,627
57.0,Male,29633,3.3,9555,28.3,9,0,14874,638
45.0,Female,18000,6.9,6452,14.5,3,2,8128,555
45.0,Male,62103,9.1,16577,18.2,5,1,51646,594
56.0,Female,67391,3.1,17797,37.3,3,1,28462,605
49.0,Male,35042,7.6,7842,21.0,5,3,33721,550
45.0,Female,88475,8.9,37335,19.0,4,1,68306,579
44.0,Male,113289,8.8,57730,14.0,1,2,141610,504
45.0,Male,55158,2.1,22024,19.3,5,2,27120,559
52.0,Male,68170,11.3,24147,25.3,3,1,29847,620
56.0,Male,134921,1.4,84269,35.8,3,2,23459,602
34.0,Male,54140,13.6,16970,14.7,4,1,46181,632
37.0,Male,41746,0.9,13731,12.7,5,1,50115,578
40.0,Male,114788,20.6,50574,9.1,8,0,108330,618
35.0,Female,57863,5.2,13443,7.8,1,0,47974,525
46.0,Female,196869,8.1,38351,20.9,4,1,148008,603
42.0,Female,76085,12.2,39017,16.6,9,2,59213,574
40.0,Male,76055,3.5,33330,21.0,4,4,40084,515
41.0,Female,104330,11.5,49933,12.9,6,0,58982,552
60.0,Female,98726,7.9,21101,33.0,8,1,104454,654
29.0,Male,104415,9.5,38572,5.3,6,3,31893,529
33.0,Male,72710,6.8,23193,5.4,4,0,89831,580
49.0,Male,85967,8.8,37144,19.0,6,0,58157,584
40.0,Male,51522,10.2,20033,13.4,7,2,25792,595
44.0,Female,119534,4.4,38722,22.7,4,3,128012,598
56.0,Male,45820,4.2,10050,29.3,4,2,22820,573
38.0,Female,93944,1.1,18650,17.5,7,3,112490,491
57.0,Female,32908,13.7,13390,28.4,4,0,12066,639
44.0,Female,101945,26.0,46060,17.3,5,2,120774,611
30.0,Male,52864,8.5,26875,1.4,5,1,30840,535
30.0,Female,52056,7.1,21860,9.1,9,2,62839,566
33.0,Male,88583,5.9,44850,6.5,7,0,104888,562
21.0,Female,168988,5.0,48774,1.0,5,1,98663,577
25.0,Female,83789,3.6,38219,5.6,8,1,36687,543
35.0,Male,68071,9.1,15741,8.4,4,0,70411,551
61.0,Male,57961,3.3,18037,40.0,5,0,37941,627
39.0,Female,43330,4.5,15591,7.6,9,1,45897,581
33.0,Male,42445,5.4,20715,6.7,6,0,21662,569
42.0,Male,140360,7.8,82992,19.7,5,2,127944,535
41.0,Female,75852,3.4,22038,19.5,3,0,65353,565
70.0,Female,66324,9.3,26972,40.0,3,0,81732,688
40.0,Female,67764,6.7,9575,16.8,5,0,29137,609
54.0,Female,86135,3.7,49827,31.6,6,3,36299,614
38.0,Male,42721,0.7,24806,17.6,6,3,35186,495
41.0,Female,136688,12.6,15519,17.7,8,2,106228,640
23.0,Female,172521,6.2,54596,2.9,3,1,180000,529
32.0,Male,71039,12.9,22846,10.6,2,1,24862,606
28.0,Female,42733,6.2,12919,6.8,5,1,22330,583
46.0,Female,115703,9.3,20149,18.4,5,0,36517,661
39.0,Male,19415,7.4,9074,16.9,5,0,11200,640
53.0,Male,47859,12.2,8554,32.2,2,1,35903,694
32.0,Female,37144,7.2,21030,2.9,4,3,35505,529
47.0,Female,18804,5.8,9232,25.0,5,0,19610,597
41.0,Male,57314,8.3,31501,19.6,3,1,59152,579
42.0,Female,60956,5.5,25318,20.5,4,1,75677,613
29.0,Female,47983,5.4,4604,1.0,8,3,43517,513
36.0,Male,71921,8.1,8780,4.6,6,2,50901,530
22.0,Male,61318,3.8,30911,1.0,6,1,9872,536
33.0,Male,63291,6.2,20960,12.9,3,0,56397,603
21.0,Male,35662,2.3,20295,1.0,5,1,13962,529
47.0,Female,34529,5.7,12936,15.9,3,3,7628,509
46.0,Female,50371,10.1,23934,17.7,6,0,54136,600
38.0,Male,60678,3.6,31223,11.0,7,2,72257,508
38.0,Male,64630,14.8,39810,14.0,9,0,49860,611
59.0,Male,63104,8.8,5711,29.6,9,1,48622,612
43.0,Female,47340,4.5,22352,22.4,5,1,45002,605
34.0,Male,65241,10.3,5396,4.8,7,1,18018,596
42.0,Male,53450,26.0,30218,12.3,10,0,42374,687
44.0,Female,73215,9.3,28446,20.8,8,0,75337,598
50.0,Male,52045,3.9,15203,28.3,7,2,30411,595
29.0,Male,50122,10.3,8194,1.0,3,1,22788,555
31.0,Female,40762,3.5,13509,4.5,5,1,15913,556
36.0,Female,26539,6.5,9765,7.3,3,2,28782,500
47.0,Female,40393,4.7,20013,26.6,6,0,50164,654
43.0,Female,36760,2.2,11165,24.3,3,2,38948,561
28.0,Female,34715,7.9,11845,2.1,5,1,10999,573
44.0,Female,99241,3.2,48861,14.7,4,1,56602,583
30.0,Female,35556,7.8,13276,1.0,7,2,39815,517
32.0,Female,84754,13.9,42968,9.0,4,2,28419,579
48.0,Male,49330,5.0,20964,24.4,5,2,45106,535
38.0,Female,47935,16.9,16587,6.1,8,0,27044,648
41.0,Female,197432,7.4,86460,18.8,6,1,151616,567
37.0,Male,39857,6.7,4671,17.1,4,2,49507,544
36.0,Female,57366,1.5,24333,5.0,5,6,60233,484
21.0,Female,93024,13.3,14584,1.0,4,1,116187,578
22.0,Female,92756,3.8,19492,1.0,3,0,81260,470
43.0,Male,89441,10.4,10948,22.6,4,2,44180,597
37.0,Male,69056,5.7,36828,10.0,6,0,30853,562
46.0,Male,82860,4.8,29947,27.0,6,2,20734,592
40.0,Male,90679,3.2,56496,17.4,4,1,39324,542
42.0,Female,33142,8.5,5447,23.8,5,2,7074,621
45.0,Female,91653,4.5,50202,21.3,2,3,97950,518
33.0,Female,21947,7.0,11890,8.3,6,2,14279,566
56.0,Female,39028,8.8,19660,32.1,3,0,44876,627
58.0,Male,86962,7.4,33870,38.6,5,1,27689,644
31.0,Male,30865,4.1,11468,2.1,5,1,11669,576
53.0,Male,78223,4.3,41031,27.5,4,2,49589,585
36.0,Male,71579,2.0,14032,12.3,5,3,53657,535
45.0,Male,51806,7.8,8441,24.2,7,2,36715,604
21.0,Female,50329,4.2,27491,1.0,3,2,25523,507
21.0,Male,56020,1.7,15108,1.0,5,2,60591,519
46.0,Male,62814,7.3,16228,24.6,3,1,46384,605
46.0,Female,103181,7.6,20880,15.4,5,1,33980,611
49.0,Female,75785,3.5,45239,28.6,4,0,29084,651
34.0,Male,25498,3.0,6664,6.5,4,1,5307,524
31.0,Male,64052,5.4,10128,1.1,8,1,25708,583
32.0,Male,27745,9.3,3956,10.5,3,5,13796,553
42.0,Female,59566,21.5,28739,14.6,6,2,17641,635
33.0,Male,109704,3.4,61726,5.9,5,3,45808,518
29.0,Female,33586,3.0,21478,5.3,4,2,38535,491
57.0,Male,64084,9.3,28452,25.7,3,1,78018,607
31.0,Male,80509,6.2,43346,1.4,1,1,28411,536
56.0,Male,40475,3.3,25520,25.5,2,1,34670,553
59.0,Male,55243,2.8,25331,33.8,8,1,15270,652
61.0,Female,32405,10.6,3548,35.1,3,1,27380,646
44.0,Male,114083,10.3,14812,16.3,2,1,56531,603
47.0,Male,46940,7.1,11235,19.2,6,1,33932,606
43.0,Male,39167,3.0,11682,15.0,6,1,12412,558
25.0,Male,27478,3.2,4881,1.0,7,3,7292,496
43.0,Female,29134,4.5,10199,11.4,4,1,6368,560
48.0,Male,43058,2.4,21754,26.6,1,2,28939,562
37.0,Male,54875,2.5,26795,6.4,11,3,45371,531
43.0,Female,249475,4.7,120000,14.9,11,2,180000,581
41.0,Female,71336,2.9,16118,17.9,3,0,41424,599
31.0,Female,85480,3.3,7846,6.0,4,0,65498,545
36.0,Male,28258,5.6,6900,6.3,5,2,17385,541
43.0,Female,51877,3.2,6071,15.9,4,0,62255,539
49.0,Male,193953,11.4,28535,22.1,6,1,180000,657
49.0,Male,99503,10.9,40155,26.1,4,3,45518,596
41.0,Female,72667,4.1,26196,17.2,2,3,84334,512
21.0,Female,56903,4.5,6368,1.0,5,2,61321,515
54.0,Female,108728,2.9,24931,23.6,5,5,90869,540
47.0,Male,71667,3.6,10266,22.0,3,2,55698,572
30.0,Female,60048,12.7,6232,9.8,4,0,30729,623
44.0,Male,43443,9.8,10593,13.7,4,5,22709,579
42.0,Male,54250,5.9,29910,23.6,6,1,67300,630
31.0,Male,46635,23.3,17098,12.3,6,2,26223,628
24.0,Female,50442,11.0,11356,3.8,10,1,36741,585
22.0,Female,67971,10.0,30770,1.0,8,1,12920,558
47.0,Male,49465,4.8,19132,17.4,4,1,42042,573
51.0,Female,162034,4.6,23121,29.9,4,1,38135,634
47.0,Male,81810,10.6,41406,15.9,12,1,96648,618
29.0,Female,39626,9.3,22688,3.1,4,3,19506,551
67.0,Male,38928,18.8,20843,40.0,3,2,21297,684
24.0,Female,58796,9.0,29443,2.2,3,1,67260,510
47.0,Female,46869,4.6,16921,23.6,2,1,20469,597
51.0,Female,23391,8.1,2124,22.8,5,0,26972,620
28.0,Male,53912,5.4,10587,1.0,8,0,58625,592
49.0,Male,57080,12.4,28333,24.2,5,1,36035,647
47.0,Female,43993,19.7,20307,24.9,5,3,28410,635
55.0,Female,80833,14.9,10513,25.5,2,2,41364,654
45.0,Male,55728,2.9,27257,26.5,6,2,45570,631
32.0,Male,57747,16.6,27768,3.2,5,0,56986,591
68.0,Male,75469,7.2,34174,37.6,3,2,44067,659
34.0,Male,53233,6.6,28718,6.0,4,2,64487,541
36.0,Female,157944,4.1,46253,16.0,6,1,134049,592
47.0,Female,25732,7.3,5124,21.6,2,1,11025,600
30.0,Male,29644,5.0,16732,6.0,10,0,17686,575
45.0,Female,178041,6.1,45327,22.3,4,4,29958,584
30.0,Male,115296,13.7,58126,9.6,7,0,76400,567
37.0,Male,46444,3.4,23512,5.3,5,0,49132,554
35.0,Male,99903,4.7,15880,9.2,3,3,106214,509
45.0,Female,84414,1.6,31866,22.9,2,2,49779,542
58.0,Female,24462,10.1,5686,39.5,7,0,4300,688
42.0,Male,70816,11.1,16174,23.1,11,1,27094,665
25.0,Male,138447,21.6,41065,1.5,8,4,118431,601
69.0,Female,139801,8.5,85349,40.0,4,2,67203,625
39.0,Male,77299,20.4,17340,10.1,3,0,50788,615
42.0,Female,38005,17.3,7502,18.0,3,3,37293,614
22.0,Female,102344,7.7,28362,1.0,3,1,66473,518
44.0,Female,33494,2.6,18045,24.3,6,1,23971,568
22.0,Female,114737,6.8,37347,1.0,7,2,17305,554
47.0,Female,33060,7.9,7063,27.5,5,4,41320,560
51.0,Male,206402,4.1,82875,24.2,2,1,180000,543
48.0,Male,44155,13.3,7884,23.6,6,2,27995,635
35.0,Male,48353,10.2,19918,9.5,8,2,41966,576
39.0,Female,99545,4.0,17869,10.2,3,5,28701,505
35.0,Female,61287,6.1,12010,15.6,3,1,42369,615
50.0,Female,90656,9.6,15719,31.8,4,1,38578,650
38.0,Male,63459,11.4,36490,17.8,6,0,73281,554
48.0,Male,98873,2.5,59891,26.9,3,3,113203,534
47.0,,64622,2.5,15082,16.3,12,0,18474,617
39.0,Male,216191,3.0,65395,17.1,4,1,180000,574
26.0,Male,73022,2.4,11115,1.0,3,1,72653,507
27.0,Male,36605,16.0,16344,7.8,7,2,7279,612
21.0,Male,33069,6.3,8693,1.0,7,1,11038,518
25.0,Male,34161,7.1,13339,1.0,5,1,41689,522
37.0,Female,58075,2.4,15586,10.2,3,1,29462,547
70.0,Male,53313,11.3,32737,40.0,9,1,37165,664
40.0,Male,63020,15.0,23177,21.5,5,2,10221,640
47.0,Female,44556,1.8,21766,22.5,4,2,41330,541
40.0,Female,165243,13.0,81743,13.3,4,1,45696,586
37.0,Female,38233,15.7,20528,16.6,2,3,23750,608
32.0,Female,131633,11.1,46357,4.5,6,1,131209,609
36.0,Female,145539,2.0,56554,11.8,3,1,132988,495
21.0,Female,52271,13.9,9193,1.0,8,1,56264,620
43.0,Male,81458,17.0,19794,23.0,11,0,44711,687
26.0,Male,86340,4.5,18025,2.6,6,3,28645,558
46.0,Male,36209,0.9,8318,19.7,3,0,37038,548
49.0,Female,85633,12.2,8467,27.3,7,3,103140,622
32.0,Male,74680,6.5,14107,1.0,7,1,69194,584
42.0,Female,84612,5.8,12207,12.8,4,2,13756,588
22.0,Male,22346,7.9,14282,1.0,6,2,22971,519
33.0,Female,93577,4.0,59057,14.7,4,2,78457,493
21.0,Female,45416,2.8,9702,1.0,6,2,15012,511
29.0,Female,137751,14.7,32217,2.7,5,2,91374,588
48.0,Male,69800,7.3,44872,25.3,4,2,53680,545
48.0,Female,30928,1.8,18791,21.6,4,3,38118,557
50.0,Male,154443,12.9,100091,20.8,10,3,60607,612
27.0,Male,50794,5.4,21676,8.8,3,1,48773,515
32.0,Female,78199,15.4,33563,1.0,4,6,24297,501
51.0,Female,48756,10.4,11747,25.4,5,2,32210,614
21.0,Female,36336,3.2,22911,1.0,2,1,15945,548
43.0,Female,59466,8.7,27209,14.8,6,3,39937,558
38.0,Male,109332,3.5,46852,17.8,5,0,125724,573
27.0,Male,99005,12.3,8666,8.2,10,1,108917,606
48.0,Male,52558,10.5,21410,30.0,4,4,10475,613
36.0,Female,19305,8.0,7472,7.5,3,1,17661,574
21.0,Female,47638,21.4,19376,1.7,6,0,11134,663
37.0,Female,56898,7.6,15989,5.7,8,1,13917,608
57.0,Male,91606,18.4,24460,31.6,7,3,84781,632
62.0,Male,90537,6.7,30205,40.0,3,1,87895,633
40.0,Male,32346,4.0,7856,15.9,3,3,6353,536
33.0,Female,76217,2.8,24305,1.2,10,1,87884,546
42.0,Male,107595,5.1,15906,14.1,4,3,95276,518
57.0,Male,85608,5.8,16844,29.8,7,1,49094,627
38.0,Male,26370,3.6,10389,14.4,4,1,18679,577
37.0,Male,69832,10.4,40705,5.4,2,0,39902,549
52.0,Male,154869,7.2,64832,33.4,5,1,48924,629
50.0,Male,43585,6.3,21451,28.9,7,0,53991,656
35.0,Male,46091,4.4,17827,9.9,6,1,26967,559
47.0,Female,30116,11.3,2896,20.3,3,0,31268,603
57.0,Female,81638,10.0,49307,26.5,4,0,67072,588
37.0,Female,87234,4.3,46765,8.6,9,2,90566,538
38.0,Female,138519,4.2,31722,18.9,6,1,153906,612
60.0,Male,52053,11.4,11729,36.2,3,3,55130,616
31.0,Female,72352,6.3,25337,10.9,4,2,65819,513
49.0,Male,91993,12.5,32821,22.7,4,1,84968,639
46.0,Male,143062,7.4,60735,26.1,5,0,138290,565
26.0,Male,89953,8.1,21910,6.3,3,2,82712,542
49.0,Male,145121,7.1,54546,18.8,8,1,136022,604
39.0,Female,102586,5.3,25310,20.1,5,0,30410,619
40.0,Male,83578,4.1,37345,11.7,4,3,74089,516
51.0,Female,120026,7.0,27175,24.3,6,1,52873,591
48.0,Male,55060,4.7,22690,27.7,7,1,50202,577
50.0,Female,285013,4.0,92490,24.9,3,5,180000,557
37.0,Male,40208,5.0,13243,14.5,7,0,43130,571
47.0,Male,74086,2.2,19944,19.8,6,3,47673,559
54.0,Female,97340,5.5,11969,33.6,5,1,50990,677
38.0,Female,108309,4.8,44630,8.8,3,4,110415,482
40.0,Female,87645,5.8,53746,8.2,7,1,15686,561
37.0,Female,69528,4.3,40334,8.7,4,2,83732,521
34.0,Male,93948,8.3,22416,10.6,3,1,99435,560
48.0,Female,146343,10.2,76172,24.2,6,1,82058,623
38.0,Male,85810,8.1,20135,10.0,3,1,76168,551
42.0,Male,28293,9.4,16188,16.1,5,1,12106,588
30.0,Male,90906,8.4,40989,3.7,4,1,29970,588
41.0,Male,54219,6.1,17203,18.1,5,1,47149,587
31.0,Male,97468,4.8,35074,1.0,5,0,38705,585
31.0,Female,55174,11.0,10947,1.0,4,3,13565,582
25.0,Male,103453,8.0,12523,1.0,7,2,40714,567
49.0,Female,56303,5.1,26445,27.9,8,1,50548,628
40.0,Female,45524,5.0,5665,22.0,5,2,19212,600
36.0,Male,41801,14.7,9245,17.2,13,2,11702,636
42.0,Male,125932,4.9,26978,12.7,6,1,25999,628
35.0,Male,132683,2.7,12672,7.8,5,1,156081,571
26.0,Female,87339,5.5,19092,1.0,4,2,67328,542
47.0,Male,81746,3.1,19933,28.2,4,0,44877,613
28.0,Male,53237,2.6,8243,2.5,6,2,13027,528
46.0,Female,75480,10.9,36400,16.0,3,4,59226,517
40.0,Male,38974,2.8,6763,18.2,4,1,48093,540
35.0,Male,59412,11.6,23906,13.9,4,1,52510,567
21.0,Male,45926,3.2,18034,1.0,3,0,42872,506
54.0,Male,62687,7.8,18452,32.4,6,2,39005,661
35.0,Male,76909,7.6,36796,5.1,3,0,60522,558
32.0,Male,86015,3.3,15416,1.9,8,1,29056,564
35.0,Male,60042,5.8,28005,10.7,6,1,25132,593
36.0,Male,68593,3.8,14804,13.3,4,3,10792,548
43.0,Female,136556,3.9,79828,17.9,4,0,55771,554
32.0,Male,42194,10.9,17111,8.6,1,3,13455,517
51.0,Male,70542,3.1,21366,22.6,4,1,76786,610
49.0,Female,60076,3.4,27809,25.2,3,2,18834,546
37.0,Male,20444,14.0,12394,14.5,5,1,11686,601
32.0,Female,35062,10.6,9201,5.7,7,2,14308,566
40.0,Female,59927,1.7,14676,12.3,7,1,16461,553
34.0,Male,134156,16.3,45286,8.8,4,3,161182,547
32.0,Male,82541,3.0,11982,1.6,6,0,58284,545
29.0,Male,35110,7.5,15796,1.0,7,0,23806,532
37.0,Female,114196,2.9,20843,6.2,5,1,126316,553
42.0,Female,36584,11.2,6544,14.7,5,1,45366,593
46.0,Male,57486,11.5,26480,25.6,6,4,65821,585
39.0,Female,60270,3.1,33553,15.2,4,1,58507,546
43.0,Male,48870,4.4,30311,13.4,3,1,45330,546
39.0,Male,89781,5.7,41110,15.7,2,0,55427,597
41.0,Male,135110,10.7,32085,10.3,6,0,117132,607
49.0,Female,116819,9.7,45527,30.0,4,4,129152,585
35.0,Male,53224,3.9,5705,14.0,4,2,47332,554
35.0,Male,86836,7.5,14372,16.6,7,0,99200,584
43.0,Male,33007,10.0,2894,13.9,5,1,5294,566
42.0,Male,24888,16.0,13740,11.9,7,0,27736,627
,Male,80075,15.6,30534,30.5,4,1,27073,672
35.0,Female,71026,9.0,28629,6.5,2,0,15961,565
34.0,Male,40690,10.5,11021,9.8,8,1,7772,615
62.0,Female,81418,1.8,17764,38.5,4,0,17498,631
28.0,Male,64499,3.6,32045,7.8,3,0,66886,527
47.0,Female,61673,29.6,29405,15.9,7,0,74675,693
25.0,Male,223938,5.0,37107,1.0,4,2,68315,577
34.0,Male,37703,4.1,14972,4.8,6,1,17659,551
38.0,Female,37514,7.8,14342,15.1,4,1,41499,555
51.0,Male,65918,5.1,32469,25.4,7,0,22040,628
49.0,Male,74730,5.6,31367,17.0,6,3,43121,556
54.0,Female,72906,14.7,10245,34.8,4,2,56440,658
49.0,Male,93717,14.6,29877,30.9,4,3,111390,600
42.0,,81834,18.1,24941,18.1,4,1,52160,695
22.0,Female,102331,9.2,48989,1.0,9,1,92465,568
36.0,Male,118010,3.4,65695,12.5,6,0,125737,549
34.0,Male,137362,5.4,22498,5.2,9,2,166995,498
27.0,Male,77467,4.8,27735,1.0,6,2,57114,517
40.0,Male,83152,5.9,26026,14.8,6,0,51924,560
28.0,Male,66448,8.4,27506,1.0,8,1,24760,575
31.0,Female,26121,8.9,8457,1.0,3,1,9338,596
26.0,Female,37734,8.1,6964,1.0,7,1,11545,559
21.0,Female,64808,9.7,20113,1.0,7,4,51390,505
34.0,Female,39897,9.3,20608,5.1,6,1,20803,553
43.0,Male,93870,5.2,12578,14.2,2,0,109338,549
58.0,Male,25217,14.0,7779,32.2,4,2,4764,622
50.0,Female,39128,2.2,15320,19.4,4,1,12284,563
42.0,Female,36015,2.0,10857,22.0,5,1,26302,593
32.0,Female,148813,10.2,86314,10.1,4,0,167945,565
21.0,Female,52298,6.7,18713,1.0,8,1,10437,537
32.0,Male,58849,8.7,5029,10.0,9,0,61131,586
21.0,Female,57419,1.7,22540,1.0,7,3,18409,517
44.0,Female,72956,1.2,43710,23.8,8,2,77611,584
33.0,Male,124069,10.8,56279,11.3,7,1,128934,605
34.0,Female,84287,13.7,42208,5.2,6,0,68144,594
40.0,Male,67546,4.5,15554,18.3,5,1,41921,543
29.0,Male,63600,13.1,28793,1.0,7,1,54261,556
43.0,Female,62720,4.7,11138,18.5,5,3,76540,568
42.0,Female,57412,4.3,35233,18.7,10,1,27469,575
21.0,Male,35946,12.7,8242,1.0,4,2,12044,547
47.0,Male,53946,4.5,30510,23.2,3,1,14736,574
46.0,Male,27538,13.6,13005,20.2,5,1,24800,593
,Female,49042,6.2,14336,13.2,2,3,15082,532
30.0,Male,99571,17.3,18207,2.1,6,1,87081,633
23.0,Female,84583,6.7,13715,1.0,7,0,42943,547
39.0,Male,85693,8.6,35831,17.5,8,0,56540,634
32.0,Female,32205,0.9,18242,5.5,8,2,40109,518
50.0,Female,44326,31.5,17120,19.5,2,2,40697,681
47.0,Female,67518,7.2,35273,19.3,5,2,80722,576
44.0,Female,96624,12.9,36567,22.7,6,1,67709,654
35.0,Male,49520,10.9,15937,5.7,7,0,15453,598
59.0,Female,27053,7.2,8962,32.3,3,2,19822,609
40.0,Female,46270,2.4,6575,12.3,6,1,35265,539
49.0,Male,40179,4.0,3697,30.0,4,4,28744,599
,Male,53079,16.0,29871,12.3,4,1,60978,632
35.0,Male,93934,6.6,33041,7.5,3,2,15014,567
54.0,Male,96872,6.7,20043,34.8,8,2,83998,652
58.0,Female,69425,8.6,39159,35.6,3,1,41653,597
31.0,Female,75035,1.6,48255,3.5,4,2,89922,504
50.0,Male,90052,3.7,42342,24.9,6,0,38646,595
37.0,Male,56316,5.4,23772,7.5,7,0,63326,561
22.0,Female,60724,4.7,25696,1.0,3,1,40142,545
48.0,Male,145699,3.5,12142,22.1,3,2,47840,600
22.0,Female,57488,12.1,6717,1.0,5,1,28340,565
53.0,Male,80480,11.1,37660,30.2,4,1,57987,635
45.0,Male,32706,15.7,8723,13.3,8,3,21855,647
48.0,Male,32673,6.2,8748,19.6,2,1,34639,588
44.0,Male,42236,3.4,21533,25.0,4,1,16361,554
34.0,Female,120427,7.2,49705,2.1,4,0,23960,565
70.0,Male,74440,8.2,21049,40.0,6,2,21846,675
38.0,Male,64322,11.7,24690,9.4,5,4,36781,570
37.0,Male,45671,18.4,5292,5.6,6,1,14627,670
42.0,Male,69818,4.0,26989,12.2,4,1,59524,548
24.0,Male,125284,12.3,70351,1.0,8,1,122351,527
47.0,Female,43840,4.9,14656,16.8,9,3,32957,582
22.0,Male,38352,16.1,13579,1.0,10,1,25716,588
31.0,Male,61276,2.9,32552,11.7,7,0,26699,581
56.0,Male,45459,4.4,24319,35.1,3,1,24322,599
66.0,Male,94149,10.2,33613,36.0,5,5,83697,595
34.0,Male,121705,4.7,37504,8.2,5,0,139796,567
37.0,Female,77535,7.1,28389,6.5,3,2,12774,526
31.0,Male,87248,8.1,18994,1.0,3,1,65881,542
64.0,Male,68181,3.7,10433,32.3,9,1,70062,633
43.0,Female,41599,4.4,12471,14.0,8,2,36690,529
,Female,142741,5.3,90616,27.8,8,2,69739,605
46.0,Female,72423,6.1,9884,15.7,9,2,87210,623
45.0,Male,32695,3.3,2997,27.0,8,1,14044,642
42.0,Male,57130,11.3,36601,18.3,10,1,29322,667
27.0,Male,122133,9.1,72427,4.4,4,2,41541,558
55.0,Male,52700,6.7,19385,34.0,6,0,16277,674
50.0,Female,75481,6.9,28275,21.7,8,0,31044,620
36.0,Female,54520,6.1,34584,13.2,6,1,62243,547
52.0,Male,62028,8.6,34881,30.3,6,2,42239,578
27.0,Female,55720,9.1,31655,5.7,1,3,17873,509
26.0,Male,29797,3.1,4713,1.0,5,3,21989,498
30.0,Male,45798,1.9,28068,10.0,6,1,44183,529
38.0,Male,29720,5.9,4430,19.1,3,1,36381,595
55.0,Female,37536,6.8,18375,29.2,6,0,25051,665
33.0,Female,89932,12.3,57061,2.1,4,0,104592,522
36.0,Male,92005,21.6,33719,17.8,8,0,52368,724
28.0,Male,65834,9.1,20319,1.0,3,2,77804,512
31.0,Male,44833,7.9,12579,1.0,1,1,50310,517
43.0,Female,65728,6.0,38045,24.4,2,2,25034,570
29.0,Male,53587,4.6,34342,6.9,11,1,63390,570
54.0,Male,52001,5.8,26336,30.3,10,1,47603,602
39.0,Male,167006,5.4,46889,13.0,6,4,180000,530
33.0,Female,18000,10.2,8705,10.1,2,4,6252,557
27.0,Female,68842,9.9,13220,6.5,4,2,32968,549
63.0,Male,51357,1.3,14764,35.9,10,0,22984,644
35.0,Female,78831,11.4,6964,9.1,5,0,23604,659
53.0,Male,71861,6.6,19236,24.6,5,1,39328,608
54.0,Male,25125,5.6,9191,32.0,4,0,15501,648
42.0,Male,61523,6.4,36289,19.2,5,0,52375,579
49.0,Male,157257,1.2,20622,17.8,5,1,158370,542
46.0,Male,36853,4.5,20564,22.8,6,2,8686,589
46.0,Male,77726,10.9,20971,23.6,2,1,56118,631
35.0,Female,153710,11.8,40840,15.3,6,0,42568,642
57.0,Male,87533,6.8,54938,36.1,7,1,93267,616
42.0,Female,54601,7.6,23933,13.2,9,0,11064,607
48.0,Female,116531,8.3,73994,26.6,4,1,93019,618
62.0,Male,39048,13.6,10947,39.7,3,1,39209,625
31.0,Female,45422,4.0,11289,11.5,5,1,39279,534
40.0,Female,59099,7.9,14611,19.4,6,1,60552,611
43.0,Male,31751,8.1,15929,13.6,6,2,36343,587
29.0,Male,85220,1.5,47829,9.3,4,0,61718,550
44.0,Male,86172,1.4,26381,14.1,7,2,86485,524
35.0,Female,66170,16.9,29136,13.3,6,2,47466,564
21.0,Female,37603,13.6,8885,1.0,3,0,46417,552
45.0,Female,49877,4.7,28750,20.1,6,1,13511,583
48.0,Male,30174,2.5,18032,21.0,5,0,20617,547
42.0,Male,67960,15.3,39631,17.7,6,2,22437,640
32.0,Male,91698,6.7,14994,9.3,6,3,23475,527
35.0,Male,88289,2.5,24649,15.3,5,0,101442,608
28.0,Male,46338,13.4,10907,1.0,6,2,42757,551
46.0,Female,42950,15.3,15319,17.1,8,2,25509,622
54.0,Male,115405,18.4,46550,23.8,1,1,135777,569
64.0,Male,42149,7.3,21172,38.9,4,2,27747,653
43.0,Female,43012,6.3,18186,15.7,6,3,15259,533
31.0,Male,18000,8.7,4997,8.0,2,1,15783,525
21.0,Female,66669,2.4,18403,1.0,4,1,64729,480
34.0,Male,77004,10.3,22655,8.2,6,0,13124,617
47.0,Female,68162,9.5,9544,21.1,6,0,41321,661
29.0,Male,47724,7.4,28447,6.3,5,0,58197,558
41.0,Female,41571,10.7,26763,19.1,7,1,36151,589
27.0,Female,52342,21.1,31059,2.2,10,0,56434,648
38.0,Female,45035,12.7,6949,18.1,7,3,37529,593
56.0,Male,173183,4.5,106075,30.2,4,4,152849,506
43.0,Male,45457,6.5,25240,18.9,3,2,38937,536
56.0,Female,169753,2.8,40360,29.5,5,4,99739,571
49.0,Male,45464,15.7,4487,20.6,6,0,47253,676
31.0,Male,45774,23.2,19275,12.0,5,2,24954,643
29.0,Female,91199,2.6,21846,1.0,7,1,101658,559
37.0,Male,41275,11.2,14239,16.0,9,2,30405,576
34.0,Male,148379,3.2,69405,7.9,4,2,113651,510
37.0,Female,85962,8.2,7120,8.4,4,1,96720,517
35.0,Male,70661,4.7,34415,11.0,3,2,49135,550
58.0,Male,75472,8.2,48180,34.6,9,2,93033,653
35.0,Male,123971,6.7,28514,6.1,4,3,98216,500
31.0,Female,63154,5.0,27087,9.4,8,2,17792,587
54.0,Male,41419,2.1,15951,34.1,5,0,15595,626
38.0,Male,37655,6.1,5211,15.3,2,2,44628,542
38.0,Male,29381,7.7,13903,19.8,6,0,5906,611
33.0,Female,62103,6.8,10085,12.2,6,1,45835,545
39.0,Female,62663,1.3,36228,15.9,7,1,75991,540
38.0,Male,35653,5.3,3048,11.1,4,2,7320,564
50.0,Male,53854,4.5,13769,22.5,7,0,44109,604
34.0,Male,92002,5.4,16178,2.3,4,0,32657,580
30.0,Female,77254,2.9,27566,3.1,6,2,73098,489
28.0,Male,35484,4.7,22861,9.2,5,3,32642,513
53.0,Female,42922,10.6,21766,24.7,3,4,45621,567
24.0,Male,130745,3.7,37591,4.1,2,2,32826,527
28.0,Female,43160,2.3,5104,7.4,5,1,26498,547
46.0,Male,120721,4.0,73536,27.9,2,1,117672,552
38.0,Male,98014,6.1,52060,19.4,5,0,89303,540
35.0,Male,61599,12.9,33220,3.1,6,0,55696,571
31.0,Female,94710,9.7,51646,1.0,5,1,37377,556
33.0,Male,101098,7.0,36663,11.6,2,1,37437,526
24.0,Female,77607,3.9,16400,1.0,10,2,42236,575
31.0,Male,43142,12.0,25757,5.8,2,0,9247,565
56.0,Male,119164,5.2,14204,34.9,2,0,73551,657
23.0,Male,49921,5.3,17719,1.0,3,0,16423,534
21.0,Female,55593,6.4,18223,2.2,4,1,41240,532
32.0,Male,127868,4.9,65899,7.8,7,1,139558,547
45.0,Female,38594,9.9,17338,19.8,4,1,39446,600
36.0,Female,137949,16.7,47489,7.2,1,1,26141,579
40.0,Male,118499,5.6,29361,12.6,7,2,85189,525
55.0,Female,47469,22.8,26015,24.1,4,2,9551,668
38.0,Male,48709,10.7,24539,7.5,2,2,35439,558
35.0,Female,75861,10.2,32876,14.0,8,2,55808,585
36.0,Male,46198,2.1,13250,14.3,5,3,32622,499
36.0,Male,62954,3.7,17000,11.6,5,2,46844,567
30.0,Female,62782,6.0,9620,8.4,4,2,52024,502
39.0,Female,109844,2.9,12375,11.3,3,3,26451,554
50.0,Male,34855,16.5,11448,20.2,6,1,36245,624
53.0,Male,43533,2.1,21302,22.9,8,1,25995,587
46.0,Female,98278,11.4,35580,15.7,5,1,82366,612
41.0,Female,35582,21.2,23090,20.0,7,3,12186,694
44.0,Female,56994,7.5,36525,13.7,6,1,22441,546
57.0,Male,38079,6.1,5968,32.1,10,1,26554,663
27.0,Male,95688,12.8,27358,1.0,7,1,31819,597
43.0,Female,82838,8.0,12969,17.6,7,0,28310,613
52.0,Male,58052,7.3,20984,22.6,5,0,9430,612
48.0,Male,84364,10.1,13912,25.5,7,3,82273,577
46.0,Female,160731,7.3,34124,27.4,6,3,180000,596
49.0,Female,48861,6.3,3933,23.3,5,1,28220,642
62.0,Female,68592,6.7,38929,32.0,6,3,74337,562
47.0,Female,32638,9.3,12917,17.8,6,0,21400,617
32.0,Female,31446,3.3,17256,6.4,4,1,15218,559
28.0,Male,71943,12.3,30868,3.8,7,3,26318,571
21.0,Male,102465,16.7,59013,1.0,5,3,65360,547
51.0,Female,87543,15.7,21329,32.9,8,0,35527,720
36.0,Female,65017,13.0,29533,14.7,6,0,74558,611
24.0,Male,62352,9.9,25526,5.9,2,2,20463,535
45.0,Male,18000,7.2,11122,14.5,2,0,9553,606
21.0,Female,58894,11.2,32918,1.0,6,2,9422,559
49.0,Female,72113,10.6,6663,26.2,6,0,45854,662
51.0,Male,37010,5.8,11375,21.3,8,2,6455,639
50.0,Male,81537,7.1,30176,23.9,5,4,22996,590
34.0,Male,114016,3.2,19838,9.0,7,1,96585,506
38.0,Female,24532,7.0,14334,7.4,8,1,25166,590
38.0,Male,72421,13.6,8988,18.6,3,2,48275,604
57.0,Male,57606,1.9,25552,38.0,8,1,33493,651
42.0,Female,104191,3.2,15930,15.4,6,1,69840,589
56.0,Male,108932,6.1,26843,29.9,3,0,51043,611
41.0,Male,50766,6.0,26395,21.3,8,2,53938,577
43.0,Female,37470,22.3,7958,17.3,5,0,29368,662
66.0,Male,83487,4.3,49938,35.8,7,1,90935,593
52.0,Male,80987,8.2,11741,23.4,10,0,88197,643
33.0,Male,90017,6.6,13992,5.7,7,1,53593,553
26.0,Male,32835,4.8,3954,4.7,5,1,14183,562
27.0,Male,124316,6.4,60654,2.7,5,0,35492,506
35.0,Male,30931,3.1,6484,13.4,4,0,12375,575
40.0,Male,40852,6.8,8816,10.3,4,0,17399,574
40.0,Female,41119,4.1,24972,17.5,4,0,38806,527
,Male,67339,4.4,39780,17.1,11,1,27489,600
25.0,Male,47729,4.7,9299,1.0,6,2,57672,502
48.0,Male,57569,6.1,25906,16.2,2,4,47893,514
29.0,Female,33003,9.5,9563,8.8,7,1,22461,571
26.0,Male,70861,7.6,26268,5.7,6,0,36520,585
39.0,Male,78955,6.1,51061,15.6,7,1,40326,559
43.0,Male,49055,2.9,17950,11.6,6,3,59432,537
46.0,Female,99808,3.1,22298,15.3,3,1,55249,547
43.0,Female,38665,4.7,17199,23.5,6,2,17345,604
49.0,Male,42131,4.3,14250,20.9,8,4,32905,601
39.0,Female,65610,6.9,33271,12.2,6,2,30351,581
37.0,Female,39273,10.2,10986,14.2,4,1,11370,593
21.0,Male,95974,2.5,44795,1.0,5,1,45823,531
23.0,Female,56096,15.5,13248,2.1,2,0,28565,604
50.0,Male,70963,2.6,24922,19.5,6,1,54538,590
38.0,Male,50359,13.8,8742,19.5,1,1,38809,581
32.0,Female,85249,4.7,11836,13.1,5,1,25854,609
33.0,Male,39779,11.2,3364,6.8,4,3,24923,543
47.0,Female,103036,10.5,40881,22.0,3,4,59932,614
21.0,Male,49820,8.0,15652,1.8,5,1,42993,533
40.0,Female,34939,10.5,16444,8.5,2,1,7682,572
21.0,Female,33826,14.7,17375,1.0,3,0,25987,546
52.0,Male,75087,16.1,27435,26.4,6,0,77781,634
21.0,Male,185122,4.8,113929,1.0,7,0,57608,532
21.0,Male,40693,6.3,24654,1.0,11,0,13397,586
44.0,Male,140051,6.2,81064,20.5,7,2,157161,523
41.0,Female,114619,7.5,33552,19.3,3,0,113799,602
48.0,Male,57417,7.2,24192,24.8,7,3,22823,589
30.0,Male,39125,16.4,22471,6.5,8,1,13200,600
54.0,Male,81001,5.9,21024,32.3,1,2,70585,581
34.0,Male,77291,5.9,6835,6.3,4,0,27068,602
44.0,Female,79385,6.2,40650,17.0,3,1,26814,588
23.0,Female,52195,1.9,24802,2.6,3,1,18856,494
61.0,Female,78990,8.5,20296,37.3,1,2,24254,605
49.0,Female,88510,15.4,7200,18.5,4,2,49861,654
35.0,Male,60332,2.6,26625,14.1,7,2,10394,583
47.0,Male,83626,2.6,6859,19.3,10,2,88276,593
58.0,Female,69018,6.6,32218,29.5,4,2,79929,563
44.0,Male,30472,17.8,10046,17.7,7,0,8480,703
29.0,Male,102546,10.9,26411,3.4,4,1,71280,537
33.0,Male,52358,1.2,16585,1.5,10,0,15335,591
38.0,Female,102912,4.7,28109,14.1,3,2,30896,586
55.0,Female,74455,7.1,35145,36.0,5,2,21826,626
46.0,Female,72264,6.9,7691,26.8,9,3,81780,612
34.0,Male,60782,4.4,10406,4.2,6,3,30639,515
52.0,,120537,10.9,20871,29.3,6,3,140698,613
41.0,Female,23000,8.9,2651,15.0,7,1,27312,617
29.0,Male,75833,9.2,17394,1.0,4,0,62659,585
34.0,Female,123894,3.2,22900,8.6,5,0,65217,595
38.0,Male,106248,15.1,22618,14.1,6,0,100604,613
35.0,Female,19467,14.7,8203,16.1,1,3,13476,597
37.0,Male,26587,9.4,8930,13.7,7,0,15492,656
41.0,Male,45815,14.3,7857,13.2,4,0,45996,633
40.0,Female,58547,8.0,5622,15.2,5,1,68575,603
55.0,Male,67473,3.9,15552,33.6,4,1,56448,603
36.0,Male,73742,7.5,45176,11.7,5,2,36091,557
,Male,90589,13.2,54631,10.1,7,0,105324,599
50.0,Female,110229,3.1,10412,18.1,3,0,77405,576
49.0,Female,32382,3.8,14383,18.0,3,1,27923,522
51.0,Female,53793,18.0,21624,24.4,5,2,17287,660
40.0,Male,46796,9.9,23146,21.9,5,0,19685,628
62.0,Female,91918,5.4,39896,39.1,7,2,46038,616
34.0,Male,57588,3.1,7168,14.3,8,2,27338,561
24.0,Female,24473,4.0,13409,2.9,6,2,28118,515
38.0,Male,47236,6.0,15609,16.6,5,0,29553,603
43.0,Female,65164,2.8,15976,19.7,5,1,80388,535
49.0,Male,84019,3.2,41669,27.9,4,2,22435,580
31.0,Male,50866,6.7,11177,1.0,8,0,58424,576
,Male,32401,1.6,13969,18.3,6,2,27643,563
59.0,Female,72248,12.1,10060,34.1,6,0,15537,667
41.0,Male,56784,4.3,35316,13.4,5,3,68935,484
36.0,Female,53760,11.3,15641,7.1,4,1,35657,566
27.0,Male,74632,1.9,17490,1.0,4,0,90255,517
46.0,Male,73179,10.4,19002,22.0,4,2,32645,579
24.0,Female,186190,15.0,42024,1.0,8,3,180000,576
53.0,Female,35495,5.3,17743,26.1,4,0,11549,608
,Female,81234,5.1,22358,9.6,5,2,48454,523
28.0,Female,190697,5.2,78522,6.9,5,2,138174,580
44.0,,63413,14.0,11198,24.8,8,1,62323,676
60.0,,40073,15.6,19953,40.0,5,0,9380,680
21.0,Male,66966,2.2,31475,1.0,8,1,28617,555
42.0,Male,42891,5.1,13944,17.7,2,2,45549,531
50.0,Female,77567,4.7,33133,30.0,9,2,31632,598
51.0,Male,67214,18.7,22883,22.6,3,0,26405,690
33.0,Male,78734,2.4,46529,12.0,6,1,70066,529
52.0,Female,58359,20.5,5040,20.1,6,3,44396,642
43.0,Male,92665,15.5,29393,14.1,6,1,45130,641
39.0,Male,102270,15.0,27092,9.7,8,0,47270,634
30.0,Female,68884,10.7,42235,4.3,6,0,50047,595
48.0,Female,55706,7.1,15966,23.0,8,0,11757,679
36.0,Male,30416,6.7,9644,11.1,4,0,12941,607
31.0,Male,59512,13.9,22821,5.2,5,0,16285,595
37.0,Female,39250,13.0,22679,10.3,8,3,48015,608
57.0,Male,66454,5.6,32112,33.6,7,3,43558,592
26.0,Female,42870,8.0,19689,1.0,4,0,50165,584
42.0,Female,90819,7.3,55157,10.1,5,2,47715,586
44.0,Male,49080,11.6,24972,15.4,5,1,31984,595
24.0,Male,58952,14.8,34215,1.0,6,1,73359,587
21.0,Male,105378,6.2,62417,1.0,9,4,18941,502
40.0,Male,92961,5.1,33467,11.1,4,3,28943,535
55.0,Male,56262,10.4,29154,34.7,5,1,35963,616
48.0,Male,97647,5.7,56680,29.7,9,3,83615,582
42.0,Female,67599,31.2,20363,14.4,4,1,16795,675
32.0,Female,98621,1.9,40833,1.2,4,2,88294,485
22.0,Male,48746,7.9,25175,1.0,5,2,57619,535
57.0,Female,70332,1.0,32077,36.6,4,1,24283,641
26.0,Female,107307,17.4,21234,7.3,5,2,99546,601
21.0,Male,26754,1.4,9829,1.0,3,3,11791,426
25.0,Female,104599,1.6,61981,1.0,4,1,122531,467
39.0,Female,76228,1.5,48250,15.8,6,1,37799,501
33.0,Female,46165,12.3,22930,8.8,7,3,47100,574
65.0,Female,49427,6.1,11941,40.0,4,3,41771,595
46.0,Female,41888,15.1,13138,26.1,6,0,14040,692
21.0,Male,111092,1.1,71207,1.0,6,3,52665,494
54.0,Male,123439,5.5,33942,22.7,9,2,26084,643
49.0,Male,58077,8.3,35683,29.6,3,1,68746,598
36.0,Female,60073,11.1,36300,11.8,4,1,64461,566
43.0,Female,50999,4.4,29940,18.1,5,2,29144,577
22.0,Female,46250,10.1,11765,1.0,5,2,31840,558
40.0,Female,52499,9.7,6553,21.8,5,2,34012,586
55.0,Male,54025,4.5,21969,35.0,4,2,55673,604
30.0,Male,150839,11.2,22621,9.4,12,3,75101,629
45.0,Male,55098,16.0,24289,22.9,4,1,39104,604
51.0,Male,102640,9.2,11586,29.7,8,1,123489,633
31.0,Female,79400,18.3,46455,2.7,7,1,94318,616
55.0,Male,35158,13.1,16944,30.6,3,0,10941,683
51.0,Female,41783,5.3,17950,30.9,9,0,37732,666
42.0,Male,69783,15.8,10378,10.7,5,2,20897,571
44.0,Male,38693,10.6,21154,19.8,7,1,37908,587
,Female,50524,6.1,24154,11.8,5,3,58746,534
47.0,Male,50411,1.7,26928,24.2,6,0,24891,582
33.0,Female,70601,4.3,32974,9.9,2,3,24936,493
42.0,Male,42703,1.9,23834,22.9,8,1,42778,581
26.0,Female,78213,8.4,27647,1.6,2,2,14044,531
26.0,Male,58073,1.2,22586,1.0,3,0,20271,513
40.0,Male,42741,1.9,23617,12.6,5,2,8252,519
54.0,Female,109842,5.3,23241,27.7,6,6,43618,582
42.0,Male,71508,3.9,19148,17.7,3,0,54834,623
38.0,Female,37233,7.5,16397,9.3,6,1,45767,488
42.0,Male,27548,6.0,16917,18.9,3,2,17521,535
27.0,Male,22652,6.0,5274,1.0,3,0,13839,520
32.0,Male,56247,7.2,8507,7.9,5,1,20342,547
46.0,Male,185113,9.5,47231,16.9,5,0,180000,612
38.0,Female,88624,9.3,47882,10.0,8,3,40663,588
40.0,Male,48223,1.7,7881,15.1,4,0,40088,556
29.0,Male,50141,1.1,29703,1.0,5,2,40087,488
37.0,Female,61271,13.9,7904,11.4,6,2,59872,598
30.0,Male,73420,10.7,42506,9.0,2,1,78263,544
44.0,Female,18000,3.3,9028,12.5,6,2,19291,561
46.0,Male,98196,0.3,29014,14.2,7,2,83689,588
52.0,Male,53608,4.5,18143,21.6,6,2,52200,566
54.0,Female,29385,6.8,15386,28.0,5,4,33443,533
25.0,Male,117712,6.8,64990,4.3,3,2,50729,535
44.0,Male,53799,6.1,26347,17.2,4,3,43982,528
39.0,Female,68357,4.0,40516,9.6,4,1,83009,538
29.0,Male,110085,3.0,46740,6.3,5,1,103660,498
28.0,Female,46241,8.9,28114,1.0,2,1,9247,531
36.0,Female,45640,6.9,24839,4.1,6,1,56127,534
45.0,Female,157965,8.1,86694,24.0,7,1,84594,578
45.0,Male,28162,4.2,17232,24.8,5,0,6728,562
21.0,Male,70766,3.8,26908,1.0,6,3,15280,492
59.0,Male,58357,2.3,13291,33.3,11,1,13061,708
30.0,Female,112010,5.5,49422,1.0,4,1,33818,533
50.0,Male,54211,3.5,4368,26.8,2,0,43631,635
43.0,Male,38913,6.7,18689,13.1,3,0,36122,537
43.0,Female,47291,10.2,29527,22.4,5,1,52045,599
30.0,Female,87704,9.8,34398,10.4,8,1,102921,612
49.0,Female,101997,2.4,21461,21.9,4,0,113647,557
41.0,Female,18000,9.9,3607,15.2,7,0,20885,642
43.0,Male,49092,3.6,24685,20.7,4,3,12932,554
47.0,Male,57355,5.0,15245,19.9,3,1,43327,581
43.0,Female,68094,4.0,24073,18.9,3,1,23452,561
31.0,Female,61590,11.4,20148,6.3,5,1,59557,578
44.0,Male,37524,16.2,12470,20.1,3,1,37429,585
44.0,Male,94238,3.5,44838,12.0,5,0,66646,592
48.0,Male,144431,6.1,87066,23.0,4,1,108242,547
53.0,Male,69987,8.7,26754,23.0,6,0,56528,600
47.0,Male,56809,12.6,6007,19.5,4,0,60727,651
42.0,Male,23993,9.6,13274,18.0,4,1,8049,596
49.0,Female,73570,7.7,15191,30.1,5,0,79722,617
27.0,Female,37801,4.9,22566,2.7,6,2,7940,513
29.0,Male,58529,16.8,18032,1.0,3,1,72757,581
44.0,Male,105386,10.8,13391,24.3,8,0,68344,685
40.0,Male,54129,11.3,5005,15.5,6,0,38067,653
55.0,Female,74326,4.1,42063,26.6,5,2,11298,587
26.0,Male,65507,8.3,32608,1.0,7,2,49662,535
53.0,Male,109369,3.9,34623,21.8,4,1,93571,593
38.0,Male,51256,9.7,10944,11.1,3,0,7920,615
53.0,Female,83539,1.2,28500,33.5,5,1,49233,634
27.0,Female,30125,6.6,19055,5.2,8,0,16491,588
28.0,Female,90034,10.6,47359,6.3,11,0,18952,581
42.0,Female,75625,2.3,9757,23.9,5,1,54650,576
50.0,Female,103421,8.5,10486,22.0,7,0,71127,664
24.0,Male,31239,8.9,17615,1.0,6,1,38781,536
62.0,Male,72345,5.6,41259,40.0,5,1,32694,639
51.0,Male,151148,1.2,25564,32.2,6,4,130584,539
28.0,Male,18000,9.3,6788,5.1,8,1,12832,556
36.0,Male,82010,23.8,9544,12.5,6,0,25429,706
31.0,Male,193844,10.5,53540,9.0,3,1,180000,584
43.0,Female,24801,7.1,13137,23.2,3,0,21445,611
44.0,Female,48735,12.7,16855,12.3,4,2,28862,592
50.0,Male,56950,20.5,30970,28.3,6,2,12348,632
32.0,Female,46654,11.2,22824,13.8,3,4,18700,546
38.0,Female,43548,4.0,10657,9.6,9,1,33416,551
44.0,Female,78280,3.0,41317,23.6,4,1,28505,645
27.0,Female,51946,7.7,10872,1.3,4,2,25618,509
39.0,Male,53852,9.7,23479,18.8,6,1,20466,596
46.0,Female,76759,11.6,9551,15.5,6,1,91742,582
30.0,Male,138487,9.1,37177,7.4,4,0,171620,588
50.0,Male,52879,6.2,8025,20.4,3,0,59207,632
47.0,Female,81901,4.5,33947,23.8,5,1,68653,573
43.0,Male,40386,12.7,12911,17.1,8,2,13039,634
55.0,Male,46471,13.9,14157,33.0,4,0,47898,643
33.0,Female,34591,15.1,8508,4.5,7,0,9020,598
51.0,Female,37905,6.4,10558,30.6,5,2,20217,575
29.0,Male,93909,9.1,54820,6.3,2,3,50854,493
46.0,Female,23246,12.2,4479,26.6,3,2,20235,587
46.0,Male,48218,8.0,30105,25.0,5,1,31851,592
45.0,Male,46464,5.4,18250,14.3,3,2,32526,538
35.0,Male,51083,8.8,25731,11.7,4,2,41748,558
29.0,Female,68452,6.9,32233,3.6,9,1,31132,552
25.0,Female,45059,7.7,28300,1.0,5,1,21839,518
32.0,Male,69317,5.1,25420,12.3,6,1,74670,553
47.0,Female,53352,13.5,16260,15.6,11,2,45840,639
25.0,Male,72414,11.8,35875,3.9,5,0,40506,600
44.0,Male,85922,4.4,36939,25.2,1,1,98450,577
44.0,Female,26862,3.9,15890,22.9,8,1,16769,606
37.0,Female,41189,7.1,3391,6.5,7,5,29444,585
35.0,Male,40028,3.5,24695,14.2,9,3,10074,550
32.0,Female,40817,5.7,3890,12.1,6,4,37023,547
33.0,Female,87862,15.2,35497,11.1,6,5,103597,515
50.0,Female,67489,3.0,8531,22.1,5,2,44107,582
57.0,Male,64843,11.6,41312,35.7,8,0,41957,673
21.0,Female,134555,11.2,73642,1.0,5,0,48989,496
56.0,Female,100552,23.7,52695,31.2,5,0,122017,689
30.0,Female,58933,5.7,33548,5.2,6,2,43510,511
45.0,Male,143585,3.8,74306,19.9,5,0,155536,589
37.0,Female,57652,6.4,35313,18.3,4,2,19237,551
55.0,Female,63516,9.4,30491,28.3,8,1,14659,620
31.0,Male,146093,14.1,23178,8.1,9,1,37825,653
38.0,,38313,7.5,12810,9.9,7,2,35566,569
48.0,Male,23155,10.2,14010,16.3,4,2,24883,541
40.0,Female,49396,12.4,27922,10.9,9,1,54064,549
51.0,Male,112604,17.4,54281,27.2,7,0,131880,673
39.0,Male,135167,8.3,51519,10.7,2,3,127831,556
34.0,Female,29189,2.0,13403,9.0,8,0,23706,593
39.0,Male,45458,2.1,15847,10.7,5,0,13577,535
40.0,Female,135458,7.9,62662,19.0,10,1,39464,655
32.0,Male,33393,7.3,12875,8.3,10,1,15946,576
21.0,Male,24383,9.9,15521,1.0,5,0,4172,564
21.0,Male,47894,6.3,4479,1.0,7,1,37621,518
44.0,Male,32536,9.4,6731,15.7,8,0,28097,590
30.0,Male,73246,26.0,15638,1.4,7,0,34936,676
57.0,Female,46093,3.4,8356,25.1,7,1,37594,615
48.0,Male,70985,4.3,27917,25.6,4,0,14719,633
54.0,Male,50556,9.1,27300,31.3,6,1,45971,622
63.0,Female,35815,6.8,19855,39.5,5,2,27927,591
30.0,Female,41565,5.3,13886,4.4,7,1,18255,540
59.0,Male,52039,3.8,19126,36.9,4,1,39396,608
22.0,Male,64296,3.9,28370,1.0,7,1,73337,497
26.0,Female,32079,6.0,5698,4.0,5,2,28573,553
31.0,Female,75086,10.1,24292,4.0,4,0,50184,560
41.0,Female,67965,10.0,28896,21.5,11,0,29858,659
65.0,Male,123903,3.2,15753,36.7,4,2,85936,655
35.0,Male,86409,5.3,7060,14.3,5,0,86485,593
38.0,Male,86205,5.4,30328,12.2,6,2,95640,541
50.0,Female,121574,3.9,44904,21.4,6,3,44983,544
55.0,Female,62141,5.6,26028,30.0,4,0,27325,619
32.0,Male,121305,4.1,67675,3.3,7,0,37135,557
26.0,Male,91744,7.5,35756,1.0,2,1,19174,567
65.0,Male,67215,5.4,10759,38.9,3,1,16899,639
45.0,Male,135412,10.3,73508,14.7,1,2,56116,538
46.0,Female,52364,4.5,21005,23.9,8,2,10579,594
52.0,Male,61999,9.0,12188,28.2,7,1,18069,604
42.0,Male,98426,7.7,44461,21.3,6,0,46408,634
35.0,Female,42949,7.2,14668,14.7,7,0,6663,626
32.0,Male,62561,14.3,9032,8.1,10,1,70058,568
45.0,Male,37822,11.7,13550,13.0,5,0,34971,629
22.0,Male,42218,2.4,8201,1.0,4,0,40887,554
32.0,Female,48606,17.0,8082,11.7,10,0,31579,686
39.0,Female,80945,9.7,44614,7.0,6,0,71282,594
34.0,Male,106925,4.7,68829,10.9,2,2,103483,510
52.0,Female,31379,10.4,18356,20.2,8,0,24564,631
35.0,Male,61545,5.5,36126,10.8,9,0,64763,592
38.0,Male,37977,9.7,19748,8.3,4,2,29554,536
52.0,Male,192541,6.5,75643,32.2,6,1,81875,639
40.0,Male,70533,4.3,26341,11.4,8,0,65215,586
48.0,Male,31548,5.2,19698,18.1,10,1,31527,567
21.0,Male,50556,1.2,16896,1.0,3,2,19534,498
47.0,Male,49152,8.6,19538,28.2,3,2,28495,581
21.0,Female,74879,9.1,29590,1.0,3,2,75140,481
42.0,Male,57520,4.4,34465,23.2,7,2,63917,551
32.0,Male,109212,7.9,61159,2.1,3,2,99866,509
28.0,Male,26188,13.1,7482,2.5,4,1,26221,561
41.0,Female,77388,3.6,35781,18.9,3,1,56604,534
34.0,Male,105948,10.3,66484,5.8,6,1,88436,539
48.0,Female,26023,7.1,5579,29.5,5,2,10385,564
39.0,Male,85487,8.1,55357,8.4,4,1,45141,521
48.0,Female,100588,5.2,11220,17.2,3,2,57975,541
41.0,Male,123681,2.0,14703,22.7,5,1,142466,585
40.0,Female,75844,5.3,35204,9.1,8,1,46671,567
70.0,Female,58716,8.4,20870,40.0,8,0,59943,694
39.0,Male,40241,11.7,4102,13.0,7,0,12066,662
39.0,Female,62715,1.6,23665,19.8,3,0,74596,551
36.0,Male,74160,15.2,26749,8.1,5,0,84732,594
21.0,Male,80954,6.0,27450,1.0,6,2,64333,566
43.0,Male,41276,5.7,7190,20.0,4,3,36094,593
40.0,Female,109256,5.2,22069,19.8,5,0,112243,595
46.0,Male,59784,8.3,29290,14.2,5,1,44735,609
55.0,Female,69748,3.9,6945,25.8,8,0,36545,666
58.0,Male,70111,13.8,39499,35.3,6,1,66793,667
21.0,Female,109724,9.0,50359,1.0,7,0,94414,544
49.0,Female,70931,11.5,6258,27.6,5,2,53652,646
50.0,Female,64372,8.8,16339,28.3,6,1,47557,612
43.0,Female,86658,14.4,35625,11.4,4,0,77918,652
43.0,Male,49572,7.6,22940,13.6,5,1,56710,570
40.0,Male,40409,11.2,8922,10.3,6,1,24805,584
54.0,Female,66039,7.7,25720,22.6,1,1,38200,613
39.0,Male,56879,8.7,16082,10.5,4,2,42315,543
23.0,Female,61339,7.1,12910,1.0,5,3,36384,534
34.0,Female,37549,3.3,6626,10.9,6,0,24221,572
40.0,Male,25474,9.9,8587,11.5,5,0,26254,562
29.0,Female,41189,9.2,9761,1.0,4,1,42994,545
44.0,Male,85274,2.9,23809,15.4,4,4,88484,513
40.0,Female,44153,1.4,3725,13.7,7,3,54887,536
48.0,Male,52084,8.0,21954,27.4,3,2,42466,608
54.0,Male,78150,11.5,22759,22.5,5,2,15100,600
29.0,Male,209018,8.6,58339,1.0,1,1,180000,552
46.0,Male,94413,0.9,52021,16.4,4,3,110336,492
27.0,Male,62931,12.7,22098,1.0,4,1,52283,536
42.0,Male,43296,4.3,20904,14.0,2,1,19881,573
39.0,Female,76564,23.4,33565,9.6,4,1,64698,623
37.0,Male,68573,3.2,13046,11.1,6,2,18642,544
40.0,Male,55275,7.0,18249,10.9,4,3,18106,506
34.0,Male,40329,6.2,18095,5.6,7,1,16349,577
61.0,Female,50409,1.9,5693,30.9,3,1,12920,580
37.0,Male,54085,7.7,10532,12.1,3,1,19404,597
39.0,Male,60198,17.3,31363,8.7,7,2,46026,582
52.0,Male,18737,1.2,3161,28.8,5,0,16227,574
47.0,Male,35081,19.1,12820,20.4,2,0,19240,654
35.0,Male,70661,4.7,34415,11.0,3,2,49135,550
41.0,Male,44650,18.8,9887,20.9,7,5,15518,646
37.0,Female,116699,3.9,71965,12.4,3,4,103442,460
41.0,,57667,8.4,34267,13.6,5,1,59600,629
43.0,Male,62182,5.9,10541,17.9,5,1,51016,576
29.0,Female,27052,4.5,2527,3.4,7,0,28525,535
37.0,Female,49039,12.6,14115,6.1,6,1,33858,600
50.0,Male,50039,2.8,24618,20.7,4,0,26235,582
35.0,Female,30380,2.8,3007,12.7,3,0,14219,548
38.0,Male,152738,1.5,98694,10.8,3,2,176921,495
32.0,,82044,4.0,50076,10.7,5,1,38332,521
21.0,Female,67767,8.6,14927,1.7,3,0,84608,528
61.0,Male,118083,3.2,65127,31.8,7,4,58359,567
53.0,Male,52663,2.1,24116,24.9,4,2,35163,581
28.0,Male,147451,8.8,71930,9.2,2,3,120191,513
51.0,Male,44923,4.4,19956,30.9,4,1,15618,633
25.0,Male,66093,3.7,10863,1.0,4,0,65511,526
35.0,Male,72399,4.0,36070,7.5,6,2,30598,535
40.0,Male,89683,7.1,10580,17.5,4,0,91055,626
40.0,Male,49473,2.5,16480,11.9,4,2,55787,527
45.0,Female,77451,4.8,29284,20.2,4,2,14018,618
47.0,Female,80647,7.2,35027,15.0,5,3,13129,594
36.0,Female,84656,4.8,39930,15.4,5,2,46200,528
39.0,Female,83553,12.8,22018,16.9,5,2,27205,594
49.0,Male,47246,5.5,5656,26.3,6,1,21364,597
37.0,Male,53753,10.8,17443,11.7,8,1,53006,610
45.0,Male,28125,6.2,9182,14.0,3,1,28099,566
45.0,Female,31751,12.6,15543,26.5,5,1,23456,608
21.0,Female,108321,1.8,55751,1.0,5,1,72257,524
47.0,Female,42837,5.1,12399,17.7,6,2,35281,547
47.0,Male,95966,9.6,33720,25.1,5,2,99029,597
,Male,54298,12.5,16400,4.1,6,0,25010,606
33.0,Female,136583,7.0,52441,11.4,8,2,40487,614
51.0,Female,51318,3.0,31476,21.7,6,0,21745,625
31.0,Female,78346,17.3,9141,1.0,5,0,40622,633
47.0,Male,68585,5.1,25693,26.7,4,1,67581,602
49.0,Male,113566,3.7,14577,29.7,2,2,65949,572
57.0,Male,71268,8.0,23365,27.9,4,1,30874,628
22.0,Male,73607,9.5,18633,1.0,5,1,26411,576
45.0,Male,48670,13.3,24674,18.5,4,1,52196,573
44.0,Female,56930,13.3,25572,14.6,6,0,42650,626
51.0,Male,37585,21.8,18274,22.5,3,2,45346,670
,Male,30307,10.8,6611,24.3,5,4,16991,547
32.0,Female,48598,6.7,24693,1.8,6,2,26242,523
48.0,Male,100950,4.8,22425,27.6,8,1,59685,645
21.0,Male,63452,10.6,21987,1.0,6,3,63163,503
22.0,Female,38142,11.8,3952,1.0,5,4,40721,516
29.0,Male,39279,12.6,24594,3.9,7,0,19363,587
44.0,Male,124486,7.2,24456,16.9,4,1,100204,574
26.0,Female,197040,1.5,52146,1.0,5,2,180000,518
24.0,Female,28533,5.7,10478,1.0,4,1,19428,536
25.0,Female,34307,2.6,17027,2.7,3,1,16709,497
38.0,Female,44938,5.4,13699,12.4,5,0,32811,590
27.0,Female,28063,5.8,8508,7.7,5,3,25033,507
45.0,Female,108785,6.2,47513,21.3,8,3,67696,605
42.0,Female,114403,8.7,63267,13.9,8,3,81352,577
49.0,Male,36394,6.2,13186,24.4,7,2,35284,575
59.0,Female,56700,6.1,31760,31.1,5,5,58847,502
33.0,Female,84620,2.3,41284,10.4,5,6,23372,474
21.0,Male,37459,6.1,3313,1.0,3,6,20300,473
60.0,Female,79991,2.7,26692,37.1,6,0,91775,595
43.0,Male,56203,5.5,11816,16.2,4,2,57221,558
36.0,Female,63918,7.3,6999,10.9,4,1,55391,552
39.0,Male,85795,7.6,48604,19.0,5,1,89152,616
46.0,Male,41930,9.6,25203,26.1,4,1,21043,620
38.0,Male,112824,19.7,30786,18.7,1,1,108108,656
40.0,Female,51931,9.0,8036,9.7,8,2,50027,571
47.0,Male,57121,7.9,29308,16.4,4,2,22711,550
39.0,Male,21564,7.4,10217,8.8,3,3,15682,504
38.0,Female,42989,3.1,6244,18.7,6,0,29530,600
31.0,Male,58406,16.3,7803,5.7,8,0,28524,646
34.0,Male,77955,6.2,8581,15.8,3,0,62799,596
30.0,Male,91149,9.8,40743,1.8,6,0,108027,578
21.0,Male,122473,8.4,14358,1.0,5,2,148232,531
42.0,Male,59339,12.7,36003,19.1,5,0,68385,602
62.0,Female,29450,19.1,4525,40.0,5,1,16225,697
21.0,Female,45416,2.8,9702,1.0,6,2,15012,511
31.0,Female,33631,3.7,3557,9.4,5,3,39242,509
37.0,Male,51535,9.9,13922,14.3,3,2,50845,596
29.0,Male,59202,5.4,11311,10.0,4,0,72091,567
25.0,Female,45695,9.1,16370,1.0,4,2,12062,537
40.0,Male,59513,5.6,22505,14.7,9,4,39450,539
27.0,Female,97032,5.6,54424,1.0,5,4,76558,459
29.0,Female,43147,5.6,22326,7.8,4,0,23499,530
21.0,Female,75778,10.1,31949,1.0,6,0,84691,538
37.0,Male,90165,8.9,32987,11.3,4,0,22967,594
24.0,Male,39202,2.1,7159,1.0,7,0,30648,552
45.0,Male,75697,5.3,42422,16.9,4,1,70671,531
27.0,Male,40099,12.0,19206,8.8,7,1,7561,594
43.0,Female,51267,9.0,10411,21.8,5,2,20314,629
48.0,Female,24656,2.6,7649,24.5,4,2,23964,584
34.0,Female,112394,11.7,50275,13.0,4,2,42826,570
38.0,Female,185014,10.3,32111,12.2,4,0,121876,623
38.0,Female,61987,2.9,39494,11.2,6,1,29292,536
21.0,Male,60122,8.4,27793,1.6,5,1,20054,549
58.0,Male,114766,10.1,65256,28.3,3,1,21449,619
50.0,Male,45982,9.1,5849,30.8,8,1,14576,634
37.0,Female,46066,14.3,11701,7.7,4,1,56038,568
31.0,Female,36023,4.2,12197,1.0,8,0,43843,536
24.0,Male,75084,10.0,29265,1.0,6,2,36636,548
45.0,Male,37496,10.4,16371,17.6,7,3,16621,565
36.0,Female,44982,13.5,21661,7.7,3,2,46359,549
47.0,Female,40240,3.8,9142,18.7,3,0,39832,564
28.0,Female,82384,4.1,23743,2.7,2,1,102917,533
53.0,Female,44460,11.2,12319,24.5,4,2,32650,616
32.0,Male,80522,6.9,52320,13.8,2,1,100186,507
21.0,Female,47915,7.2,8831,1.0,4,1,32926,573
21.0,Male,81462,7.3,20771,1.4,6,3,42850,555
28.0,Male,95661,5.9,10646,1.0,4,1,62734,539
31.0,Female,78162,7.6,46307,1.0,4,5,86960,483
45.0,Male,81949,6.4,42809,25.4,3,1,37613,583
43.0,Female,41900,8.7,13247,12.6,7,1,18139,632
39.0,Male,133623,3.8,56617,14.0,4,1,96211,538
33.0,Female,59225,11.0,18553,3.8,7,1,54037,545
38.0,Male,46242,7.7,13817,11.1,1,2,41883,540
39.0,Male,62429,2.1,23722,20.4,6,1,14058,600
26.0,,38159,14.5,11220,1.7,5,0,15680,630
21.0,Female,111847,8.4,37273,1.0,6,1,85764,555
40.0,Male,192084,2.1,44366,17.8,3,1,180000,540
49.0,Male,77337,3.5,41551,30.8,7,2,58995,604
46.0,Male,48127,7.1,16516,14.4,6,1,14475,571
21.0,Female,52317,5.5,19156,1.0,4,1,44329,562
31.0,Male,87401,12.3,7135,6.8,6,3,96396,564
40.0,Female,107798,5.6,61426,14.6,4,0,124729,509
27.0,Male,114083,2.8,69917,2.0,4,0,54671,536
40.0,Male,66085,3.7,25650,18.7,4,1,61241,554
55.0,Female,43058,9.2,11928,28.7,3,2,9285,621
31.0,Female,86577,3.6,13756,4.8,2,0,53467,540
23.0,Female,83494,3.9,33022,1.0,5,0,29994,582
27.0,Male,94769,3.5,38642,5.5,6,3,92089,514
52.0,Female,31515,8.8,6751,25.1,3,2,8915,607
21.0,Male,93460,12.5,13554,1.0,2,5,89314,492
43.0,Female,89455,10.4,29724,23.0,5,0,85721,624
43.0,Male,109784,4.0,29567,14.5,7,4,26456,568
21.0,Male,47507,8.2,15223,1.6,9,3,35844,565
41.0,Female,103287,7.9,55001,12.9,6,1,41250,553
34.0,Female,54222,2.6,20214,4.4,5,2,59635,519
43.0,Male,100243,5.3,23427,22.2,5,2,74312,597
50.0,Female,53673,9.4,12117,21.9,3,1,37367,600
55.0,Male,228841,16.3,34794,28.7,4,1,180000,644
59.0,Male,32574,3.6,17112,32.2,3,3,26553,581
39.0,Male,82299,9.9,47847,20.1,6,2,18475,628
53.0,Female,83840,4.5,17697,21.5,5,1,58592,605
23.0,Male,44560,1.9,14343,1.0,5,0,21076,514
46.0,Female,35735,2.8,19465,27.8,6,1,31653,594
35.0,Male,43698,3.2,18663,8.2,4,2,14590,571
53.0,Male,93700,3.1,21205,28.8,2,5,34336,546
40.0,Male,48189,11.7,17119,11.3,6,3,31905,564
56.0,Female,60697,5.2,36294,33.0,3,1,31468,578
48.0,Male,54188,9.4,7128,19.4,5,2,34969,572
31.0,Male,53798,12.8,31113,2.6,11,0,29021,613
49.0,Male,69358,22.8,10804,19.4,7,1,42806,671
51.0,Female,18000,8.3,10532,32.7,4,1,8800,650
40.0,Female,24428,7.0,15843,14.7,7,0,9937,617
54.0,Female,45075,11.6,28379,33.5,3,2,51478,588
44.0,Male,35027,2.8,15595,19.8,3,1,40688,536
39.0,Female,57977,2.5,25720,19.9,5,3,69297,505
,Male,75261,11.7,15428,4.1,8,2,26832,550
47.0,Female,83283,4.3,40586,23.1,9,1,64971,581
60.0,Male,87487,9.2,12890,32.2,7,1,107327,651
21.0,Male,83055,2.8,25571,1.0,6,2,61874,502
30.0,Female,132615,11.4,82144,5.7,3,3,99920,517
47.0,Female,50553,4.8,31923,15.8,3,4,52105,533
24.0,Male,30859,13.3,19155,1.0,7,3,35672,547
44.0,Male,26009,5.6,11409,21.0,9,1,16165,610
26.0,Male,29708,12.7,13953,1.0,2,2,12721,563
32.0,Male,71844,13.9,24241,2.0,7,0,55218,634
48.0,Male,50918,3.5,6550,24.7,7,1,62551,617
32.0,Female,25127,3.8,11974,13.7,4,1,20841,564
27.0,Female,57236,6.2,17746,3.4,5,0,9738,516
24.0,Female,65221,26.2,9966,1.0,7,1,73645,610
41.0,,43569,4.0,9097,18.2,7,1,8264,596
53.0,Male,65478,8.6,27471,33.5,7,3,35725,628
52.0,Female,18000,5.8,9017,22.1,10,1,12496,647
59.0,Female,26438,7.8,2516,30.8,6,3,24406,592
25.0,Female,56147,1.4,21773,1.0,4,2,49298,506
29.0,Male,83487,11.4,44651,3.7,5,1,92598,537
21.0,Male,45801,9.6,3969,1.0,7,0,47874,577
43.0,Male,42699,13.4,7032,14.9,8,2,16494,618
36.0,Female,88066,18.3,41391,8.2,4,1,42207,623
53.0,Male,67321,11.9,19793,25.5,6,1,45287,645
36.0,Male,139672,6.8,79328,6.3,5,1,65529,541
31.0,Female,56208,6.7,21354,1.0,7,1,21050,553
41.0,Male,33019,7.8,20990,19.4,5,1,19399,571
59.0,Female,116612,4.9,46001,31.2,5,1,136882,618
21.0,Male,45854,18.5,18211,1.0,7,1,24413,598
40.0,Male,96232,11.6,59354,13.3,3,0,67120,572
38.0,Male,92059,7.4,37655,16.0,4,1,81717,576
47.0,Female,50298,3.2,13079,22.7,4,1,23189,572
41.0,Male,38905,6.5,20998,14.2,3,2,38489,543
51.0,Female,69838,2.7,41604,29.8,6,0,51283,570
53.0,Female,71388,5.3,32224,26.6,4,2,64109,547
50.0,Male,80951,7.1,28854,23.8,5,1,61181,608
41.0,Male,174648,0.7,89051,12.5,4,0,180000,546
43.0,Male,67714,4.8,12727,12.5,9,1,76196,582
44.0,Female,29436,4.8,9281,15.6,7,1,32192,580
42.0,Female,41808,3.4,11287,10.6,6,0,17143,547
40.0,Male,54356,7.7,27394,20.4,4,2,31353,558
51.0,Female,23411,8.5,10831,22.4,4,2,18840,578
35.0,Male,59295,1.1,33066,15.3,5,0,58587,543
25.0,Male,68741,1.1,11147,1.0,8,2,20026,532
36.0,Male,50919,10.8,9413,13.7,6,1,30544,641
48.0,Male,63022,5.4,8161,22.1,2,1,60656,606
46.0,Male,60331,11.9,18364,24.9,5,1,50627,577
46.0,Male,39281,7.5,20342,20.2,7,1,48494,575
39.0,Female,55827,13.7,5811,10.0,7,1,46247,619
62.0,Male,73289,8.0,29052,30.0,3,2,48034,632
31.0,Male,54954,8.7,19900,4.1,4,1,30742,529
26.0,Female,72983,5.3,21802,1.0,2,1,33461,535
57.0,Female,69980,3.4,41286,29.3,4,1,26157,579
28.0,Female,114323,9.2,9416,1.0,4,0,96013,566
46.0,Male,98525,3.5,21009,15.9,7,1,80420,554
45.0,Male,43187,7.0,3950,16.3,6,0,38457,643
33.0,Male,66505,3.5,35741,9.4,6,0,69682,529
32.0,Male,68783,11.0,24456,9.9,4,1,29220,562
38.0,Male,45661,7.6,9621,17.0,5,0,36989,584
64.0,Female,59461,8.2,15939,40.0,8,1,41735,670
39.0,Male,28571,16.1,6466,19.3,7,3,30584,598
31.0,Female,161985,11.1,67226,8.1,4,1,87539,561
32.0,Female,76478,10.4,14435,7.9,6,2,43729,554
44.0,Female,33059,6.3,21108,18.1,4,1,37458,606
42.0,Male,57912,2.2,17047,22.6,4,0,28012,561
,Female,52046,13.3,8348,28.2,3,1,32336,686
26.0,Female,66002,3.0,30769,1.2,4,2,33330,511
41.0,Male,42288,6.0,19337,20.3,6,0,48993,583
39.0,Male,29064,7.7,2696,16.5,4,2,31606,528
,Female,71786,3.1,17911,1.3,6,1,34432,535
33.0,Female,47770,10.1,24920,12.9,5,4,55021,552
49.0,Male,147936,5.4,46727,26.6,2,3,177527,594
54.0,Female,86738,8.4,41753,30.8,4,2,42618,606
44.0,Male,44956,9.9,20115,23.6,2,1,46372,582
47.0,Male,102393,3.0,35598,24.9,3,2,63244,592
38.0,Male,68353,7.1,33452,18.1,9,3,63149,607
41.0,Male,59882,8.0,28238,22.8,4,1,37928,606
21.0,Male,115967,14.4,64434,2.6,8,2,26645,565
46.0,Male,78102,1.0,18194,17.3,5,3,64073,538
47.0,Male,81086,13.6,41056,22.9,4,2,89052,605
21.0,Female,68942,9.7,11207,1.0,9,1,43268,629
32.0,Male,66918,5.5,31209,1.0,6,1,68910,502
39.0,Male,65147,9.8,25308,14.3,6,1,21786,630
21.0,Male,43556,6.7,17601,1.0,4,1,23340,557
34.0,Male,61250,6.0,33628,8.2,6,2,43209,558
41.0,Female,91905,14.4,51880,16.7,5,2,98230,547
29.0,Male,103935,19.5,40987,1.0,5,1,16875,611
21.0,Male,107831,2.1,54845,1.0,6,4,56803,523
37.0,Male,57629,15.1,30999,15.5,2,1,61895,573
43.0,Male,72107,10.0,14168,15.0,6,0,62758,635
55.0,Male,58683,11.6,21334,33.2,7,2,72863,629
51.0,Female,71715,9.8,18642,21.7,6,1,57574,573
51.0,Male,92624,1.3,46793,19.1,10,1,72896,615
38.0,Female,48472,9.1,26084,18.2,6,4,11775,560
44.0,Female,84150,11.9,49415,14.7,7,0,17570,619
38.0,Male,56077,7.7,12324,13.4,8,1,25422,599
21.0,Female,66561,14.9,22826,1.0,3,1,40477,577
35.0,Male,37323,9.3,21867,8.4,5,1,28247,541
51.0,Male,124157,20.3,70018,32.2,5,1,141108,650
64.0,Male,80163,6.6,31606,34.1,6,3,24388,614
40.0,Male,142153,10.4,83171,15.7,3,4,106701,511
49.0,Male,64319,7.5,30304,23.3,5,1,72555,567
29.0,Female,39632,7.8,11858,2.2,4,0,21675,570
31.0,Male,104838,5.7,49822,7.9,2,0,86386,567
40.0,Male,50442,0.9,11861,19.7,5,0,20445,556
35.0,Female,62729,3.2,24758,7.4,3,2,34345,526
43.0,Male,43003,2.9,23806,23.8,3,1,43743,550
32.0,Female,59937,12.9,15868,3.6,7,0,40016,615
41.0,Male,107095,5.8,53280,16.1,1,4,78535,534
22.0,Female,55060,0.5,23888,1.0,6,3,19159,505
21.0,Female,71208,4.0,11094,1.0,7,1,66897,533
28.0,Male,31575,2.6,6520,5.9,8,2,27628,508
39.0,Male,21699,1.9,11923,12.9,7,1,4110,599
35.0,Male,139965,8.4,68953,11.2,7,2,84999,558
47.0,Female,117376,3.6,45259,28.2,8,1,68277,612
39.0,Male,21428,9.1,8140,20.8,9,2,16536,631
40.0,Female,54303,6.7,16853,14.3,10,0,31073,599
34.0,Male,48849,9.1,25281,6.1,6,3,43726,519
42.0,Male,74268,8.5,8290,18.7,6,2,23320,587
48.0,Male,90235,6.6,44311,26.4,2,3,69365,552
35.0,Female,32800,4.8,7260,6.9,4,2,27750,497
35.0,Male,78719,23.5,26106,8.6,4,4,27620,612
21.0,Male,72884,11.3,8236,3.0,7,2,48054,586
47.0,Female,66660,8.4,34970,16.0,4,0,15674,594
36.0,Male,121308,10.7,25095,17.9,5,3,63942,597
47.0,Female,58476,7.6,22736,18.8,5,0,56475,561
33.0,Male,66651,5.1,24059,5.7,4,1,43774,545
45.0,Female,85915,12.5,36795,17.9,3,1,54651,544
41.0,Male,63225,7.8,25146,13.5,6,2,50511,583
38.0,Female,61047,8.7,30196,14.8,6,1,71637,585
42.0,Male,62503,15.4,38906,13.4,7,4,28522,603
25.0,Male,38940,7.4,15926,1.0,4,0,7284,551
26.0,Male,53756,17.4,13402,4.6,5,0,42554,630
36.0,,35723,7.5,15591,13.8,7,3,17814,562
43.0,Male,36572,3.5,5355,24.3,8,1,40193,613
51.0,Male,39421,3.6,5841,31.7,6,0,19632,631
30.0,Male,112644,5.8,10106,7.0,3,2,24569,588
39.0,Female,26500,5.3,6254,18.7,4,1,24914,612
54.0,Male,116011,3.2,44904,33.2,9,1,103338,632
21.0,Male,58110,2.7,11220,1.0,5,2,25947,528
37.0,Female,140316,6.5,17902,16.4,7,2,138984,620
48.0,Female,82978,3.3,18087,24.2,3,2,18535,534
34.0,Female,48615,7.9,7968,10.0,5,2,58467,583
28.0,Male,116546,12.9,24163,9.5,3,3,131855,556
43.0,Male,62266,10.5,10828,16.0,6,0,57247,644
57.0,Female,46259,7.5,5525,30.6,3,1,37628,657
42.0,Female,37545,15.9,7858,16.9,3,1,23406,594
22.0,Male,57921,7.6,13174,3.1,4,2,51356,530
25.0,Female,144866,3.6,57536,5.7,7,1,23980,595
47.0,Female,54589,6.1,19337,24.1,8,2,32842,587
22.0,Male,179575,4.2,100622,1.0,8,2,175217,490
40.0,Male,58135,4.0,4756,16.8,3,0,41092,554
36.0,Male,74209,4.1,39671,17.6,4,2,38478,560
36.0,Male,40126,9.5,14233,11.4,4,0,8646,605
34.0,Male,24601,2.1,14412,6.8,4,1,23764,514
21.0,Female,33051,2.7,7417,1.0,8,2,19541,506
34.0,Male,33496,6.2,9744,4.7,7,0,33361,606
33.0,Male,69672,14.8,35139,11.8,7,1,30420,564
47.0,Female,25167,7.6,14620,17.8,4,2,30188,599
30.0,Female,54910,4.1,23281,1.0,1,3,29786,457
42.0,Male,101675,3.1,23415,10.6,7,1,123372,552
35.0,Female,65821,2.9,30905,16.8,4,2,26269,566
44.0,Female,80193,13.0,27417,24.4,5,3,37222,618
31.0,Female,36587,7.8,8107,4.4,5,3,7440,544
43.0,Male,52878,7.1,6939,16.0,4,1,17578,566
27.0,Female,95610,2.1,23927,1.0,2,1,115142,523
50.0,Male,47945,6.3,18473,26.3,4,0,23625,598
57.0,Female,25955,4.0,10150,27.3,3,2,7863,599
44.0,Female,64468,26.2,37244,13.1,8,3,38944,663
57.0,Female,130792,13.3,14377,38.5,6,2,109564,714
33.0,Female,68964,5.5,36606,1.4,6,1,71233,498
52.0,Female,67497,5.8,17538,25.0,7,2,37327,589
26.0,Male,49648,12.7,27795,1.0,4,1,43230,527
21.0,Female,91693,4.9,27655,2.1,4,3,86169,516
35.0,Female,59325,1.8,13241,10.4,5,0,71300,550
44.0,Male,94038,8.9,54134,16.0,4,2,65165,548
29.0,Female,57109,3.3,9939,3.2,6,2,65584,521
63.0,Male,28539,8.2,12429,40.0,6,3,11137,647
37.0,Male,37086,4.0,6405,16.0,4,0,18240,543
47.0,Female,116522,12.2,21492,18.3,8,0,132143,626
42.0,Male,63230,20.4,16722,23.7,3,3,53287,620
24.0,Female,32705,4.7,3662,1.0,7,2,9039,530
27.0,Male,41486,4.3,7249,1.2,6,0,29133,580
38.0,Male,95721,5.1,60361,17.4,6,2,102604,537
37.0,Male,97840,6.2,37439,10.1,6,2,97510,543
41.0,Female,68760,2.5,11312,19.5,3,2,73162,508
21.0,Male,81099,0.2,10567,1.0,7,0,55743,572
32.0,Male,108545,6.5,55564,4.7,7,0,51448,598
39.0,Female,56389,13.6,14382,14.4,6,1,63948,622
,Female,42837,7.7,27798,21.7,8,1,13986,614
21.0,Male,107830,7.2,29760,1.0,5,2,94194,508
49.0,Male,66167,8.3,6506,27.6,5,0,10926,692
29.0,Male,44283,6.9,25289,8.4,4,2,8622,531
42.0,Female,119456,7.1,24599,15.4,5,1,84759,581
69.0,Male,42974,5.5,27561,38.1,2,2,35403,579
30.0,Female,33836,3.2,14457,2.9,7,0,13813,545
40.0,Male,29323,4.4,3695,19.6,6,1,15455,613
33.0,Male,60065,11.4,14530,7.3,6,1,17773,590
36.0,Male,58161,7.6,27606,9.0,4,1,48291,546
53.0,Male,107711,4.5,19729,21.1,6,0,133401,590
48.0,Female,143071,9.9,92957,18.6,6,2,109097,558
54.0,Male,104847,4.4,61104,33.1,4,0,57828,578
25.0,Female,118159,10.0,58136,1.0,8,3,75260,528
69.0,Female,44227,6.0,6012,40.0,6,1,44135,640
35.0,Female,18838,3.9,11671,4.9,3,4,12482,495
56.0,Male,39212,3.9,6884,36.5,4,3,41821,617
43.0,Male,50766,18.7,31325,20.9,4,1,10652,645
55.0,Male,91087,2.6,53335,36.5,9,1,19330,654
52.0,Male,27815,5.5,11304,32.7,4,2,15616,586
41.0,Female,30088,2.9,5896,22.8,6,0,20928,587
63.0,Female,32308,2.8,20655,40.0,4,1,28910,636
22.0,Female,74321,5.7,6754,1.0,6,1,50139,563
43.0,Male,102762,1.0,21843,19.1,6,4,56613,540
40.0,Female,29191,7.1,10851,15.5,10,0,16105,639
62.0,Male,20268,8.9,9640,36.3,7,1,17369,633
46.0,Male,48640,13.4,31092,17.6,4,4,10184,546
52.0,Male,36099,10.4,9936,26.9,5,1,34138,634
45.0,Male,131227,16.1,54918,18.7,4,1,61613,633
47.0,Male,111248,5.8,35910,19.4,4,3,60897,560
22.0,Female,35397,5.4,14425,1.0,2,3,6986,517
42.0,Female,80120,5.1,18309,11.1,3,2,73607,518
39.0,Female,50939,12.3,27472,7.9,6,1,59981,604
24.0,Female,43651,11.4,14005,1.0,5,2,53690,524
50.0,Male,49954,8.0,23041,18.1,4,2,28102,568
32.0,Female,80458,9.7,25298,1.0,4,3,20578,537
46.0,Male,36503,4.4,13752,27.3,3,1,11639,605
45.0,Female,34453,4.8,16910,19.8,3,0,36342,565
31.0,Male,35467,3.9,19941,11.9,6,3,36048,526
46.0,Male,59934,8.7,19900,21.7,7,0,57867,617
34.0,Male,105211,4.9,45118,11.9,6,2,21196,607
29.0,Male,102366,5.4,32179,1.1,9,0,110882,533
38.0,Female,36549,13.8,20548,8.9,6,1,14217,636
24.0,Female,73415,5.4,42676,5.8,2,0,80624,575
30.0,Female,33208,8.1,19151,5.7,4,0,28668,573
51.0,Female,81733,1.5,38596,30.7,10,1,85841,597
52.0,Female,62196,14.4,12168,29.0,3,2,77354,639
52.0,Female,87852,13.9,50979,23.9,7,1,102306,649
29.0,Female,38552,7.9,12139,5.4,8,1,26052,571
33.0,Male,82016,12.4,33216,7.9,1,1,89145,532
45.0,Male,47683,10.0,19133,16.7,6,1,36769,619
38.0,Male,102617,8.2,11047,13.2,3,2,126528,580
32.0,,64257,3.7,28735,5.8,5,0,38938,553
42.0,Female,116956,12.5,64043,10.0,5,1,57132,562
21.0,Male,42567,17.4,9636,1.0,8,1,34273,617
39.0,Female,68694,3.9,25102,8.9,7,2,21834,573
32.0,Female,49990,11.3,23335,7.2,5,3,41899,571
55.0,Male,67700,9.7,42720,33.7,5,1,22154,627
50.0,Female,27775,2.9,4573,26.3,12,2,20691,609
36.0,Male,52513,15.1,13341,13.5,4,2,37877,630
37.0,Male,41808,3.9,6195,13.8,6,2,32490,573
28.0,Male,64672,4.7,9794,1.0,5,1,66369,547
45.0,Female,71644,8.4,9731,25.5,6,4,75961,591
44.0,Male,50810,5.8,8865,17.7,3,1,55656,558
31.0,Female,67013,8.2,18037,3.9,5,0,45782,545
24.0,Male,57428,10.2,35695,5.8,3,1,41563,531
47.0,Female,38774,8.2,16055,16.9,5,2,39565,521
39.0,Male,65695,1.2,41712,10.2,6,2,64852,488
21.0,Male,74315,17.5,46168,1.0,8,1,61535,617
32.0,Male,70170,4.6,39720,2.1,3,1,83020,504
39.0,Male,84571,15.2,11119,9.7,5,3,59711,601
37.0,Male,99657,8.6,54459,15.5,5,5,102892,559
45.0,Female,61537,5.4,16625,17.1,5,1,24350,589
55.0,Male,32916,11.3,17968,27.1,5,1,5672,620
48.0,Male,78112,5.2,38929,22.6,2,0,59906,574
39.0,Male,45275,8.3,8122,8.4,4,2,21311,580
48.0,Female,104519,9.3,27404,18.9,6,0,97637,672
54.0,Male,98733,3.0,27087,29.6,2,3,67908,580
47.0,Male,66961,5.4,34230,26.2,6,2,12203,601
28.0,Male,70909,7.6,39224,9.0,6,1,87813,519
27.0,Male,67634,6.4,12872,8.4,2,1,78426,541
49.0,Female,57407,5.2,17339,29.1,10,1,23722,660
34.0,Female,59396,5.7,15914,15.1,7,2,35373,576
30.0,Male,92710,6.7,19436,2.0,4,0,68254,522
33.0,Female,70308,10.7,42659,5.2,4,0,33949,584
60.0,Male,20810,2.9,9468,34.8,3,3,24598,574
37.0,Male,118990,10.4,55502,7.7,4,2,141141,517
37.0,Female,135001,8.2,57797,15.1,1,1,100196,555
55.0,Female,45893,7.8,11939,30.9,4,0,14359,633
49.0,Female,66051,1.4,6389,30.9,5,0,36136,628
21.0,Male,87913,9.6,40656,1.0,3,0,54188,549
51.0,Male,51481,3.7,27536,26.1,8,0,31046,607
43.0,Male,42678,6.1,7745,17.4,8,2,40045,589
46.0,Female,69442,19.0,43717,22.5,3,4,81226,586
21.0,Male,108964,1.8,63279,1.0,4,1,39375,521
53.0,Male,28515,4.2,5761,23.7,5,3,11095,573
45.0,Female,69193,2.9,27498,21.8,2,1,55811,535
52.0,Female,66544,11.0,10224,27.9,6,3,79168,606
43.0,Male,50366,7.2,20300,15.5,2,2,32542,583
34.0,Female,42080,12.1,12808,10.1,6,1,11176,578
35.0,Female,43348,5.2,9075,4.5,5,2,33078,524
27.0,Male,61984,28.0,38040,1.0,5,0,10673,672
30.0,Female,36321,14.5,12787,1.3,8,0,12856,608
49.0,Male,32338,6.8,7216,23.1,5,1,29692,582
39.0,Male,54755,6.8,34238,20.5,5,1,36984,550
41.0,Male,92121,9.7,54948,18.8,7,1,31822,595
38.0,Female,31128,4.8,2541,12.4,7,0,15615,627
23.0,Female,150833,7.9,28281,2.6,6,2,164062,549
50.0,Female,38656,11.8,19158,22.9,7,0,16799,680
41.0,Male,36667,11.1,11464,20.1,7,3,41007,619
27.0,Female,75531,17.6,30518,1.0,4,2,56485,590
40.0,Male,62160,5.7,16351,13.0,4,3,47058,538
52.0,Male,61755,2.8,13351,34.0,8,0,33230,658
21.0,Male,97196,4.6,25535,1.0,4,1,91251,532
35.0,Male,98193,7.0,18249,8.8,7,1,67555,584
35.0,Female,31945,9.4,7712,16.9,8,0,39044,618
39.0,Male,102036,11.9,47818,15.7,5,0,21075,633
47.0,Female,87651,7.6,32159,15.5,6,3,61574,550
32.0,Male,98011,2.5,57146,3.2,5,2,19862,547
46.0,Female,61095,15.4,23068,14.7,4,3,75945,570
43.0,Male,90439,7.8,14481,22.3,6,5,85317,554
30.0,Male,70005,9.9,17628,5.0,5,2,82419,525
32.0,Male,91142,6.3,21636,4.9,9,1,48083,547
28.0,Male,53501,4.3,32358,5.6,5,1,8511,515
39.0,Male,55475,11.0,5808,14.6,4,1,38254,592
46.0,Male,43992,13.4,16641,17.9,4,3,49355,619
43.0,Male,43109,18.9,17665,23.4,5,2,37766,615
43.0,Male,136048,6.7,40334,11.6,3,0,44331,603
42.0,Female,85530,3.8,26538,19.2,3,0,82693,565
23.0,Female,92740,3.4,25279,1.0,8,0,26961,581
34.0,Male,37360,10.5,16013,2.5,3,2,31107,530
58.0,Female,59538,6.3,20159,28.3,3,5,25915,587
41.0,Male,39352,3.5,13974,9.7,4,1,34054,559
45.0,Male,59993,4.5,36593,16.4,4,1,25639,538
27.0,Female,64060,3.3,11869,2.5,5,2,78816,540
40.0,Male,29583,6.1,18516,14.1,6,0,36848,626
25.0,Female,101627,8.6,64818,6.2,7,1,85805,567
51.0,Female,28296,9.0,12999,21.3,4,2,8540,587
21.0,Male,36022,2.1,9958,1.0,2,1,21300,484
27.0,Male,38615,5.0,7750,4.5,4,1,27440,571
50.0,Male,78602,8.9,49329,22.4,1,3,49877,518
57.0,Male,29180,7.5,8990,34.6,6,0,27135,657
54.0,Male,47928,16.5,22405,35.9,5,0,40454,691
30.0,Male,104274,10.7,31780,5.3,6,4,123193,553
50.0,Female,55970,4.7,8650,29.0,3,2,63663,599
63.0,Male,34170,3.7,13241,37.3,6,1,39165,605
30.0,Male,30951,10.8,18863,1.7,10,0,26971,628
29.0,Male,77160,10.3,22749,5.9,7,2,44112,585
35.0,Male,46166,9.6,6074,8.1,10,1,26810,626
33.0,Male,19845,16.6,6546,10.5,8,4,23777,573
57.0,Female,76462,5.8,25555,35.4,6,2,56158,619
24.0,Female,69322,4.5,32792,1.0,9,2,56479,561
38.0,Male,57499,5.4,13106,7.6,5,1,47516,529
57.0,Female,75466,6.5,43957,36.6,6,1,76417,637
51.0,Male,50889,11.4,4240,26.6,4,2,52295,633
21.0,Female,123171,11.1,26447,1.0,3,2,24877,552
28.0,Female,37188,9.2,24007,1.0,6,3,7436,511
29.0,Female,31388,10.6,8073,4.3,4,0,14166,601
48.0,Female,35492,1.3,22912,17.4,5,0,30558,544
44.0,Male,30506,17.5,4495,13.7,4,1,35096,602
30.0,Female,73027,4.1,14735,1.2,2,3,42707,472
56.0,Male,48497,7.7,24863,37.5,5,2,51448,613
51.0,Male,44791,16.2,22409,28.7,4,1,48313,637
24.0,Female,41024,7.5,22241,1.0,5,3,13061,516
26.0,Male,88938,11.6,21936,7.6,7,1,69583,638
33.0,Male,77348,3.0,25304,4.4,3,0,40854,550
45.0,Male,90627,14.5,46547,18.5,6,1,42801,600
28.0,Male,64870,6.5,7500,7.2,9,3,65247,551
21.0,Male,64915,2.3,18447,1.0,3,1,73494,526
49.0,Female,58593,8.5,14551,18.5,2,2,42281,590
21.0,Female,100328,1.1,48578,1.0,6,0,105191,490
64.0,,49774,19.0,28631,40.0,6,1,57915,727
58.0,Female,75759,3.4,45389,36.4,4,4,39085,553
47.0,,130737,14.6,80763,23.0,5,0,48005,660
45.0,Female,68095,4.5,37612,26.7,6,0,70773,602
26.0,Male,31065,2.5,2929,6.8,7,1,30885,528
50.0,Male,108600,9.0,38149,21.4,3,2,27403,588
27.0,Female,85136,14.4,53630,3.6,5,1,71950,542
30.0,Female,60970,5.1,20333,1.0,5,2,61843,512
61.0,Female,34317,7.9,4236,32.2,7,2,33164,633
,Male,38575,1.0,13557,13.2,6,3,32404,496
51.0,Female,27259,7.4,5182,20.3,4,1,26059,563
38.0,Male,37549,6.7,6876,17.8,2,0,46887,590
34.0,Male,51509,4.7,27253,6.6,6,0,57835,567
47.0,Male,47065,9.0,3800,19.9,8,1,32803,672
47.0,Female,43195,9.8,26102,22.2,6,0,42079,617
30.0,Male,39297,2.4,12372,1.6,7,0,21108,588
31.0,Female,80915,6.4,28773,9.5,5,1,56767,580
36.0,Male,154997,11.1,66744,8.5,5,0,100657,567
29.0,Female,102246,1.8,19457,10.6,1,0,53619,613
41.0,Female,73170,2.5,8749,23.0,5,3,78832,555
47.0,Female,46928,5.1,8429,27.8,7,2,29719,602
38.0,Female,69119,14.0,42620,8.3,8,0,51951,610
51.0,Female,67057,8.6,38007,32.1,4,1,14048,634
34.0,Female,43199,23.5,11799,11.9,6,1,25139,671
46.0,Female,32559,4.2,18238,21.4,2,0,14679,604
30.0,Male,98852,7.9,60215,1.8,3,1,16451,563
27.0,Male,149404,2.7,23801,7.7,5,3,180000,484
36.0,Female,22344,4.1,12330,8.0,6,1,21927,514
43.0,Male,19543,2.8,9214,15.0,7,2,7791,612
49.0,Female,62325,1.6,31781,22.2,2,5,55150,502
33.0,Male,141663,6.9,35188,2.3,8,2,131391,575
42.0,Male,75132,7.5,32800,11.7,5,1,56450,560
43.0,Male,47918,12.7,13601,19.4,2,0,41174,610
29.0,Female,47370,14.2,23766,1.0,5,2,29786,548
53.0,Male,175493,13.0,113890,26.4,2,2,180000,550
48.0,Female,118370,13.5,27181,28.0,5,3,22893,652
37.0,Female,36709,6.9,7602,15.7,4,3,33175,545
48.0,Male,65467,5.6,42411,26.5,2,0,33346,616
52.0,Female,33022,5.6,7102,28.3,5,1,13428,589
45.0,Male,72293,6.5,22001,19.4,3,1,89862,584
44.0,Male,37401,11.5,4447,19.7,6,1,24639,664
47.0,Female,30167,2.5,12953,23.6,3,0,16975,601
28.0,Female,77910,5.2,39695,9.2,7,0,59109,550
51.0,Male,19546,9.8,2384,22.5,7,0,12919,653
45.0,Female,71819,5.6,38859,19.2,3,1,52114,617
41.0,Male,41229,8.5,4629,13.3,5,1,45623,609
44.0,Male,59870,10.3,28180,19.2,9,0,49414,690
59.0,Male,125146,11.3,37620,36.8,5,0,83591,692
32.0,Male,41866,16.0,3564,6.1,2,2,37477,548
34.0,Female,37769,12.3,13067,14.7,6,0,43407,649
47.0,Male,109183,17.5,12711,25.7,3,0,90333,689
46.0,Female,73474,2.4,46912,24.6,5,2,75669,534
21.0,Female,74022,4.7,25554,1.0,4,1,62622,516
54.0,Male,68779,7.8,39696,22.6,3,2,20937,580
45.0,Male,35519,6.2,13516,16.8,8,0,14650,589
70.0,Male,37564,4.4,6581,40.0,8,2,39350,647
56.0,Male,142318,16.9,90225,36.4,5,0,41100,719
62.0,Female,55195,5.6,28235,38.0,7,2,51215,592
43.0,Female,93592,5.2,18714,17.4,4,3,20339,545
35.0,Male,43245,1.6,14407,16.2,3,0,32389,574
63.0,Female,42870,3.3,12230,40.0,7,2,39832,626
50.0,Female,84356,8.6,35543,29.0,5,1,52829,625
35.0,Male,73445,3.3,11910,11.9,6,1,73501,545
62.0,Male,36896,11.8,15474,35.0,11,2,45110,696
56.0,Male,98204,6.5,27876,37.5,8,1,33466,673
31.0,Female,57937,4.7,16308,6.5,4,2,34732,513
50.0,Male,179592,13.6,14956,30.5,8,2,150097,671
38.0,Male,61132,15.6,35465,11.2,3,3,37582,560
36.0,Male,35358,16.1,9889,11.2,3,2,27965,588
41.0,Male,71709,11.0,36595,22.2,7,0,18066,645
26.0,Female,73012,2.7,41044,1.0,6,1,34579,502
45.0,Male,43029,33.1,25544,17.0,5,2,41918,710
30.0,Male,26260,5.0,6703,1.0,3,0,10461,557
38.0,Male,50994,5.0,8688,15.0,7,2,45266,620
37.0,Female,77746,14.4,46740,8.0,3,0,49003,609
21.0,Female,71388,3.3,6556,1.4,6,2,11861,569
38.0,Male,112302,5.9,63392,7.1,8,3,47209,533
34.0,Male,43334,9.9,22494,10.7,8,1,32988,592
27.0,Male,48942,13.2,24985,1.0,3,0,31971,614
32.0,Male,30930,8.5,4543,4.3,8,3,26711,574
53.0,Female,18981,10.9,12067,29.0,7,1,4051,631
34.0,Male,104383,6.2,31659,7.6,5,0,130190,511
33.0,Female,54316,7.2,30549,3.7,4,1,14781,593
34.0,Male,83458,5.1,7668,14.9,7,2,80978,581
31.0,Female,111640,4.1,9180,9.2,4,0,43650,564
41.0,Female,38119,19.3,20357,12.6,2,0,23710,584
24.0,Female,38973,7.8,20089,1.8,4,0,32811,540
42.0,Male,87668,9.5,13410,16.7,6,1,94461,625
21.0,Female,132359,2.5,57288,1.0,4,1,115782,492
29.0,Female,120933,4.5,45535,1.0,9,2,76319,541
27.0,Female,107606,22.9,12165,1.3,6,3,73655,607
46.0,Male,40781,8.7,7444,18.2,3,2,30037,586
41.0,Male,55872,13.9,23606,14.7,6,0,55882,615
49.0,Female,85467,23.4,35972,21.6,5,2,50733,688
44.0,Male,112428,1.3,16797,17.0,5,0,41443,576
48.0,Female,64342,12.4,11902,29.6,5,1,73578,582
33.0,Female,49946,3.6,13522,7.9,6,3,38614,535
54.0,Male,122207,7.4,59742,23.1,5,1,60094,603
21.0,Female,79582,8.9,29063,1.0,5,2,77946,589
42.0,Female,107790,7.3,24915,21.7,1,1,68660,584
36.0,Female,32145,11.9,6979,5.4,9,1,13470,615
44.0,Male,63369,6.5,13234,25.6,10,3,61442,612
45.0,Female,66613,9.1,37302,17.5,5,2,49084,590
21.0,Female,86348,13.9,21347,1.0,6,1,92838,558
34.0,Female,85935,11.6,15096,2.2,9,2,61200,568
39.0,Male,94542,18.7,16645,8.9,7,1,70403,619
64.0,Male,159367,7.6,41249,32.3,4,1,56166,677
38.0,Male,31749,6.2,12290,13.7,5,2,9141,565
27.0,Male,121928,5.1,39845,6.3,3,0,22414,589
44.0,Female,98554,3.9,20997,22.5,6,2,82646,580
60.0,Female,90866,2.5,53566,32.7,4,1,58295,568
28.0,Female,69557,7.9,22014,1.0,5,4,16705,522
56.0,Female,55407,6.4,23131,31.7,3,1,31597,604
30.0,Female,59495,3.9,15191,3.2,5,3,56563,534
37.0,Female,52407,8.1,22143,10.3,3,0,17400,573
31.0,Male,71198,9.4,11610,1.0,4,0,69231,581
45.0,Female,59868,3.8,27864,19.6,4,2,46351,539
38.0,Male,63334,13.9,17267,7.1,3,3,10624,539
36.0,Male,127277,1.5,79579,11.8,3,2,118631,477
37.0,Male,135515,6.3,62248,9.2,2,0,67102,548
21.0,Female,152804,3.7,35227,1.0,5,2,164021,509
40.0,Male,141355,5.6,23426,14.9,4,2,44308,585
40.0,Male,57551,10.8,13619,12.3,9,2,10469,626
42.0,Male,73356,8.8,15472,15.2,8,2,56319,579
49.0,Male,86226,21.4,27174,22.8,5,0,57979,706
,Male,19083,11.1,5958,5.1,9,1,4438,614
50.0,Female,87869,8.0,23410,24.1,2,3,75550,572
37.0,Female,28264,6.3,7738,12.5,7,2,5562,546
38.0,Male,51972,4.3,27162,16.5,6,1,38558,546
21.0,Male,115725,7.1,72465,1.0,6,1,28721,529
37.0,Female,64178,3.2,38434,5.5,4,2,29187,531
46.0,Male,68759,3.6,12162,25.9,8,3,44994,562
24.0,Male,56748,5.0,33617,1.0,1,3,10387,484
35.0,Male,35320,18.2,17796,14.2,5,1,22533,617
62.0,Female,51288,14.9,7366,38.9,4,0,12814,711
47.0,Male,52258,10.7,24995,17.9,7,1,13905,636
53.0,Male,58464,4.8,32170,26.0,8,2,41742,604
54.0,Female,38249,11.8,5161,25.1,5,3,17037,595
44.0,Male,43392,6.9,16453,12.6,8,0,30201,596
42.0,Male,31394,4.0,15889,21.7,3,2,34652,583
27.0,Male,30622,8.7,13380,5.6,6,2,26501,574
31.0,Female,209106,9.7,113301,12.5,5,1,53034,595
24.0,Female,74239,9.9,6825,1.4,4,0,35063,581
44.0,Female,36906,12.8,18491,15.4,12,0,28286,644
32.0,Female,54369,13.7,22627,9.4,4,1,43979,613
32.0,Female,44714,7.9,23510,4.2,3,1,7383,508
34.0,Male,79364,3.4,45481,12.6,4,1,85931,503
41.0,Male,36434,6.0,7847,10.5,8,3,22643,559
31.0,Male,43446,14.5,10211,12.8,7,1,47238,609
43.0,Female,33716,13.3,18311,11.9,6,2,20315,574
37.0,Male,33601,3.3,12003,5.5,7,4,15846,527
25.0,Male,86668,10.2,35778,1.7,5,2,60413,541
33.0,Male,124681,17.6,77582,4.4,3,2,78609,542
52.0,Male,33907,13.8,16227,30.7,4,3,6625,648
40.0,Male,164612,7.7,15097,20.3,4,1,102958,643
56.0,Female,62519,7.1,12994,34.6,5,1,42454,668
42.0,Female,48001,8.3,10052,23.8,8,2,20632,663
31.0,Male,118413,5.8,18370,6.3,6,3,85413,571
60.0,Male,90460,2.0,58550,31.6,2,2,79854,566
47.0,Female,45942,14.0,5144,22.9,7,1,34529,619
27.0,Male,25438,5.1,15835,1.0,6,1,26501,506
23.0,Male,35480,1.6,8782,1.1,6,0,13792,533
30.0,Male,46445,3.8,15575,5.8,3,0,28831,510
39.0,Male,42872,21.4,19132,17.4,4,2,6843,649
48.0,Male,48935,9.7,15395,26.5,9,0,54388,646
52.0,Male,63348,1.4,7913,28.0,3,1,49244,578
25.0,,96449,3.5,9217,1.0,6,1,96843,557
54.0,Female,45254,7.9,19514,22.3,2,0,8891,598
25.0,Female,45059,7.7,28300,1.0,5,1,21839,518
45.0,Female,70783,6.9,37179,16.3,3,0,79129,561
21.0,Female,55683,4.3,11560,1.0,2,2,45739,488
41.0,Female,107227,5.1,40652,22.2,1,1,72336,567
40.0,Male,56600,16.1,18469,10.2,5,5,64783,557
36.0,Male,156249,4.9,96297,5.5,8,1,73919,578
36.0,Male,47140,5.8,27768,9.7,8,3,20055,524
38.0,Male,162340,2.5,22876,18.7,4,0,65076,637
70.0,Female,66670,9.8,23591,40.0,3,1,70174,634
48.0,,49604,7.6,30785,23.9,8,2,7567,633
44.0,Female,22232,3.7,4274,23.2,4,3,22114,596
36.0,Male,84571,9.3,23358,6.8,6,1,83425,567
33.0,Male,55204,11.8,32260,5.4,8,0,19623,575
29.0,Female,57693,2.0,34137,8.0,8,1,33750,568
42.0,Female,58102,1.0,16122,18.9,5,0,25019,581
25.0,Male,106127,2.4,16550,3.9,4,1,77019,521
36.0,Male,71742,4.7,25350,14.0,3,1,83866,524
21.0,Male,55942,5.2,8260,1.0,8,0,17379,565
60.0,Male,64284,3.2,15322,39.0,7,3,51847,634
38.0,Female,44071,7.5,12422,16.9,10,1,49758,573
37.0,Female,95243,8.2,45521,16.5,4,2,59345,580
50.0,Female,124197,6.0,31536,29.1,6,1,68751,683
35.0,Female,53118,2.1,18778,12.1,4,1,47865,515
21.0,Female,87514,11.9,13976,1.0,4,1,106023,518
,Male,64725,8.2,20720,5.7,3,4,41121,558
43.0,Female,101960,7.1,52384,13.2,3,0,43804,554
46.0,Male,39882,6.1,8616,18.4,3,0,39371,588
33.0,Male,104114,6.6,42307,11.4,6,2,67511,576
55.0,Female,28565,2.5,14946,31.7,4,1,35575,555
37.0,Female,35251,4.6,7471,9.0,4,2,28513,515
37.0,Male,100738,4.2,56410,8.9,8,0,22314,567
23.0,Male,68958,8.9,12983,1.0,4,2,20628,560
44.0,Male,35288,5.2,17953,12.6,3,0,14818,585
39.0,Male,83613,3.4,40679,19.6,4,2,74767,560
41.0,Male,76000,2.5,41031,16.9,6,0,52703,544
56.0,Female,70931,3.3,33067,27.4,4,2,79603,561
51.0,Male,271951,14.3,56143,31.8,7,1,180000,767
29.0,Female,88063,11.2,40539,6.7,6,1,38431,616
41.0,Female,34121,6.3,9429,20.7,4,0,8512,586
52.0,Male,34074,5.6,4600,22.3,5,2,30125,569
45.0,Female,46679,5.4,7321,21.0,5,3,23093,564
29.0,Female,55603,15.9,26082,1.0,7,1,26442,575
21.0,Female,47523,6.0,28446,1.0,5,1,48188,477
34.0,Male,43936,19.2,27013,4.6,7,1,9809,580
48.0,Male,91006,4.3,16253,23.1,2,0,42485,626
21.0,Female,85370,7.7,25194,1.0,9,1,86698,570
47.0,Male,55777,4.2,29714,20.6,8,2,42911,584
42.0,Male,39909,9.1,7256,21.2,4,1,9780,611
27.0,Male,80346,20.4,15047,1.0,9,3,33183,628
,Female,45191,5.4,6256,9.0,4,0,47247,566
59.0,Male,26050,6.6,12338,35.5,2,2,12005,600
49.0,Male,56824,9.4,16152,24.0,2,2,33915,607
21.0,,62078,10.2,21300,1.0,6,1,61858,539
51.0,Female,74997,9.9,9625,26.0,7,3,34698,596
35.0,Female,87979,6.5,54801,13.3,6,0,19191,581
44.0,Female,58671,7.2,37356,12.4,4,1,13308,578
31.0,Male,29863,11.4,4713,11.3,9,0,23884,634
37.0,Male,78365,12.6,27781,9.3,9,0,17122,620
21.0,Male,34609,7.0,2982,1.0,4,2,23364,562
48.0,Female,18455,9.6,7411,16.4,5,4,15166,502
56.0,Male,30732,1.6,16717,33.2,8,1,17564,644
47.0,Female,81622,7.8,20163,18.1,6,1,47612,600
40.0,Male,70621,16.0,33314,17.2,6,1,32149,649
49.0,Female,53186,5.8,12075,21.9,5,1,15140,570
41.0,Male,101068,15.5,26750,19.0,7,1,104950,603
22.0,Male,88544,12.2,14986,3.2,4,1,54598,584
40.0,Male,73957,8.6,40811,10.4,10,2,72011,537
35.0,Male,182961,10.4,45800,9.0,8,2,100048,643
21.0,Male,24579,9.0,7789,1.0,7,3,23719,498
48.0,Male,129597,9.5,40207,28.6,4,1,103836,627
56.0,Female,62117,12.1,23939,26.8,5,3,48641,597
26.0,Male,35607,2.7,11133,6.5,5,0,36012,529
32.0,Male,65587,7.8,22962,8.0,9,0,42151,606
57.0,Female,111908,1.1,60664,32.7,3,1,80285,590
41.0,Female,34016,8.5,13042,12.2,7,0,12758,619
46.0,Male,132723,2.9,19613,26.2,4,0,26680,638
45.0,Female,100038,6.9,54196,25.0,6,2,24083,574
40.0,Male,85150,9.6,8268,14.0,7,2,26409,576
27.0,Male,46438,4.2,28530,1.0,7,0,9100,544
41.0,Male,79417,6.0,12194,21.3,5,0,85832,620
40.0,Female,41190,6.1,21173,15.9,2,0,22903,598
48.0,Male,29421,10.4,10932,21.8,3,1,19714,580
40.0,Male,56239,7.3,26763,19.9,3,4,35182,588
33.0,Male,85476,16.1,55260,9.1,7,1,87790,607
21.0,Female,46131,14.1,20475,1.0,6,1,37000,588
31.0,Female,27012,8.3,17027,9.7,3,1,10230,601
35.0,Female,109807,11.8,68313,11.1,3,2,44851,591
46.0,Female,101881,22.1,30494,16.6,5,2,30764,625
39.0,Male,41552,10.2,16135,13.0,7,3,50439,560
36.0,Male,81505,4.3,27713,13.7,7,1,71517,609
24.0,Female,57491,5.9,34977,1.0,2,2,14851,493
44.0,Male,43994,7.6,11768,19.5,2,3,7901,614
21.0,Female,60254,7.5,7846,1.0,3,1,56630,558
46.0,Female,118561,28.3,20810,22.0,3,4,135407,626
52.0,Male,43083,6.6,7321,30.1,4,2,35819,606
39.0,Female,64959,3.9,18316,12.3,10,1,75171,554
33.0,Male,68660,7.5,5976,9.2,5,1,60927,598
36.0,Female,58409,12.6,26484,4.4,2,0,56358,546
47.0,Female,38164,3.6,3404,16.3,5,2,22923,573
35.0,Female,106444,5.6,45537,13.6,5,2,23847,569
50.0,Male,70662,3.6,21488,18.6,5,0,30307,568
52.0,Female,57606,2.1,14917,30.7,6,3,48084,602
31.0,Male,49088,1.5,20788,12.3,2,2,30701,517
35.0,Male,50289,10.4,22360,3.5,5,0,58655,559
38.0,Female,68949,5.5,22632,9.1,5,0,65864,579
38.0,Female,64636,2.7,21211,16.2,3,0,57956,522
59.0,Male,74145,9.5,42514,29.5,5,4,57066,572
33.0,Male,80346,6.9,11622,3.1,7,0,34177,572
57.0,Female,49894,2.7,7437,38.8,4,2,27201,663
53.0,Female,117461,12.9,46349,34.7,8,1,77920,676
24.0,Male,55174,9.2,32435,4.4,2,1,67940,524
39.0,Female,83292,1.9,47052,20.3,4,0,43797,581
49.0,Male,86467,4.2,24175,27.2,7,2,84234,604
32.0,Male,150512,7.6,91839,5.0,4,2,137678,486
34.0,Female,145110,3.6,50799,15.4,5,1,112182,533
29.0,Female,106883,6.6,53446,5.7,5,1,114994,575
33.0,Female,58680,6.9,28514,8.6,7,0,49285,621
45.0,Male,39595,4.9,24269,17.2,8,0,7961,622
53.0,Male,58267,2.2,29762,30.3,3,0,25316,584
39.0,Female,46318,8.1,29521,7.6,7,3,30033,552
39.0,Female,67075,18.4,36691,12.0,5,2,42768,622
52.0,Male,93977,11.2,52450,30.3,2,3,60063,600
36.0,Female,44288,5.1,10832,6.7,6,0,42872,543
21.0,Female,68913,5.3,9823,1.0,4,0,40556,555
40.0,Male,214989,6.3,120000,11.0,5,1,180000,514
36.0,Male,78685,4.3,45310,6.6,3,0,16254,556
32.0,Male,48616,4.0,18983,7.7,3,1,57215,525
49.0,Female,113959,11.5,44112,18.9,8,0,96785,623
55.0,Male,75071,6.6,45337,27.4,6,0,29693,618
26.0,Female,54849,9.0,23259,7.9,3,1,55953,534
43.0,Male,52878,7.1,6939,16.0,4,1,17578,566
38.0,Female,84093,7.3,35572,6.2,5,1,36829,534
44.0,Male,115947,5.7,34395,16.9,4,1,139978,552
41.0,Female,300000,7.6,113375,21.5,6,0,170065,666
37.0,Male,106140,4.9,27684,16.7,5,0,24719,626
39.0,Female,74177,1.7,46073,17.7,1,0,79158,550
43.0,Male,50265,1.7,23006,14.6,3,0,62100,565
68.0,Female,19260,11.8,6006,40.0,5,2,7858,643
38.0,Female,60812,3.2,15627,9.7,7,0,37587,573
58.0,Male,53634,8.4,22068,38.7,7,0,9034,686
24.0,Male,35822,3.1,14097,1.0,3,2,35899,502
39.0,Male,35775,15.8,22458,11.3,5,1,12140,594
39.0,Female,59042,1.3,37064,10.8,7,2,54398,539
21.0,Male,64727,2.5,12050,1.0,3,2,73020,515
25.0,Male,46124,3.2,29416,1.0,9,0,55562,541
47.0,Female,59240,7.6,34586,24.8,8,0,9586,610
43.0,Female,22614,1.7,8220,21.3,5,3,23124,510
47.0,Male,46025,8.9,16593,21.4,7,0,21325,636
47.0,Male,32902,4.4,18925,27.8,8,3,21445,587
37.0,Male,49253,20.0,27344,12.2,2,0,49446,600
27.0,Female,74325,9.6,42419,5.5,4,1,36573,545
41.0,Female,54065,6.5,34792,17.6,3,2,48718,537
55.0,Female,69362,1.9,25197,36.3,8,0,71595,607
24.0,Male,95266,19.6,11104,1.0,5,2,46489,636
39.0,Female,47388,0.4,18109,12.2,4,2,29601,518
24.0,Male,30859,13.3,19155,1.0,7,3,35672,547
36.0,Female,35270,3.3,7197,12.1,3,1,11512,566
38.0,Male,53174,1.0,29470,19.0,6,1,24650,540
37.0,Male,63747,5.2,21840,8.1,3,2,9820,571
26.0,Male,79085,6.0,26818,1.0,8,2,73754,497
37.0,Male,94402,2.9,19395,14.6,3,0,31661,572
46.0,Female,126888,6.1,58789,17.0,3,1,143017,533
44.0,Female,38489,7.9,17702,16.2,3,2,24944,525
48.0,Male,127027,5.2,36837,26.9,5,1,109543,595
36.0,Female,35197,3.9,17717,14.4,6,1,35063,569
37.0,Male,132679,11.0,57148,9.8,4,1,82109,582
49.0,Female,78070,14.3,35470,30.9,7,3,65993,631
44.0,Female,62574,7.5,18930,24.1,4,2,31775,615
61.0,Male,59411,3.5,23625,29.8,6,0,16125,641
39.0,Female,57479,9.4,32487,18.1,5,0,43164,577
60.0,Male,43987,7.7,9465,34.4,4,2,10983,626
39.0,Female,57698,8.3,30038,7.1,7,1,46501,574
39.0,Female,43562,6.6,25714,16.7,2,3,50183,519
24.0,Male,112935,1.2,69748,1.0,4,1,57118,511
43.0,Male,46094,12.9,28297,11.3,7,1,17121,598
52.0,Male,73168,10.9,15476,25.4,7,1,35730,614
33.0,Male,125322,3.0,46147,8.4,4,2,116731,515
24.0,Male,61688,6.8,16975,1.0,8,1,61690,543
49.0,Male,76796,8.0,43742,19.2,7,2,12283,598
57.0,Female,54698,17.9,29009,34.5,7,3,65188,653
49.0,Male,63224,11.9,39512,17.4,5,1,65126,547
38.0,Male,100480,10.2,27224,15.2,8,1,75352,610
41.0,Male,79746,4.3,42371,19.6,7,0,78743,594
52.0,Male,54897,8.0,11014,21.3,5,0,25789,642
46.0,Male,49722,3.3,30092,22.4,8,0,8045,574
30.0,Female,84564,5.5,45952,1.0,7,1,86885,504
24.0,Female,37537,7.2,22949,4.3,4,3,9651,506
41.0,Female,84524,12.3,36548,14.4,8,0,59373,641
49.0,Male,82087,9.0,7568,27.9,7,0,31323,648
62.0,Female,24663,5.3,13572,40.0,3,2,8474,586
35.0,Male,113952,4.9,27774,14.5,3,3,70047,498
24.0,Male,115233,5.1,50895,1.0,7,1,21123,525
41.0,Female,132550,5.7,51509,19.5,8,2,115097,624
51.0,Male,188662,5.3,36609,30.7,4,1,180000,610
40.0,Female,69489,9.2,37302,12.3,4,1,71711,536
48.0,Female,55706,7.1,15966,23.0,8,0,11757,679
49.0,Female,94614,9.6,42008,17.8,5,3,105572,516
21.0,,54128,17.9,17247,1.0,7,3,30935,548
27.0,Male,100902,8.0,59661,2.2,3,2,54920,509
53.0,Male,46358,2.4,24812,34.9,6,1,30522,564
37.0,Female,76745,3.2,15199,11.4,2,1,49019,536
46.0,Female,25968,12.6,9323,15.7,9,4,13170,590
42.0,Male,50637,11.0,19290,14.6,6,0,26983,639
33.0,Female,67304,1.5,7010,3.3,4,0,27279,566
56.0,Female,60291,3.6,37236,35.2,4,3,52016,560
49.0,Male,44591,6.4,23336,17.4,5,4,53660,524
36.0,Male,93097,10.7,50899,10.7,6,1,62005,529
40.0,Female,73623,10.1,26060,8.0,2,2,67160,537
47.0,Male,33294,9.2,16200,21.5,7,2,10199,605
44.0,Male,60315,16.6,8609,21.5,5,0,9348,657
43.0,Female,158803,13.4,46276,11.3,4,3,162484,564
37.0,Female,37239,3.6,4319,7.7,7,0,22297,553
38.0,Male,43611,4.1,14276,13.3,10,1,9156,629
30.0,Male,134340,10.0,59463,7.8,6,1,92692,552
28.0,Male,76490,4.4,27781,9.8,2,2,84113,567
42.0,Male,31663,16.7,14561,14.4,6,2,5851,624
47.0,Male,47188,6.2,23630,18.8,8,2,52758,562
58.0,Male,104110,9.6,43817,30.3,2,1,102350,553
27.0,Male,70282,8.8,15402,1.0,5,0,79890,559
42.0,Female,68001,2.7,22633,19.1,6,0,59716,563
41.0,Male,36038,3.2,17273,19.8,7,1,43380,578
21.0,Male,79519,2.9,44999,1.0,4,0,75136,518
43.0,Female,44566,5.2,26582,19.1,2,1,19487,541
32.0,Female,29632,15.1,3843,1.3,5,2,35905,593
31.0,Female,114270,6.6,33140,5.0,5,1,41867,557
42.0,Female,44163,8.5,15617,14.0,5,2,46589,519
32.0,Male,41652,22.6,8185,5.5,7,4,38128,598
44.0,Male,40404,8.9,20833,24.3,7,2,45170,588
46.0,Female,61781,7.6,12091,15.4,5,0,34095,600
35.0,Female,75861,10.2,32876,14.0,8,2,55808,585
22.0,Female,44474,5.2,11951,3.4,7,0,29649,539
24.0,Male,24750,4.0,14940,1.0,5,2,20176,514
35.0,Male,55064,11.4,17751,14.4,8,0,34264,597
40.0,Male,32089,5.6,3496,17.2,4,1,27460,537
57.0,Male,25602,10.7,8540,31.7,3,1,31482,595
28.0,Male,56836,11.1,5101,1.0,3,1,32515,548
24.0,Female,44941,6.5,19103,4.3,3,1,48587,573
21.0,Female,54733,6.8,5462,1.0,2,2,26952,528
33.0,Female,80021,3.1,46605,14.4,5,2,28429,498
42.0,Female,55751,11.6,28201,16.0,8,3,46530,622
45.0,Male,57160,19.7,36234,13.7,3,1,41375,600
49.0,Male,74846,5.3,15796,26.3,6,1,69950,601
21.0,Male,69714,3.7,8007,1.0,5,2,42135,499
31.0,Male,67590,12.3,20575,7.2,5,0,23066,623
39.0,Female,74448,13.5,32881,11.6,8,0,84997,619
43.0,Male,23699,2.7,5129,24.4,3,0,16424,584
33.0,Female,39967,9.0,23058,3.4,6,2,14166,571
31.0,Female,91416,14.8,23603,4.4,8,1,86800,609
21.0,Male,106867,17.7,39270,1.0,3,1,95156,566
31.0,Male,63570,4.1,12688,11.8,6,1,60636,555
52.0,Female,39052,5.6,13449,25.3,7,0,18946,611
40.0,Female,39980,4.4,8640,19.7,7,2,19508,574
37.0,Male,74836,7.0,48345,5.6,3,3,54467,469
43.0,Male,109027,7.9,66446,14.4,5,1,42486,571
34.0,Female,127515,6.5,37351,4.8,5,1,40479,547
38.0,Female,98306,10.2,20060,17.1,5,3,73278,562
22.0,Female,67726,6.5,37690,1.0,12,2,75031,554
50.0,Male,96539,4.1,26063,24.3,10,1,103004,613
37.0,Male,74836,7.0,48345,5.6,3,3,54467,469
45.0,Male,33324,9.8,12380,21.5,7,0,19812,648
41.0,Female,48395,9.3,18402,9.4,9,1,47648,585
36.0,Male,70733,11.3,13237,7.6,3,2,54706,547
37.0,Female,35434,1.8,16057,15.0,4,2,35935,536
36.0,Male,42056,5.1,9838,13.3,6,3,44790,518
27.0,Male,91825,1.1,35732,1.0,4,2,62686,520
33.0,Male,79264,11.9,50155,2.4,4,3,98360,492
33.0,Male,53825,11.3,21037,2.9,4,1,49719,542
42.0,Male,66553,5.4,39312,16.4,4,2,26764,550
26.0,Female,44786,5.3,25957,7.6,14,4,50939,522
29.0,Male,56163,9.9,32322,4.3,5,0,13198,532
35.0,Male,41901,12.8,21000,7.6,3,2,22731,578
39.0,Male,71436,6.3,16853,20.2,4,0,61842,611
23.0,Female,55595,6.8,10624,1.0,5,2,63101,510
41.0,Male,22419,18.5,12443,16.5,8,2,10173,606
39.0,Male,77652,10.6,29649,12.2,5,0,94648,593
24.0,Female,39553,13.7,8936,1.0,7,3,8166,571
21.0,Female,111203,2.2,19739,1.0,5,2,96810,479
25.0,Male,64906,8.5,36425,1.6,7,2,31251,552
34.0,Male,53715,17.5,24178,9.0,7,2,9646,611
53.0,Female,41439,17.7,12824,25.2,9,0,24003,717
23.0,Female,116424,3.5,41240,1.0,6,0,53250,550
26.0,Female,79917,8.1,21694,7.0,5,1,55016,565
43.0,Male,42803,10.5,18471,14.6,6,0,27740,630
34.0,Male,47277,3.3,16236,8.3,4,2,17207,550
34.0,Male,80604,22.6,50275,3.9,7,2,89952,603
42.0,Male,46456,5.5,6918,12.8,2,2,34702,556
39.0,Female,49451,4.3,11635,13.2,4,1,29990,531
44.0,Male,25352,13.7,3739,23.9,5,1,18786,646
24.0,Female,45032,6.6,16608,5.4,8,1,46337,525
51.0,Female,97506,6.3,43364,31.3,3,2,78701,593
44.0,Female,74185,9.7,28095,13.2,3,1,39601,618
29.0,Male,51546,2.7,14902,8.8,5,1,22511,533
36.0,Female,55098,7.8,32288,9.6,6,1,43817,575
61.0,Male,75621,2.2,13965,33.5,1,1,74684,591
45.0,Female,118189,6.9,34935,16.1,4,3,126864,538
57.0,Male,48949,11.6,16103,31.5,6,2,26262,639
33.0,Female,85715,4.2,40052,14.1,5,1,96712,587
40.0,Female,63315,14.2,9656,15.0,5,0,73617,610
33.0,Female,94417,20.8,22135,7.5,7,1,91726,680
34.0,Male,112775,23.7,27271,4.5,6,2,84228,639
21.0,Male,85664,4.3,41714,1.0,7,1,64893,544
25.0,Male,68394,5.8,38949,4.9,3,1,60962,521
46.0,Female,40469,1.7,15626,19.7,4,0,34377,573
48.0,Male,93239,7.4,12956,27.0,4,2,82706,596
22.0,Male,125675,8.4,31063,1.0,5,2,79845,514
47.0,Male,57578,0.7,8303,26.8,4,0,23029,602
54.0,Female,24643,0.2,2418,23.0,12,2,25396,575
34.0,Male,49709,12.3,29633,5.0,8,2,38858,578
21.0,Female,28490,9.9,16901,1.0,4,0,32421,548
42.0,Female,57891,9.0,29156,14.5,4,4,63005,527
27.0,Male,108079,5.6,19003,1.0,7,2,91534,551
43.0,Female,145587,12.9,59484,15.9,5,1,49769,654
43.0,Female,42682,7.6,11188,11.6,4,0,17792,600
50.0,Male,179592,13.6,14956,30.5,8,2,150097,671
53.0,Female,38522,13.5,23518,28.7,7,1,21844,672
31.0,Male,77676,11.1,16991,5.7,6,1,27926,596
36.0,Female,43818,3.6,7404,4.9,5,1,24063,565
50.0,Male,84453,9.0,31749,19.0,5,1,62801,598
44.0,Female,146273,2.0,63766,21.4,3,1,171697,528
30.0,Female,73699,1.0,28646,11.3,11,0,84194,533
55.0,Female,74578,15.6,35203,27.8,3,2,67220,586
37.0,Female,59228,16.5,16154,18.4,6,2,60387,628
49.0,Male,63120,9.3,29787,19.6,2,1,66345,581
30.0,Male,68075,3.5,34794,1.3,9,0,10594,591
45.0,Female,35208,32.6,5713,24.9,4,2,21309,734
21.0,Male,116347,4.5,10926,1.0,4,1,85145,563
27.0,Male,42019,6.8,9079,8.5,5,3,47723,532
42.0,Female,42299,7.6,26126,13.7,7,1,6476,606
27.0,Male,64596,1.4,38942,1.0,3,2,69796,453
31.0,Female,29450,6.3,8527,8.6,9,0,7921,592
40.0,Male,86221,9.3,49854,22.0,7,1,107554,558
47.0,Male,64890,8.2,23222,16.7,5,3,37220,580
21.0,Female,70021,2.4,44796,1.9,7,0,83082,537
51.0,Male,24134,5.3,4309,25.1,6,1,17926,580
36.0,Female,80176,8.0,43513,8.7,6,1,63056,580
48.0,Female,155425,7.8,36180,27.5,3,1,26911,602
43.0,Female,45299,12.1,5168,11.3,1,1,48827,575
30.0,Female,21232,12.1,12647,2.4,6,1,26063,575
37.0,Female,47283,9.8,24548,12.3,3,2,15108,547
48.0,Male,60598,4.2,28358,29.4,4,1,25682,570
30.0,Male,36635,5.7,5037,3.0,9,2,5694,571
34.0,Male,60662,14.3,14624,15.8,8,2,71000,615
57.0,Male,100785,6.5,44973,32.2,6,1,70371,608
34.0,Male,82772,11.5,27749,9.2,6,1,98676,599
24.0,Male,59982,4.1,7323,1.0,2,1,39267,548
21.0,Female,37719,14.2,7419,1.0,6,2,46743,549
32.0,Female,66675,8.0,7042,8.9,3,1,68893,595
40.0,Female,37015,14.1,13101,15.8,5,1,23447,597
41.0,Male,78558,7.4,29454,22.1,3,4,90729,552
39.0,Male,41405,10.9,23223,7.5,2,3,16068,507
21.0,Male,41273,15.9,4162,1.0,3,2,18445,533
39.0,Male,22924,6.1,5412,16.0,6,1,9157,605
26.0,Female,45222,17.0,10211,6.8,10,1,47116,586
35.0,Female,80074,5.0,10287,7.5,6,4,82514,516
40.0,Female,20830,5.0,12160,20.2,6,1,18633,589
42.0,Male,41735,2.8,5364,21.1,12,2,28115,624
46.0,Male,52559,9.1,28739,16.1,5,0,50826,595
49.0,Female,42090,17.4,4857,24.1,6,0,50335,642
39.0,Male,69451,7.0,42852,14.2,3,0,60043,578
39.0,Female,48082,4.3,17608,18.0,6,2,49828,559
43.0,Female,33716,13.3,18311,11.9,6,2,20315,574
30.0,Male,86069,13.8,39037,4.4,5,1,98562,567
49.0,Male,56803,9.8,26159,25.9,4,3,35857,586
40.0,Male,78014,32.6,21640,15.9,2,1,26605,684
46.0,Male,97164,13.6,58593,25.5,9,1,85231,640
41.0,Male,29929,5.4,12491,20.1,2,1,5403,558
30.0,Male,37736,8.8,12574,10.2,7,3,36597,520
43.0,Male,69396,7.7,7674,18.5,7,1,85201,594
36.0,Male,65118,4.5,25118,12.3,6,2,16443,589
43.0,Male,39442,4.4,24417,23.3,5,4,12243,545
50.0,Female,280485,12.8,62998,28.2,2,4,180000,642
22.0,Female,116713,16.6,16963,1.0,2,0,93517,615
32.0,Male,82697,5.7,14470,6.9,5,3,45615,536
51.0,Female,106840,8.5,58810,27.1,3,4,32177,594
38.0,Male,62778,11.8,35594,12.1,4,0,48524,558
37.0,Female,122895,2.2,14729,14.7,7,0,29786,601
32.0,Male,54641,15.4,16368,9.3,3,0,41392,595
30.0,Male,42694,3.0,12648,5.8,8,0,49282,568
42.0,Female,27774,7.8,5114,14.1,7,4,22260,548
21.0,Male,41588,15.3,26532,1.0,6,2,25007,585
39.0,Female,105632,2.5,54869,9.4,5,2,100866,523
36.0,Female,63918,7.3,6999,10.9,4,1,55391,552
26.0,Female,59386,11.2,36502,1.0,8,0,69369,564
21.0,Male,58902,5.5,35637,1.0,4,2,73261,483
46.0,Female,77463,7.3,45031,25.1,10,2,82552,600
32.0,Male,49335,2.2,26999,1.4,9,2,22577,512
40.0,Female,52938,3.1,18032,12.7,11,2,10758,591
43.0,Male,19855,14.0,10214,13.7,3,0,8215,643
40.0,Female,81790,10.1,37313,10.0,6,1,51556,616
54.0,Female,53330,9.2,34438,30.6,8,0,65099,652
27.0,Female,109056,9.3,22877,1.0,12,4,36006,583
24.0,Male,30670,1.5,12021,3.8,3,1,8330,518
56.0,Female,33533,16.5,14095,34.6,3,0,25616,675
31.0,Male,21743,13.2,10553,3.8,5,2,15527,555
44.0,Female,32092,14.0,15930,23.3,8,0,34356,652
44.0,Male,97001,10.8,47164,23.1,6,3,59748,645
42.0,Male,84830,4.5,10354,15.2,3,0,67680,567
46.0,Female,121912,5.6,78693,21.5,7,0,144174,571
47.0,Male,24036,14.0,14177,26.7,5,2,4559,624
34.0,Male,105518,19.1,44860,10.9,7,0,25180,652
59.0,Female,78987,5.6,28242,32.7,4,2,31416,644
41.0,Female,84712,4.6,34745,19.0,4,3,100902,519
45.0,Male,34767,5.4,3041,19.7,3,1,39354,581
53.0,Male,190883,7.9,50693,30.9,8,3,106473,626
48.0,Female,83841,4.8,48668,16.3,6,3,78936,518
45.0,Male,52314,4.2,26334,21.8,6,0,57279,584
55.0,Male,78425,1.9,40909,26.6,3,1,14689,601
32.0,Female,87250,6.7,18960,4.3,5,0,68475,609
51.0,Female,51902,12.9,22472,25.3,4,1,44518,644
38.0,Male,61877,3.7,5351,11.2,5,0,33614,614
33.0,Male,94740,2.4,49022,8.1,4,0,31345,556
35.0,Male,74821,7.9,24759,6.5,4,1,19062,547
31.0,Male,66153,5.0,29841,7.9,5,2,33532,503
25.0,Male,66508,11.3,42722,4.9,5,1,28197,563
57.0,Male,29633,3.3,9555,28.3,9,0,14874,638
28.0,Female,69460,6.3,43076,1.0,6,0,21599,564
36.0,Female,53765,6.8,10953,9.0,5,2,57236,570
54.0,Male,47276,6.2,27469,30.6,5,1,23748,637
38.0,Male,24586,5.3,14665,7.1,8,2,12221,591
43.0,Female,58489,24.4,34676,17.4,4,1,70330,617
44.0,Male,140854,6.8,58824,19.9,4,2,29538,617
56.0,Female,73210,17.0,14506,34.3,3,3,36514,660
45.0,Female,63229,14.8,34842,26.7,5,0,44517,671
29.0,Male,19599,15.0,12548,6.0,3,0,23685,611
37.0,Male,27479,12.8,16518,13.6,6,0,6512,627
45.0,Female,43161,13.8,26358,22.8,3,1,52999,591
31.0,Female,87528,6.0,7251,3.8,7,1,32135,572
34.0,Female,37695,5.3,19619,8.8,8,2,16153,519
38.0,Male,27582,9.1,7365,12.7,3,2,32280,588
40.0,Female,33705,4.7,13912,19.6,8,1,13914,573
55.0,Female,54505,17.2,5500,34.5,7,4,50501,688
47.0,Female,61472,10.2,39442,20.9,4,1,12535,629
33.0,Male,34412,10.6,20674,2.1,7,2,30197,522
38.0,Female,130208,5.2,51539,19.1,4,1,79253,547
34.0,Female,116349,9.8,75537,13.8,5,0,90753,575
36.0,Male,37741,12.0,7763,10.8,8,1,13375,643
51.0,Male,81626,17.8,17152,31.1,3,2,23681,720
41.0,Female,73170,2.5,8749,23.0,5,3,78832,555
42.0,Male,54125,18.9,17288,20.1,6,3,36788,646
27.0,Female,21528,5.7,11480,2.9,5,2,24342,521
38.0,Male,40400,6.7,9278,18.8,8,1,42432,595
33.0,Male,19923,7.8,9509,9.5,1,1,23485,507
35.0,Female,52256,2.1,30012,14.4,4,1,43820,556
55.0,Male,56128,10.5,23598,34.5,4,2,11181,635
51.0,Female,65861,9.6,36842,28.4,5,2,35476,582
53.0,Male,253532,8.3,120000,30.1,5,0,136849,657
70.0,Female,53239,9.5,28379,40.0,6,3,9908,647
57.0,Male,52350,7.9,6023,36.0,3,4,43244,559
34.0,Male,28271,13.5,9500,6.2,2,0,8931,586
24.0,Male,25950,5.1,7337,1.0,6,2,4915,513
34.0,Male,38826,3.5,20420,10.4,4,4,15501,482
52.0,Male,92786,9.7,38200,25.4,5,2,115599,575
48.0,Male,114762,5.1,9942,19.9,8,2,26337,632
21.0,Female,50323,6.8,16106,1.0,4,3,45689,497
25.0,Female,51957,12.7,5376,4.3,2,0,37367,589
50.0,Male,36127,8.5,21843,26.0,6,4,18915,558
22.0,Male,121904,2.0,50360,3.8,3,2,62249,533
62.0,Male,30124,5.1,12969,33.4,7,1,15718,635
54.0,Male,116011,3.2,44904,33.2,9,1,103338,632
56.0,Male,61127,15.7,14805,34.7,4,4,23403,617
33.0,Female,23926,10.4,11968,5.6,4,2,21894,509
34.0,Female,83437,2.8,43743,12.6,4,3,62143,531
26.0,Male,27740,6.0,4872,1.0,4,2,33219,507
21.0,Male,185122,4.8,113929,1.0,7,0,57608,532
36.0,Female,52925,4.1,17727,9.1,4,4,35093,558
24.0,Male,72319,6.8,11382,1.0,6,1,65432,540
38.0,Male,61777,2.7,20383,14.0,4,0,36985,562
46.0,Female,34832,4.2,15928,16.0,7,3,8049,570
32.0,Female,115638,19.9,61464,8.7,6,0,20657,655
43.0,Male,106930,8.0,35015,13.6,4,0,63587,585
21.0,Male,78135,14.2,16830,1.0,3,2,89519,548
39.0,Male,29806,10.7,19370,12.3,6,0,8880,597
21.0,Female,32977,4.7,10225,1.0,6,2,8052,546
44.0,Male,59019,16.6,11765,12.6,6,2,41826,620
52.0,Male,100878,7.9,28855,30.0,5,2,40201,627
35.0,Male,26125,11.5,11817,12.4,3,1,29144,564
37.0,Male,33611,5.4,16809,9.6,2,2,19452,513
47.0,Male,55142,11.1,10837,16.7,5,0,21993,627
45.0,Female,163137,4.3,14118,22.7,5,2,108311,609
34.0,Male,92238,5.9,41922,12.4,6,5,46031,531
29.0,Female,138313,1.6,55053,8.8,4,0,156235,520
44.0,Female,113392,13.6,39998,24.5,8,1,84562,639
54.0,Male,109619,5.3,17028,23.8,4,1,20589,611
45.0,Male,69128,7.0,23044,26.9,4,3,39947,597
31.0,Male,57023,8.0,17565,10.0,4,0,28455,573
42.0,,60381,2.6,15206,15.3,3,1,62718,553
43.0,Male,114006,20.3,17760,16.3,9,4,45251,665
30.0,Male,86747,3.2,45270,8.0,9,3,89533,465
,Male,79691,6.8,45078,20.9,7,1,68690,578
30.0,Female,62327,7.3,24444,1.4,5,1,67832,553
28.0,Male,53567,11.0,6280,1.0,5,1,25704,599
28.0,Female,67938,3.1,29803,7.7,8,4,74850,476
35.0,Male,129812,5.7,80228,17.0,4,1,64446,565
70.0,Female,45898,6.3,13401,40.0,4,1,27846,646
24.0,Female,70796,7.0,36354,1.0,5,1,54708,513
26.0,Male,51635,19.0,28012,6.0,8,2,58811,586
34.0,Male,55244,10.3,17176,7.7,9,0,50934,603
53.0,Female,53320,9.8,18980,22.9,6,1,62416,609
44.0,Male,43959,6.8,8209,21.2,6,1,34948,607
37.0,Female,55995,3.7,17196,7.4,5,0,41500,560
52.0,Male,166910,14.3,20984,21.1,8,1,150410,660
22.0,Male,77405,6.8,18621,2.7,5,1,65498,518
31.0,Male,154522,3.7,100379,1.0,3,2,162074,451
54.0,Female,40043,7.2,9268,27.0,7,2,38188,612
40.0,Male,42064,20.7,7698,8.3,3,2,29581,632
62.0,Female,44347,14.7,15241,32.7,4,0,49349,638
38.0,Female,62926,7.6,9548,10.2,5,3,62470,522
25.0,Female,115737,7.9,34687,1.0,5,1,113130,540
53.0,Female,92897,9.7,34456,33.4,5,0,66751,685
49.0,Male,67506,7.8,19352,20.5,3,3,68170,506
50.0,Male,72007,8.3,43196,22.6,5,2,43322,601
30.0,Female,45636,12.5,21303,3.8,5,3,23539,553
26.0,Female,48236,16.9,4514,1.0,8,2,39334,598
30.0,Male,57733,8.2,11601,10.9,3,0,41038,637
,Male,84135,15.7,9833,5.2,3,2,49185,580
23.0,Male,80279,10.6,37450,1.0,3,2,53062,540
37.0,Female,82552,4.7,36241,16.7,4,1,54928,585
52.0,Male,18000,15.4,2323,21.2,9,1,3988,652
42.0,Female,102938,5.5,28590,14.4,4,1,58462,568
52.0,Female,110256,12.0,21965,32.3,8,1,46075,722
50.0,Male,50944,8.6,16877,24.6,4,2,13753,602
51.0,Female,85708,5.2,49138,28.6,5,2,47384,594
40.0,Male,64796,2.5,20185,20.7,5,1,64299,565
36.0,Male,54111,2.4,31117,13.2,6,2,49452,534
32.0,Female,78915,15.1,22431,2.3,4,2,42411,560
43.0,Male,38482,10.4,14050,19.4,7,2,18690,599
29.0,Female,20696,2.6,12313,4.5,3,2,16690,524
25.0,Male,52544,6.9,5861,6.7,3,1,15816,544
48.0,Female,63056,6.8,5985,17.9,4,1,63146,588
25.0,Female,97998,3.2,11571,1.0,9,1,63954,582
46.0,Female,23438,2.9,5520,17.2,7,1,10533,579
28.0,Male,104981,4.4,30356,1.0,7,1,64170,531
38.0,Male,78457,9.7,26294,16.1,5,1,67247,596
39.0,Male,55243,10.2,20013,20.2,6,2,36633,561
54.0,Female,34669,1.8,13871,28.6,4,3,34258,558
49.0,Male,74673,9.2,46137,20.9,5,1,88387,586
26.0,Male,54040,2.9,26138,1.0,8,3,33415,560
41.0,Male,38050,1.5,23334,10.3,7,2,28428,537
51.0,Male,67398,8.6,13664,28.1,8,1,66315,641
52.0,Female,42342,11.7,25276,23.0,7,0,16115,622
46.0,Male,127475,9.3,48009,20.8,4,3,152814,571
42.0,Female,87599,1.3,14542,10.8,3,2,101193,541
54.0,Female,94784,4.7,20570,25.9,7,4,54581,617
21.0,Female,57805,5.4,20799,1.0,4,3,21825,512
41.0,Male,29632,5.0,13127,17.7,3,0,15907,586
64.0,Female,33091,3.7,6516,40.0,8,1,27426,663
38.0,Male,41474,3.2,5176,12.0,3,1,26133,543
21.0,Female,53452,11.2,26461,1.0,6,2,38936,578
21.0,Female,75016,1.6,29807,1.0,2,1,60803,490
43.0,Female,99732,3.3,49392,22.3,6,3,17918,559
25.0,Male,43139,7.6,14432,1.0,6,1,33961,562
46.0,Female,59863,5.7,20688,15.4,3,0,58347,556
25.0,Female,34986,6.5,10151,1.0,6,2,25886,542
27.0,Male,82481,13.7,7420,8.0,4,0,42912,612
23.0,Female,48434,13.2,30778,3.6,2,2,17000,576
37.0,Male,93975,13.3,27375,12.5,3,0,66153,617
29.0,Male,63162,8.3,34001,11.0,4,1,54482,542
24.0,Female,36250,12.5,14863,1.0,4,3,41937,528
28.0,Male,69507,11.3,8335,1.0,4,1,59062,587
26.0,Female,71340,8.8,22052,1.0,3,1,41795,599
41.0,Female,61645,7.2,30147,16.9,3,2,46269,558
33.0,Male,57504,2.0,8578,10.5,3,2,41641,574
39.0,Female,66601,1.7,25229,15.7,7,1,78015,552
43.0,Male,82746,3.4,32572,21.2,7,0,14823,595
55.0,Female,87945,11.4,43335,26.2,4,2,17607,599
50.0,Male,92795,4.6,17422,30.8,6,0,85656,613
21.0,Female,79410,3.2,35395,1.0,3,1,21196,506
36.0,Male,99653,9.1,36406,4.6,4,2,58458,532
36.0,Male,65495,1.9,26438,4.9,3,0,25848,516
40.0,Male,38901,8.3,4322,15.8,9,5,30751,542
37.0,Female,58970,1.8,7794,6.0,2,6,62890,490
32.0,Female,52188,6.3,14697,8.6,5,0,11186,589
40.0,Male,29235,10.8,8281,14.9,7,3,30928,580
47.0,Male,40175,11.5,16858,20.8,4,1,49203,594
38.0,Female,25617,9.3,6630,13.6,6,0,18778,610
29.0,Female,41189,9.2,9761,1.0,4,1,42994,545
56.0,Female,77192,23.4,30027,31.5,8,1,88802,720
21.0,Female,43877,5.3,8943,1.0,3,2,34477,503
54.0,Female,75149,18.0,43950,23.1,4,2,80726,606
36.0,Female,48585,2.8,27775,14.7,3,0,13403,513
35.0,Female,47417,9.1,15555,5.3,7,2,9393,566
38.0,Female,90806,2.0,43190,12.2,4,3,93279,496
26.0,Female,78659,11.0,51113,1.0,4,1,83168,530
35.0,Male,45493,3.8,18484,14.2,4,4,36394,514
52.0,Female,35512,19.6,21348,24.3,7,0,27376,692
40.0,Male,54441,3.6,20929,17.3,3,0,24482,611
42.0,Male,56932,6.6,30566,22.8,5,0,50285,576
34.0,Male,58269,7.6,16429,3.9,3,1,22291,532
37.0,Male,54218,16.4,27592,16.0,2,0,64887,620
36.0,Male,55136,5.9,21830,9.9,6,2,11684,530
23.0,Female,59531,1.5,12782,1.0,5,0,46001,518
23.0,Male,61833,12.9,32353,1.0,5,2,37404,588
21.0,Female,47818,7.9,24677,1.0,11,2,35319,574
39.0,Female,74008,7.3,15460,13.0,5,3,61063,565
47.0,Female,74862,6.5,33810,19.6,5,0,45752,619
30.0,Female,44109,10.6,14509,1.0,7,1,49908,564
42.0,Female,42409,6.3,20572,22.1,6,1,15342,619
32.0,Male,49916,10.1,18229,8.6,5,0,40924,584
55.0,Male,26580,5.3,3233,32.0,3,1,19985,608
60.0,Female,57154,1.9,26764,39.2,3,0,69722,616
21.0,Male,51679,8.1,16629,2.4,3,2,56651,530
37.0,Male,42703,3.8,24321,9.5,2,0,6625,601
28.0,Male,28623,3.8,14662,6.3,7,3,28267,508
47.0,Male,125404,11.0,17233,16.1,8,0,136925,648
45.0,Male,32240,10.6,17196,18.8,7,0,27803,640
28.0,Male,54515,7.0,15414,1.0,4,0,50154,518
46.0,Female,39567,5.6,20348,22.0,10,1,14591,621
44.0,Male,27099,11.0,13629,14.6,3,0,17027,602
39.0,Male,96443,12.6,9514,14.7,6,0,22642,672
60.0,Male,46213,10.4,7573,31.6,6,3,42341,610
49.0,Male,87314,5.3,35578,21.0,6,1,85203,556
37.0,Female,292690,3.6,120000,11.3,2,3,141259,550
39.0,Female,63463,9.9,5267,14.4,3,2,38975,635
41.0,Male,75820,6.2,7326,9.7,9,0,88835,588
41.0,Male,40319,2.9,4117,11.2,5,1,11131,505
51.0,Female,54044,9.5,34752,27.8,6,0,35590,631
43.0,Male,46223,15.6,24168,19.1,4,3,48472,624
48.0,Female,64096,8.7,11547,20.6,7,3,27726,606
55.0,Male,87727,14.7,7312,31.2,9,2,60073,703
67.0,Male,89428,6.6,50426,38.3,4,1,89885,620
33.0,Female,69494,6.2,34812,14.6,11,0,34582,623
29.0,Female,35151,6.5,21838,1.0,6,2,36379,563
58.0,Female,69287,6.1,36412,31.8,3,0,82213,625
21.0,Male,95444,2.9,45607,1.0,4,2,60351,471
33.0,Male,56629,2.4,25674,9.2,6,2,26000,537
44.0,Male,37482,3.2,9087,16.5,9,0,16643,606
26.0,Male,83286,7.0,19272,5.7,4,2,73510,564
53.0,Male,38463,9.1,22819,25.7,7,1,47728,612
37.0,Female,61780,6.3,9374,13.7,5,0,49053,526
22.0,Female,86094,3.4,30999,1.0,5,0,75929,503
21.0,Male,45553,7.6,16688,1.0,2,1,39603,544
48.0,Male,81853,12.7,52098,18.0,8,0,47423,615
41.0,Female,41727,3.8,14224,9.9,1,2,21600,481
45.0,Male,61683,7.9,23369,22.7,4,2,39231,614
46.0,Male,71506,5.7,29192,25.2,4,4,57732,526
21.0,Male,86648,7.4,26972,1.8,3,0,42118,533
55.0,Female,91284,6.1,16161,36.2,3,3,19533,640
29.0,Male,41773,27.7,12947,6.9,2,2,20504,628
34.0,Male,99713,10.9,56941,10.3,4,0,34331,649
33.0,Female,59485,11.1,15056,3.3,6,1,35992,607
30.0,Female,31943,7.6,9096,8.8,9,1,28011,561
36.0,Female,118909,11.6,28398,11.8,3,0,31742,637
50.0,Female,96116,0.5,19341,26.4,6,3,111112,562
46.0,Male,65690,10.8,18295,27.7,6,0,43739,634
39.0,Female,39578,10.5,7268,17.7,4,1,18926,622
59.0,Male,48727,15.0,25063,30.6,4,3,12740,638
21.0,Female,51833,5.4,30025,1.0,5,1,15734,534
43.0,Female,129042,5.4,76851,17.8,3,1,113351,522
43.0,Male,34772,19.9,3513,15.4,5,2,17019,637
43.0,Female,59600,1.3,31199,16.2,5,0,18007,555
52.0,Female,68538,2.0,15310,25.4,2,0,26586,577
35.0,Male,113849,4.2,48248,5.8,5,0,125577,487
30.0,Female,41570,5.0,10407,9.8,5,0,45860,550
41.0,Male,102249,7.1,14967,21.8,4,3,100021,593
23.0,Male,286924,9.5,97919,1.0,4,3,140541,534
26.0,Female,56032,4.4,18170,1.0,6,2,45280,504
50.0,Male,43842,3.7,12985,24.7,5,2,19977,616
43.0,Male,103831,7.4,30592,20.8,6,0,20722,637
21.0,Female,121496,6.0,18106,1.0,5,0,36519,586
31.0,Male,41230,1.2,5825,11.3,4,0,14597,572
57.0,Female,93174,14.3,56176,26.3,3,1,42877,629
50.0,Male,91766,4.2,29019,20.1,4,2,81292,562
32.0,Female,36404,2.9,4656,9.4,5,1,32461,511
38.0,Female,106716,3.8,25195,13.9,8,0,51448,576
34.0,Male,53772,7.5,20211,15.3,8,2,9724,574
45.0,Female,205519,7.3,110860,24.8,3,0,44837,595
33.0,Female,77258,12.1,14975,7.8,10,3,31902,620
43.0,Male,65172,3.8,36648,11.6,5,0,78032,558
21.0,Male,86189,15.5,27709,1.0,5,2,65843,566
63.0,Female,99197,6.6,14898,31.5,5,2,113579,615
27.0,Male,90441,3.7,35844,1.0,11,0,52251,578
21.0,Female,67205,2.2,33820,1.0,5,2,82370,498
38.0,Female,36308,11.4,10826,18.0,4,0,28227,611
46.0,Female,38405,11.9,5630,15.1,10,3,47073,586
45.0,Female,71288,5.3,31213,14.2,3,3,82105,486
,Female,67744,1.4,43464,14.3,7,1,46737,555
52.0,Male,80083,9.1,38988,29.6,8,3,28277,600
42.0,Male,36356,7.8,23126,23.0,2,2,34331,571
59.0,Male,118710,11.6,45872,28.1,4,2,107907,614
42.0,Male,39599,6.8,8490,14.6,6,1,21942,581
48.0,Male,38302,1.6,3911,28.0,4,1,42108,584
46.0,Male,92685,10.6,15270,20.2,4,0,88650,609
39.0,Male,49046,7.6,23702,8.1,6,1,26141,584
45.0,Male,36056,2.5,4577,25.4,5,2,26676,567
45.0,Male,60661,12.4,22711,19.6,2,1,58250,607
43.0,Female,35344,4.2,14144,15.4,4,1,11168,548
34.0,Female,49267,13.8,29910,10.6,6,0,49880,602
29.0,Female,48237,7.6,27658,1.0,6,1,18361,523
35.0,Male,97089,0.4,20041,15.7,6,2,85109,510
21.0,Male,142255,2.5,42751,1.0,4,5,133145,462
34.0,Male,80198,1.5,20909,15.3,5,3,98813,529
36.0,Female,74962,8.1,14630,13.5,3,3,74607,540
62.0,Male,46360,6.2,8079,40.0,5,3,8510,554
44.0,Female,85143,16.7,28349,18.1,2,0,61278,639
63.0,Male,72171,5.9,33987,31.8,3,0,76744,591
47.0,Male,103697,6.7,39590,19.7,3,1,22285,603
63.0,Male,88753,2.3,41144,38.9,4,1,64481,639
40.0,Female,43758,13.4,19699,12.2,7,3,42450,590
32.0,Male,125039,6.7,49803,8.9,4,2,109423,540
48.0,Male,101459,8.8,48732,22.6,3,0,51314,581
21.0,Female,37197,5.8,21393,2.3,5,0,15495,535
49.0,Female,96319,11.5,9314,19.5,8,0,41911,719
56.0,Male,46784,1.6,10694,34.0,4,0,58352,613
38.0,Female,43992,2.4,28427,6.5,5,2,43250,502
66.0,Male,162505,7.5,54576,38.1,2,1,150856,610
31.0,Female,57208,9.1,30710,1.0,3,2,60805,520
28.0,,77626,7.3,18431,5.8,8,1,44773,569
47.0,Male,64727,9.9,9180,26.2,4,1,32917,619
36.0,Female,50292,3.1,17129,12.6,3,3,52973,524
25.0,Male,70274,8.4,11715,1.0,9,1,80101,558
44.0,Male,66153,5.9,16459,25.3,4,0,36839,605
40.0,Male,106548,4.6,57589,11.9,4,1,46187,541
42.0,Male,71111,14.8,22319,11.9,6,1,73266,615
47.0,Male,61859,9.5,36179,22.5,4,1,47036,567
31.0,Male,85190,8.7,53970,4.1,3,1,43900,548
30.0,Male,23667,17.3,5456,7.9,4,0,12818,630
42.0,Male,68048,12.4,10519,17.1,6,1,14938,651
25.0,Male,56304,2.6,23355,3.7,3,3,51148,520
36.0,Female,54443,4.7,26027,13.3,1,0,30791,548
54.0,Female,28767,14.1,9878,34.3,7,1,8302,664
40.0,Male,68569,9.0,27676,18.6,4,2,47230,556
58.0,Female,49450,4.6,27347,38.5,3,3,26208,573
47.0,Male,48063,8.2,26432,19.3,5,3,27778,583
41.0,Female,82871,7.8,18315,15.9,4,0,42757,574
34.0,Male,131400,10.1,27536,6.1,5,2,30708,608
40.0,Male,121211,6.9,31636,11.1,7,0,134024,594
35.0,Male,79441,9.1,18822,12.3,4,0,84103,549
26.0,Female,70309,9.4,21064,1.0,6,2,35848,516
26.0,Female,50597,5.3,6739,7.7,8,0,61255,613
44.0,Female,96760,5.9,39846,20.4,4,1,68569,560
33.0,Male,45787,9.1,8060,14.5,8,2,45398,574
36.0,Male,96590,2.8,29811,14.3,8,2,29966,569
61.0,Male,32161,11.6,4361,40.0,4,0,33135,691
70.0,Male,74127,1.8,47887,40.0,4,0,68447,577
35.0,Female,37314,10.4,4145,6.1,7,3,40486,570
30.0,Female,133768,4.8,68893,4.1,5,0,105046,537
44.0,Male,35763,20.9,7164,20.6,3,0,38376,653
42.0,Male,39449,5.3,14345,14.5,5,2,31691,572
46.0,Male,48543,7.2,11371,26.1,9,2,17824,636
49.0,Female,122159,6.8,41656,26.0,8,0,63976,670
36.0,Male,121008,15.8,63416,8.2,4,2,89125,571
46.0,Female,38159,6.1,20216,25.2,7,1,25192,625
35.0,Female,30380,2.8,3007,12.7,3,0,14219,548
51.0,Female,70183,10.9,39196,29.3,8,2,76709,631
39.0,Male,55472,3.0,31521,12.3,5,1,44214,534
50.0,Male,60288,3.7,5234,24.2,6,1,24769,608
37.0,Male,23683,13.0,15281,8.2,3,1,18696,572
34.0,Female,55551,7.1,29701,9.5,10,1,68775,591
25.0,Male,86159,3.2,40574,1.0,6,5,61829,462
43.0,Male,38679,14.4,23900,21.7,2,1,8361,632
26.0,Male,95439,2.5,41122,1.0,3,2,94361,484
31.0,Female,74697,5.1,29917,2.2,7,3,22088,524
27.0,Male,63291,5.0,23830,1.0,3,3,67596,457
45.0,Female,42048,3.2,8316,25.3,5,0,23388,576
28.0,Female,43043,6.9,17608,4.1,2,1,33861,546
21.0,Female,62051,17.4,13722,1.4,2,4,25349,546
37.0,Male,35945,10.6,20041,7.6,7,2,26800,594
37.0,Male,83939,4.6,42084,15.8,5,5,22265,527
43.0,Female,39639,11.9,9712,17.6,5,2,44889,591
35.0,Female,53447,2.8,31151,9.0,2,2,30371,514
31.0,Male,56251,0.8,25724,6.0,5,1,30690,505
38.0,Male,55927,3.4,33415,18.2,2,5,28854,462
46.0,Female,93116,18.6,32643,17.8,5,1,73803,646
53.0,Female,90982,18.4,52377,29.8,6,0,87540,707
51.0,Female,66762,2.6,32804,19.4,5,2,16850,553
52.0,Female,55240,3.4,35634,22.7,3,4,24306,515
41.0,Male,108063,13.6,59097,15.3,2,3,27106,576
34.0,Female,59396,5.7,15914,15.1,7,2,35373,576
37.0,Male,74528,3.6,14699,17.3,7,1,25395,567
26.0,Female,126389,1.8,16200,5.1,2,2,109711,462
40.0,Female,76939,7.5,35114,8.2,2,2,55889,540
50.0,Female,73490,13.9,14493,22.0,3,2,41149,643
21.0,Male,49097,2.3,9303,2.2,5,2,56937,496
42.0,Female,65927,9.1,16271,19.6,2,0,71420,595
29.0,Male,63553,9.1,25982,1.0,4,3,13852,546
27.0,Male,41192,12.6,8928,1.9,6,0,28081,593
28.0,Male,36181,33.7,6442,9.8,4,2,28363,706
60.0,Female,49961,2.0,25359,37.4,7,2,44072,597
34.0,Male,33049,5.8,13987,2.4,3,2,6746,498
39.0,Female,79910,6.6,17368,13.9,6,0,38046,599
23.0,Female,58499,4.9,34407,1.0,5,2,70691,456
52.0,Female,65281,2.6,27402,31.4,5,3,36904,602
40.0,Male,25522,5.4,11786,20.6,7,1,24969,611
48.0,Male,109452,2.3,44142,28.9,7,0,98022,600
33.0,Female,47819,11.1,8896,6.4,3,1,15641,580
38.0,Male,54917,3.2,18614,17.1,9,0,28548,607
21.0,Male,54395,6.7,15828,1.0,8,1,49192,550
38.0,Male,70929,8.5,16718,16.7,9,0,23292,652
35.0,Female,49990,3.9,21796,12.1,2,6,37028,473
40.0,Male,37424,15.2,19724,12.3,6,0,33757,658
46.0,Male,72296,8.2,13311,20.3,6,1,89559,607
41.0,Male,32571,10.5,2624,21.0,8,0,26086,664
22.0,Male,50015,5.5,14064,1.0,6,2,41989,497
40.0,Female,77241,9.3,41272,20.1,6,0,45781,593
24.0,Male,66401,14.8,42131,1.0,2,2,12610,571
45.0,Male,72441,9.5,43030,18.7,4,0,69617,613
60.0,Female,42364,7.7,18240,29.9,6,2,10992,603
66.0,Male,55719,14.3,16191,37.1,6,1,61616,682
59.0,Female,102559,9.1,47289,34.9,7,2,69821,636
62.0,Female,59637,4.9,19482,37.7,4,3,62716,595
21.0,Female,52330,9.7,9823,1.0,7,2,21750,558
32.0,Male,20279,19.2,12215,12.6,4,1,9325,587
66.0,Female,44433,16.1,25306,35.3,4,1,12080,703
56.0,Female,159599,4.5,26099,33.9,3,1,81093,650
33.0,Female,27212,2.9,2636,8.7,5,0,8380,574
31.0,Male,46506,3.5,23239,1.0,3,0,30879,513
42.0,Male,69420,7.8,14581,16.5,3,0,73048,582
48.0,Male,77821,15.3,24170,17.2,2,0,38301,647
30.0,Male,48624,4.5,9244,1.0,6,2,47964,527
31.0,Female,112432,6.6,41060,1.9,8,0,102460,571
47.0,Female,63794,6.1,19490,24.7,3,2,78074,580
,Male,37330,13.2,22204,31.5,9,1,27085,709
56.0,Female,59566,9.7,21806,25.0,6,1,24129,649
31.0,Male,59886,16.2,36120,3.8,10,4,43591,593
31.0,Male,91366,8.2,22467,12.7,7,2,73394,603
51.0,Female,189678,9.9,59035,29.1,6,1,147843,647
50.0,Male,156567,12.6,101177,29.1,6,1,155949,642
21.0,Female,41450,6.8,19792,2.8,4,1,29477,542
39.0,Male,49648,26.6,8394,17.1,3,1,34319,683
45.0,Female,77381,6.8,46329,23.2,5,1,94789,545
28.0,Female,54092,2.1,30332,1.0,5,1,32677,465
36.0,Female,70251,10.8,6429,7.4,4,2,63418,533
33.0,Male,35691,8.1,6754,3.9,4,3,12576,526
45.0,Female,99001,5.4,48003,19.2,7,1,65592,574
33.0,Male,53149,4.9,31914,14.3,11,1,14199,592
51.0,Male,126590,3.3,46133,26.2,7,2,137070,596
43.0,Male,42606,12.2,27076,23.7,8,1,29806,613
46.0,Male,39278,14.5,9147,22.7,9,4,33069,616
26.0,Male,47599,8.4,16036,1.0,8,4,17175,492
24.0,Male,74672,2.3,6372,3.3,9,1,11960,560
33.0,Male,42882,8.2,11299,11.5,8,2,34439,581
37.0,Female,35999,2.2,12163,10.2,4,1,36370,532
50.0,Female,133552,12.1,12473,31.6,2,1,44529,675
42.0,Female,58985,17.6,30749,11.2,2,0,50659,606
25.0,Male,18388,9.7,9199,3.5,7,3,8982,575
26.0,Female,42158,5.9,11420,1.0,3,2,46011,528
31.0,Male,96716,11.5,61641,1.1,7,2,25668,550
59.0,Female,27053,7.2,8962,32.3,3,2,19822,609
41.0,Female,58330,16.0,25629,22.5,3,0,39469,639
25.0,Female,53493,10.7,9000,1.0,4,0,55267,562
31.0,Male,61229,11.7,16789,1.0,7,1,31148,607
21.0,Male,107337,6.6,40204,1.0,4,2,103301,468
58.0,Male,59542,7.1,26317,32.1,1,1,24114,586
38.0,Male,56043,3.0,9313,13.0,2,4,28355,507
37.0,Male,68811,5.7,35720,18.4,2,1,43698,554
45.0,Female,68843,8.7,23684,15.9,3,3,73424,513
38.0,Female,24660,12.5,5547,13.3,5,0,19855,622
37.0,Male,48711,6.0,18174,16.7,6,2,11963,534
23.0,Female,19990,12.9,4470,1.0,6,0,15354,592
46.0,,67861,11.6,19300,24.0,4,0,60693,605
39.0,Male,108520,8.8,30001,12.4,5,0,133816,617
43.0,Male,67812,10.7,25454,23.7,5,1,44649,636
41.0,Female,71792,19.0,13674,11.7,3,2,71851,595
48.0,Male,66473,3.7,21301,25.3,4,3,16087,578
47.0,Male,118976,13.2,45000,19.8,7,2,51613,641
51.0,Male,108047,3.8,51028,19.2,2,3,17707,572
25.0,Female,46050,2.8,11422,4.9,7,1,10509,540
41.0,Male,70402,1.2,44130,20.7,5,1,40024,558
31.0,Female,37641,18.3,21507,11.4,4,1,20115,592
25.0,Female,79285,13.1,26112,4.3,5,2,52562,573
26.0,Female,112419,2.6,30160,6.2,3,1,55712,551
35.0,Male,36151,4.9,22616,7.2,6,0,5906,579
58.0,Male,140432,9.6,77324,36.0,7,0,26689,703
56.0,Male,62550,2.4,15190,37.0,3,2,45230,619
32.0,Male,36606,6.4,4675,1.0,8,2,39286,535
43.0,Male,67515,11.1,17232,20.0,6,1,51788,634
35.0,Male,38031,3.5,18431,9.2,6,1,32103,543
40.0,Male,24973,17.5,10724,8.9,7,0,30478,637
44.0,Male,69980,5.4,31345,12.6,8,4,63237,528
46.0,Male,88696,5.4,19815,18.8,10,0,67943,615
38.0,Female,122279,5.2,56382,7.7,6,3,19323,524
57.0,Male,57624,7.8,9735,38.3,4,1,21573,636
49.0,Female,74653,11.6,47984,17.5,2,0,82998,585
25.0,Male,35369,5.5,17710,1.0,5,1,11435,550
44.0,Female,48526,2.4,5321,12.1,9,2,26988,593
31.0,,66163,8.9,10496,8.1,7,1,29144,539
48.0,Female,72922,2.7,12649,18.4,6,2,80301,556
58.0,Female,39410,13.4,7713,34.7,6,0,45482,672
42.0,Male,85269,9.0,14503,16.1,7,0,47937,639
40.0,Male,77113,2.2,15596,12.0,6,2,82326,537
51.0,Male,37907,7.2,4181,21.3,6,1,16676,642
25.0,Male,36413,7.8,4477,1.7,9,2,24574,531
32.0,Female,66217,5.4,11306,1.1,4,0,45762,526
60.0,Female,22255,16.5,9374,28.1,5,3,6475,650
29.0,Male,62888,7.9,16589,1.9,4,0,30022,572
40.0,Male,41620,6.2,22042,8.2,3,0,28505,530
48.0,Female,48619,6.2,20833,24.6,9,2,22256,605
31.0,Male,21183,12.0,2887,1.0,6,0,24477,580
26.0,Male,28373,8.3,17264,5.9,5,0,15987,541
55.0,Female,91580,10.0,50820,24.5,4,2,28692,591
45.0,Female,100668,4.0,21910,18.3,5,1,60935,583
47.0,Female,102285,2.6,8331,19.0,3,2,65686,602
33.0,Female,72253,8.3,28792,4.9,7,1,65617,550
46.0,Female,27468,5.1,17681,25.0,5,1,8265,545
43.0,Female,33772,6.4,12521,12.1,8,1,40044,579
37.0,Female,110605,3.1,64528,11.9,7,1,17124,576
48.0,Female,48988,7.7,16870,25.9,7,0,38177,644
53.0,Male,76723,15.6,11826,31.1,6,1,25663,684
36.0,Male,40715,11.8,10118,14.2,4,2,41081,572
33.0,Female,48819,8.1,22827,13.2,1,0,56971,555
46.0,Male,60639,8.1,24265,14.0,5,1,31624,611
22.0,Male,39744,1.1,4826,2.8,5,3,15732,496
35.0,Female,40398,7.0,6847,10.7,7,0,33919,618
53.0,Female,45121,5.4,16010,33.9,4,0,18288,628
29.0,Male,41782,3.5,25882,6.4,4,0,49421,592
40.0,Female,86514,10.9,7742,13.8,7,2,30327,644
23.0,Female,40013,0.8,20990,3.8,2,3,8520,424
59.0,Male,41540,2.2,23484,32.6,7,2,22119,605
21.0,Male,111099,6.4,13649,2.0,3,3,75713,525
41.0,Female,39958,7.8,14838,16.8,4,3,20216,552
43.0,Female,156980,21.1,68216,18.7,5,2,136113,604
36.0,Male,18898,24.6,5506,4.0,7,2,14182,615
40.0,Female,135077,11.7,51149,17.9,7,2,38560,570
51.0,Male,30066,1.3,16380,26.1,4,1,36337,562
53.0,Female,83646,8.7,13828,30.5,4,2,66027,633
41.0,Female,50853,20.6,19736,22.8,7,1,19873,684
31.0,Female,56537,6.7,36355,9.7,4,2,45984,561
29.0,Female,41379,11.0,23143,5.9,5,3,29446,518
41.0,Female,73200,4.7,16599,22.4,5,1,87370,558
35.0,Female,90344,8.8,8296,9.5,6,3,18533,526
40.0,Male,74661,12.3,20229,8.3,6,2,58866,571
58.0,Female,38189,4.2,23041,33.4,8,2,22131,619
63.0,Male,31091,7.6,16799,34.1,5,3,24365,609
36.0,Female,123858,8.1,34182,10.1,5,2,105249,580
59.0,Male,93006,1.2,12131,38.9,6,1,59377,654
34.0,Male,74076,2.8,35052,5.3,6,2,79750,494
34.0,Male,29754,10.5,13678,6.7,9,0,36574,580
45.0,Male,64529,6.0,21860,26.0,4,3,37830,590
38.0,Female,68024,8.4,33839,18.8,1,2,64852,542
37.0,Male,33340,5.1,7171,12.1,5,0,33646,590
47.0,Male,45760,0.7,11986,18.3,5,1,11919,586
44.0,Female,46112,4.7,11168,23.5,6,0,48975,599
34.0,Male,78780,11.6,32139,3.1,7,1,89279,553
40.0,Female,29491,5.4,15346,21.1,5,2,6240,544
54.0,Male,93258,2.7,59513,29.3,6,3,109185,572
49.0,Male,116481,3.4,71123,17.6,6,3,132286,514
37.0,Male,91417,3.0,29576,5.4,5,2,51469,503
48.0,Male,52455,17.6,27748,20.2,8,1,13062,676
28.0,Male,44172,9.3,19708,4.5,5,2,36659,534
46.0,Male,55303,5.0,4522,16.3,3,0,24033,545
54.0,Male,53803,2.1,25526,29.6,3,1,19666,583
23.0,Male,52252,10.2,29705,3.6,4,1,62031,525
48.0,Female,40231,10.5,5345,27.1,5,3,42920,601
36.0,Male,78668,9.0,41508,8.2,7,0,18444,560
23.0,Female,39916,16.2,16790,1.0,6,1,24331,571
39.0,Female,63426,3.4,39412,14.6,5,1,13018,559
43.0,Male,44739,2.6,5320,14.0,4,0,33150,555
32.0,Male,46874,1.8,10258,13.5,4,1,8115,545
52.0,Female,39996,13.0,8849,33.9,5,2,32976,657
39.0,Female,36980,2.4,5490,15.1,4,1,41136,517
44.0,Female,101551,23.1,19299,16.0,4,1,67026,670
38.0,Male,107360,4.8,61787,12.3,5,1,79282,581
36.0,Female,121481,17.2,43035,6.6,7,1,130709,604
52.0,Male,75506,4.4,46694,32.3,6,2,85074,622
38.0,Female,90597,7.5,29492,6.8,6,0,98016,529
44.0,Male,57788,5.7,10896,20.9,10,0,50032,601
34.0,Female,49779,9.1,12110,15.9,8,2,52460,630
,Male,38772,4.0,14660,3.3,5,3,11107,507
48.0,Male,37485,15.1,24036,17.7,6,3,24973,578
43.0,Female,86405,3.7,14685,20.0,6,0,66035,617
41.0,Female,62726,5.7,20401,22.8,3,2,16138,592
44.0,Female,82754,4.1,34126,20.6,6,1,54517,561
38.0,Male,41868,6.3,10880,11.8,8,2,20915,619
59.0,Male,63270,7.6,38669,40.0,5,2,51258,615
34.0,Male,35575,2.0,14970,14.4,10,1,20147,579
29.0,Male,48330,17.6,19716,10.4,3,6,56690,521
21.0,Female,73279,2.6,12063,1.0,8,1,59274,544
46.0,Female,39299,6.2,3316,22.8,6,1,27014,630
27.0,Male,69333,16.7,45032,1.0,5,0,31858,555
43.0,Male,39708,10.8,19850,11.2,7,3,11544,544
40.0,Female,46058,12.6,21970,11.2,6,0,25183,613
36.0,Female,52332,7.4,24090,10.8,6,0,35675,608
50.0,Female,159892,2.7,92209,18.0,4,2,120420,522
57.0,Male,103504,8.8,20708,29.1,3,2,51588,590
31.0,Female,76116,4.4,29923,3.8,8,1,79618,557
40.0,Female,40250,4.8,7728,18.6,7,1,7843,618
33.0,Male,98176,5.7,61866,5.2,10,3,24437,542
35.0,Female,99782,20.7,33693,10.1,3,1,42562,621
21.0,Male,50555,8.1,11183,1.0,2,1,15996,506
41.0,Male,51398,5.1,28711,20.5,6,3,24547,576
56.0,Female,87962,5.4,48202,28.6,4,2,48195,602
40.0,Male,36325,2.8,19368,8.7,4,0,43136,501
45.0,Male,54458,24.2,15588,15.0,4,1,46007,712
44.0,Male,28041,1.6,9815,18.8,1,1,22474,549
38.0,Male,64475,12.8,41874,13.7,7,1,67589,589
32.0,Female,64180,10.3,38457,8.7,4,1,46264,514
33.0,Female,43092,9.1,15107,12.7,5,0,33360,584
22.0,Male,73500,21.6,8971,1.0,4,3,88055,565
29.0,Male,47456,0.5,26612,10.3,3,3,9678,509
51.0,Female,33284,4.1,9553,19.4,6,1,16083,588
32.0,Male,75422,4.0,19811,5.4,5,1,86386,508
36.0,Male,35845,5.8,18342,16.3,7,3,7852,592
36.0,Female,58355,18.4,15716,15.7,8,2,44106,622
38.0,Male,24800,12.4,14765,9.5,5,0,8748,587
41.0,Female,41220,13.0,11326,18.9,7,4,41960,585
54.0,Male,72525,6.5,31596,31.1,3,1,49982,610
48.0,Female,61909,4.1,17158,29.3,3,4,76271,509
50.0,Female,24106,5.8,11534,23.7,4,1,14083,589
26.0,Male,20886,9.5,12869,1.0,9,2,15362,545
33.0,Female,97706,3.2,30828,7.7,2,1,47551,565
44.0,Female,78398,9.6,47019,15.8,5,3,12906,556
50.0,Male,42726,2.6,16358,22.1,8,1,24324,596
35.0,Female,45959,4.3,25118,3.1,8,2,24383,517
31.0,Female,62793,6.0,32740,1.3,4,2,61183,513
53.0,Male,27419,11.6,5669,32.9,5,1,13880,625
48.0,Female,50618,6.0,21667,24.1,2,1,31634,583
39.0,Male,34438,16.1,18884,9.2,9,0,26980,607
37.0,Female,67161,7.4,11924,13.5,4,2,80084,553
32.0,Female,20355,12.5,4727,10.7,7,0,20373,622
50.0,Male,137491,10.8,33768,25.6,4,2,89637,627
23.0,,59519,16.0,13134,1.0,9,1,55120,610
22.0,Male,44742,19.2,10178,1.0,10,0,11303,643
51.0,Male,161617,10.7,34406,27.9,5,2,139960,636
24.0,Female,72306,7.1,32156,1.0,6,3,23167,496
,Male,72611,7.4,14173,18.4,4,0,57316,628
31.0,Male,27323,4.0,15327,4.3,5,2,31240,520
42.0,Male,70290,6.5,28947,15.6,5,2,66350,576
42.0,Female,52987,6.1,30043,15.8,4,1,21996,567
25.0,Male,81270,17.8,44354,1.0,6,0,47960,584
47.0,Female,96227,11.0,49156,23.2,5,1,35340,583
28.0,Female,54474,4.8,6226,9.4,7,2,46945,543
61.0,Male,170809,12.4,104014,34.0,6,0,44666,669
21.0,Male,78847,9.3,33733,1.0,4,0,16468,564
30.0,Male,44144,7.8,18281,1.0,3,1,15722,562
36.0,Male,118122,5.4,55990,14.4,7,0,84218,576
26.0,Female,61381,9.0,22775,1.0,6,0,50466,556
26.0,Male,42085,4.6,15968,1.0,5,0,13843,517
,Female,41317,4.5,16709,1.0,5,1,35148,542
59.0,Male,48118,5.7,30067,30.7,4,0,52068,640
34.0,Male,76025,2.3,33967,7.6,6,2,56832,513
55.0,Male,102011,4.7,65241,27.6,4,1,44838,592
48.0,Female,46936,14.8,27250,28.8,4,1,24062,619
45.0,Female,79464,7.7,20634,23.3,3,0,67876,629
28.0,Female,63646,19.9,26258,7.4,10,1,21065,639
30.0,Male,51117,3.1,29249,1.0,5,0,53442,538
51.0,Male,89805,4.5,41797,29.1,3,3,110907,563
49.0,Female,53165,8.6,21543,26.3,5,0,39918,648
36.0,Male,128516,22.0,11888,5.8,4,0,134553,644
64.0,Male,48683,10.0,6515,35.1,5,0,34710,665
46.0,Female,25911,3.0,6802,15.3,5,1,6172,557
42.0,Male,53352,8.5,16144,22.2,6,0,12893,670
41.0,Male,54958,17.1,22073,10.2,7,4,35693,561
55.0,Female,64696,1.9,10229,35.9,3,0,40679,584
21.0,Female,25198,17.3,13434,1.0,2,2,15988,552
36.0,Male,63773,4.3,33135,4.1,6,0,31027,595
44.0,Male,38655,5.0,8777,22.3,4,2,13376,540
45.0,Male,52730,4.5,15325,20.9,8,0,35892,614
46.0,Male,56905,8.7,12288,25.6,8,2,50179,621
34.0,Female,84578,3.7,11201,15.5,7,1,50198,583
43.0,Male,45257,3.8,15595,12.6,6,1,17547,566
47.0,Female,56550,1.3,6337,27.2,6,3,11813,573
46.0,Male,95408,1.8,27186,27.0,8,1,26274,632
57.0,Female,60157,11.1,23447,34.4,4,0,57154,664
42.0,Female,63305,4.7,32645,23.0,5,2,44541,581
52.0,Male,78607,11.8,44600,26.2,8,2,74219,659
21.0,Female,61046,6.3,20551,1.0,9,2,56605,557
21.0,Female,29798,15.1,10119,1.0,3,3,31549,537
41.0,Female,43723,5.5,9206,22.0,6,0,43316,607
26.0,Male,28518,6.0,16838,1.3,3,0,31874,531
26.0,Male,22452,12.7,3224,1.0,3,2,19580,544
41.0,Female,96935,16.1,47789,16.9,4,1,20258,639
53.0,Female,84996,5.0,36094,22.2,4,3,106048,531
21.0,Female,58773,7.2,19856,1.0,10,1,51691,573
45.0,Female,72322,11.5,27139,23.2,4,6,29951,547
36.0,Male,53219,6.9,5111,6.6,3,2,51883,548
23.0,Male,43106,7.9,9092,3.8,5,1,37316,590
56.0,Male,47163,0.9,22462,35.1,3,1,10775,579
44.0,Male,58152,6.1,25063,14.5,5,3,34931,526
38.0,Male,70234,7.0,17780,17.1,8,1,74052,604
45.0,Female,62081,10.4,30137,14.8,5,2,71362,508
43.0,Female,58759,5.3,24192,17.6,2,2,52111,514
55.0,Male,26099,6.3,2473,24.9,8,0,17325,642
50.0,Female,29928,7.2,4488,19.6,5,1,16615,584
45.0,Male,32970,2.9,13337,17.3,8,1,16177,543
35.0,Male,188286,9.2,22990,15.3,7,0,180000,635
43.0,Female,41475,0.6,16455,22.6,9,0,16979,615
50.0,Male,59498,6.1,6075,31.3,5,0,11426,635
31.0,Male,97860,4.9,28738,8.1,4,1,20500,591
42.0,Male,29424,3.8,11738,23.6,7,0,17382,573
44.0,Male,22625,2.0,12867,16.8,5,0,3419,582
34.0,Male,50471,5.8,7154,4.7,12,3,26471,587
31.0,Female,73663,5.9,11197,1.8,4,1,33254,528
49.0,Female,58803,14.9,35572,30.2,5,3,45928,585
35.0,Male,60132,4.7,29964,9.0,7,2,59745,573
48.0,Male,94551,3.4,15819,25.6,2,0,68825,605
45.0,Male,49772,2.5,30037,15.0,5,1,29770,572
37.0,Male,94049,10.1,26288,15.9,8,0,58880,661
53.0,Male,100850,5.1,9917,21.4,5,2,122456,563
42.0,Male,108447,2.6,53335,14.2,6,1,19509,628
42.0,Female,144294,6.1,79522,19.3,7,5,100109,550
46.0,Male,41393,7.5,16483,20.9,3,2,20322,559
31.0,Male,84968,10.4,34893,11.6,6,0,35284,592
37.0,Female,33216,8.3,14392,16.3,5,0,20501,581
35.0,Male,74576,11.2,6073,6.9,6,1,78659,574
26.0,Female,80215,5.2,44676,1.0,3,3,51619,510
40.0,Female,76292,10.7,36275,19.7,4,0,63370,617
41.0,Male,151949,1.3,74041,20.2,3,1,175295,519
36.0,Male,75902,2.4,6268,7.8,2,1,65502,527
47.0,Female,27394,19.9,17334,18.3,2,1,28598,619
50.0,Female,82591,6.1,18486,24.9,4,2,60794,556
49.0,Male,69358,22.8,10804,19.4,7,1,42806,671
49.0,,40839,15.6,6952,28.5,4,1,42232,627
25.0,Female,93133,4.1,42166,1.8,7,1,94400,486
21.0,Female,80585,12.3,19297,1.0,6,2,31621,588
38.0,Female,25876,10.8,14800,15.6,8,1,21722,597
47.0,Female,67945,2.6,18140,20.9,5,1,59678,552
30.0,Female,88913,6.9,37019,9.7,5,1,65863,553
21.0,Male,23215,22.7,11022,1.0,7,0,13933,647
21.0,Male,71344,1.9,15154,1.0,2,1,54094,537
27.0,Male,48664,23.3,26435,1.0,3,1,49671,597
41.0,Male,100742,8.2,61984,21.3,5,0,115850,563
40.0,Female,29912,3.9,17662,12.8,6,2,32252,537
39.0,Male,94665,2.7,55786,12.0,3,0,62595,516
38.0,Female,57853,12.3,26384,17.5,3,2,52021,594
21.0,Male,87994,15.9,32309,1.0,4,2,24667,573
44.0,Male,45387,7.5,28146,22.0,5,2,14422,563
48.0,Female,78227,10.0,19619,29.2,9,0,62310,629
57.0,Male,55750,5.4,21429,33.3,2,0,65903,615
31.0,Female,34401,3.0,18395,1.0,5,0,9238,520
21.0,Male,40290,15.3,15209,1.0,3,1,18379,542
40.0,Male,51037,5.2,10786,12.2,7,0,27039,600
56.0,Female,209575,10.0,57582,36.8,6,1,117593,692
37.0,Male,45223,9.4,21807,8.5,5,0,43989,614
52.0,Female,96776,7.0,59720,20.6,8,2,29596,583
43.0,Male,61757,10.8,24668,25.0,7,1,42242,647
45.0,Male,59094,12.1,20123,15.2,5,2,57051,625
37.0,Male,36324,7.9,18349,5.2,5,0,12258,552
53.0,Male,46709,9.3,10670,25.5,8,2,18248,610
44.0,Male,108552,7.8,17243,25.1,8,2,127122,629
21.0,Female,117692,12.1,41222,1.0,2,1,50928,550
21.0,Female,75193,8.3,32371,1.0,5,2,31257,557
38.0,Male,57377,14.9,8507,14.2,4,0,8922,616
43.0,Female,63889,6.2,28199,15.5,7,0,18423,600
45.0,Female,79384,1.7,42332,13.2,3,1,69425,515
34.0,Male,68096,9.2,32254,4.3,2,3,58903,541
29.0,Male,70642,8.1,16617,9.8,2,2,83942,524
46.0,Female,44118,6.4,17061,21.3,5,1,32613,575
32.0,Female,41408,24.6,3441,13.3,13,0,44739,714
50.0,Female,40893,5.8,20635,28.5,2,1,35174,583
49.0,Female,34182,4.1,9988,25.7,2,3,30946,558
58.0,Male,110682,1.9,29012,35.7,4,0,99670,652
45.0,Male,79228,3.1,50442,20.4,2,0,77471,561
46.0,Male,44751,3.5,21122,17.0,5,1,30859,558
57.0,Female,49253,8.3,29203,31.1,8,1,12675,649
28.0,Male,46823,8.3,12064,7.9,7,0,34828,601
43.0,Female,61812,10.1,12844,16.4,7,0,19845,644
32.0,Male,86538,11.3,31558,1.9,5,1,81089,551
37.0,Male,161077,6.4,87809,7.0,2,1,167697,482
27.0,Male,60597,9.1,16278,3.1,3,3,10010,548
70.0,Female,71504,7.2,11875,40.0,4,3,56540,606
31.0,Male,104103,4.2,34929,9.7,6,1,51827,565
35.0,Male,69277,10.0,42959,6.5,4,0,14022,611
21.0,Male,43868,5.8,6510,1.0,5,0,35035,561
43.0,Female,51546,4.7,17747,14.8,6,0,17804,565
37.0,Female,55448,13.6,29856,7.7,7,1,47413,569
44.0,Male,91694,5.7,42316,25.1,6,0,105753,571
22.0,Female,65840,7.8,17120,3.9,5,0,38212,583
24.0,Female,28510,9.2,3353,1.0,5,1,13130,554
24.0,Female,67968,3.0,31957,1.0,5,0,11363,549
39.0,Female,71766,12.2,38037,18.1,6,2,12859,562
44.0,Male,38010,3.1,22787,24.9,9,3,24536,612
23.0,Male,84425,9.1,23085,1.0,5,2,80986,534
53.0,Male,109467,4.7,40841,34.9,5,3,102806,584
21.0,Male,73335,8.5,43178,1.0,3,1,90855,493
33.0,Male,40231,4.1,23039,7.4,4,0,49130,541
40.0,Male,66802,7.0,13049,14.1,4,3,51615,530
29.0,Male,88982,6.6,20302,1.2,5,1,101215,550
48.0,Male,31709,9.9,5702,17.0,4,2,33810,578
63.0,Female,31387,5.7,17871,32.5,2,0,32745,591
34.0,Male,105090,10.7,22383,8.4,8,2,117921,581
24.0,Male,59341,6.4,29862,1.0,5,1,45373,522
44.0,,89731,9.7,37931,13.0,5,4,97819,518
50.0,Male,48449,18.9,22740,19.3,4,2,12303,642
28.0,Male,71999,17.7,41883,1.0,4,0,11314,619
21.0,Male,43024,0.6,4596,1.0,6,1,40746,543
58.0,Male,176619,14.5,21570,28.7,6,0,154057,651
40.0,Female,36924,3.0,4492,11.7,9,2,39921,560
50.0,Male,91677,32.2,53294,18.9,1,0,40670,687
41.0,Male,51342,16.0,28621,11.5,7,0,20083,588
49.0,Female,71575,4.4,31097,27.4,7,1,44070,577
33.0,Female,48464,4.1,26225,10.9,7,2,16685,582
33.0,Male,54766,8.7,25559,13.7,7,2,9796,601
21.0,Female,76027,4.8,33064,1.0,4,2,78582,525
25.0,Male,61518,9.1,8589,1.0,3,0,68817,572
37.0,Female,66099,7.6,16742,8.3,3,1,32920,569
57.0,Male,46820,12.7,12293,25.6,8,4,19245,633
45.0,Female,37200,7.2,14862,21.9,4,5,26700,550
28.0,Female,30461,7.1,17385,6.7,7,2,33290,544
56.0,Male,85462,5.4,27643,25.8,7,0,57093,605
56.0,Male,110600,2.1,19215,24.9,2,0,16749,641
43.0,Male,114737,4.9,42126,24.0,2,4,92723,510
30.0,Male,54171,18.4,8335,4.0,2,0,13081,596
32.0,Male,62037,12.9,26757,1.0,3,1,73494,561
,Female,58897,4.1,18379,3.5,6,2,68249,560
44.0,Female,24258,13.0,13148,14.2,5,1,25119,578
44.0,Male,21774,4.1,7191,18.7,3,0,15863,558
57.0,Female,56865,3.5,12549,30.1,5,2,35737,633
54.0,Female,18000,5.4,10774,34.6,7,0,4588,653
33.0,Male,67199,4.6,43311,12.8,8,1,48337,536
51.0,Male,38991,9.8,13292,26.9,3,0,16151,619
44.0,Male,46780,10.7,19486,21.1,2,1,34122,599
25.0,Female,72946,4.0,32871,4.4,7,1,59657,573
52.0,Male,66344,9.0,11526,25.4,5,3,69510,612
55.0,Female,90021,2.6,31253,27.7,6,0,48004,594
30.0,Female,43841,11.8,9013,4.9,4,1,36123,612
24.0,Male,42072,5.6,13570,1.0,6,1,11758,538
39.0,Male,48536,3.5,27253,18.6,3,4,14460,541
48.0,Female,153821,12.5,99719,29.0,6,0,126215,612
54.0,Male,145155,5.0,73873,33.7,6,0,92714,563
36.0,Male,85115,13.3,22465,8.5,4,0,89913,627
21.0,Male,53531,2.6,9194,1.0,5,0,51334,501
37.0,Male,35521,6.0,5487,16.3,3,2,23811,584
36.0,Male,106195,12.4,14512,10.6,7,3,22849,633
25.0,Male,176323,8.5,96670,1.0,5,1,51704,553
49.0,Female,82350,8.6,23544,18.9,8,4,86337,547
21.0,Female,54647,4.5,30291,1.0,3,2,39299,479
37.0,Male,38957,13.0,23435,6.3,4,4,12040,515
39.0,Male,86091,5.6,48500,9.8,5,1,60868,538
27.0,Female,74184,9.2,16626,4.7,4,2,23720,542
45.0,Female,81269,24.4,50420,18.8,2,1,25102,647
31.0,Male,32054,13.2,5003,4.7,3,0,35519,592
38.0,Female,37469,1.9,20298,15.7,9,2,36897,567
44.0,Male,79396,11.1,24707,19.2,8,2,41711,667
63.0,Male,59883,4.9,7647,40.0,4,3,64384,589
38.0,Female,72292,13.2,41174,18.1,9,2,16142,649
38.0,Female,89745,14.0,41638,9.5,4,1,103949,578
39.0,Male,60238,10.5,14943,11.9,5,0,39038,630
38.0,Female,49077,9.4,8280,12.7,9,1,56536,625
33.0,Male,61401,5.8,29665,8.7,7,0,34967,564
46.0,Female,69981,26.0,43830,25.3,6,2,63162,665
48.0,Male,89092,6.9,26471,29.7,4,1,36183,629
34.0,Male,42265,7.0,17559,4.2,4,2,6934,552
26.0,Male,69513,6.9,7182,1.0,4,1,48523,531
21.0,Female,56815,6.5,26292,1.0,4,0,55722,521
55.0,Female,89552,5.3,50821,31.3,4,1,68655,560
31.0,Male,58819,9.2,20870,1.0,5,3,70862,547
55.0,Male,49849,4.8,7325,35.6,5,0,50139,662
24.0,Male,293277,16.3,61829,1.0,5,2,142309,649
21.0,Male,122029,6.4,49798,1.0,3,1,57403,586
58.0,Male,92921,1.6,11265,31.6,4,1,105036,584
50.0,,109533,0.9,42571,21.2,8,0,33315,607
58.0,Male,40001,11.7,12968,29.2,2,1,45008,647
34.0,Female,85370,8.4,22063,6.2,6,1,75594,577
50.0,Male,39005,5.2,17698,24.1,5,2,23839,588
48.0,Male,32287,6.0,16221,20.0,3,2,33159,536
27.0,Female,42426,6.1,22687,1.0,3,0,51580,552
61.0,Male,60892,8.4,22417,29.1,4,0,32003,654
40.0,Male,95213,6.7,17788,20.6,6,2,45128,587
48.0,Female,24432,8.5,7679,28.4,3,0,21788,612
50.0,Female,95332,13.4,29473,20.1,6,0,99026,628
44.0,Female,43498,4.7,15434,14.6,2,5,42052,520
43.0,Female,116400,20.2,22858,23.2,3,2,111374,645
59.0,Male,122247,16.7,13447,30.7,4,1,100046,698
55.0,Male,52884,9.1,34222,28.6,5,0,32713,624
33.0,Male,141715,10.8,67041,9.0,9,2,26145,579
48.0,Male,61667,7.9,33742,26.6,3,0,62561,660
29.0,Male,91258,13.1,58937,9.4,6,2,67249,532
54.0,Male,95359,3.9,14128,23.1,2,0,34213,571
34.0,Female,73611,6.0,23164,8.0,3,4,22021,500
45.0,Female,19557,15.8,2000,14.8,5,3,21074,606
60.0,Male,40198,2.5,8808,28.0,3,0,14386,610
54.0,Male,93750,13.1,11979,22.4,6,1,53447,636
27.0,Male,46044,4.2,19788,7.9,7,1,52631,545
41.0,Male,44343,10.4,12167,21.6,9,0,35944,653
42.0,Male,33864,9.4,17534,20.4,7,2,33059,591
58.0,Male,105067,13.7,13448,26.7,3,2,32586,641
38.0,Male,66786,7.3,35247,19.8,3,1,69408,557
25.0,Female,22911,9.8,5900,1.0,4,2,8153,555
29.0,Male,54907,5.7,28336,9.4,3,1,57699,518
46.0,Female,46981,13.9,6339,24.2,3,3,11285,591
56.0,Male,41589,6.3,24231,32.7,2,2,12321,596
43.0,Male,69913,14.2,21052,12.7,6,2,43620,634
35.0,Female,44434,6.3,18461,13.6,5,0,17068,568
21.0,Male,97990,7.6,28057,1.0,5,1,46068,539
34.0,Female,26528,1.8,11136,6.9,8,0,13478,562
36.0,Male,118118,7.9,49762,6.2,6,2,112541,570
32.0,Female,77188,8.3,41042,12.3,6,0,39872,596
47.0,Male,32326,6.2,16122,19.3,4,1,30118,566
43.0,Male,44616,21.9,16023,15.2,4,2,50118,655
36.0,Male,48473,5.1,19578,15.6,5,2,35442,562
39.0,Male,38707,10.4,13270,9.8,5,1,33589,606
54.0,Male,93258,2.7,59513,29.3,6,3,109185,572
37.0,Male,89640,2.9,36951,10.2,11,0,18499,631
44.0,Male,30046,10.2,7990,13.8,6,3,36980,590
43.0,Male,95729,1.6,45330,19.1,8,2,106304,530
48.0,Female,50196,11.4,6464,19.6,3,0,20432,620
46.0,Female,85736,2.0,46459,24.4,9,3,48227,525
50.0,Female,128290,2.9,24715,23.7,7,2,106091,579
22.0,Female,82732,13.7,33718,3.2,3,2,74718,545
30.0,Male,34103,4.4,9329,3.2,3,1,23138,518
37.0,Male,90105,4.9,17892,8.2,2,1,31591,529
28.0,Female,59442,5.6,29082,1.0,3,0,40083,525
21.0,Male,54290,3.7,32951,1.0,5,3,48372,477
45.0,Female,73175,1.0,24386,25.1,7,1,85010,579
58.0,Male,71522,14.5,6866,30.7,5,4,40420,640
55.0,Male,76772,5.5,13362,32.2,5,0,44211,686
32.0,Male,111251,8.2,61285,9.3,5,1,103653,541
44.0,Male,88128,4.3,51141,24.8,7,0,13302,658
21.0,Male,50068,9.3,27849,1.0,5,1,8313,546
36.0,Female,104840,2.6,31703,6.3,2,3,46485,507
40.0,Female,78970,9.4,16465,8.3,4,1,66306,566
27.0,Female,82547,3.7,15096,1.0,6,0,53186,579
46.0,Male,86219,3.0,21636,23.0,7,1,79523,624
45.0,Female,118189,6.9,34935,16.1,4,3,126864,538
28.0,Male,59470,2.6,18189,9.0,5,1,36668,504
,Female,88566,0.8,34338,22.1,5,1,32911,574
34.0,Male,85919,7.4,19104,9.0,8,2,102195,579
42.0,Female,79210,8.9,44886,20.9,4,2,27113,570
55.0,Female,49981,5.1,21476,30.5,3,1,34078,649
28.0,Male,192218,7.3,59292,1.0,6,0,80172,538
43.0,Female,41179,17.5,10659,17.1,6,3,6586,650
32.0,,100238,12.5,60324,14.0,5,0,29817,591
48.0,Male,43785,11.5,4435,26.5,5,1,35366,618
39.0,Male,55352,4.4,6126,19.7,8,3,33545,552
44.0,Female,64173,19.5,36744,24.0,6,2,29094,633
24.0,,26522,8.0,12403,1.0,4,1,30446,555
35.0,Female,101170,11.5,45834,11.2,4,0,116268,577
43.0,Male,73496,16.0,47306,12.6,5,2,53910,620
37.0,Male,58979,13.8,7293,15.1,6,0,67490,627
,Male,67391,7.4,33742,16.7,4,0,66996,607
41.0,Male,69449,12.2,15621,18.9,8,1,69205,627
33.0,Female,25991,2.9,6129,3.6,2,1,17904,526
30.0,Male,38733,14.6,14562,9.6,3,0,6864,564
21.0,Female,45862,3.6,9389,1.2,5,0,21217,549
44.0,Male,49373,10.0,18820,20.6,5,2,9679,563
36.0,Male,50565,14.5,15731,16.2,4,0,24049,616
37.0,Male,39379,7.7,24654,11.9,3,0,14928,560
35.0,Male,39866,4.5,11171,4.3,7,0,33814,565
37.0,Male,30311,4.3,8252,10.4,2,0,34881,545
32.0,Female,51651,12.1,31585,13.9,3,1,17944,555
36.0,Male,101543,12.2,52302,8.5,5,1,114719,578
59.0,Male,52810,16.5,24918,37.2,3,1,18644,647
43.0,Female,50999,4.4,29940,18.1,5,2,29144,577
40.0,Female,81171,8.0,25486,8.9,6,2,14447,601
37.0,Female,71818,4.4,40433,17.8,5,2,35201,539
33.0,Female,66934,17.2,14392,12.3,3,2,44589,643
56.0,Male,35095,8.8,8458,27.4,5,1,38310,593
34.0,Male,85681,6.2,44382,7.5,2,0,101516,540
51.0,Female,60634,2.3,14559,19.8,5,0,35327,570
39.0,Male,39714,8.5,24203,10.3,3,3,8736,501
55.0,Male,52242,9.8,22439,28.3,5,1,62566,624
43.0,Female,71280,5.7,6492,17.1,7,0,57199,637
37.0,Female,67077,13.7,40302,18.5,6,3,12520,635
50.0,Male,87220,3.4,12107,20.6,3,4,33905,559
30.0,Female,28340,6.0,17240,6.7,9,1,11557,567
25.0,Female,41858,25.2,4842,1.0,4,0,44602,641
45.0,Male,42142,1.7,22341,25.4,2,1,10550,530
29.0,Female,53444,6.0,15376,2.3,3,1,55441,533
36.0,Male,52636,9.3,9520,11.8,5,3,20301,557
44.0,Male,71741,9.8,34634,19.6,3,1,21647,591
21.0,Male,231324,15.9,65039,1.0,5,2,163535,554
49.0,Male,56491,6.4,11300,23.7,5,0,54109,623
29.0,Male,105891,5.0,48207,2.3,4,0,20969,543
39.0,Female,96895,8.1,26903,19.5,3,2,96215,596
21.0,Male,93324,7.1,23738,1.0,10,1,48300,626
55.0,Male,82381,6.3,16291,28.0,5,0,37432,698
46.0,Male,55465,2.6,21664,26.8,5,0,66907,623
26.0,Female,145756,17.4,37516,1.0,5,2,115534,553
36.0,Female,54666,7.1,8335,12.9,4,2,31099,591
33.0,Male,66227,11.9,36522,1.2,6,0,78245,562
46.0,Male,72504,10.4,17592,21.6,9,2,78983,641
21.0,Male,58263,5.2,27126,2.1,5,2,68146,504
40.0,Female,22509,14.6,5298,12.9,11,0,24815,703
50.0,Male,40907,9.2,14880,30.5,6,0,18928,688
30.0,Female,52219,11.4,7187,2.9,9,3,64254,562
46.0,Male,89793,6.5,57114,23.8,6,1,76457,598
54.0,Male,43387,2.7,10712,23.8,5,4,33057,561
25.0,Male,66383,5.6,14404,1.0,7,0,71642,561
46.0,Male,89585,4.1,24792,21.5,4,3,51579,568
23.0,Female,116424,3.5,41240,1.0,6,0,53250,550
39.0,Male,83907,4.6,41118,20.7,6,1,84461,548
37.0,Female,34740,7.7,11869,11.9,4,1,43369,550
40.0,Male,44744,2.9,23830,13.9,7,1,42019,560
30.0,Male,32288,11.1,9691,7.9,5,2,16288,522
43.0,Female,117000,10.2,58793,11.7,5,0,84643,605
42.0,Male,56015,6.0,35149,16.8,7,0,27188,603
35.0,Male,65228,20.4,19441,13.5,4,1,71141,637
47.0,Male,27179,2.1,13948,16.6,3,1,6722,551
50.0,Female,83340,20.8,40075,30.6,4,5,81659,616
30.0,Male,65823,10.2,39135,8.6,6,4,39555,520
29.0,Male,74958,15.6,48424,2.2,5,0,19028,574
42.0,Male,74135,3.4,45617,22.5,6,1,34390,598
37.0,Male,50618,15.3,24998,6.8,4,1,28000,588
34.0,Female,54054,2.3,32206,13.1,4,1,65696,516
42.0,Female,39486,3.9,10129,14.0,7,1,28025,565
37.0,Male,68728,8.0,32621,14.5,7,2,41071,610
23.0,Male,52150,5.9,21090,1.0,5,1,34019,548
41.0,Male,70495,15.5,5755,19.0,2,0,11419,661
35.0,Male,55036,4.3,12748,4.9,6,1,50256,540
38.0,Female,33942,6.4,15331,6.8,8,1,36690,538
21.0,Female,70787,3.8,11034,2.4,5,2,25627,508
36.0,Male,18000,4.7,3573,15.7,9,0,13861,602
57.0,Male,55414,19.7,27035,25.9,3,1,52858,627
37.0,Male,69803,5.6,27296,6.0,7,2,84873,478
57.0,Female,23129,9.8,8875,38.4,10,1,19310,660
21.0,Male,60742,9.1,16635,1.0,5,4,46240,537
26.0,Male,131109,5.5,42714,1.0,5,2,129466,518
21.0,Female,36032,14.4,16180,1.0,4,0,29837,590
28.0,Male,120623,7.5,34803,1.0,10,3,139498,549
34.0,Female,34703,12.8,15370,13.6,5,1,25338,605
21.0,Female,37204,12.0,13692,1.0,6,2,30157,557
36.0,Female,35652,11.8,8149,14.5,3,0,18133,603
41.0,Male,174648,0.7,89051,12.5,4,0,180000,546
38.0,Female,68365,2.8,20049,13.7,4,2,34963,564
30.0,Female,42234,4.6,22194,10.8,2,0,45749,563
34.0,Female,36337,4.8,22781,5.8,4,0,14666,537
48.0,Male,104144,1.2,58313,18.2,5,1,75757,529
42.0,Male,111123,1.4,59676,23.6,2,0,111028,518
54.0,Male,80144,4.9,18528,29.1,5,3,66213,569
36.0,Male,50739,1.9,7499,17.2,6,1,40173,575
27.0,Male,126097,10.9,70525,1.2,7,1,56400,586
45.0,Female,56675,7.7,29007,20.3,9,3,36395,573
64.0,Female,24128,4.5,15000,39.6,4,1,5147,625
31.0,Male,44897,0.3,23407,7.9,9,0,37478,547
51.0,Male,90212,1.0,17770,24.9,6,2,36856,556
43.0,Male,141843,7.2,64968,16.8,1,1,115790,594
34.0,Male,39002,3.3,18360,14.6,1,0,41875,504
53.0,Female,49159,2.0,9966,23.0,9,3,36378,543
30.0,Female,47704,4.6,14179,3.1,7,1,33108,543
51.0,Male,28300,5.8,4527,26.8,6,2,7612,594
28.0,Male,70909,7.6,39224,9.0,6,1,87813,519
30.0,Male,68541,11.1,39182,5.4,4,0,52795,558
49.0,Male,37492,9.3,23810,22.6,5,1,22801,568
59.0,Male,54136,16.6,8309,35.4,7,3,40508,708
40.0,Male,23141,8.0,6556,19.0,5,3,5651,630
30.0,Male,60321,2.9,36522,1.0,9,0,19995,543
21.0,Female,47294,6.0,17449,1.0,5,4,39288,494
21.0,Female,68871,8.4,44430,1.0,4,3,51121,506
44.0,Male,71652,4.3,30249,14.1,1,0,30578,572
36.0,Female,47660,8.7,23327,16.6,5,4,13558,545
41.0,Female,103612,2.9,14010,20.1,4,1,128513,595
28.0,Male,80786,11.7,23407,1.0,5,3,32564,532
21.0,Male,45206,0.9,12413,1.0,2,1,32257,500
27.0,Male,56982,6.9,12384,1.0,3,1,14428,513
41.0,Female,31474,5.1,3509,13.6,5,0,16074,590
35.0,Female,42148,7.5,6714,14.3,2,3,34832,541
31.0,Female,75035,1.6,48255,3.5,4,2,89922,504
40.0,Female,80601,17.2,21610,16.5,1,1,85782,602
35.0,Female,61495,11.0,30951,7.3,10,0,53291,602
47.0,Male,41073,14.0,13034,26.3,7,1,39258,630
41.0,Male,57579,9.1,13650,17.0,5,2,52018,616
41.0,Male,56800,7.8,10811,16.7,7,1,31080,634
42.0,Female,162943,6.6,55595,15.7,5,0,88017,626
41.0,Female,122720,10.2,9850,13.0,4,2,39347,611
35.0,Male,122351,6.2,37456,12.4,3,2,36756,561
53.0,Male,64004,11.1,18780,34.8,3,1,18754,676
55.0,Male,130343,6.6,81345,27.9,6,1,23802,620
41.0,Male,42791,5.3,16514,10.4,6,2,7146,543
32.0,Male,87523,19.4,28951,6.3,2,1,55913,627
39.0,Male,38425,7.6,24199,14.9,5,3,14535,518
61.0,Male,45537,5.8,17605,34.0,6,0,15780,683
21.0,Female,71736,3.0,45544,1.0,4,0,73726,494
34.0,Male,23626,3.3,14107,4.8,4,3,4831,509
36.0,Male,22457,10.5,14224,4.6,5,2,19950,535
48.0,Male,39488,6.2,20682,26.3,6,0,30376,621
34.0,Male,85251,1.0,20665,15.3,6,1,80700,565
57.0,Female,99132,2.5,28462,35.5,6,4,99784,624
35.0,Male,80581,3.4,11066,9.3,6,1,29029,558
36.0,Male,54255,5.6,27323,10.8,7,3,38635,534
41.0,Female,107839,7.5,36817,13.7,2,4,51395,535
36.0,Male,52730,2.1,29055,17.4,6,0,56088,541
51.0,Male,47486,11.2,15234,22.6,6,1,11103,669
47.0,Female,54374,7.9,22478,27.1,5,1,23911,589
57.0,Female,97880,1.8,48100,31.4,9,1,111400,616
35.0,Male,112297,8.6,47136,7.6,3,1,116753,553
27.0,Male,66666,13.1,36476,1.6,6,0,79178,581
44.0,Male,42328,4.5,23055,24.9,7,1,35745,591
48.0,Male,23360,8.2,6852,23.9,7,3,7093,599
39.0,Female,26506,4.9,4453,12.8,7,0,32613,601
25.0,Male,57700,3.6,29688,1.0,3,3,56505,473
50.0,Male,80900,6.1,30458,29.2,4,2,30664,649
42.0,Male,28666,11.5,18001,15.8,3,2,10498,563
47.0,Female,52708,14.7,27529,22.2,4,2,11642,599
42.0,Male,60231,18.0,36589,16.4,4,2,24717,610
35.0,Male,56087,8.5,23942,14.6,6,1,50105,613
21.0,Male,37868,1.0,15710,1.0,4,1,22502,479
40.0,Male,56116,8.8,36275,15.1,7,1,20978,621
35.0,Female,28505,5.4,2549,16.4,4,1,18777,567
53.0,Female,32239,14.9,11382,25.6,7,2,10401,666
22.0,Female,86307,7.7,8276,2.9,3,3,63382,526
52.0,Male,26854,13.1,11940,33.7,4,2,12901,651
28.0,Male,121233,8.1,29426,4.1,6,0,112795,550
49.0,Male,55288,9.0,30062,26.1,5,1,59180,625
44.0,Female,69792,3.2,35160,21.7,1,1,67339,514
23.0,Male,77934,8.5,30310,3.9,6,1,93287,545
54.0,Male,32079,10.0,7647,23.9,7,0,18585,656
45.0,Male,127014,2.3,21563,14.9,6,1,42602,568
25.0,Male,98326,15.3,23473,2.2,2,0,113653,578
59.0,Male,24412,22.4,4920,34.0,4,3,25015,688
53.0,Male,193064,3.8,100735,32.0,4,4,177998,515
22.0,Male,73895,2.5,33471,4.0,3,1,50253,516
37.0,Male,82849,9.5,13730,15.0,6,2,71185,574
46.0,Male,81714,7.1,27111,14.4,5,2,62185,585
23.0,Female,143886,19.3,59293,1.0,5,1,150363,593
38.0,Male,33548,9.9,5287,16.8,5,3,16465,535
38.0,Male,172033,6.5,55611,10.7,5,1,180000,537
57.0,Female,41117,5.6,13712,29.8,6,3,30872,595
25.0,Male,35408,2.0,6838,1.0,5,2,14259,524
39.0,Female,42113,7.2,25995,10.2,4,3,33451,507
44.0,Female,54144,4.9,30099,18.0,5,1,23584,566
47.0,Male,59594,9.7,5589,20.0,4,3,63039,584
51.0,Male,43074,19.3,9320,21.2,3,2,11246,599
41.0,Male,77089,8.2,13188,14.4,3,1,16462,594
62.0,Male,72006,11.4,18730,35.4,6,1,49062,701
42.0,Female,85106,2.8,49027,20.8,2,1,30647,551
34.0,Male,81009,6.0,52625,2.6,6,3,14716,524
25.0,Male,68109,5.6,24344,1.0,8,2,62304,541
48.0,Male,33062,12.7,13892,21.8,3,2,38707,602
34.0,Female,61042,12.4,38407,4.3,2,1,36825,544
46.0,Male,60801,10.6,38881,27.8,2,2,60190,573
40.0,Male,49715,6.7,24719,19.2,8,1,23678,650
35.0,Female,139478,4.3,25167,16.4,6,3,65538,536
40.0,Female,53188,16.6,19889,13.7,8,0,21632,670
34.0,Female,37614,3.5,17730,10.9,4,0,43704,539
49.0,Male,78238,7.6,47603,22.7,6,1,43226,608
21.0,Female,56587,17.2,28378,1.0,4,1,58383,542
52.0,Male,57025,11.7,7301,22.4,7,0,32486,677
46.0,Female,50424,16.9,22967,19.4,7,2,14868,614
54.0,Female,93941,9.3,21621,22.8,6,1,89149,615
21.0,Female,22520,9.3,2902,1.8,5,2,7087,573
27.0,Male,23501,6.7,8824,1.0,9,0,12700,566
41.0,Female,130999,13.3,63501,22.3,4,2,126205,628
40.0,Male,42933,7.6,14453,13.1,6,0,20226,626
50.0,Male,30167,8.7,2611,25.2,7,2,25426,598
43.0,Male,60084,12.8,28143,19.6,4,1,26627,611
47.0,Female,62806,5.4,35079,25.4,8,1,25940,600
50.0,Female,37858,2.9,17344,28.7,3,3,43988,545
49.0,Female,51426,4.3,30560,21.4,3,3,28343,556
39.0,Female,71093,13.4,9809,12.4,7,2,37340,610
32.0,Male,33452,18.6,21213,7.0,6,1,27858,585
45.0,Male,147543,12.9,90985,17.0,3,1,33210,551
31.0,Female,19941,4.2,2000,11.4,3,0,11107,580
32.0,Male,68287,2.9,23232,1.0,6,2,84949,532
39.0,Female,39377,8.1,9172,7.1,7,2,20224,567
53.0,Male,51177,2.4,6631,24.6,8,1,23340,590
33.0,Female,55876,3.7,24766,13.4,4,4,10017,463
39.0,Female,181103,4.4,117172,7.1,3,0,57751,528
34.0,Male,37870,9.4,5801,3.7,7,3,37812,541
60.0,Male,105107,9.0,36100,34.8,6,1,40021,666
70.0,Male,47989,11.7,16368,40.0,4,2,51909,641
50.0,Male,45482,13.1,10372,31.1,8,0,56141,668
59.0,Male,110204,5.1,50731,37.3,6,0,88173,631
42.0,Male,24129,4.6,2002,15.5,6,0,14837,610
43.0,Female,90055,18.7,35630,25.0,4,0,52773,704
29.0,Male,55372,3.2,31392,7.8,9,4,48609,515
52.0,Female,18000,3.1,10020,22.1,8,0,5554,601
49.0,,50148,5.9,11728,29.9,7,1,30705,626
36.0,Female,69939,8.5,10362,9.7,5,1,33294,602
45.0,Female,23606,10.3,10875,17.0,8,0,13624,648
41.0,Male,181560,6.3,116851,14.0,5,3,180000,492
38.0,Male,111917,6.7,13570,19.9,7,2,107252,649
34.0,Male,44438,3.2,24675,3.2,2,3,43093,450
39.0,Female,56519,6.4,29510,20.8,4,3,65661,579
30.0,Male,26325,4.8,13768,8.3,2,0,10195,516
21.0,Female,40539,18.4,22080,1.0,3,1,40594,621
46.0,Male,89793,6.5,57114,23.8,6,1,76457,598
38.0,Male,61820,7.6,33651,12.5,4,2,37952,544
,Male,83514,8.7,22104,3.1,3,2,88351,529
28.0,Female,74125,1.5,15148,1.0,4,3,65974,488
21.0,Female,80855,11.7,43031,1.0,7,1,55680,618
46.0,Female,47562,8.7,27290,27.0,4,1,12558,587
42.0,Male,40026,14.1,12654,18.8,3,2,21674,590
44.0,Male,45209,8.9,20652,17.5,4,3,22854,601
57.0,Female,53464,3.3,24842,33.9,5,2,23036,577
35.0,Male,113406,10.7,18030,16.3,5,3,141116,551
22.0,Female,86656,7.3,14996,3.9,9,0,63533,558
36.0,Female,42438,2.6,18816,9.4,8,3,9029,560
21.0,Male,45213,7.5,7633,1.2,3,2,32215,521
48.0,Female,61383,9.0,35961,25.8,5,2,24725,643
49.0,Female,49104,6.7,14724,17.3,7,2,33772,570
33.0,Male,76681,7.6,12140,3.5,7,0,87799,592
40.0,Female,50496,3.9,22099,15.3,4,0,34500,565
28.0,Male,157611,15.3,61259,1.0,8,2,75362,584
38.0,Male,60558,6.8,22134,6.9,4,1,72899,520
53.0,Male,43687,3.8,12405,24.8,5,1,12458,627
42.0,Male,67012,15.6,23057,22.2,1,2,36497,616
37.0,Male,57511,5.1,4887,15.6,6,0,22508,628
34.0,Male,48808,12.5,23063,2.2,2,0,19644,570
32.0,Female,80694,5.5,41625,3.8,7,1,67818,530
30.0,Male,46929,9.4,4067,3.1,4,2,36539,514
21.0,,37441,7.3,5734,1.0,4,0,12129,523
32.0,Male,29230,15.7,7943,12.5,6,2,10644,633
34.0,Male,48888,15.2,24239,3.2,4,1,29073,584
40.0,Female,41831,4.2,15493,9.6,7,2,43170,543
21.0,Male,82474,4.7,45462,1.0,4,0,72715,526
39.0,Male,90469,1.6,16446,11.9,4,1,15758,547
39.0,Male,71466,5.6,29198,17.3,5,1,83997,583
52.0,Male,89684,9.8,48376,33.5,3,2,93817,617
38.0,Female,64479,11.1,10215,18.2,8,1,66713,591
35.0,Male,80217,4.7,23989,3.9,3,1,95779,522
52.0,Male,113206,5.0,46691,32.2,3,2,85103,549
21.0,Female,46113,8.4,4274,1.0,7,2,16704,559
66.0,Male,66694,7.9,31895,37.6,6,3,46676,628
25.0,Female,77014,13.7,41207,4.6,7,1,50521,558
36.0,Female,35531,11.8,8116,16.7,5,1,32231,590
29.0,Female,21943,10.5,4040,5.1,6,1,25374,573
65.0,Male,83952,4.0,25860,40.0,6,1,63160,655
39.0,Male,31358,6.3,2912,10.5,5,1,39182,584
58.0,Male,29115,17.6,16370,34.9,2,2,30694,633
21.0,Female,56082,6.9,21238,1.0,5,1,25759,549
39.0,Female,95931,6.7,30665,14.5,4,3,40003,581
35.0,Male,98612,5.0,27543,3.5,4,2,114467,550
25.0,Male,42608,6.6,15464,6.0,5,2,51686,543
44.0,Female,55850,7.2,32888,22.4,4,2,60344,545
49.0,Male,41848,4.5,4889,20.1,3,0,8993,623
34.0,Male,41957,14.4,21382,11.9,6,1,16142,581
33.0,Female,82558,6.4,47131,14.8,5,1,17353,556
28.0,Female,50390,4.1,14667,2.9,2,1,22630,560
35.0,Male,61566,7.1,9306,8.7,1,1,19251,560
49.0,Male,86245,19.6,49152,28.1,7,1,44780,691
21.0,Male,70302,7.4,7299,1.0,10,1,56269,585
24.0,Female,55843,11.4,27953,2.0,4,3,48661,526
45.0,Female,44625,7.0,21774,26.6,4,0,52283,638
65.0,Female,37834,1.4,19949,36.7,3,1,22826,586
42.0,Female,96024,4.5,28106,17.4,3,1,19436,608
50.0,Male,31491,6.9,2781,18.2,4,4,27265,528
31.0,Male,55763,3.3,32098,10.6,3,2,20674,506
25.0,Male,33530,14.0,16015,1.0,3,3,31350,508
21.0,Female,51406,13.8,7865,1.0,6,2,9151,552
28.0,Male,67380,8.2,34763,1.0,8,2,69186,543
48.0,Female,64390,9.0,33949,18.8,5,3,38973,565
35.0,Female,51185,2.9,20855,11.6,6,0,40817,571
36.0,Male,105628,4.6,53274,8.8,7,4,123197,499
21.0,Male,148735,10.1,89057,1.0,5,2,176806,501
50.0,Male,87840,2.2,28333,21.2,2,2,60509,530
35.0,Female,77790,2.4,23772,6.8,3,3,39768,527
43.0,Male,110759,9.0,36987,16.1,7,0,60491,644
34.0,Male,47473,6.0,29457,6.3,3,2,36063,520
48.0,Female,37234,7.9,4118,19.5,5,0,40254,600
41.0,Male,34265,6.8,4207,11.5,5,3,17387,546
60.0,Male,20714,13.7,12159,30.2,6,4,14621,589
49.0,Female,30912,10.4,12608,27.9,7,0,36234,614
29.0,Female,74801,5.6,13876,4.0,7,2,53101,538
40.0,Male,56132,2.4,17969,13.9,6,2,42204,585
21.0,Male,138805,6.2,27306,1.1,8,0,39903,595
60.0,Male,47697,18.8,29109,40.0,8,0,28509,697
46.0,Female,126592,10.0,44335,20.3,4,2,82194,611
37.0,Male,58421,9.7,17548,18.9,2,0,42639,595
41.0,Female,55619,1.6,27881,18.3,5,0,42836,558
42.0,Female,69013,12.6,21386,10.1,10,1,30863,592
53.0,Female,116627,19.4,21715,21.0,2,1,132200,660
43.0,Female,71143,7.5,16674,19.4,6,1,61898,615
34.0,Female,56035,5.0,33163,9.0,4,0,40275,553
26.0,Male,49945,5.1,13836,1.0,5,1,13424,543
49.0,Male,161169,3.4,78122,30.0,6,0,69490,619
44.0,Male,53605,3.1,13658,24.7,5,0,24527,629
38.0,Female,131829,8.0,13458,18.6,2,1,50088,618
45.0,Female,31288,2.6,19823,16.3,5,2,8041,526
53.0,Male,104210,12.3,43230,33.5,6,2,48582,684
26.0,Male,94172,9.5,17010,4.9,5,0,81712,540
23.0,Female,39872,10.1,16419,1.0,5,3,28462,524
43.0,Female,45092,6.6,18609,18.0,3,1,39682,579
46.0,Female,94492,8.8,49044,25.3,4,4,91684,554
44.0,Female,77626,5.9,35130,22.8,6,1,22620,586
67.0,Female,50245,6.2,25605,35.4,5,1,7644,626
46.0,Male,50484,13.2,31283,20.8,5,1,60082,642
45.0,Male,51389,14.1,17986,23.1,2,1,39324,605
51.0,Male,108158,10.4,45541,19.6,6,0,61971,631
26.0,Female,73925,2.3,47082,5.4,6,1,37578,488
33.0,Male,32765,8.0,14926,6.7,2,2,18582,524
31.0,Male,28121,12.1,13164,3.8,3,1,34975,571
56.0,Female,86472,11.2,34127,33.7,4,4,57797,645
44.0,Female,21720,3.8,10156,24.2,8,3,23227,603
38.0,Female,63774,7.8,37964,12.9,1,3,63135,507
34.0,Female,46647,2.6,20026,9.9,7,2,37637,533
40.0,Female,39200,14.1,12736,18.8,11,0,11624,653
55.0,Female,83605,6.8,28140,28.2,3,2,80135,569
21.0,Male,30381,4.9,8938,2.7,8,1,33971,565
46.0,Female,40470,5.2,22249,24.9,8,0,33804,583
53.0,Male,45065,9.8,20362,32.4,4,1,36905,639
53.0,Male,111744,1.6,25471,30.6,5,1,55859,611
48.0,Male,65681,7.4,31223,21.5,3,3,58537,532
,Male,58209,14.1,12698,19.9,4,2,20411,635
28.0,Male,100372,9.1,10969,7.8,1,1,61258,597
56.0,Female,31788,6.5,15565,37.1,6,1,10798,657
43.0,Male,65480,2.7,19912,11.5,4,0,23958,594
47.0,Female,49864,12.3,18540,23.2,7,0,59727,661
21.0,Female,63606,9.3,26452,1.7,5,2,18685,563
35.0,Male,40931,3.6,11512,14.5,4,2,49782,550
53.0,Female,60195,1.3,23860,30.1,3,2,50633,541
40.0,Male,50963,2.6,22466,19.8,4,3,35694,520
31.0,Female,45624,2.6,20030,10.3,5,2,52420,505
43.0,Male,66958,12.4,30429,24.5,5,2,53143,643
62.0,Male,73928,9.7,27469,31.7,8,0,31831,667
53.0,Male,23430,3.4,10130,21.0,2,1,8907,581
27.0,Female,39557,3.5,10058,3.8,5,1,24776,513
40.0,Male,79609,1.8,36962,11.2,7,1,36951,582
40.0,Female,139006,6.6,21875,14.5,3,0,46621,631
45.0,Female,103650,13.9,38295,24.5,4,3,104174,616
33.0,Male,73694,13.1,6192,6.4,9,1,84123,590
49.0,Female,28924,4.0,10445,30.7,7,3,19553,590
40.0,Male,56732,6.3,17621,18.4,5,0,63731,567
21.0,Male,87881,6.5,52301,1.0,6,3,48342,494
56.0,Male,178101,8.0,91939,36.5,5,1,147497,620
27.0,Female,119825,8.4,24654,1.0,5,3,23914,563
36.0,Male,45805,24.6,27326,6.9,4,1,30082,641
42.0,Female,54060,8.0,7503,21.4,2,1,45117,572
54.0,Male,37135,1.6,22294,22.3,3,1,9777,570
38.0,Male,121001,15.6,18625,18.7,5,1,30132,696
44.0,Female,60797,13.1,37838,17.7,4,1,66607,628
34.0,Male,91844,15.8,12048,7.5,3,0,79962,638
36.0,Male,90998,3.9,22959,9.0,4,1,47344,567
25.0,Male,40793,3.4,8067,1.0,3,4,36991,450
39.0,Male,59421,16.0,25989,16.4,4,4,26480,539
30.0,Male,53407,6.5,17035,1.0,6,1,9807,554
46.0,Female,67255,8.7,20275,18.3,5,5,27373,516
36.0,Female,43479,3.0,23547,9.0,6,3,42508,501
38.0,Male,128789,2.6,67026,7.2,5,2,81673,510
33.0,Male,75598,2.0,25219,10.6,3,1,33225,573
35.0,Male,51722,4.2,31688,4.0,7,3,50375,505
36.0,Female,128041,12.0,75624,9.2,6,1,120339,576
31.0,Male,60149,21.0,20321,5.3,3,1,31343,653
38.0,Female,35397,12.3,11055,18.6,7,0,34073,609
41.0,Male,103180,4.1,41934,11.2,4,2,70490,525
37.0,Male,75347,0.4,47529,5.4,4,2,40188,504
27.0,Female,155144,5.6,67542,1.0,6,2,75766,508
45.0,Female,40648,7.6,21462,17.9,8,1,26839,611
32.0,Female,47097,8.0,3808,7.0,7,2,42922,570
47.0,Female,64267,6.3,21702,21.7,9,2,44657,589
51.0,Female,62869,3.1,5208,31.9,7,0,56736,669
37.0,Male,41787,11.7,18788,17.5,6,4,17409,595
34.0,Female,187243,8.5,91597,13.0,6,6,37107,553
49.0,Female,54971,12.5,27975,17.9,7,1,13022,631
30.0,Female,23815,2.8,6422,11.8,5,1,25666,523
29.0,Female,18000,7.2,11000,2.5,9,1,3245,556
49.0,Male,67651,7.7,6509,18.7,4,1,67909,574
21.0,Male,31951,15.5,7906,1.0,6,1,24577,578
25.0,Male,90414,11.4,8346,1.0,7,1,65228,575
32.0,Female,32093,3.3,16907,10.6,5,3,24313,544
51.0,Female,18481,5.0,4586,31.9,5,1,19470,621
26.0,Male,49703,13.3,28499,4.3,9,1,57135,592
40.0,Male,37032,6.5,22906,14.6,2,2,25717,551
54.0,Female,30413,10.2,4793,34.3,6,2,27870,631
25.0,Female,150359,2.9,34489,1.0,2,1,109145,534
44.0,Male,59635,2.9,19589,20.8,4,2,30751,541
51.0,Female,36581,3.7,6862,30.1,4,2,43407,583
28.0,Male,120328,5.4,41003,1.0,4,1,34694,592
35.0,Female,95475,3.8,13600,10.1,3,0,60643,567
46.0,Female,77057,8.8,48474,27.8,4,1,75258,594
44.0,Female,77529,6.1,30524,24.5,10,1,54608,594
25.0,Male,78401,13.7,14255,1.0,6,4,53208,550
41.0,Female,30288,15.3,9431,15.3,5,0,21001,651
39.0,Male,144771,5.4,84480,20.4,6,2,166684,546
47.0,Male,73398,4.9,35771,15.0,4,4,48393,471
46.0,Female,33674,4.2,2796,24.3,9,2,13023,592
25.0,Male,43237,6.6,5814,2.9,8,2,29474,562
28.0,Male,133862,17.6,76002,5.3,4,1,71955,601
50.0,Male,51649,4.3,9586,22.1,12,0,56005,683
42.0,Female,125033,13.6,39102,13.5,4,0,44564,631
28.0,Female,24464,2.4,13029,5.5,6,1,21473,509
42.0,Female,67363,4.0,40831,22.7,3,0,40725,554
43.0,Female,56473,3.4,27067,16.2,6,2,56821,515
22.0,Male,66675,9.4,5847,1.0,8,1,23141,620
21.0,Male,61925,3.4,39133,1.0,8,0,44611,513
34.0,Male,30349,8.3,5079,5.5,5,0,26979,573
59.0,Female,120457,5.2,27467,34.9,4,1,81769,607
52.0,Male,54695,4.2,24917,20.7,5,2,58460,546
36.0,Female,184911,6.4,70936,4.1,6,0,135173,584
26.0,Female,58813,7.0,16206,4.6,5,0,37729,595
35.0,Female,28166,4.5,10066,16.8,2,2,32088,515
21.0,Female,119971,6.7,56964,1.0,6,1,96944,560
32.0,Male,73294,3.0,29999,5.7,5,1,90114,491
44.0,Male,67075,3.2,23464,24.8,5,0,27041,599
29.0,Male,57292,1.5,9932,1.0,4,1,55253,487
24.0,Female,46718,5.3,5776,1.0,3,1,33268,548
48.0,Male,51876,21.0,26665,18.0,3,0,55427,672
40.0,Male,29267,12.7,17180,13.5,6,2,29617,592
38.0,Female,63761,12.1,31647,11.1,4,1,60159,517
68.0,Male,43733,10.8,22641,40.0,4,1,10281,654
36.0,Male,63360,11.0,9705,6.0,2,2,66960,527
45.0,Male,75663,14.9,26622,20.7,6,3,56096,597
44.0,Male,65013,13.2,17354,19.3,6,1,49689,602
42.0,Male,53352,8.5,16144,22.2,6,0,12893,670
42.0,Male,85489,4.5,28912,19.2,6,0,73567,543
47.0,Female,73731,24.5,37387,28.3,9,1,69696,716
40.0,Male,89363,3.6,16114,14.9,4,2,43932,585
35.0,Male,79513,15.3,43979,10.0,3,2,68524,574
21.0,Male,114268,18.9,19010,1.0,7,3,17380,657
57.0,Male,42242,5.5,17595,36.3,5,1,52007,610
42.0,Male,67095,2.3,33622,11.3,3,1,14642,527
32.0,Female,56482,11.4,31619,1.4,4,0,12552,567
26.0,Male,45982,15.2,25687,7.3,8,0,40528,579
58.0,Female,42422,6.3,25405,29.5,4,0,8262,600
43.0,Male,67318,6.7,12899,11.8,6,0,36428,588
21.0,Female,143918,8.2,20802,1.0,8,2,127041,593
46.0,Female,122132,3.1,59553,14.5,3,1,122478,568
41.0,Female,35041,9.6,19495,15.2,5,0,37258,621
54.0,Male,42146,6.7,12948,23.0,6,1,10023,640
44.0,Female,102167,7.6,15021,21.7,3,0,101172,591
52.0,Female,67590,5.8,37175,31.2,6,0,39701,645
36.0,Female,39710,2.7,13785,6.6,6,0,25429,533
21.0,Female,38599,3.4,24800,1.0,4,1,16714,485
44.0,Female,69715,10.2,44697,24.8,5,0,48813,608
54.0,Male,56607,3.6,5720,34.1,6,1,15615,640
52.0,Male,132151,1.7,34023,25.6,3,2,107298,572
41.0,Male,84243,6.3,46439,13.1,12,0,50610,620
39.0,Male,46637,6.6,22607,16.2,8,1,15147,606
38.0,Male,73927,9.9,12062,8.3,4,0,75596,567
43.0,Female,30313,7.2,8866,23.4,9,1,20237,637
33.0,Female,96348,4.7,28890,7.7,7,0,117323,535
54.0,Female,91118,19.1,35817,22.3,5,1,67571,693
44.0,Female,92897,22.6,40586,12.6,7,2,27289,627
32.0,Male,85201,4.1,49736,8.1,4,2,87476,489
47.0,Female,97139,10.6,61571,28.0,4,3,84259,550
34.0,Male,69651,6.9,6174,15.5,6,3,13527,539
55.0,Female,47298,15.1,9037,24.7,4,0,38914,663
45.0,Male,78654,3.3,25929,18.9,6,2,94625,495
34.0,Male,59479,3.7,29122,15.8,7,2,22917,557
56.0,Male,73019,2.1,43931,31.5,6,4,15073,549
24.0,Male,40188,5.1,7860,1.0,6,0,22030,566
26.0,Female,40955,19.7,13694,1.0,6,0,45378,588
37.0,Female,42642,4.7,12713,14.3,7,0,17301,597
39.0,Male,67935,8.2,30668,17.5,5,1,31477,579
51.0,Male,32529,6.5,14613,26.0,9,3,12376,572
56.0,Female,77991,9.7,40342,33.7,1,1,70473,598
49.0,Male,46665,26.2,4771,17.8,7,0,10262,718
41.0,Male,100996,9.6,60386,17.4,8,0,69156,619
40.0,Male,54739,5.2,23571,15.8,4,1,28329,587
43.0,Male,111919,3.1,46563,23.9,8,0,56476,680
52.0,Male,32815,10.5,9418,27.4,7,1,17481,632
52.0,Female,73586,11.2,47527,31.5,5,1,46372,637
21.0,Female,54732,6.3,30542,1.0,5,1,47581,538
40.0,Female,34093,3.4,9040,9.9,3,3,7043,525
26.0,Male,33904,6.5,9452,1.0,2,1,11228,536
37.0,Male,20132,12.9,6722,16.0,6,3,9831,611
44.0,Female,40032,16.0,24108,22.1,7,2,7636,662
36.0,Male,51375,12.3,25028,7.3,5,0,39952,591
30.0,Female,58953,3.7,23267,11.5,5,1,54943,561
44.0,Male,64234,25.8,6033,22.2,5,3,64719,691
21.0,Female,144394,7.7,34392,1.0,4,2,162172,494
40.0,Male,22233,10.4,7180,17.0,7,3,14422,596
55.0,Male,18000,13.8,8541,24.0,6,1,9906,647
42.0,Female,43982,1.0,17995,20.3,9,3,28994,548
21.0,Male,56613,9.8,19837,1.3,8,1,20684,557
47.0,Female,59087,9.1,6149,16.9,2,5,32280,534
39.0,Male,38142,26.9,5454,14.4,4,0,11314,719
30.0,Female,81819,4.5,42937,4.9,6,1,95575,570
48.0,Male,79615,8.4,25664,23.6,4,3,36856,588
48.0,Male,31682,5.3,15232,25.8,3,2,17582,579
59.0,Male,68059,11.5,19750,36.3,3,0,46271,690
38.0,Female,104926,10.3,62850,13.3,4,2,89570,515
21.0,Female,38051,12.8,12788,1.0,8,1,17831,614
33.0,Male,101838,16.8,45896,5.7,7,2,83010,579
23.0,Female,83917,13.4,50854,4.9,8,0,93129,544
43.0,Female,54085,8.8,6671,21.5,4,3,52374,579
58.0,Male,36675,11.4,13116,35.5,3,2,11717,629
44.0,Female,32969,5.8,21267,16.8,7,0,27939,573
26.0,Male,40731,11.1,16704,1.7,9,1,9054,583
50.0,Male,35260,2.7,4003,26.0,3,0,25151,597
31.0,Female,45236,4.2,20853,7.6,7,3,53379,551
43.0,Male,52412,11.2,16730,16.4,5,3,25234,556
21.0,Male,42803,5.9,17235,2.1,4,0,14799,563
51.0,Female,75991,10.8,10007,27.6,7,1,13488,698
70.0,Female,105571,5.2,20172,40.0,5,4,114253,595
44.0,Female,88059,6.4,43173,23.1,4,0,97526,606
31.0,Female,74275,9.6,7852,7.1,5,1,51819,636
30.0,Male,44264,5.5,19730,8.6,5,0,43511,547
39.0,Male,49627,6.4,22852,12.1,8,0,21616,567
34.0,Female,55427,3.2,33567,15.5,6,0,67439,594
24.0,Female,23902,9.3,8514,1.0,1,1,13659,559
47.0,Male,67793,6.7,11712,21.2,3,1,67628,590
40.0,Female,59498,7.2,7826,11.3,5,2,71928,547
42.0,Male,42838,12.7,7314,11.6,3,0,20099,590
37.0,Male,36744,5.5,12183,5.9,5,0,40531,545
36.0,Female,48744,20.1,19959,9.1,10,1,51699,663
44.0,Male,59175,22.6,32882,18.7,5,2,60875,654
51.0,Male,86246,3.6,45120,31.7,6,2,31948,558
33.0,Female,43788,14.6,18358,13.6,4,1,24528,606
52.0,Female,71193,12.9,25013,22.0,7,2,43374,607
70.0,Male,54164,3.2,16853,38.3,5,1,67557,626
36.0,Male,39453,3.1,4312,16.3,4,4,6699,525
27.0,Female,86450,8.0,55147,3.9,6,1,74536,533
36.0,Female,22344,4.1,12330,8.0,6,1,21927,514
47.0,Female,42276,8.6,9071,28.4,4,3,26464,658
42.0,Male,57426,4.1,34616,17.2,4,2,61713,499
53.0,Female,164130,2.9,46725,21.1,2,1,66457,598
44.0,Female,36799,6.5,19204,18.3,5,1,17611,592
38.0,Female,94866,3.5,28173,16.3,1,1,91689,569
53.0,Female,23169,11.7,14034,29.7,7,0,28611,668
53.0,Male,55839,7.9,15684,27.9,9,1,32125,645
42.0,Male,78824,7.6,36669,19.6,5,0,65557,572
47.0,Female,51974,4.1,20317,22.1,7,2,22443,618
27.0,Female,39384,32.9,21005,4.8,5,3,9826,645
43.0,Female,53644,3.4,12872,21.2,5,2,32660,540
33.0,Female,150016,3.5,22126,5.7,6,1,48792,618
38.0,Male,110746,15.5,27315,17.1,4,2,53977,623
37.0,Male,162181,6.5,75049,12.0,8,2,91767,567
39.0,Female,57344,8.1,34300,15.0,6,0,13571,644
41.0,Female,106859,2.9,32694,19.5,3,1,16422,555
31.0,Female,55622,7.4,27804,10.7,5,3,53834,550
35.0,Male,76382,14.7,28459,9.2,5,0,76136,575
35.0,Male,123828,10.4,69723,15.6,4,2,136234,567
36.0,Male,30626,9.3,10279,9.1,3,1,31929,551
32.0,Male,24229,3.9,7627,10.6,10,5,10707,566
42.0,Male,62009,4.6,19569,22.3,4,2,9732,587
58.0,Male,108934,7.4,66255,38.0,5,4,97757,564
46.0,Female,34063,2.2,7534,18.7,6,3,5310,570
50.0,Male,77577,14.2,30242,29.6,4,4,92278,580
21.0,Male,25525,12.6,5700,1.0,3,1,24821,568
42.0,Female,110848,6.5,49954,10.8,4,3,36828,547
29.0,Male,42191,15.8,20289,8.1,3,2,14693,586
35.0,Male,31176,11.8,9710,10.4,9,1,34460,619
49.0,Male,57971,17.1,15811,30.5,5,1,40700,683
49.0,Female,59259,14.6,34514,27.4,7,2,25975,641
47.0,Female,72330,15.4,25783,18.8,6,1,88813,602
52.0,Female,47514,2.9,18087,29.9,3,1,16598,594
70.0,Male,106087,7.8,68834,40.0,3,0,36498,678
46.0,Male,25559,5.7,14901,27.8,3,2,12476,583
25.0,Female,35706,10.2,14715,5.8,5,2,10458,518
26.0,Male,33772,6.5,2744,1.0,4,1,6757,492
35.0,Female,63322,6.0,28746,5.8,3,2,20234,561
42.0,Male,63232,10.5,40589,17.9,5,1,38559,591
33.0,Female,69472,8.1,23804,12.0,3,3,67973,562
35.0,Female,69666,19.4,23871,7.4,4,2,17953,569
52.0,Female,41249,4.3,19737,27.8,5,2,40126,593
55.0,Female,56688,4.3,26133,25.4,3,1,8853,584
28.0,Male,52350,7.4,13707,3.8,10,2,54294,547
48.0,,31343,4.9,16974,18.5,4,0,9542,591
46.0,Male,81161,9.9,26555,24.4,3,2,68382,625
35.0,Male,68148,8.7,19194,5.9,3,0,59072,607
31.0,Male,35245,6.6,11429,5.1,5,0,24458,557
30.0,Female,40874,7.5,17702,6.2,8,3,28845,537
46.0,Female,104249,7.9,18165,26.9,8,3,38857,611
52.0,Male,51869,7.0,17070,21.7,8,3,32953,621
47.0,Female,27713,2.3,11555,25.1,7,1,29679,593
39.0,Female,52914,7.5,6778,20.5,3,1,64770,613
63.0,Male,58959,5.8,15918,33.9,4,1,73455,625
30.0,Male,36024,8.2,4001,10.4,7,0,26996,590
44.0,Female,53019,7.5,18190,24.0,5,4,33119,537
32.0,Male,126398,19.0,53721,11.5,4,5,85824,546
62.0,Female,41627,13.0,8866,32.8,6,1,25460,693
39.0,Male,47322,8.9,14721,10.0,1,1,19284,540
58.0,Male,67879,6.6,7927,39.3,5,1,11834,702
49.0,Male,77701,8.1,41024,29.3,4,2,46581,590
31.0,Male,85223,18.9,11146,1.0,3,0,46725,614
21.0,Male,56530,8.9,35727,1.0,6,1,60967,553
35.0,Male,87421,1.9,48575,7.9,6,1,34446,554
46.0,Male,106004,14.0,64298,15.2,3,0,57094,596
61.0,Male,80134,6.0,28790,40.0,4,1,81366,627
29.0,Male,62968,19.4,38594,2.6,6,2,35238,565
49.0,Male,60201,10.1,5052,30.7,6,5,74481,615
30.0,Male,47687,3.2,24305,1.0,6,1,13124,528
51.0,Male,83767,5.7,51915,31.0,4,0,65836,619
36.0,Male,69212,4.4,5866,9.2,5,0,53405,572
46.0,Female,105689,2.1,13030,24.6,5,0,72745,614
49.0,Male,23216,5.5,2466,18.0,4,1,26150,568
31.0,Female,30547,5.1,8301,10.9,4,2,7728,532
30.0,Female,55925,9.4,11533,9.7,6,3,60908,564
,Male,83981,12.5,22299,17.1,2,0,36582,601
30.0,Male,22450,8.3,4517,6.0,6,4,15331,534
21.0,Male,28554,1.7,12243,1.0,2,2,26341,534
56.0,Female,53295,7.7,9608,35.5,8,3,49471,630
32.0,Male,27571,5.4,16782,13.2,2,2,23774,532
31.0,Female,132669,13.9,85366,6.2,4,1,109929,532
43.0,Male,40539,3.5,22706,24.8,7,2,34966,570
37.0,Male,93087,7.5,47578,7.9,5,2,64268,566
39.0,Male,66975,14.5,42466,20.7,3,2,31250,575
38.0,Male,94726,17.9,58244,13.7,8,6,96608,526
54.0,Male,38634,18.6,10210,24.1,5,0,41155,660
37.0,Male,45112,9.1,19033,9.9,3,1,46937,609
21.0,Male,60201,2.8,36321,1.4,8,3,64628,523
60.0,Female,126650,7.5,46589,30.1,10,2,27739,700
33.0,Male,47341,5.0,9342,9.4,2,2,17470,535
29.0,Female,113571,2.0,9995,3.7,4,0,74435,563
30.0,Female,53793,2.0,8275,6.2,7,1,55665,534
37.0,Female,83580,6.2,52693,13.3,5,4,48819,547
58.0,Male,57979,19.1,33886,26.1,6,2,30895,643
35.0,Female,44470,10.8,5008,14.4,2,1,12154,604
32.0,Male,47571,8.9,19799,2.4,4,1,45595,520
39.0,Male,109418,1.0,45761,13.0,5,1,90090,548
43.0,Female,114818,9.6,30625,24.8,5,0,41020,658
24.0,Male,23375,6.7,8294,1.8,3,1,15499,540
56.0,Male,44079,11.1,20280,35.2,8,0,52533,677
35.0,Male,109451,9.2,60139,5.3,5,2,60571,518
33.0,Female,41851,11.3,10484,6.5,5,2,14456,561
27.0,Female,52583,4.9,34073,5.9,4,0,26175,561
28.0,Male,40111,3.3,8515,2.6,5,1,27929,546
44.0,Male,106963,8.2,38616,24.0,6,1,112255,598
46.0,Male,47301,8.3,13555,23.7,5,4,29115,554
30.0,Male,46406,3.1,23387,1.0,4,1,53681,522
47.0,Male,53440,12.0,33532,18.5,4,0,19491,634
30.0,Male,105221,4.6,42233,1.0,5,2,119655,492
27.0,Female,155144,5.6,67542,1.0,6,2,75766,508
34.0,Male,144662,3.8,31322,15.5,7,0,107358,586
27.0,Female,49412,8.2,27543,1.0,8,1,16953,551
33.0,Male,61401,5.8,29665,8.7,7,0,34967,564
26.0,Male,154001,3.7,85360,1.0,2,2,43444,510
36.0,Female,42430,8.9,24104,17.2,6,0,47249,597
45.0,Male,71372,12.5,29834,26.4,7,1,29694,654
22.0,Male,53279,3.4,27351,1.0,7,1,51448,487
36.0,Female,112823,8.3,18383,17.6,5,2,37014,589
45.0,Male,68168,7.7,17658,21.0,8,1,72004,650
42.0,Male,51522,8.2,30213,20.7,7,1,50239,587
26.0,Male,61558,8.5,23069,4.5,3,0,36533,562
39.0,Female,34645,5.6,21457,9.7,4,1,21043,556
35.0,Male,113756,10.7,15371,6.4,4,1,22479,592
40.0,Male,29136,3.2,7891,13.9,5,2,10428,556
54.0,Male,40013,5.4,18191,35.4,5,2,17380,604
32.0,Female,137494,9.8,25121,7.0,6,1,144215,573
25.0,Female,70464,4.2,11430,1.0,9,1,73810,593
22.0,Female,43394,10.1,24219,1.0,4,0,45715,561
54.0,Female,74983,2.4,28004,29.4,4,0,75163,587
39.0,Male,66305,6.8,11256,18.3,11,2,25268,618
37.0,Male,57958,6.0,30721,8.3,5,2,71240,528
34.0,Female,72962,21.0,19259,11.1,6,0,20789,689
43.0,Female,89136,4.7,55139,12.5,6,0,25300,576
49.0,Female,179667,10.3,28684,22.1,2,1,54172,668
36.0,Male,38353,9.9,16345,14.4,8,1,36233,581
42.0,Male,82097,9.2,15140,18.4,6,0,69298,601
42.0,Male,44883,8.2,26245,12.4,6,1,16769,605
37.0,Female,74936,9.6,41368,10.3,9,0,37669,621
38.0,Male,67923,15.8,10520,9.4,5,1,27989,627
43.0,Male,65797,3.1,39116,21.7,4,1,21355,550
51.0,Male,67843,4.6,42914,32.4,7,1,82343,614
45.0,Female,18848,3.0,11113,17.6,4,1,20569,546
49.0,Female,22113,6.7,6732,22.6,6,1,20014,588
42.0,Male,19897,3.9,10930,21.4,9,1,8795,612
37.0,Male,49252,10.9,28187,6.8,5,1,39375,551
21.0,Female,100433,2.7,25384,3.0,4,4,105810,453
50.0,Male,61634,5.3,16321,20.2,6,1,20883,598
48.0,Female,52948,17.5,8603,27.2,3,0,25836,651
33.0,Female,114487,1.5,63405,2.7,9,0,108913,548
59.0,Male,72548,8.4,7418,37.5,5,2,76660,614
47.0,Female,37479,8.4,20876,22.4,9,2,31523,596
39.0,Female,29176,8.0,8904,12.7,6,2,20848,567
45.0,Male,66729,14.9,21073,15.4,3,3,13253,579
48.0,Female,36232,3.9,20391,21.0,5,1,42990,568
31.0,Male,123467,2.7,54415,7.6,5,1,140897,601
36.0,Male,31662,11.5,13229,7.0,7,2,15038,539
27.0,Female,32983,4.0,4877,3.3,6,3,38092,555
47.0,Male,77493,9.5,22873,28.0,2,0,89203,609
36.0,Male,54255,5.6,27323,10.8,7,3,38635,534
21.0,Female,57704,4.6,26320,1.0,4,2,31049,514
41.0,Male,69913,8.7,25978,11.4,4,0,74173,567
47.0,Male,83005,12.6,32784,23.7,4,0,31421,625
41.0,Female,22700,1.9,12403,9.5,5,1,12428,529
41.0,Male,35924,3.6,20822,18.2,7,2,9214,554
21.0,Female,32629,5.6,18340,1.0,3,0,5193,557
60.0,Male,47697,18.8,29109,40.0,8,0,28509,697
32.0,Female,71789,4.1,25580,11.2,4,2,20692,590
41.0,Female,110040,1.6,37897,12.5,6,0,96502,562
34.0,Male,39603,3.3,19119,11.2,4,2,47242,548
24.0,Male,71195,2.2,23934,1.0,5,0,10888,506
31.0,Male,32366,2.5,11411,8.3,2,2,29923,485
32.0,Male,45281,9.2,16333,9.5,3,1,48458,554
35.0,Male,27336,14.5,4919,8.8,8,1,24417,630
34.0,Female,34848,12.5,3543,3.3,3,2,32279,570
52.0,Male,18373,6.4,4885,32.5,4,0,19388,615
,Male,47874,9.3,30557,27.9,4,1,11816,618
41.0,Male,71669,3.5,10255,19.1,3,4,20757,559
37.0,Male,162155,10.1,46562,5.9,4,0,48687,604
36.0,Male,170774,21.2,104062,16.7,7,3,89033,589
43.0,Male,77346,6.8,26785,13.5,6,2,50686,568
32.0,Male,105312,10.4,47683,6.2,3,0,27826,583
32.0,Male,55333,7.1,35777,4.0,3,3,51190,499
35.0,Male,80590,9.3,26234,7.4,6,1,56102,554
33.0,Male,40990,8.8,11512,10.5,2,1,50277,528
43.0,Female,27549,7.3,11916,12.1,7,0,30707,605
40.0,Male,117971,9.0,34711,17.4,3,2,96374,559
41.0,Male,64202,1.6,26175,16.6,3,0,15434,548
45.0,Female,43697,12.8,19066,21.8,4,2,51510,606
24.0,Female,71128,3.4,45148,1.0,4,0,49433,503
29.0,Male,50571,15.2,4139,1.0,7,2,21760,627
33.0,Female,93695,4.7,24316,9.4,4,2,109656,502
48.0,Male,64778,3.3,8375,27.9,7,2,59072,568
51.0,Female,96618,8.0,19688,29.9,3,3,105935,587
28.0,Male,120623,7.5,34803,1.0,10,3,139498,549
34.0,Female,41754,9.6,14240,3.5,1,0,34344,556
36.0,Female,82049,15.7,33162,7.5,10,1,71698,613
34.0,Male,83721,11.2,40719,12.5,6,1,92202,565
31.0,Female,77903,5.5,9996,2.0,4,3,88301,528
33.0,Female,90190,9.3,35171,1.8,4,1,53394,520
21.0,Male,66162,7.5,17963,1.0,4,2,38231,527
44.0,Male,105458,7.4,49298,25.3,5,3,115198,566
45.0,Male,102384,9.0,32414,21.5,4,2,93978,579
43.0,Male,132380,5.1,72514,22.5,5,0,88769,589
26.0,Female,60812,7.4,15264,1.0,4,3,15290,515
35.0,Male,42188,1.2,27056,7.4,6,1,9284,517
34.0,Male,93423,2.9,27161,15.0,7,0,101702,569
31.0,Male,119769,13.7,71529,10.4,4,0,40553,625
21.0,Female,37069,12.3,22094,1.0,4,1,6733,566
42.0,Male,95835,6.9,22168,19.3,8,1,52388,649
,Female,61961,3.2,28136,13.4,1,0,26770,537
29.0,Male,83133,5.9,51745,6.9,5,1,47526,545
43.0,Female,68312,6.0,39463,13.1,12,2,15804,596
66.0,Male,44757,4.9,10414,40.0,2,0,42699,638
48.0,Female,27199,5.9,5193,28.8,4,0,17299,601
21.0,Male,25248,0.4,10200,1.0,6,1,27099,530
34.0,Female,153257,4.4,42522,14.4,5,3,35918,568
52.0,Female,96188,11.0,8006,21.5,5,0,37464,670
38.0,Male,44462,7.5,8249,16.4,7,4,23754,567
35.0,Male,26745,3.9,6102,8.4,4,0,22621,545
36.0,Female,28551,9.9,15157,7.2,7,1,27685,554
58.0,Female,86942,6.4,38456,30.2,5,1,106392,629
29.0,Male,53055,13.0,5474,2.5,4,1,27739,602
30.0,Male,113732,4.8,72202,9.9,9,5,73142,480
30.0,Female,62694,5.7,28671,2.4,3,1,10930,474
40.0,Male,47504,4.7,27963,11.5,5,1,24360,510
45.0,Male,68990,12.6,14683,16.0,3,0,36265,644
66.0,Male,30641,21.2,19532,35.0,5,1,17948,702
56.0,Female,40649,6.6,25662,37.4,4,1,19221,625
37.0,Female,50906,5.2,7181,16.4,3,5,16841,532
41.0,Male,38582,14.3,15645,22.8,6,0,18880,647
59.0,Male,63210,1.8,7060,40.0,12,2,23447,639
36.0,Female,58467,16.5,9439,15.9,6,0,44918,640
57.0,Male,107979,8.5,21755,32.7,6,0,111071,656
36.0,Female,46807,6.1,10526,8.0,3,2,26276,528
21.0,Female,34079,10.1,5002,1.0,5,2,24302,530
27.0,Male,89591,6.5,9148,6.0,6,2,32414,601
33.0,Female,49946,3.6,13522,7.9,6,3,38614,535
41.0,Male,51772,9.8,23636,12.0,2,1,13459,563
38.0,Female,181155,5.0,17986,17.2,5,2,102150,610
46.0,Female,64939,7.0,21354,21.0,7,3,20103,579
33.0,Female,85715,4.2,40052,14.1,5,1,96712,587
,Female,71786,3.1,17911,1.3,6,1,34432,535
36.0,Male,18000,10.7,9196,11.1,6,3,22129,568
25.0,Male,31308,9.9,20081,1.0,5,2,29930,502
30.0,Male,61278,4.2,10655,8.3,5,3,23806,519
50.0,Male,137350,3.3,47360,21.5,5,2,86981,542
45.0,Female,85584,5.4,21859,13.8,6,0,71332,607
40.0,Female,56819,16.8,5432,15.5,3,2,50905,592
33.0,Male,139418,17.2,85176,14.1,4,3,116362,549
49.0,Female,111679,5.6,29804,27.3,8,4,95630,597
39.0,Male,37103,5.0,6150,10.6,9,1,43065,613
36.0,Female,48619,1.1,15361,17.3,4,3,23972,544
63.0,Female,80853,6.1,7423,40.0,3,1,57038,648
33.0,Female,46158,1.9,29580,9.2,4,4,21395,479
55.0,Male,71711,8.2,37047,29.3,6,1,65259,624
40.0,Male,29735,11.4,12563,12.5,3,2,23298,584
32.0,Female,75283,4.2,30380,10.1,5,1,76933,513
39.0,Female,55619,11.5,5224,20.1,3,0,37771,606
33.0,Female,109046,13.4,36173,11.4,5,1,69710,561
26.0,Male,52012,2.9,18368,3.9,7,2,63527,497
25.0,Female,55887,1.2,12235,6.6,6,0,39509,573
21.0,Female,37612,19.1,13083,2.2,5,2,25708,604
50.0,Female,90656,9.6,15719,31.8,4,1,38578,650
33.0,Female,70301,12.2,32946,14.5,2,0,45542,596
32.0,Male,88192,20.1,52101,11.2,9,0,17448,645
43.0,Male,41511,1.3,11681,19.3,2,3,35454,506
27.0,Male,85495,4.3,29314,1.0,4,1,44263,532
28.0,Male,41083,5.2,22588,9.1,7,1,34792,570
33.0,Male,78217,3.1,27766,14.9,7,4,64579,543
39.0,Male,47351,7.0,24318,19.3,7,0,28248,633
21.0,Female,74567,13.0,25718,1.0,3,2,91250,543
41.0,Female,78155,5.7,30427,17.9,6,1,25820,649
35.0,Male,34762,6.6,16787,4.0,4,0,25246,554
37.0,Female,57357,1.6,21255,6.0,4,1,30389,513
26.0,Male,105471,22.5,44446,2.5,6,2,32571,602
33.0,Female,92824,4.8,12901,14.2,3,3,66312,523
51.0,Male,90928,3.3,17647,22.2,3,0,33259,625
30.0,Female,55749,2.6,25886,10.7,6,0,57896,571
56.0,Female,34072,4.0,8004,36.4,7,0,36925,640
34.0,Female,27317,19.7,5480,13.5,3,0,6643,679
41.0,Female,102715,4.0,59993,10.4,8,1,116849,538
26.0,Male,45803,4.3,18178,1.0,8,1,9340,586
41.0,Male,58665,10.1,28190,10.1,5,2,17582,548
39.0,Male,64711,3.2,28921,20.6,8,0,42490,618
49.0,Male,42933,14.8,8515,19.1,3,0,31394,620
40.0,Female,300000,13.3,120000,19.4,3,5,180000,561
48.0,Male,84253,19.9,16484,18.5,7,1,94031,640
22.0,Male,68803,22.7,36031,1.0,8,1,25035,673
35.0,Male,60136,16.1,16059,13.9,5,4,37158,588
42.0,Female,82997,4.9,26801,19.4,3,1,51430,559
45.0,Female,25561,4.7,12960,13.1,4,0,20843,556
45.0,Female,54199,7.8,32839,23.3,4,1,61052,542
45.0,Male,60520,5.6,28472,26.5,5,2,68534,542
25.0,Male,108090,2.9,15966,3.4,5,1,129983,494
46.0,Male,58797,7.2,32806,18.5,6,2,34182,572
33.0,Male,46570,2.8,4064,14.0,3,1,14875,579
36.0,Male,31658,5.7,5595,10.1,8,0,24662,607
44.0,Female,27118,7.1,4996,22.0,4,1,7869,582
23.0,Male,89340,11.2,35242,4.8,3,2,56839,542
37.0,Female,46894,6.1,7014,17.5,4,1,12403,573
22.0,Female,66575,2.4,21092,1.0,3,1,65082,542
43.0,Female,62443,12.2,18924,15.7,4,2,66749,549
52.0,Male,44219,10.8,23308,22.3,3,1,41586,581
25.0,Male,52455,9.7,20056,1.0,6,1,58200,521
33.0,Male,40170,12.7,15905,10.8,5,0,30366,582
35.0,Female,69411,1.3,35775,13.4,5,1,84328,504
35.0,Male,48994,7.0,24437,6.4,4,1,50748,527
34.0,Female,27131,9.3,14738,14.6,5,0,31848,600
49.0,Female,54971,12.5,27975,17.9,7,1,13022,631
52.0,Female,56849,5.2,12234,29.5,4,1,8529,615
52.0,Female,92201,7.3,19508,27.8,1,5,85227,560
43.0,Female,60739,5.1,20674,18.2,6,3,9741,553
,Female,24998,2.2,7987,21.7,3,1,19161,570
34.0,Male,83106,11.6,17119,2.3,3,4,77395,536
37.0,Female,175846,3.6,45653,12.3,7,0,100587,568
40.0,Female,46572,6.6,23745,15.5,2,0,56028,565
45.0,Male,51806,2.8,22589,15.3,5,2,29015,535
60.0,Female,95860,5.0,33745,37.1,7,0,117874,641
32.0,Male,185078,8.1,33394,1.9,5,3,166355,510
23.0,Male,79366,6.0,31215,1.0,5,2,81156,527
39.0,Male,146045,6.3,94571,17.7,5,1,150454,518
52.0,Female,28907,3.9,16897,23.4,6,0,25071,583
28.0,Male,43196,11.7,11825,1.0,7,0,15050,567
31.0,Male,72557,8.2,6251,8.6,9,1,86670,572
34.0,Male,61250,6.0,33628,8.2,6,2,43209,558
40.0,Female,42700,11.3,5739,10.1,5,1,29404,620
24.0,Male,95266,19.6,11104,1.0,5,2,46489,636
31.0,Male,59982,5.1,37633,5.8,9,1,55024,498
21.0,Male,39070,16.1,23079,1.7,8,3,14084,594
45.0,Female,90943,3.5,52605,21.6,6,2,16460,563
50.0,Female,39315,7.7,17743,18.3,5,0,18881,619
30.0,Male,48682,8.4,15215,2.1,3,3,43214,522
23.0,Male,40465,27.4,11796,1.3,5,1,24594,627
51.0,Female,70405,13.3,21229,26.1,6,0,21079,671
32.0,Male,169103,9.9,36926,7.8,4,1,61701,622
35.0,Male,50226,7.3,30384,12.6,7,6,27065,509
47.0,Female,68134,4.3,42470,17.5,3,0,58802,559
48.0,Male,31737,1.1,7511,20.0,6,2,30161,560
47.0,Male,70823,6.7,21083,15.1,4,4,41762,538
37.0,Male,141255,12.5,61854,13.9,4,2,25872,615
25.0,Female,55887,1.2,12235,6.6,6,0,39509,573
21.0,Male,89440,0.8,33656,1.0,3,2,61569,466
40.0,Male,90128,3.6,9466,11.8,5,0,104980,581
42.0,Male,29227,5.3,15144,21.6,10,3,6895,587
46.0,Male,88428,4.6,50833,24.7,3,0,88963,597
38.0,Male,52018,4.0,7094,8.5,3,1,22324,583
50.0,Female,80168,6.6,42609,21.9,10,1,79306,602
27.0,Male,68561,5.8,38191,7.4,5,2,59137,524
21.0,Male,55687,3.5,24711,1.0,8,0,13303,542
68.0,Male,75469,7.2,34174,37.6,3,2,44067,659
25.0,Female,66968,8.5,41483,3.2,5,3,35211,506
38.0,Male,22099,10.9,3095,18.2,3,3,26166,593
36.0,Male,57028,24.0,15008,13.6,4,0,42363,663
26.0,Female,72806,16.9,14256,1.2,8,1,56132,605
41.0,Female,58352,9.1,7273,10.9,6,1,55710,609
34.0,Female,59137,7.6,24270,5.0,5,3,44434,499
50.0,Male,64277,10.2,17665,26.7,4,2,10584,651
42.0,Male,42269,13.7,24415,16.6,5,1,46880,559
41.0,Male,140342,5.3,59442,19.7,6,4,69541,569
44.0,Female,152398,7.5,78438,19.8,7,2,119991,587
41.0,Female,90886,8.9,47009,14.0,6,4,21684,505
29.0,Female,27503,11.0,8421,8.1,4,3,10767,568
38.0,Female,51255,1.4,26030,12.8,11,2,44756,582
32.0,Male,39899,4.2,19520,9.6,8,1,20887,551
45.0,Male,37700,2.7,24387,24.0,6,0,36845,587
63.0,Male,41677,7.6,26518,40.0,5,1,42526,680
32.0,Male,43931,7.9,26103,8.4,6,2,39217,546
38.0,Male,31125,2.3,3647,15.5,4,0,32854,552
32.0,Male,31863,6.2,13167,3.4,8,0,37441,531
54.0,Female,83435,3.2,17087,35.7,5,0,69387,634
33.0,Male,171839,5.3,59998,2.5,6,0,180000,537
55.0,Male,130687,9.7,30038,36.6,4,2,85432,635
38.0,Female,44116,5.3,11854,9.3,3,3,16641,510
70.0,Female,28035,11.3,5735,40.0,4,1,20359,657
56.0,Female,73579,7.9,16257,36.4,10,2,34860,648
48.0,Male,73150,6.3,18160,21.5,3,2,62412,551
43.0,Male,30746,6.4,13675,14.4,6,2,18232,530
43.0,Male,56114,12.3,14178,24.2,1,1,55994,625
41.0,Male,80800,4.4,49448,19.7,2,2,25048,503
29.0,Male,40645,4.1,11382,4.7,4,5,39254,506
42.0,Male,54680,4.6,8437,17.2,8,1,16453,639
46.0,Female,32236,8.3,4614,22.2,6,2,34445,578
30.0,Male,116940,5.5,47828,4.1,5,3,46230,543
21.0,Female,50842,8.0,29126,2.2,8,2,46732,525
43.0,Male,52550,12.8,19050,20.4,3,0,17491,675
23.0,Male,26106,6.9,15089,1.0,4,1,14980,575
37.0,Male,57820,10.0,5914,17.8,8,1,44098,648
30.0,Female,44771,3.1,6014,1.5,3,4,52685,479
30.0,Male,72843,6.7,18182,5.1,4,1,74140,558
42.0,Male,57063,10.1,25538,19.9,10,1,41690,629
51.0,Female,99736,6.1,50827,30.6,3,1,23439,623
45.0,Female,53536,6.9,7336,25.3,8,1,37846,678
23.0,Male,84245,7.3,49207,1.0,9,0,19479,525
21.0,Male,59369,17.5,9920,1.0,6,3,55729,587
21.0,Male,67406,19.1,9003,1.0,8,0,81497,616
56.0,Male,53942,6.9,7780,25.3,5,1,36492,616
48.0,Male,78088,8.5,44543,26.8,5,0,60971,606
28.0,Male,60072,10.1,15699,2.7,8,1,39357,619
21.0,Male,58263,5.2,27126,2.1,5,2,68146,504
41.0,Male,75593,5.7,8889,21.9,2,1,26936,586
25.0,Male,44551,13.2,4288,1.0,4,0,48705,589
46.0,Female,76637,2.3,39334,19.8,5,2,37166,570
21.0,Male,46239,15.2,10878,2.6,8,4,56357,537
39.0,Male,23989,9.8,3665,8.5,7,1,27357,577
47.0,Female,26395,13.7,11545,19.7,6,0,9266,662
37.0,Male,45861,1.3,12251,12.6,4,2,39013,491
33.0,Male,59422,2.3,38099,10.9,5,1,63695,507
36.0,Male,29773,8.6,5813,4.1,5,3,25498,482
31.0,Female,43036,8.9,8460,5.2,4,0,49454,578
36.0,Male,68819,9.1,14605,9.8,4,0,81930,553
48.0,Female,51067,7.1,5122,27.3,4,0,35420,597
48.0,Male,24023,10.1,6316,22.1,6,2,8830,606
34.0,Male,31781,9.5,7416,2.6,7,2,11296,559
41.0,Male,111948,6.0,46177,20.3,5,0,112141,592
46.0,Male,18947,3.7,2000,21.4,7,4,15005,571
35.0,Female,72157,4.3,14701,16.9,6,2,37712,555
45.0,Male,18000,7.2,8853,25.8,6,2,19586,624
37.0,Male,38801,6.0,24277,16.8,6,2,29166,571
35.0,Female,49825,5.2,31640,8.5,5,2,16860,532
33.0,Male,20783,0.9,9724,10.7,7,1,16554,566
42.0,Male,120850,5.7,51969,23.9,3,2,87728,572
50.0,Male,46528,14.3,17350,24.9,5,1,16754,650
50.0,Male,60288,3.7,5234,24.2,6,1,24769,608
34.0,Female,79039,12.3,40238,14.7,3,2,88075,533
38.0,Male,57535,6.3,32840,12.9,9,0,15323,596
42.0,Male,24737,1.7,2537,22.2,5,2,11611,580
66.0,Male,53368,9.2,19201,39.8,12,2,21990,718
27.0,Female,83771,4.8,12981,5.9,6,5,15952,519
,Female,34510,5.5,19658,26.3,5,2,24486,589
25.0,Male,54006,24.8,14303,2.0,3,2,26061,571
47.0,Male,67612,9.5,40086,17.6,5,3,18263,592
45.0,Male,51943,12.0,9180,25.1,5,3,46178,597
31.0,Male,84208,3.1,29825,5.7,6,0,90301,557
28.0,Female,77910,5.2,39695,9.2,7,0,59109,550
43.0,Male,76162,6.8,10250,13.7,5,1,71792,604
42.0,Female,58019,14.4,18655,14.1,6,0,12763,638
70.0,Male,136055,10.1,74752,40.0,6,0,35850,648
63.0,Female,58133,2.8,26493,37.3,3,2,38876,616
49.0,Female,38345,6.9,9557,27.6,4,3,10871,559
36.0,Male,58385,7.2,31648,5.6,5,3,39704,511
59.0,Female,116796,11.6,13936,34.6,6,0,47208,723
21.0,Female,28659,20.2,9628,1.0,6,0,17939,640
46.0,Female,38393,9.9,4999,18.7,6,1,34755,645
40.0,Female,22509,14.6,5298,12.9,11,0,24815,703
61.0,Female,127447,4.9,10556,35.3,3,0,151253,640
35.0,Male,99903,4.7,15880,9.2,3,3,106214,509
39.0,Male,135761,15.9,55596,9.7,3,1,146882,586
37.0,Female,43518,1.3,13671,11.9,8,2,32307,554
41.0,Female,59661,3.2,8486,18.3,3,2,34295,565
31.0,Male,47842,3.3,7015,1.0,6,2,21378,532
31.0,Female,66689,15.6,27176,8.3,5,0,77490,615
40.0,Female,33669,3.0,6971,16.1,4,0,41488,555
33.0,Male,31431,9.0,3556,11.9,3,0,29156,575
32.0,Female,119888,2.5,30785,1.3,5,0,60721,518
57.0,Male,67154,2.7,43077,26.3,6,2,62081,607
35.0,Female,59358,11.8,11348,16.6,3,0,32140,617
39.0,Male,59715,5.9,24899,14.3,6,2,15036,577
39.0,Female,109844,2.9,12375,11.3,3,3,26451,554
40.0,Male,89218,6.8,11125,10.7,5,3,101496,565
54.0,Male,92295,18.9,52161,34.8,6,1,22345,738
57.0,Male,61954,8.1,29295,34.4,6,0,46310,637
52.0,Female,87425,7.2,30967,24.3,4,0,42531,624
34.0,Male,86999,4.3,35159,8.9,2,3,96153,435
31.0,,53220,12.3,12447,12.9,6,0,59027,673
37.0,Female,46419,20.3,18009,8.1,4,1,19918,648
35.0,Male,25334,6.4,9496,14.2,3,2,10518,548
33.0,Female,123107,4.1,52436,1.2,7,0,55362,585
29.0,Male,123772,8.2,19605,8.1,4,2,92557,593
64.0,Female,59461,8.2,15939,40.0,8,1,41735,670
42.0,Male,27255,5.1,15025,10.6,5,3,21275,535
56.0,Male,72680,6.7,45879,34.1,2,2,38899,609
36.0,Male,175853,3.5,64786,9.4,1,0,37573,574
48.0,Female,209341,9.0,57495,18.8,5,1,76314,616
44.0,Male,46505,5.9,17024,18.1,6,3,33804,557
58.0,Male,68939,3.6,8780,31.9,4,0,69860,627
50.0,Female,145128,8.3,23221,19.7,6,1,32595,666
32.0,Male,68082,11.5,43358,2.1,6,0,78841,537
48.0,Male,148233,8.2,95832,21.5,6,5,129172,512
37.0,Male,40529,6.3,14268,11.1,6,2,29017,530
34.0,Female,53580,5.2,8201,4.5,6,2,17567,593
35.0,Female,24427,6.0,4358,9.3,2,1,29904,590
29.0,Female,75214,3.6,7551,6.6,6,2,43773,562
49.0,Male,67399,8.7,35258,22.4,2,3,24019,567
47.0,Female,82566,4.2,30911,19.7,11,1,34138,647
52.0,Male,89251,7.6,8882,29.7,4,1,23466,676
38.0,Male,79890,10.2,39701,9.5,8,1,24518,581
50.0,Male,73671,4.8,14045,25.9,5,1,12159,605
70.0,Male,64318,4.1,21089,40.0,8,2,31153,628
46.0,Female,45783,11.3,8693,17.8,5,1,54742,583
49.0,Male,40343,4.4,14054,20.3,5,1,48650,565
45.0,Female,53207,8.0,28441,15.0,7,0,40145,607
43.0,Female,49336,19.4,24548,11.3,5,1,33642,654
36.0,Male,71664,10.7,15367,11.8,7,0,73666,620
29.0,Male,28651,7.4,8235,9.3,3,0,25295,566
54.0,Female,48076,6.6,22937,27.3,5,4,35890,573
42.0,Male,58022,4.4,13463,21.6,5,2,62304,577
42.0,Male,57198,30.2,18130,14.9,2,3,43653,663
66.0,Male,43925,14.7,12480,40.0,4,3,17037,659
39.0,Female,89574,13.4,15846,19.9,2,0,94786,604
31.0,Female,50073,3.2,4545,7.1,9,0,8149,570
32.0,Male,97227,3.9,41814,7.6,4,1,96578,551
40.0,Male,46709,13.6,27933,11.5,5,1,26523,621
32.0,Female,49777,2.8,28473,10.4,6,3,39946,520
22.0,Female,79943,6.8,26148,1.0,2,1,46576,500
33.0,Female,37816,25.4,14706,11.4,4,0,7502,655
37.0,Male,40333,3.4,14209,8.3,5,1,25599,530
37.0,Female,66888,5.2,39687,9.1,3,2,58145,489
21.0,Female,72935,7.4,42641,1.0,2,1,43046,514
46.0,Male,101392,15.9,17179,26.4,6,1,33935,661
70.0,Female,83181,6.1,34172,40.0,9,5,37218,604
28.0,Male,43625,7.7,18534,2.2,6,4,51343,507
52.0,Female,93732,4.7,21905,24.8,6,0,56091,579
45.0,Male,62151,7.5,19572,13.8,10,0,36478,636
48.0,Male,33951,19.2,7064,18.8,7,1,20285,671
23.0,Female,44528,10.5,17502,1.0,3,0,36331,532
43.0,Male,50002,5.4,20262,23.9,5,3,52124,555
40.0,Male,38554,5.3,22849,14.7,11,2,17483,576
27.0,Male,62493,8.7,5307,8.5,3,0,15535,614
41.0,Male,47719,5.0,23147,16.3,3,3,22435,539
32.0,Male,28332,6.1,15509,1.7,3,1,18938,502
48.0,Female,73438,4.6,37079,20.2,3,3,62401,488
41.0,Female,33759,5.5,8687,18.5,3,3,21293,552
24.0,Female,29752,3.8,5314,1.0,6,2,28601,477
42.0,Female,58336,8.6,23624,22.0,7,2,17850,612
50.0,Male,102424,14.4,50886,20.6,2,2,106477,518
31.0,Female,91418,9.2,28840,5.4,7,2,76334,524
42.0,Male,25557,5.6,13471,17.5,5,3,14797,568
27.0,Male,37550,6.6,3208,1.0,2,1,13736,527
46.0,Male,54173,18.9,19845,27.6,7,3,48073,689
38.0,Female,83807,4.6,14729,17.4,8,1,36493,617
38.0,Male,36214,10.8,15308,19.0,5,5,27974,552
23.0,Female,124194,10.0,24192,4.8,6,0,107345,569
34.0,Male,34223,13.2,13360,11.4,8,2,21816,596
45.0,Male,50179,13.0,18638,21.8,5,1,21171,642
37.0,Male,68894,7.0,42818,10.5,5,1,71682,518
46.0,Female,42913,8.9,19303,17.0,4,2,38267,548
29.0,Female,61324,3.2,37804,5.9,5,1,38357,512
32.0,Male,96468,7.4,31742,10.9,2,3,49545,579
42.0,Female,128203,2.4,13524,10.4,8,1,37423,612
41.0,Male,101271,2.3,31009,18.6,4,1,69195,558
40.0,Male,51549,5.3,22442,14.2,5,2,53565,505
43.0,Male,49694,5.2,31706,11.7,5,3,49146,526
41.0,Male,85183,4.4,15776,17.1,6,1,60225,584
33.0,Female,82760,15.8,41924,10.1,4,0,33164,581
43.0,Female,32838,4.7,11767,13.2,4,1,30240,537
45.0,Male,50533,8.3,7120,25.3,8,1,32759,672
28.0,Male,78346,1.1,47103,1.0,4,2,74210,447
29.0,Male,88937,7.3,37269,3.6,4,1,31263,542
47.0,Female,56837,1.4,20026,24.1,2,1,35526,537
36.0,Female,35623,3.9,12839,17.1,7,0,36775,569
34.0,Female,85199,13.3,45457,14.6,9,1,51267,615
53.0,Female,46415,8.5,25153,30.3,3,0,24081,641
27.0,Male,70744,4.0,14920,7.4,4,3,57262,511
41.0,Female,89113,3.3,54594,12.6,3,1,55265,556
28.0,Male,28268,9.5,12253,2.1,3,1,34012,540
60.0,Female,83092,0.7,51035,35.7,4,2,29759,613
58.0,Female,87479,9.8,26043,38.4,6,2,62315,642
36.0,Male,79021,1.2,42098,10.3,8,2,76323,534
36.0,Male,67657,2.2,40263,13.9,9,4,66931,537
21.0,Male,32962,7.5,18255,1.0,4,0,16307,546
49.0,Female,63901,9.3,5302,26.3,3,3,79438,607
42.0,Female,55671,11.3,35758,14.7,4,2,69426,553
41.0,Female,62429,6.0,5758,18.9,3,1,48601,622
46.0,Female,64520,5.8,7192,27.0,5,1,45719,610
25.0,Female,60645,2.2,26730,5.9,5,2,41022,523
23.0,Male,23708,10.0,8289,1.7,3,2,23894,515
29.0,Female,84275,11.7,22470,10.4,6,1,76848,611
32.0,Male,65657,13.0,40695,12.0,4,0,59099,625
68.0,Male,115558,3.9,43817,40.0,7,0,72554,668
24.0,Male,44217,6.5,15988,1.0,4,1,11461,495
26.0,Male,95905,18.7,61751,6.3,9,2,29097,622
55.0,Female,78661,2.2,50466,35.9,6,0,15765,648
53.0,Male,79646,6.1,51251,21.5,9,0,82796,581
49.0,Female,84206,5.6,18888,19.9,9,1,77944,608
44.0,Male,122400,3.5,16974,22.4,4,1,90568,581
38.0,Male,42005,3.5,10940,13.1,6,3,37882,516
57.0,Male,53914,3.3,21726,38.4,8,0,38818,645
38.0,Male,23658,7.1,10450,19.1,4,5,24498,520
57.0,Male,57860,5.6,16437,28.1,3,1,55100,608
23.0,Female,110697,8.1,47858,1.2,6,1,75980,535
38.0,Female,208052,3.0,113033,11.3,8,1,180000,560
56.0,Female,54719,6.9,20034,31.4,3,2,42478,565
,Male,145505,7.1,71791,1.0,3,2,110501,511
28.0,Female,111160,5.3,15412,9.7,5,0,42038,612
37.0,Male,82018,3.9,40571,8.2,5,3,41533,519
36.0,Female,138232,5.9,53135,9.1,9,0,54244,610
39.0,Female,26975,11.4,11840,17.7,8,2,10817,601
42.0,Male,69443,8.1,22940,13.7,8,1,22391,625
28.0,Male,45688,5.3,12239,8.4,5,3,20286,507
52.0,Male,47300,11.7,8012,22.3,6,2,15467,635
30.0,Female,87976,2.8,27774,1.1,8,2,56874,461
24.0,Male,36427,3.6,10167,1.0,3,0,24248,486
45.0,Male,76169,6.4,18086,26.8,7,0,56348,630
28.0,Male,115130,21.0,64678,10.0,7,0,73163,605
48.0,Male,60503,4.7,9375,20.3,4,2,58616,571
46.0,Male,43092,8.1,12179,17.0,4,2,7812,578
38.0,Female,95561,31.0,28715,11.9,12,1,78954,714
34.0,Male,54582,13.3,29287,3.0,9,1,9531,572
41.0,Male,109324,3.9,32727,17.9,2,0,57786,594
21.0,Male,25995,2.8,2262,1.7,4,2,31708,500
56.0,Female,33332,3.1,6911,37.1,3,3,17300,562
61.0,Female,98746,3.7,40130,34.5,5,2,108059,578
21.0,Female,66357,2.9,32328,1.0,7,0,69711,508
35.0,Male,35925,9.0,5524,9.5,5,1,9088,577
41.0,Male,39526,14.3,12471,14.7,3,2,11411,583
43.0,Male,113628,2.1,40486,12.5,4,1,49210,520
27.0,Female,44287,19.4,19288,1.0,5,2,20475,553
44.0,Male,91062,8.2,14366,23.1,8,1,106715,650
28.0,Male,92946,12.0,47078,4.6,4,2,106906,519
40.0,Male,93187,1.8,40682,12.6,5,2,107416,537
60.0,Male,41175,3.0,22031,32.8,9,1,33345,659
32.0,Female,131633,11.1,46357,4.5,6,1,131209,609
41.0,Male,82604,15.8,7509,21.6,3,1,26106,653
51.0,Male,67418,1.3,27362,19.8,2,0,69667,593
31.0,Male,66665,10.2,19010,3.8,10,2,59379,555
60.0,Female,93361,2.2,28599,37.6,5,3,76927,593
37.0,Female,46940,11.3,7617,7.8,4,2,49119,548
45.0,Female,39272,4.8,21426,21.4,4,1,22609,566
33.0,Male,23802,15.2,2714,8.0,5,2,20343,593
,Male,91663,10.3,44356,2.5,6,1,53647,541
33.0,Male,68100,7.8,36009,9.0,6,2,23985,563
40.0,,74934,4.1,36466,15.4,3,1,15831,566
36.0,Male,141878,5.8,65910,14.3,5,1,99216,558
35.0,Male,50679,3.4,17303,9.3,6,2,35886,509
34.0,Female,24355,11.3,4931,12.7,4,1,14905,619
30.0,Male,32059,11.3,3599,11.3,4,0,24254,574
45.0,Female,66740,5.1,34018,22.8,2,1,48799,541
22.0,Female,40639,6.4,10903,1.0,6,1,10295,545
42.0,Female,50413,4.0,29808,10.6,5,0,9629,583
39.0,Female,65019,10.6,38140,7.2,5,1,12102,585
37.0,Male,47548,5.7,14620,11.7,4,1,53388,537
33.0,Male,116408,19.1,54203,2.0,7,0,118530,624
31.0,Male,87519,4.6,45398,2.7,8,1,52867,571
60.0,Male,56092,4.1,24021,38.1,4,2,63718,601
42.0,Male,261096,4.3,120000,20.7,7,2,180000,531
45.0,Female,97729,18.7,14715,21.1,8,2,105682,646
27.0,Male,101910,7.5,18443,1.0,6,0,111475,550
60.0,Male,80478,17.3,23751,37.1,5,0,45635,743
47.0,Male,76559,8.1,37311,23.7,4,1,79661,606
33.0,Male,103376,4.9,27279,13.7,7,2,75153,566
29.0,Male,78919,7.9,38436,4.7,6,0,24831,570
21.0,,18675,2.3,3504,1.0,2,0,5518,507
41.0,Male,33183,4.0,9050,14.8,7,1,12767,525
53.0,,43487,4.4,4127,22.5,4,1,46243,551
51.0,Female,65504,7.4,15866,22.4,8,1,13003,614
54.0,Male,40109,14.5,17042,23.8,8,2,21665,626
40.0,Male,57152,5.2,27063,9.2,6,0,25848,562
55.0,Male,27650,4.2,14479,35.6,8,1,6273,626
24.0,Female,39176,7.4,11527,1.0,4,3,33657,499
53.0,Male,33785,6.7,6005,29.3,5,0,13468,657
27.0,Male,88647,5.0,53003,1.0,3,1,29946,530
44.0,Male,120754,4.7,22536,12.9,2,1,135015,577
29.0,Female,93136,7.8,51871,7.3,6,0,29861,551
51.0,Male,73667,4.1,27768,28.8,5,1,40557,628
46.0,Male,86253,4.4,41745,27.3,3,2,68471,536
29.0,Male,31551,7.2,8392,8.1,7,2,21487,562
42.0,Male,37325,4.3,18414,10.5,6,2,14548,533
35.0,Male,36271,6.3,17802,4.5,9,4,35939,511
55.0,Male,75440,7.6,44941,27.6,4,2,68821,518
48.0,Male,52632,21.2,22755,17.4,5,1,40451,664
44.0,Male,104412,10.9,12061,17.0,6,1,55405,638
35.0,Male,28065,20.9,7923,9.9,4,1,22903,631
50.0,Male,45089,7.9,9500,21.5,2,2,9747,602
59.0,Male,134264,8.5,69821,37.0,6,2,156612,613
46.0,Female,87511,12.4,36397,16.9,8,1,59784,634
44.0,Male,93123,7.3,57100,23.0,9,2,29294,600
45.0,Male,47561,6.2,10748,19.1,3,1,57471,555
21.0,Female,122169,1.2,27644,1.2,2,1,51655,504
43.0,Male,50738,10.0,6270,13.9,2,2,54813,472
32.0,Female,63429,6.9,23539,10.7,5,1,52436,598
29.0,Male,91653,9.4,38582,3.5,8,5,60427,513
50.0,Female,77014,2.5,28458,21.2,5,1,44279,608
21.0,Male,74012,7.7,10912,1.0,2,0,38681,537
30.0,Male,42454,6.4,13636,6.9,4,2,43435,534
44.0,Female,21460,8.2,9697,16.9,5,0,18377,621
21.0,Male,89622,4.5,22437,1.0,5,1,103996,488
28.0,Male,57060,5.2,29963,3.4,6,3,70632,504
44.0,Male,77958,4.1,33722,13.2,8,3,62802,494
30.0,Female,58430,6.0,13157,1.0,5,3,67645,477
45.0,Male,19163,3.0,10672,22.6,5,1,4614,548
36.0,Male,91131,19.4,24963,12.5,4,2,47137,601
35.0,Female,67838,9.5,28029,12.2,2,5,17186,511
31.0,Male,73811,3.9,19174,1.0,12,2,54055,592
50.0,Female,31739,1.2,17800,28.2,3,3,27035,545
33.0,Female,79076,3.6,12295,11.1,2,1,76066,532
37.0,Male,26576,15.7,5973,14.7,7,1,21652,636
42.0,Male,68963,6.8,25807,19.7,7,2,34379,598
48.0,Female,35363,14.2,11874,18.6,7,3,8426,589
44.0,Male,72258,5.1,23935,24.2,1,1,41316,527
31.0,Male,85811,9.9,19457,6.6,4,0,32271,579
58.0,Male,130705,6.4,71878,35.0,6,1,104960,597
70.0,Male,103487,15.4,30140,40.0,6,5,24294,680
48.0,Male,80650,19.3,51625,27.0,5,3,66267,620
50.0,Female,43475,6.5,14836,21.9,5,0,36852,618
41.0,Female,38701,6.1,21294,19.6,8,2,16033,600
54.0,Male,69827,11.0,43462,31.8,6,1,15556,643
27.0,Male,88870,6.0,11973,1.0,4,3,71765,489
47.0,Male,30663,7.2,19566,21.8,4,2,23229,587
23.0,Female,57831,10.6,27361,1.0,3,1,63548,563
29.0,Male,117150,4.4,34541,5.5,3,2,143147,499
29.0,Female,62817,3.0,36894,3.2,4,1,64379,489
24.0,Female,59689,7.9,7853,3.2,3,3,19499,516
45.0,Male,48337,3.5,14926,24.0,1,0,43662,571
41.0,Male,26024,4.0,5517,21.6,6,2,14459,596
57.0,Female,59723,8.0,25097,31.5,6,2,15612,625
21.0,Female,68658,8.2,35828,1.0,2,3,72594,495
36.0,Male,77237,5.0,32099,14.2,8,1,57685,560
42.0,Female,45264,17.5,20772,19.2,5,3,14097,622
45.0,Female,58362,8.8,37002,13.7,5,2,17247,595
40.0,Female,42156,13.6,10583,12.7,7,0,26312,644
50.0,Male,26747,3.9,10719,21.6,11,2,12784,603
27.0,Male,56453,7.5,14866,1.0,5,0,39816,595
44.0,Male,25687,10.5,12929,13.3,7,1,30205,615
28.0,Female,47001,9.4,27417,1.1,6,1,24315,549
37.0,Male,104677,6.4,10588,15.7,4,1,95168,562
37.0,Male,81974,3.4,50162,16.5,8,0,67650,593
35.0,Female,62689,2.4,25294,5.3,7,1,49163,587
44.0,Female,33465,7.1,6896,21.7,5,3,10005,563
48.0,Female,51371,10.8,19671,19.8,10,0,21068,651
35.0,Female,93915,23.2,34118,13.7,7,1,63179,662
39.0,Female,25705,14.7,10790,15.8,3,1,21300,618
36.0,Female,99364,7.4,55660,6.2,4,2,49004,547
41.0,Male,40071,11.2,20283,18.8,4,3,40671,568
35.0,Male,99570,5.7,43292,10.3,5,1,96502,522
36.0,Female,24424,8.6,14951,13.7,4,1,19509,622
42.0,Male,51316,6.5,29667,11.0,2,1,54441,544
38.0,Female,58468,5.5,11996,19.9,4,2,45388,556
45.0,Female,74045,11.5,31476,16.0,8,1,67136,601
29.0,Female,74185,12.9,16732,1.0,3,4,76937,508
25.0,Male,65689,10.8,18156,2.0,8,0,45373,602
,Male,57700,7.5,36527,17.7,4,0,60915,569
51.0,Male,31942,10.3,15991,32.2,3,1,37442,646
30.0,Female,18000,3.9,6275,1.0,5,3,4635,483
39.0,Male,32755,11.1,18009,10.7,5,1,24389,579
21.0,Female,67961,9.1,7918,1.0,4,3,25034,534
53.0,Male,42168,15.0,24577,28.8,2,1,47275,634
24.0,Female,85132,6.7,37509,1.0,11,2,75021,545
70.0,Male,46167,5.2,22792,40.0,7,2,46205,640
38.0,Male,152278,4.1,84607,14.3,1,1,163524,503
35.0,Male,41460,8.6,26692,12.9,4,2,39011,509
55.0,Male,91974,10.4,15670,23.5,9,0,28824,676
39.0,Female,32410,6.2,10704,18.2,5,1,17760,600
21.0,Female,36557,3.8,22036,1.0,8,0,27205,524
34.0,Female,59917,4.4,7927,5.5,4,2,49865,524
50.0,Male,59741,16.5,22264,21.7,1,1,64686,596
54.0,Male,57812,10.0,4997,28.4,4,4,37943,589
35.0,Female,56102,1.7,20028,12.8,4,0,61434,562
35.0,Male,44626,8.5,5651,15.1,2,0,33466,602
35.0,Female,91668,12.1,53966,14.0,3,0,99677,581
31.0,Male,118709,7.5,37167,12.0,5,1,37916,592
33.0,Male,57859,4.0,14307,13.4,7,2,44881,535
61.0,Female,40894,7.1,20210,37.0,4,0,46361,605
57.0,Male,33184,6.9,8904,31.1,4,1,35862,631
46.0,Female,116702,2.1,44609,15.1,1,0,76415,572
47.0,Male,77737,6.0,34565,24.0,5,2,78729,584
44.0,Female,50535,13.2,11926,17.4,3,0,38963,618
22.0,Male,52248,1.7,25085,1.0,6,1,41765,524
32.0,Female,53259,3.5,9953,2.5,5,0,20007,545
31.0,Female,74702,11.9,20234,1.0,4,0,22109,575
63.0,Male,27157,26.3,10022,40.0,2,2,27096,677
44.0,Female,40235,8.7,4664,19.0,3,3,25912,592
31.0,Female,60635,2.6,35981,11.6,6,0,52497,527
38.0,Female,23277,6.9,3686,9.8,4,1,10850,605
41.0,Female,39905,6.4,16896,17.5,2,0,19612,582
23.0,Male,86156,2.2,27141,1.0,10,1,83119,523
34.0,Male,30573,7.9,7398,8.8,5,1,7752,581
45.0,Male,178098,9.8,64755,19.6,4,3,98226,567
40.0,Male,42064,5.2,27203,21.8,5,2,8025,558
50.0,Male,139261,9.8,72031,18.1,4,1,64968,599
48.0,Male,35699,2.0,6038,20.5,5,2,7118,542
46.0,Male,47082,10.6,20327,14.1,8,1,23578,624
54.0,Female,68362,10.4,44373,30.0,5,0,55865,621
29.0,Female,34749,10.5,12922,1.0,6,3,28423,543
43.0,Female,45949,12.1,26897,22.3,5,0,49641,614
30.0,Female,61624,5.0,13543,1.0,5,2,28658,536
25.0,Female,38322,5.8,24775,1.0,5,0,32898,533
21.0,Male,50835,4.8,27113,1.0,5,1,49790,518
32.0,Female,99170,9.7,62943,2.6,11,3,15033,587
35.0,Male,64850,3.8,23801,5.3,6,1,57422,549
45.0,Female,94472,4.6,24047,21.2,4,2,45332,567
48.0,Female,115074,6.4,27658,18.8,10,2,21498,595
26.0,Male,97078,15.6,14497,1.0,5,2,43497,570
23.0,Male,56414,10.5,6620,1.0,3,3,19743,553
41.0,Male,82252,5.1,29021,9.2,3,2,69793,571
37.0,Female,108917,13.7,47906,13.1,4,2,82064,559
34.0,Male,122033,3.7,58062,2.8,4,0,91201,546
39.0,Female,132673,12.2,71585,18.9,5,1,68050,599
36.0,Male,29920,7.9,2802,16.0,2,0,5612,617
39.0,Male,110415,7.4,67697,20.3,3,2,32169,584
49.0,Female,68469,9.9,32645,26.3,6,4,61423,562
36.0,Male,88245,17.2,40090,15.4,7,0,26046,682
51.0,Male,69434,2.6,26177,29.5,8,0,31914,661
44.0,Female,45558,14.6,22729,17.7,5,2,28200,643
25.0,Male,52911,5.3,6800,4.9,4,2,52011,500
33.0,Female,144185,5.7,38223,4.3,9,0,120924,553
38.0,Female,81801,7.2,28937,7.5,6,1,74544,562
43.0,Male,23445,11.4,4837,14.0,4,0,24976,555
52.0,Female,61287,7.5,6905,32.8,1,2,58726,574
42.0,Female,54884,11.2,26982,23.8,7,2,33981,639
32.0,Male,40519,1.8,8171,5.2,6,4,23808,479
22.0,Female,57702,16.8,18808,3.7,7,1,18666,675
43.0,Female,130196,0.5,27015,22.4,7,2,160888,530
36.0,Male,73753,8.9,23940,10.7,7,1,77190,589
41.0,Male,135614,11.5,68410,14.1,9,0,149392,614
34.0,Female,75197,11.3,8376,2.1,7,0,54834,602
26.0,Female,71481,2.5,6082,1.0,4,0,13405,545
31.0,Male,66152,4.4,14531,3.0,7,2,32128,533
35.0,Female,39232,11.6,23854,14.4,8,0,11518,632
26.0,Male,41040,12.7,25633,1.0,5,1,17428,583
28.0,Male,60581,8.2,12871,9.4,4,0,59957,554
45.0,Male,109827,5.3,15912,13.1,2,4,44489,538
49.0,Female,53955,11.5,20940,18.2,8,1,60615,636
44.0,Male,97296,5.9,14856,16.4,10,2,70860,596
44.0,Male,107457,10.4,30481,23.4,13,1,124899,665
27.0,Male,70727,8.1,7098,1.0,6,1,42602,570
26.0,Female,47463,2.2,9980,2.3,5,5,36409,501
30.0,Female,40665,7.4,24423,11.5,10,1,16289,569
40.0,Female,51647,12.8,24364,9.1,3,1,27287,568
28.0,Male,31619,4.7,16398,1.0,6,0,35050,531
40.0,Female,81003,9.4,14783,8.6,3,1,99718,587
32.0,Male,74446,9.9,36369,10.4,7,0,27503,609
43.0,Male,69819,8.0,9093,24.3,5,2,47277,618
34.0,Male,38397,8.5,11772,14.6,5,0,28017,589
39.0,Male,63215,6.6,28847,16.6,5,0,19502,643
34.0,Female,103258,4.3,33296,3.5,2,0,108294,545
45.0,Female,124888,1.4,80700,22.7,4,3,51372,531
24.0,Male,55385,2.8,5986,1.0,4,1,53815,513
48.0,Female,50143,7.8,14216,29.5,3,2,32792,560
32.0,Male,33655,6.0,14684,12.3,3,0,28257,564
41.0,Female,117752,10.2,21920,19.5,2,1,70365,590
50.0,Female,126739,2.5,75222,21.2,5,3,32219,489
38.0,Female,55605,14.5,4991,10.9,5,1,19139,594
60.0,Male,50506,7.6,10916,39.1,4,1,46801,642
54.0,Male,95945,7.1,34321,31.5,3,0,73387,623
29.0,Female,61075,10.1,33000,1.0,5,3,51094,494
39.0,Male,50701,8.9,11862,10.3,3,1,46242,579
40.0,Male,90864,12.1,21882,9.5,9,1,31983,669
30.0,Male,198507,21.6,114289,9.0,5,1,73347,646
43.0,Female,117675,6.5,21319,22.7,7,1,125221,632
29.0,Male,197867,7.0,120000,1.7,7,0,180000,519
42.0,Male,46464,16.7,6303,23.6,6,1,7658,666
40.0,Female,39885,4.5,20224,15.3,7,2,9488,589
23.0,Male,61787,4.8,5725,1.0,6,3,72905,545
41.0,Female,89710,4.4,33412,10.3,4,2,92373,568
38.0,Male,72696,3.8,34720,11.0,5,1,70115,573
,Female,122220,6.6,15783,8.0,6,2,144243,558
56.0,Male,94183,9.9,49111,26.2,6,4,14273,644
46.0,Male,58797,7.2,32806,18.5,6,2,34182,572
27.0,Female,33515,10.4,15710,1.0,5,5,8081,511
26.0,Male,80743,10.4,38286,4.6,7,1,44143,522
38.0,Female,101003,7.9,64036,14.1,3,2,58664,588
34.0,Female,43513,4.9,14050,9.9,4,0,10218,597
31.0,Male,36479,5.4,12167,3.3,11,0,38830,603
46.0,Female,53727,9.0,29098,25.8,5,1,19633,611
49.0,Male,48355,2.1,8744,19.6,5,2,19914,553
45.0,Female,29791,3.8,13673,16.9,5,1,22477,551
28.0,Male,80073,6.3,20267,1.0,6,2,87393,517
29.0,Male,125391,9.7,59929,8.7,5,1,70318,539
26.0,Female,65169,0.4,17970,4.7,9,1,75882,525
65.0,Male,65722,9.5,33691,40.0,3,0,36160,624
23.0,Female,41418,3.5,26298,1.0,4,2,27137,459
34.0,Male,88963,2.8,20163,9.4,8,2,76816,558
45.0,Female,63372,12.0,13477,19.3,4,3,9514,589
51.0,Female,30192,8.0,13131,32.7,5,1,29122,614
31.0,Female,49652,12.2,27762,5.0,4,0,53312,553
52.0,Female,43338,16.9,20570,31.4,6,2,8727,696
42.0,Male,88118,3.2,35186,14.0,5,3,93384,475
36.0,Male,75304,1.6,12255,16.8,2,3,42339,499
41.0,Female,65062,9.8,15927,11.4,11,1,34136,618
52.0,Female,54225,9.9,23200,20.4,4,1,23904,604
40.0,Male,52242,7.1,21112,14.7,5,3,44001,568
53.0,Male,73318,8.9,29589,28.3,5,1,58436,636
23.0,Male,22553,2.3,13322,1.0,8,0,12836,544
27.0,Female,111883,2.6,59022,1.0,3,3,135570,480
23.0,Female,82304,16.5,28485,1.7,7,0,59350,597
33.0,Male,43725,2.0,23435,14.3,7,0,22301,559
21.0,Female,120989,20.1,37094,1.0,6,1,53205,645
57.0,Male,46240,14.5,20509,25.4,5,0,35862,647
37.0,Male,30613,11.2,17998,6.8,7,0,32234,582
31.0,Male,31051,1.2,18965,6.2,7,0,26148,573
55.0,Male,29356,13.7,4937,32.5,4,2,20497,645
37.0,Male,18720,1.8,10267,7.7,7,4,8587,545
52.0,Female,66544,11.0,10224,27.9,6,3,79168,606
39.0,Female,44214,4.6,22829,14.3,6,3,22501,519
53.0,Male,27605,6.1,16001,34.6,4,4,30391,596
57.0,Male,109985,15.9,48668,32.4,4,3,48913,633
44.0,Male,45745,6.4,19811,12.3,3,0,13599,571
27.0,Male,51744,7.8,16499,4.6,5,1,53285,548
43.0,Female,48781,5.7,13365,14.2,4,3,35919,545
58.0,Male,65936,5.6,20108,32.0,2,1,61365,583
32.0,Female,72797,28.4,43934,2.8,6,1,78369,625
25.0,Female,41208,7.8,22587,6.4,5,1,8078,548
36.0,Female,40898,1.2,10353,8.3,8,2,33406,539
36.0,Male,99364,13.1,26532,6.1,8,3,116136,550
50.0,Female,51296,9.5,10314,31.8,9,2,21376,650
45.0,Female,46747,2.5,20699,22.9,10,1,56541,583
42.0,Male,36792,9.0,7739,21.2,4,2,6125,562
48.0,Male,53573,6.8,29271,24.8,4,2,45357,578
54.0,Male,55141,2.6,16630,24.9,4,3,60179,534
56.0,Male,45917,9.2,21351,35.1,3,0,55564,652
26.0,Male,40250,9.1,18996,7.9,9,3,45016,577
35.0,Female,44435,4.1,24524,10.2,4,2,39000,503
58.0,Female,68086,13.5,43040,37.9,8,5,26408,629
37.0,Female,57713,3.7,22617,18.0,6,1,63720,574
26.0,Female,116105,7.0,9602,5.6,6,1,57705,613
23.0,Female,64904,1.3,40349,1.0,4,1,27801,485
31.0,Male,84248,9.6,53842,6.0,4,1,22311,541
47.0,Female,83614,6.7,32049,23.6,4,1,54549,643
29.0,Male,124058,10.8,42508,3.7,6,3,60045,540
29.0,Female,99313,19.8,42737,4.9,10,4,105187,537
58.0,Male,42913,5.3,27364,30.4,5,2,43542,592
54.0,Female,60832,5.6,31609,23.5,3,0,50388,600
39.0,Female,104364,16.5,8417,8.1,3,0,105020,603
40.0,Female,64867,8.2,16056,17.2,3,0,25500,610
34.0,Male,34547,5.5,7700,10.9,1,3,26819,508
41.0,Female,53297,8.1,28383,23.0,2,1,16582,605
36.0,Male,28344,11.3,10700,4.5,4,0,11153,566
50.0,Male,61962,2.5,30178,26.0,7,2,12963,616
23.0,Male,73569,12.1,25645,1.0,5,1,52773,559
34.0,Male,72977,16.1,10994,12.3,6,3,31611,639
41.0,Male,64596,2.8,41532,17.7,5,2,52486,560
61.0,Male,42059,29.0,13851,37.6,4,0,33941,729
24.0,Male,18582,9.7,10762,1.0,4,4,3000,484
48.0,Female,52575,13.6,13691,28.4,7,1,28544,697
40.0,Male,55378,15.1,9811,20.6,4,0,46615,653
38.0,Male,83785,10.5,28865,17.7,2,1,16099,569
21.0,Male,33402,9.1,11663,1.0,8,4,24765,543
42.0,Female,70381,9.0,18879,16.6,3,2,42178,568
54.0,Male,69559,19.4,11301,28.3,8,0,51996,738
38.0,Male,70036,6.1,44474,18.3,4,1,16376,597
39.0,Male,49759,2.9,30268,7.6,11,1,35747,546
32.0,Male,100415,3.7,35814,8.0,5,2,109519,513
50.0,Male,54511,11.6,11811,21.9,6,0,15138,651
43.0,,50687,8.6,9616,14.2,3,4,41143,514
37.0,Male,35897,7.1,8475,9.8,4,0,37570,575
40.0,Female,43767,2.6,6150,13.1,5,0,52527,562
48.0,Female,39897,13.5,10402,21.0,8,1,26379,631
45.0,Female,77414,6.4,44370,15.9,3,1,42787,558
40.0,Male,61414,5.8,23942,12.1,6,1,60050,544
22.0,Male,83996,7.9,31168,1.0,5,1,60020,530
42.0,Male,73658,11.7,24965,11.8,3,3,14251,581
34.0,Female,74541,3.4,14849,5.5,4,2,40273,553
37.0,Female,59653,2.6,8892,13.3,6,0,25106,598
39.0,Male,119524,7.8,24504,9.6,6,0,60387,576
37.0,Female,101401,2.9,12953,10.7,4,2,116136,554
37.0,Male,35084,9.9,20671,11.7,3,0,35964,614
24.0,Female,32942,3.5,2834,3.6,5,1,36838,533
38.0,Female,111040,6.3,11856,17.2,7,2,66184,561
32.0,Male,47238,8.4,13357,1.6,5,1,40902,543
29.0,Male,54004,1.8,16036,1.0,7,4,47124,422
35.0,Male,41957,1.4,17719,12.9,4,1,23582,540
52.0,Male,75933,4.4,42606,27.5,11,1,85285,612
56.0,Male,96449,10.4,43834,35.8,5,0,118152,643
39.0,Female,107148,6.6,43142,8.1,6,3,63972,551
36.0,Male,35807,8.2,14654,11.2,6,3,19667,558
31.0,Male,37035,5.6,4871,5.7,5,3,15644,549
31.0,Female,122884,2.6,36272,5.7,7,0,133693,526
42.0,Male,166619,7.9,48949,15.8,5,0,49324,596
35.0,Male,76904,28.0,18169,12.8,3,1,54122,678
54.0,Female,34190,5.6,5342,35.9,5,0,9985,626
38.0,Female,54122,6.8,5148,7.7,3,1,26360,578
34.0,Female,62867,1.6,9146,15.0,11,3,67078,578
38.0,Male,41057,1.8,18020,13.3,4,1,7884,554
56.0,Male,72639,1.5,19578,25.7,5,2,82675,570
29.0,Female,97891,3.4,13450,1.0,4,3,69769,491
21.0,Male,57878,20.9,16036,1.0,6,1,22035,623
45.0,Male,78081,3.7,21947,24.1,6,1,95086,591
55.0,Male,89319,4.9,43803,36.8,7,3,21376,633
36.0,Male,27915,16.6,5363,10.5,4,0,13106,632
30.0,Male,40931,3.9,9009,1.0,9,1,29245,536
42.0,Female,18000,10.2,11400,18.8,6,1,12745,646
33.0,Male,65917,2.4,34200,12.5,4,2,43364,548
43.0,Male,39099,2.9,19492,19.0,4,0,7863,574
53.0,Male,43069,10.1,4811,32.0,2,0,26330,656
37.0,Male,121546,6.3,73103,10.0,8,1,26232,577
51.0,Male,34277,20.1,15869,24.7,5,0,16846,700
23.0,Female,56360,2.5,5536,1.0,6,0,59848,577
38.0,Male,42509,1.0,15957,12.3,8,0,30224,563
52.0,Female,62447,12.8,8155,30.9,4,2,72095,627
54.0,Male,36517,15.2,18163,25.1,7,2,39684,608
41.0,Male,75915,7.7,46693,18.7,7,1,55232,610
28.0,Male,77807,3.0,21621,9.7,4,1,45219,543
29.0,Male,110582,12.0,19421,1.0,9,1,92677,601
50.0,Female,60290,15.5,4855,25.0,1,4,45263,575
24.0,Male,67004,14.0,22020,1.0,4,1,33994,548
50.0,Male,50123,10.0,29448,25.7,5,4,35963,574
22.0,Female,110771,4.1,34824,1.0,9,0,72460,600
48.0,Female,126236,9.1,20154,25.7,7,1,129664,668
34.0,Female,59009,11.9,17617,15.7,3,2,23025,612
40.0,Female,63864,4.2,32462,12.0,6,0,65782,552
45.0,Male,38293,8.4,9551,25.0,7,1,17025,655
48.0,Female,42601,20.6,24942,29.4,2,1,17259,643
47.0,Male,52016,5.0,10118,27.9,3,0,20948,594
43.0,Male,31525,8.5,14441,17.2,8,2,23349,594
39.0,Female,49419,2.6,21342,12.3,3,2,30680,496
22.0,Female,80578,3.1,16901,3.2,8,1,83218,541
,Male,64202,13.6,19844,6.2,9,3,33793,594
34.0,Female,47924,12.3,26337,2.5,6,0,51947,560
42.0,Male,37186,1.9,13879,10.5,3,1,17735,527
59.0,Male,80952,5.0,16870,33.8,6,1,42228,642
44.0,Male,61808,5.2,40100,17.5,3,1,35278,548
38.0,Female,84941,19.4,9772,18.0,5,1,27870,684
56.0,Male,173616,7.1,88222,32.6,5,1,110629,604
52.0,Female,66306,4.9,18076,23.7,3,0,76305,605
26.0,Female,112419,2.6,30160,6.2,3,1,55712,551
36.0,Male,82631,5.1,44185,6.5,9,0,77133,578
27.0,Female,70219,8.6,24864,4.6,11,0,16673,580
28.0,Female,73128,6.1,28360,1.0,4,2,17465,544
40.0,Male,42196,2.7,8485,19.5,2,2,40374,525
46.0,Female,91022,4.0,58106,23.4,4,0,81841,577
35.0,Female,123438,6.7,62384,8.9,5,1,41214,583
33.0,Female,53526,12.1,18331,10.9,3,1,26882,599
45.0,Female,100025,9.1,48100,17.2,10,2,108373,584
44.0,Male,46973,9.1,3823,16.8,5,2,30498,567
23.0,Male,75707,6.4,40068,3.1,2,3,59373,504
28.0,Male,87634,4.9,47884,7.7,4,2,15856,548
38.0,Female,101003,7.9,64036,14.1,3,2,58664,588
37.0,Male,32944,14.1,18574,18.3,6,2,25913,571
32.0,Male,34150,15.3,14193,9.8,8,1,29776,635
24.0,Male,58982,4.0,15475,3.1,5,0,36141,537
40.0,Female,136110,7.1,37240,15.0,7,0,92982,618
30.0,Male,42772,2.6,10956,10.3,4,0,27926,525
26.0,Male,145317,11.5,63331,1.0,4,1,83787,548
32.0,Male,36935,5.4,16912,8.8,4,4,33003,478
21.0,Male,43179,2.0,25083,1.0,5,2,25952,464
43.0,Female,56011,7.9,12561,18.2,6,1,67335,611
31.0,Male,64046,20.8,26899,12.5,3,1,51479,618
39.0,Male,41004,7.5,13433,9.1,3,6,47922,480
34.0,Female,92728,12.7,48033,7.3,5,2,30899,566
36.0,Female,56496,9.5,34700,10.7,4,1,17741,562
34.0,Female,69366,3.3,32981,7.2,2,2,82953,457
42.0,Male,100148,5.2,57656,16.0,4,2,118674,505
51.0,Female,190786,11.6,119684,19.6,5,0,139133,574
53.0,Female,65777,20.4,8264,26.6,5,1,27651,686
66.0,Male,73696,7.1,8008,38.5,4,1,12989,683
47.0,Female,48963,3.8,5789,28.1,2,2,42212,538
25.0,Female,88870,4.8,10881,1.0,3,1,103235,537
50.0,Male,36868,2.6,5763,20.5,1,3,11230,538
45.0,Male,104742,6.1,58436,25.4,4,2,37766,593
52.0,Male,53045,6.1,28665,25.3,4,2,30884,583
51.0,Male,49652,7.8,14645,19.5,8,2,39520,571
30.0,Female,83117,9.9,41547,1.0,4,2,77626,511
41.0,Male,117833,6.4,52339,21.2,4,1,117184,617
35.0,Female,80007,6.8,23243,11.2,7,0,29755,616
26.0,Female,43529,18.8,3546,3.1,8,0,11827,620
36.0,Female,41831,11.3,19635,10.5,7,0,13857,611
66.0,Male,37653,6.5,22667,37.0,8,1,8447,652
29.0,Female,64996,15.2,18544,5.0,1,1,30016,553
36.0,Female,67106,13.6,19004,7.1,8,1,17691,609
41.0,Male,132131,6.7,42462,21.6,5,0,71212,668
27.0,Female,95541,2.2,53236,3.8,9,1,113703,514
30.0,Female,87746,2.8,30555,2.5,5,5,36017,480
41.0,Male,49621,6.5,20468,13.8,6,5,38806,569
45.0,Male,71850,9.4,34734,26.6,6,0,89073,659
40.0,Male,89159,2.6,20334,9.9,2,5,106187,477
50.0,Female,33090,6.4,13961,22.6,6,2,33810,586
33.0,Female,75631,25.5,46051,8.5,5,6,82279,577
49.0,Male,35755,2.5,3567,18.1,4,4,9113,512
43.0,Female,56047,18.2,5010,14.6,7,1,41645,667
36.0,Male,48474,4.7,15628,17.9,4,2,49608,548
42.0,Female,38683,1.9,14367,12.3,5,3,25304,517
41.0,Female,50770,7.9,21342,19.8,6,1,39627,599
29.0,Female,69924,2.5,31051,1.0,3,0,56907,490
51.0,Female,47660,6.9,8547,32.2,9,1,45624,669
36.0,Male,52490,4.8,7780,8.8,3,1,43528,565
54.0,Male,53182,5.7,11132,23.3,6,4,23747,562
45.0,Female,29823,7.1,16909,19.1,3,0,9019,579
37.0,Male,132816,5.7,61955,12.1,5,1,34167,542
25.0,Male,67563,2.2,27685,2.0,2,3,15892,491
33.0,Male,68484,5.3,22935,1.5,6,1,51269,546
48.0,Male,77601,13.2,49178,18.1,4,1,37177,573
38.0,Female,33835,12.7,20804,18.5,6,1,17783,670
26.0,,81015,7.0,13097,5.1,6,2,46766,516
32.0,Female,64606,9.5,27907,13.7,4,2,74112,562
45.0,Male,48085,5.2,27543,25.1,7,0,55425,611
28.0,Male,63252,12.1,35701,1.1,6,1,67739,562
39.0,Male,52214,15.6,7932,9.7,6,1,11637,630
,Female,51901,8.1,15032,10.3,12,0,54735,637
33.0,Female,45230,8.0,9675,14.0,3,0,33054,574
35.0,Female,86141,8.5,34980,5.3,3,2,50859,540
34.0,Female,60689,4.5,39166,8.4,8,3,72357,516
45.0,Female,54901,10.7,4967,20.2,4,2,62260,593
40.0,Female,40690,8.4,9965,19.5,4,1,47419,575
36.0,Male,40047,1.3,7150,14.1,7,1,30088,598
34.0,Male,91726,2.5,12614,2.0,3,4,38833,478
29.0,Male,74235,5.8,26042,10.8,3,1,16037,547
43.0,Male,32950,3.0,4253,24.3,9,4,36798,601
44.0,Male,57006,3.6,36282,16.5,6,0,18299,569
61.0,Female,92041,13.3,45997,35.8,3,0,35565,668
39.0,Female,77288,6.8,45738,10.8,9,2,90147,588
58.0,Male,42839,3.4,24396,38.7,6,2,45256,612
23.0,Male,98010,0.7,29363,1.6,6,0,42140,558
52.0,Female,68538,2.0,15310,25.4,2,0,26586,577
38.0,Female,74209,4.0,22593,14.8,9,3,54033,550
31.0,Male,48626,18.1,15095,12.1,7,5,48759,573
44.0,Male,52157,5.4,13610,22.4,5,2,9351,620
34.0,Female,41095,18.1,16173,11.0,9,1,24761,648
33.0,Male,42756,3.5,23494,11.5,6,2,32683,526
39.0,Male,137310,6.7,65736,14.9,4,1,77724,537
32.0,Female,77731,5.9,14057,12.6,5,1,39425,583
58.0,Female,171314,5.1,26658,31.0,2,3,92923,591
51.0,Male,25892,8.9,6676,31.7,7,0,7964,671
46.0,Male,39905,3.7,9825,22.4,9,1,37005,605
27.0,Male,133789,6.7,69414,5.4,3,0,109882,520
32.0,Male,24070,3.1,9444,4.9,6,0,4814,538
43.0,Female,47378,5.0,19227,16.1,8,1,51755,584
34.0,Female,40078,9.9,17100,11.7,4,3,30227,553
34.0,Female,42643,10.9,4124,10.1,4,1,39876,603
52.0,Male,30459,3.1,18241,25.5,4,3,23253,582
33.0,Female,65924,11.6,17282,6.5,3,2,47968,540
35.0,Female,67593,4.8,32706,16.5,6,2,20264,564
23.0,Female,75183,10.8,18768,1.0,2,1,29919,580
42.0,Female,35950,8.6,14562,18.6,5,1,13329,594
30.0,,152598,17.2,75694,1.6,3,3,91739,536
21.0,Female,26361,7.5,14545,1.0,8,0,29188,561
57.0,Female,28667,7.9,15392,35.7,4,1,28370,629
27.0,Male,55834,4.0,29312,1.0,9,3,21614,543
36.0,Male,98063,6.2,12097,8.4,4,1,16953,585
53.0,,30555,9.7,2548,33.8,8,1,18295,666
32.0,Female,24644,5.1,14087,13.7,9,2,24505,558
51.0,Female,100207,4.4,12119,27.1,4,0,30629,683
48.0,Female,34487,9.7,2778,24.9,7,1,6483,650
38.0,Female,59656,7.0,5558,13.1,5,0,52657,571
41.0,Female,44102,11.8,27336,11.9,9,1,37345,621
23.0,Male,46222,13.0,11087,4.3,5,1,13984,595
53.0,Female,52909,2.3,24752,26.6,8,1,27939,593
38.0,Male,147992,6.0,48687,14.7,7,1,161342,580
60.0,Male,112120,10.2,29085,38.9,5,1,29482,700
59.0,Female,71088,28.3,44487,38.7,4,1,34872,735
52.0,Male,143998,12.5,31325,33.8,7,1,63322,692
21.0,Female,39304,5.8,4111,1.0,10,1,24482,566
36.0,Female,72705,12.9,7845,13.1,7,1,13679,667
27.0,Male,43426,4.5,6118,1.0,3,3,51656,522
21.0,Male,32119,5.4,13144,1.0,4,1,23311,531
37.0,Female,54288,8.7,23226,9.2,5,0,64641,582
21.0,Female,127857,9.2,53120,1.0,10,1,142547,575
29.0,Male,52032,3.6,13850,1.0,6,1,33578,518
,Male,59366,7.8,12333,30.7,9,1,13973,627
42.0,Male,43575,4.3,3993,20.9,6,1,7235,597
45.0,Male,52455,7.0,31410,26.5,7,1,57802,627
55.0,Male,31996,6.3,14951,33.0,5,0,5504,617
55.0,Female,130221,12.7,49187,31.6,3,3,101118,566
46.0,Male,73597,17.3,33412,21.1,7,0,22161,653
42.0,Female,34099,11.3,11892,11.6,5,1,15040,598
38.0,Female,29816,1.5,17744,12.6,3,1,12708,514
22.0,Male,112237,7.7,32939,1.7,3,2,81813,579
55.0,Male,126353,10.9,77029,32.8,5,1,70304,653
54.0,Female,32662,5.0,10299,34.6,1,1,37291,586
37.0,Male,62151,3.6,17487,10.1,7,1,32777,569
30.0,Female,65857,4.9,9241,6.1,5,1,33369,590
50.0,Male,62469,5.3,29352,27.4,5,1,58543,574
38.0,Male,67463,12.7,25864,17.0,8,3,78497,600
41.0,Female,42200,9.8,26629,10.6,7,1,34656,557
32.0,Male,82795,1.7,14109,6.8,6,0,64879,575
48.0,Male,26811,5.4,6188,27.5,8,3,4884,536
41.0,Male,43938,4.4,4529,13.7,9,0,19624,622
47.0,Female,27339,3.9,4437,22.3,6,0,14393,587
30.0,Male,158978,9.4,57161,8.7,7,2,44192,602
49.0,Female,41792,4.7,7336,25.9,2,0,24753,594
40.0,Male,78008,0.9,8723,17.7,4,2,54879,561
47.0,Female,50952,9.4,20434,22.7,4,2,47067,587
50.0,Male,35521,3.8,6805,29.9,8,2,14310,630
50.0,Female,43048,14.2,17843,24.8,6,0,7252,674
54.0,Female,30595,16.7,14006,34.9,4,1,24078,716
53.0,Female,33764,10.9,8829,34.2,6,3,37919,611
21.0,Male,70570,9.8,38296,1.0,5,0,75124,535
31.0,Female,78368,9.2,9612,5.6,4,2,13201,538
57.0,Male,40192,8.1,16924,28.7,6,2,20824,611
38.0,Male,150813,17.4,31708,11.7,8,2,172051,608
33.0,Female,87023,5.5,20583,2.1,5,3,44679,523
27.0,Male,115158,9.0,42325,7.6,3,3,30135,546
40.0,Male,72273,4.6,34500,11.9,5,1,29856,564
53.0,Male,29415,2.6,8816,24.3,5,2,30958,534
32.0,Male,36014,7.8,7748,12.8,4,1,31804,578
40.0,Male,50874,7.5,32773,10.1,3,2,8711,501
43.0,Male,29347,12.6,2462,17.8,7,0,24311,681
43.0,Male,39461,5.7,5649,20.8,5,2,34666,572
36.0,Male,48061,7.4,19456,15.3,4,0,8437,600
39.0,Female,66927,8.3,38146,19.4,4,3,24131,530
36.0,Female,40808,9.0,26180,6.9,7,3,32883,538
45.0,Male,74195,8.6,29339,13.6,3,1,61814,554
31.0,Male,77222,10.3,8586,1.0,3,0,28531,591
37.0,Male,39863,12.3,24126,13.0,4,3,27897,608
35.0,Female,27472,5.9,11594,13.6,5,1,23988,560
54.0,Female,70598,7.4,20335,29.2,5,1,85502,638
21.0,Female,74502,10.1,45351,1.0,4,3,44601,507
34.0,Male,51698,8.2,4421,6.8,5,4,34775,540
21.0,Female,106929,8.1,10706,1.0,3,1,37178,567
49.0,Female,94417,3.8,39103,18.6,3,0,26232,576
41.0,Male,33557,12.0,5866,16.8,4,2,25832,606
36.0,Female,55130,7.9,14089,16.8,6,1,47930,595
55.0,Male,40361,9.9,18476,29.6,5,1,32598,634
25.0,Female,41208,7.8,22587,6.4,5,1,8078,548
32.0,Female,178965,19.8,43515,13.7,7,5,73032,609
41.0,Male,85312,6.9,9362,13.6,6,2,32761,651
30.0,Female,43180,16.2,8617,2.7,4,4,32263,569
45.0,Male,90406,18.7,29007,15.0,7,3,89500,647
26.0,Female,97064,4.6,44015,1.0,9,0,15767,560
45.0,Male,51506,5.2,17889,14.0,4,3,41146,562
34.0,Male,68858,15.0,39948,15.6,4,2,58408,594
30.0,Male,171835,16.4,50720,1.0,7,1,147783,597
49.0,Female,41906,1.7,14662,17.5,3,1,16771,546
32.0,Female,32766,14.7,17351,7.3,6,0,20975,626
39.0,Male,87824,10.5,25755,9.3,6,1,52222,606
32.0,Male,23251,5.2,7558,2.1,9,1,4675,584
41.0,Male,124529,6.5,31316,16.2,4,0,120155,581
59.0,Female,62551,9.8,36587,32.9,2,2,65015,612
36.0,Male,37520,11.0,21027,17.6,8,1,7104,598
43.0,Female,67348,7.5,36264,11.2,5,1,36670,590
35.0,Male,99184,6.6,25157,12.4,7,0,48120,637
55.0,Female,128240,8.2,58190,24.1,4,3,127101,533
27.0,Female,39901,7.2,21632,1.0,4,3,16221,517
31.0,Male,59791,4.6,28918,6.2,9,0,68480,563
52.0,Female,22733,9.1,4149,29.2,9,0,19261,684
21.0,Male,85244,0.9,38286,1.0,5,1,34096,532
33.0,Male,72246,16.1,37274,11.3,5,2,39057,601
45.0,Male,95195,4.2,34023,17.7,6,0,31401,600
46.0,Male,36443,8.7,11163,21.7,7,3,36539,579
61.0,Female,49456,13.4,28116,40.0,6,1,15303,716
67.0,,225899,3.7,33248,36.3,3,0,113282,678
39.0,Female,52625,6.8,31557,18.5,7,2,42455,584
47.0,Female,108816,4.2,45371,18.9,4,3,124912,531
35.0,Female,61968,2.9,19641,9.9,6,0,26191,597
38.0,Male,40070,18.3,23739,11.5,3,0,49470,653
41.0,Female,67169,7.2,10857,16.1,5,1,76193,575
30.0,Female,73100,8.0,45040,3.2,3,0,57965,554
37.0,Male,42042,6.6,5537,15.1,5,1,15892,605
37.0,Male,59244,7.4,5402,16.5,6,3,29977,566
21.0,Female,135964,8.3,73290,1.0,4,0,91185,550
24.0,Male,48570,4.3,23572,1.0,2,3,28049,490
40.0,Male,56776,10.4,17276,18.2,5,5,36563,541
38.0,Male,122800,1.1,67847,6.8,4,0,110851,511
28.0,Female,111282,9.9,25847,6.8,9,4,22087,604
49.0,Male,106183,9.8,26120,30.3,4,1,82890,633
45.0,Female,50778,5.8,30246,25.7,5,1,30848,572
49.0,Female,52135,7.8,29647,30.1,5,0,12684,639
55.0,Female,162735,4.0,47970,31.7,3,0,67323,631
,Male,49884,5.1,15025,1.1,7,1,25829,580
52.0,Female,116360,6.7,60478,23.0,9,3,95217,552
48.0,Male,43033,7.6,6415,23.3,4,0,11931,639
49.0,Female,60666,9.1,9172,23.4,6,1,54768,613
30.0,Male,28115,6.4,7749,1.8,6,2,8072,575
35.0,Female,35449,1.9,20890,15.8,5,2,29042,556
39.0,Female,20200,5.6,12363,13.1,9,2,22856,545
57.0,Male,27229,4.3,8975,27.8,2,1,27655,555
69.0,Female,94542,13.6,12353,40.0,7,1,106548,729
36.0,Male,49265,6.3,28625,5.3,2,0,27267,545
51.0,Female,52218,16.1,17356,32.5,4,2,16968,708
42.0,Male,100543,13.4,12647,23.4,6,2,44985,672
37.0,Male,25696,3.6,11895,12.2,6,0,29261,538
34.0,Male,48488,11.9,27708,10.3,3,3,28480,550
46.0,Female,31619,12.3,9984,23.8,6,1,31832,652
41.0,Male,49476,1.9,25326,16.6,3,1,53462,553
30.0,Male,82583,0.6,24677,1.0,4,3,38093,491
49.0,Female,81165,6.4,13169,19.0,7,2,30729,604
43.0,Male,90094,9.9,51042,13.6,3,0,15859,567
35.0,Female,32502,2.8,10629,4.9,4,0,27491,564
40.0,Female,31696,5.0,10634,13.9,2,2,8430,537
37.0,Female,63838,3.8,28151,17.5,5,1,59890,556
56.0,Female,35549,12.3,20359,34.2,7,1,12109,688
21.0,Male,87994,15.9,32309,1.0,4,2,24667,573
32.0,Male,51911,8.4,29124,13.9,6,0,33488,609
52.0,Female,81444,5.2,47200,25.5,5,2,73082,531
42.0,Female,53773,9.5,19578,10.1,6,3,18709,580
37.0,Female,51526,7.8,31354,11.9,3,0,20766,581
37.0,Female,73280,9.5,12704,14.9,6,1,56406,601
48.0,Male,58080,6.9,8342,18.4,4,2,35392,562
39.0,Female,65301,3.1,7944,11.3,7,2,71394,544
34.0,Male,89654,1.9,18271,4.5,8,2,47683,537
48.0,Male,88927,6.8,57591,17.0,5,3,86743,548
38.0,Female,81491,3.3,51631,10.7,6,3,71633,546
59.0,Male,72637,4.5,7218,27.7,7,0,58466,616
33.0,Male,78853,8.1,17105,7.1,1,3,53039,520
25.0,Male,46507,7.7,13858,1.0,4,1,10767,553
25.0,Female,52990,14.3,32955,2.2,5,0,10145,582
40.0,Female,24012,15.5,7005,16.6,6,0,29415,676
23.0,Male,32836,5.7,15908,4.9,5,2,29515,495
23.0,Male,62547,7.8,7301,1.0,9,0,48025,566
30.0,Male,86662,7.2,23664,7.0,4,2,21580,525
21.0,Female,50108,8.0,6209,1.0,6,1,43901,548
42.0,Male,46193,9.9,18434,10.3,2,0,16713,585
60.0,Male,81065,1.9,48968,30.9,2,3,46859,543
31.0,Female,38323,7.9,16187,8.9,4,1,6023,557
42.0,Male,51601,1.7,28172,11.4,4,1,47465,527
50.0,Female,129044,8.4,52561,21.1,7,1,51728,608
26.0,Male,94583,6.5,24294,1.0,9,1,30282,586
41.0,Male,51105,9.5,16121,13.9,7,3,38049,612
21.0,Female,113597,6.6,60774,1.0,6,1,64259,564
49.0,Male,59593,3.5,20328,30.2,5,1,56690,615
33.0,Female,55971,6.8,17202,2.3,3,2,51069,505
43.0,Male,37138,1.5,21229,22.2,9,2,42352,566
34.0,Female,67394,15.3,14531,15.7,5,0,73375,636
36.0,Male,18582,12.4,11253,16.8,4,3,10937,539
43.0,Male,117707,5.2,26819,19.3,7,2,29465,635
35.0,Female,107110,6.6,59854,6.9,5,3,101577,537
27.0,Male,78975,5.4,13886,4.4,3,2,73848,543
26.0,Male,47789,3.8,7310,4.3,6,1,26356,509
,Male,35302,1.9,19417,2.2,6,2,21042,528
25.0,Female,42626,7.7,22214,2.6,2,1,35982,520
49.0,Male,162212,4.3,54980,27.8,4,1,180000,532
29.0,Male,54579,12.2,33764,1.0,4,3,16640,509
38.0,Female,40877,4.3,7026,14.7,6,5,46126,530
55.0,Male,26094,2.8,12653,27.1,6,3,9194,595
43.0,Female,85726,11.6,22696,18.6,6,0,30531,645
41.0,Female,23560,3.2,13149,21.0,4,2,16208,541
33.0,Female,48619,6.8,20708,4.7,2,1,25766,545
30.0,Male,125865,0.7,65176,7.6,4,1,99066,489
60.0,Female,48868,15.1,16055,33.2,3,1,28053,670
54.0,Female,76124,6.5,26692,33.3,3,5,81801,579
50.0,Male,42494,5.4,26245,26.3,5,1,21927,631
54.0,Female,98652,4.9,25793,25.7,4,2,61786,634
45.0,Male,45196,4.6,3650,24.2,4,2,42893,598
41.0,Female,36817,2.3,17807,18.7,5,1,24450,552
46.0,Male,61597,3.3,14310,16.7,6,2,36092,554
53.0,Female,71512,8.4,18505,28.8,5,0,68796,610
26.0,Female,64339,7.2,11037,2.2,4,3,54562,485
41.0,Female,110667,19.2,28448,18.7,5,1,125094,661
42.0,Male,28146,12.0,16153,11.5,6,0,34862,626
34.0,Male,44699,8.1,18607,5.8,6,0,7907,606
46.0,Female,43236,2.3,23304,17.5,2,0,7469,584
46.0,Male,63198,6.3,38230,20.7,4,3,52159,538
44.0,Female,62580,10.1,5666,20.0,8,1,21287,685
28.0,Male,59060,16.8,23090,2.9,10,0,36197,675
35.0,Male,45595,8.0,22197,8.3,7,3,21506,507
42.0,Male,116571,5.6,74242,20.4,2,4,110154,460
50.0,Male,78546,12.0,27842,20.7,4,2,52476,572
,Male,60650,10.0,38265,6.1,9,1,17219,590
34.0,,139193,14.7,66874,4.4,2,1,91353,590
43.0,Male,71080,5.0,18195,22.5,3,1,11181,607
21.0,Female,44201,7.7,17377,1.0,4,2,21866,556
40.0,Male,65487,0.4,27297,10.6,7,1,18688,553
57.0,Male,18000,21.3,9347,30.8,5,1,14207,680
42.0,Male,41633,5.8,14063,18.0,5,4,30652,571
39.0,Male,44099,4.6,14939,15.3,6,3,34556,521
58.0,Male,31718,4.1,17378,37.4,9,2,26003,587
39.0,Male,48506,8.9,13242,8.4,5,0,24368,560
43.0,Female,35779,4.5,18780,12.3,7,2,21328,547
47.0,Male,118392,8.7,34109,22.0,7,1,132509,589
32.0,Female,71109,10.0,26902,1.0,10,0,76419,593
44.0,Female,129669,12.5,64361,25.1,7,1,81007,626
29.0,Male,55623,8.6,11022,9.8,8,1,66738,575
47.0,Female,19535,16.4,2756,15.7,5,3,3615,559
40.0,Male,52265,4.6,12728,13.6,4,0,54244,577
41.0,Female,146549,6.4,43493,21.7,4,0,176776,597
21.0,Male,20632,6.5,10273,1.0,2,0,11625,539
70.0,Male,36441,5.8,21100,40.0,8,0,23389,659
25.0,Female,34973,13.6,3736,1.0,6,1,41215,615
42.0,Female,40622,7.0,11371,18.4,2,1,13671,564
57.0,Male,94568,4.0,22023,34.6,3,0,29714,647
57.0,Male,167210,3.4,21450,33.1,7,0,180000,637
40.0,Male,105878,11.1,59361,18.4,5,2,20430,575
25.0,Male,63566,5.4,11321,6.4,5,5,14689,548
24.0,Male,44034,12.8,11731,1.0,5,1,22269,543
38.0,Male,57783,9.7,12535,17.0,6,0,9610,648
21.0,Male,47995,16.4,14895,1.0,5,3,50019,576
27.0,Male,91210,6.6,18396,1.0,7,2,111020,544
34.0,Male,135611,12.1,21418,14.0,3,0,37561,637
53.0,Male,40660,4.2,20064,29.7,6,2,7451,610
39.0,Female,24958,3.0,4650,12.3,8,1,10874,552
50.0,Male,124401,2.7,76435,26.3,4,1,105147,586
29.0,Female,61411,14.0,34178,1.0,5,3,26242,540
21.0,Male,54218,1.3,22708,1.0,7,0,39761,538
32.0,Female,44905,4.1,12469,1.0,1,2,38683,470
38.0,Female,73114,9.9,36003,7.2,7,1,45984,574
47.0,Male,220979,16.7,52180,15.4,4,0,35745,673
56.0,Male,78623,7.9,13747,33.0,10,2,23181,662
57.0,Male,42487,8.3,25094,34.9,6,3,13437,607
52.0,Female,153123,6.4,72969,28.9,8,2,66318,615
31.0,Male,94198,29.5,58214,5.2,5,3,38889,632
45.0,Male,39959,8.0,19073,20.7,6,2,31799,605
32.0,Female,101891,12.7,64613,10.2,6,1,98154,572
38.0,Male,63467,4.4,9696,9.5,5,0,10157,571
43.0,Female,39445,5.6,23969,11.4,8,2,27126,580
29.0,Female,56703,3.9,8251,1.5,7,2,30799,531
37.0,Female,35015,11.1,17870,7.8,2,0,6839,622
25.0,Female,141436,9.2,47532,1.0,4,0,111878,545
70.0,Female,72355,11.5,14812,40.0,6,1,88678,680
30.0,Male,52916,6.2,28873,4.6,3,1,15243,537
49.0,Male,43859,7.1,8089,22.7,4,2,24000,578
48.0,Male,41554,1.5,11325,27.6,4,2,25206,560
57.0,Male,92332,6.5,32271,36.9,5,1,105478,636
41.0,Male,68356,1.6,13968,22.0,4,1,39068,565
27.0,Female,61555,7.9,9745,4.9,5,2,14236,561
32.0,Male,159214,2.9,24008,1.0,2,2,84185,535
33.0,Female,47234,8.6,9413,3.5,7,3,30378,543
33.0,Male,53424,8.7,15670,2.5,3,2,19633,533
25.0,Male,52069,3.0,27296,1.0,8,2,14578,517
32.0,Male,23087,4.3,12570,2.1,6,3,14026,481
48.0,Male,34416,14.5,14112,25.9,10,2,23034,671
68.0,Male,51851,6.2,13699,39.4,9,0,64753,695
58.0,Male,51560,4.4,32687,39.5,6,4,24693,637
39.0,Female,81369,5.7,49788,9.9,3,1,23953,544
38.0,Male,31491,10.7,10826,19.3,9,2,34768,624
43.0,Female,88614,9.0,8599,22.0,5,1,50231,614
52.0,Male,89021,11.4,50985,31.6,4,0,70983,590
26.0,Male,64014,17.2,7138,1.0,3,0,55780,567
41.0,Female,38753,12.6,18657,15.0,7,0,41537,644
36.0,Male,99364,13.1,26532,6.1,8,3,116136,550
42.0,Male,62818,13.8,15318,12.9,7,2,43587,649
46.0,Female,50083,5.0,13094,24.0,3,2,54276,572
21.0,Male,37619,17.6,11330,1.0,10,0,40449,633
54.0,Male,62784,5.0,12601,25.8,13,2,21248,643
45.0,Male,104206,10.6,28202,24.4,5,0,110572,607
51.0,Male,58131,13.4,11190,19.5,5,2,52869,645
,Male,86080,6.6,51586,16.4,4,3,39415,525
45.0,Female,43161,13.8,26358,22.8,3,1,52999,591
32.0,Female,87637,8.1,27065,1.1,4,2,48278,509
40.0,Male,51505,2.5,14104,13.1,5,1,36305,550
50.0,Male,35137,11.2,12400,24.8,4,0,27553,576
57.0,Female,128053,6.2,36261,36.5,10,2,100894,650
27.0,Male,91291,10.5,49041,1.0,8,4,58104,565
30.0,Male,48468,3.1,8328,4.0,4,1,52146,496
43.0,Female,75625,17.8,34332,13.3,6,3,80656,557
49.0,Male,107799,15.9,33811,29.8,3,1,116981,605
21.0,Male,55148,9.9,26098,1.0,4,1,30364,515
57.0,Female,51742,6.4,27131,32.3,3,1,42708,619
35.0,Female,47212,9.6,29034,13.6,8,1,13841,609
31.0,Male,72769,1.2,18367,12.2,11,1,43955,586
25.0,Male,79665,20.2,43658,1.0,5,0,64482,615
56.0,Female,58914,6.6,19876,28.5,4,3,63190,583
41.0,Female,28268,4.7,9163,13.3,3,1,24361,516
21.0,Male,74330,2.5,18779,1.0,6,2,45454,502
21.0,Male,37404,2.8,3253,1.0,9,2,6157,543
26.0,Male,151441,9.5,38373,1.0,7,1,155145,542
32.0,Female,85133,5.6,34213,1.0,7,3,31777,493
42.0,Female,53418,4.8,9523,13.3,2,0,25063,563
30.0,Female,30877,1.0,9018,7.8,6,3,38438,501
33.0,Female,32276,13.5,16745,13.9,6,1,7279,601
30.0,Female,80949,3.6,34815,1.4,2,5,15096,483
43.0,Male,57078,10.3,25158,16.8,5,2,71221,548
43.0,Male,50279,7.9,29645,13.2,3,2,23801,522
40.0,Male,74000,14.9,32525,10.1,2,1,53864,558
46.0,Female,26275,19.1,14459,21.3,5,3,27822,598
62.0,Male,75064,8.1,41853,37.1,10,1,64623,648
35.0,Female,49716,13.6,22887,16.9,5,2,22787,607
29.0,Male,54063,9.4,16974,8.3,3,3,40926,587
24.0,Female,85864,5.4,14612,5.9,6,2,66128,548
50.0,Female,67325,12.8,28637,25.8,10,1,49055,682
40.0,Female,49781,4.8,23823,21.2,12,1,28039,630
54.0,Female,42249,3.1,24929,22.2,6,1,12458,553
53.0,Male,36086,7.1,12479,23.3,5,0,17801,605
41.0,Male,51140,23.8,17680,14.0,5,0,7798,672
45.0,Male,53912,10.1,16666,16.3,3,2,49746,592
33.0,Female,48621,22.9,10975,1.4,10,0,43196,641
30.0,Female,85462,20.8,52915,3.6,2,3,24640,557
39.0,,37777,4.1,13281,16.9,5,1,27852,572
60.0,Female,58544,7.7,26766,29.4,3,3,12754,613
25.0,Male,52724,7.0,31189,1.0,4,0,32195,539
47.0,,58422,12.6,33780,25.3,3,3,67251,610
35.0,Female,94426,0.7,39637,10.0,3,2,104137,518
50.0,Female,67272,2.6,11107,25.0,3,0,56007,563
43.0,Male,92026,16.2,57050,20.4,7,1,96255,625
45.0,Female,68135,6.4,5672,14.8,4,0,62402,594
42.0,Male,35641,24.0,12477,11.2,4,0,6457,706
38.0,Female,33641,4.4,3611,16.4,4,1,41506,552
41.0,Female,66968,10.9,34344,20.9,8,1,57779,603
45.0,Male,68606,9.0,28234,25.3,5,2,23731,605
21.0,Female,38047,2.6,5498,1.0,3,1,18282,519
30.0,Female,28616,14.1,4072,3.9,4,4,18346,567
36.0,Male,65801,12.7,33720,16.4,3,1,19901,612
27.0,Male,95282,8.4,20276,5.6,4,0,77997,578
35.0,Male,41688,16.3,10549,5.3,4,2,11690,587
37.0,Male,79121,11.4,13352,11.6,3,2,56666,592
39.0,Male,30359,3.9,6484,8.7,2,0,28164,504
42.0,Male,64415,10.0,16110,12.2,7,2,21017,586
45.0,Male,34408,13.4,17173,13.7,5,1,26888,601
31.0,Female,29513,1.7,16797,1.0,6,2,14973,513
39.0,Male,137426,8.4,36064,11.2,4,2,114194,535
41.0,Male,50403,2.5,6367,11.2,6,1,55860,544
27.0,Female,55391,8.2,34113,2.3,6,0,30384,563
58.0,Male,31294,14.2,13250,28.1,6,2,13114,667
,Male,69221,20.1,36536,2.0,5,0,15999,625
45.0,Female,56502,7.1,16178,13.8,5,0,54211,590
22.0,Male,44115,13.5,5153,1.0,7,3,27870,585
29.0,Female,37233,8.7,9206,1.0,2,3,18919,529
53.0,Female,64799,1.8,34568,26.7,6,2,35744,553
25.0,Female,85150,3.0,52822,6.1,8,2,79085,480
39.0,Female,110085,6.1,37737,19.3,4,2,43283,598
38.0,Male,18000,4.7,7346,10.6,9,1,17771,552
32.0,Male,78123,11.1,15211,2.4,6,2,35496,555
38.0,Female,112933,5.8,54078,16.7,7,1,50483,617
28.0,Male,63444,5.4,35654,1.0,3,2,70872,512
35.0,Male,92127,7.5,24527,14.8,4,1,96296,583
36.0,Female,33352,1.1,20301,17.4,4,0,20355,537
32.0,Female,94119,1.1,50908,10.0,8,1,47458,562
40.0,Female,83892,17.0,16881,21.7,3,2,90398,586
21.0,Male,45801,9.6,3969,1.0,7,0,47874,577
38.0,Female,68952,5.2,39217,12.6,5,2,39707,486
50.0,,57465,5.8,37266,24.0,9,2,54432,597
42.0,Male,53851,6.9,5541,13.8,5,1,34111,584
40.0,Female,70042,2.6,37646,11.6,3,2,86332,521
35.0,Female,44435,4.1,24524,10.2,4,2,39000,503
21.0,Female,50314,7.9,23080,1.0,5,1,39076,543
,Male,48123,6.0,28832,8.5,8,1,43438,531
23.0,Female,150173,10.3,70329,1.0,4,2,145204,491
30.0,Male,60886,5.1,25425,8.4,7,0,26230,594
47.0,Male,66056,11.0,5730,17.2,8,2,16542,638
21.0,Female,58116,1.4,15863,1.0,6,3,55995,491
39.0,Male,61455,1.4,16171,12.0,4,2,65392,503
45.0,Female,109236,8.1,34083,15.4,4,2,97736,573
30.0,Male,82245,7.5,49996,6.0,2,1,96308,477
32.0,Female,82283,5.3,7511,7.2,5,2,64785,575
48.0,Female,39294,6.8,6294,23.2,4,0,7573,602
45.0,Female,28811,10.9,7595,13.3,9,1,7479,650
40.0,Female,134399,5.7,66710,19.5,6,2,25431,599
56.0,Male,56623,6.6,20518,25.0,6,2,52439,600
29.0,Male,79744,4.8,11270,1.0,4,6,51667,485
21.0,Male,75664,9.3,7887,1.0,2,1,56890,568
32.0,Male,44383,14.8,17583,1.0,4,0,35831,548
24.0,Male,61200,10.8,24322,1.0,11,0,56567,619
23.0,Female,72807,17.5,11650,1.0,7,4,15282,596
38.0,Female,76848,17.4,42064,7.5,7,1,29734,652
41.0,Female,70768,11.0,41580,21.6,6,1,57439,616
39.0,Female,56537,5.6,18687,15.0,6,0,67679,589
49.0,Male,61884,13.0,15977,30.7,4,2,32596,638
45.0,Female,81648,13.7,7224,14.1,4,2,49985,645
44.0,Male,30265,6.0,3754,21.6,6,1,15100,588
66.0,Female,33650,11.1,7271,38.4,5,0,6219,674
45.0,Female,70841,10.4,38446,17.7,5,2,88226,585
55.0,Female,18000,9.7,9589,34.4,7,2,3121,652
30.0,Female,112042,6.2,64260,1.9,7,2,27745,528
38.0,Female,68024,8.4,33839,18.8,1,2,64852,542
22.0,Male,104088,2.1,16532,1.0,4,1,28928,509
34.0,Female,51547,26.4,27460,8.7,2,2,41625,609
29.0,Female,47629,11.6,3967,2.5,8,2,17787,573
32.0,Male,75770,2.3,40870,1.0,9,1,27674,516
22.0,,57205,12.4,11420,1.0,4,3,24613,550
34.0,Male,58704,1.2,19165,9.4,2,4,32486,501
37.0,Male,54797,7.5,6764,10.5,4,3,54396,546
57.0,Male,72331,3.8,29654,28.4,9,0,50227,614
30.0,Male,31988,5.4,11573,1.0,4,2,18261,510
52.0,Female,42812,7.2,8490,25.3,4,2,24937,641
43.0,Female,25996,6.2,9556,18.7,6,2,22302,534
44.0,Female,62186,8.6,33833,20.3,5,2,38704,546
36.0,Female,68146,7.3,36477,4.8,3,1,76924,540
36.0,Male,88581,22.0,38489,10.8,3,0,50431,646
46.0,Male,82067,4.9,43555,17.6,9,5,24273,569
35.0,Male,33083,15.6,4870,5.4,4,0,7063,638
42.0,Female,119585,2.9,39672,17.1,3,2,78725,586
47.0,Male,82730,10.8,44879,25.6,8,1,87900,641
31.0,Male,114602,11.2,59217,7.4,10,2,44185,580
58.0,Male,55608,14.6,12799,33.4,3,3,21749,608
48.0,Male,83865,9.5,20998,21.4,4,1,94553,610
56.0,Female,45683,17.7,7197,30.5,4,0,29877,703
43.0,Female,55198,2.4,19208,15.2,5,0,64365,540
27.0,Male,40400,1.2,15207,4.5,3,3,10179,518
53.0,Female,105317,10.2,13097,27.5,2,0,58215,653
25.0,Female,64357,2.7,17623,1.0,7,1,72697,527
43.0,Female,118995,12.1,29457,20.8,5,2,140396,576
40.0,Male,48382,19.6,12041,18.9,8,2,27631,664
28.0,Male,41075,10.1,9475,1.0,6,1,8165,541
26.0,Male,27740,6.0,4872,1.0,4,2,33219,507
45.0,Female,56626,4.3,22981,13.1,6,4,45543,482
37.0,Male,48211,17.8,22751,9.5,4,2,23539,614
37.0,Female,118715,7.1,71576,18.7,5,3,54622,555
25.0,Male,44086,5.2,9141,1.3,4,1,16061,582
27.0,Male,67634,6.4,12872,8.4,2,1,78426,541
41.0,Female,40441,11.8,19111,18.6,6,1,8928,666
46.0,Female,21970,6.9,4413,15.4,5,2,11928,575
47.0,Female,83561,16.5,44819,21.8,1,3,78580,596
40.0,Female,198334,12.7,68959,19.8,5,0,109563,654
37.0,Male,62803,5.6,7145,8.0,4,1,43793,533
22.0,Male,39124,3.6,16216,2.1,5,2,12864,527
39.0,Female,71213,4.0,31478,14.0,5,4,54963,513
48.0,Male,81644,19.7,42494,24.1,4,3,61739,625
34.0,Male,19864,24.6,4600,4.8,3,3,21553,606
52.0,Male,59964,8.3,12628,26.8,7,0,15670,619
33.0,Male,22606,21.9,10218,2.0,5,1,25112,596
29.0,Female,54065,6.9,35018,7.5,6,2,33696,540
52.0,Male,79984,7.1,11174,22.1,4,1,65963,595
34.0,Male,47340,12.9,26363,6.3,5,0,52435,541
44.0,Male,56260,12.7,15174,17.5,9,1,69683,613
38.0,Male,69089,24.3,34384,12.8,6,2,32926,691
49.0,Male,91496,5.2,18685,25.5,7,2,110846,595
32.0,Male,47704,9.7,15654,10.1,3,0,27169,558
44.0,Female,42235,7.5,21208,15.0,6,1,32324,570
23.0,Female,126238,4.8,59992,1.0,3,1,22075,492
46.0,Female,25573,13.2,14642,26.5,5,0,6019,654
47.0,Female,30762,18.9,8836,17.2,4,3,30900,616
42.0,Female,64765,13.1,25519,14.1,6,1,53306,614
32.0,Male,29104,16.5,12554,1.0,5,0,28693,561
40.0,Male,41489,9.5,4392,12.3,9,1,26003,643
27.0,Male,53587,4.5,26050,6.6,4,1,12354,551
36.0,Female,63010,7.2,21171,16.2,5,3,58720,557
44.0,Male,105212,7.1,48599,16.5,5,2,42219,566
27.0,Female,61658,11.6,28316,1.0,4,0,54669,575
48.0,Male,63053,4.6,25498,16.2,7,1,73347,558
29.0,Male,44362,4.5,23496,6.4,5,1,48152,531
21.0,Male,49686,2.6,14757,1.0,6,0,45179,525
34.0,Female,66654,10.6,13153,7.6,2,7,43772,478
50.0,Male,188135,0.8,57667,24.6,7,1,161783,586
34.0,Female,61470,4.9,14683,8.7,9,1,72966,573
31.0,Female,47890,8.4,19226,10.5,8,1,53958,578
31.0,Male,185536,5.8,30535,5.0,2,0,87973,595
51.0,Female,89074,8.6,48277,23.3,6,2,41682,580
37.0,Female,53060,7.9,15738,6.6,5,1,10081,524
57.0,Female,27660,2.7,2851,27.2,5,0,29150,650
37.0,Male,30892,8.8,14144,8.8,4,2,36968,520
29.0,Female,49086,8.9,25923,1.0,9,3,42451,479
24.0,Male,49238,7.5,22526,3.0,5,0,33900,574
22.0,Female,37749,4.5,10390,1.0,10,1,30783,554
21.0,Female,68072,4.5,13102,1.0,11,0,76083,573
53.0,Female,110211,3.4,47237,23.4,6,0,109418,623
51.0,Male,168909,2.7,24442,30.6,3,1,103965,564
23.0,Male,67993,4.7,32468,1.0,5,3,63153,459
29.0,Male,38684,5.2,10655,5.8,4,3,9299,489
26.0,Male,35182,5.9,17374,1.0,1,3,22268,456
36.0,Male,44006,9.3,10649,15.0,4,2,52563,567
33.0,Male,67086,3.1,8811,5.5,4,3,61013,501
41.0,Male,28539,6.3,12635,17.9,6,2,20650,566
50.0,Female,55302,1.7,31264,18.8,8,0,24760,556
43.0,Female,39755,9.5,23138,11.6,4,1,46428,573
29.0,Male,43553,9.2,10100,8.0,2,1,48422,557
32.0,Male,28363,8.8,12424,3.7,4,2,21905,564
38.0,Male,33473,2.9,21016,6.2,5,0,36671,538
41.0,Female,69886,3.5,20465,20.2,3,3,79181,497
31.0,Female,45337,5.8,14980,7.8,7,1,38780,580
27.0,Female,28558,5.9,16495,6.0,6,1,27862,537
48.0,Male,63865,3.2,16439,17.6,4,1,39470,535
47.0,Male,25195,8.0,16342,20.6,10,3,27713,575
25.0,Female,44583,4.6,5228,1.0,3,2,41898,535
34.0,Male,49414,1.5,7471,3.7,3,2,16254,494
42.0,Male,48928,5.4,9462,14.4,4,2,56794,590
21.0,Male,84332,6.8,18183,1.0,3,1,38006,565
49.0,Male,40435,2.6,21163,24.5,5,2,28771,565
34.0,Male,90365,9.0,49410,13.4,3,2,40739,551
37.0,Male,138431,4.0,46771,12.2,4,1,114977,547
21.0,Female,38782,10.0,15998,1.0,5,1,40118,555
30.0,Male,69613,12.3,16129,1.0,4,6,65194,483
33.0,Female,106516,15.7,22205,14.3,3,3,108241,558
54.0,Female,51006,6.2,30880,28.6,4,0,26253,646
31.0,Female,52633,6.1,20956,1.0,3,2,12845,513
41.0,Female,35460,10.0,11087,20.6,6,1,21277,599
43.0,Male,46213,3.6,6695,22.9,5,1,45149,578
36.0,Male,48943,10.7,21135,12.4,6,2,48756,603
39.0,Female,161114,8.4,70363,11.8,10,1,116551,604
21.0,Female,110918,11.4,62931,1.0,6,1,50353,534
34.0,Male,66281,4.2,21508,5.6,3,2,77339,516
45.0,Male,42011,4.4,15357,17.5,7,1,34499,574
39.0,Male,37530,8.7,13262,18.0,4,0,44510,617
,Male,69858,7.2,6837,1.0,5,1,43513,512
33.0,Male,54360,3.6,32935,7.7,4,6,19218,434
32.0,Male,27319,10.1,4605,10.9,1,1,24030,578
22.0,Male,77497,3.9,32743,1.0,7,0,69717,540
33.0,Male,44350,16.8,8437,3.6,4,2,13159,602
39.0,Male,52640,2.2,11928,16.4,2,0,11149,548
37.0,Male,56929,2.6,34936,9.2,4,1,25134,521
32.0,Male,38934,3.2,22685,4.1,4,4,41899,455
32.0,Male,84583,3.0,40829,1.0,4,2,94638,489
59.0,Male,210479,4.5,52056,27.5,8,0,47310,689
46.0,Male,58903,7.3,6093,23.4,3,1,28460,636
35.0,Female,59295,11.9,10898,15.6,7,0,11999,661
51.0,Male,40505,4.9,20028,30.9,8,2,39242,550
21.0,Male,90635,5.3,34907,1.0,4,2,75261,513
46.0,Male,50357,10.6,12195,19.7,5,1,15916,611
28.0,Male,34916,6.7,4469,7.3,7,3,12975,555
57.0,Female,20273,18.2,8757,28.3,4,2,11165,681
55.0,Male,40150,9.5,20354,32.9,11,1,18130,701
45.0,Male,21353,6.0,6940,25.0,3,0,21695,586
43.0,Male,32015,6.6,19977,24.4,7,1,8822,617
39.0,Female,49047,7.7,16252,18.8,4,1,59637,578
,Male,49402,2.4,21816,15.5,7,1,31441,567
41.0,Male,215841,5.3,67184,21.8,5,1,180000,596
36.0,Female,57366,1.5,24333,5.0,5,6,60233,484
32.0,Male,20772,14.8,2000,1.0,7,2,10047,603
50.0,Female,78215,9.0,32265,22.2,5,0,22085,680
46.0,Female,70751,24.4,30635,15.2,5,4,54526,631
50.0,Female,72602,3.7,8982,24.7,5,3,70418,529
28.0,Female,129869,10.9,54079,1.0,6,3,25113,587
38.0,Male,83412,5.0,48557,14.1,4,1,46604,583
32.0,Male,82994,10.7,32689,9.0,5,3,66687,535
40.0,Male,40421,2.3,8681,22.0,4,2,36325,543
43.0,Female,47545,2.0,16339,19.6,6,0,35308,629
26.0,Female,39915,3.5,12747,2.6,5,3,32300,494
29.0,Male,111744,2.8,42551,1.3,6,0,53234,577
26.0,Male,54040,2.9,26138,1.0,8,3,33415,560
52.0,Male,122035,6.6,61751,25.1,7,2,62534,600
49.0,Male,98751,10.7,62425,25.6,7,1,51053,645
35.0,Male,64299,2.9,13413,11.7,7,1,24639,550
45.0,Female,69160,3.8,11919,22.9,5,0,78828,625
61.0,,64747,14.6,37216,40.0,7,3,44222,697
40.0,Female,95177,6.8,58647,11.3,6,0,42887,598
35.0,Female,101644,3.1,11637,16.2,5,2,123848,538
52.0,Male,35509,7.1,17072,20.7,4,1,8289,584
34.0,Male,112691,8.7,10788,4.0,8,2,132625,547
39.0,Male,81864,4.1,16834,13.0,5,5,61192,528
48.0,Female,61712,6.2,37699,27.3,4,1,48995,570
54.0,Female,83001,8.5,25613,27.7,4,2,76239,626
38.0,Male,80766,10.5,44773,18.3,2,2,100430,593
38.0,Male,37172,14.3,4173,8.7,4,2,37123,606
52.0,Male,62270,11.1,21976,25.2,5,2,27042,615
49.0,Male,111424,2.7,36057,17.2,5,3,94567,541
32.0,Female,34191,8.0,18018,13.4,5,0,19438,599
53.0,Male,39664,4.0,14710,30.8,4,1,43256,609
28.0,Male,51776,2.8,25026,3.2,9,1,18700,534
21.0,Male,121407,5.7,70182,1.0,3,1,110974,501
29.0,Female,87210,3.0,48240,4.9,5,0,64202,516
36.0,Female,53339,8.0,14596,4.3,2,2,54930,518
38.0,Male,54260,5.5,19845,18.4,4,0,16099,630
44.0,Male,93785,35.0,26554,17.8,5,1,78880,740
27.0,Female,59020,5.8,25370,5.7,3,1,24751,585
36.0,Male,201301,7.1,83767,11.9,8,0,124737,577
46.0,Male,61634,2.0,38995,26.6,3,2,32114,556
35.0,Male,55196,2.0,26368,11.6,4,3,14621,530
46.0,Female,55790,12.1,33172,22.7,5,2,64763,633
21.0,Female,60018,6.0,35794,1.0,5,0,66270,489
59.0,Male,54371,10.6,12205,35.6,4,2,60676,668
53.0,Female,140665,8.6,88099,26.3,5,2,45973,605
28.0,Female,32529,6.2,7178,9.0,7,1,31192,617
49.0,Male,27278,6.4,9114,19.3,4,1,20742,592
42.0,Female,78735,16.8,24224,17.0,7,0,64344,640
21.0,Male,85847,4.5,7203,1.0,7,2,102563,542
39.0,Male,110564,2.3,13358,8.3,5,2,99814,545
53.0,Male,87477,13.6,45436,34.0,4,2,67550,633
41.0,Male,41226,5.5,11306,17.2,10,0,13789,620
40.0,Female,128836,7.3,80787,15.9,5,2,148182,515
39.0,Female,104920,5.2,20101,9.7,4,0,106983,590
38.0,Male,24103,12.7,10174,19.5,5,0,19776,669
56.0,,90378,5.6,49485,33.9,5,1,89132,588
34.0,Female,72695,6.2,15864,10.3,6,1,20869,599
28.0,Female,54171,2.2,15509,1.0,5,0,58301,489
39.0,Male,55632,0.8,15219,17.0,7,2,34597,547
28.0,Male,128691,9.1,75260,2.2,4,2,29960,532
48.0,Female,33004,8.9,14817,28.8,6,1,22297,618
53.0,,31571,3.4,14012,32.2,7,1,8944,637
42.0,Male,113643,8.4,55226,13.4,6,0,108691,589
49.0,Female,50839,1.6,14632,29.2,5,0,13593,570
27.0,Female,75206,7.9,9043,1.0,4,2,77050,489
46.0,Male,28827,9.5,16677,19.5,5,2,6461,554
59.0,Male,54802,19.3,30010,36.3,3,0,43723,660
,Male,39348,6.1,5467,12.9,6,0,23261,558
38.0,Female,38366,12.1,18668,12.6,5,1,30451,560
48.0,Male,41531,19.0,14808,24.5,5,1,15924,699
22.0,Female,30923,5.4,13250,1.0,5,1,29881,515
36.0,Male,35212,6.1,19301,17.1,5,1,37833,526
25.0,Male,63411,2.3,40594,6.8,3,2,55377,507
45.0,Male,36397,8.0,12503,16.2,9,1,28490,606
59.0,Male,29346,11.3,16461,35.4,6,1,20744,636
37.0,Male,47169,12.5,24973,17.0,5,1,16425,578
39.0,Female,80146,14.9,13802,11.8,5,0,87555,621
46.0,Male,55234,2.3,29976,21.9,3,3,59089,533
46.0,Female,51074,7.9,28085,22.1,7,1,44859,647
42.0,Male,56005,17.8,6779,19.0,5,1,48722,668
60.0,Male,66994,9.3,25132,40.0,7,1,41283,682
29.0,Female,44090,3.5,25585,2.2,5,1,44073,486
21.0,Male,33085,5.3,20240,1.0,4,4,23373,454
46.0,Male,40197,8.8,3297,27.1,2,1,41692,613
26.0,Male,57928,2.8,22689,2.9,4,0,52101,546
36.0,Male,66655,2.8,31150,9.1,3,3,64938,485
39.0,Female,55548,17.1,13137,9.8,12,3,14830,603
26.0,Male,110133,7.7,62649,5.9,3,0,27608,577
21.0,Female,45504,3.2,7143,1.9,4,3,50556,478
36.0,Male,78865,1.8,35638,17.5,5,0,80747,563
39.0,Female,89161,15.7,28262,10.4,4,3,94064,576
30.0,Male,230622,8.6,120000,11.0,3,3,180000,509
44.0,Female,31426,4.8,19313,24.5,6,2,32450,554
40.0,Female,76643,9.4,8770,12.1,2,0,31535,598
50.0,Female,68389,6.3,15333,28.7,4,0,17978,571
36.0,Female,69802,5.8,32872,4.2,3,0,74790,518
21.0,Male,99762,14.8,56429,1.0,2,1,87806,542
47.0,Female,67066,3.5,21959,27.0,10,2,44817,609
41.0,Male,70117,13.7,37420,12.1,7,1,18971,606
64.0,Male,51557,8.0,26719,37.7,6,0,48750,632
24.0,Female,30300,5.2,7238,1.0,5,2,17647,529
35.0,Female,48291,1.9,18846,11.2,8,2,20737,530
40.0,Female,51905,2.6,5439,15.8,3,1,12384,527
22.0,Male,74237,12.7,27925,1.0,5,0,12018,565
34.0,Male,38397,8.5,11772,14.6,5,0,28017,589
34.0,Male,93849,5.1,52591,15.2,7,0,50618,559
34.0,Male,47995,6.5,10460,12.4,5,2,14188,592
57.0,Male,59125,8.0,5179,25.8,10,1,65666,646
40.0,Female,49498,4.1,9701,17.0,1,2,61829,502
51.0,Female,102921,8.5,55103,23.1,7,2,57138,599
35.0,,69628,15.0,22584,13.9,5,1,13149,635
51.0,Female,154941,7.0,49600,32.8,4,2,23783,637
29.0,Male,38297,14.9,3667,9.4,2,1,6384,605
48.0,Male,71403,1.1,34367,20.6,7,2,66629,558
41.0,Male,89844,17.0,31461,14.0,3,4,55026,600
27.0,Female,63584,5.1,10241,8.9,3,3,27398,519
51.0,Female,45789,9.1,5249,27.7,4,1,37873,612
44.0,Male,99304,7.4,61865,17.1,3,1,26125,585
34.0,Male,70852,5.4,32827,8.0,4,1,41824,564
52.0,Male,119295,4.9,15933,27.8,2,1,106802,592
49.0,Male,76145,9.4,9254,19.4,7,1,40995,700
43.0,Male,42901,2.9,16761,14.3,6,3,29215,503
50.0,Female,124135,6.0,43033,27.5,4,0,131872,611
43.0,Female,68979,8.6,28643,13.6,5,2,71792,586
51.0,Female,163951,3.7,29148,24.5,5,6,97100,555
48.0,Male,56019,5.2,24122,28.7,4,1,42049,609
46.0,Male,70598,3.9,15314,22.6,7,2,56140,601
57.0,Female,70164,11.4,35158,35.8,3,3,67422,626
22.0,Female,92061,4.8,19502,1.0,8,3,96382,533
31.0,Male,49432,2.8,5840,5.2,4,0,17411,542
21.0,Female,75736,7.9,11017,1.0,4,1,59002,530
33.0,Male,89430,11.3,46909,6.0,3,1,84742,560
39.0,Female,77057,6.9,14919,13.4,7,2,51519,556
42.0,Male,64453,6.3,23238,20.2,5,0,44753,559
46.0,Female,65297,2.9,33420,16.9,3,0,80026,539
42.0,,86377,9.4,26550,14.9,3,3,28518,576
39.0,Male,81051,4.5,30345,16.7,4,1,63424,539
21.0,Female,94113,4.0,52879,1.0,5,2,16495,528
52.0,Female,103872,2.3,16773,33.9,1,0,23628,627
27.0,Male,74844,6.8,14836,4.1,2,0,46508,557
31.0,Male,104842,15.7,9515,6.6,5,0,100433,627
35.0,Male,188088,11.8,88050,10.4,6,2,177812,528
34.0,Male,51804,1.3,15307,9.9,6,0,23107,537
38.0,Female,52599,9.7,26242,13.2,4,1,49189,528
48.0,Male,47972,11.6,19327,20.9,4,1,12840,620
58.0,Male,31418,16.7,6656,29.3,4,3,4929,641
25.0,Female,69294,7.7,43766,1.0,6,0,13047,583
47.0,Male,261387,6.8,100668,24.1,4,2,120639,639
27.0,Male,104031,14.7,31664,1.1,8,1,64798,609
30.0,Male,46257,10.2,21502,5.1,6,3,9179,524
43.0,Female,77038,3.5,18942,25.0,8,1,65079,576
21.0,Female,129822,18.9,24231,1.0,4,2,149116,565
56.0,Female,24617,7.8,6872,36.3,4,0,28348,660
56.0,Female,58024,4.3,6050,33.5,4,3,35926,610
43.0,Male,60036,4.9,22433,17.5,7,3,65485,543
40.0,Male,86455,12.8,19274,13.6,2,4,64222,588
38.0,Female,48303,2.8,25058,10.7,4,7,14722,422
22.0,Male,32528,8.1,12414,1.0,6,0,5703,562
37.0,Male,32555,8.7,6561,16.6,4,1,22869,590
29.0,Female,110338,4.1,16331,6.3,6,3,55717,544
36.0,Male,68196,4.9,40929,4.9,2,0,54152,503
35.0,Male,38987,12.9,13509,15.7,5,1,18664,567
69.0,Male,123539,17.3,34525,40.0,4,0,59579,767
36.0,Male,44174,5.1,11275,17.2,5,1,14299,563
47.0,Female,42134,5.5,26534,28.1,6,2,41633,599
30.0,Female,58816,3.6,5004,1.0,4,3,54371,473
25.0,Male,74332,7.2,42987,3.7,4,2,30805,508
43.0,Male,27307,6.4,2790,21.0,6,1,7110,605
40.0,Female,50301,2.1,27686,19.8,6,2,50617,521
21.0,Female,62051,17.4,13722,1.4,2,4,25349,546
36.0,Female,36079,26.5,22472,6.3,5,0,27506,648
43.0,Male,69254,10.8,34887,21.9,6,0,42255,627
64.0,Male,62421,17.2,36406,40.0,7,1,28923,741
37.0,Male,31573,6.1,5213,14.3,6,0,8260,564
38.0,Female,38576,6.2,4239,12.3,5,0,40609,572
36.0,Female,113920,10.4,34536,10.5,7,0,86877,599
55.0,Female,41649,17.0,6621,27.6,8,1,35534,653
43.0,Male,21703,11.0,5175,21.4,4,0,22721,605
30.0,Female,50975,3.0,27786,11.7,5,1,45702,564
40.0,Female,56031,4.2,16330,21.8,6,0,67291,573
39.0,Female,40185,6.3,23177,13.0,6,3,33610,577
38.0,Female,39495,5.8,15215,18.3,5,0,47689,566
45.0,Male,61523,8.4,39783,20.8,8,0,47226,638
44.0,Male,90378,11.0,13246,20.1,3,0,51745,654
28.0,Female,57348,6.9,20666,1.2,5,0,13698,612
55.0,Male,173621,0.8,21402,34.1,1,0,180000,587
36.0,Female,41667,3.5,6538,16.7,6,1,13358,569
30.0,Female,57081,7.2,18558,5.3,7,1,58241,590
21.0,Female,55026,8.1,17374,1.0,7,2,27403,570
45.0,Male,84168,9.8,17362,18.3,9,3,87950,582
45.0,Male,81024,11.6,9724,16.8,4,0,92176,648
30.0,Male,101065,3.0,63754,1.9,5,0,86948,469
35.0,Female,71074,8.1,38932,3.7,4,1,20232,556
48.0,Male,37677,10.5,13136,27.6,8,4,9614,614
44.0,Male,70682,7.9,5907,21.0,6,0,32206,671
42.0,Male,92597,4.4,38816,11.1,4,0,96188,522
24.0,Male,49514,17.4,7543,5.5,4,1,51763,602
46.0,Female,62629,6.1,36214,26.3,4,1,56303,597
37.0,Female,88296,25.6,28692,13.7,5,0,60259,666
46.0,Male,74005,7.6,18097,17.3,5,0,33761,600
29.0,Female,67478,1.1,20909,5.2,8,2,61481,483
32.0,Female,49782,18.8,12170,13.7,5,0,47053,641
38.0,Female,54893,11.5,33930,11.1,4,0,49977,588
35.0,Female,62759,15.1,40173,12.6,6,2,68536,584
28.0,Female,77140,3.1,10926,1.0,6,1,81050,548
29.0,Female,82518,7.4,27849,6.1,5,1,17969,579
43.0,Female,72900,2.3,13571,14.2,4,1,71078,539
38.0,Male,36449,8.9,15365,15.6,5,3,35654,542
56.0,Male,22580,5.9,5602,27.0,3,2,18718,549
43.0,Male,64294,1.6,41219,11.4,5,0,69342,505
25.0,Male,163995,6.3,61730,1.0,7,0,180000,550
21.0,Female,51957,6.8,4396,1.0,2,0,56249,592
36.0,Male,72533,4.4,31863,17.0,8,3,34531,540
32.0,Male,37018,5.4,4987,7.4,4,1,44268,538
53.0,Female,119571,12.5,29442,27.4,1,4,143562,527
43.0,Female,37191,5.9,20978,12.5,8,2,44978,574
50.0,Male,167793,7.2,75193,29.2,7,0,31490,664
36.0,Female,83954,6.2,15318,9.8,4,4,103577,499
52.0,Female,166438,2.2,76246,22.8,4,1,180000,533
31.0,Male,86864,26.3,43107,6.8,4,2,96668,648
23.0,Female,54013,8.8,4469,1.0,4,1,36614,537
21.0,Male,68519,6.9,14582,1.0,7,1,34717,570
53.0,Female,43177,5.1,23802,27.6,5,4,9872,597
29.0,Female,29814,12.1,4246,5.7,6,1,8526,602
31.0,Male,86445,9.0,9835,9.8,7,1,19871,605
38.0,Female,32367,27.7,9707,17.0,3,1,40101,649
32.0,Female,70025,13.1,13328,6.1,4,1,65377,540
37.0,Female,76441,1.8,23155,9.7,8,0,73687,557
41.0,Female,120067,5.3,31235,13.2,9,1,126118,576
28.0,Male,110599,4.5,60136,8.1,3,1,54383,525
36.0,Female,66570,1.3,11906,17.9,4,0,32987,583
34.0,Female,30038,14.1,4628,3.6,3,4,26293,517
56.0,Female,39398,9.0,24901,32.6,5,1,33764,611
28.0,Male,89189,7.2,40635,1.0,3,4,26181,497
45.0,Male,144984,11.3,24024,15.1,3,0,127252,610
30.0,Female,59301,4.4,25283,3.5,1,3,25918,450
37.0,Female,49084,8.7,24065,17.0,4,0,9919,589
21.0,Male,133963,3.9,38982,1.0,1,2,124649,507
34.0,Male,53731,18.3,8122,5.7,4,1,39188,649
33.0,Male,69804,10.8,8776,4.5,6,0,18416,557
30.0,Female,44687,10.0,6406,1.0,8,1,26659,577
38.0,Female,33602,11.6,16196,7.6,6,1,27656,555
41.0,Female,109155,4.9,14333,20.7,2,0,88770,593
28.0,Female,40255,4.9,8729,5.6,4,0,41090,566
29.0,Female,81321,3.5,10589,1.2,5,1,30214,563
47.0,Male,37870,0.3,5422,26.7,5,0,44285,576
64.0,Female,31399,4.2,3960,36.6,4,1,21914,599
46.0,Female,36581,7.7,12998,19.4,4,1,32686,598
21.0,Male,77817,8.3,37257,1.0,3,3,87404,510
40.0,Female,58381,6.1,36552,15.2,3,3,47573,568
35.0,Male,40436,9.4,25811,13.7,4,1,18444,572
37.0,Male,62890,14.1,37086,11.5,6,0,59773,637
51.0,Male,106617,7.3,36621,32.2,6,3,112750,622
21.0,Male,54420,8.4,5595,1.0,4,0,35222,584
50.0,Female,58472,1.6,37773,20.5,3,1,58629,519
35.0,Male,95396,3.5,34112,8.2,8,2,14861,557
21.0,Male,42271,6.0,15816,1.0,13,1,36873,582
23.0,Male,35767,11.0,5449,1.0,8,0,39734,609
60.0,Female,28847,7.8,10675,35.0,2,1,21588,621
32.0,Male,102518,3.2,16876,12.7,5,1,72304,568
32.0,Male,58779,7.4,24935,13.4,3,0,13109,573
23.0,Female,43360,8.2,4364,1.0,7,4,8034,542
46.0,Male,112949,15.4,56259,18.0,1,1,98540,581
43.0,Male,40059,9.3,9120,19.4,4,1,20976,618
48.0,Male,81343,2.5,14104,17.5,2,0,40120,576
39.0,Female,31681,7.0,4122,19.5,6,1,12577,589
41.0,Male,180899,23.0,59868,21.9,6,0,34967,734
42.0,Female,61912,5.4,24776,21.4,3,0,62832,571
46.0,Female,66237,2.7,17730,18.1,8,3,58841,547
59.0,Male,170541,19.3,104180,30.3,3,1,180000,618
55.0,Male,38997,11.8,24457,25.2,2,0,7343,604
52.0,Male,74911,5.1,28946,31.6,10,0,91198,620
55.0,Female,86612,10.6,40553,28.0,7,0,19609,619
43.0,Female,109712,2.1,50855,19.2,7,0,27121,624
25.0,Male,30030,8.2,4797,4.1,2,0,9508,532
58.0,Male,54089,1.7,14452,31.5,3,2,54325,591
47.0,Male,116359,8.4,37423,17.4,7,1,20780,606
31.0,Male,49813,7.9,29304,1.8,5,3,38190,478
58.0,Male,25217,14.0,7779,32.2,4,2,4764,622
45.0,Female,53589,4.0,29182,20.0,7,3,23040,583
52.0,Female,35090,5.7,13578,33.1,2,2,11192,587
52.0,Male,47574,8.5,18324,30.6,4,1,30248,566
42.0,Female,50392,13.3,22827,18.6,5,1,13170,638
31.0,Male,64046,20.8,26899,12.5,3,1,51479,618
31.0,Male,31218,5.4,20168,5.6,4,0,10769,565
22.0,Male,136686,6.7,25298,1.0,5,1,112633,574
57.0,Male,50802,9.7,22218,30.3,3,1,48140,645
29.0,Female,22519,4.9,13671,4.2,2,1,19224,548
48.0,Male,63373,10.4,24183,20.7,6,3,46960,593
37.0,Male,64432,2.7,34031,12.8,8,2,29593,566
44.0,Male,122400,3.5,16974,22.4,4,1,90568,581
65.0,Female,118445,5.1,73744,40.0,5,2,91404,566
55.0,Male,63196,5.7,23471,30.6,3,1,38782,603
46.0,Male,71320,8.1,31441,23.4,2,0,33717,645
42.0,Male,28682,4.5,9338,16.3,7,1,14996,552
34.0,Female,108189,10.3,21296,6.8,7,2,132818,494
31.0,Female,82236,2.6,45747,8.6,3,0,21878,495
31.0,Female,49580,14.2,23519,4.2,3,2,54728,536
31.0,Female,25739,5.0,12835,6.5,6,0,16520,537
33.0,Male,52020,9.5,30934,3.1,7,1,34583,548
31.0,Male,127262,2.9,40583,10.2,6,3,81965,522
50.0,Male,74100,8.1,16381,21.2,4,0,67405,587
48.0,Female,47984,11.0,22777,19.8,4,0,7800,618
28.0,Male,45502,18.2,29454,1.0,6,0,12107,595
25.0,Male,40614,2.6,9555,6.8,4,0,9703,563
51.0,Female,45876,18.7,5192,20.4,6,1,51491,672
26.0,Male,110158,9.7,10953,1.0,5,3,31769,564
33.0,Female,66196,1.7,14317,3.7,7,3,79767,489
37.0,Male,166921,6.5,26265,8.7,6,0,147087,590
33.0,Female,46821,8.9,11275,15.0,8,0,8992,621
36.0,Male,66297,13.1,28440,8.1,6,1,21277,624
42.0,Male,25090,2.4,9418,18.5,2,0,8309,582
53.0,Female,45410,4.4,5987,34.3,6,0,22534,636
32.0,Male,110390,11.7,33693,11.6,3,1,100866,618
33.0,Male,43360,17.4,13102,10.2,8,0,43110,627
33.0,Male,92997,5.8,29567,11.5,3,1,110277,548
28.0,Male,47120,8.4,16830,4.8,1,2,31083,503
45.0,Female,73666,21.7,38233,21.7,8,0,91575,644
22.0,Female,39471,8.0,17740,1.0,6,1,14999,543
28.0,Female,73436,10.0,9123,1.0,9,1,44713,569
31.0,Male,59506,10.2,21728,1.7,4,1,15880,548
37.0,Male,54718,6.6,15008,10.9,5,0,49074,577
26.0,Female,126178,11.2,46360,1.0,4,0,56853,571
33.0,Female,57615,6.7,25039,2.0,5,0,67045,537
34.0,Male,77213,15.6,22329,2.2,3,1,18742,595
32.0,Female,32137,7.1,12874,3.8,2,3,14267,468
23.0,Female,43914,1.7,17810,1.0,6,0,49898,529
53.0,Male,68333,4.1,32320,26.4,7,1,32973,613
31.0,Male,51358,13.2,18929,4.8,4,3,60657,539
48.0,Male,79642,7.0,13714,21.3,4,2,22351,620
37.0,Female,35025,0.4,19285,16.4,7,2,16633,530
34.0,Female,26079,5.7,6201,8.9,5,0,12422,535
45.0,Female,67218,14.4,23605,20.5,5,2,70045,592
47.0,Male,95434,13.9,27536,28.0,3,1,31656,681
44.0,Female,88435,14.0,48310,14.6,4,2,31117,591
50.0,Male,92457,10.0,11662,29.8,3,0,50777,730
37.0,Female,70039,6.6,40026,12.9,4,1,82435,522
33.0,Male,45644,7.8,25427,9.3,5,1,13056,573
44.0,Male,124071,12.1,22009,17.8,4,3,19566,603
31.0,Male,50985,9.5,8662,2.5,8,2,62786,529
35.0,Female,74354,3.5,36049,16.9,5,2,28765,549
64.0,Female,22603,6.9,11153,35.8,7,0,9162,639
56.0,Male,79078,4.5,25402,37.8,3,1,87423,625
24.0,Female,158543,9.8,19327,1.0,7,1,162233,588
24.0,Female,87860,4.5,40956,5.4,3,2,62424,484
25.0,Female,51251,6.6,20242,7.0,10,1,40166,571
32.0,Female,32463,2.8,10062,12.4,6,1,13931,575
40.0,Male,50930,10.6,27761,13.4,12,1,27165,652
50.0,Female,24916,5.7,15494,19.7,1,1,4875,539
36.0,Female,48272,4.7,18447,4.3,3,3,29101,534
21.0,Male,44171,13.1,17819,1.0,4,1,12821,584
45.0,Male,53315,24.8,26385,20.5,5,2,10414,690
42.0,Female,66089,3.1,13854,10.3,4,2,76677,533
32.0,Male,32944,2.4,8700,8.1,6,0,26276,554
43.0,Male,61613,3.6,7211,17.2,6,1,29920,605
30.0,Male,24726,10.5,15512,2.5,2,1,14426,520
55.0,Male,63324,18.7,23954,36.3,5,2,77430,683
33.0,Female,41282,7.3,25416,3.1,8,1,12030,604
27.0,Male,51798,11.2,17005,1.5,8,0,43812,615
27.0,Female,146481,12.6,88421,1.0,6,1,42802,567
37.0,Female,21561,5.6,4241,5.6,6,2,26461,540
25.0,Male,52505,9.7,9655,1.0,6,1,11895,598
23.0,Female,72795,12.2,30034,1.0,8,1,33999,598
28.0,Male,91167,6.5,55502,4.7,4,1,14751,529
35.0,Male,51900,3.0,24761,4.3,2,2,49009,489
28.0,Female,32138,3.0,15726,1.0,5,2,31151,501
27.0,Female,58528,10.6,14811,1.0,7,1,22062,548
45.0,Female,55426,7.4,33017,14.5,3,1,20394,534
33.0,Female,42209,3.5,9947,10.2,4,0,12709,608
34.0,Female,38813,6.0,24159,15.7,7,1,28144,581
51.0,Female,47296,6.5,5503,29.9,4,1,12771,610
30.0,Male,107567,10.3,69182,5.2,3,2,110941,500
58.0,Male,50408,11.6,27696,37.8,6,1,38898,710
56.0,Male,52457,10.4,32108,31.8,5,1,54254,603
30.0,,52799,2.2,16525,1.2,5,2,61814,520
36.0,Female,113557,2.0,11432,5.9,5,2,32780,565
55.0,Female,127158,7.2,45765,24.1,3,1,93574,601
42.0,Male,114583,7.2,29266,17.4,6,1,22324,611
40.0,Female,127169,12.1,10204,10.0,5,1,20302,621
41.0,Female,59845,9.0,26752,19.2,5,1,15110,602
33.0,Male,57476,9.8,11771,13.2,8,1,29118,602
42.0,Female,33365,3.4,16101,12.5,5,1,41260,560
28.0,Male,50743,8.5,22636,1.0,7,0,57355,537
55.0,Male,70175,1.9,11687,23.2,4,1,30649,567
40.0,Female,38939,11.2,21463,14.9,5,0,45717,605
51.0,Female,87607,13.5,49093,28.7,2,0,70848,625
44.0,Female,68410,1.8,28870,21.3,3,1,63085,573
49.0,Male,103945,5.7,27687,30.9,2,3,99254,547
25.0,Male,77671,6.6,19892,1.0,5,1,80144,552
47.0,Male,95883,1.0,45444,22.2,5,2,109318,527
32.0,Female,18000,4.6,8237,9.9,5,2,7046,527
59.0,Male,56482,3.8,24358,35.8,4,1,63214,577
54.0,Female,53735,12.3,15541,25.7,5,1,36747,666
44.0,Female,219701,6.7,79973,19.1,5,3,72301,558
27.0,Male,91001,21.2,48379,1.0,9,0,108347,633
54.0,Male,78593,11.7,49897,32.5,9,1,67332,623
33.0,Female,31449,6.7,16935,6.9,3,2,15548,492
21.0,Female,195406,4.4,86507,1.0,2,0,180000,521
35.0,Female,91810,2.8,20069,5.8,8,0,94770,529
32.0,Female,54085,11.5,20565,7.5,9,2,46558,600
52.0,Female,139521,20.2,86556,27.5,6,2,23472,674
23.0,Female,35386,7.6,16687,1.0,5,0,8155,549
29.0,Female,93465,6.4,26749,2.5,6,1,17587,567
48.0,Male,40457,4.8,16500,22.7,7,4,23731,565
49.0,Female,155106,4.9,97130,30.0,7,2,34825,618
28.0,Female,49054,1.2,8291,1.0,2,1,21461,526
25.0,Male,93973,6.9,58510,5.4,4,3,103729,485
51.0,Male,28985,16.1,13754,19.2,5,1,23381,628
,Female,37448,9.9,19494,13.6,4,0,41173,618
36.0,Male,77170,8.9,21299,5.5,4,0,51327,625
35.0,Male,78791,6.2,22938,11.6,4,3,38998,532
45.0,Male,151590,9.3,29256,14.5,8,4,114670,620
42.0,Male,35641,24.0,12477,11.2,4,0,6457,706
23.0,Female,78347,21.7,36711,1.0,6,1,35086,630
22.0,Male,59516,15.0,11156,1.0,4,1,43310,584
47.0,Male,162796,4.4,63242,21.2,5,0,39503,617
38.0,Female,24364,8.2,10504,8.6,9,0,10149,612
39.0,Male,84149,4.0,29271,16.7,4,1,22544,581
33.0,Female,31484,6.4,9519,14.1,4,0,14879,578
47.0,Male,80677,3.0,36917,17.4,7,0,39101,565
50.0,Male,50774,8.0,4664,20.1,3,2,36920,599
46.0,Male,93761,7.9,60279,16.0,7,4,78124,525
25.0,Male,52946,5.0,6600,1.0,6,0,24908,559
34.0,,77334,9.3,15162,7.7,7,2,51757,579
34.0,Female,88268,13.7,47679,6.5,7,2,19726,593
40.0,Male,43516,6.9,22136,12.0,8,0,17732,583
52.0,Male,28583,5.6,9213,20.5,3,2,6589,571
36.0,Female,89877,9.6,45107,7.3,5,1,14692,567
23.0,Male,60851,14.0,37896,1.0,4,2,25090,563
49.0,Male,76740,4.7,35553,27.7,7,3,26525,593
21.0,Male,35403,11.8,10709,1.0,6,1,33810,567
43.0,Male,18000,12.3,5595,23.9,6,3,3111,613
69.0,Male,46652,5.4,21833,40.0,7,2,18833,603
53.0,Female,157561,13.2,29820,29.9,1,1,180000,638
39.0,Female,76840,11.8,21529,17.4,7,2,60059,623
45.0,Male,37236,13.4,9821,23.2,3,1,44638,604
54.0,Female,61559,4.0,25933,27.8,7,1,16288,597
34.0,Male,56577,17.4,10100,6.6,4,2,53096,638
34.0,Female,37622,1.7,8938,9.4,5,3,44644,496
35.0,Female,60629,8.3,14725,4.9,12,1,29869,645
46.0,Female,300000,8.0,120000,24.8,6,2,102312,630
59.0,Male,32552,3.3,13920,33.5,9,0,36097,633
32.0,Female,18000,10.8,2795,2.5,6,2,22442,561
46.0,Male,134544,9.9,38032,15.6,9,0,117844,619
40.0,Male,47464,6.6,25012,14.5,10,0,16465,571
39.0,Male,55678,7.4,6320,16.8,5,2,10213,571
35.0,Male,44721,3.1,6434,6.0,2,1,27970,541
31.0,Female,118322,16.7,65137,2.3,5,0,91338,606
36.0,Male,28087,15.3,5520,16.0,9,2,12819,641
48.0,Male,62342,3.8,16065,29.6,5,1,42202,590
50.0,Male,63540,6.7,11843,24.4,5,1,72110,599
30.0,Female,112098,4.2,42242,11.2,3,0,66436,537
33.0,Female,154705,4.6,26784,14.4,2,1,142624,593
25.0,Male,43118,13.9,17053,6.1,8,2,33935,575
28.0,Male,125109,3.1,40368,8.8,5,2,78784,555
38.0,Male,60872,11.9,36548,8.4,7,3,67415,548
35.0,Male,68013,5.4,21108,14.9,5,1,25755,582
38.0,Female,62799,3.5,29534,19.5,5,1,14427,553
48.0,Male,47877,9.6,14630,23.0,5,1,36575,625
47.0,Male,35895,7.9,20629,21.1,4,2,33551,581
43.0,Female,57379,2.1,15368,13.3,3,1,26462,512
49.0,Male,59606,2.6,37116,24.6,6,0,9831,602
46.0,Male,40042,11.4,18932,27.6,8,0,45683,636
21.0,Male,102504,1.9,57203,1.0,4,1,116630,522
35.0,Female,61247,8.5,38189,6.6,6,0,66578,547
56.0,Male,66909,3.1,34785,27.0,7,3,17332,535
39.0,Male,72962,9.2,43012,7.2,2,0,45635,554
53.0,Female,61787,5.0,34879,24.0,5,1,74487,607
43.0,Male,41554,12.1,26665,20.4,3,1,49766,591
22.0,Male,59937,3.3,6631,2.8,4,2,66527,501
25.0,Female,214342,10.6,80476,1.0,4,5,149817,462
27.0,Female,47980,5.8,9013,6.9,5,2,10955,501
48.0,Female,145908,6.6,38840,19.3,4,3,180000,535
38.0,Female,38448,6.8,22136,10.2,4,3,24960,561
50.0,Male,91864,13.5,38551,28.0,5,3,13942,655
54.0,Male,40057,2.6,15022,33.9,6,0,26330,638
26.0,Female,169242,8.1,103959,7.5,9,1,118844,590
32.0,Male,46303,6.6,17280,9.1,4,2,39731,537
45.0,Male,79559,3.6,26293,17.4,9,0,61642,591
65.0,Male,53742,11.4,20905,36.1,11,1,51614,715
50.0,Male,49611,5.4,13006,24.7,7,0,23087,629
36.0,Female,77307,8.1,38189,7.5,9,1,67248,553
65.0,Female,48391,12.2,18509,40.0,5,0,53099,676
25.0,Male,196148,1.4,44523,5.4,5,2,156978,563
62.0,Male,112738,20.9,33052,34.4,4,2,55837,683
42.0,Male,55170,7.9,23906,20.6,8,0,62728,638
47.0,Female,129485,10.4,18249,27.9,3,2,57567,626
52.0,Male,40922,4.5,17696,32.4,5,2,21291,589
30.0,Male,18000,12.1,7966,1.0,5,0,6308,564
21.0,Female,65211,11.9,24639,1.0,5,4,32748,534
29.0,Female,83715,13.2,25323,6.0,7,3,14885,566
29.0,Female,79946,8.7,42302,3.1,3,0,84265,539
36.0,Male,105454,9.0,51606,16.9,7,1,53545,590
37.0,Female,43994,8.2,3835,11.5,8,3,38709,528
21.0,Male,89540,2.6,32255,1.0,3,0,79419,498
41.0,Female,50263,9.7,32153,22.4,3,4,17774,628
40.0,Female,45443,5.7,4422,21.2,5,0,56379,633
38.0,Male,99340,11.2,22819,10.3,8,2,102408,563
51.0,Female,33856,13.7,18914,23.8,6,1,33470,642
33.0,Female,58654,6.7,28913,3.0,4,1,63621,559
47.0,Female,26210,17.9,7819,19.2,7,0,25342,675
44.0,Male,43523,15.7,11628,20.0,3,4,36996,558
30.0,Female,114954,7.2,19083,6.2,6,1,88170,590
55.0,Female,68240,8.6,31278,26.9,5,1,54224,604
39.0,Female,44173,0.7,6898,20.7,7,1,36960,595
41.0,Male,68011,2.5,27224,17.6,4,5,18513,531
54.0,,39080,7.8,9572,22.7,8,3,45018,624
43.0,Female,75264,4.4,24537,15.3,9,3,21456,551
23.0,Male,102163,3.5,41563,1.0,6,0,49511,553
54.0,Male,108423,8.9,39359,29.6,3,0,40763,654
43.0,Male,93320,13.8,15322,18.6,5,2,15414,620
35.0,Male,67377,4.3,34197,11.0,7,1,31322,553
35.0,Female,43623,5.6,11519,12.1,2,0,36783,565
53.0,Male,75928,16.6,17358,24.4,10,0,43200,700
44.0,Male,117448,4.3,25721,13.6,3,2,140201,530
56.0,Male,26475,10.6,12962,34.9,8,1,23404,662
37.0,Female,72364,5.7,26040,14.3,5,1,38355,593
43.0,Female,82471,8.1,17149,19.3,8,2,32700,586
47.0,Female,53368,8.5,28232,20.1,7,1,45817,554
38.0,Male,55210,11.6,33565,18.0,5,4,11590,564
39.0,Male,69649,9.8,35618,11.1,4,0,51773,536
31.0,Male,32364,6.2,9674,10.0,7,1,11398,567
34.0,Female,38271,19.0,8679,6.7,5,1,6351,663
34.0,Female,20735,10.2,2000,4.3,6,2,22562,566
26.0,Male,43060,7.0,21619,1.0,6,1,9954,547
52.0,Female,57010,5.3,27325,25.2,5,5,20657,554
46.0,Female,69688,13.5,22655,20.6,5,1,47839,653
55.0,Male,83903,7.5,43821,30.2,5,2,82477,619
44.0,Male,54178,13.0,23242,24.7,5,3,60204,554
69.0,Female,65136,5.4,17131,40.0,8,2,69061,627
38.0,Female,64990,3.7,39483,19.7,8,1,38894,569
36.0,Male,50890,0.2,31590,16.7,3,4,31367,517
31.0,Female,45417,9.0,9085,2.4,5,1,35210,572
42.0,Male,47990,5.3,28152,17.0,3,0,54606,543
38.0,Male,83007,3.7,44101,11.0,5,6,64201,489
34.0,Male,69559,6.6,25447,8.9,7,2,28063,555
32.0,Female,74240,4.8,46255,13.9,5,0,31287,570
42.0,Male,77814,4.1,36532,20.4,11,0,56998,646
40.0,Male,85057,14.7,14916,17.3,2,2,23549,621
39.0,Male,52776,4.1,20996,14.8,3,4,9531,504
45.0,Female,54017,4.0,24406,17.2,5,1,21430,577
36.0,Female,39450,6.0,21797,15.0,3,1,46044,527
53.0,Male,70672,5.7,35268,33.4,8,1,46135,645
34.0,Male,73115,12.6,5988,9.7,4,0,11840,619
54.0,Male,178414,2.6,81925,31.3,3,1,118115,588
34.0,Male,55240,3.5,26582,15.9,6,2,44299,534
42.0,Male,56658,13.9,23507,19.5,7,0,48890,697
42.0,Male,36861,4.5,6435,20.4,7,0,12032,602
43.0,Male,52404,9.3,6888,11.1,3,1,21238,607
25.0,Male,36903,8.7,7003,1.6,2,2,26136,536
53.0,Male,141413,3.5,46752,21.9,6,2,174845,539
33.0,Male,36948,3.3,21543,1.1,6,1,20634,521
36.0,Male,23493,4.5,13799,10.5,4,1,25900,518
38.0,Male,47675,3.2,29301,7.6,5,4,53998,477
37.0,Female,77532,3.7,40082,14.4,8,0,78100,596
46.0,Male,100257,5.6,41392,17.5,5,0,46260,610
36.0,Male,94019,8.4,8486,8.5,4,4,95200,551
43.0,Female,18065,8.2,10686,21.7,5,1,14051,597
25.0,Male,129860,6.5,58334,2.3,1,1,74947,520
45.0,Male,46583,31.4,19467,26.2,4,0,50683,719
36.0,Male,40368,7.1,8271,14.8,4,2,39263,579
21.0,Male,54941,16.4,34569,1.0,7,1,53603,561
33.0,Male,32937,7.3,9785,3.9,4,1,38815,535
35.0,Female,79941,5.1,30267,4.6,3,0,80623,537
,Female,56246,1.4,7862,23.8,4,1,67100,610
64.0,Female,116422,12.4,50031,39.8,7,3,50308,659
35.0,Male,41405,1.9,5197,10.6,6,4,20067,536
52.0,Male,52635,12.3,28178,22.4,4,0,12803,632
28.0,Female,73417,5.7,37230,3.1,4,1,41203,533
26.0,Female,35273,6.6,4309,6.2,7,1,33405,559
65.0,Female,69156,2.7,33103,39.0,5,2,17480,620
36.0,Male,57843,6.3,30518,9.7,4,1,10559,543
30.0,Male,38482,18.6,8396,2.7,6,0,30276,649
53.0,Male,50973,2.8,19178,29.5,2,4,58495,535
31.0,Male,93208,1.9,16862,5.9,4,1,40497,547
40.0,Female,70489,8.8,37671,18.6,6,0,68184,596
56.0,Female,99753,2.7,56901,24.4,7,0,92402,612
45.0,Male,67652,2.0,28317,22.3,5,0,36801,562
49.0,Female,49292,7.2,20915,19.4,2,1,61084,625
21.0,Female,62259,7.8,27048,1.8,5,0,13019,546
41.0,Male,87212,17.2,50805,13.8,3,0,106025,592
48.0,Male,53955,8.2,19740,18.4,9,1,50589,658
44.0,Female,45906,3.4,4157,12.6,9,2,28177,581
42.0,Female,24414,8.6,3637,10.5,10,0,29952,630
30.0,Male,84747,2.6,15984,2.3,5,0,37317,576
55.0,Male,59178,6.9,18450,30.3,1,1,35643,595
47.0,Male,36601,12.0,13206,27.1,2,1,7881,626
34.0,Male,75046,6.3,17861,2.5,6,3,12306,550
30.0,Female,132611,11.0,34242,11.4,4,0,91012,629
45.0,Female,47158,5.6,6419,24.4,4,1,34904,618
57.0,Male,67020,2.4,36903,30.1,4,2,23512,562
37.0,Male,181427,4.5,31940,9.8,3,1,180000,543
34.0,Female,104043,4.9,46057,2.5,6,0,16383,554
21.0,Female,29146,9.8,12354,2.4,5,2,12721,554
60.0,Male,70197,14.5,30721,33.1,3,2,50535,628
32.0,Male,125773,3.7,63761,3.1,6,4,129756,522
29.0,Male,88431,7.2,37010,3.3,10,3,25803,590
36.0,Female,46372,13.5,17065,6.7,3,0,40490,603
30.0,Male,58653,6.1,11373,2.8,7,1,17303,558
,Male,42134,2.1,7988,21.0,5,1,34352,573
26.0,Male,79798,5.6,40272,1.0,7,2,16943,594
34.0,Female,39437,2.6,24627,9.6,5,0,18897,535
24.0,Female,43973,3.0,17474,1.0,5,1,38701,517
42.0,Male,75151,2.0,26721,11.4,6,0,30204,543
48.0,Male,66192,7.2,41049,27.8,6,2,43106,606
28.0,Male,67275,2.9,36827,6.6,7,1,14535,528
57.0,Female,33507,3.8,9844,30.4,6,0,38642,593
46.0,Male,62055,11.9,26488,16.4,8,1,21808,638
46.0,Male,53295,10.2,27389,17.6,6,3,16962,551
41.0,Female,69349,4.2,33094,11.1,5,1,22274,563
45.0,Female,117008,1.8,50828,15.3,11,0,58586,597
35.0,Female,73277,7.8,30915,7.4,4,1,20992,513
36.0,Male,44537,8.5,21430,7.6,6,1,16823,562
37.0,Female,45316,3.0,20134,10.8,2,3,52986,500
48.0,Male,45389,11.9,17417,16.5,5,4,18732,625
23.0,Female,89379,6.3,35572,1.0,3,3,37930,512
33.0,Female,95795,9.9,22274,1.2,5,3,70440,522
21.0,Female,44201,7.7,17377,1.0,4,2,21866,556
51.0,Female,54717,1.0,27778,22.7,2,2,48383,505
38.0,Male,55843,6.1,32560,11.6,7,2,11160,557
48.0,Female,92431,10.3,53541,25.7,3,2,47725,601
36.0,Female,40418,3.1,20855,11.5,2,2,44212,502
37.0,Male,69390,14.5,11717,11.4,5,3,62268,624
30.0,Female,51503,18.1,9039,1.0,4,0,50089,608
63.0,Male,95007,19.5,16048,38.9,3,0,106208,748
49.0,Male,63900,12.8,31312,21.9,7,2,27350,640
34.0,Female,61376,7.9,5568,6.0,4,0,50286,563
27.0,Female,131201,3.5,47070,1.0,7,1,78825,570
32.0,Female,76538,4.8,47997,4.2,8,0,50461,546
45.0,Female,92683,9.0,22099,23.8,3,3,86777,590
39.0,Female,50068,15.4,27380,14.0,10,1,21166,671
64.0,Female,63065,7.5,40100,40.0,4,3,15634,633
21.0,Female,62796,14.2,23869,1.0,6,1,28416,607
43.0,Male,63464,7.4,10422,13.4,3,1,63139,589
28.0,Male,20689,10.4,2431,8.4,7,3,25321,598
22.0,Male,86322,2.7,35498,1.0,5,3,20611,526
40.0,Female,35341,13.6,14653,20.2,1,4,37196,552
42.0,Male,80089,12.8,26142,11.8,5,3,27132,569
37.0,Male,44834,8.7,24845,10.2,7,2,7915,581
21.0,Female,105264,2.1,44342,1.0,7,0,89382,529
,Male,101280,4.5,61263,23.9,7,0,123518,593
47.0,Female,76158,10.5,10458,23.9,4,1,51369,595
21.0,Female,85896,6.5,41236,1.0,4,0,13802,570
44.0,Male,96662,1.1,12396,12.3,9,1,28393,569
49.0,Male,79345,3.8,6955,28.3,4,2,91451,605
40.0,Male,105845,12.3,31776,16.5,9,2,121311,617
26.0,Male,39007,5.1,11662,2.3,6,1,47444,551
46.0,Male,39276,5.7,13134,25.3,2,1,47654,608
52.0,Female,72156,3.3,16440,33.5,4,0,87680,654
40.0,Female,177851,11.3,110920,10.8,9,3,126614,602
43.0,Male,101122,16.1,10948,13.6,4,4,62462,584
61.0,Male,112731,13.3,45711,37.0,7,2,63062,662
21.0,Male,74275,15.5,26256,1.2,3,1,67216,568
40.0,Female,74583,8.0,41073,14.3,1,1,15395,559
42.0,Female,113102,6.5,18383,16.7,5,1,65978,620
27.0,Male,31009,8.6,2739,8.4,2,1,22598,549
24.0,Male,51567,10.7,5265,1.6,4,2,13387,557
43.0,Female,89126,4.4,8537,19.0,10,2,79662,556
28.0,Male,29447,5.9,15587,8.5,4,0,32755,518
39.0,Male,50994,2.5,7755,15.1,8,0,22968,544
42.0,Male,90663,2.4,20875,22.5,7,2,33448,544
53.0,Male,95330,5.0,54978,32.3,3,3,15991,598
21.0,Male,36022,2.1,9958,1.0,2,1,21300,484
56.0,Male,52305,2.7,7583,34.5,4,2,48398,579
27.0,Female,49603,9.2,30360,2.8,3,0,46429,520
31.0,Male,52056,3.6,15025,1.0,2,1,22774,527
49.0,Male,30933,17.3,14649,22.0,7,0,22125,659
26.0,Female,74443,17.7,17120,1.0,4,2,86515,578
36.0,Male,58647,2.4,34328,12.3,4,0,36574,533
35.0,Female,70353,2.0,42803,3.4,7,1,15571,533
21.0,Female,29276,4.4,3200,1.0,5,0,7612,533
50.0,Male,78173,12.6,47329,26.5,5,1,60975,604
52.0,Male,51694,2.8,24663,22.2,6,0,57035,591
50.0,Male,81441,12.0,15222,28.4,4,1,58038,636
38.0,Female,32013,4.1,10785,14.9,7,2,11375,556
35.0,Male,40180,2.5,21574,6.7,5,0,27189,546
44.0,Male,121817,11.8,43007,19.6,4,1,81818,601
45.0,Male,42451,0.6,7170,19.2,3,0,39485,562
21.0,Male,89090,7.6,47016,1.0,5,1,39877,546
43.0,,56421,5.9,14828,17.0,4,3,49660,535
42.0,Female,60173,14.6,29769,11.3,5,1,28759,618
48.0,Male,60385,9.6,11821,24.6,6,0,69322,638
45.0,Female,82065,11.3,34885,25.5,4,2,26495,623
39.0,Female,66006,5.8,35294,16.3,5,0,11028,581
47.0,Female,115420,4.7,59254,20.3,5,0,44096,573
26.0,Female,48615,4.9,27994,2.9,4,1,9149,540
61.0,Female,68618,8.3,36770,32.1,9,2,50391,604
34.0,Male,75709,6.4,36330,5.0,4,1,47077,571
30.0,Male,112515,8.7,58602,7.7,4,1,55111,548
43.0,Male,54969,10.3,19628,11.4,4,0,47734,588
60.0,Female,70711,8.6,28132,31.4,5,1,88067,606
21.0,Female,32533,8.2,12263,1.0,8,0,21098,610
42.0,Male,68628,9.1,33295,21.1,5,3,23174,646
56.0,Male,19718,3.1,12328,38.0,7,1,16304,655
58.0,,37708,4.9,19272,29.1,4,0,42009,611
33.0,Female,72183,17.7,43207,1.8,1,1,48020,587
63.0,Male,26117,4.8,13695,35.4,2,0,22980,622
41.0,Female,50407,5.4,10875,21.3,5,1,24602,594
49.0,Male,57689,6.2,16490,19.6,6,3,41749,581
52.0,Male,55635,21.2,33116,25.1,7,3,68179,649
42.0,Female,48814,4.0,21450,19.0,6,1,36168,576
48.0,Male,19421,1.4,7191,18.6,8,0,21682,602
59.0,Female,47948,11.7,11467,30.6,5,0,56943,688
57.0,Female,36490,3.8,7121,28.4,5,2,13916,636
27.0,Male,149814,5.6,21297,1.0,6,1,127300,527
56.0,Female,37022,4.3,12590,29.2,6,1,41374,625
29.0,Male,58746,13.3,29491,1.0,8,2,49005,541
45.0,Male,40219,3.9,11677,26.1,4,1,42051,559
33.0,Female,44071,2.7,24158,6.9,2,0,22313,544
49.0,Female,41958,3.0,15815,30.6,6,0,25473,684
44.0,Female,49517,3.4,12058,18.4,3,2,12300,563
57.0,Female,153649,3.0,74628,29.8,4,2,71508,584
46.0,Male,29357,13.9,7701,22.7,7,0,10694,689
31.0,Male,48371,6.0,20389,11.4,4,0,56965,549
46.0,Male,65983,5.9,37480,18.3,8,3,40942,546
40.0,Female,54408,8.0,6329,14.3,2,2,40693,549
33.0,Male,71646,2.4,32521,10.3,7,3,57317,536
50.0,Female,45987,10.9,13855,21.3,9,1,46371,596
46.0,Male,66574,19.0,34996,25.3,4,1,20292,676
44.0,Male,37701,7.5,13642,14.1,5,0,8432,565
31.0,Male,66770,13.8,12454,9.0,4,2,10463,562
35.0,Female,103247,2.6,30017,16.6,6,1,110003,541
,Male,179002,8.1,89296,4.2,4,1,164012,524
36.0,Male,64117,14.4,40860,9.0,6,4,76078,570
38.0,Female,42622,16.0,7947,15.0,5,5,37082,570
49.0,Male,145121,7.1,54546,18.8,8,1,136022,604
35.0,Male,18000,7.4,2000,13.0,3,2,4948,538
39.0,Male,54544,10.6,12646,9.6,4,1,22953,609
33.0,Female,55030,7.6,33032,6.3,4,2,64371,487
38.0,Female,34415,3.6,7790,11.2,4,2,22730,532
27.0,Male,42909,16.3,4984,7.7,3,2,9792,611
37.0,Female,41363,10.9,9582,8.4,6,0,26763,611
21.0,Female,39257,8.5,23241,1.8,12,0,28300,550
57.0,Male,45094,9.3,6446,37.1,5,2,52823,622
46.0,Female,52403,10.7,22365,16.4,4,3,47351,553
48.0,Male,46177,8.3,8210,26.3,5,0,15001,656
28.0,Male,87634,4.9,47884,7.7,4,2,15856,548
27.0,Male,40673,14.0,19411,1.0,8,1,32510,622
42.0,Female,129539,5.4,67304,16.2,4,2,119949,535
50.0,Female,56042,14.9,24787,19.0,5,1,54662,617
34.0,Male,73348,11.8,22133,15.9,5,0,46847,646
51.0,Female,61293,9.9,15549,20.4,6,1,76040,621
51.0,Male,107800,11.2,56649,23.5,4,2,51041,636
27.0,Female,29813,10.8,14125,1.0,6,4,13850,525
53.0,Female,72147,4.2,38679,34.8,8,1,61214,616
57.0,Female,77593,15.5,18618,28.1,7,5,13327,640
30.0,Male,139905,7.1,35462,10.5,5,0,89793,583
21.0,Male,76116,7.2,30253,1.0,4,1,64927,515
53.0,Female,41909,3.4,7039,27.9,5,4,42813,599
56.0,Male,35189,2.4,14283,37.5,5,1,6553,629
27.0,Male,91938,1.5,13295,1.0,8,1,50987,538
21.0,Male,116347,4.5,10926,1.0,4,1,85145,563
48.0,Female,96303,7.5,43504,19.1,7,1,55059,611
47.0,Male,27401,7.8,13423,19.1,4,1,10771,608
45.0,Female,93593,8.8,33845,25.4,1,2,61263,597
55.0,Male,60578,10.2,19292,25.0,3,0,63944,619
23.0,Female,83917,13.4,50854,4.9,8,0,93129,544
54.0,Male,18000,2.9,5593,31.1,5,0,17563,609
47.0,Female,55549,8.1,23857,16.9,7,2,34004,612
57.0,Female,47794,10.9,26646,29.2,7,3,36326,593
35.0,Male,98832,1.7,44731,7.0,5,0,104560,506
28.0,Male,53508,3.8,17015,1.0,3,4,60885,497
21.0,Male,47652,13.9,12672,1.0,5,1,7160,610
33.0,Male,133348,16.5,22519,6.9,7,1,131816,615
32.0,Male,25480,3.7,4482,1.5,4,0,15328,511
32.0,Male,60413,10.5,17247,11.7,9,0,22805,638
46.0,Female,70017,4.2,14756,15.0,5,0,58384,591
27.0,Male,43872,1.0,10544,5.4,4,0,39492,506
31.0,Male,65035,20.0,38233,7.4,7,3,32105,606
23.0,,64024,7.7,20602,1.0,5,3,41245,500
50.0,Male,71870,5.4,16652,26.3,5,1,67434,575
21.0,Male,18103,14.0,2868,1.0,6,1,16869,555
42.0,Male,106766,5.0,16154,23.3,7,0,43983,616
21.0,Male,62187,3.9,28849,1.0,7,4,41499,467
40.0,Male,56099,1.7,14172,9.8,11,3,16265,566
24.0,Male,66364,7.6,12973,1.0,2,1,28109,536
28.0,Male,95977,9.3,28096,1.0,5,1,18229,595
25.0,Male,122390,3.3,65479,1.3,4,3,95277,462
34.0,Male,87667,6.4,38556,7.3,8,3,91473,529
50.0,Male,100478,3.3,36192,20.6,5,0,25986,640
38.0,Female,60396,8.0,26305,14.6,4,0,24990,573
52.0,Female,43969,14.1,14594,25.6,10,3,16111,611
38.0,Male,68448,4.0,43268,14.1,4,0,28099,607
38.0,Female,103131,6.1,23648,15.1,4,1,76516,583
36.0,Female,27762,5.1,16245,9.0,8,1,19276,583
56.0,Male,81189,5.9,51082,32.5,7,1,93410,620
40.0,Male,86187,3.9,26684,14.6,12,1,101839,574
41.0,Female,66595,10.1,41546,16.4,6,0,50273,633
33.0,Male,24561,15.1,10494,3.8,4,2,12555,600
40.0,Female,50739,5.0,5857,9.6,4,1,29218,559
51.0,Female,106215,9.8,19303,28.8,6,2,103068,663
37.0,Male,44947,1.9,28570,6.2,3,2,13921,483
50.0,Male,46314,1.8,21086,20.5,5,1,45129,571
48.0,Male,48051,13.3,30017,28.8,5,3,9452,611
45.0,Male,36552,7.0,21918,24.4,7,2,22717,585
21.0,Female,103684,8.6,36598,1.0,12,1,87079,536
60.0,Male,71788,2.9,45051,28.1,5,2,63774,583
45.0,Female,83850,7.4,49433,22.8,8,1,92948,602
31.0,Female,139745,2.3,42717,1.0,3,1,62850,514
51.0,Male,88424,6.5,38570,26.3,3,1,36975,593
43.0,Male,90764,3.7,27187,15.9,7,3,65302,545
63.0,Male,66046,10.1,25513,36.0,6,3,72674,610
50.0,Female,67687,5.1,21600,29.2,3,1,75395,628
59.0,Male,67676,9.1,15529,31.6,1,2,59806,638
40.0,Female,69813,12.6,37312,11.0,8,3,53377,575
30.0,Male,57350,12.0,9317,4.4,4,4,60670,556
45.0,Male,24836,5.4,15462,20.0,6,1,27851,544
39.0,Female,45686,12.5,23704,15.6,6,0,17736,636
48.0,Male,58195,5.5,25914,27.3,7,2,21859,638
21.0,Female,87340,10.2,52819,1.0,6,1,106866,553
31.0,Female,63569,2.5,27152,12.2,6,0,29829,567
42.0,Male,82919,2.8,52267,14.6,6,0,89703,562
39.0,Female,24509,9.7,14375,12.5,6,0,4575,599
38.0,Female,45700,7.3,11708,16.1,3,4,32096,548
26.0,Female,121073,9.3,57505,7.8,7,0,122063,551
30.0,Male,109809,7.1,13328,10.9,5,0,18583,643
45.0,Male,57172,5.8,35408,17.5,6,0,16318,638
40.0,Female,207513,4.6,117864,18.5,3,2,120662,498
33.0,Female,67344,9.4,8287,14.7,5,2,80164,587
21.0,Female,113559,1.6,21631,1.0,6,2,136779,504
37.0,Female,103013,7.1,27271,7.2,6,1,100718,572
54.0,Female,65629,9.6,6099,28.8,3,0,25830,663
21.0,Male,90687,0.9,26746,1.0,5,2,77942,489
60.0,Female,213530,2.5,81976,40.0,11,2,180000,674
50.0,Male,87960,1.7,23252,23.6,5,3,99204,520
50.0,Female,41672,5.9,21326,29.7,5,0,23905,616
44.0,Female,148344,8.7,88064,12.6,8,2,175916,553
46.0,Male,57387,8.2,17231,19.3,6,3,50533,542
39.0,Male,63121,4.3,36485,17.9,8,1,62154,571
51.0,Male,87525,6.3,47337,25.4,5,1,35401,602
30.0,Male,44191,3.9,17878,1.0,4,3,7177,561
52.0,Male,83675,7.1,24794,22.4,6,3,13521,585
22.0,Male,55088,11.7,17591,1.0,5,1,19841,613
21.0,Male,54035,11.2,9708,1.0,6,1,40586,548
28.0,Female,38179,11.1,21541,1.0,4,2,43833,574
23.0,Female,27330,6.7,7190,1.0,8,1,4941,549
43.0,Female,41316,1.0,4183,19.9,7,1,16629,570
35.0,Female,75823,8.1,20395,3.1,6,4,59543,529
64.0,Male,48596,4.6,26733,40.0,4,0,55025,619
35.0,Female,58846,14.4,22789,8.6,5,2,50445,581
51.0,Male,44453,4.1,8475,31.3,3,1,44131,600
46.0,Female,75634,13.1,43304,27.9,4,2,93261,567
30.0,Male,31827,5.4,17745,3.4,4,2,35800,479
31.0,Female,83132,10.0,47788,12.2,2,1,21445,579
70.0,Female,56164,8.8,31860,40.0,8,2,9214,708
47.0,Male,38422,10.1,7764,18.3,3,3,33379,559
43.0,Female,63170,5.7,37544,14.4,5,0,57502,520
43.0,Male,36504,9.3,11792,14.2,5,1,42867,608
69.0,Male,77429,13.1,25066,40.0,5,2,20041,672
54.0,Female,54811,6.9,25645,31.5,7,2,24741,617
36.0,Male,90448,12.5,53006,6.0,8,0,96557,597
36.0,Female,76757,8.0,15069,9.5,2,1,26976,577
34.0,Male,26737,3.6,9297,3.0,7,0,28196,539
31.0,Female,64825,4.2,39519,5.0,4,0,62021,540
46.0,Female,45125,1.9,8047,25.0,2,2,54274,551
44.0,Male,116700,10.9,49876,25.1,10,2,26836,638
35.0,Male,75952,11.2,35260,3.9,3,1,73808,556
33.0,Female,98924,10.2,23558,2.2,3,2,49349,543
48.0,Male,81754,3.3,14586,23.6,2,0,73501,558
38.0,Male,41823,3.4,11049,11.0,3,4,42869,504
30.0,Female,40142,19.5,11255,1.5,6,1,11357,628
45.0,Male,43964,1.9,10628,26.8,4,4,15654,556
55.0,Male,58940,16.8,6625,33.9,5,1,58846,668
58.0,Male,32947,4.2,14665,32.8,12,1,40751,659
54.0,Female,29385,6.8,15386,28.0,5,4,33443,533
21.0,Female,83822,3.5,38863,1.0,4,0,69475,500
51.0,Male,71880,6.4,20977,23.9,9,0,73142,670
53.0,Male,121745,16.3,36661,29.1,4,0,147963,650
23.0,Male,30574,4.3,8809,1.0,7,0,32060,584
48.0,Female,23667,8.3,8518,26.4,7,4,10185,590
43.0,Male,84430,9.0,30300,21.5,7,0,27294,652
54.0,Female,59003,12.8,31331,34.0,4,1,31916,641
23.0,Male,88127,6.3,18904,1.0,5,1,16162,562
36.0,Female,48619,1.1,15361,17.3,4,3,23972,544
38.0,Male,58800,8.1,21358,18.2,2,1,43397,598
41.0,Male,42975,3.5,14388,9.5,4,1,12896,527
49.0,Female,75899,16.6,30276,24.7,7,1,78569,670
39.0,Male,25377,15.0,12778,12.3,6,1,18387,637
31.0,Male,163580,11.8,67265,1.5,4,1,119123,598
41.0,Male,100913,8.4,63795,10.4,7,2,124539,551
38.0,Male,131742,4.0,70906,12.5,5,1,70420,515
28.0,Female,112519,14.5,39539,1.9,1,3,129766,480
59.0,Male,66034,11.7,12943,32.3,1,2,37723,586
52.0,Male,75453,5.9,24690,21.6,6,1,20578,617
21.0,Male,98560,6.2,52928,1.0,8,1,87251,542
41.0,Female,57195,4.3,13584,16.0,4,1,68391,592
32.0,Female,69120,3.7,25468,12.9,4,2,13833,562
42.0,Female,106584,23.1,56286,15.3,2,1,46780,666
,Male,136167,12.1,67147,8.5,7,1,71823,556
21.0,Male,35074,3.9,10662,1.0,6,4,36612,502
43.0,Female,44270,7.7,4169,14.9,3,2,25305,533
53.0,Male,58532,4.5,34862,24.6,4,1,67530,570
54.0,Female,95462,9.7,60540,24.9,4,0,20125,629
40.0,Male,73957,8.6,40811,10.4,10,2,72011,537
59.0,Female,100793,5.5,23121,32.5,5,3,86478,594
38.0,Female,86470,10.6,50413,13.6,5,3,100929,551
53.0,Female,30220,13.7,13146,33.1,6,0,16863,692
53.0,Female,142749,5.5,12807,32.0,8,3,38426,672
21.0,Female,39814,14.6,16440,1.0,4,2,40891,567
49.0,Male,56491,6.4,11300,23.7,5,0,54109,623
26.0,Male,101116,3.4,58063,6.5,6,0,55216,540
40.0,Female,46600,4.1,20390,21.4,4,0,25007,584
21.0,Female,65504,3.2,33178,1.0,7,1,77622,510
,Female,40361,5.9,13028,9.6,7,0,48923,580
35.0,Female,34260,3.4,16334,7.3,8,1,27914,555
48.0,Male,48895,2.9,13988,26.1,3,3,31138,499
35.0,Male,45829,6.4,10029,15.8,6,2,33581,558
21.0,Male,57543,2.7,4666,1.0,5,1,71124,520
55.0,Male,55616,14.2,31769,24.8,4,2,67926,586
44.0,Male,37678,2.6,22931,18.5,1,1,29161,519
55.0,Male,51671,23.1,13730,30.9,7,2,58939,698
44.0,Female,67064,11.7,10697,23.6,6,2,40953,691
61.0,Female,46456,4.5,23134,39.5,5,0,29962,657
70.0,Male,77070,13.8,11426,40.0,2,1,72960,670
51.0,Female,200713,12.4,43824,20.4,7,1,82348,679
47.0,Male,111742,8.8,52417,21.5,4,1,26602,617
38.0,Male,101489,7.5,19229,9.9,10,1,98146,617
,Male,83812,8.1,50803,11.1,6,1,50231,555
21.0,Female,55074,2.6,33290,1.0,7,0,61447,482
36.0,Male,28307,8.4,17989,14.7,4,2,23388,534
44.0,Male,67721,17.7,33426,17.7,8,0,36235,673
35.0,Female,70468,3.6,21153,8.5,3,0,15532,571
44.0,Male,28595,13.5,9757,24.6,5,3,12591,610
44.0,Male,88365,18.2,26918,12.7,6,1,31370,654
21.0,Female,78512,8.7,43770,1.0,8,3,33570,549
30.0,Male,49182,8.3,23481,6.7,1,1,23683,539
39.0,Male,36370,3.7,12033,10.9,7,3,37617,558
27.0,Female,87271,13.1,26788,5.2,8,2,90561,598
40.0,Male,52783,1.2,11560,19.1,6,1,11692,603
31.0,Male,25313,12.1,11021,1.0,8,0,21436,568
48.0,Female,49289,4.0,22538,17.0,5,4,23661,525
33.0,Female,148672,3.3,16925,6.4,6,0,79669,605
25.0,Female,52302,18.8,30158,1.0,6,3,20882,561
50.0,Female,52953,4.4,32363,32.0,8,4,28098,607
42.0,Male,43074,6.8,20099,13.8,5,1,23304,574
38.0,Female,58584,3.9,9475,9.4,6,2,58306,549
46.0,Male,78991,3.1,20501,15.3,3,2,84691,517
21.0,Female,95881,18.7,57212,1.0,4,3,76811,547
30.0,Male,32293,26.2,18298,6.7,7,0,4947,682
36.0,Female,26589,7.6,10401,4.8,6,0,10876,573
44.0,Female,49353,12.2,25462,20.2,4,0,55196,644
37.0,Female,61732,2.8,26289,12.2,6,2,48350,501
37.0,Male,106024,2.7,19754,8.5,3,3,32330,518
41.0,Male,46307,13.5,28892,21.9,10,1,26796,700
59.0,Male,56636,5.7,20131,40.0,5,1,65572,607
44.0,Male,96877,8.3,38483,20.4,8,3,73247,588
32.0,Male,55950,13.6,14755,3.1,7,1,8467,584
44.0,Male,70682,7.9,5907,21.0,6,0,32206,671
,Male,59098,8.7,21254,9.5,2,2,12849,598
29.0,Male,81034,11.5,43911,7.0,6,0,70889,561
38.0,,44506,10.6,20616,7.3,4,3,28559,522
40.0,Male,122514,17.2,56495,19.9,5,1,31864,620
24.0,Female,72706,18.6,27187,1.9,6,2,21626,602
21.0,Male,61819,12.5,20665,1.0,5,1,14022,531
53.0,Female,51143,10.3,11692,30.4,11,1,16062,684
50.0,Female,22770,16.9,4867,18.6,7,3,19044,594
48.0,Female,40332,9.6,11333,25.6,5,0,31586,626
40.0,Female,46206,10.1,10207,12.9,6,1,40756,577
43.0,Female,51656,1.0,20139,11.1,7,0,32317,589
70.0,Female,66384,3.5,17106,40.0,6,1,33410,654
35.0,Male,59167,7.6,7393,9.1,3,1,59794,570
41.0,Female,95054,5.7,22731,18.7,5,3,35968,563
36.0,Male,23323,9.7,3593,7.5,4,1,14249,543
52.0,Female,35544,6.5,7673,27.7,8,2,34956,627
35.0,Male,22203,5.8,12613,16.7,8,3,26544,523
59.0,Male,62792,3.3,16760,35.2,6,0,32073,630
46.0,Female,148691,5.9,94132,16.8,4,1,127425,539
52.0,Female,117762,3.3,20749,21.9,4,4,26008,549
51.0,Male,89406,5.7,57641,24.0,4,1,45946,584
38.0,Male,112078,3.8,31376,13.4,6,1,95629,549
25.0,Male,52069,3.0,27296,1.0,8,2,14578,517
36.0,Female,38066,13.5,5829,8.3,8,1,11740,682
59.0,Female,33121,7.4,11497,28.1,7,0,21895,631
38.0,,83063,3.5,10866,12.9,2,1,65418,560
40.0,Female,53153,4.8,11301,19.0,4,2,56120,558
43.0,Male,92274,4.8,12947,18.7,5,2,46584,604
21.0,Male,65704,10.9,19451,1.0,8,1,69405,585
21.0,Male,27302,3.6,13617,1.0,5,2,9021,490
42.0,Male,30231,5.4,10912,22.5,4,1,17255,561
31.0,Female,74702,11.9,20234,1.0,4,0,22109,575
39.0,Male,34691,3.4,3438,13.2,10,1,42583,512
39.0,Female,34291,7.4,8524,9.2,3,1,24538,576
43.0,Male,164218,9.8,19707,23.6,4,0,145942,631
60.0,Male,97650,5.0,11189,30.0,12,5,58431,585
29.0,Male,34654,13.1,10991,10.5,5,1,40787,578
28.0,Male,42713,6.5,13857,8.7,5,3,22012,555
52.0,Male,38589,13.6,6241,25.0,4,0,30921,631
46.0,Male,44546,5.5,15306,25.1,6,1,55341,596
61.0,Male,84685,6.7,25569,33.0,3,1,32846,615
31.0,Male,98374,11.7,59929,6.6,9,1,86083,606
50.0,Female,91288,4.3,52082,22.1,6,1,77602,579
43.0,Male,53983,2.5,29939,12.3,6,2,27091,550
45.0,Male,34496,11.9,16445,23.3,5,1,20634,628
41.0,Female,88391,1.8,13467,9.3,2,0,45252,572
34.0,Male,53662,7.4,14763,11.3,7,0,43247,598
42.0,Male,71006,15.3,32900,14.6,6,1,18216,621
42.0,Male,38168,12.9,11846,22.8,8,2,10413,609
48.0,Male,42413,11.8,22253,26.4,11,3,37726,641
62.0,Female,55716,11.8,25977,32.4,8,2,66024,653
56.0,Female,72808,9.9,40908,34.7,8,0,63069,636
27.0,Female,57548,4.4,13930,7.6,6,1,23358,571
51.0,Male,51690,11.2,21438,30.7,5,4,17708,586
21.0,Male,74297,4.6,13126,1.0,7,1,39963,570
44.0,Male,67036,6.6,40165,13.3,5,3,26789,536
27.0,Female,223985,4.9,37835,1.0,1,5,74744,532
37.0,Male,68728,8.0,32621,14.5,7,2,41071,610
34.0,Female,62551,0.7,36914,5.0,7,1,76699,505
53.0,Female,58691,4.4,11352,28.1,6,3,11650,588
36.0,Female,31823,9.7,15960,6.6,8,1,31898,588
52.0,Female,44797,9.3,15757,23.6,3,0,42636,602
28.0,Male,44352,13.8,14600,1.0,5,2,37036,579
30.0,Female,42682,12.4,17850,11.8,6,2,29142,561
31.0,Male,36900,6.5,19975,1.0,6,1,25795,536
26.0,Male,123035,5.2,55118,1.0,4,1,150046,494
43.0,Male,47512,6.3,23164,14.6,2,1,57086,509
42.0,,196628,8.1,120000,11.3,7,1,109607,557
39.0,Male,76016,10.5,38017,13.2,6,2,64826,577
43.0,Female,72444,10.2,18547,16.9,6,1,25498,619
43.0,Male,133883,5.7,12097,20.1,4,4,134911,586
53.0,Male,86269,5.9,43030,34.2,3,4,97489,535
69.0,Female,125387,6.2,11778,40.0,4,2,101282,667
38.0,Male,51173,9.2,27568,6.7,2,2,59273,542
42.0,,42485,9.1,9172,13.4,8,4,38126,600
33.0,Male,33486,1.7,12792,4.5,4,3,19386,460
23.0,Female,33166,10.5,20931,1.0,3,5,18870,458
33.0,Female,72002,4.6,39827,10.9,2,2,83657,509
56.0,Male,95664,10.5,8886,33.5,3,2,42168,663
57.0,Male,48934,12.0,7716,34.6,8,2,38449,635
40.0,Female,76934,12.9,31042,13.5,9,0,63206,659
44.0,Male,100325,9.7,65187,20.0,7,2,90647,542
44.0,Female,54932,4.7,13022,17.7,7,1,15130,596
33.0,Female,52874,1.2,15401,4.7,3,2,34295,503
47.0,Male,69601,11.4,13751,25.2,10,1,57475,679
24.0,Male,42474,9.7,22152,1.0,2,0,16890,575
31.0,Male,33719,1.7,12932,1.0,7,0,10186,549
23.0,Male,32266,8.4,5269,3.5,6,0,40126,587
37.0,Female,60169,13.0,15046,16.8,6,0,46812,648
33.0,Female,193192,6.5,57376,10.4,6,2,180000,559
40.0,Female,73011,9.3,24433,11.9,6,2,60924,566
55.0,Male,51095,9.5,12274,23.5,7,4,13197,594
38.0,Female,148253,6.5,17873,9.3,4,0,49431,603
51.0,Female,79923,6.0,24446,29.5,2,0,18411,634
45.0,Male,141335,6.7,54391,15.4,7,1,154199,560
47.0,Female,28358,5.2,2391,25.8,2,3,16710,536
40.0,Female,48758,10.9,16536,9.3,4,2,9742,570
40.0,Male,72416,15.7,21595,17.4,3,1,43105,645
40.0,Male,41652,8.9,11568,16.8,5,3,46291,564
36.0,Female,41966,30.6,17267,7.7,5,1,48685,651
35.0,Male,61161,4.8,13604,14.5,3,1,53608,552
33.0,Female,89614,4.3,7582,13.0,7,1,79316,561
22.0,Male,52252,7.0,12031,1.0,4,0,18775,559
58.0,Female,18574,7.3,7027,27.2,5,3,12038,577
40.0,Female,25934,7.7,11584,8.2,6,4,21252,503
42.0,Male,71561,12.3,23231,11.5,2,1,38025,582
45.0,Female,48822,12.5,30714,24.3,2,4,49722,557
48.0,Female,64290,18.6,24735,19.0,5,2,46259,660
36.0,Male,65302,18.7,26697,9.4,6,2,41420,642
32.0,Male,61138,3.3,7742,11.3,8,0,43233,575
59.0,Female,71385,2.4,21080,32.4,3,2,78583,582
63.0,Male,45046,5.9,18751,40.0,4,1,34794,646
34.0,Female,68517,7.6,40344,15.7,6,2,27405,581
59.0,Female,62235,10.7,34651,39.3,4,6,20684,632
26.0,Female,76140,7.2,35979,3.6,4,1,54105,526
39.0,Female,70729,1.9,26625,18.3,7,1,58802,562
,Male,84140,2.0,40314,29.2,7,2,78818,548
35.0,Male,45276,7.8,24775,6.4,3,5,14901,480
43.0,Female,99559,3.5,56450,14.1,4,0,35679,541
42.0,Male,49122,12.2,9348,11.3,7,1,23917,621
26.0,,18000,10.3,2436,3.6,7,0,4888,575
42.0,Male,36608,2.7,4124,20.5,7,1,37573,569
21.0,Male,29820,25.9,19165,1.0,6,1,7288,624
41.0,Male,51825,6.7,24803,18.2,2,2,63103,496
42.0,Female,78950,6.2,31195,20.3,5,2,28988,599
54.0,Male,51471,7.1,20533,31.3,2,2,15867,621
50.0,Female,50846,5.8,12263,22.8,3,0,34527,588
45.0,Male,31646,2.9,3493,24.2,4,1,7126,576
42.0,Female,54354,5.4,17760,22.8,3,1,14565,593
39.0,Female,71197,3.7,22091,20.7,6,6,31105,514
59.0,Male,123949,20.3,50677,33.0,5,2,51520,678
43.0,Male,60177,6.8,32227,15.1,8,3,70070,574
53.0,Male,35768,10.5,11354,24.0,6,0,20905,676
,Female,25200,7.9,8878,10.6,5,1,5799,602
36.0,Female,39082,13.7,11803,15.5,6,1,45765,605
57.0,Male,52979,1.2,12868,36.2,3,1,15391,606
38.0,Male,60263,3.0,26246,10.5,7,3,32927,516
21.0,Male,195403,4.1,56211,1.0,2,1,180000,519
33.0,Male,96011,5.0,36889,12.5,6,2,111147,534
49.0,Female,35576,6.8,12880,17.4,5,0,27620,586
29.0,Female,31328,6.7,5335,1.1,8,2,13633,556
36.0,Female,64547,2.3,22432,10.4,8,2,36913,561
33.0,Female,71866,7.9,20908,11.6,9,2,42693,582
44.0,Male,84451,7.8,28105,23.1,5,2,97231,572
49.0,Female,52160,12.4,25115,22.2,3,0,8268,680
45.0,Female,91576,5.3,17590,22.5,5,1,48501,599
41.0,Male,46667,0.3,25580,17.9,4,2,30285,493
34.0,Female,35132,3.4,16918,11.1,6,1,39085,538
49.0,Male,43445,5.9,22495,23.6,4,2,51537,563
44.0,Female,32163,9.8,20586,20.0,7,0,25907,609
28.0,Female,68130,20.3,36866,8.5,4,1,16979,619
28.0,Female,51373,9.0,12032,9.1,4,2,35022,538
21.0,Female,115011,24.2,18781,1.0,6,1,21547,657
34.0,Male,117733,10.4,64482,4.6,7,3,118240,501
47.0,Male,43332,6.9,27959,15.3,10,2,32203,602
62.0,Male,68217,8.8,9117,40.0,6,1,21279,721
37.0,Female,69312,11.8,14453,11.1,6,2,12057,570
47.0,Male,89977,12.8,58240,24.8,3,3,49000,582
53.0,Female,47121,9.8,12413,29.9,6,3,49111,618
49.0,Female,30843,2.7,10830,21.1,9,1,25736,589
33.0,Male,72515,15.0,33323,10.8,4,1,18146,587
28.0,Male,152447,0.8,84621,2.9,4,0,174552,505
44.0,Female,63262,7.0,12161,21.8,7,1,21090,624
26.0,Male,100822,3.3,19917,1.0,3,1,124013,478
29.0,Male,110325,8.5,67274,2.2,6,1,52355,594
34.0,Male,138537,5.1,35556,5.2,5,3,163707,508
60.0,Male,112518,6.5,29481,37.2,3,2,77840,647
35.0,Female,57598,7.7,33102,14.0,3,0,17212,566
42.0,Male,42392,3.2,20713,14.0,4,0,11720,548
26.0,Female,43001,12.0,8492,1.0,1,0,33820,557
38.0,Female,141607,5.2,35633,18.6,5,3,57234,565
47.0,Male,40850,4.6,7631,25.0,3,3,34904,562
24.0,Female,53047,6.9,6100,1.0,8,0,16644,578
21.0,Male,51947,16.5,25227,1.0,9,0,26307,594
31.0,Female,24184,7.1,7778,8.9,6,3,5253,536
50.0,Female,57761,17.4,34530,18.3,5,1,38639,618
26.0,Male,30127,7.6,16324,6.8,5,2,16630,583
29.0,Female,95264,7.2,11068,3.0,8,0,28989,630
47.0,Male,42281,12.3,3411,26.3,4,1,37110,638
48.0,Female,51529,9.3,29201,18.3,6,2,56530,580
26.0,Female,105563,9.1,36523,1.0,2,3,63280,499
49.0,Male,59384,5.7,8152,20.8,3,1,25192,583
55.0,Male,69414,8.8,10285,32.4,9,1,16700,667
51.0,Male,26928,5.8,15892,29.9,7,2,14535,595
38.0,Male,39167,3.6,23896,13.9,5,3,11203,516
35.0,Male,115550,8.3,21751,15.4,8,0,20444,672
27.0,Female,64032,6.2,9158,2.2,5,1,77391,519
37.0,Male,39213,2.2,18731,5.4,3,5,46258,440
44.0,Male,31567,8.3,3950,21.5,5,3,27296,611
40.0,Male,54263,11.0,32270,12.5,6,3,35376,565
43.0,Female,99623,8.4,26245,23.4,6,1,48323,616
40.0,Male,99966,35.0,15333,19.7,7,3,115354,760
49.0,Male,54998,3.0,8016,18.5,5,2,54248,576
32.0,Male,78127,6.5,39392,6.8,5,0,58874,555
52.0,Male,38843,8.8,9961,21.8,3,0,8673,614
43.0,Male,55559,3.6,25775,23.2,3,3,21284,561
39.0,Male,22019,4.9,9601,17.1,5,1,7790,546
21.0,Male,90320,11.3,11104,1.0,2,2,107171,550
37.0,Male,42074,7.2,9966,13.7,2,2,41461,582
27.0,Male,45122,1.6,10874,7.0,4,1,28432,520
61.0,Male,41277,6.2,4383,36.7,3,2,39015,581
31.0,Female,35684,5.7,15946,6.0,3,0,22955,557
47.0,Male,35492,4.2,7879,22.3,5,1,14763,592
28.0,Female,39926,4.4,11176,1.0,7,2,42396,497
56.0,Male,53019,12.7,30257,34.9,4,1,52459,648
44.0,Female,50711,6.4,13893,14.5,8,0,14823,625
33.0,,69526,14.3,32253,14.5,6,1,62258,617
58.0,Female,45622,6.8,17768,32.8,4,1,26046,600
34.0,Female,45364,5.6,21487,4.1,9,1,46883,522
48.0,,37462,7.0,18495,19.7,6,1,20460,599
21.0,Male,39254,10.7,6761,1.0,8,2,36410,605
44.0,Female,63247,5.1,14086,23.0,5,1,26034,615
40.0,Male,84149,9.9,10939,10.3,3,0,49438,594
43.0,Female,30441,1.3,6947,17.8,3,1,36986,556
34.0,Male,43750,7.8,17514,4.1,5,0,30263,581
32.0,Male,46545,13.4,17481,5.2,8,4,22105,574
52.0,Female,54147,2.6,7284,29.4,7,1,51092,593
41.0,Male,85768,3.9,32730,10.4,4,2,64280,536
38.0,Male,47036,24.4,24439,10.8,3,0,8613,657
34.0,Male,76688,7.7,39972,13.5,4,1,14174,559
37.0,Female,139097,7.0,51691,18.0,5,1,89764,577
39.0,Male,86783,13.2,39675,19.7,9,2,29954,619
60.0,Male,126414,9.8,43692,40.0,3,3,135894,592
27.0,Male,90102,4.2,53447,1.0,7,1,93411,517
39.0,Male,74591,6.1,15913,9.1,5,1,39117,550
34.0,Female,49845,8.2,12221,13.9,4,2,59402,582
45.0,Female,44368,8.1,15549,21.9,7,0,30304,641
40.0,Male,63224,10.1,39460,10.6,4,1,24321,559
38.0,Male,34904,2.5,13084,19.4,5,1,20271,543
39.0,Male,73411,12.1,25548,12.5,4,1,47928,589
42.0,Female,46962,8.9,3769,14.9,4,1,16127,548
42.0,Male,141089,7.6,80748,14.0,7,2,171874,532
49.0,Male,27302,13.1,5203,24.1,7,0,30763,663
42.0,Male,36214,3.2,12684,23.9,6,2,25556,573
39.0,Male,102260,10.6,55925,11.3,3,2,58925,548
51.0,Female,49402,6.0,18392,29.9,3,3,9600,551
33.0,Male,127183,7.7,61159,7.6,9,2,140694,514
60.0,Female,49587,3.5,16128,37.5,6,3,47557,594
27.0,Male,63959,10.4,21491,1.0,3,1,48998,573
52.0,Male,41632,12.2,16218,28.1,6,3,36699,611
52.0,Female,119673,9.9,73103,21.4,4,2,71109,640
40.0,Male,42291,6.5,25239,13.2,4,2,16284,550
43.0,Female,50693,4.2,14178,20.9,9,3,18821,571
57.0,Male,111492,7.3,48253,27.4,5,2,126467,575
51.0,Female,124796,8.9,42273,19.8,4,1,130821,598
66.0,Female,80425,8.0,37470,37.3,5,1,17081,649
39.0,Male,120787,13.7,37049,20.4,4,4,25668,592
31.0,Female,36843,8.4,14273,6.8,9,1,7231,603
37.0,Male,71303,7.5,6884,9.5,5,2,12168,570
53.0,Male,23741,8.5,10934,32.2,2,4,25566,574
28.0,Male,67086,5.1,27306,9.0,4,2,59765,528
53.0,Female,48308,13.9,28724,34.5,4,2,50922,618
36.0,Female,56323,23.0,34099,4.3,2,1,35819,615
21.0,Female,67249,6.0,13406,1.0,6,2,69817,546
56.0,Male,95298,10.6,16991,28.9,4,0,15995,693
39.0,Male,67485,8.6,13759,13.1,3,0,50559,567
37.0,Male,37284,9.8,20525,6.3,9,2,37601,562
52.0,Male,33509,10.0,15412,33.2,4,3,22417,611
54.0,Male,82209,3.1,50713,36.0,6,4,75949,564
38.0,Male,72696,3.8,34720,11.0,5,1,70115,573
48.0,Male,21320,9.1,5698,26.5,5,1,10835,666
36.0,Female,31726,7.2,16046,6.1,6,2,39212,569
61.0,Female,51539,18.3,19664,40.0,4,2,28922,706
36.0,Female,60749,8.1,35660,7.3,6,0,71116,555
28.0,Male,26348,8.4,4418,1.8,3,2,12385,530
58.0,Male,20893,15.2,10714,38.5,6,3,20990,618
42.0,Male,86010,1.0,17096,20.1,2,0,69254,574
34.0,Male,84963,10.9,27297,4.0,2,1,43435,574
35.0,Female,109711,7.3,16829,16.2,2,1,61181,573
57.0,Female,125650,1.4,18283,25.6,3,0,103704,579
46.0,Male,123679,12.0,19065,27.5,6,1,119883,668
61.0,Male,23346,6.6,3346,40.0,5,0,6169,673
42.0,Male,30830,12.0,15117,22.0,4,2,8245,607
33.0,Female,108807,5.5,69759,7.3,4,0,81382,534
46.0,Female,28354,13.0,11818,17.6,7,2,27625,635
43.0,Male,72154,6.5,17196,18.3,10,3,76418,583
36.0,Male,45629,8.2,21411,4.4,3,2,42309,530
37.0,Female,40124,10.2,23322,5.2,6,0,37693,583
31.0,Male,84337,18.0,20156,8.9,2,1,13872,626
31.0,Male,85269,4.3,22096,7.5,6,2,45803,518
34.0,Male,42739,9.4,16503,13.8,7,1,49557,569
44.0,Male,22092,2.7,4992,16.4,3,0,26068,494
54.0,Male,108423,8.9,39359,29.6,3,0,40763,654
39.0,Male,93641,11.1,12735,13.6,8,1,32485,650
45.0,Female,91127,8.6,30470,24.9,11,3,35481,662
26.0,Male,52322,14.1,32057,3.8,5,2,36470,560
38.0,Female,46927,7.3,30330,13.3,5,3,49333,532
59.0,Male,23574,13.2,4935,28.3,9,2,17912,658
22.0,Male,139227,4.8,24000,1.3,4,2,21417,556
46.0,Female,37160,5.1,7498,17.6,3,2,16685,558
53.0,Male,64957,24.6,33862,28.1,5,0,30215,699
47.0,Male,45414,7.8,12452,27.0,7,1,46529,666
47.0,Male,55952,7.7,6735,24.4,7,4,25437,572
44.0,Male,78582,16.1,49181,20.5,4,6,58953,511
35.0,Male,81254,9.7,23311,12.2,6,0,96257,607
56.0,Male,41589,6.3,24231,32.7,2,2,12321,596
21.0,Male,31783,5.7,4848,2.1,4,0,37818,529
39.0,Male,38066,10.9,4624,8.8,9,0,30861,589
33.0,Male,101649,13.9,9069,12.5,9,2,56882,635
34.0,Female,87834,14.0,20276,13.4,6,2,18704,629
38.0,Male,32622,9.9,17540,7.5,2,1,40452,524
42.0,Male,96970,5.1,25646,14.7,7,0,22842,604
48.0,Female,87596,10.0,27841,23.1,4,0,97642,600
39.0,Male,36241,2.3,18038,9.6,3,5,20958,505
52.0,Male,99900,17.4,30526,27.9,8,5,82179,628
40.0,Female,51898,21.6,11041,18.0,4,0,23017,689
23.0,Female,74023,6.6,27527,4.3,5,2,70041,495
38.0,Female,38852,13.9,4108,8.6,4,2,48317,577
48.0,Male,59379,16.6,21996,25.1,7,0,48792,681
39.0,Female,33611,9.1,10954,20.4,3,1,23023,580
40.0,Female,71015,10.0,16116,18.4,7,0,69690,617
50.0,Male,60036,7.9,23483,22.7,9,0,66202,648
34.0,Male,137362,5.4,22498,5.2,9,2,166995,498
38.0,Female,75064,9.0,29637,16.2,4,1,69767,574
33.0,Female,21959,4.7,2644,6.5,7,2,23671,562
44.0,Male,30452,15.6,3981,22.5,5,3,34870,604
52.0,Male,112252,2.6,54297,31.8,5,1,54115,581
47.0,Female,34312,14.3,4999,22.8,4,0,26888,667
39.0,Male,59421,16.0,25989,16.4,4,4,26480,539
38.0,Female,68611,3.7,27339,17.8,3,1,49718,545
33.0,Male,60541,13.9,12740,3.8,6,1,65557,595
53.0,Female,48167,0.4,6095,27.3,3,0,16335,583
21.0,Male,39943,1.6,6901,1.0,9,1,15179,578
31.0,Male,96163,10.2,44103,9.7,2,5,113163,438
49.0,Male,67145,5.7,15060,22.0,4,3,28311,563
54.0,Male,144091,7.1,37408,33.9,1,0,117720,640
34.0,Male,56603,6.7,35555,3.8,5,0,62403,510
61.0,Male,38511,3.5,10795,38.2,6,1,38703,628
49.0,Male,77332,8.8,34560,26.7,2,1,33655,646
48.0,Female,64613,5.5,15146,18.4,4,0,48036,581
36.0,Female,53007,16.3,13271,12.1,2,1,22092,629
35.0,Female,85317,3.1,24760,12.1,3,1,14795,591
53.0,Female,99824,1.3,55302,31.8,1,2,26783,552
36.0,Male,49033,8.5,25917,10.7,10,2,31931,533
31.0,Male,105580,7.2,12026,5.6,5,1,50694,564
50.0,Male,95313,6.7,19061,29.0,4,2,65688,610
35.0,Male,35279,4.4,20192,10.3,4,1,20305,518
32.0,Female,32784,4.6,3562,2.8,7,1,17780,561
43.0,Female,22561,6.5,12737,22.1,3,0,9860,595
32.0,Male,71554,1.1,14657,11.4,5,1,24270,578
32.0,Female,48413,11.4,7410,7.4,10,0,26556,669
43.0,Male,34813,6.5,19625,15.4,3,2,40597,526
45.0,Female,62092,6.6,15407,16.5,5,1,54459,565
,Female,70408,11.4,26692,1.0,5,1,56094,542
37.0,Male,35007,4.2,12695,8.5,7,1,24683,581
32.0,Male,50660,2.9,21484,1.0,3,0,15621,541
37.0,Male,56290,5.1,34600,6.3,3,1,29681,544
44.0,Male,56800,13.8,23913,21.5,6,1,64976,644
21.0,Male,55675,3.3,31671,1.0,6,3,66057,474
57.0,Female,110487,11.6,27672,35.5,5,0,58385,663
39.0,Male,63314,3.7,26031,19.0,9,1,51070,605
47.0,Female,73266,12.4,31152,24.9,3,1,59501,576
40.0,Male,40728,9.1,11239,14.4,3,0,26484,596
42.0,Female,48586,9.8,4019,12.4,3,0,53605,585
24.0,Female,62892,2.4,29918,4.7,5,2,55555,447
37.0,Female,47283,9.8,24548,12.3,3,2,15108,547
33.0,Male,74339,10.8,27124,5.5,4,2,47736,544
21.0,Female,139769,6.8,84135,1.0,6,1,151046,525
47.0,Male,109873,3.4,10940,15.2,6,1,106375,573
45.0,Male,50367,9.8,24438,25.8,1,1,50113,573
40.0,Male,68312,9.9,35368,15.8,3,1,33127,581
30.0,Male,63474,15.2,9990,2.5,4,0,54176,650
55.0,Female,32212,6.8,16564,28.5,5,0,16926,610
46.0,Male,102474,16.8,44686,24.3,4,1,104665,646
42.0,Male,37418,16.5,5656,18.3,8,1,10679,658
47.0,Male,40313,15.5,12264,18.4,11,1,25458,675
46.0,Female,76430,7.3,14968,25.3,11,2,24779,651
38.0,Male,23885,4.4,9629,13.8,2,0,17096,592
33.0,Female,157559,8.8,74457,10.5,5,1,64525,618
43.0,Female,37296,2.8,13279,14.3,7,2,39069,530
47.0,Male,79821,13.9,27846,19.5,4,5,58134,574
33.0,Male,65547,2.2,13132,10.6,3,1,67209,554
47.0,Male,107962,9.7,14834,18.4,6,2,24458,593
50.0,Male,45378,5.6,4005,22.2,5,1,26327,620
23.0,Male,29331,6.5,4923,1.0,2,3,11779,522
63.0,Female,69593,0.8,10824,40.0,3,0,20016,652
33.0,Male,36726,5.8,22667,6.8,4,0,21874,535
51.0,Male,55392,1.0,29192,29.9,6,3,37808,557
,Male,56410,7.3,15650,9.8,4,2,69992,576
21.0,Male,139597,14.2,52134,1.0,4,3,172063,518
49.0,Male,139163,4.8,60917,27.2,4,1,164688,552
51.0,Male,47634,14.4,12508,30.7,2,0,47027,651
50.0,Female,34686,23.3,10629,31.5,4,1,19266,713
55.0,Male,121113,10.1,71424,36.1,4,2,121830,581
34.0,Female,43823,9.6,22819,6.7,3,1,53179,512
42.0,Female,64240,6.8,14413,20.7,4,1,32167,571
,Male,40443,21.3,7982,1.0,5,0,39990,636
41.0,Female,49089,11.3,31694,20.2,5,1,49694,603
29.0,Male,70230,5.6,43059,1.0,8,2,64941,498
50.0,Male,84349,2.9,33994,30.0,2,1,55824,613
53.0,Female,34830,2.3,12966,23.7,9,2,19864,633
32.0,Female,27800,8.6,8411,8.4,3,3,25158,516
48.0,Female,41985,14.7,4990,16.1,5,1,24597,625
43.0,Male,36036,4.9,10566,11.8,9,1,28007,607
38.0,Male,31644,17.5,4429,7.7,2,2,10748,607
21.0,Male,81380,5.9,29922,1.0,4,1,43764,515
29.0,Male,77734,6.7,17763,8.0,4,1,63194,545
53.0,Female,110193,11.1,45268,21.7,4,1,43984,573
33.0,Female,64850,8.8,25801,11.5,5,1,11945,534
36.0,,130593,1.4,73482,7.6,7,1,58420,484
54.0,Female,41187,3.3,7951,28.1,11,0,38750,652
23.0,Male,110625,8.2,50771,4.7,4,0,110777,568
30.0,Male,59579,9.3,9875,9.3,6,1,71133,569
25.0,Female,29283,7.7,7905,1.0,5,1,11582,559
25.0,Female,40101,8.9,11049,1.0,8,0,6227,590
45.0,Male,69160,6.2,41581,19.4,4,3,21410,577
58.0,Male,77878,10.7,36405,36.6,7,1,89802,657
45.0,Female,41475,35.0,17579,26.2,6,3,44202,748
30.0,Male,126836,5.4,41950,7.2,6,1,74482,596
57.0,Male,104365,6.5,31052,27.3,5,3,101908,577
35.0,Male,69829,4.3,9784,8.3,3,0,44560,591
47.0,Female,104236,7.3,53065,22.0,6,2,110488,606
36.0,Male,76364,11.5,47962,10.1,3,1,15874,560
22.0,Female,174142,7.8,20338,1.0,4,2,180000,572
62.0,Male,45311,11.3,7349,40.0,4,1,36370,679
46.0,Female,88357,1.0,13995,19.5,3,0,47601,562
25.0,Female,74039,5.8,19251,1.0,6,0,22565,573
37.0,Male,35072,3.8,13025,14.7,6,2,23664,576
56.0,Female,87342,2.0,49041,30.2,5,1,109160,598
21.0,Male,47558,8.5,5490,1.0,7,1,58599,538
41.0,Female,78826,9.2,18782,22.4,6,1,39824,624
48.0,Female,88316,3.1,40461,29.0,6,3,99165,542
28.0,Male,41944,2.6,22427,1.0,5,0,7536,519
29.0,Female,88691,11.6,37999,7.4,2,0,25563,598
46.0,Female,73955,1.2,16321,20.6,4,3,68741,538
25.0,Female,126988,4.8,34735,3.3,5,1,104991,538
42.0,Female,38388,7.4,14338,23.4,6,2,14429,606
49.0,Female,79163,7.2,16749,25.4,2,1,43201,630
55.0,Female,43238,8.1,6283,35.0,7,1,21250,655
41.0,Female,115771,5.4,56978,19.2,7,1,105851,579
38.0,Male,35935,4.6,16031,7.9,3,1,16449,529
39.0,Male,124995,8.1,22294,14.5,2,0,113381,606
28.0,Male,83288,20.1,48771,1.0,2,2,41299,587
31.0,Male,55098,5.5,13904,11.8,6,4,28134,543
35.0,Female,125848,2.4,34828,6.8,7,3,84761,542
46.0,Male,98322,1.8,11605,16.6,5,0,22378,621
47.0,Female,28542,21.4,8853,19.2,4,1,29944,657
38.0,Female,65338,3.7,38883,17.9,9,2,27486,567
51.0,Female,110598,14.4,13611,20.2,5,2,58008,667
35.0,Male,30338,8.0,8913,10.7,5,0,25497,598
21.0,Female,29526,19.4,2569,1.0,7,1,16336,655
37.0,Female,51359,6.7,29817,13.0,5,3,15114,553
30.0,Female,48746,13.7,31287,7.0,6,1,27231,628
43.0,Male,98637,3.7,26739,23.6,7,1,53520,654
46.0,Female,71133,3.8,9657,22.7,10,3,48427,585
44.0,Female,28946,13.0,14955,24.4,5,2,16185,607
41.0,Male,77854,6.3,43750,9.9,4,1,81670,488
46.0,Female,31479,3.2,16372,18.1,8,0,34732,564
56.0,Female,48886,23.8,5854,32.8,6,2,10163,687
32.0,Male,42383,15.1,24393,10.0,3,2,50710,537
38.0,Female,100125,3.6,41485,7.5,2,6,97564,374
28.0,Male,35656,7.6,3289,1.6,6,1,5916,529
29.0,Male,98519,9.6,23780,4.2,5,2,84915,553
44.0,Female,62762,4.1,29651,18.7,4,0,73183,579
33.0,Female,100991,4.9,36506,7.6,8,0,56196,550
37.0,Male,92960,10.9,46211,18.1,6,2,107276,584
49.0,Male,125086,6.0,34428,18.7,4,1,28059,646
21.0,Male,133572,2.7,13522,1.0,9,2,153785,557
36.0,Male,173232,10.1,29898,7.7,4,3,48323,613
33.0,Female,18644,4.8,2362,2.2,6,0,18109,557
25.0,Female,66020,8.5,17647,1.0,5,0,30982,574
21.0,Male,25068,4.1,3268,1.0,5,4,5443,464
32.0,Male,86968,2.3,40930,8.7,4,2,26586,475
50.0,Male,58987,9.6,33900,32.0,6,0,27830,623
32.0,Male,61640,7.2,39608,14.0,4,0,57102,549
36.0,Female,36835,7.1,7077,4.4,4,2,12814,518
53.0,Male,48524,11.2,22410,29.3,7,1,51037,639
29.0,Male,62905,14.4,6654,1.0,5,1,65180,540
38.0,Male,39906,6.0,22455,12.1,5,3,18095,526
26.0,Female,68500,3.1,11021,1.5,4,2,56085,523
43.0,Male,59889,11.6,10345,19.7,4,2,14665,603
40.0,Male,75010,1.9,7108,14.7,7,2,21224,605
30.0,Female,27977,2.2,11104,1.0,6,2,6904,497
32.0,Male,46085,10.8,15169,9.7,5,0,54698,593
46.0,Male,39658,7.9,22322,14.4,7,0,48893,589
27.0,Male,54737,2.5,25680,7.1,4,1,47781,534
46.0,Female,79901,6.9,44623,16.1,2,0,33784,544
45.0,Female,32139,6.3,3559,23.7,5,0,12944,630
56.0,Male,42740,3.7,18405,33.3,3,2,11710,583
30.0,Female,70419,10.4,29940,3.9,4,1,14530,573
50.0,Male,61120,9.3,16195,29.1,4,1,39778,620
21.0,Male,41433,12.1,18030,1.0,3,1,23092,516
46.0,Male,177026,1.8,72361,14.6,4,0,180000,504
63.0,Male,67966,11.9,42392,40.0,3,2,20595,616
36.0,Male,34754,7.4,20801,13.2,5,2,11091,531
52.0,Male,44086,12.5,28528,27.3,7,1,54057,600
47.0,Male,77026,11.4,17426,22.2,4,0,12792,670
57.0,Female,73710,14.4,30994,36.5,3,2,60129,634
59.0,Male,82237,7.4,37267,34.9,2,0,94188,653
33.0,Female,49279,4.8,14608,8.2,7,0,27400,559
41.0,Male,47983,6.4,28380,9.4,4,0,33560,571
23.0,Male,69777,2.9,8315,1.0,9,0,11840,582
24.0,,23679,18.3,9300,1.0,6,1,10376,581
33.0,Male,150389,8.3,59563,7.9,4,3,25254,586
50.0,Male,58089,4.2,35431,24.3,11,1,54127,652
44.0,Female,33910,6.9,9156,18.1,6,3,28607,580
40.0,Male,45958,8.8,9569,20.3,7,4,51878,592
45.0,Female,95033,3.4,28794,26.6,3,0,99647,606
50.0,Male,32756,1.1,10768,23.7,7,1,29486,594
23.0,Male,52362,11.2,21938,1.0,6,2,57479,512
47.0,Male,57764,15.1,26958,21.0,7,4,46345,602
60.0,Female,41566,6.2,24520,38.5,5,0,51317,633
29.0,Male,74958,15.6,48424,2.2,5,0,19028,574
33.0,Female,30389,2.5,19740,14.2,8,0,12923,577
51.0,Male,18985,11.2,2198,25.9,3,0,21864,580
52.0,Male,81660,3.0,49868,24.2,4,1,31356,587
23.0,Female,59003,13.4,12213,1.0,4,2,12490,567
32.0,Male,58541,12.4,24247,9.5,6,2,62334,579
45.0,Female,71221,4.4,6516,20.6,7,2,37559,586
,Male,105813,15.6,37512,8.6,4,0,102623,628
21.0,Female,105319,8.6,33509,2.5,7,2,126506,541
37.0,Male,28807,18.4,5584,5.4,5,1,30872,598
28.0,Female,67830,11.1,38493,6.6,8,1,45144,611
40.0,Female,43496,16.2,22881,20.2,2,0,9974,628
34.0,Male,79936,9.7,45703,12.1,6,1,16808,614
52.0,Female,41285,8.7,12720,27.9,9,3,11870,615
34.0,Male,30641,3.5,19403,13.4,9,0,19144,582
40.0,Female,92175,4.4,49637,19.4,6,0,36376,607
52.0,Male,34511,10.1,10874,30.0,5,2,13819,630
49.0,Female,123272,6.5,25144,25.4,8,1,132845,649
27.0,Male,63302,2.1,38764,1.0,6,1,74843,501
41.0,Male,69287,6.5,17815,10.4,3,1,48384,564
43.0,Male,71118,6.1,24207,21.3,2,1,12282,555
34.0,Female,89940,15.7,14415,2.8,5,2,83904,544
44.0,Female,30511,3.6,6383,21.9,7,3,26146,558
44.0,Female,100951,19.2,18198,21.6,5,2,113192,655
45.0,Female,35524,7.3,10519,24.3,4,0,36742,600
45.0,Female,77562,1.1,6778,16.9,5,1,41013,576
50.0,Female,71873,6.4,18541,25.6,3,1,65213,612
53.0,Male,32187,6.0,20891,21.3,6,0,9157,615
35.0,Female,60813,16.4,6136,9.7,5,1,14646,625
56.0,Female,54624,6.3,15118,33.0,5,4,50166,613
46.0,Female,162959,3.0,49259,14.5,7,1,78670,620
38.0,Male,22542,6.0,12918,18.8,4,2,16952,521
58.0,Female,69005,3.2,40004,39.6,9,1,14752,676
49.0,Female,86015,12.3,18964,30.3,7,2,101410,631
21.0,Female,95427,3.9,42442,2.9,5,1,101547,464
33.0,Female,58038,14.7,20222,12.2,6,1,23058,641
27.0,Female,28388,13.4,3571,4.7,4,0,30795,607
37.0,Female,43994,8.2,3835,11.5,8,3,38709,528
48.0,Male,63186,27.8,31936,27.3,7,0,41995,718
42.0,Male,91946,7.3,17543,19.9,5,0,40043,603
49.0,Female,129410,12.1,18628,28.7,6,3,146477,627
21.0,Female,28384,4.9,10464,1.0,5,2,22542,554
50.0,Female,77259,8.9,14786,31.9,2,2,12165,638
45.0,Female,105162,21.0,23482,22.6,4,1,120161,646
36.0,Male,92826,7.2,49050,9.2,6,1,78743,549
30.0,Male,24157,1.3,7844,5.4,3,1,26859,512
41.0,Male,105318,12.3,11323,19.8,5,1,129710,595
41.0,Male,48827,28.6,22130,21.0,5,2,42576,674
24.0,Male,65016,9.7,42244,4.3,6,2,59805,528
38.0,Female,148253,6.5,17873,9.3,4,0,49431,603
30.0,Male,123104,11.3,26684,1.5,7,0,29015,583
55.0,Female,88563,3.8,49219,34.9,9,0,104586,624
40.0,Male,86826,5.1,37093,8.9,5,0,31944,578
43.0,Female,28548,8.4,11185,19.9,10,1,31337,607
28.0,Female,69592,12.0,13380,3.9,8,1,83782,553
21.0,Male,74529,6.7,31174,1.0,6,0,13129,578
43.0,Male,246323,3.2,30021,21.4,11,1,162800,694
37.0,Female,70564,3.8,6033,5.9,5,1,76731,563
33.0,Male,65879,5.4,8839,3.0,9,0,77973,548
41.0,Male,44180,3.3,28547,20.0,5,1,50743,547
44.0,Male,44520,11.3,21029,20.4,1,0,18654,630
36.0,Male,50060,4.9,16167,14.4,5,2,54533,587
46.0,Male,37288,3.9,21399,14.2,4,0,17060,560
28.0,Male,105293,11.4,28399,1.0,5,3,22234,588
48.0,Male,72516,6.3,20570,18.3,5,1,34015,571
32.0,Male,69923,2.5,19491,5.6,6,1,44215,552
70.0,Female,89854,7.0,10108,40.0,4,0,89050,663
26.0,Male,47701,2.2,27237,1.0,6,1,43381,528
34.0,Male,112648,5.3,48750,5.8,4,2,125990,525
34.0,Female,66691,4.1,17734,13.1,7,0,50526,577
42.0,Female,26887,6.4,6443,21.0,4,3,33276,537
38.0,Female,32928,3.5,19330,15.2,3,2,10550,535
33.0,Female,68558,6.8,13176,9.8,3,1,66689,552
36.0,Male,77400,6.7,50237,14.1,4,1,34948,528
29.0,Male,27265,7.4,17187,1.0,4,2,34073,509
51.0,Female,35830,2.5,8622,27.9,2,0,17657,570
34.0,Female,50359,2.1,24284,4.9,4,0,11574,519
35.0,Male,46785,4.7,27124,16.2,4,1,39985,561
60.0,Male,33470,12.5,6908,35.8,5,2,29764,651
56.0,Male,69131,9.6,40814,25.9,5,5,13809,566
22.0,Male,44247,5.8,11357,1.0,3,0,46344,515
59.0,Male,37501,2.0,13033,28.5,5,0,30397,574
52.0,Female,52447,8.1,9973,29.1,4,0,35541,655
24.0,Female,44403,11.8,5294,1.3,8,1,30991,595
42.0,Male,137851,8.6,81233,18.4,5,2,64117,586
28.0,Female,36185,11.7,23445,9.5,6,0,20073,639
46.0,Female,40866,8.9,16681,18.6,5,2,24257,609
29.0,Male,95321,1.2,38592,5.2,5,3,102635,479
45.0,Male,124802,10.2,41681,13.6,9,2,126930,628
51.0,Female,27814,11.8,2717,23.2,6,1,14986,643
51.0,Male,70999,5.3,7072,29.7,4,0,48937,613
23.0,Male,35140,6.1,11203,1.0,6,0,19528,542
21.0,Female,40249,8.8,13553,1.0,6,1,49989,483
36.0,,69479,7.4,29936,7.2,4,1,30013,554
43.0,Male,101314,7.2,54271,15.4,5,2,84274,553
62.0,Female,63204,4.6,30562,33.4,4,2,74773,586
36.0,Female,35342,5.0,14883,7.8,10,2,22477,523
51.0,Male,49870,21.0,15791,32.2,5,1,9037,699
41.0,Male,46819,19.4,9769,13.3,3,2,47674,633
45.0,Male,29957,5.8,7911,22.7,8,3,30852,561
41.0,Female,81546,2.3,19814,15.7,6,1,77476,540
51.0,Male,38668,10.1,4282,27.0,5,3,12471,590
21.0,Male,53622,1.8,26918,1.0,3,1,43078,515
45.0,Male,81537,7.2,28131,17.1,4,2,34106,571
55.0,Female,94057,9.5,25359,28.9,5,4,75378,562
39.0,Male,64609,7.9,22590,16.2,8,2,71187,620
28.0,Male,62766,5.5,26140,1.0,5,0,76681,510
47.0,Male,51951,13.2,24044,18.5,5,1,59530,574
37.0,Male,115509,13.8,18418,5.4,9,0,23225,648
33.0,Male,118348,8.4,49396,1.8,5,2,130246,505
38.0,Male,64154,7.6,7445,6.6,3,1,41149,528
22.0,Female,60420,5.3,30958,1.0,5,3,25062,517
49.0,Female,59311,4.6,12767,19.8,4,2,27862,598
27.0,Male,115050,3.5,26742,1.0,8,2,90383,526
47.0,Female,136459,10.2,67962,22.3,3,3,70691,537
55.0,Male,35848,5.9,17663,36.1,6,3,15872,602
21.0,Female,62714,4.9,39774,1.0,5,2,14668,480
31.0,Female,71294,7.3,25451,1.0,4,2,37381,519
54.0,Female,86537,1.4,21485,35.6,3,0,81965,608
47.0,Male,54528,5.8,23463,27.8,7,0,55500,591
55.0,Male,25780,11.7,11024,27.6,7,2,10285,643
27.0,Male,67279,5.7,16758,4.9,5,3,61374,550
46.0,Male,68759,3.6,12162,25.9,8,3,44994,562
38.0,Female,48426,10.6,8201,8.6,6,1,22029,585
31.0,Male,52018,4.8,21682,1.2,9,2,50967,538
40.0,Male,89405,1.7,52141,13.9,3,0,88289,521
61.0,Female,68980,6.7,33245,34.3,3,6,82350,495
47.0,Female,86139,8.1,38017,17.8,4,2,70449,563
39.0,Male,46671,9.6,6494,17.6,3,3,47171,598
53.0,Male,56575,7.2,7757,23.0,5,1,18259,631
39.0,Female,61772,9.9,36258,10.6,3,0,32971,573
51.0,Female,26140,6.6,14491,25.5,7,2,16410,584
39.0,Male,73409,1.4,34357,12.9,6,1,11762,541
21.0,Female,43703,7.3,4388,1.0,5,2,41112,540
48.0,Female,23805,10.3,2858,16.9,4,1,19378,577
28.0,Female,95415,17.1,54474,1.0,8,1,112033,520
37.0,Female,50185,14.2,26717,10.7,9,2,36632,623
31.0,Male,43088,2.8,11214,11.4,6,3,12437,567
40.0,Male,40846,4.5,7771,13.5,2,1,44351,506
25.0,Male,119330,14.2,43367,1.0,4,4,41320,537
58.0,Male,34737,18.8,5263,38.4,2,0,39805,717
22.0,Male,34502,10.2,2805,1.0,4,1,31269,520
39.0,Female,65967,6.8,29725,7.7,3,0,43202,532
35.0,Female,85348,3.6,19675,10.8,3,0,100134,559
27.0,Male,43033,3.5,12686,1.0,8,0,36976,544
39.0,Female,62774,4.0,13589,19.7,8,2,39625,603
40.0,Male,169388,6.0,53944,11.3,6,3,157192,538
44.0,Female,44631,6.5,6744,20.9,4,1,25291,627
40.0,Female,56349,8.3,13444,16.1,5,3,65291,593
36.0,Female,44584,2.5,21251,15.1,5,1,54364,549
65.0,Female,205235,1.8,45422,37.9,4,2,180000,646
53.0,Male,72072,4.6,7631,26.8,8,0,16136,647
27.0,Female,76402,2.0,47808,1.0,3,3,90085,430
26.0,Male,57431,10.6,11875,3.7,5,0,9770,588
40.0,Male,117531,16.8,38275,19.0,8,0,20904,706
38.0,Male,61909,13.4,31185,15.8,5,1,68209,618
35.0,Female,120314,10.5,60157,7.4,6,0,48294,630
36.0,Female,33022,7.9,18542,13.8,7,1,39492,573
26.0,Female,25107,2.2,14464,3.1,9,1,21208,553
43.0,Male,30096,17.0,16783,11.7,6,0,28284,614
41.0,Male,59223,16.5,34008,19.2,9,1,53760,677
35.0,Female,35806,5.8,9259,10.2,6,1,16633,579
29.0,Female,72028,4.3,7781,9.8,4,1,25062,580
52.0,Male,31841,5.4,8701,22.8,7,1,22517,615
27.0,Male,137886,10.8,38352,1.0,4,0,23094,625
41.0,Female,31810,3.8,2667,12.2,6,0,17081,617
50.0,Female,56429,4.5,8067,23.1,1,1,10936,550
32.0,Male,144682,5.7,89153,1.5,8,0,74927,512
42.0,Male,105165,7.8,58852,13.6,6,3,82264,552
55.0,Female,92871,4.7,47960,36.6,5,1,28609,634
27.0,Male,98452,7.8,23258,1.0,5,4,77772,480
59.0,Male,27763,4.7,15879,32.9,7,1,17302,609
38.0,Male,29920,6.6,6422,16.3,8,1,29454,596
21.0,Female,49967,5.6,9296,1.8,8,1,49473,576
36.0,Male,61018,7.5,12978,7.8,5,1,11089,595
41.0,Male,54773,7.1,35383,14.5,3,2,19553,527
52.0,Male,58577,1.4,25859,23.3,5,2,40762,556
37.0,Female,31160,3.6,18009,15.9,8,2,33388,574
53.0,Male,51014,15.3,17253,25.9,7,1,12953,690
41.0,Female,52049,4.3,12722,20.5,3,0,57393,596
27.0,Male,32828,10.7,5661,1.0,5,4,24559,498
33.0,Male,35318,3.9,17857,14.4,5,0,41379,552
39.0,Male,100995,13.5,18636,16.3,6,1,58689,623
21.0,Female,60358,4.2,10169,1.0,8,2,35991,534
21.0,Male,18000,9.8,6022,1.0,6,2,21108,555
56.0,Male,66927,8.2,11687,33.1,3,2,34496,616
32.0,Female,72154,3.0,37006,7.5,6,0,31031,555
45.0,Female,29545,7.4,8233,18.7,4,2,34850,583
34.0,,42098,10.6,19597,10.0,9,1,43915,571
34.0,Female,73566,6.1,39678,7.5,5,4,38359,494
28.0,Female,44322,19.4,6032,7.5,4,1,29004,634
24.0,,162355,3.8,91332,2.2,6,2,119236,489
49.0,Female,118401,4.9,22255,25.0,8,5,22624,613
59.0,Female,77734,23.2,34281,34.8,5,1,65215,696
30.0,Female,177941,7.8,99925,9.2,4,1,100559,540
37.0,Male,51738,4.7,8500,13.0,6,3,58716,504
34.0,Male,58704,1.2,19165,9.4,2,4,32486,501
40.0,Female,60004,8.0,38630,17.8,2,2,64885,562
26.0,Male,51123,2.9,21213,1.0,3,3,51403,492
23.0,Male,121075,4.4,17153,1.0,3,1,70269,510
31.0,Male,39810,11.4,15928,3.4,4,2,28410,570
46.0,Female,33093,15.7,19830,24.3,7,1,15184,688
40.0,Male,31041,20.2,14811,16.4,3,3,36750,618
46.0,Male,44636,2.4,20516,27.8,4,2,45775,571
39.0,Male,117907,1.9,26222,11.8,2,0,48284,551
40.0,Female,122508,13.1,17407,17.6,7,4,29710,679
42.0,Male,68471,5.0,32748,16.0,6,1,43216,571
58.0,Male,47655,20.9,4485,27.9,2,0,43111,653
55.0,Male,34304,9.6,21424,32.7,5,7,23020,575
36.0,Female,32062,9.6,20055,9.9,4,0,35022,566
50.0,Male,23865,8.0,4448,28.3,12,1,11088,624
62.0,Female,40470,3.1,17868,31.6,8,0,40698,597
37.0,Female,51658,9.1,12661,12.1,5,0,42273,577
36.0,Male,32352,4.1,3874,15.0,3,1,28684,536
46.0,Female,65913,14.7,34715,21.6,7,1,77552,635
35.0,Female,84657,6.4,49055,13.6,7,1,13491,576
29.0,Male,56132,6.8,11561,7.1,8,2,67204,563
24.0,Male,49957,8.2,16099,4.3,4,3,52120,517
53.0,Male,106214,15.7,50821,21.8,7,1,74986,649
32.0,Male,85228,7.4,10945,12.7,2,2,67756,551
37.0,Male,85873,4.4,48304,18.3,6,1,85779,589
44.0,Female,54233,4.8,12550,19.3,6,1,38736,608
41.0,Male,33624,15.2,14020,19.0,5,2,7072,612
46.0,Female,109760,10.1,14107,24.8,6,2,113462,593
42.0,Male,65810,1.7,6767,20.8,8,2,26286,589
47.0,Male,76687,2.1,36616,16.1,4,1,64115,504
37.0,Female,194780,6.2,104477,15.2,2,4,118720,502
56.0,Male,32310,4.7,3736,28.8,8,0,9436,630
42.0,Male,32470,4.2,4788,18.9,3,3,16005,556
47.0,Female,48688,4.7,13900,15.5,8,2,57866,577
44.0,Female,94326,16.3,53188,20.0,4,0,18931,623
50.0,Female,45574,8.4,8137,30.9,4,1,16638,647
56.0,Female,39745,5.9,14583,28.7,4,1,36050,588
33.0,,68150,8.1,36424,1.5,6,2,16460,541
32.0,Female,66512,13.3,31743,7.6,3,3,58666,533
39.0,Male,78314,1.7,47503,13.7,7,0,44897,561
34.0,Female,88183,6.4,37830,10.9,8,2,69522,567
25.0,Female,68142,11.2,33450,5.3,4,1,71729,522
34.0,Female,143953,18.3,85051,6.0,4,2,87556,615
21.0,Male,96693,11.9,32072,3.0,7,1,60042,576
53.0,Male,41880,11.8,18615,33.7,5,3,21829,639
46.0,Female,36377,8.8,21289,18.1,2,2,19265,536
38.0,Male,40400,6.7,9278,18.8,8,1,42432,595
45.0,Female,47209,9.4,29661,23.4,2,1,33441,604
35.0,Male,53750,4.9,33137,16.0,7,1,20349,588
40.0,Male,70964,1.7,41939,21.0,6,2,75905,559
41.0,Male,37573,6.6,18693,15.6,6,2,20672,578
32.0,Male,58849,8.7,5029,10.0,9,0,61131,586
54.0,Male,22945,13.3,8351,26.6,5,2,26772,659
38.0,Male,58053,11.8,28599,18.0,1,3,23804,556
21.0,Male,25118,15.8,2441,1.0,4,1,12295,559
46.0,Male,30166,9.6,9056,25.6,3,0,24241,611
36.0,Male,97814,12.1,63494,7.1,3,2,87145,498
54.0,Male,57580,5.6,24363,24.7,5,3,21981,559
35.0,Male,47753,14.9,22739,6.0,8,1,9785,620
21.0,Male,48485,10.0,5441,1.0,4,2,32457,552
28.0,Female,122819,10.4,37927,4.0,3,0,124889,534
40.0,Male,42474,4.2,10992,12.3,3,4,38134,502
34.0,Female,64937,6.9,13850,5.9,5,2,50364,523
32.0,Female,93486,4.7,16869,8.6,3,1,17465,525
43.0,,19410,11.0,5771,24.5,3,1,7354,570
37.0,Female,67419,21.6,20318,10.7,5,2,68255,644
40.0,Male,38554,5.3,22849,14.7,11,2,17483,576
35.0,Male,77520,3.9,11252,11.6,4,1,21958,568
40.0,Male,78787,10.2,42851,19.1,4,0,92990,579
56.0,Female,28260,4.1,12336,33.9,2,0,30005,643
39.0,Male,86806,11.3,56276,7.6,4,3,73391,476
33.0,Female,30739,9.7,13041,1.7,9,3,36666,559
44.0,Female,52982,1.3,10771,24.1,4,2,31477,575
33.0,Male,94362,11.1,34964,12.8,5,2,75398,572
25.0,Male,98326,15.3,23473,2.2,2,0,113653,578
61.0,Male,118083,3.2,65127,31.8,7,4,58359,567
34.0,Female,34580,7.3,22444,9.2,6,2,8889,550
25.0,Female,183853,6.5,46505,1.0,10,0,135771,609
39.0,Female,46955,3.1,7946,17.9,4,1,54077,552
38.0,Female,45619,5.2,29085,15.8,7,0,33857,586
29.0,Male,64686,14.5,7744,2.2,3,3,55336,547
41.0,Male,87893,10.5,41139,17.2,5,1,76669,561
40.0,Female,45494,1.5,17461,10.1,4,0,37165,527
43.0,Male,68118,7.1,38532,23.8,4,2,45459,557
21.0,Male,58853,4.5,15931,1.0,7,1,31423,553
21.0,Male,44019,5.1,14910,1.0,5,0,30909,548
44.0,Male,30497,16.3,5942,13.0,3,0,13828,633
23.0,Male,77226,9.4,41433,1.0,5,5,58610,472
44.0,Female,85826,12.4,53239,16.6,5,2,45663,607
49.0,Male,85319,13.9,22237,28.2,3,2,53733,626
39.0,Female,57421,3.5,32717,16.8,4,0,38398,567
21.0,Male,73719,7.5,45859,1.9,5,1,54805,537
33.0,Male,42130,5.8,18013,12.6,2,2,47970,552
35.0,Female,87575,5.1,34106,3.7,7,0,30077,570
32.0,Female,78980,4.5,24210,13.5,3,3,34919,560
38.0,Female,98283,15.3,12126,17.7,3,0,70801,625
23.0,Male,51815,6.8,21602,1.0,2,1,53231,545
47.0,Male,63448,4.6,6548,15.6,4,2,11683,578
47.0,Female,25231,1.9,9979,19.2,3,0,18775,602
30.0,Male,167090,4.5,51116,1.0,5,0,180000,545
39.0,Female,71483,16.6,31498,11.1,3,0,15816,645
,Male,38710,6.1,5150,8.4,5,0,29835,572
52.0,Male,28080,19.6,3799,28.7,1,4,15573,624
54.0,Female,132985,6.5,11016,23.8,4,1,111166,551
48.0,Male,125458,10.0,54446,24.3,2,2,30518,626
23.0,Female,55595,6.8,10624,1.0,5,2,63101,510
21.0,Female,84053,11.8,48314,1.0,3,0,39607,550
40.0,Male,42806,13.7,13144,8.5,8,3,7962,622
36.0,Female,48600,4.8,9722,4.8,8,2,35562,556
21.0,Male,41822,14.3,10609,1.0,8,1,12510,612
21.0,Female,27649,3.1,11220,1.0,6,1,23475,498
51.0,Male,58063,2.2,26705,28.7,7,0,34827,604
28.0,Male,51075,3.6,28725,1.0,1,0,56261,504
38.0,Female,69897,1.3,42316,10.6,6,1,80719,522
32.0,Male,55156,9.7,10092,13.5,6,2,44388,576
54.0,Female,38834,4.6,20986,27.2,6,2,30596,626
53.0,Female,48515,8.6,22630,21.9,5,2,29290,604
35.0,Female,29218,13.7,8417,5.3,8,2,14229,613
30.0,Male,53453,6.6,28366,8.7,5,1,32301,575
45.0,Male,46608,13.2,11054,22.9,6,3,47363,626
38.0,Male,43929,4.9,13552,18.9,8,0,25888,616
36.0,Male,48943,10.7,21135,12.4,6,2,48756,603
46.0,Male,67948,2.9,12564,19.6,9,4,70621,551
48.0,Male,79482,19.1,24991,20.4,6,1,74330,645
32.0,Female,63295,9.7,29742,2.0,3,0,70274,518
41.0,Male,43379,3.2,27536,17.6,2,0,22498,565
43.0,Male,45021,5.4,15792,19.6,6,2,12921,570
48.0,Female,56913,6.3,21686,22.6,2,5,46916,535
63.0,Male,26117,4.8,13695,35.4,2,0,22980,622
30.0,Female,93465,4.3,42773,5.2,11,5,113104,495
29.0,Female,69526,5.5,39179,1.0,3,1,34924,504
35.0,Female,84168,4.9,23343,8.4,5,1,104755,524
41.0,Female,26711,5.2,6287,14.2,6,0,8086,541
41.0,Male,107034,14.4,47444,13.6,4,1,121757,619
30.0,Male,34910,14.2,18923,5.7,4,3,33951,548
46.0,Male,159752,3.9,91851,23.2,4,0,124231,564
39.0,Male,69004,4.6,12431,7.4,5,5,69913,445
46.0,Female,25463,3.0,5489,18.9,8,0,10894,626
39.0,Male,72542,16.6,35629,13.0,5,0,18725,645
67.0,Male,38594,11.3,19680,38.6,8,0,42054,704
34.0,Male,53915,6.3,10641,5.7,4,1,35202,525
31.0,Male,64040,28.5,36193,9.6,8,2,40900,674
36.0,Male,23062,4.2,14145,13.3,6,1,18068,546
32.0,Female,72154,3.0,37006,7.5,6,0,31031,555
34.0,Female,51030,8.4,17783,10.5,6,2,27686,571
44.0,Male,69592,8.6,34716,25.7,3,1,24449,605
24.0,Female,63086,6.9,31862,1.0,5,1,19331,569
23.0,Female,71089,11.8,16072,1.0,6,0,88567,599
29.0,Male,24362,2.9,13639,7.1,5,1,5453,560
29.0,Female,86090,8.4,19313,3.8,7,1,95121,544
44.0,Male,137869,4.5,58785,15.2,10,0,26169,657
22.0,Female,114737,6.8,37347,1.0,7,2,17305,554
46.0,Female,71384,1.6,22548,15.0,10,1,39077,550
29.0,Male,98131,5.6,36006,1.0,6,1,48450,520
21.0,Male,90784,5.1,28655,1.0,5,3,18086,515
61.0,Male,42721,2.4,14644,30.8,8,1,11641,648
59.0,Male,58910,2.7,33831,33.8,5,2,38675,573
21.0,Male,129476,3.7,51547,1.0,7,1,22292,575
44.0,Male,167419,6.6,45839,19.1,6,4,52358,573
21.0,Female,54917,2.9,14394,1.0,3,3,52793,514
26.0,Female,58330,10.9,34052,1.0,6,2,49693,543
40.0,Female,47919,9.9,14704,15.2,8,2,58899,614
53.0,Female,93488,5.0,26780,21.1,2,2,110012,585
28.0,Male,39906,8.1,24531,3.9,1,0,42436,523
27.0,Female,76714,9.1,19759,8.8,8,2,28010,588
26.0,Male,97524,7.3,48621,1.0,3,2,64251,498
21.0,Male,33778,4.8,9098,1.0,2,0,22118,504
32.0,Female,44493,12.7,21333,4.2,6,0,7489,616
47.0,Male,184469,1.8,107528,24.3,7,1,30951,603
56.0,Male,76481,7.3,25230,33.9,6,1,83502,631
38.0,Female,47435,8.3,27824,8.6,4,2,10963,549
50.0,Male,53831,4.6,31996,26.7,5,2,53197,561
30.0,Female,19118,14.3,7221,8.8,4,0,12033,538
35.0,Female,102392,14.8,64859,13.7,7,2,117447,596
36.0,Male,51205,7.2,33166,5.2,2,1,8953,521
26.0,Female,71198,4.7,40453,1.0,3,1,66746,492
36.0,Female,49905,13.8,21736,17.1,4,2,54813,588
46.0,Male,36739,4.8,18964,25.6,2,4,38112,575
48.0,Female,83620,13.2,12039,28.7,4,2,52493,626
45.0,Male,82950,5.0,49144,25.9,11,1,94214,605
46.0,Female,37586,6.2,21857,15.7,7,2,31896,548
53.0,Female,69242,4.5,29939,23.3,6,1,42623,558
41.0,Female,60521,7.9,33919,15.8,7,2,55388,587
37.0,Male,33037,5.4,12134,16.9,4,0,40600,582
46.0,Male,29610,4.5,5663,26.8,6,5,29823,556
39.0,Female,181103,4.4,117172,7.1,3,0,57751,528
37.0,Male,53296,5.4,16740,6.5,7,0,61139,572
45.0,Male,133289,4.5,64683,19.2,7,1,87845,549
35.0,Male,40165,6.7,4679,5.6,3,4,14800,546
49.0,Female,35513,5.2,5095,23.0,3,4,39143,563
33.0,Male,59196,13.5,29603,4.5,5,1,22650,608
46.0,Female,54964,15.1,17427,17.2,8,3,15808,625
30.0,Male,48526,9.1,22411,1.2,7,3,58652,489
,Female,76160,3.9,25507,10.2,6,3,15019,565
44.0,Male,63840,2.3,9243,13.4,5,0,74332,564
21.0,Male,47229,12.5,13815,1.0,4,2,17840,552
21.0,Male,32640,10.6,20312,1.0,9,1,19409,570
57.0,Male,50435,2.1,18010,31.6,7,1,60947,619
30.0,Female,156439,6.5,56722,1.0,8,1,68612,515
46.0,Male,111263,6.7,57423,20.8,10,2,30909,621
48.0,Male,36856,25.7,11938,28.1,5,0,28367,726
32.0,Male,41978,5.3,15331,7.0,6,3,45222,515
52.0,Female,48982,5.8,28931,26.8,6,2,60295,554
37.0,Female,218129,9.0,63424,6.4,5,1,180000,571
32.0,Female,37633,11.8,5429,3.3,8,0,14498,562
38.0,Male,35346,3.7,5124,11.1,7,4,37463,467
46.0,Female,79735,11.8,23639,19.0,4,1,46390,609
28.0,Male,66728,11.8,27866,1.0,5,0,77128,578
36.0,Female,86342,7.1,23174,9.5,3,2,13899,554
42.0,Female,123870,6.1,48703,16.5,3,1,153692,515
62.0,Female,50078,8.4,22855,38.2,2,1,44323,628
43.0,Female,30047,10.9,5366,20.3,3,1,37502,579
61.0,Female,57179,9.3,35436,35.1,7,1,37759,645
25.0,Male,49524,11.2,28042,1.0,6,2,31611,557
48.0,Male,87764,8.8,19581,18.3,6,2,98707,641
45.0,Male,56161,5.8,29527,13.5,8,1,57288,559
51.0,Female,34200,4.6,5394,32.1,2,4,11165,548
70.0,Female,45189,5.1,18765,40.0,6,1,54886,622
42.0,Male,255093,7.7,105389,18.3,11,2,45225,632
24.0,Male,108520,13.2,67640,1.0,3,1,30706,585
38.0,Male,70477,6.3,35883,19.6,7,4,54200,545
32.0,Male,36975,1.7,21868,11.3,10,2,42349,559
36.0,Male,48824,6.6,7802,11.6,7,2,21805,621
62.0,Female,61686,9.4,29094,36.6,1,1,19174,650
43.0,Male,61716,26.4,27991,19.5,5,1,18319,710
37.0,Male,40336,8.3,4804,12.5,3,1,28371,590
23.0,Male,79041,7.9,20582,1.0,6,0,17693,573
49.0,,51313,19.6,8217,24.3,7,0,12935,707
41.0,Male,68626,6.3,28191,9.3,4,2,49393,534
46.0,Female,75523,13.4,12423,25.1,3,0,88702,651
31.0,Male,32501,5.6,17019,12.4,4,0,18500,571
49.0,Male,61301,9.5,31887,19.4,6,0,33720,626
,Male,40634,5.6,9660,36.4,3,3,9530,595
41.0,Female,31173,6.4,16561,21.6,7,2,28487,559
32.0,Male,78127,6.5,39392,6.8,5,0,58874,555
44.0,Male,32988,7.9,16918,16.3,10,2,13363,574
55.0,Female,53288,5.6,9954,26.5,3,4,52100,536
42.0,Male,42542,3.7,14713,16.9,5,2,10755,545
37.0,Male,30892,8.8,14144,8.8,4,2,36968,520
38.0,Female,33893,7.2,21908,16.7,8,0,34636,614
34.0,Male,35072,7.8,17956,12.9,5,0,20406,592
21.0,Male,90100,8.4,28180,1.0,6,1,25560,571
47.0,Female,41324,2.5,14551,22.0,4,1,41962,564
32.0,Female,103978,5.1,62140,9.8,3,2,18434,558
28.0,Female,35587,4.7,9135,8.2,6,2,39188,577
41.0,Male,47453,4.7,30410,13.1,6,0,52137,557
45.0,Male,63284,8.8,27749,19.4,3,2,77591,604
56.0,Female,71831,2.2,42438,24.9,3,0,20016,602
40.0,Male,65721,2.6,37782,18.4,10,3,12598,576
54.0,Male,72297,9.8,32529,35.6,3,1,72216,638
59.0,Male,41124,12.4,10933,28.3,6,3,30916,598
44.0,Female,50329,1.8,27048,12.7,4,0,58963,577
37.0,Female,48660,7.9,19472,9.9,4,1,56258,555
22.0,Male,65662,10.7,39689,2.9,4,2,37487,548
47.0,Female,109873,3.3,70460,27.8,3,1,47315,584
49.0,Male,43632,13.9,5129,27.2,5,2,13460,650
45.0,Female,22070,1.0,2572,14.5,7,1,8925,567
31.0,Male,48873,18.2,18224,7.5,5,1,41733,627
45.0,Male,59267,3.0,21361,24.8,6,1,23908,612
43.0,Female,65945,27.6,13007,16.3,5,2,20220,674
53.0,Female,48638,9.1,9602,33.2,5,2,38001,664
43.0,Male,50551,2.2,9664,12.9,4,2,44974,542
38.0,Male,35198,14.4,14825,10.1,6,2,29062,551
,Male,94665,11.9,23121,11.1,7,0,58145,600
34.0,Female,133679,5.4,65127,12.6,7,2,93547,532
42.0,Male,47699,9.0,22818,17.0,3,2,40205,557
21.0,Male,38655,6.2,20325,1.0,2,2,13271,484
29.0,Male,89136,10.7,19481,10.0,4,2,65248,570
31.0,Female,69119,12.8,27153,1.8,3,2,85666,545
24.0,Female,36250,12.5,14863,1.0,4,3,41937,528
41.0,Male,176635,10.1,108771,12.8,7,0,38196,621
41.0,Female,86242,1.5,31585,16.8,4,2,89069,541
45.0,Male,59564,6.6,31786,18.9,4,3,19167,560
26.0,Male,80444,16.1,30633,1.0,2,1,14930,570
57.0,Female,33507,3.8,9844,30.4,6,0,38642,593
29.0,Male,183201,22.3,73689,1.0,8,1,83922,645
28.0,Male,56618,19.3,17542,7.9,2,0,36314,584
51.0,Male,46364,11.3,15918,32.2,4,1,39362,636
46.0,Female,98690,10.1,19092,19.0,6,1,15154,642
32.0,Male,80990,8.3,41530,8.2,7,2,75990,550
30.0,Male,111934,19.8,58806,2.4,7,0,28457,634
47.0,Male,99916,3.5,34206,26.9,4,1,104592,558
55.0,Male,132800,4.3,76817,30.3,5,1,122953,595
44.0,Female,42409,8.1,26248,24.7,3,1,20601,633
41.0,Male,42791,5.3,16514,10.4,6,2,7146,543
47.0,Male,37579,1.7,7660,16.6,5,0,29745,575
36.0,,67346,1.4,23942,6.5,7,1,56529,493
41.0,Female,92920,2.0,49029,11.8,6,0,31742,560
47.0,Male,52261,3.0,14408,22.0,5,3,15436,553
59.0,Female,48125,7.3,11546,40.0,4,0,42996,653
21.0,Female,63168,3.7,27475,1.0,4,4,69525,430
41.0,Female,92312,10.3,26342,22.7,6,0,54996,641
30.0,Male,86528,4.7,31912,1.0,7,2,83225,514
39.0,Male,32493,10.2,6030,10.3,5,0,22746,601
31.0,Male,52075,8.6,5832,6.9,5,3,62712,556
24.0,Male,43673,6.7,13501,4.5,9,0,49415,562
50.0,Female,135236,11.4,34839,26.4,7,1,131888,636
46.0,Male,100257,5.6,41392,17.5,5,0,46260,610
60.0,Female,64245,4.1,33534,31.8,7,3,46699,591
35.0,Male,81516,11.2,25266,3.8,7,2,84682,548
50.0,Female,94132,3.4,21109,27.1,4,1,32599,616
33.0,Female,122276,0.8,31765,2.8,3,0,138168,514
57.0,,73157,3.6,23836,37.0,7,0,24766,636
37.0,Male,39397,15.1,25433,18.0,3,0,42524,590
33.0,Male,34596,3.8,12626,13.3,7,1,16283,546
47.0,Female,38774,8.2,16055,16.9,5,2,39565,521
51.0,Female,21217,9.8,13695,25.0,8,2,5881,622
46.0,Male,43334,5.4,6520,17.1,5,2,51252,609
36.0,Female,48638,5.9,31260,10.4,10,2,54296,542
27.0,Male,50067,10.6,19055,8.0,2,3,32613,473
24.0,Male,26784,8.0,13157,1.0,6,0,17553,577
44.0,Female,55840,6.8,27694,15.3,5,2,19208,526
41.0,Female,40788,3.4,16409,12.9,5,4,21660,521
33.0,Male,176003,4.7,28920,8.0,3,0,81012,541
33.0,Male,102615,11.8,49080,8.9,7,3,20157,611
21.0,Male,48752,11.9,9096,1.0,9,3,36034,572
56.0,Male,88023,5.5,36905,28.3,5,2,46669,615
43.0,Female,80506,27.1,14566,14.0,3,3,21275,686
44.0,Male,79353,3.9,7711,22.8,7,2,55656,613
23.0,Male,63778,13.5,34684,1.0,5,4,30991,532
66.0,Male,47168,4.8,28017,40.0,6,0,11538,658
42.0,Male,48551,11.3,18680,19.0,6,3,35932,607
45.0,Male,33303,14.7,20522,24.3,3,0,11336,645
54.0,Female,27045,10.1,13107,23.9,4,0,16045,622
21.0,Male,139597,14.2,52134,1.0,4,3,172063,518
42.0,Female,86982,9.9,35485,23.9,10,0,60810,677
21.0,Female,149146,14.4,93167,1.0,6,2,64074,563
36.0,Female,39713,13.4,19872,7.6,4,1,41825,580
30.0,Male,58074,11.6,19213,11.3,6,1,18757,624
28.0,Male,105573,22.3,11389,6.9,6,0,68754,683
54.0,Female,43625,2.3,20279,31.3,5,0,10942,597
22.0,Female,18000,10.3,5747,1.0,7,2,21795,550
40.0,Male,36221,3.2,15878,9.9,5,1,36549,534
55.0,Male,52593,7.7,19235,30.1,6,2,22372,625
47.0,Male,52203,3.7,12663,20.1,7,2,37427,573
40.0,Male,41327,5.8,20014,17.7,2,2,31689,553
48.0,Male,60095,11.1,32807,22.6,5,1,41365,593
45.0,Male,67176,7.9,24778,23.5,7,1,70239,644
24.0,Male,178549,1.4,31409,2.6,7,0,180000,572
34.0,Female,78671,9.6,43689,14.0,8,1,46479,603
29.0,Male,50929,9.7,8904,9.1,5,2,24755,580
38.0,Male,83658,3.2,30765,17.8,8,1,80638,567
44.0,Male,81377,7.2,21741,18.4,9,1,76134,634
29.0,Female,47242,14.1,29799,1.4,11,1,7320,588
55.0,Male,33543,11.8,18345,25.9,4,1,29812,634
32.0,Female,80803,13.5,49154,1.4,1,1,86099,527
55.0,Female,43437,4.0,14012,23.8,8,1,48299,628
43.0,Male,44701,4.5,22217,13.5,6,1,48070,564
43.0,Male,86362,7.8,13493,12.8,4,2,68670,553
39.0,Male,86624,5.6,26188,17.9,1,1,82108,543
39.0,Male,75016,11.6,33661,13.2,4,6,77837,491
38.0,Male,58906,10.6,12562,19.9,4,2,60860,599
43.0,Male,65082,3.5,39466,17.0,3,0,33449,593
45.0,Male,64101,13.2,35219,23.7,9,1,40659,649
36.0,Male,57650,5.2,14368,14.3,4,0,17301,585
38.0,Male,32991,9.1,4915,11.2,3,0,14790,611
37.0,Female,66612,5.3,10987,15.2,6,5,52733,524
33.0,Female,59356,12.9,15793,14.1,8,0,19568,614
30.0,Female,42459,6.4,9848,1.9,2,2,13078,532
24.0,Male,55385,2.8,5986,1.0,4,1,53815,513
40.0,Male,93147,10.6,17326,19.6,5,2,82231,581
43.0,Female,64883,4.0,13118,22.3,7,2,44072,597
33.0,Female,85751,12.2,14033,3.7,5,4,99993,490
30.0,Male,42128,13.2,4835,3.9,10,1,35731,587
27.0,Male,45778,3.5,4165,3.9,3,3,19449,525
21.0,Male,65360,3.0,21324,1.0,4,1,17632,524
27.0,Male,33764,10.8,21169,1.0,5,0,9405,575
25.0,Male,146749,8.4,59053,1.0,8,5,82694,528
43.0,Male,53719,3.4,27079,21.7,1,0,33189,592
34.0,Male,55072,5.3,5443,8.1,4,0,25110,564
59.0,Female,138382,4.7,47550,34.8,5,1,123106,644
42.0,Male,35071,17.4,3625,12.8,9,0,8792,663
36.0,Male,33362,15.1,4217,6.1,4,1,35896,624
21.0,Male,46636,2.5,26582,1.0,3,0,26478,492
49.0,Female,61103,10.5,5196,22.4,4,1,12395,620
27.0,Female,153620,10.5,70251,1.0,6,0,142113,563
31.0,Female,44409,4.4,23854,9.8,6,0,27119,562
50.0,Female,85247,0.9,23291,28.3,6,2,45053,590
47.0,Female,49667,6.6,30563,29.0,5,1,7778,596
39.0,Female,141511,7.5,31538,20.1,10,1,71548,613
33.0,Male,52991,4.7,19769,1.2,6,2,44497,501
50.0,Male,60078,27.9,34433,26.6,4,0,44630,690
26.0,Male,79254,32.9,22833,6.6,5,4,57846,671
29.0,Female,29047,1.1,16046,1.6,6,2,23912,532
42.0,Male,47263,8.8,24367,22.5,5,1,24710,589
38.0,Male,86842,5.2,47293,12.1,1,3,88892,490
23.0,Male,93722,11.3,18854,1.0,5,1,20442,623
63.0,Female,76888,10.6,39717,40.0,7,0,16851,672
27.0,Male,59774,20.9,9060,6.4,9,1,37839,672
33.0,Male,89554,6.4,47678,12.1,7,1,94173,582
34.0,Female,55875,10.2,26941,6.0,6,4,45046,498
54.0,Male,60968,6.8,30513,30.0,5,2,27463,614
49.0,Male,135218,8.0,73453,27.8,4,2,162871,568
34.0,Male,64792,20.8,22536,15.9,4,0,51653,666
55.0,Male,36518,2.9,13894,29.7,4,1,11411,551
26.0,Male,54275,16.3,8762,1.0,7,1,24819,602
42.0,Male,169937,2.1,34601,17.3,5,1,111901,572
39.0,Male,72073,7.3,40750,13.5,7,1,45416,576
35.0,Male,52672,1.4,12495,8.1,7,3,21269,522
21.0,Male,67804,3.7,35596,1.4,6,0,70175,514
31.0,Male,78270,7.1,6672,4.8,5,0,37299,607
49.0,Female,92936,6.9,19365,28.6,5,0,74542,606
45.0,Female,79417,9.9,32089,22.0,5,3,41801,611
47.0,Female,171181,8.2,96224,24.6,4,2,180000,572
48.0,Female,32537,10.6,16697,18.7,5,1,33605,596
63.0,Male,42286,5.9,19961,36.0,3,2,40381,651
27.0,Female,92390,9.0,38516,5.5,6,0,35261,585
40.0,Female,72188,3.0,31098,15.7,5,2,45281,537
39.0,Female,80896,19.1,14456,12.6,4,2,54227,657
45.0,Female,33811,7.5,14620,26.9,8,0,35210,656
40.0,Male,52442,4.5,30506,11.6,4,2,50925,536
51.0,Male,22034,9.7,12088,32.6,7,2,23803,631
28.0,Female,63708,6.6,12059,4.6,5,1,37051,561
52.0,Male,80466,4.8,50823,22.0,7,3,70657,564
46.0,Female,75069,7.3,38623,25.5,4,1,93618,557
,Male,18236,5.3,6498,1.1,8,0,19348,569
48.0,Female,101288,3.3,49259,22.6,5,0,116536,556
58.0,Female,81128,9.0,52068,36.0,2,2,73599,561
45.0,Female,73778,11.9,24188,13.2,5,2,73644,575
45.0,Male,34604,8.7,12361,16.2,7,1,9178,636
36.0,Male,144672,18.0,39628,12.5,4,1,78884,598
31.0,Female,52274,11.5,16907,7.4,4,1,55227,578
50.0,Female,112389,2.8,72234,18.3,6,1,35906,547
28.0,Male,65661,9.3,40322,7.8,6,3,32575,538
37.0,Male,38357,12.7,18086,12.8,2,1,32891,619
48.0,Male,28258,8.9,11043,23.0,7,2,27003,625
26.0,Male,161426,8.4,50449,1.0,5,1,165801,526
35.0,Male,111333,11.7,21750,8.7,7,0,49693,664
28.0,Female,57527,9.2,14830,8.2,5,1,71013,604
46.0,Male,79111,4.0,38157,25.8,2,1,48018,574
22.0,Female,208965,9.1,120000,1.1,6,2,166036,516
31.0,Female,71996,0.8,16716,11.5,5,4,77618,508
39.0,Male,84315,7.7,36464,15.0,4,3,100369,518
46.0,Male,97649,9.2,35263,14.4,8,1,23232,596
48.0,Male,53568,2.2,12469,21.5,5,4,24052,554
52.0,Female,43553,20.5,5112,25.4,6,1,24566,704
,Female,28312,11.4,18119,18.8,5,1,29016,607
32.0,Male,92397,7.2,9126,5.2,3,3,96307,529
33.0,Female,39753,3.9,9946,7.5,9,3,23098,575
35.0,Female,121092,5.0,67677,4.9,6,1,62043,523
44.0,Female,149108,16.8,52795,15.1,5,2,97445,652
,Female,80694,4.5,21642,1.0,7,0,87682,522
25.0,Female,25810,5.5,9089,1.0,4,2,29921,513
41.0,Female,36252,4.1,22978,16.6,4,2,25437,525
31.0,Male,18999,21.9,9971,2.9,4,5,22419,545
56.0,Male,84022,15.4,29980,30.5,5,2,93604,638
32.0,Male,129979,4.2,15972,8.9,12,4,160587,560
37.0,Male,70838,12.9,16179,16.8,2,1,47781,590
45.0,Male,72374,8.0,13982,17.3,5,1,83293,583
32.0,Female,67132,7.6,37303,8.7,4,3,71865,493
24.0,Male,79764,1.8,45930,1.0,1,1,27470,505
23.0,Male,39814,3.9,7456,2.2,4,2,17149,518
31.0,Female,35386,14.9,12638,1.5,6,2,35843,563
31.0,Female,62632,9.7,6036,7.5,6,3,64770,577
27.0,Male,39560,6.8,15543,1.0,5,2,27430,524
30.0,Female,96919,1.8,60608,3.6,3,0,74386,490
34.0,Male,84022,3.3,23500,11.3,4,1,63937,564
39.0,,44214,6.6,18773,16.1,2,2,46145,549
47.0,Female,57294,6.9,13020,23.3,6,1,70185,592
48.0,Female,56186,11.5,24983,19.6,5,2,21500,596
23.0,Male,32170,8.7,15995,1.0,7,0,6080,578
54.0,Female,55962,8.7,11240,34.5,5,2,42800,640
27.0,Male,107121,8.3,48010,1.0,5,0,124902,545
47.0,Male,159282,3.8,30657,23.2,9,0,125820,621
38.0,Female,96114,7.8,31147,8.1,6,1,105910,590
21.0,Female,27244,4.3,12371,1.0,7,2,24774,553
49.0,Female,30843,2.7,10830,21.1,9,1,25736,589
47.0,Female,58624,10.3,33138,22.7,4,0,66944,595
22.0,Female,44386,2.8,28756,1.0,4,1,18054,540
32.0,Male,163083,4.0,103693,12.9,3,1,158932,516
30.0,Male,34006,9.3,3155,9.7,9,2,36607,586
45.0,Male,75042,5.9,15357,20.8,7,1,74380,630
31.0,Male,44533,6.2,13644,10.0,7,3,20574,586
27.0,Male,35170,6.6,15457,8.6,3,1,21255,501
23.0,Male,51074,3.7,14217,4.2,5,1,14747,544
21.0,Female,46188,1.8,8884,1.0,5,1,42732,522
50.0,Male,125459,4.6,15015,24.0,6,0,110511,637
51.0,Female,83386,9.2,51132,28.6,4,3,86384,525
38.0,Female,70050,9.5,19646,9.1,6,2,28525,612
38.0,Male,198318,11.0,57260,16.0,8,2,180000,564
26.0,Female,41318,5.4,13124,1.0,3,4,14115,473
28.0,Female,135473,6.1,24882,5.3,3,1,125202,549
42.0,Male,147179,5.2,35015,18.6,5,1,68181,601
51.0,Female,74811,1.4,7428,26.6,7,0,23625,617
54.0,Male,53008,10.0,6368,30.8,8,0,53459,651
44.0,Male,96662,1.1,12396,12.3,9,1,28393,569
36.0,Female,32145,11.9,6979,5.4,9,1,13470,615
37.0,Female,43563,4.6,7579,10.5,4,2,19416,533
21.0,Male,118632,3.0,40146,1.0,3,3,121755,462
36.0,Male,27048,19.1,14026,12.4,6,1,10860,667
34.0,Female,35309,6.0,8225,14.0,3,1,40445,570
52.0,Female,50980,1.5,29617,21.1,8,0,59503,596
44.0,Female,97391,6.6,48690,18.9,5,0,94671,578
51.0,Male,49229,4.1,8173,31.3,9,5,42048,560
48.0,Male,24552,1.9,3626,18.2,6,0,12446,587
55.0,Male,32079,13.9,18954,29.7,7,1,32288,669
45.0,Male,43587,10.2,16988,16.8,8,0,42476,629
42.0,Male,75265,6.0,34055,12.4,5,0,39009,599
39.0,Female,112653,2.9,40020,14.9,4,3,22711,576
45.0,Male,32806,1.4,10056,15.0,4,2,35236,536
41.0,Female,56606,3.2,32457,19.1,3,3,8492,547
49.0,Female,26264,1.8,2949,24.8,5,0,7693,598
30.0,Male,51309,2.5,28567,4.5,4,1,44065,517
46.0,Male,30023,5.0,7778,18.4,7,4,7485,549
44.0,Female,87575,6.5,48369,19.1,4,2,47308,546
34.0,Male,47458,2.8,18834,3.3,4,1,16978,510
41.0,Female,48915,5.6,16156,16.3,3,1,43612,571
49.0,Male,44464,9.2,11448,27.2,4,4,39542,565
30.0,Female,18000,5.4,4799,1.3,7,1,6734,554
41.0,Female,63314,16.4,22949,19.0,6,1,76445,636
33.0,Male,125897,7.9,43082,11.0,4,1,147538,591
,Female,58897,4.1,18379,3.5,6,2,68249,560
63.0,Male,47388,4.8,9736,38.7,7,1,30724,669
21.0,Female,48078,6.8,11955,2.8,4,0,20916,532
59.0,Male,40261,19.2,22761,30.9,3,1,44838,630
40.0,Male,47139,5.3,17800,15.1,3,0,55178,522
30.0,Female,94349,5.5,10039,9.1,5,1,81714,589
48.0,Male,96559,9.6,31533,22.0,3,2,28041,573
43.0,Male,59941,4.9,34993,15.7,6,2,43277,544
36.0,Female,43196,6.1,3927,4.1,6,1,35235,562
50.0,Female,53261,6.8,31104,25.7,5,4,29135,557
37.0,Female,104322,7.2,41996,14.5,6,2,113429,537
42.0,Male,39585,0.9,22412,23.0,6,1,12990,565
47.0,Female,112516,2.6,36503,27.1,9,4,122067,591
38.0,Female,55047,4.1,22865,9.1,3,3,42926,531
24.0,Female,93693,9.1,18580,1.5,4,0,87574,557
31.0,Female,61587,7.4,22252,11.8,7,0,22934,586
67.0,Male,55547,16.3,15917,40.0,5,3,31821,717
38.0,Female,39278,9.6,6168,6.8,2,1,27336,577
49.0,Female,39527,6.3,11623,21.4,8,1,15211,573
47.0,Male,53079,5.5,30114,28.2,6,0,30219,642
48.0,Female,34872,10.0,11161,28.2,8,1,5950,665
41.0,Male,53387,2.8,5391,14.2,3,2,36196,566
61.0,Male,75223,11.1,8142,38.0,1,0,91139,649
31.0,Male,48086,4.6,29668,4.3,4,1,26645,528
33.0,Male,104517,6.4,67162,8.7,8,2,56659,567
41.0,Male,36854,10.8,23000,22.1,3,1,42256,626
36.0,Female,38390,4.6,17536,17.9,10,0,14435,595
21.0,Female,88076,18.6,39303,1.0,4,0,107538,586
61.0,Female,21113,11.0,13446,31.8,4,0,19811,641
50.0,Male,31022,17.0,8476,25.6,3,0,32601,651
57.0,Female,23129,9.8,8875,38.4,10,1,19310,660
25.0,Male,44494,4.8,4762,1.0,3,1,14835,482
36.0,Female,202169,8.7,21765,12.1,5,1,148738,618
33.0,Male,111568,9.9,22648,5.7,2,2,110419,518
36.0,Male,50574,2.4,6661,13.6,3,1,8838,529
56.0,Male,44937,3.8,10869,31.0,5,2,46836,591
37.0,Female,25597,6.8,7442,14.1,7,0,5286,593
35.0,Female,50517,1.4,27091,5.4,8,1,9854,553
59.0,Female,25191,9.6,2588,28.9,6,0,22933,637
49.0,Female,76484,4.2,14318,21.1,7,1,82079,585
31.0,Male,52841,5.8,29906,1.6,11,0,30815,594
48.0,Female,117294,4.4,10738,27.5,6,1,127641,646
24.0,Female,72620,11.8,43583,2.0,8,1,64894,532
33.0,Female,64364,1.8,27436,12.0,1,2,50423,464
44.0,Male,40842,8.9,10459,16.4,4,0,11550,602
28.0,Female,60227,8.4,22539,3.1,3,1,13428,501
53.0,Male,62257,5.6,7115,31.4,4,2,47196,602
25.0,Male,129173,2.8,50229,1.0,7,1,101648,572
38.0,Male,51839,5.9,4324,10.3,3,0,54174,587
39.0,Male,55936,3.6,5042,16.2,9,1,11718,604
37.0,Male,51942,7.8,16874,18.4,5,2,43441,582
25.0,Male,102449,2.0,22405,1.0,2,0,75504,530
42.0,Male,35793,7.3,8487,11.9,4,1,40795,571
68.0,Male,61178,5.7,36950,40.0,4,1,32949,647
41.0,Female,33627,7.2,12355,17.9,3,4,34810,544
47.0,Female,25555,17.0,15219,16.9,5,2,19089,591
50.0,Male,58306,4.9,22893,31.6,3,2,58090,580
35.0,Male,42280,6.7,15461,6.4,4,1,26069,569
52.0,Male,68891,12.2,13896,26.4,6,0,76693,637
46.0,Female,61867,1.6,12626,20.7,3,0,64325,559
28.0,Male,77840,3.7,35409,9.7,5,1,72956,547
46.0,Female,90479,11.7,48063,19.0,6,2,52271,593
36.0,Female,94788,4.1,46563,5.0,2,2,24887,487
44.0,Male,52478,3.4,14357,23.1,4,1,16370,538
52.0,Male,101332,10.8,31286,25.9,6,1,76899,627
41.0,Female,81611,14.8,28108,20.3,2,0,15883,673
56.0,Male,24540,8.0,9172,35.2,4,0,11652,635
65.0,Male,26857,5.9,4725,40.0,3,2,15082,630
35.0,Male,27463,12.2,17069,10.1,5,1,26598,536
64.0,Male,103735,6.3,35355,40.0,6,2,41204,692
30.0,Female,75712,5.3,9700,9.2,5,4,82383,543
36.0,Male,50060,4.9,16167,14.4,5,2,54533,587
46.0,Male,59419,8.8,14958,24.0,7,0,12843,618
45.0,Male,55684,16.7,16888,21.8,4,2,48141,647
39.0,Female,44066,13.1,5779,14.4,4,2,54469,602
21.0,Female,39887,10.2,5909,1.0,2,3,25850,487
56.0,Female,109691,15.7,32444,34.1,10,1,103486,742
52.0,Female,134047,12.1,44163,31.0,5,4,111922,573
55.0,Female,42015,6.8,12167,29.5,3,2,10662,615
48.0,Male,38076,6.2,18166,27.6,4,5,10307,554
44.0,Male,77992,4.7,7609,22.6,7,1,19616,639
24.0,Male,127076,7.4,73558,3.4,5,3,156139,461
39.0,Male,67988,2.6,43511,17.3,6,0,66610,557
41.0,Male,66243,2.8,14152,14.6,6,0,74588,580
58.0,Female,36962,5.3,20689,34.3,7,1,16446,644
39.0,Male,254712,6.9,95245,13.2,5,2,180000,567
32.0,Male,46405,2.6,4938,7.0,5,1,21393,541
30.0,Female,151360,3.0,77263,10.9,2,1,53262,501
44.0,Male,41187,4.6,22516,14.0,7,3,41507,512
54.0,Female,71586,5.6,21744,24.6,2,1,35946,562
49.0,Male,128401,2.6,79802,30.3,3,0,113051,556
38.0,Male,47088,14.2,23258,12.3,3,3,17025,583
26.0,Male,71126,7.7,33521,7.2,3,3,39622,531
26.0,Male,73812,5.3,13078,1.0,5,3,20394,550
36.0,Male,82187,13.2,33451,4.6,4,1,85144,556
53.0,Male,51516,8.8,21528,21.5,3,3,17303,591
45.0,Male,108528,2.8,39028,17.5,3,0,62298,610
36.0,Female,69905,18.1,21049,14.3,5,2,43366,642
42.0,Male,92574,6.4,15216,21.8,6,0,39358,655
51.0,Male,66501,7.7,19910,25.7,6,2,33941,611
40.0,Female,67840,1.6,15393,11.7,4,4,79835,472
44.0,Male,47588,1.8,28875,15.0,6,0,43161,558
30.0,Female,43865,7.3,7306,3.4,4,3,22155,492
29.0,,28897,10.8,3179,1.4,4,3,27328,543
21.0,Male,82568,4.2,11478,1.0,7,0,86478,567
28.0,Male,69521,26.1,35116,9.5,7,2,54145,647
40.0,Female,23961,5.0,11077,10.1,8,2,17281,568
48.0,Male,20545,1.1,10286,23.5,4,3,17381,525
50.0,Female,64636,8.1,39028,29.7,4,2,17514,561
21.0,Male,37388,9.0,16731,1.0,4,2,16746,555
48.0,Male,165819,3.0,58631,17.9,3,2,162671,522
45.0,Male,52102,1.1,24783,21.4,5,1,47814,555
58.0,,68687,8.0,44455,38.0,3,1,41548,617
46.0,Female,69674,16.2,38793,22.8,4,1,62223,633
44.0,Male,112630,11.4,58962,13.6,2,0,42620,606
38.0,Male,51934,3.8,18477,17.2,4,2,26054,553
28.0,Female,67449,18.5,34935,3.4,4,0,60816,570
46.0,Female,44634,7.7,23243,17.0,2,1,46245,573
50.0,Female,65022,3.7,11018,27.3,5,1,21419,605
21.0,Male,55962,1.9,24830,1.0,8,2,18129,511
40.0,Female,84556,7.6,43110,10.5,5,1,13347,583
37.0,Female,92105,5.5,42573,16.8,9,2,95917,521
40.0,Female,84699,17.1,50205,20.6,5,1,80310,642
31.0,Female,64005,9.5,13135,1.6,4,3,45014,541
38.0,Female,56081,8.6,30902,9.7,5,0,63653,497
46.0,Female,108428,11.2,41074,14.7,4,1,66840,581
37.0,Male,64494,10.4,18587,6.3,4,1,65991,539
51.0,Female,71395,9.8,12042,24.7,6,0,74918,660
31.0,Male,56953,4.5,14266,1.2,3,1,61936,477
31.0,,43619,9.8,19545,1.0,4,1,21412,559
36.0,Male,83594,5.4,34899,15.6,8,2,68106,570
40.0,Male,103743,8.6,19142,9.0,3,1,24256,597
44.0,Male,90378,11.0,13246,20.1,3,0,51745,654
52.0,Male,81063,4.3,26966,26.5,4,2,26901,541
26.0,Female,62927,4.5,5738,1.0,8,0,71322,546
37.0,Female,67547,10.9,30059,9.5,10,2,29665,595
22.0,Female,74185,3.9,33417,1.0,2,2,11143,546
21.0,Female,63123,4.7,30931,1.0,6,0,36343,521
42.0,Female,115212,19.0,70012,16.9,7,0,18448,689
35.0,Male,85436,4.8,35086,6.2,4,3,103532,495
39.0,Male,24395,10.7,15001,13.1,5,1,17424,568
52.0,Female,287798,5.6,96520,33.1,3,4,94627,638
33.0,Female,20790,4.4,10654,11.7,7,2,14219,529
49.0,Male,146849,5.1,43998,27.6,5,1,155717,602
30.0,Male,110063,4.5,65374,10.6,4,0,17612,569
21.0,Female,77122,4.8,20135,1.0,7,1,89126,522
60.0,Male,72824,8.5,8025,40.0,6,1,39332,652
51.0,Male,79830,5.8,42684,27.6,8,2,30728,620
54.0,Male,50255,10.7,28085,26.0,10,1,46114,663
48.0,Female,60673,11.4,29393,18.6,6,1,23662,596
51.0,Male,46159,13.3,28454,22.3,6,0,9333,676
43.0,Female,130993,11.3,57030,22.9,4,1,61805,603
45.0,Female,74151,10.9,25080,24.0,8,1,23728,699
32.0,Male,30656,6.1,17290,8.3,8,0,15182,569
34.0,Female,37131,5.1,12443,15.5,7,0,38212,540
45.0,Male,82814,3.6,53277,17.1,6,0,82461,548
33.0,Male,53063,3.1,7428,11.9,4,3,19099,576
37.0,Female,126924,15.3,38540,7.7,6,1,64893,628
39.0,Male,33531,3.9,12153,7.8,11,1,37308,580
58.0,Female,98006,6.1,57883,32.5,6,0,51595,651
27.0,,81217,13.2,52486,2.2,3,2,47273,520
28.0,Female,49270,7.7,30854,9.8,7,1,54676,561
43.0,Male,40281,6.3,23441,23.5,8,2,43529,626
42.0,Male,63768,12.0,8673,21.1,4,6,15326,587
45.0,Male,88334,10.2,10379,17.2,3,1,15013,663
39.0,Male,25727,11.8,16370,8.2,5,0,24466,553
33.0,Male,80800,4.5,44854,14.3,5,0,44028,618
43.0,Male,89188,14.3,29665,18.1,5,2,50479,621
38.0,Female,77222,4.4,45158,9.5,6,0,40350,592
33.0,Female,71282,2.4,27343,5.0,3,1,42913,507
45.0,Female,42155,5.0,9171,18.3,4,2,16796,562
26.0,Male,43359,3.9,18698,6.3,7,2,10341,515
47.0,Male,72076,8.7,28271,16.3,3,2,83364,552
44.0,Female,35588,11.3,5753,16.8,5,1,26723,628
30.0,Male,53405,16.7,8818,8.3,4,1,58025,605
37.0,Male,47058,10.4,13984,6.3,9,1,48557,546
26.0,Male,74662,4.2,28789,1.4,6,1,51661,514
36.0,Female,65883,11.2,29350,10.6,3,0,18363,575
45.0,Female,46030,3.1,13734,21.5,4,1,45524,554
34.0,Male,63191,7.3,31111,9.3,4,2,43896,569
26.0,Male,30956,3.5,2822,5.7,10,1,38368,536
21.0,Male,36206,4.9,17157,1.0,6,2,10025,515
38.0,Male,42062,9.8,16344,11.4,5,1,47255,530
31.0,Male,61731,4.1,20746,11.1,6,3,56198,559
38.0,Female,92781,9.4,23178,15.3,4,1,44633,584
36.0,Female,115272,8.5,27229,8.3,4,4,18456,575
51.0,Male,58213,3.2,8160,22.7,4,0,24105,603
42.0,Male,27579,3.2,2739,19.8,5,2,15169,578
57.0,Male,36798,9.1,7909,38.8,8,2,8426,622
21.0,Male,135932,11.7,53769,1.0,6,0,85184,592
43.0,Male,43500,4.4,11951,14.3,6,0,47995,528
21.0,Female,116228,7.1,63333,1.0,7,0,83377,577
21.0,Male,84062,3.8,28207,2.6,6,1,12734,551
60.0,Female,92333,0.9,52932,33.6,5,5,77242,510
50.0,Male,79439,24.2,11774,29.6,5,2,93734,690
34.0,Male,75635,8.5,39806,6.0,3,3,25479,577
47.0,Female,31997,6.0,17023,15.0,4,2,21359,555
33.0,Male,72655,6.5,46931,5.2,1,2,18051,467
37.0,Male,44281,4.0,6102,14.5,4,1,17793,546
26.0,Male,38139,13.9,13261,6.4,5,1,33164,578
46.0,Male,88547,19.2,24712,18.6,7,0,76542,687
37.0,Male,20418,5.5,9789,10.1,5,0,4127,607
55.0,Female,49446,9.0,29036,31.8,7,1,43817,619
32.0,Male,20455,4.8,8487,3.7,6,2,20314,529
25.0,Female,35840,5.3,13257,6.6,2,0,24954,566
36.0,Female,37323,2.9,6693,16.1,5,4,41080,499
48.0,Male,106491,8.5,33008,18.3,3,2,132980,538
35.0,Female,60058,22.1,6957,6.4,2,1,23274,588
30.0,Male,58617,9.1,9381,11.1,4,2,40096,580
55.0,Female,63368,12.7,40503,26.9,5,2,13962,606
56.0,Male,53582,12.6,23418,33.7,6,0,51812,671
30.0,,89685,9.8,19492,5.7,5,0,56956,567
34.0,Female,161085,13.4,70153,13.5,3,0,86672,577
49.0,Female,94646,9.8,30829,19.3,7,1,77517,618
63.0,Male,96316,10.9,13634,40.0,9,3,69802,670
32.0,Female,86283,2.8,29982,10.3,3,3,88094,515
30.0,Female,55415,8.3,29382,6.9,8,2,60998,568
45.0,Female,83966,3.6,22663,26.1,9,1,85801,566
36.0,Female,69063,8.2,9024,8.2,4,2,47837,577
36.0,Female,92036,9.3,8167,17.7,5,3,88410,595
55.0,Female,34936,5.1,20895,27.1,5,2,34210,591
49.0,Male,110704,10.0,19948,23.8,8,2,126535,621
38.0,Male,28643,7.7,16208,15.8,7,0,34549,586
35.0,Female,63695,8.2,33127,15.2,6,0,58897,594
64.0,Male,184026,2.6,57453,37.6,4,0,180000,614
37.0,Female,39768,6.7,17187,11.8,4,1,47208,528
49.0,Female,93225,10.5,20179,23.0,8,1,20728,632
41.0,Female,59779,19.8,32475,18.8,3,1,29098,650
45.0,Female,39239,4.2,3530,17.3,7,2,43657,591
40.0,Male,112849,9.1,60243,9.4,4,1,105256,522
47.0,Male,92196,7.5,25843,17.1,5,2,19134,565
38.0,Female,57008,2.1,22789,12.7,5,1,16464,538
44.0,Male,43882,12.2,5911,20.8,5,0,48671,642
33.0,Female,70926,3.4,15211,7.7,8,0,52435,557
52.0,Male,79092,10.8,49548,22.6,8,1,66535,632
47.0,Male,52272,17.7,18153,22.4,6,2,64034,646
52.0,Female,56793,4.0,24103,23.4,5,1,15861,612
52.0,Male,97156,11.1,28305,29.0,6,5,70393,602
21.0,Female,71651,10.5,44327,1.3,7,2,80735,528
34.0,Male,40653,7.4,21470,4.9,4,0,7227,586
31.0,Female,60803,2.8,12325,1.0,4,4,69475,481
39.0,Male,73882,0.8,43259,10.2,5,3,80536,495
43.0,Female,142419,9.2,37295,17.6,6,0,147719,595
25.0,Male,42610,1.4,26003,2.1,4,1,37222,507
23.0,Male,40152,9.9,18402,1.0,4,2,48231,558
21.0,Female,69382,5.9,7739,1.0,1,0,83468,525
43.0,Male,115736,26.1,12134,12.4,9,2,25456,698
51.0,Female,67651,2.6,10032,30.8,4,0,58517,609
48.0,Male,66209,6.9,14938,19.0,2,2,35634,543
58.0,Female,38118,2.0,10214,29.4,4,1,39489,590
40.0,Female,45758,11.3,11308,16.4,6,1,42365,620
42.0,Female,94024,7.1,11218,12.5,4,0,78603,588
50.0,Female,143938,4.0,43862,18.1,4,2,81964,567
43.0,Male,56564,3.1,14883,13.8,5,2,40843,555
50.0,Female,64547,3.0,41326,25.8,2,1,40886,591
39.0,Female,39035,3.9,6812,20.7,4,2,6828,589
28.0,Female,103645,5.8,66987,1.0,5,0,83501,521
47.0,Male,19882,4.9,11501,25.8,4,4,15405,533
38.0,Male,263339,2.9,112596,8.6,5,2,180000,509
54.0,Male,51374,5.2,28796,24.2,8,2,31001,553
42.0,Male,79189,4.9,23043,13.1,4,1,60692,539
21.0,Male,57160,2.8,23176,1.0,2,0,32399,516
52.0,Male,66068,10.5,34242,22.3,5,1,20333,608
45.0,Female,105510,8.4,12711,14.8,1,0,89684,601
47.0,Female,64074,11.4,21695,25.3,6,1,59410,623
48.0,Female,57924,2.3,23352,28.3,4,3,22710,559
54.0,Male,145567,8.7,36912,30.6,5,1,179745,595
38.0,Female,83351,8.3,52680,19.1,6,4,52973,570
40.0,Male,33373,7.0,3840,9.2,7,0,9213,597
39.0,Male,64289,12.3,24455,8.7,3,1,61348,542
43.0,Female,47900,11.8,25148,14.5,4,1,21756,567
40.0,Male,91427,7.3,10963,17.4,11,3,101744,584
47.0,Male,63526,0.8,16598,25.4,4,1,47550,578
60.0,Female,37725,15.7,23970,40.0,6,1,33063,709
33.0,Female,90983,1.9,33911,12.1,5,1,85999,542
36.0,Female,46372,13.5,17065,6.7,3,0,40490,603
48.0,Male,45691,2.8,19912,21.0,6,3,39826,535
36.0,Female,40923,9.4,17032,7.4,7,1,30585,558
21.0,Female,39797,6.1,9188,1.9,4,2,28699,522
60.0,Female,73510,3.5,47516,37.0,5,0,91003,607
37.0,Female,96680,8.9,19402,18.5,6,1,32884,651
43.0,Male,103658,2.6,44783,16.4,4,0,126529,573
22.0,Female,54117,7.0,22641,1.7,5,1,62647,516
58.0,Female,24130,4.0,14609,32.7,3,1,20568,597
52.0,Male,69055,3.1,38495,31.1,5,0,79831,597
52.0,Male,37844,21.7,11766,23.0,1,1,27472,622
40.0,Male,147168,8.4,89115,21.7,3,1,60461,547
36.0,Female,32062,9.6,20055,9.9,4,0,35022,566
32.0,Female,40765,11.7,3785,2.7,6,0,10854,626
38.0,Male,106019,6.3,29247,6.4,9,1,21309,604
41.0,Male,62373,15.7,23960,18.2,4,1,36136,625
21.0,Female,28192,5.7,13207,1.0,4,2,4760,506
31.0,Male,36712,7.5,8509,1.8,5,3,11608,486
40.0,Male,58567,5.0,5276,21.6,6,0,63030,598
23.0,Male,83555,14.1,15806,1.0,4,1,31900,601
34.0,Male,49520,1.8,13053,2.5,4,4,37402,433
40.0,Female,25414,25.7,8673,14.2,7,1,18140,680
39.0,Male,90903,1.3,30430,10.3,5,2,18281,537
26.0,Female,34598,5.1,16879,1.0,6,5,19590,487
57.0,Male,53465,0.6,31541,26.4,7,2,42053,583
41.0,Male,34157,3.6,7398,13.0,4,2,23231,543
49.0,Female,60438,15.3,7520,26.4,6,2,25290,690
64.0,Male,75383,4.4,12305,40.0,6,2,43517,648
45.0,Male,23989,1.5,7406,13.8,5,3,18422,515
64.0,Male,68352,4.7,31483,34.9,8,3,43553,618
46.0,Female,62580,15.1,32248,16.7,6,1,51444,640
47.0,Male,98316,11.3,34608,25.1,4,1,81223,582
45.0,Female,52855,0.5,23259,17.9,6,4,43187,511
36.0,Male,42249,13.8,18219,4.4,10,1,43237,601
64.0,Female,99982,7.9,55144,33.4,3,1,74181,614
38.0,Male,63232,2.9,21664,19.7,8,2,11988,619
41.0,Female,48113,18.3,8982,16.7,6,2,9828,658
52.0,Male,145724,8.4,64021,20.6,4,1,86788,604
54.0,Male,18000,14.8,11681,25.1,11,0,20400,672
51.0,Male,89805,4.5,41797,29.1,3,3,110907,563
42.0,Female,141183,16.7,26335,15.9,5,0,118067,612
45.0,Female,24903,5.7,15073,19.2,5,2,30522,552
47.0,Female,35059,16.1,15641,25.2,3,5,8640,606
35.0,Male,72325,19.2,15101,7.0,2,1,43794,585
30.0,Female,53290,3.7,23351,4.9,5,3,58523,499
33.0,Female,46363,17.4,21155,10.5,5,2,36115,598
40.0,Female,99273,3.4,41605,21.1,4,1,52491,603
54.0,Female,51595,2.5,28648,28.7,6,1,59941,611
41.0,Female,22900,7.4,5415,21.3,7,1,14448,593
39.0,Male,97897,5.0,26659,20.7,5,1,88563,596
47.0,Female,19291,3.9,11748,27.2,8,0,7876,593
21.0,Male,39339,12.1,7318,1.0,6,1,13794,584
21.0,Female,43862,7.7,12532,1.0,8,1,19951,544
35.0,Male,77834,1.4,27194,8.3,2,2,64341,453
27.0,Male,81429,6.3,34736,7.3,4,3,66659,506
32.0,Male,82491,10.8,18134,2.2,5,4,57556,499
43.0,Female,51763,6.0,15941,24.4,7,1,27671,614
25.0,Female,60431,3.0,25328,1.0,7,0,61843,513
45.0,Male,68687,9.9,34239,24.0,6,3,69232,569
21.0,Male,48424,5.0,20433,2.9,4,1,41196,534
37.0,Female,46821,7.9,5911,13.0,9,1,32451,637
44.0,Female,20367,3.9,5172,13.8,7,0,19137,562
21.0,Female,66058,4.1,31874,1.0,1,1,37362,509
49.0,Female,70308,13.9,19070,26.1,5,1,32156,638
42.0,Male,101943,2.0,18806,12.6,4,2,85963,515
37.0,Male,52651,12.3,30001,12.6,4,0,45928,608
32.0,Female,63295,9.7,29742,2.0,3,0,70274,518
33.0,Male,110594,2.1,39872,9.0,1,3,110333,436
37.0,Female,55874,7.4,24976,9.0,4,0,68210,564
21.0,Female,51341,3.3,15796,1.0,6,1,30043,524
38.0,Female,46267,2.9,15876,17.5,5,3,57368,513
32.0,Female,31939,7.7,8471,12.3,3,1,34092,587
57.0,Female,55414,9.8,32041,38.7,9,2,66166,679
36.0,Male,227979,7.2,120000,16.0,5,2,71418,580
49.0,Female,39828,11.7,22655,22.5,3,1,47424,588
33.0,Female,50743,7.4,4514,14.3,4,1,27634,629
39.0,Male,55622,11.1,16828,14.6,4,2,56372,557
48.0,Male,54829,10.5,16693,19.5,7,0,39216,605
21.0,,41932,4.0,23920,1.0,5,0,35604,520
37.0,Female,22579,2.8,9708,18.6,6,4,11278,546
32.0,Female,42004,5.7,19551,6.3,6,1,19027,571
66.0,Male,63777,5.9,31735,37.6,6,0,62667,660
44.0,Female,53980,12.7,4863,21.4,9,3,23024,653
69.0,Male,37473,8.5,13884,40.0,4,1,15607,621
33.0,Female,65924,11.6,17282,6.5,3,2,47968,540
35.0,Female,70032,7.2,21630,8.7,6,3,47084,532
45.0,Male,125783,4.0,61242,17.5,3,2,83719,522
47.0,Female,69702,10.1,13549,25.3,4,0,60473,619
27.0,Male,125736,6.5,49066,1.0,3,2,95989,494
39.0,Male,112708,4.4,35085,8.7,6,3,77339,533
35.0,Female,48169,9.8,28783,10.1,4,3,47615,530
47.0,Female,73537,7.9,30880,15.4,3,2,86994,550
44.0,Male,113344,17.3,9794,25.6,4,2,121046,649
29.0,Male,37200,14.2,8851,1.0,7,2,41706,502
49.0,Male,57943,8.9,33979,21.4,5,0,56514,618
40.0,Female,50301,2.1,27686,19.8,6,2,50617,521
28.0,Female,95337,5.8,47375,2.6,6,0,44966,577
70.0,Male,73863,10.2,18323,38.7,8,2,58175,690
36.0,Female,58100,16.1,21485,12.0,7,0,35261,653
55.0,Male,51629,8.1,32404,36.1,4,1,18023,601
45.0,Female,233728,8.0,120000,15.8,8,0,158892,623
48.0,Male,46019,13.5,16117,19.7,3,2,7879,646
57.0,Female,32076,10.3,12021,30.3,5,1,11645,632
49.0,Male,89028,4.5,42783,30.8,5,0,30748,623
24.0,Female,55843,11.4,27953,2.0,4,3,48661,526
39.0,Male,47788,6.2,28551,20.6,7,2,52750,579
59.0,Male,47533,9.2,30488,33.1,9,1,22499,628
49.0,Male,111195,4.7,71687,18.5,3,2,21999,583
47.0,Female,69574,17.1,15154,19.6,6,2,36671,632
21.0,Male,41816,6.7,13822,2.3,4,1,28352,530
44.0,Male,48443,11.8,16436,12.2,5,0,56396,590
29.0,Female,55189,1.7,11871,1.0,7,1,10618,520
45.0,Female,108554,9.0,27696,16.2,5,2,71551,603
21.0,Male,55225,11.7,17822,1.0,2,1,38794,546
38.0,Male,85532,6.1,24348,10.9,10,1,97179,601
32.0,Female,53208,2.6,17385,6.7,7,0,53689,563
41.0,Female,74201,11.1,28086,9.1,5,2,53704,565
40.0,Female,57022,2.7,14108,19.0,7,1,61204,579
33.0,Male,45010,1.9,25486,2.6,7,1,41402,532
47.0,Female,66124,3.9,30402,26.0,5,0,51144,586
25.0,Female,43150,5.6,19628,5.7,1,1,28899,515
34.0,Male,55593,3.9,4562,2.2,3,2,35698,516
39.0,Female,42333,7.8,13068,8.9,7,3,26173,556
48.0,Female,60657,9.7,17542,16.4,3,0,62696,630
,Female,168918,5.9,64255,1.3,7,2,158246,494
46.0,Male,57044,13.1,8739,25.7,5,0,32720,633
29.0,Female,58390,5.0,15095,5.9,6,2,66247,568
33.0,Male,47421,4.0,9748,6.6,10,0,58525,606
50.0,Female,75649,5.9,33087,31.9,5,2,14759,664
28.0,Female,38929,7.1,15310,9.4,7,1,46252,576
50.0,Female,44763,9.2,25757,23.4,2,0,21936,627
29.0,Male,46963,8.6,16487,2.7,6,3,10470,565
47.0,Male,113812,12.1,10578,25.6,4,0,92416,669
28.0,Male,18000,1.3,4314,8.1,3,2,20763,501
44.0,Female,38676,6.1,23584,17.5,5,3,42344,533
29.0,Female,130344,11.6,56509,1.0,3,2,97382,544
36.0,Female,33873,14.4,6366,8.0,4,4,11080,569
43.0,Male,77328,8.4,29207,15.2,3,1,67787,542
35.0,Female,62810,5.9,34752,8.6,7,3,13841,515
59.0,Female,48890,4.7,5241,36.8,4,2,47618,614
38.0,Male,52354,10.9,32468,18.4,7,0,34780,653
46.0,Male,42443,5.8,13564,14.8,2,2,43769,509
45.0,Female,58526,5.0,30741,14.5,5,3,61432,552
40.0,Female,58317,0.8,14764,16.7,4,1,50143,500
49.0,Male,35653,5.0,12679,27.4,6,1,13365,605
36.0,Female,92988,4.6,54574,12.7,5,2,92703,558
37.0,Male,27195,5.4,7989,5.5,4,1,33612,572
38.0,Male,175775,3.8,64770,14.9,3,2,81242,533
57.0,Female,69171,9.7,34906,31.1,5,2,60769,618
35.0,Male,51989,5.3,24301,4.5,4,2,59523,480
32.0,Female,57048,9.2,4993,7.8,6,1,54512,532
31.0,Female,35321,11.7,13122,6.3,5,0,24089,581
53.0,Male,52402,5.1,17201,32.0,3,2,58969,575
54.0,Male,54247,11.7,8789,32.5,4,0,41203,683
47.0,Female,199462,4.6,56482,27.0,4,1,180000,628
24.0,Male,44117,5.8,24023,3.8,6,0,48565,593
27.0,Male,127692,8.1,73152,1.0,7,1,60852,547
52.0,Male,62360,3.4,27953,32.8,9,3,16355,570
54.0,Female,46772,21.3,5509,31.9,6,3,45341,678
39.0,Female,50303,2.4,17321,14.6,5,1,41987,524
51.0,Female,47296,6.5,5503,29.9,4,1,12771,610
40.0,Female,53731,10.1,17795,11.6,1,2,34609,552
40.0,Male,44802,0.8,17136,8.9,7,1,39629,529
21.0,Male,31270,2.1,5070,1.0,5,1,5319,518
32.0,Male,56315,4.8,30230,13.4,6,1,24088,568
29.0,Male,18000,4.6,2250,1.0,5,0,11263,542
53.0,Female,80016,5.5,43747,28.7,3,0,84268,591
32.0,Male,51911,8.4,29124,13.9,6,0,33488,609
49.0,Male,81930,4.4,34342,25.6,7,1,13265,571
25.0,Female,154438,3.2,27333,1.0,4,1,88635,548
35.0,Female,57242,6.2,22307,9.4,5,3,16875,514
42.0,Male,38407,5.5,7763,17.3,6,1,8530,623
49.0,Female,37836,7.7,16259,29.2,4,2,8159,638
44.0,Female,47019,8.9,15812,24.5,7,4,44862,611
21.0,Male,54077,2.3,14317,1.0,5,1,27891,525
43.0,Male,62299,14.7,14821,21.5,4,2,50756,602
,Female,89297,2.7,16024,1.0,8,1,50729,556
43.0,Male,64816,5.5,37021,22.8,3,2,45298,534
37.0,Male,41644,5.3,17543,11.4,4,1,51443,541
42.0,Female,55234,6.0,16995,13.9,8,2,22233,578
39.0,Male,115141,6.2,44114,9.7,7,0,125355,583
41.0,Female,65819,9.1,18991,19.4,5,2,70453,600
38.0,Female,83153,4.4,53438,9.0,3,3,35507,506
45.0,Male,116147,4.5,69111,22.0,2,1,118019,528
50.0,Male,64374,7.8,23151,22.3,2,5,73097,534
33.0,Female,94072,14.2,56313,13.0,8,3,57803,602
54.0,Male,51935,10.1,6974,33.7,6,1,43638,619
25.0,Female,106763,7.6,36363,1.0,8,0,91301,568
32.0,Male,87624,2.5,13364,12.7,8,2,102434,539
36.0,Male,35825,19.4,15674,7.8,3,1,14616,658
42.0,Male,52457,7.3,12039,20.0,4,1,59670,607
48.0,Male,29124,14.1,8016,29.7,7,1,13315,674
35.0,Male,40701,11.3,17023,3.1,4,1,44691,548
63.0,Female,64730,17.7,26301,32.6,5,2,30910,687
55.0,Male,67131,3.1,8014,33.0,3,0,17344,609
33.0,Female,76535,8.5,17390,5.6,3,2,72742,518
25.0,Male,23516,3.5,2816,1.0,2,4,6947,463
33.0,Male,62989,5.9,32447,6.8,4,1,54125,555
41.0,Male,48105,2.1,4122,10.7,7,3,46585,535
50.0,Male,33595,6.1,12671,25.4,4,2,8167,590
36.0,Male,167963,8.2,108723,8.4,5,0,114588,589
36.0,Male,67945,3.9,30794,11.4,6,0,39030,526
57.0,Male,67480,13.8,32208,35.5,4,1,19905,659
50.0,Male,121066,8.9,42240,27.2,5,1,106989,632
32.0,Male,76586,16.5,21760,2.2,8,2,55181,604
21.0,Male,90324,3.3,50570,1.0,5,2,53834,495
50.0,Female,147688,12.4,88551,21.9,3,2,66287,608
37.0,Female,69742,14.4,12666,16.9,4,1,58066,640
26.0,Female,39951,6.3,25707,1.0,5,4,10025,504
52.0,Female,43969,14.1,14594,25.6,10,3,16111,611
35.0,Male,125196,12.3,46598,6.2,3,1,33247,622
56.0,Male,83887,9.0,26123,31.1,9,2,83530,625
31.0,Male,48544,7.9,21064,9.8,6,2,54692,531
37.0,Male,55587,12.2,26607,7.2,3,1,68412,548
47.0,Male,41556,9.7,25067,17.1,5,0,15927,611
37.0,Male,58071,11.7,33510,13.8,5,1,51792,584
26.0,Female,150540,4.7,95789,1.0,6,0,135700,506
43.0,Female,41059,7.3,25275,14.6,7,4,28814,586
29.0,Female,34102,5.5,12660,1.0,4,1,34423,533
45.0,Male,37260,20.6,18608,23.6,7,2,16704,667
41.0,Male,65036,7.9,38373,15.0,6,0,21540,591
22.0,Female,18000,2.7,2000,1.0,5,1,6317,583
38.0,Male,39833,1.0,8947,7.8,9,0,6387,595
62.0,Male,47753,12.2,26801,40.0,7,1,33807,709
34.0,Male,52384,4.9,13434,12.5,9,4,29529,571
57.0,Female,50925,6.8,21240,29.0,5,0,43882,643
41.0,Male,83185,11.3,12371,13.3,3,2,55696,568
45.0,Female,38823,11.0,12442,24.8,5,0,17398,612
32.0,Male,35375,15.2,15196,7.2,1,0,12744,603
67.0,Female,42492,7.2,6862,40.0,12,1,44024,704
50.0,Female,96116,0.5,19341,26.4,6,3,111112,562
40.0,Male,37393,10.0,10649,10.3,3,0,6857,586
34.0,Female,77699,3.9,21648,15.8,8,1,79527,605
46.0,Male,96386,2.0,28015,26.0,5,2,91424,567
52.0,Male,50184,13.2,23216,20.1,7,1,61295,641
46.0,Male,128109,8.1,52101,23.6,6,2,145559,569
44.0,Male,97230,12.6,58155,22.3,5,0,101160,595
48.0,Female,92300,21.2,54169,18.5,5,2,19324,669
41.0,Female,32825,6.9,10011,12.6,4,3,25535,503
24.0,Male,36992,11.7,11818,1.0,6,2,18436,566
25.0,Male,26261,0.6,6077,1.0,3,2,19018,543
44.0,Male,41841,11.0,20539,15.9,4,1,13404,588
49.0,Male,97182,5.7,46820,24.8,7,3,52350,623
40.0,Female,42086,4.3,3455,9.4,6,0,27831,545
25.0,Male,49627,8.3,23977,1.0,5,1,54749,556
34.0,Male,58232,4.0,22916,2.6,6,1,72338,514
34.0,Female,91601,6.0,13370,14.7,8,2,58032,586
50.0,Male,30810,7.9,9439,31.5,6,4,35251,563
24.0,Male,53686,11.3,18486,1.0,5,0,23658,632
57.0,Female,90508,5.7,20318,37.1,5,1,86832,641
46.0,Male,54920,13.9,6491,18.2,9,2,31636,615
34.0,Female,106557,3.3,18765,6.2,6,4,123723,481
41.0,Female,79836,5.2,43739,21.6,4,1,75917,572
58.0,Male,121150,24.0,76688,35.4,7,1,28911,741
36.0,Male,24227,7.5,13345,14.5,9,3,14620,604
64.0,Male,51952,10.3,16270,40.0,5,2,7820,674
44.0,Male,98248,6.1,42603,25.6,7,1,35646,633
35.0,Male,65215,3.3,5752,7.5,6,1,16026,584
53.0,Male,51573,8.6,29318,21.2,1,3,60001,525
53.0,Male,29083,5.5,15580,27.0,3,2,22336,536
29.0,Female,84275,11.7,22470,10.4,6,1,76848,611
47.0,Female,64588,10.5,31553,25.5,6,2,11814,659
53.0,Male,128476,2.2,54372,25.6,5,0,51240,568
32.0,Male,78175,8.0,49899,3.6,4,1,22215,524
45.0,Male,104074,12.9,34198,20.1,4,4,66201,603
21.0,Female,70696,9.0,45918,1.0,3,3,15629,473
53.0,Male,53913,15.5,31908,22.5,2,2,34579,566
46.0,Female,94220,12.7,26924,18.6,5,2,31323,634
39.0,Male,79477,17.3,32053,12.2,9,2,22832,617
34.0,Female,122512,6.8,9858,5.7,8,0,26695,669
42.0,Male,81639,3.9,21583,18.3,5,0,19353,622
41.0,Male,66406,9.3,40386,11.7,1,3,75417,485
38.0,Male,60565,5.0,27349,9.0,3,2,14799,528
48.0,Female,56784,4.1,22241,28.1,2,1,19690,566
34.0,Male,41204,13.3,24122,9.4,6,1,43090,596
46.0,Female,84430,2.7,47859,22.5,7,2,46101,522
31.0,Male,59501,4.7,8422,11.6,2,0,56977,547
42.0,Male,52960,1.4,17963,23.7,7,0,57612,580
32.0,Female,111346,9.2,26973,1.3,7,1,21674,606
27.0,Male,47672,6.8,30767,2.8,5,0,12629,541
21.0,Male,116234,8.8,32415,1.0,7,0,64623,577
29.0,Male,34147,2.8,10137,1.5,3,0,35666,566
28.0,Female,42126,1.6,11788,5.5,3,2,29853,498
21.0,Male,51717,2.8,26651,2.9,7,0,14805,536
35.0,Male,50305,7.2,32100,16.0,10,2,36286,554
48.0,Female,81126,3.3,20026,17.7,7,2,96134,603
41.0,Female,50290,4.4,22404,13.5,4,1,38599,524
50.0,Female,39208,7.0,9726,19.8,5,0,9782,606
42.0,Female,51670,5.6,33025,13.7,6,3,48961,528
46.0,Male,59853,4.9,20495,19.5,11,2,34617,618
40.0,Male,64706,3.1,26609,11.9,7,1,79927,512
36.0,Male,29330,8.7,17261,10.2,7,3,34907,523
22.0,Male,111054,8.4,31130,1.0,2,3,90607,507
50.0,Female,66854,4.7,39171,24.2,4,2,46661,563
33.0,Male,69440,8.8,39241,6.2,7,0,72838,572
54.0,Female,21647,14.6,2000,26.0,6,0,26309,693
47.0,Male,117340,8.8,35721,18.7,9,0,103318,641
22.0,Male,18000,2.9,11058,1.0,8,2,21756,501
24.0,Male,55524,9.1,13344,1.0,10,2,61424,545
35.0,Female,155122,8.6,83600,5.7,5,4,154618,469
37.0,Male,54605,4.0,15443,16.0,3,1,25639,605
44.0,Male,72642,8.2,46723,18.0,8,0,44406,603
43.0,Male,54519,1.9,9998,15.4,3,0,66407,519
29.0,Female,76821,3.7,22757,1.0,6,1,85955,517
38.0,Female,97027,7.3,30717,11.3,6,3,57091,501
29.0,Male,100859,5.8,17972,2.3,6,2,96766,518
21.0,Female,34880,9.7,5755,1.0,4,2,36040,517
36.0,Male,37802,6.4,16799,11.2,5,4,47230,525
51.0,Female,44925,14.2,24002,19.1,9,1,8427,659
43.0,Male,39416,5.2,22368,20.6,8,4,12048,552
43.0,Male,52549,10.5,7948,22.4,3,2,53826,586
29.0,Male,70419,12.6,39107,7.7,4,3,57814,558
22.0,Male,75875,6.6,25505,1.9,9,2,53082,531
30.0,Male,121554,17.7,36877,8.8,5,1,100094,606
29.0,Male,79959,2.3,18927,1.0,7,1,49938,540
45.0,Female,23359,3.6,13782,15.8,2,0,23640,507
36.0,Female,27721,7.0,6990,17.8,7,0,25080,588
35.0,Male,86542,4.6,22601,13.1,5,0,48359,618
51.0,Female,52373,3.3,11421,25.0,5,2,9852,584
64.0,Male,44250,1.3,8761,40.0,9,0,45317,620
36.0,Female,41994,11.6,14020,7.0,10,2,10686,609
27.0,Female,40801,13.3,25225,2.8,7,3,17309,530
62.0,Male,20268,8.9,9640,36.3,7,1,17369,633
43.0,Male,34067,9.1,4718,20.6,9,2,8626,568
40.0,Male,28555,8.5,8109,10.0,5,2,24781,585
36.0,Female,66570,1.3,11906,17.9,4,0,32987,583
40.0,Male,75207,8.7,36123,10.7,8,2,47165,605
35.0,Male,59301,15.1,27965,11.5,2,3,43431,582
42.0,Female,73684,5.5,13050,20.6,3,1,24592,610
44.0,Female,43750,15.2,6073,25.4,5,0,53150,693
59.0,Male,128675,6.8,44634,38.7,5,1,72565,656
26.0,Male,51842,12.3,23969,7.1,4,2,17498,562
66.0,Female,81556,3.6,46545,40.0,5,0,14620,623
50.0,Female,73610,7.7,14146,19.6,3,2,49888,609
22.0,Male,74240,6.3,10216,1.0,5,3,28862,574
38.0,Female,54238,12.4,26714,9.3,6,3,33917,561
28.0,Female,20665,6.1,5982,1.0,3,1,9184,499
28.0,Female,29411,3.3,2364,1.0,7,0,12541,572
55.0,Female,61253,12.6,15353,32.5,8,0,42430,751
32.0,Male,47863,10.9,23588,1.0,4,0,58135,523
28.0,Female,81928,2.7,11577,1.0,4,2,46302,527
40.0,Male,48580,3.6,25253,16.1,7,1,45203,524
28.0,Female,37685,4.5,13019,1.0,8,2,39752,551
52.0,Female,58212,10.9,35190,32.8,4,3,65767,613
53.0,Male,50116,4.7,22403,22.1,3,1,20398,604
52.0,Male,29790,13.9,12688,20.3,5,1,7632,607
35.0,Female,97930,2.2,8085,9.9,8,0,17663,570
25.0,Male,182028,5.8,99978,1.0,3,0,180000,506
40.0,Male,54697,9.4,19586,9.8,6,2,50720,540
31.0,Female,37048,10.1,20647,5.4,7,1,19098,573
53.0,Male,54840,6.5,28181,33.5,4,0,11247,652
48.0,Female,43651,4.1,15922,22.8,8,1,13800,622
27.0,Female,83113,17.9,29897,5.4,8,3,32797,612
21.0,Male,35549,1.1,9301,3.0,7,0,10576,564
39.0,Female,55156,15.2,25523,14.6,6,3,61751,570
53.0,Male,38262,18.7,10357,24.7,3,2,22598,644
48.0,Male,35334,12.9,5889,24.9,8,1,25830,610
51.0,Female,41655,4.2,25225,33.0,6,0,48323,611
36.0,Female,68303,16.3,24878,6.4,4,4,30926,540
48.0,Male,51601,4.1,28766,26.7,6,5,37453,546
40.0,Female,141599,16.7,88042,12.1,8,2,27750,630
54.0,Female,140630,7.2,75529,23.5,3,3,110767,524
43.0,Female,135690,10.0,24495,22.0,4,2,24364,658
38.0,Male,63975,10.9,35669,19.8,1,0,60266,600
32.0,Male,60123,5.3,12456,7.8,5,0,40258,596
33.0,Female,88836,5.1,8886,10.9,4,0,73383,573
49.0,Male,90601,13.1,18593,19.4,3,2,25890,645
29.0,Male,44909,6.1,8532,1.0,4,1,38632,523
36.0,Female,59788,7.5,23215,9.3,5,0,31250,614
33.0,Male,51042,1.8,32118,11.6,9,1,44408,583
47.0,Male,120337,19.8,21632,26.9,3,2,122284,625
22.0,Male,71438,13.0,7225,1.6,5,1,51784,540
27.0,Female,62915,5.0,8452,1.0,3,0,33804,516
39.0,Female,100982,10.7,25820,17.3,11,0,29882,665
31.0,Female,45895,12.0,25779,1.0,3,1,50355,525
49.0,Male,114899,3.5,10901,28.1,6,0,98197,623
21.0,Male,33107,8.4,20618,1.0,7,2,29903,530
40.0,Female,73501,2.5,16689,13.2,5,1,40522,522
33.0,Male,54452,6.4,12176,11.2,4,0,38584,575
38.0,Male,73771,3.0,35233,13.0,8,2,39586,563
28.0,Male,36520,6.6,11656,7.5,3,1,30360,568
41.0,Male,28859,8.6,5117,22.7,3,0,6999,615
47.0,Male,31441,6.9,4982,17.4,4,0,27289,606
32.0,Male,92651,21.0,19088,9.6,5,1,73441,628
68.0,Female,109449,9.6,66729,37.1,8,0,79138,648
54.0,Female,40618,5.0,22631,25.4,5,2,47044,599
57.0,Male,36130,1.3,6742,25.1,4,2,27808,585
43.0,Male,31301,4.8,14503,14.5,5,0,24675,581
21.0,Male,117172,2.9,16646,1.0,6,4,78166,500
45.0,Female,62092,6.6,15407,16.5,5,1,54459,565
35.0,Female,44470,10.8,5008,14.4,2,1,12154,604
32.0,Male,81736,3.1,9388,12.9,9,0,28598,585
58.0,Male,100148,1.7,47742,39.0,7,1,38258,641
52.0,Female,77009,4.9,37962,21.0,8,2,77056,609
49.0,Male,33125,2.5,14835,19.9,2,3,21407,542
53.0,Male,63992,4.0,17367,28.7,1,0,69412,584
40.0,Male,33391,16.7,11475,15.1,4,1,15789,627
23.0,Male,89536,8.2,26525,1.0,2,3,76661,497
50.0,Male,47775,7.5,17371,24.1,4,0,16815,641
40.0,Female,54023,6.1,29628,18.4,5,1,62180,525
39.0,Male,47658,13.5,9593,14.6,3,3,50982,600
60.0,Male,92934,9.8,40487,30.1,10,1,48387,694
49.0,Female,58533,16.5,7546,23.9,1,0,23807,708
21.0,Male,54509,7.8,28933,1.0,6,4,10785,507
61.0,Female,67293,12.9,6085,34.0,2,3,58560,631
41.0,Female,29970,3.2,3389,12.7,9,3,28510,551
37.0,Female,34749,11.4,14739,13.5,7,0,12802,618
31.0,Male,54247,14.6,13731,1.0,4,1,35254,567
61.0,Female,58596,1.7,7240,29.3,5,2,70198,600
37.0,Male,45412,11.9,18241,9.7,3,1,35606,577
39.0,Male,34786,15.9,8721,17.8,2,2,24135,643
25.0,Female,43150,5.6,19628,5.7,1,1,28899,515
26.0,Male,55756,9.0,26959,1.0,3,1,43867,550
24.0,Female,29752,3.8,5314,1.0,6,2,28601,477
39.0,Male,66362,24.5,38291,14.7,4,0,62557,662
41.0,Male,86534,14.1,54055,20.0,4,2,84704,558
37.0,Male,31477,6.8,12319,8.8,5,1,29297,579
44.0,Male,46655,6.6,15563,14.3,7,3,9466,588
45.0,Female,38212,2.9,4124,13.3,8,0,6622,595
47.0,Male,33987,7.3,10127,21.0,3,0,37796,613
21.0,Male,165090,5.8,96947,1.0,5,2,98998,482
44.0,Male,36272,3.7,3493,25.6,5,0,30872,604
40.0,Female,44394,4.4,20492,18.2,4,1,53475,525
38.0,Female,155266,4.6,86025,8.7,10,3,78671,559
46.0,Male,50927,8.5,19215,23.5,3,1,33020,557
53.0,Male,55437,8.9,34705,31.0,3,0,56260,550
40.0,,45332,2.7,23984,15.3,6,1,15599,538
51.0,Male,50827,2.5,31107,26.3,4,2,40855,544
41.0,Male,77431,3.7,33846,22.6,8,1,43112,553
46.0,,34720,7.5,9148,18.4,8,1,37907,617
47.0,Male,64727,9.9,9180,26.2,4,1,32917,619
37.0,Male,69637,10.2,42812,11.6,7,1,52822,583
57.0,Male,43596,7.7,27128,26.8,4,3,35300,591
43.0,Female,48042,6.8,24784,17.9,4,1,46263,542
49.0,Male,38429,14.9,14299,19.5,5,2,20815,645
60.0,Male,80219,4.3,39943,35.0,12,4,16421,619
25.0,Male,19937,7.5,9503,6.6,3,0,11791,570
23.0,Male,36370,1.8,16384,3.1,8,0,7394,514
51.0,Male,150338,4.8,19873,23.4,1,2,157898,594
29.0,Female,46224,6.1,17836,4.0,7,2,43951,527
33.0,Female,49896,10.5,18204,3.0,5,1,24648,585
49.0,Male,73802,8.3,12229,26.1,4,0,36991,638
21.0,Male,32891,10.6,9999,1.0,2,1,33655,515
28.0,Female,51174,7.7,9364,6.6,4,4,39967,487
46.0,Female,99257,2.4,40335,26.4,3,0,121945,575
33.0,Male,58253,10.0,25059,7.0,4,1,70624,586
39.0,Male,100961,4.9,37490,10.0,5,2,44019,546
35.0,Female,33283,1.4,18058,14.3,6,0,40106,486
48.0,Male,40377,3.1,4066,18.7,4,0,44260,590
50.0,Female,22235,17.7,9700,18.7,2,1,6312,648
29.0,Female,51942,22.1,8801,3.4,2,1,54788,622
61.0,Female,39422,11.6,13184,35.4,5,0,15747,695
,Male,176120,2.3,79771,1.0,6,1,64056,545
,Male,55470,10.0,21182,4.6,5,2,12418,565
47.0,Female,30992,11.0,4835,20.6,1,1,18093,593
55.0,Male,81252,3.4,50099,23.8,4,3,40928,549
36.0,Female,40885,9.0,12932,11.1,4,1,18285,554
,Male,68070,3.4,13316,11.9,7,2,24416,574
36.0,Female,114327,7.4,67337,17.2,10,0,58201,633
35.0,Female,133900,8.2,44797,13.8,7,3,140384,548
50.0,Male,110899,8.5,48282,23.0,3,2,32276,602
47.0,Male,59002,2.8,20864,28.3,9,1,57505,593
41.0,Male,46748,9.6,18022,12.0,1,2,32782,540
53.0,Female,55432,20.6,35947,24.3,5,1,30117,637
51.0,Male,51051,7.7,30720,23.0,5,1,19901,611
34.0,Female,91654,11.6,52219,8.2,7,5,85473,566
24.0,Female,67490,15.4,12519,1.4,6,3,32840,609
35.0,Female,62689,2.4,25294,5.3,7,1,49163,587
37.0,Female,87330,11.3,33027,17.4,5,2,26913,593
66.0,Female,25593,9.6,5609,40.0,5,0,26638,647
27.0,Male,43651,1.7,26831,1.1,6,0,23866,556
45.0,Male,22140,9.5,11860,15.4,9,2,18897,643
41.0,Male,42449,6.8,5394,17.2,5,2,43080,591
24.0,Female,52779,3.4,6753,1.0,3,0,18192,505
39.0,Male,57816,3.7,14946,20.0,8,2,37375,572
23.0,Female,72721,5.3,35759,1.0,8,1,70794,547
36.0,Male,61362,6.4,39823,6.8,3,0,50126,516
30.0,Male,100335,5.7,47031,9.6,10,0,88525,550
43.0,Female,96147,8.1,48703,23.7,3,0,65315,566
58.0,Male,18000,21.5,6104,34.3,6,2,3883,690
48.0,Female,109837,9.2,64044,18.8,4,3,26896,563
45.0,Female,48711,11.9,18528,24.6,5,5,16995,603
29.0,Male,93164,7.1,27099,1.0,7,2,72592,531
41.0,Female,182793,4.6,86583,21.2,4,2,138219,558
32.0,Female,85810,11.2,26763,7.7,6,4,73394,569
27.0,Male,37961,16.9,15671,1.0,11,3,12012,562
48.0,Male,75902,6.8,14040,29.1,5,3,80023,561
36.0,Male,135097,5.3,14714,10.9,4,3,165476,520
35.0,Male,67951,2.5,42090,11.7,7,3,42242,499
44.0,Male,38638,3.3,15404,20.2,7,0,29241,600
21.0,Male,183473,5.9,72817,1.0,8,0,157137,557
34.0,Female,48784,8.8,14981,14.4,8,1,9282,630
21.0,Female,45763,13.9,14587,1.0,5,3,17805,548
35.0,Female,54601,4.7,6749,4.0,3,0,55750,544
33.0,Female,67047,5.1,23558,10.5,3,1,31101,548
44.0,Female,211763,1.7,32080,23.4,5,1,78819,656
41.0,Male,106801,8.4,45290,17.0,4,1,108819,589
53.0,Male,50918,5.0,15959,25.8,4,2,44608,591
40.0,Female,89065,20.8,23455,19.9,4,1,94244,653
27.0,Male,63781,9.3,17701,5.9,3,1,53454,543
21.0,Female,65407,7.0,23289,1.9,6,0,31004,550
31.0,Female,37266,6.5,12782,8.9,1,0,41688,537
51.0,Female,77293,8.7,26407,22.0,6,1,94034,596
21.0,Male,99278,4.7,39144,1.0,3,2,107593,508
36.0,Male,55748,8.2,34806,9.6,4,5,32789,474
39.0,Male,33598,3.7,14732,20.8,9,2,25632,565
46.0,Female,54815,6.2,34511,19.0,6,1,68029,565
43.0,Male,66353,4.0,38214,21.0,3,1,51959,540
35.0,Male,64384,10.0,24174,11.7,5,2,70942,554
31.0,Male,52602,6.4,21551,2.6,6,0,39070,542
54.0,Male,43615,2.2,19059,35.4,4,1,51237,609
40.0,Male,83030,16.9,23458,17.8,5,2,30366,612
31.0,,77778,6.8,20339,4.6,9,0,17672,590
42.0,Female,123889,7.5,51944,12.6,6,4,136942,514
27.0,Female,95541,2.2,53236,3.8,9,1,113703,514
26.0,Male,55010,2.1,35394,1.5,3,1,26959,511
37.0,Male,103499,7.9,11496,10.3,3,0,44166,575
21.0,Male,32465,5.2,14923,1.0,3,0,32190,501
21.0,Female,105654,1.1,11074,1.0,8,3,130011,529
26.0,Female,85863,6.7,42044,6.5,3,2,95267,524
25.0,Male,111909,7.8,61929,2.9,7,1,38824,560
38.0,Female,50375,10.0,10597,18.9,4,0,41969,614
35.0,Male,76284,11.1,22601,14.7,7,0,61291,675
38.0,Male,46306,6.0,8181,14.4,6,2,32993,565
32.0,Male,73555,6.9,33009,13.1,7,1,43723,575
32.0,,135645,6.5,16755,4.0,6,0,56767,608
56.0,Female,33696,1.7,20787,32.9,4,0,8002,625
37.0,Female,90137,1.5,56140,9.2,3,2,55190,500
59.0,Female,85230,5.6,53536,29.0,3,2,58331,597
36.0,Male,53801,17.7,4607,13.9,4,2,42415,624
47.0,Male,69269,6.2,26620,25.8,8,2,12750,652
24.0,Male,56573,5.2,8888,1.0,4,2,52520,535
32.0,Female,99652,1.3,23999,8.2,9,1,98730,520
41.0,Male,35954,12.7,7273,15.1,7,0,40924,607
30.0,Male,146198,11.2,59136,2.1,6,2,140490,558
40.0,Female,73547,8.3,42265,21.3,6,1,34595,617
34.0,Female,73180,3.3,28807,14.5,2,2,18776,551
59.0,Male,60206,11.0,23098,36.3,4,4,25500,630
40.0,Female,103565,8.3,25227,21.5,6,0,58598,643
32.0,Female,40578,6.3,26039,3.8,4,1,9426,523
40.0,Male,76569,1.1,30650,20.8,8,3,80596,560
22.0,Male,64389,13.8,39763,1.0,11,1,47417,582
44.0,Male,66651,1.5,36325,14.0,3,1,25467,533
64.0,Male,36611,5.2,18603,37.9,4,1,17008,631
45.0,Male,112524,7.2,14193,20.2,4,2,114673,611
42.0,Male,64756,2.8,11430,19.5,4,2,46153,576
50.0,Female,34227,18.2,7787,27.2,5,1,41355,659
25.0,Male,66508,11.3,42722,4.9,5,1,28197,563
44.0,Female,79391,4.2,14830,13.6,9,1,22435,595
33.0,Female,57981,3.7,26983,4.8,2,1,44657,463
60.0,Male,40198,2.5,8808,28.0,3,0,14386,610
31.0,Male,60565,11.1,25425,1.4,3,1,37729,554
34.0,Female,38775,3.5,17430,10.3,6,1,22780,527
64.0,Female,40183,13.7,26040,32.3,1,3,8877,652
42.0,Male,29137,3.5,9585,15.6,5,1,21324,565
21.0,Female,62824,4.4,15547,2.7,5,1,61140,557
49.0,Male,95985,9.9,27824,24.8,3,1,65290,602
32.0,Female,72688,10.2,42420,7.7,6,4,44142,532
22.0,Male,69844,14.2,7218,1.0,8,0,10694,650
26.0,Female,32511,5.9,10964,6.4,3,2,40124,515
29.0,Male,85193,11.8,39870,7.0,9,1,86965,610
43.0,Female,94917,14.5,43923,13.8,4,2,48848,598
52.0,Female,39377,7.2,6492,33.7,5,3,30598,651
28.0,Male,73647,7.1,19360,3.4,4,1,54779,529
23.0,Male,47389,17.6,29698,3.4,8,0,49375,621
54.0,Female,61325,21.9,18808,22.5,5,2,12041,656
44.0,Male,126291,12.8,66755,17.1,5,2,143640,570
58.0,Female,58031,3.4,31960,31.7,5,2,33473,569
47.0,Male,37216,4.7,14179,15.8,5,2,40422,563
45.0,Male,33782,8.8,15053,15.2,4,1,21133,569
21.0,Male,45209,4.3,16380,1.0,7,1,42138,554
45.0,Male,114669,13.5,49530,21.7,6,1,127320,628
48.0,Female,139428,0.9,37459,19.5,5,1,46071,613
39.0,Female,61844,14.1,24786,17.8,4,1,25434,630
61.0,Male,60892,8.4,22417,29.1,4,0,32003,654
40.0,Female,50960,9.6,4398,20.1,8,2,32037,619
54.0,Male,74715,8.6,26831,26.1,7,1,11210,665
36.0,Male,24932,23.0,9115,8.3,9,3,7537,621
23.0,Female,45021,7.7,15240,1.0,5,2,43984,547
30.0,Male,29776,1.4,15196,9.2,9,3,11043,531
48.0,Male,51219,2.2,15437,16.2,4,1,34571,568
44.0,Male,47775,3.6,7188,19.1,3,2,27575,571
21.0,Male,136432,6.0,26639,1.0,2,0,44231,582
33.0,Female,76121,5.3,45781,13.4,5,0,34067,556
53.0,Female,45163,5.6,7981,24.6,3,1,39872,593
33.0,Female,73589,14.1,18615,6.0,6,2,84051,573
48.0,Female,111376,11.0,14885,23.4,5,0,109390,613
51.0,Female,44032,21.2,5040,30.8,5,4,49700,658
25.0,Male,69049,19.1,39523,1.0,6,2,59806,536
49.0,Male,54870,9.4,18506,21.7,3,1,42190,595
42.0,Male,127766,4.7,31249,16.9,7,2,143882,555
45.0,Female,75896,6.0,15041,15.4,4,1,41872,630
54.0,Female,66380,2.5,24554,34.1,9,2,13006,647
49.0,Male,74107,19.5,39537,22.4,5,2,23827,657
44.0,Female,57707,3.8,31807,16.7,5,3,70957,569
51.0,Female,44825,5.5,23259,29.7,1,0,38575,546
50.0,Female,58114,2.4,37583,31.0,3,1,53906,576
34.0,Female,93737,6.6,55840,6.3,4,2,90225,527
47.0,Female,65729,5.5,16352,24.6,5,0,44448,620
52.0,Female,69674,0.6,42908,22.7,6,2,39326,564
53.0,Male,41127,14.1,17096,25.0,4,1,44410,638
39.0,Male,55153,4.7,23102,10.3,7,2,9234,528
53.0,Male,94150,3.6,52436,29.1,4,0,42028,607
43.0,Male,79031,6.3,27489,12.1,5,0,93107,571
25.0,Male,80043,6.8,33338,6.0,7,1,53889,537
45.0,Female,77916,20.0,14551,14.4,3,0,13990,699
21.0,Male,56315,2.5,6566,2.3,4,1,66554,459
39.0,Female,57529,6.8,12402,17.4,2,0,64883,579
,Male,111563,5.4,30797,24.6,8,2,116933,586
21.0,Female,69867,5.1,41512,1.0,8,0,78855,566
35.0,Male,39177,2.9,17087,15.9,3,0,31918,569
33.0,Female,72827,3.5,7765,5.1,5,1,52861,526
21.0,Female,66594,5.5,29849,1.0,3,2,41095,520
32.0,Female,80750,4.2,21475,10.3,8,2,55154,574
43.0,Female,54958,1.8,21541,19.3,3,2,24216,544
36.0,Male,25799,8.5,8244,17.8,1,1,6755,560
60.0,Male,142411,5.4,19484,34.6,7,0,144693,660
47.0,Female,149382,8.9,18874,28.9,3,2,168080,588
47.0,Male,76037,5.0,45253,28.3,6,0,77598,584
48.0,Male,121935,7.2,55502,27.7,10,0,44953,657
40.0,Female,110201,3.1,60560,19.5,4,1,67460,521
45.0,Male,65515,4.8,18029,24.1,5,1,21521,597
48.0,Male,61149,7.6,26610,22.4,3,1,43243,614
41.0,Male,58982,7.3,6625,17.7,5,1,66994,600
25.0,Male,34897,12.8,3785,1.0,5,0,18727,613
25.0,Male,70759,0.8,45335,1.0,3,1,19185,516
29.0,Male,28987,4.2,15809,1.7,4,2,19153,538
31.0,Male,28618,11.0,14694,11.9,3,0,24624,578
49.0,Male,45324,7.1,11837,27.0,6,0,55340,624
43.0,Female,47997,4.0,27912,21.5,7,1,55836,568
70.0,Male,95545,10.2,36930,40.0,4,3,82434,622
41.0,Male,29637,2.2,13580,15.6,4,1,36334,569
35.0,Female,40369,9.0,24785,8.9,5,3,22001,569
37.0,Female,26038,6.0,13878,15.9,10,3,27469,554
21.0,Male,96997,1.0,18675,1.0,7,2,51791,542
34.0,Male,171105,14.0,77517,4.2,5,4,106901,553
38.0,Male,38674,4.3,23659,18.9,4,2,29910,597
50.0,Male,87593,11.8,48698,22.0,4,1,78099,602
47.0,Female,199079,2.6,22616,18.7,6,0,168886,620
57.0,Female,58365,3.0,10392,36.6,5,3,42353,622
47.0,Female,39425,12.7,19784,28.4,7,0,30232,637
35.0,Male,142813,13.5,19999,12.6,1,0,68480,622
46.0,Male,105861,5.2,31838,26.6,6,3,79194,548
40.0,Male,19511,12.1,5089,8.3,3,1,21414,559
30.0,Male,28110,9.8,7410,7.9,3,0,17818,552
31.0,Male,66053,9.4,34692,9.9,5,0,65870,582
42.0,Female,44656,12.5,20127,14.3,4,1,27385,617
40.0,Female,62764,13.1,10995,11.7,5,1,11609,609
35.0,Female,85493,10.9,17819,15.0,4,0,48255,611
52.0,Male,62196,1.9,9941,32.6,4,0,11524,633
,Male,59898,6.0,8132,13.4,4,0,24579,599
36.0,Male,94743,10.8,12864,14.1,5,0,100038,592
45.0,Male,47766,7.4,26043,13.8,3,0,44892,579
46.0,Male,30902,11.8,19482,22.3,4,2,30419,611
26.0,Female,120545,7.2,69019,1.0,3,0,85917,540
21.0,Male,74310,14.9,22830,1.0,2,1,62176,537
28.0,Female,57480,8.1,18609,2.9,7,0,47201,540
38.0,Female,74502,9.8,47765,14.4,4,2,19440,602
44.0,Male,55437,3.3,13621,22.2,4,1,17919,586
44.0,Female,29281,7.6,18016,16.1,4,3,11428,547
43.0,Male,37647,17.9,12828,21.7,3,1,13838,645
35.0,Female,56021,8.2,19398,16.8,6,2,39441,595
44.0,Male,72518,7.4,17300,21.1,9,3,83428,561
35.0,Male,155494,7.0,88298,3.8,4,1,63520,551
47.0,Male,77905,1.9,37504,22.1,4,2,22303,570
44.0,Male,112357,2.6,62530,19.4,4,2,24372,585
30.0,Female,100346,15.3,15970,8.9,5,2,76041,622
48.0,Male,79211,9.4,19976,27.9,4,1,49387,595
25.0,Female,36544,1.2,15150,2.1,5,1,14972,505
28.0,Male,23999,10.5,15085,4.8,7,3,17507,538
46.0,Female,40306,1.2,10257,24.1,4,2,46578,546
52.0,Male,84379,2.0,32093,30.6,2,0,40533,577
36.0,Male,25320,4.1,13110,5.2,5,2,29898,503
52.0,Male,51458,15.4,29871,20.5,5,0,36171,646
27.0,Male,50092,3.3,14860,2.5,7,0,58010,534
34.0,Female,90658,7.8,16883,9.1,5,4,70737,555
46.0,Female,129238,14.7,57594,20.5,7,2,67183,618
39.0,Female,63816,4.4,11692,12.1,5,3,21549,545
70.0,Male,71444,8.8,13977,40.0,5,0,69125,673
54.0,Male,36442,4.0,23523,27.6,5,2,45324,543
41.0,Female,95785,5.3,59167,11.2,6,1,61601,521
25.0,Male,101146,9.0,9043,6.6,3,0,82834,595
35.0,Female,68295,9.7,33721,9.7,1,0,54947,541
41.0,Female,93446,5.1,33941,18.8,4,2,53264,533
22.0,Male,49125,4.4,6739,1.0,7,2,24282,560
36.0,Male,38472,1.4,15213,15.9,10,0,43123,540
46.0,Male,37510,8.4,6831,21.5,5,0,11628,645
31.0,Male,78485,3.8,24519,2.0,2,4,54247,500
44.0,Female,91409,19.4,22889,21.7,5,2,28912,664
27.0,Male,63430,20.3,31389,1.7,6,1,79118,609
35.0,Female,60851,6.7,5263,5.7,1,1,64379,562
41.0,Female,56263,8.9,22780,18.2,4,3,11465,564
24.0,Male,48269,7.2,21689,1.0,5,1,13873,514
47.0,Male,53706,5.9,5274,19.5,10,1,48623,587
30.0,Male,71772,10.5,12862,1.9,2,3,30154,522
47.0,Female,87236,4.1,9085,24.6,5,0,97202,582
21.0,Female,61975,4.4,36043,1.0,7,0,25923,528
58.0,Male,78928,15.5,25872,30.8,4,2,83131,625
37.0,Female,41719,1.8,7433,14.2,2,0,13045,527
46.0,Male,94849,3.8,15343,23.5,5,1,74524,586
35.0,Male,138052,5.8,31842,5.1,6,1,167612,517
40.0,Male,175097,9.3,103336,11.0,2,3,26761,536
61.0,Male,75664,4.0,8680,30.8,4,2,19186,623
41.0,Female,100723,6.7,31024,16.0,7,1,36347,580
44.0,Female,99339,9.8,41870,12.7,5,0,100124,567
60.0,,64959,2.9,37412,34.9,3,3,21851,568
53.0,Male,58918,10.9,30881,22.7,2,4,38476,544
37.0,Female,63139,8.4,14749,18.4,5,1,78572,583
24.0,Male,85207,16.4,54718,5.0,5,0,65567,575
,Female,114186,1.6,46182,11.4,5,1,65988,539
37.0,Male,39047,9.9,19207,15.1,9,0,33794,614
54.0,Male,97269,11.9,40804,22.0,6,2,35876,626
36.0,Female,71551,11.0,12616,6.8,3,2,50318,566
34.0,Female,40097,10.0,20189,10.7,4,2,8051,585
45.0,Female,18848,3.0,11113,17.6,4,1,20569,546
34.0,Male,56069,8.8,4705,3.6,3,0,13687,592
32.0,Male,97227,3.9,41814,7.6,4,1,96578,551
29.0,Female,63998,0.8,14170,8.7,8,0,46289,566
42.0,Male,25319,11.0,14515,23.4,6,1,20366,625
47.0,Male,105399,10.6,64136,17.7,5,1,121398,574
28.0,Female,68347,7.3,13745,9.6,7,3,41946,580
55.0,Male,57740,5.3,22348,26.4,6,0,26148,605
21.0,Male,86959,14.6,22203,1.0,7,0,85135,601
32.0,Male,50837,10.8,15525,7.0,7,0,30498,571
49.0,Male,67491,9.3,37773,23.6,4,1,42477,588
37.0,Male,79261,4.7,17493,11.6,4,2,44981,550
40.0,Male,51801,6.3,5664,12.6,6,0,57526,602
31.0,Female,18000,4.9,6260,1.0,3,3,13755,473
24.0,Male,49762,21.0,31462,1.0,5,3,18145,538
70.0,Male,34041,1.4,16099,40.0,6,0,19485,637
21.0,Male,67288,2.4,18618,1.0,8,3,81137,470
38.0,Male,93578,3.2,57151,19.0,4,2,99256,501
54.0,Male,121435,4.0,28088,32.0,3,1,124561,643
25.0,Female,67507,19.4,12390,1.0,8,1,81531,639
59.0,Male,65875,6.3,39793,31.8,4,3,60081,562
48.0,Male,78931,8.6,43885,22.5,7,0,24625,656
33.0,Female,19251,11.4,6824,14.5,2,3,13550,555
26.0,Female,31709,10.0,7206,1.0,6,1,18510,565
62.0,Female,43727,0.3,10549,32.4,6,1,53871,618
32.0,Male,112378,11.5,31198,13.6,5,0,54358,646
27.0,Male,36510,4.4,8187,1.0,4,0,11895,558
39.0,Male,49208,8.2,18080,10.9,6,2,31883,537
44.0,Male,67911,5.8,10757,16.0,3,0,72081,565
50.0,Male,57260,19.1,16535,27.5,4,1,31941,690
30.0,Male,47700,10.5,12093,4.8,5,3,49062,525
45.0,Male,50007,17.0,6695,15.6,5,1,9472,649
32.0,Male,65472,18.5,10241,11.6,7,5,34337,588
35.0,Female,63970,7.0,5535,5.9,3,4,41614,533
47.0,Female,21130,5.1,10482,24.7,5,0,16939,595
33.0,Female,24659,5.6,3826,2.6,2,1,21330,490
41.0,Male,36490,5.0,17894,11.2,6,0,37953,590
40.0,Female,27923,6.5,8917,8.2,7,2,12348,555
27.0,Male,35729,4.8,19760,5.3,5,1,36628,574
30.0,Female,55746,2.9,27302,4.9,8,1,67126,546
35.0,Male,34701,16.3,10296,14.8,4,0,12630,626
33.0,Male,56614,5.4,15387,8.2,6,0,51359,561
47.0,Male,76328,4.6,18125,18.4,1,2,31271,553
34.0,Female,83281,4.5,47091,11.2,6,2,70287,499
39.0,Female,69933,8.9,20302,11.2,5,1,53340,523
44.0,Female,60328,14.3,31673,24.3,7,1,43235,638
38.0,Male,78303,18.7,25475,13.6,6,3,47970,570
31.0,Male,81377,9.6,39607,3.9,7,0,62355,593
47.0,Female,55136,7.5,35148,15.2,4,2,42591,577
45.0,Male,70659,10.5,26541,21.9,7,2,18915,646
56.0,Male,119463,8.7,44112,35.6,5,0,28545,671
21.0,Male,31497,4.0,11318,1.0,6,0,10906,591
29.0,Female,47830,12.2,25402,8.8,10,1,24552,614
35.0,Male,42745,13.2,15205,7.3,5,0,49891,561
21.0,Male,47531,3.4,10895,1.0,5,1,8914,525
41.0,Male,74720,5.1,7207,10.4,6,0,35679,599
33.0,Male,123917,9.7,24975,3.4,3,1,144877,533
45.0,Male,107200,3.9,43797,13.5,3,4,29842,526
43.0,Female,134826,8.1,79303,15.4,3,1,142750,550
31.0,Female,56418,8.2,12986,10.7,9,2,38293,582
45.0,Male,36151,4.7,11211,16.6,9,0,32622,569
26.0,Female,75545,3.3,20245,1.0,8,2,68976,510
33.0,Female,69511,8.7,41369,10.0,7,4,34223,537
50.0,Male,59245,8.2,35055,29.6,7,1,54165,620
50.0,Male,46037,9.8,11627,18.9,4,1,36551,649
33.0,Male,47784,0.5,11968,12.2,6,1,28784,569
60.0,Male,75762,3.7,47762,40.0,7,1,24413,604
35.0,Male,23873,6.8,14100,13.6,3,1,23395,533
22.0,Female,51270,6.7,5218,1.0,8,0,56562,564
68.0,Female,70333,9.3,44321,40.0,6,1,51124,669
39.0,Female,117862,3.1,20156,20.1,7,0,29117,659
32.0,Female,28830,10.2,11623,12.3,5,2,29015,580
47.0,Male,49169,2.2,15404,22.1,7,1,52683,613
52.0,Male,51085,12.6,17001,28.6,3,1,45448,645
31.0,Male,91375,8.7,18903,4.8,6,2,33733,623
36.0,Male,71776,18.7,16456,13.6,8,0,27887,686
32.0,Male,18000,10.5,6852,12.5,10,3,19954,535
50.0,Female,84167,7.1,20038,23.4,8,1,40145,665
40.0,Male,74351,6.6,9530,17.5,6,2,88897,591
38.0,Female,65840,8.7,18778,19.9,4,2,49948,562
33.0,Female,144892,4.4,91311,1.6,2,5,136082,394
21.0,Female,54721,13.4,23838,1.0,6,3,54000,555
22.0,Female,56071,6.5,23458,1.0,4,3,42091,489
43.0,Male,112367,7.7,64267,14.0,3,1,132362,509
39.0,Female,30639,1.9,7991,20.6,4,1,22060,541
31.0,Female,48151,5.4,10179,8.7,6,3,50789,554
22.0,Female,60954,14.1,11033,1.0,7,3,18954,560
21.0,Male,36823,14.2,9043,1.0,6,1,33620,540
45.0,Female,35179,4.2,18110,25.1,4,2,9344,524
35.0,Male,51669,6.2,22486,6.6,5,1,21273,556
52.0,Male,44661,4.5,23500,26.3,5,3,23227,580
49.0,Female,30485,8.6,4128,19.8,6,0,8807,629
44.0,Male,96519,6.0,11151,15.7,8,1,59430,636
34.0,Male,22364,3.5,11743,12.8,5,1,27377,528
45.0,Male,37151,4.4,16289,17.7,3,3,37059,555
47.0,Female,38712,6.7,23671,28.2,3,3,48069,565
25.0,Female,104316,11.3,22770,1.0,8,3,126316,519
29.0,Male,68798,3.7,10194,2.4,5,2,48020,501
21.0,Male,70176,3.6,25696,1.0,4,0,51899,524
49.0,Female,91708,5.6,13206,23.8,5,2,45887,633
47.0,Male,73072,21.5,31049,15.1,4,4,43228,607
36.0,Female,31386,10.9,7407,16.5,2,3,38144,505
30.0,Male,36854,2.6,19319,1.0,8,1,6958,520
41.0,Male,38182,15.1,6568,11.7,6,1,29871,639
61.0,Male,45963,6.0,24752,33.2,3,1,8568,574
21.0,Female,44699,4.0,13851,1.0,6,2,47127,499
21.0,Female,43626,10.8,12778,2.0,4,3,49323,485
25.0,Male,48184,8.3,5721,1.0,3,1,22483,498
29.0,Female,81520,4.7,38962,1.0,5,3,35852,495
51.0,Male,134841,9.0,80108,23.6,4,1,71423,573
40.0,Male,75602,1.1,25597,12.5,5,2,27716,555
40.0,Male,80414,4.3,28357,19.4,2,3,47983,557
41.0,Male,90986,7.2,23587,15.3,4,1,73462,557
36.0,Female,75200,4.5,37068,16.4,7,0,75649,568
32.0,Female,64984,12.5,26322,11.9,7,0,15698,615
29.0,Male,52199,5.9,8224,10.2,5,1,46345,588
32.0,Male,58239,15.0,8713,10.8,5,0,62701,606
40.0,Male,62021,1.1,15152,11.2,6,0,33880,591
43.0,Male,67869,13.6,27991,19.8,4,1,28071,611
46.0,Female,92264,12.8,40315,19.2,5,2,26014,615
41.0,Female,56629,1.9,13764,18.1,7,0,55580,579
43.0,Female,94421,4.4,42560,12.3,4,1,83154,516
42.0,Male,58714,8.1,17504,20.1,3,1,55876,600
33.0,Male,119527,4.6,37573,13.4,2,1,51430,580
35.0,Male,53589,9.6,25375,14.7,8,1,60158,626
30.0,Male,68195,6.1,43845,10.6,4,0,65674,557
49.0,Female,36503,9.0,11163,30.0,6,1,14727,635
44.0,Male,80094,4.4,32218,23.9,5,2,53597,565
35.0,Male,75904,4.8,35796,8.9,10,0,48585,609
43.0,Male,47972,3.1,28094,17.1,6,3,8607,572
60.0,Male,37007,13.0,23837,38.9,3,2,37887,646
29.0,Female,67380,8.7,31233,7.1,4,1,56012,578
31.0,Male,73279,9.8,45580,8.5,4,1,50916,578
37.0,Female,94791,11.8,17524,11.8,4,1,40603,603
25.0,Male,39728,7.3,16498,1.0,4,1,26337,519
41.0,Male,54812,4.1,17231,21.3,5,2,65907,541
31.0,Male,29399,4.4,18018,7.1,3,2,28748,537
44.0,Male,77189,11.2,34374,24.8,5,0,67763,625
29.0,Male,56465,5.8,33906,3.8,8,0,57099,512
37.0,Male,65401,16.9,9371,13.7,5,1,17706,644
35.0,Female,24031,7.4,6469,7.1,2,0,22684,547
32.0,Male,30917,2.6,11492,2.9,6,0,29365,538
37.0,Female,90491,4.9,26429,7.1,5,0,107001,532
47.0,Male,31438,3.5,12852,17.0,4,0,37658,571
55.0,Female,65002,8.8,5225,32.3,5,1,31163,674
39.0,Male,144962,12.4,82769,7.9,5,0,126436,564
50.0,Male,20194,9.0,6938,23.0,2,2,24971,560
21.0,Female,74939,4.5,21177,1.0,8,4,85173,482
51.0,Female,113484,17.2,48458,26.6,2,3,110618,559
40.0,Male,70199,8.7,11431,11.7,7,3,54392,593
30.0,Male,51731,10.0,9776,6.2,4,2,22557,587
25.0,Male,66378,7.0,13877,1.0,4,0,20648,583
39.0,Female,87449,24.1,35392,10.0,6,1,39380,624
34.0,Female,52626,3.0,22210,5.5,2,1,58609,564
30.0,Male,44217,4.6,10357,8.5,3,3,50920,498
58.0,Male,52901,10.3,25583,39.2,6,1,18680,666
34.0,Male,170577,14.5,95760,6.6,2,3,120315,531
44.0,Male,45389,5.7,26421,18.1,7,2,37920,580
23.0,Female,27727,21.7,10224,3.3,8,4,14348,567
25.0,Male,44869,5.9,12644,1.0,2,1,34645,518
50.0,Male,96443,16.4,13181,21.3,7,1,47366,700
25.0,Male,39972,5.8,21342,1.8,4,2,15597,476
30.0,Male,45948,5.9,28571,3.4,5,1,13170,586
51.0,Male,93767,8.4,22326,28.1,3,2,70038,589
34.0,Male,29649,5.5,3346,9.8,5,2,14714,541
31.0,Female,76054,4.9,6649,10.3,6,1,61243,563
45.0,Male,160940,10.5,45814,22.5,7,0,149129,633
35.0,Male,24134,1.4,7725,15.6,9,1,16355,592
37.0,Female,63347,2.4,17099,8.6,6,0,71974,539
35.0,Female,85555,6.7,23098,16.0,2,2,44459,519
55.0,Female,18968,1.5,2633,34.1,5,0,8080,623
42.0,Male,41319,9.7,23886,11.8,7,0,36417,570
37.0,Male,74552,7.5,29719,11.5,6,1,13741,560
39.0,Female,45556,7.0,10939,16.5,8,0,16186,652
34.0,,37973,5.0,18448,5.3,5,1,9293,525
32.0,Female,56720,5.2,15843,9.6,8,2,35003,579
31.0,Male,98789,9.2,59106,12.5,3,0,58744,627
63.0,Male,86184,11.0,49802,36.6,5,0,105737,641
41.0,Male,49132,7.1,21145,9.6,7,0,19986,623
26.0,Male,47236,5.8,15933,1.9,2,0,45559,530
34.0,Female,42898,7.3,18657,2.5,6,1,43853,567
54.0,Male,110465,10.7,28124,26.0,4,1,103812,630
48.0,Female,52132,5.2,14777,21.6,9,3,33783,617
38.0,Male,77206,8.1,12398,13.8,3,1,59581,615
28.0,Female,26820,14.4,11309,1.0,6,1,23614,551
40.0,Male,87537,1.8,34889,10.0,3,0,99585,498
47.0,Female,69917,7.7,21167,21.7,6,2,85170,609
38.0,Male,80585,8.9,34187,11.7,5,0,85801,573
21.0,Male,102504,15.7,38487,1.0,3,2,92251,561
22.0,Male,74528,4.9,32026,1.0,6,2,88728,498
31.0,Female,57833,3.0,13465,10.7,3,2,47992,510
54.0,Male,51257,3.5,26324,30.0,6,2,39863,611
21.0,Male,61515,12.1,39653,1.0,6,1,23407,572
43.0,Male,69285,6.7,38145,24.9,7,0,59616,588
21.0,Male,82228,1.4,19685,2.4,7,3,62594,521
57.0,Male,70670,4.0,42164,27.2,4,2,43642,546
39.0,Male,48300,8.4,13559,18.0,7,0,19780,614
52.0,Female,105769,13.5,64790,26.0,7,1,53665,659
31.0,Female,45438,5.1,14977,1.0,7,3,12939,504
38.0,Male,80838,7.7,39436,17.2,6,2,75436,575
44.0,Male,60699,9.4,29386,21.5,7,0,69806,647
47.0,Male,105334,9.0,18948,15.8,6,1,33341,636
50.0,Female,74532,7.7,37642,26.8,7,1,40202,580
21.0,Male,37575,15.6,7953,1.7,4,2,23601,566
41.0,Male,101249,9.9,32121,18.1,6,1,15354,624
40.0,Female,32121,11.2,16526,11.3,5,0,25321,615
45.0,Male,74325,5.6,28261,25.3,9,3,54753,612
52.0,Male,122035,6.6,61751,25.1,7,2,62534,600
44.0,Male,28502,12.0,5835,16.8,2,0,30979,607
55.0,Female,33961,11.6,16934,31.4,5,2,20569,587
51.0,Male,47420,10.5,4270,25.0,7,1,40415,649
40.0,Male,36572,5.2,16478,14.4,10,3,28664,605
41.0,Male,72788,10.2,41271,16.9,5,2,20908,548
42.0,Male,95551,7.0,28545,15.0,6,0,43806,588
21.0,Male,39212,4.5,21132,1.0,6,0,10739,531
38.0,Female,33755,4.5,13849,8.1,6,1,16902,544
50.0,Female,157537,6.9,21720,31.6,4,0,122708,634
39.0,Female,50875,5.2,13534,14.7,4,0,35339,590
21.0,Female,46725,2.1,10184,1.0,4,3,53211,461
53.0,Female,46028,7.0,9683,22.2,5,2,44718,581
24.0,Male,33773,17.6,13398,1.0,6,0,23763,605
40.0,Male,78327,11.4,45283,19.4,6,2,19250,621
37.0,Female,55115,4.3,16277,5.0,7,0,41811,572
29.0,Male,99383,16.6,27883,8.5,5,1,31382,639
47.0,Male,52938,10.4,24007,24.0,2,1,66136,596
51.0,Male,70786,11.3,9536,25.7,5,2,16434,608
55.0,Male,184451,12.7,79074,31.7,6,2,160264,643
41.0,Female,65821,4.6,35363,16.4,4,0,55877,581
39.0,Male,38363,4.7,21349,11.7,5,0,16465,562
44.0,Male,44859,5.8,20274,12.1,3,1,52579,575
60.0,Male,47850,8.8,10570,40.0,4,3,17738,631
45.0,Male,66634,5.2,5742,24.2,6,0,65217,648
28.0,Female,48737,10.1,14216,1.0,6,1,41330,556
34.0,Male,41335,7.1,26560,14.5,6,0,42474,594
35.0,Male,122499,3.6,27214,16.9,4,0,94419,608
34.0,Female,40279,11.5,5846,6.6,4,1,10666,607
40.0,Male,119866,6.4,25310,9.7,7,3,65999,574
38.0,Male,39950,2.3,6258,10.0,2,3,24788,471
30.0,Male,70020,2.4,7786,9.1,7,1,31088,546
21.0,Male,22500,4.6,6825,1.0,4,1,20402,565
51.0,Female,132681,9.9,76766,22.1,4,0,118702,576
42.0,Male,43882,6.1,15860,13.7,5,2,39835,557
46.0,Male,33549,8.0,5365,24.7,4,2,30377,630
33.0,Female,102254,15.2,28632,5.6,4,0,112192,584
34.0,Female,55976,7.2,5046,2.1,4,1,64424,528
45.0,Male,67247,0.2,21455,17.4,7,1,83080,559
44.0,Female,99209,3.3,34288,15.9,7,0,26879,622
,Female,53392,8.6,18194,1.0,5,1,45244,551
30.0,Male,58180,11.4,15093,1.0,6,1,59193,532
53.0,Male,58384,8.7,28567,21.3,3,0,65144,584
30.0,Female,40600,6.9,3492,1.0,5,1,21888,556
35.0,Female,50643,4.9,22884,6.1,4,2,48451,502
40.0,Male,99431,4.5,42618,19.0,4,0,27168,607
51.0,Female,79536,11.6,29551,28.5,1,1,77038,607
36.0,Female,37173,2.9,3355,10.8,6,3,44234,518
58.0,Male,56999,8.6,19150,26.6,3,3,45632,574
34.0,Male,50014,1.6,8936,6.8,7,1,38176,505
34.0,Male,47617,3.6,4529,13.8,8,4,32795,544
41.0,Female,23520,3.7,2033,21.0,8,2,6867,593
30.0,Male,64031,13.0,19390,5.2,5,1,78943,610
38.0,Male,37748,8.1,21250,12.2,5,0,13647,588
35.0,Female,18633,8.0,7250,6.2,3,2,10342,495
28.0,Female,75784,10.9,6677,1.0,5,3,12535,566
41.0,Female,34257,14.3,7807,18.3,4,2,39374,617
54.0,Male,75566,4.7,32482,22.5,4,1,61241,587
39.0,Female,55625,10.3,4828,20.7,3,0,59467,650
40.0,Female,31607,6.4,2559,9.9,2,3,19824,546
54.0,Female,57516,7.1,16310,25.1,8,0,24174,656
32.0,Male,122734,3.9,60871,11.1,5,0,97562,543
70.0,Male,53745,2.0,31563,40.0,3,2,11485,606
40.0,Male,168736,2.4,64682,12.2,6,0,140820,571
43.0,Male,41127,19.3,7641,14.0,8,1,34945,664
32.0,Female,35887,8.5,11642,9.8,3,3,20161,555
52.0,Male,76767,11.5,41370,25.8,5,1,52829,617
31.0,Male,75377,15.8,11129,2.7,8,2,80485,577
42.0,Female,44844,8.0,28101,17.7,7,1,13174,560
29.0,Male,48563,9.7,24994,5.8,10,0,60228,580
32.0,Female,67301,7.5,23623,1.5,7,1,68426,543
34.0,Female,116737,9.7,46112,10.7,9,1,145663,601
27.0,Female,49498,1.3,30618,1.0,3,1,61194,504
53.0,Female,78771,13.1,33503,23.6,9,2,63168,673
28.0,Female,31468,8.7,19474,1.0,6,1,37505,542
30.0,Male,86373,9.9,22327,10.6,5,2,45544,586
26.0,Male,77744,9.2,28982,1.0,5,0,28895,562
28.0,Female,168902,8.1,44644,1.0,2,0,180000,539
24.0,Female,69625,6.5,36102,1.0,6,2,22202,547
30.0,Male,49809,7.0,9592,1.0,6,0,56099,551
33.0,Female,69672,24.9,7386,10.2,5,1,67608,650
48.0,Male,47487,12.3,23053,21.2,3,1,51602,573
36.0,Male,80842,10.7,34845,14.7,5,3,81402,552
61.0,Female,45554,10.0,27120,29.2,2,1,56220,599
38.0,Female,20078,5.2,7059,19.0,4,1,22259,541
39.0,Female,34645,5.6,21457,9.7,4,1,21043,556
47.0,Female,82382,13.0,43697,24.2,8,1,88877,621
25.0,Male,66124,17.1,34480,1.0,3,2,42864,595
28.0,Female,80157,2.6,28398,7.0,4,0,45453,580
36.0,Female,35652,11.8,8149,14.5,3,0,18133,603
45.0,Male,22549,6.0,8548,13.5,5,1,4448,572
45.0,Male,71047,8.7,14705,17.8,4,1,54080,557
28.0,Male,38745,12.6,18106,2.6,7,2,36287,558
32.0,Male,97402,8.6,22285,5.5,1,2,54479,531
31.0,Male,110244,9.2,49220,12.7,6,2,76306,612
42.0,Female,51347,11.9,31129,11.2,5,3,46447,524
43.0,Female,70406,11.1,44749,12.4,7,5,86924,484
57.0,Male,35055,7.3,17004,28.0,6,2,21084,578
54.0,Female,58453,3.2,30791,30.0,1,2,66123,560
56.0,Male,38804,3.3,9919,33.7,4,1,46201,548
41.0,Male,59567,8.5,37858,23.0,5,1,38239,592
48.0,Female,57694,15.1,15967,29.9,11,2,62546,678
36.0,Male,35376,10.3,2875,5.0,6,0,10593,600
26.0,Male,41132,5.4,22972,1.7,2,1,42164,495
25.0,Female,43786,13.2,5528,1.0,6,3,22524,572
38.0,Female,29162,14.0,16931,10.0,8,2,6601,632
36.0,Male,163520,1.9,47489,11.4,3,1,82925,565
50.0,Male,103207,15.0,11533,18.0,2,3,125073,601
63.0,Female,35815,6.8,19855,39.5,5,2,27927,591
61.0,Male,84820,2.4,13957,31.9,4,2,53718,603
52.0,Male,62537,10.7,7003,23.1,4,0,38297,639
28.0,Female,131019,9.5,40009,9.3,10,2,110048,587
34.0,Male,105801,9.2,27434,8.3,3,3,126473,498
46.0,Female,32461,9.3,15794,15.2,11,1,26139,629
39.0,Female,63129,6.1,12108,15.9,5,0,10993,591
30.0,Male,45433,20.5,27252,1.0,4,3,29587,569
46.0,Male,52422,10.3,10577,20.1,9,0,8403,677
35.0,Male,68873,5.7,27991,13.8,6,1,28096,554
66.0,Male,45553,6.7,27370,36.9,5,1,45473,652
52.0,Female,51924,11.4,4514,21.5,5,2,13625,635
37.0,Male,100023,25.7,12081,15.0,10,0,60935,726
45.0,Female,76243,7.8,27800,14.3,4,0,69642,552
28.0,Male,36765,4.2,3977,1.0,5,0,27476,560
43.0,Male,53596,7.5,15596,17.5,5,2,40786,588
,Male,68920,17.7,22024,1.0,5,4,56232,568
22.0,Male,57052,0.9,21169,3.9,4,2,33699,496
24.0,Male,43190,13.5,15087,1.0,3,1,25982,572
35.0,Male,52256,3.9,8653,16.1,3,2,31977,590
24.0,Female,63233,4.9,37106,1.5,5,2,42673,480
39.0,Female,39409,3.1,22046,9.1,10,2,27879,536
,Female,70643,8.1,9771,24.7,7,1,68171,642
36.0,Female,31250,8.4,20306,8.4,1,1,37892,519
40.0,Female,35887,11.8,8726,14.7,8,0,26983,612
47.0,Male,36357,5.1,22219,26.3,6,0,7769,627
51.0,Male,34978,6.0,19167,22.0,10,0,5365,654
51.0,Male,80440,5.2,16564,19.6,5,1,41587,595
34.0,Male,29861,9.0,4212,5.5,6,2,9421,570
56.0,Male,69666,22.6,30225,32.7,6,1,86054,730
33.0,Female,63678,6.7,14853,9.3,5,2,19955,577
33.0,Male,28899,7.9,7439,4.1,9,3,35497,538
52.0,Male,56371,15.7,31291,33.2,6,1,14518,664
30.0,Male,65710,20.1,24443,8.6,8,1,61896,662
53.0,Male,45481,4.3,16356,33.2,1,0,39898,605
28.0,Male,77514,4.0,7279,8.9,2,2,50591,548
38.0,Male,50991,8.3,29172,9.6,5,2,33362,539
30.0,Male,48459,1.8,25764,2.6,3,1,39552,490
59.0,Female,81176,5.8,41233,27.1,4,1,91842,577
27.0,Male,47267,11.7,22834,3.5,5,1,33614,558
64.0,Male,54403,16.0,18655,33.1,5,2,25832,609
39.0,Male,96373,4.1,47175,18.1,5,0,116334,527
52.0,Male,64254,4.9,32766,28.3,6,2,52651,556
36.0,Male,72190,7.5,24700,10.7,3,2,56261,549
28.0,Female,74050,8.1,31185,1.0,2,3,32137,454
23.0,Male,29639,3.7,14593,1.0,4,4,26166,490
21.0,Male,55982,6.7,6387,1.0,5,1,69705,565
42.0,Female,61550,5.4,19824,21.1,6,3,29790,582
29.0,Male,123354,5.9,47809,6.5,4,1,40093,532
24.0,Male,30196,5.3,10058,1.0,5,0,10511,538
48.0,Male,49047,5.7,16124,24.0,6,1,45674,615
61.0,Male,127654,15.4,43878,39.0,6,1,110371,722
47.0,Female,82668,11.7,16824,22.2,7,0,95936,638
45.0,Male,103160,8.4,34321,22.0,3,1,83328,606
64.0,Female,31274,9.4,16647,40.0,2,2,28544,628
25.0,Male,51145,15.5,9266,4.8,6,0,57132,616
33.0,Male,93490,22.1,18564,13.2,5,2,102360,657
51.0,Female,73626,9.1,31679,23.0,7,0,30357,665
40.0,Male,70965,8.8,26008,11.0,5,1,48866,567
21.0,Male,68716,1.8,11712,1.0,5,1,37358,551
27.0,Male,112029,3.4,26311,1.0,6,2,87073,499
33.0,Male,71905,9.5,8647,3.5,4,4,14868,534
63.0,Male,34538,8.1,2916,34.7,5,0,39597,648
25.0,Male,40669,4.9,15986,2.9,4,1,13443,481
36.0,Male,34083,5.0,18179,16.4,4,1,14715,564
26.0,Male,91239,7.5,17628,1.0,4,0,83218,514
41.0,Female,57002,7.6,12705,19.7,6,2,15273,618
61.0,Male,111626,13.9,71406,34.5,6,1,117549,624
44.0,Male,38638,3.3,15404,20.2,7,0,29241,600
37.0,Female,30232,9.9,8371,5.3,6,0,14958,605
,Male,47057,8.0,12410,14.7,7,1,57906,560
41.0,Male,89844,13.5,46075,15.2,5,0,20663,664
45.0,Male,35657,6.7,16270,24.3,5,1,15054,596
40.0,Male,74351,6.6,9530,17.5,6,2,88897,591
27.0,Female,52926,6.7,8607,7.6,7,2,9104,554
51.0,Male,30505,3.0,15265,30.7,6,1,26086,603
23.0,Female,37980,5.2,10215,1.0,8,0,33958,548
44.0,Female,80323,1.9,33434,14.4,3,3,37208,521
21.0,Female,95831,11.4,38985,1.0,5,0,21521,564
57.0,Female,21389,17.2,8217,28.8,6,0,16497,678
36.0,Male,47973,8.3,21645,15.1,6,2,58266,571
21.0,Female,46039,12.3,6153,2.2,3,2,7410,550
48.0,Female,55625,0.8,25593,16.3,8,3,60343,500
41.0,Female,27861,9.8,16030,20.7,4,1,9108,584
29.0,Male,34130,10.7,14177,7.4,8,2,8819,570
28.0,Male,66327,14.2,41276,7.3,7,1,52132,562
36.0,Male,36387,4.1,4275,15.4,7,1,35817,546
45.0,Female,24903,5.7,15073,19.2,5,2,30522,552
32.0,Male,53166,15.5,21545,6.0,8,2,15604,605
25.0,Male,109329,5.8,46693,1.0,5,1,40573,495
38.0,Female,50152,7.6,5974,12.8,6,1,61187,569
35.0,Male,37131,19.5,20389,12.2,4,0,29799,636
50.0,Female,68712,5.4,31704,21.5,3,3,19129,546
42.0,Male,94940,18.5,11830,22.2,4,2,73316,619
38.0,Male,83234,9.5,46054,16.2,5,2,67786,566
48.0,Male,56522,7.5,23613,16.9,5,1,38123,608
30.0,Female,127203,6.2,52581,4.8,4,2,100494,530
39.0,Male,111879,2.7,58863,11.8,3,2,113452,497
45.0,Female,26440,7.4,11638,15.3,3,2,21654,542
21.0,Female,36777,11.9,22662,1.0,5,1,16698,564
35.0,Female,240684,7.2,25490,9.9,4,0,180000,635
30.0,Female,53161,5.4,28043,1.0,7,3,56092,531
34.0,Male,67469,21.5,41266,8.5,5,0,26059,612
34.0,Male,147542,6.3,54476,3.9,3,1,79406,545
49.0,Female,78022,14.7,40986,21.2,4,0,67023,614
34.0,Female,45951,1.8,13050,14.2,10,1,15024,564
,Male,30827,12.0,6762,39.2,5,1,38497,673
26.0,Male,102205,15.5,32241,1.0,6,2,118057,532
31.0,Female,62880,7.8,18349,3.1,4,1,64870,554
21.0,Male,47360,6.5,12355,1.2,8,3,18218,528
25.0,Female,54981,5.9,30205,1.0,5,2,26785,530
55.0,Male,76828,18.0,22767,36.1,3,1,32462,684
40.0,Female,162864,3.9,20402,14.2,6,1,101813,598
46.0,Female,236339,8.0,101283,15.3,7,1,180000,583
25.0,Female,76632,6.2,17526,1.5,3,2,94125,507
41.0,Female,38119,19.3,20357,12.6,2,0,23710,584
25.0,Male,49071,2.8,11435,1.0,4,0,19223,508
21.0,Male,52886,11.1,24787,1.0,4,2,26321,552
43.0,,73628,8.4,39968,14.8,6,2,84983,492
46.0,Male,41681,8.6,5782,14.8,6,0,33822,631
25.0,Male,79138,5.7,34225,1.0,8,2,47243,547
26.0,Male,67042,4.4,9623,2.6,7,1,59917,549
33.0,Female,29133,17.3,4226,2.9,7,2,32022,581
24.0,Female,50057,8.6,15879,1.0,5,5,34722,484
35.0,Female,49650,13.2,28610,16.6,3,2,46473,567
38.0,Female,71866,5.3,27402,6.4,6,0,18971,571
28.0,Male,43279,1.4,17072,2.8,4,3,21757,466
65.0,Female,38997,4.6,14268,40.0,6,2,36895,620
42.0,Male,49315,7.8,17672,21.9,5,2,60724,583
36.0,Male,101061,8.8,8377,15.7,5,0,98737,575
24.0,Male,76761,2.3,7839,2.3,7,1,17331,600
68.0,Male,56114,10.7,35187,39.6,2,3,21242,579
27.0,Female,37801,4.9,22566,2.7,6,2,7940,513
43.0,Female,41599,4.4,12471,14.0,8,2,36690,529
55.0,Male,67021,5.8,37095,29.6,5,2,58512,526
31.0,Male,63314,10.4,7173,13.0,7,2,50640,609
56.0,Male,57792,4.5,18369,25.7,6,0,14437,655
52.0,Male,186080,4.7,88716,27.0,4,2,85304,584
45.0,Male,99743,3.5,16329,16.6,5,1,80449,566
46.0,Male,83924,4.9,8745,14.8,3,1,90189,563
36.0,Female,99771,13.5,53551,11.2,4,2,17144,596
38.0,Female,19655,10.4,2561,19.7,1,1,10526,590
27.0,Female,52505,7.7,6148,3.2,3,1,14061,524
69.0,Female,94542,13.6,12353,40.0,7,1,106548,729
21.0,Female,21618,21.6,9189,1.0,5,2,25420,571
40.0,Male,39541,9.8,14958,9.2,3,1,37785,546
32.0,Male,43385,14.4,15588,11.1,1,1,44359,582
28.0,Female,164697,4.3,65091,4.3,6,0,102708,558
53.0,Male,175129,8.9,40163,29.4,6,0,129038,678
32.0,Female,43924,1.4,18465,1.0,4,1,29167,532
63.0,Male,39481,3.5,5746,40.0,4,4,28661,632
33.0,Male,33638,8.7,6239,2.7,3,0,21271,537
63.0,Male,34652,12.7,7315,38.3,4,3,15756,675
48.0,Male,33117,10.7,20261,25.8,5,3,27775,602
33.0,Male,68166,9.9,6613,14.5,8,0,18728,621
31.0,Male,192098,8.7,39579,6.2,8,1,173192,589
39.0,Male,81442,2.1,50477,18.3,5,3,55183,528
49.0,Male,98101,1.5,33518,25.2,3,3,101590,531
29.0,Female,81199,12.0,25556,3.5,4,0,38741,566
40.0,Female,106037,10.6,44107,21.9,6,4,103488,550
21.0,Male,91114,9.9,28263,1.0,5,3,14635,534
30.0,Male,64979,10.3,40809,5.8,4,0,78047,550
26.0,Male,34816,8.3,20609,1.0,3,4,40107,460
54.0,Female,127650,6.6,54718,30.7,4,2,127810,604
41.0,Male,43815,3.2,24821,9.8,6,2,12059,538
34.0,Female,112883,12.1,44507,5.1,7,2,127397,585
21.0,Female,69808,1.0,44404,1.0,2,8,31923,408
49.0,Male,43447,6.9,21882,20.6,5,2,36729,585
44.0,Male,52402,8.5,14196,24.2,5,1,37019,638
51.0,Male,105055,6.6,30919,32.0,5,2,47780,631
21.0,Male,102934,2.4,28539,1.0,3,2,88790,511
70.0,Male,102795,4.1,26035,40.0,4,0,97645,660
53.0,Female,126732,13.1,34664,24.0,6,0,100216,686
47.0,Female,70724,6.7,24470,28.0,5,2,61080,621
43.0,Male,34287,7.8,19972,15.5,4,0,35879,603
34.0,Male,33398,8.9,18169,7.1,2,2,18728,520
33.0,Male,45403,4.4,12380,9.9,3,1,27150,523
21.0,Female,52579,7.6,6076,1.0,3,0,65087,551
34.0,Female,37555,2.0,16333,2.7,4,1,39556,512
26.0,Female,78443,8.1,36386,7.9,7,1,19004,612
51.0,Male,43242,7.5,12620,24.7,4,2,8610,602
45.0,Male,130791,3.2,52010,22.1,6,1,125897,565
58.0,Male,26023,15.6,11022,38.8,3,0,7394,700
32.0,Female,51278,5.0,14558,9.1,10,3,33924,551
22.0,Male,75868,20.0,19544,1.0,7,2,59742,594
30.0,Female,82489,30.1,27191,2.1,3,5,18047,633
46.0,Male,48530,6.8,29304,20.4,5,2,58981,561
42.0,Female,19037,5.7,6237,23.1,2,1,10551,569
38.0,Male,71042,7.7,9291,18.2,6,1,20935,621
36.0,Male,45924,5.4,11000,12.7,4,0,42429,589
36.0,Male,83944,20.1,45725,16.5,7,1,93997,614
29.0,Male,57570,14.4,18278,3.2,5,1,60753,575
44.0,Female,145378,4.6,53954,22.1,4,1,142998,557
25.0,Female,28384,4.9,8267,1.0,5,2,34031,494
48.0,Male,81958,5.0,44881,19.6,4,4,84465,560
36.0,Male,50434,2.7,6447,7.4,5,1,35188,561
37.0,Female,39192,8.4,6641,7.6,6,0,31878,603
59.0,Female,58859,10.2,22063,38.1,6,3,25732,622
38.0,Male,27139,3.6,9569,15.8,2,3,15939,521
54.0,Female,34690,10.2,5543,27.3,4,2,17142,593
62.0,Male,51724,5.5,7217,38.6,5,1,16694,612
47.0,Male,47021,2.3,29867,21.0,5,0,21894,574
32.0,Female,31325,10.2,14755,4.0,4,0,37053,589
21.0,Male,20843,12.8,9584,2.8,2,0,15645,571
43.0,Female,84690,4.7,53715,24.7,3,3,80002,560
48.0,Female,23667,8.3,8518,26.4,7,4,10185,590
26.0,Female,25529,9.8,14068,1.0,3,2,15773,520
50.0,Male,34699,1.0,11417,26.8,6,2,27042,557
52.0,Female,112697,7.5,38378,23.3,8,1,81817,618
29.0,Male,47715,11.8,29102,10.2,5,3,55741,528
50.0,Male,57326,5.5,29147,20.9,7,0,14824,633
39.0,Male,48452,17.4,5734,16.9,7,1,53601,663
51.0,Male,82410,2.9,50778,28.2,3,1,22013,600
28.0,Female,44669,27.9,26101,7.2,12,1,36387,673
37.0,Male,47594,7.1,24588,6.2,5,0,27324,538
40.0,Male,46688,5.2,26540,11.2,6,1,16693,562
57.0,Male,31118,8.0,6495,36.9,7,4,28196,611
44.0,Male,92858,5.5,25952,25.9,6,1,111601,581
39.0,Male,37313,4.9,19755,7.2,3,1,24280,492
37.0,Male,58676,22.8,11293,7.4,9,0,22900,677
69.0,Female,75563,4.9,47117,40.0,4,0,33265,608
34.0,,77756,4.6,29256,11.5,6,1,11700,587
41.0,Male,139153,15.2,12036,15.2,10,1,64218,658
30.0,Male,38330,8.1,3941,1.0,6,3,44274,538
51.0,Female,80807,14.0,18875,28.7,7,0,94240,682
31.0,Female,67702,4.8,32054,2.9,6,0,22002,521
39.0,Female,35738,9.5,9874,13.9,6,0,41344,621
42.0,Male,60120,1.5,11050,17.1,7,0,69604,578
32.0,Female,66390,5.8,30929,9.5,4,3,14455,532
21.0,Male,49131,8.9,27053,1.0,10,0,31293,615
34.0,Male,18000,7.3,3844,5.7,6,1,5929,520
44.0,Male,46138,7.2,12214,19.8,4,1,12589,604
36.0,Male,106605,10.4,32030,14.1,3,1,106168,566
47.0,Male,54254,3.5,10254,21.6,5,1,17108,588
42.0,Male,40787,1.7,14781,12.9,7,1,11266,576
33.0,Female,63640,3.1,22719,4.3,7,3,14998,524
35.0,Female,93048,12.0,10899,4.6,5,1,60975,584
27.0,Female,62423,10.1,14162,1.0,7,2,73984,533
41.0,Male,90205,2.6,40129,11.2,8,1,41434,581
69.0,Male,41500,6.4,6580,40.0,9,0,27381,701
60.0,Male,45274,7.3,20823,38.4,5,1,25967,639
55.0,Male,53356,2.6,17854,29.9,2,0,42887,621
40.0,Male,34179,9.0,20029,19.5,6,1,35048,615
37.0,Female,83865,7.7,41049,18.6,4,2,65849,572
35.0,Female,39914,7.8,7013,7.3,3,0,24868,548
30.0,Female,40600,6.9,3492,1.0,5,1,21888,556
38.0,Female,25424,6.1,4883,13.9,4,0,11614,610
45.0,Male,81741,4.2,31111,25.0,3,2,23424,577
38.0,Male,153557,4.2,12437,18.9,7,1,122083,604
50.0,Male,34348,6.8,9105,18.9,2,1,18627,583
33.0,Female,81802,6.3,33404,4.0,3,1,68641,515
36.0,Male,44833,18.0,9996,6.4,4,2,15760,579
47.0,Female,152179,4.5,57870,26.2,6,1,163317,592
37.0,Female,31521,2.7,10642,5.2,10,1,22967,563
50.0,Female,83750,4.9,8715,29.1,8,1,88075,679
55.0,Female,45576,6.7,11992,31.8,7,3,13789,582
44.0,Female,108417,6.0,45921,23.1,5,1,90278,575
34.0,Male,67452,13.2,23590,2.0,5,0,17375,586
33.0,Male,50124,21.1,30094,6.9,3,3,48139,561
45.0,Male,268732,4.4,52588,21.0,5,0,95504,700
46.0,Male,83526,11.2,43857,16.4,3,3,48971,564
55.0,Female,62482,10.1,13433,35.1,8,0,58271,700
38.0,Male,75133,5.7,36400,6.6,12,2,43802,592
36.0,Female,144825,12.9,12297,15.2,6,1,53766,653
24.0,Male,80014,8.2,21671,1.0,8,1,39620,609
33.0,Female,36944,6.5,12504,2.5,4,2,30224,536
34.0,Male,24188,9.0,11417,14.4,8,0,28638,588
44.0,Male,74430,4.9,27870,23.5,4,3,42696,563
39.0,Female,125125,13.2,35171,18.5,5,2,85913,622
22.0,Male,79248,9.6,32471,1.0,4,1,96023,488
31.0,Female,51817,7.7,4602,4.3,5,2,63030,523
44.0,Male,38766,7.9,17752,21.9,5,1,34055,561
47.0,Male,33907,1.9,12705,25.4,4,1,29908,565
40.0,Female,35095,2.7,20134,8.3,5,1,37822,525
41.0,Female,174153,10.6,103013,9.8,5,4,138536,497
35.0,Female,33318,13.8,20853,6.1,4,0,39209,597
39.0,Male,70902,3.8,22609,10.9,5,2,70142,485
29.0,Male,51758,17.4,6515,7.4,2,0,54730,631
42.0,Male,103634,4.6,20194,11.6,5,1,103081,546
27.0,Male,50632,7.1,32596,1.0,6,1,31534,537
30.0,Female,59301,4.4,25283,3.5,1,3,25918,450
38.0,Male,69486,6.8,40400,15.8,6,0,49451,590
21.0,Male,149931,10.1,15933,1.0,10,3,176505,562
54.0,Male,38560,9.3,19614,22.4,8,2,15080,594
36.0,Female,26400,9.5,13437,12.6,1,2,26467,562
32.0,Male,73027,7.4,35873,2.4,4,0,52325,547
46.0,Female,49194,8.3,16925,21.9,5,2,46692,588
45.0,Male,70284,4.2,39983,26.8,3,1,70256,573
39.0,Male,93546,4.5,15103,8.3,3,1,38009,570
31.0,Male,64962,1.2,40703,6.8,4,1,74106,450
41.0,Male,150191,4.1,60645,10.1,4,2,94022,523
39.0,Male,84995,2.4,37686,13.3,2,1,100069,495
34.0,Male,57313,5.5,32789,5.2,4,4,10108,475
37.0,Female,42327,18.2,3822,17.7,11,3,12286,652
39.0,Male,39050,5.0,4857,11.4,4,0,40008,544
32.0,Female,67071,4.9,14154,1.5,8,1,50901,529
46.0,Male,64704,6.6,10640,26.5,8,2,35392,644
51.0,Male,46807,24.4,4865,25.1,6,5,9582,656
35.0,Male,27394,7.3,9599,3.6,5,3,30370,534
28.0,Female,26771,2.2,15763,4.6,5,1,8985,538
36.0,Male,18000,2.1,2000,6.6,3,1,11205,526
38.0,Male,103104,10.9,26345,14.3,4,0,49441,600
46.0,Male,98370,3.2,41841,16.9,3,1,80394,559
35.0,Male,111284,5.9,70957,3.3,5,0,30811,558
48.0,Male,31178,2.0,8401,26.2,4,1,17747,597
35.0,Male,75772,5.5,16342,10.5,4,1,24809,559
54.0,Male,50730,6.8,11619,25.1,4,1,35122,608
45.0,Male,71697,9.5,25328,16.6,5,1,74320,609
45.0,Male,63928,3.6,27547,14.7,2,1,55117,549
28.0,Male,21268,9.4,6433,6.6,5,0,9070,577
39.0,Male,35677,6.4,17522,10.1,4,2,9570,541
42.0,Male,97299,5.5,62202,14.2,3,2,75697,574
33.0,Male,57938,7.0,32520,5.4,4,1,67487,542
21.0,Female,104193,5.8,23440,1.0,5,1,44819,566
40.0,Male,51252,2.9,8533,13.5,7,4,50506,549
29.0,Female,52551,7.8,27774,1.0,4,0,51744,535
33.0,Female,176130,3.1,68415,7.9,6,0,158107,527
37.0,Male,25658,13.1,3009,6.7,11,1,27327,588
51.0,Male,34245,6.8,10634,27.7,2,0,36887,595
37.0,Female,68334,12.0,37185,6.4,4,0,47421,595
37.0,Male,48589,2.1,25793,9.7,6,1,51463,543
57.0,Female,97048,7.5,13069,25.4,4,1,16610,641
32.0,Female,58828,8.5,35279,11.9,3,1,56074,562
40.0,,59864,5.1,31816,16.9,2,2,51809,533
21.0,Male,34749,12.2,16833,1.0,9,1,15755,605
47.0,Female,34550,1.7,16788,18.2,4,2,33834,531
52.0,Male,88110,7.7,18025,25.0,10,0,58517,651
54.0,Male,75470,12.7,15396,28.5,3,3,82584,623
70.0,Male,57099,8.1,25411,40.0,8,0,19973,687
37.0,Male,68037,6.8,32425,8.2,3,0,16256,537
29.0,Female,119235,9.9,69461,5.3,3,2,102828,560
42.0,Male,51978,12.9,27497,13.3,7,3,27949,604
38.0,Female,56139,17.4,15749,8.3,9,4,61636,536
55.0,Male,100015,11.8,35900,26.3,8,1,29552,707
28.0,Female,53468,18.4,25230,8.0,5,0,41629,636
44.0,Male,32367,14.3,13123,22.3,4,3,36791,549
39.0,Male,24423,7.6,8166,7.0,5,1,7682,592
29.0,Male,41394,5.4,8659,7.2,5,3,45757,540
48.0,Female,82828,7.6,25839,16.5,6,3,29388,589
28.0,Female,42486,12.2,15034,1.0,5,0,26227,582
45.0,Male,55967,10.0,11925,13.1,4,0,13080,596
60.0,Female,76164,15.2,48765,38.0,6,2,18963,736
39.0,Male,47247,12.6,12089,8.0,4,0,44469,567
48.0,Male,126753,15.9,79674,20.2,5,2,89054,594
29.0,Female,57230,4.8,33884,1.2,4,4,57771,462
24.0,Male,45041,6.6,25198,1.3,6,2,33790,504
38.0,Male,87048,11.1,22048,18.0,3,3,57250,569
60.0,Female,88081,5.7,41301,40.0,8,2,105886,598
37.0,Male,62892,12.0,31773,11.8,1,1,56638,568
25.0,Female,39011,3.3,23925,1.9,5,0,23624,494
64.0,Female,46800,5.2,11024,40.0,5,1,48236,644
32.0,Male,191774,3.4,52707,3.1,5,0,143225,575
30.0,Male,98852,7.9,60215,1.8,3,1,16451,563
29.0,Female,20922,7.8,5749,2.7,7,2,13246,537
53.0,Male,88071,6.9,16576,34.9,9,1,42404,663
,Female,89358,5.6,55687,11.9,2,1,17802,568
40.0,Male,25277,7.3,10570,21.7,6,2,9292,605
44.0,Male,113980,2.5,17341,19.4,5,1,98142,583
32.0,Female,99974,5.9,42268,2.9,5,1,37844,573
49.0,Female,112231,8.5,56067,18.2,7,1,62642,581
41.0,Female,41064,4.0,15245,12.9,7,2,6959,530
37.0,Female,79514,13.4,11227,18.1,8,3,37645,615
33.0,Male,90230,2.9,44800,8.9,4,1,110201,500
63.0,Male,67919,3.6,23674,38.9,4,2,11043,632
55.0,Female,48505,9.2,21826,26.9,7,2,10532,633
37.0,Male,44465,5.2,22886,16.8,6,2,18822,551
,Female,34893,7.6,11050,17.1,8,2,35286,588
55.0,Male,39157,2.5,8860,23.9,6,2,47096,608
48.0,Male,29183,9.1,17158,29.2,8,1,24822,631
23.0,Male,61339,7.5,38562,1.0,5,1,73127,496
32.0,Male,80809,9.8,32022,1.0,5,2,91963,539
35.0,Female,123552,9.1,18914,8.1,4,0,39396,572
25.0,Male,71544,8.6,35835,5.4,1,1,30273,534
43.0,Male,50570,8.2,18429,24.7,3,3,48731,570
45.0,Male,25473,5.0,4837,18.4,5,0,26510,598
32.0,Female,80016,5.7,38123,1.0,6,3,53953,532
45.0,Male,62326,2.7,30446,25.1,4,2,22859,554
38.0,Male,107540,8.8,45152,17.0,4,1,128352,578
31.0,Female,36276,5.1,5274,8.4,4,4,28109,499
32.0,Male,26437,6.6,9924,3.4,6,4,8375,507
49.0,Female,57233,9.3,33585,26.4,7,0,18368,609
29.0,Male,95919,6.5,34086,5.3,7,1,114589,523
45.0,Male,59822,9.8,32436,26.0,4,1,48860,612
26.0,Female,57849,9.8,8398,1.0,2,3,19725,508
32.0,Male,67852,3.9,28916,3.6,3,2,30113,530
51.0,Male,92499,10.6,28624,31.2,5,1,22198,683
49.0,Male,58868,10.1,10392,27.5,9,3,18918,660
46.0,Female,52839,13.4,18138,26.7,3,1,50784,609
21.0,Female,32360,6.9,16954,2.7,8,1,31617,509
30.0,Female,33881,7.7,19393,1.0,5,1,34534,508
67.0,Male,24355,6.2,3971,37.0,5,2,5703,644
49.0,Male,80753,4.2,12933,30.2,4,3,76531,563
39.0,Male,79279,8.5,33865,15.8,3,5,27403,554
38.0,Female,40242,2.7,4423,10.2,3,1,30552,563
,Male,56715,12.2,11682,19.4,7,1,69751,649
31.0,Female,60336,6.9,25226,6.6,6,2,63703,559
33.0,Female,77002,9.0,12648,1.6,4,0,42247,556
28.0,Female,37883,7.9,16812,3.2,7,3,20585,494
28.0,Male,27989,9.6,8455,1.0,5,2,24785,535
36.0,Male,43837,5.2,8175,11.8,7,0,21923,582
21.0,Female,40092,7.0,24036,1.0,7,1,41084,552
36.0,Female,33358,3.8,6538,17.8,5,3,29513,573
55.0,Female,43437,4.0,14012,23.8,8,1,48299,628
39.0,Female,66612,2.6,33717,17.6,4,1,25610,561
21.0,Female,48192,13.5,17195,1.0,5,1,42344,565
50.0,Male,28237,12.9,16899,24.1,7,0,14399,667
,Male,96445,13.0,32097,19.2,6,0,86928,625
45.0,Male,40559,15.3,3650,14.0,9,2,40844,643
21.0,Female,41560,6.0,20443,1.0,4,2,29742,525
40.0,Male,31264,8.9,20204,8.9,3,0,23576,576
43.0,Male,64472,12.0,24182,19.5,3,4,66048,514
45.0,Female,25972,10.5,10662,17.4,6,4,30255,547
26.0,Female,65408,13.8,22662,4.7,10,0,52847,599
41.0,Male,119217,4.7,48860,16.9,3,0,101320,555
37.0,Male,30014,5.5,8559,5.2,8,0,11343,580
48.0,Female,45920,4.1,18653,17.6,5,5,22942,519
27.0,Male,64277,19.5,32833,8.8,9,0,16000,698
25.0,Female,117427,3.1,42919,4.7,5,1,52161,506
41.0,Male,56000,9.8,17828,11.5,5,0,48686,600
42.0,Male,86032,7.5,19845,17.1,7,2,30870,577
40.0,Female,155280,2.2,18641,14.8,3,4,136663,508
37.0,Male,48963,2.9,21277,8.7,6,2,57488,514
50.0,Male,112390,7.9,37996,18.5,7,1,72421,615
43.0,Female,141833,5.2,86983,12.8,1,0,63826,586
31.0,Female,54679,11.1,25736,11.4,6,1,20227,601
45.0,Female,57579,14.3,32796,21.0,5,0,39811,623
38.0,Female,33166,7.7,10594,7.5,1,2,26184,534
61.0,Female,30205,3.5,17461,38.3,5,1,29880,625
32.0,Female,53548,10.9,19047,10.6,7,0,41295,615
43.0,Male,48629,6.5,11535,15.3,3,1,18318,592
36.0,Female,22662,10.7,5445,10.0,6,1,8550,604
29.0,Male,145364,10.3,53793,2.8,7,2,70766,564
30.0,Male,84309,3.2,50468,10.3,8,1,75261,489
23.0,Male,57232,8.2,13614,1.0,3,0,42912,537
34.0,Male,72709,5.3,19806,2.9,3,3,26824,497
35.0,Male,29135,8.8,18803,13.7,3,1,23482,591
,Male,65330,1.8,9963,16.3,3,0,18222,580
36.0,Female,23647,11.5,2337,14.6,8,3,23521,560
46.0,Male,68857,6.1,14904,18.6,6,1,76096,583
21.0,Male,108497,2.1,41046,2.8,8,0,63859,534
42.0,Female,69192,5.3,36558,12.4,5,1,28059,545
25.0,Female,53343,6.0,28171,1.0,3,1,35764,499
45.0,Male,35376,7.0,11070,24.8,9,4,34549,613
38.0,Male,32681,10.6,13575,13.2,4,4,39506,552
37.0,Male,53605,8.6,21388,16.4,5,2,18055,575
21.0,Male,68754,4.7,6535,1.0,3,1,20375,537
41.0,Female,33959,13.6,12149,19.9,5,2,41682,605
29.0,,29636,14.2,16084,1.0,4,1,36358,564
48.0,Female,48530,17.3,4566,24.8,5,0,33549,672
31.0,Male,106347,4.9,27939,2.9,5,2,122765,495
34.0,Female,67568,2.7,14031,9.7,4,1,73417,561
40.0,Male,56144,2.9,35951,13.0,8,5,28498,515
38.0,Female,110668,3.8,63156,13.4,4,0,53509,565
30.0,Female,30835,15.8,5394,1.9,11,3,4755,640
62.0,Male,69068,7.7,26755,36.0,6,1,35412,663
36.0,Female,60352,19.0,13267,17.9,3,1,59921,634
43.0,Female,92916,11.5,25818,24.9,5,1,22948,657
26.0,Female,43061,3.8,13247,1.7,7,1,25609,506
53.0,Male,48376,8.6,12115,28.0,8,0,58837,636
49.0,Male,81930,4.4,34342,25.6,7,1,13265,571
51.0,Female,70650,8.3,38795,26.9,9,1,37192,632
32.0,Male,100971,9.4,24314,13.0,4,0,84970,598
39.0,Female,37934,4.1,6662,15.9,3,3,13761,520
44.0,Male,64100,5.1,23887,20.6,2,1,49757,572
35.0,Male,92745,12.9,18795,7.4,8,0,46591,682
55.0,Male,45164,4.6,16694,30.1,6,3,11960,578
49.0,Male,116012,6.6,58506,21.0,8,0,51421,634
35.0,Female,60738,11.1,33422,16.8,5,1,52738,584
38.0,Male,67782,8.6,22261,8.8,7,1,40771,631
26.0,Male,45436,12.5,4508,1.1,5,1,32504,588
40.0,Male,40685,4.6,22584,19.9,6,0,40917,565
33.0,Male,34541,17.7,5215,1.8,6,2,11822,590
48.0,Male,26224,4.1,9975,28.2,2,3,20084,583
59.0,Male,47035,5.4,29381,31.5,4,1,51032,630
35.0,,227378,5.2,120000,8.0,6,0,122258,526
36.0,Female,49415,6.0,4490,14.6,7,0,24289,569
41.0,Female,91136,7.3,34164,18.8,6,3,76063,596
43.0,Male,51151,5.4,23724,15.7,4,3,53977,517
,Male,54495,2.0,30148,7.6,3,0,46028,549
46.0,Male,228847,6.6,110475,27.3,11,2,172622,605
21.0,Male,70115,6.5,19472,1.0,6,0,61624,571
29.0,Male,79325,16.0,16196,1.0,8,1,88318,595
35.0,Male,43898,4.8,16265,7.4,3,3,27554,529
62.0,Male,90610,10.9,19422,32.3,6,4,107904,635
57.0,Male,24031,3.7,2739,30.6,2,1,9060,555
38.0,Female,88816,6.4,17213,19.7,6,0,76823,603
51.0,Male,78910,2.2,8915,26.3,6,6,31085,551
28.0,Female,56990,4.5,8199,6.6,9,2,10904,542
46.0,Male,63043,4.0,21278,21.7,9,1,37938,584
35.0,Male,70090,3.7,43269,12.2,2,2,76939,507
38.0,Female,19214,7.9,8605,12.8,7,1,15807,574
40.0,Male,116936,2.7,61015,9.6,5,0,20935,545
45.0,Female,43986,2.6,13079,13.7,5,1,11080,547
39.0,Male,42041,2.0,3822,13.8,4,0,20361,584
52.0,Male,42113,8.5,15632,27.1,3,0,10476,657
31.0,,40986,4.5,11005,2.8,3,1,15629,555
45.0,Male,102445,17.2,45604,18.8,5,2,54541,670
22.0,Female,43490,4.4,16485,1.0,6,2,7895,523
48.0,Male,74635,13.3,43439,21.0,6,2,89909,599
53.0,Male,57352,5.1,25874,27.8,6,3,20723,546
21.0,Male,102465,16.7,59013,1.0,5,3,65360,547
51.0,Female,71579,9.3,39689,30.6,3,0,31778,622
37.0,Male,63534,6.3,17665,14.6,5,0,49005,578
61.0,Male,49769,4.5,21474,40.0,7,2,9487,646
32.0,Male,37750,13.1,8863,11.6,7,1,5663,593
43.0,Male,70584,1.3,14249,13.2,8,0,69341,573
50.0,Male,57263,7.0,22418,23.2,5,0,11525,599
38.0,Male,24754,20.6,15333,19.4,7,1,7345,711
,Male,78508,10.3,35024,22.6,8,4,83514,572
25.0,Male,73799,6.4,41977,3.7,6,2,46418,545
43.0,Male,60960,6.8,27192,21.9,6,0,25858,618
58.0,Male,37423,7.2,3425,26.3,5,0,19575,637
56.0,Female,64694,7.4,23379,26.1,7,1,61604,634
23.0,Male,129649,4.5,28824,4.6,4,1,143748,514
27.0,Female,47567,3.8,17280,8.4,3,1,28284,503
47.0,Female,56000,19.8,31020,15.8,11,2,42449,688
43.0,Female,77214,10.4,8149,16.7,3,1,31983,569
44.0,Male,62127,4.1,37510,24.6,4,2,45937,576
40.0,Male,108671,31.1,57503,10.9,5,0,32501,695
34.0,Male,42876,11.2,3949,8.0,8,1,21185,625
30.0,Female,57426,16.8,25720,4.8,5,0,36606,610
33.0,Male,130263,3.8,46362,4.9,8,2,68715,563
21.0,Male,29027,2.9,18816,1.0,7,1,34978,501
48.0,Male,71617,9.8,11262,16.8,6,2,83428,607
33.0,Female,42365,4.3,13041,14.4,3,1,42369,554
42.0,Female,52515,2.4,7960,13.8,7,0,17492,596
33.0,Female,29899,2.6,8123,14.8,5,0,27656,608
41.0,Female,167261,2.0,98148,15.0,10,3,103257,528
58.0,Male,68430,9.9,30350,29.1,6,5,62335,565
28.0,Female,36671,7.6,16812,1.9,3,1,7292,540
21.0,Female,79926,15.9,10588,2.6,2,2,86753,603
35.0,Female,42802,3.7,12777,6.4,5,2,30194,511
29.0,Female,65225,4.2,31084,10.8,3,2,67412,537
21.0,,26364,6.5,5171,1.0,5,4,24861,453
38.0,Female,25823,5.7,15700,6.2,5,2,12562,518
52.0,Female,110835,3.2,39317,23.7,5,0,108502,597
57.0,Male,86444,3.1,27428,36.4,8,0,83242,650
31.0,Female,116336,3.7,58935,9.2,2,2,120630,492
25.0,Female,60892,5.5,30541,1.0,5,2,70084,491
33.0,Female,37771,19.0,17117,10.2,10,2,9972,660
41.0,Female,76004,7.8,38621,20.8,9,1,92877,546
48.0,Male,99208,5.8,27143,25.3,7,2,78130,589
39.0,Male,116519,1.3,43728,17.2,7,1,49324,616
41.0,Female,75041,15.2,9541,10.3,7,0,61169,635
33.0,Male,37619,1.4,12031,11.2,3,3,33927,532
43.0,Female,49254,7.3,9653,18.2,5,0,36330,582
49.0,Male,18000,8.9,8102,19.8,4,0,13886,639
38.0,Female,39203,2.3,21237,6.6,5,1,21592,537
34.0,Male,19674,7.7,8855,15.0,4,1,8001,558
49.0,Male,71769,8.2,42972,25.5,7,0,73980,602
46.0,Female,35259,6.6,7778,15.1,7,4,14577,579
25.0,Male,62254,4.6,9460,6.7,4,1,13956,603
50.0,Male,62569,7.7,17630,23.3,6,3,44032,588
37.0,Male,87974,8.0,28230,10.2,7,0,35865,585
35.0,Male,45914,3.1,22624,4.0,8,2,47790,507
44.0,Male,98944,12.1,62028,14.4,4,1,64555,592
48.0,Male,109452,2.3,44142,28.9,7,0,98022,600
46.0,Male,30415,22.2,11123,23.1,7,3,13780,646
44.0,Female,40889,3.5,23036,22.7,5,0,47677,568
59.0,Male,26018,2.8,6780,30.6,5,2,29472,629
32.0,Male,53175,5.3,17923,1.0,6,2,24085,506
48.0,Male,90133,1.8,17404,20.2,4,2,93190,528
21.0,Female,84810,2.1,30835,1.0,5,1,34495,505
49.0,Male,59606,2.6,37116,24.6,6,0,9831,602
25.0,Female,79740,14.9,21829,1.0,3,3,36615,569
21.0,Female,58205,18.0,37330,1.0,6,3,10623,564
30.0,Male,25703,11.4,4190,10.2,4,0,9265,621
45.0,Female,78961,5.8,12443,21.1,5,1,71685,534
42.0,Male,113945,4.1,59140,13.8,5,1,80106,559
46.0,Male,32535,3.1,12417,18.3,9,2,33929,594
40.0,Male,70291,5.2,44038,14.8,9,0,54016,527
37.0,Male,42815,8.2,16697,13.1,3,3,33089,564
45.0,Male,76636,8.6,36138,17.8,6,1,12692,579
38.0,Female,29458,3.0,10518,19.7,5,1,35322,580
21.0,Male,50100,3.5,18495,1.0,8,4,26996,473
21.0,Male,28891,7.4,5388,1.0,5,1,16419,547
34.0,Female,98358,11.5,52319,13.0,4,0,64598,589
21.0,Male,81446,1.9,32966,2.8,4,0,101768,460
49.0,Female,111170,10.1,30861,22.6,6,1,34031,641
25.0,Male,42831,9.5,11818,4.4,3,0,7974,590
50.0,Female,43704,13.3,7771,22.0,5,2,7056,637
62.0,Female,38560,15.5,5179,38.0,9,1,38830,701
36.0,Female,39968,12.6,13373,9.4,4,0,14354,569
46.0,Male,98418,7.1,59135,25.9,3,4,88934,506
58.0,Male,65064,3.3,19762,39.3,9,2,39963,647
33.0,Female,30463,2.6,15957,2.5,4,2,34969,525
34.0,Female,33473,10.0,17702,3.7,6,1,39157,551
34.0,Female,55999,3.3,31790,11.0,5,1,14295,562
21.0,Female,45318,15.8,20134,1.0,4,2,19558,573
57.0,Female,173065,4.7,110870,25.1,4,1,164089,522
33.0,Male,46513,7.6,22373,11.4,5,3,48544,504
23.0,Male,23809,1.7,2874,1.0,2,1,26415,502
34.0,Male,29356,2.2,14495,13.1,3,0,15317,596
21.0,Male,52850,4.8,10606,1.0,6,4,50085,517
62.0,Female,36147,6.5,16788,40.0,4,0,15571,658
31.0,Male,125147,1.8,35726,1.9,6,0,113687,516
59.0,Male,64891,13.9,35545,36.7,7,2,38855,669
21.0,Male,29660,8.5,4449,2.7,3,1,14872,552
43.0,Female,32860,2.7,16239,22.5,5,4,14327,577
34.0,Female,161575,19.1,42290,5.8,4,3,180000,601
42.0,Female,40942,8.6,22430,23.2,2,1,13701,603
31.0,Female,63606,8.6,32126,5.0,5,2,25886,517
25.0,Male,50852,21.9,18006,1.8,7,2,10488,631
35.0,Male,84985,8.4,45511,5.9,4,2,96417,462
25.0,Male,54046,4.7,17945,1.0,7,1,24028,537
21.0,Male,60678,6.1,34420,1.0,4,2,12971,539
40.0,Female,70472,10.5,26249,9.1,3,0,36027,590
36.0,Male,35902,2.9,22221,7.3,4,2,11325,518
56.0,Male,56686,3.7,24741,30.5,6,1,35658,609
55.0,Male,48306,6.8,20351,34.3,2,2,50940,560
65.0,Female,48839,5.3,8069,37.6,7,1,27357,631
46.0,Male,49746,3.4,10730,27.4,3,2,11990,574
43.0,Male,36266,8.4,6323,19.3,5,0,6124,649
32.0,Male,123444,11.4,34188,10.9,5,1,39139,683
49.0,Male,37015,8.3,16515,29.2,5,1,15414,631
33.0,Female,110572,20.6,68589,11.6,8,0,86326,602
45.0,Male,139172,5.5,78369,26.4,5,1,126698,570
28.0,Male,77256,6.3,35561,3.1,5,1,46581,560
43.0,Female,84030,13.5,40251,17.2,6,0,46366,605
21.0,Female,50071,5.4,24625,1.0,5,2,50911,489
35.0,Male,54256,9.9,34670,5.0,2,0,20123,587
29.0,Female,72556,12.9,18349,1.0,9,0,48338,605
37.0,Female,73843,9.5,6181,8.8,2,2,87354,537
,Male,37823,7.3,16931,1.0,3,1,11204,531
26.0,Male,77271,10.8,37809,6.5,5,3,76665,567
30.0,Male,153061,7.2,20463,6.3,9,2,180000,546
40.0,Male,42861,14.1,9990,8.9,8,0,42193,659
51.0,Male,28775,7.6,9898,24.6,4,1,27205,572
48.0,Female,135202,16.4,31391,19.5,3,1,40071,664
21.0,Female,60909,7.0,22111,1.0,5,2,53160,547
54.0,Female,43460,7.2,15570,26.6,3,0,32017,625
41.0,Female,35294,5.3,9150,16.5,5,4,34673,562
27.0,Female,23412,8.3,2426,1.0,3,1,28271,505
39.0,Male,134806,5.1,41962,9.5,4,0,36240,592
46.0,Male,45965,11.4,4472,16.0,6,2,20499,598
51.0,Female,26701,4.4,11570,25.0,1,2,32017,518
33.0,,69108,21.0,24547,5.1,4,2,35030,589
31.0,Female,63213,16.0,36091,1.5,5,3,59241,539
65.0,Female,26301,16.3,9114,40.0,8,1,15492,711
31.0,Male,117622,2.0,35047,4.3,5,2,25101,541
28.0,Female,73768,6.5,17372,1.0,6,1,70157,526
37.0,Male,150691,2.0,27635,13.9,5,1,124437,566
21.0,Male,28141,3.6,15327,1.0,9,1,30787,497
27.0,Male,80016,6.9,34076,5.8,6,0,64455,546
40.0,Female,50282,3.2,16822,21.7,2,0,44614,579
24.0,Male,34782,8.7,16530,1.0,5,2,22608,538
27.0,Female,40598,4.8,13775,1.2,8,1,9435,537
47.0,Female,74914,5.1,19588,15.5,5,3,51381,556
38.0,Male,22114,8.9,12160,16.2,4,4,14181,523
48.0,Male,37782,1.9,23766,18.0,4,4,35144,506
66.0,Male,73696,7.1,8008,38.5,4,1,12989,683
38.0,Female,82197,5.5,48500,10.0,10,2,71801,595
54.0,Male,38464,2.2,23431,23.8,7,1,7695,630
51.0,Male,143352,13.5,77012,32.1,6,0,34913,678
30.0,Female,76926,10.0,43371,11.4,6,2,82583,545
44.0,Male,55552,18.2,33226,21.1,3,2,14811,641
30.0,Female,88710,8.5,36524,11.4,6,1,90392,586
40.0,Female,92451,11.7,44239,21.8,5,1,19486,604
29.0,Male,110317,17.7,11924,1.0,5,4,85967,578
61.0,Female,100939,6.4,65111,30.4,2,5,114229,523
49.0,Female,50389,13.8,25580,25.8,7,0,12517,654
50.0,Male,68567,1.9,22406,18.8,8,1,24434,594
28.0,Male,42841,10.5,8063,4.8,4,1,32180,591
38.0,Male,82118,3.7,37384,15.9,4,2,71162,564
54.0,Female,72734,3.6,20715,30.5,3,2,68821,575
42.0,Male,56081,2.7,18163,20.8,2,0,34840,587
32.0,Male,43872,3.2,7918,4.6,8,0,26733,591
40.0,Male,29933,12.1,9803,21.3,6,2,15935,603
36.0,Male,43462,3.0,22322,16.6,2,1,34433,522
36.0,Female,54457,11.6,14181,17.3,7,2,25986,584
47.0,Male,44376,0.7,18737,25.1,4,0,36883,615
34.0,Female,44630,10.8,25669,14.5,9,3,49651,593
53.0,Female,45736,7.1,19299,26.7,7,2,40247,588
21.0,Female,75231,6.8,9460,1.0,4,2,28928,557
31.0,Male,23389,12.4,2471,8.3,4,2,4772,571
26.0,Female,31911,4.4,9972,6.0,3,1,20498,536
56.0,Female,82112,3.1,8426,32.0,3,1,64752,627
58.0,Male,114070,6.8,46440,36.7,3,3,49901,604
38.0,Female,57005,0.7,23001,18.7,8,1,60279,571
57.0,Male,59921,13.8,34451,30.9,3,0,34357,601
58.0,Male,77822,4.4,18739,31.1,10,0,12221,682
51.0,Male,71460,14.2,19417,28.1,7,2,28074,655
41.0,Male,105840,12.6,18237,13.8,2,2,112506,517
22.0,Female,35397,5.4,14425,1.0,2,3,6986,517
44.0,Male,65476,9.4,16529,23.6,4,1,29837,623
55.0,Female,92638,22.6,44505,31.7,4,2,42606,661
34.0,Female,60808,2.8,37251,7.7,4,0,37796,519
39.0,Male,102920,6.9,53259,20.9,7,2,85271,578
57.0,Male,42360,11.6,6904,34.7,4,0,47745,678
21.0,Male,34007,5.5,6711,2.4,7,0,20523,560
30.0,Male,116023,2.4,39305,2.8,11,0,115043,569
33.0,Male,60350,9.1,26050,9.7,6,3,54493,561
44.0,Male,84942,3.0,8545,23.8,8,1,93069,621
21.0,Male,85301,11.1,45599,1.8,3,2,32324,528
40.0,Male,50125,17.7,24092,14.4,4,2,18097,570
48.0,Male,102445,12.8,34630,21.5,3,1,52085,637
46.0,Male,72229,8.2,13373,27.0,10,1,57743,645
25.0,Female,76451,5.4,35957,1.0,4,0,59751,528
37.0,Male,28352,11.5,17410,10.6,3,1,19162,565
29.0,Female,89796,4.8,43885,9.2,6,3,43988,512
27.0,Male,76870,6.5,10120,3.2,4,1,95614,540
41.0,Female,63319,5.6,38804,20.9,4,3,11578,494
51.0,Female,66113,7.3,34585,26.8,8,0,77527,662
30.0,Female,56854,3.1,12611,11.0,5,0,70778,570
21.0,Male,18120,10.3,11586,1.0,4,0,19530,577
37.0,,97248,10.3,48336,16.2,5,1,106988,600
57.0,Female,86637,5.5,44671,34.8,6,1,66983,616
25.0,Female,33789,2.7,6869,1.0,2,1,18475,509
,Male,50764,6.1,22831,25.6,5,0,43990,619
38.0,Female,80422,3.0,51596,15.6,1,1,65623,491
47.0,Male,47314,3.7,12001,22.7,6,0,27882,609
55.0,Female,45454,21.0,21449,35.1,6,1,32066,693
43.0,Female,46950,6.4,8679,20.0,4,4,43195,510
50.0,Female,41745,17.8,23528,23.6,5,1,8299,643
56.0,Female,63025,11.7,21375,33.3,4,0,21087,638
35.0,Female,69962,2.4,43131,5.0,6,1,39657,512
61.0,Female,52836,13.2,19747,29.5,8,0,27625,699
36.0,Male,70231,12.9,27354,12.5,6,1,33784,610
32.0,Female,35620,8.4,15298,6.2,4,1,8599,535
21.0,Male,43231,11.3,5998,1.0,7,1,11569,618
58.0,Male,142937,14.2,20936,33.7,8,1,109263,690
21.0,Female,45244,21.7,17756,2.0,3,2,9646,579
29.0,Female,53444,6.0,15376,2.3,3,1,55441,533
27.0,Female,34189,4.5,12628,1.0,5,2,32380,511
46.0,Male,100110,3.1,10340,15.5,4,1,101959,562
41.0,Male,115557,7.6,63280,22.6,4,1,68589,572
44.0,Male,58463,7.1,10465,17.4,6,0,17778,573
21.0,Female,47046,3.3,5215,1.0,6,1,44149,531
45.0,Female,87710,4.1,10367,15.6,6,2,99748,558
56.0,Female,18000,11.6,6849,26.4,4,1,11939,619
51.0,Female,191253,6.5,93136,22.3,7,1,86347,603
43.0,Female,77139,11.1,6626,15.5,6,0,36901,641
21.0,Male,86128,2.4,45844,1.0,3,1,50440,515
21.0,Male,116976,6.0,24689,1.0,8,3,114889,519
34.0,Female,27294,2.5,13157,12.5,4,1,30535,521
48.0,Male,44323,4.2,10104,22.7,6,0,22914,611
37.0,Male,53248,11.9,15065,19.0,5,1,63179,566
45.0,Female,110819,2.3,30086,18.1,5,1,128748,593
43.0,Female,71671,9.5,33109,14.8,3,3,61653,568
39.0,Male,32847,9.6,13075,9.9,5,2,22798,544
46.0,Female,92025,15.9,23280,23.2,7,1,17106,678
39.0,Female,30570,6.0,5653,11.6,6,0,16492,624
37.0,Male,95209,12.7,30719,17.1,3,1,27965,614
34.0,Female,33945,5.3,3909,5.2,5,1,37124,573
55.0,Male,56626,15.9,28186,25.7,3,2,31049,624
60.0,Male,58518,9.5,17663,30.2,7,1,14854,681
49.0,Female,47223,10.3,8077,24.7,5,2,49120,629
28.0,Male,55230,4.3,5954,5.8,3,3,48686,544
60.0,Male,51190,18.0,13497,34.4,8,1,45060,703
47.0,Male,54054,17.7,34098,20.9,5,1,19993,654
27.0,Male,48242,2.7,13764,2.9,5,1,23249,482
35.0,Male,41093,2.4,13903,9.5,8,0,9070,587
56.0,Male,48297,2.9,21370,34.2,5,2,41900,618
37.0,Female,49474,6.1,24114,12.8,5,0,35945,563
41.0,Male,63275,11.3,7132,15.6,7,1,68371,639
42.0,Male,54909,7.9,32236,21.0,5,1,64350,605
32.0,Female,105024,12.0,11691,10.3,6,4,71164,569
44.0,Female,38222,2.3,21965,18.1,2,2,35000,527
31.0,Male,32939,11.9,9982,11.7,4,2,29444,587
21.0,Female,58832,5.9,19889,1.0,6,1,34455,522
41.0,Male,215841,5.3,67184,21.8,5,1,180000,596
21.0,Male,42774,11.7,18315,1.7,8,2,16173,586
52.0,Female,55177,5.7,25982,27.8,7,3,43924,620
40.0,Male,50611,6.3,29599,16.1,4,6,46921,480
40.0,Male,78027,4.5,28943,20.0,6,2,93716,562
61.0,Female,33924,15.7,15168,38.8,5,1,23733,666
31.0,Male,63460,14.2,20329,12.2,6,0,61162,606
41.0,Male,90852,12.1,10089,15.7,6,1,66664,622
25.0,Male,56968,3.8,9814,1.0,3,1,47483,519
50.0,Female,31843,3.1,17521,24.2,3,2,36976,555
51.0,Male,126816,4.1,60249,24.2,4,3,69101,574
36.0,Female,32150,3.2,17172,13.6,4,1,28111,531
42.0,Female,66393,9.7,36881,20.7,5,1,74407,582
56.0,Female,21391,4.9,5224,30.5,6,2,10239,627
31.0,Female,63150,9.8,26637,12.9,6,1,13166,629
26.0,Female,128693,4.5,16375,7.8,4,4,128380,517
37.0,Male,51616,16.1,9168,9.0,4,1,34336,598
21.0,Male,37003,9.1,11990,1.0,4,1,7909,590
55.0,Female,26630,7.5,9023,23.2,6,0,29700,652
26.0,Male,57621,4.6,31377,1.0,3,0,58082,542
42.0,Male,87210,10.7,23289,22.5,6,3,96988,606
39.0,Male,31048,13.4,5852,20.4,4,3,5598,608
67.0,Male,85358,9.1,43200,40.0,4,0,23771,668
44.0,Male,42328,4.5,23055,24.9,7,1,35745,591
37.0,Female,38708,14.3,12612,8.2,5,2,34842,580
39.0,Male,186407,9.8,94574,12.2,7,2,82417,594
52.0,Female,64816,11.6,15249,23.7,5,1,64066,640
53.0,Female,59064,9.9,10574,23.0,6,3,64072,576
36.0,Male,47736,2.2,19279,17.3,5,1,56166,516
67.0,Female,73697,11.2,14552,35.5,7,1,75419,660
27.0,Male,34368,6.6,16866,1.0,4,2,12589,497
41.0,Female,30288,15.3,9431,15.3,5,0,21001,651
33.0,Female,59254,3.6,17783,5.5,10,4,36476,538
39.0,Male,63719,2.4,13789,12.5,4,0,23021,554
21.0,Female,41824,10.3,26091,1.0,5,2,40965,509
68.0,Female,83104,13.1,43058,40.0,3,0,96781,694
21.0,Male,69815,12.5,9882,1.0,5,2,69691,566
30.0,Male,66261,14.4,40525,7.4,5,1,51909,580
28.0,Male,177191,6.1,106620,8.5,6,1,180000,508
48.0,Male,33849,4.9,19526,17.5,9,2,23684,567
49.0,Male,127263,20.7,28557,22.6,4,0,91561,651
28.0,Female,53916,9.1,22948,5.7,4,1,27232,550
21.0,Male,83815,15.4,45233,1.0,4,1,93664,565
50.0,Female,113400,1.5,17229,28.1,2,1,111725,611
31.0,Male,62397,5.3,6805,6.8,10,2,67891,623
42.0,Female,72424,4.6,43854,13.0,6,0,83279,553
46.0,Male,42536,7.5,20699,22.4,4,2,35578,555
32.0,Male,81415,2.5,10540,5.9,5,0,87371,573
42.0,Male,29499,9.2,11947,14.8,1,2,5841,576
22.0,Female,53016,11.9,29768,1.0,3,2,28493,549
52.0,Female,132851,11.8,18399,24.5,4,1,26683,653
28.0,Male,120871,10.3,66313,1.0,6,3,117406,520
46.0,Female,34755,3.3,12819,18.3,3,3,43192,561
54.0,Male,162518,19.4,53667,25.9,6,1,123720,663
69.0,Male,88391,9.8,31846,37.6,5,3,25959,649
21.0,Male,39784,6.3,17255,1.0,9,1,7428,556
21.0,Female,98953,1.3,24939,1.0,4,0,78027,503
45.0,Male,27134,6.3,2808,15.1,4,3,20081,544
44.0,Male,63264,3.9,15263,19.6,4,3,38977,535
40.0,Male,32938,4.9,19182,16.6,5,2,15560,563
39.0,Male,76822,8.9,43528,17.7,4,2,16325,613
64.0,Male,31859,16.6,13130,35.8,9,0,27579,710
40.0,Female,54534,1.4,27588,8.7,2,1,30617,517
44.0,Female,77207,11.1,12240,22.8,9,3,66570,660
56.0,Male,62870,16.8,32980,36.1,7,1,15355,654
36.0,Male,93642,3.7,54490,11.9,3,1,115488,505
21.0,Female,45955,11.2,17352,1.0,7,0,40716,565
28.0,Male,48429,2.4,4018,1.0,5,0,33234,536
47.0,Male,33090,6.3,16287,26.7,4,1,27759,594
24.0,Female,48792,18.3,27592,1.0,3,1,38821,622
48.0,Female,32907,9.4,11450,29.0,2,0,33349,654
39.0,Female,91401,1.5,8116,8.3,5,2,30790,555
25.0,Female,62125,4.1,26861,1.0,5,2,54819,502
28.0,Male,44761,4.5,24174,1.0,4,2,38021,485
48.0,Female,70699,34.5,23459,22.1,6,1,17066,755
52.0,Male,53056,12.2,17534,23.5,7,2,59385,584
42.0,Female,36298,10.0,20183,19.4,2,0,39026,583
44.0,Male,112879,21.9,69111,21.7,5,5,41909,610
46.0,Female,58340,11.2,26394,20.6,3,1,35700,629
36.0,Female,60492,17.1,31060,6.8,4,0,21810,586
30.0,Male,49847,11.4,14235,1.0,5,3,45004,520
50.0,Male,59038,5.0,16652,26.0,5,2,37884,592
37.0,Male,30590,4.9,8917,15.9,8,0,37943,594
40.0,Male,37692,10.1,20468,17.9,6,0,6372,629
43.0,Female,98046,19.0,43268,12.8,5,2,110448,613
59.0,Male,67037,13.8,5439,31.1,2,1,52398,658
33.0,Male,29547,6.6,7295,8.3,9,0,11325,599
38.0,Female,121307,2.2,44273,12.1,11,1,129912,615
40.0,Female,37679,6.1,9861,8.6,6,2,27891,522
29.0,Female,60683,4.4,11325,8.5,9,0,70050,595
48.0,Male,56873,13.1,18253,27.8,6,2,27090,637
52.0,Male,66080,13.1,22601,25.2,2,4,42785,593
42.0,Female,62265,3.1,11858,10.8,3,1,42874,573
46.0,Female,44933,3.3,8348,27.0,5,0,36601,568
29.0,Male,40408,24.0,19877,1.0,4,3,21965,560
38.0,Female,110186,2.4,22501,9.9,4,0,104515,599
44.0,Male,115222,10.8,68609,12.5,6,0,90460,581
50.0,Female,41836,15.3,23865,24.0,2,4,38442,592
36.0,Male,28286,6.6,2724,4.1,4,1,12110,545
37.0,Male,77649,4.4,32628,8.3,7,3,13041,563
36.0,Male,51554,3.1,13837,6.7,10,1,50325,549
43.0,Female,79629,5.8,22011,13.1,3,1,65635,575
30.0,Female,18216,11.5,9909,1.0,5,2,6862,544
48.0,Male,36137,4.1,21570,26.3,5,0,18597,602
36.0,Male,87631,4.6,25281,11.2,6,1,28004,591
31.0,Female,66720,5.4,32074,8.2,8,0,80381,588
55.0,Female,77693,1.2,38585,36.9,7,1,26313,651
33.0,Female,88081,19.9,56314,11.0,7,3,94039,613
44.0,Female,61318,5.6,13905,24.5,3,0,64242,600
50.0,Male,41424,8.1,10808,18.2,7,1,8055,606
36.0,Female,79161,13.5,35641,5.4,5,1,98711,577
57.0,Female,40618,4.4,16226,35.2,7,2,22412,633
44.0,Female,47669,19.4,6897,12.8,4,1,54963,575
21.0,Male,63002,12.2,40625,1.0,6,3,11071,514
34.0,Male,69493,10.6,13489,10.4,7,2,16747,608
67.0,Male,50103,16.2,14707,35.5,8,1,50529,688
40.0,Male,57262,6.7,18579,21.6,3,2,9904,598
21.0,Male,44586,4.5,8151,1.0,5,0,33193,542
58.0,Female,75463,2.0,6443,27.7,4,0,50278,646
40.0,Male,101821,4.6,29432,12.7,9,3,30533,546
48.0,Male,153202,2.4,40021,22.7,4,3,31632,594
54.0,Male,75867,7.3,21203,22.6,6,3,48681,552
33.0,Male,47500,8.8,4682,13.1,6,1,43088,588
45.0,Female,62767,16.5,40763,23.2,6,4,31435,620
45.0,Male,62909,10.8,39731,18.8,3,1,69536,558
54.0,Male,46603,2.6,5386,28.2,6,1,27711,586
53.0,Male,36564,3.1,19273,22.3,4,0,16185,577
41.0,Male,47530,6.0,24001,18.6,2,1,26673,589
36.0,Male,77530,1.7,8315,15.2,12,1,87351,617
,Male,123318,19.0,74055,22.8,6,2,89445,615
40.0,Female,25523,15.3,4926,16.2,12,0,17310,664
54.0,Male,50466,9.4,25643,25.2,6,5,26237,543
49.0,Female,55371,11.0,31323,29.1,2,2,59985,587
42.0,Female,53704,9.5,6687,16.8,4,2,32197,566
37.0,Male,105959,4.4,53081,17.9,7,0,109811,597
39.0,Male,91879,16.4,34322,17.3,6,1,93561,653
51.0,Female,112693,6.2,50596,28.2,6,1,109055,613
57.0,Male,28740,3.0,17130,29.3,6,2,35435,563
36.0,Female,104615,1.8,22862,9.4,8,3,24372,573
40.0,Female,107798,5.6,61426,14.6,4,0,124729,509
41.0,Female,32468,9.1,12587,19.5,3,1,39001,576
38.0,Female,72261,10.6,29366,11.2,1,2,75531,515
29.0,Female,155385,4.2,34123,10.7,2,2,150396,526
37.0,Male,46955,4.8,18875,11.3,4,2,47730,524
40.0,Female,118249,1.6,10778,10.3,3,3,140242,508
39.0,Male,51792,2.8,25530,11.2,5,2,48020,543
48.0,Female,33533,10.5,5927,18.9,3,1,13724,610
32.0,Female,42628,3.5,5307,6.6,9,2,24853,543
42.0,Male,31784,8.5,4029,14.9,5,1,31668,565
39.0,Male,127308,3.7,46720,7.9,1,1,26479,532
38.0,Male,41481,3.1,7346,19.6,11,3,41236,618
53.0,Male,54561,8.8,9938,24.6,4,3,39018,632
47.0,Female,124217,1.4,67194,18.3,5,0,34334,594
45.0,Female,81403,3.2,29757,18.8,5,1,87682,563
34.0,Female,33153,12.0,17753,3.5,5,1,9559,608
37.0,Female,27523,14.2,7051,6.5,3,1,17547,617
26.0,Male,77576,12.4,36247,4.7,7,2,76460,584
39.0,Male,82237,5.5,22175,9.4,8,2,13235,558
27.0,Male,43976,1.4,22987,7.2,4,1,45603,501
46.0,Male,94896,10.9,58465,25.1,6,0,24143,631
21.0,Male,93690,10.7,43683,1.0,6,3,43453,575
44.0,Female,63247,5.1,14086,23.0,5,1,26034,615
42.0,Female,37551,6.3,19821,20.9,9,0,24610,615
26.0,,44850,6.7,13350,2.7,6,4,49695,490
41.0,Male,35235,7.2,10029,10.0,3,3,40401,514
55.0,Female,62309,10.9,10721,36.8,1,1,24616,643
39.0,Male,66178,1.9,7214,20.3,4,3,23300,548
51.0,Male,111025,8.5,38818,32.4,10,4,25094,628
50.0,Male,53854,0.4,15692,28.4,3,2,23162,541
64.0,Female,26572,6.4,2606,35.4,7,1,24485,652
53.0,Male,50108,7.3,30801,27.7,5,0,8944,607
28.0,Male,45069,14.2,8758,1.1,6,1,8077,586
24.0,Female,46869,5.3,11933,3.1,6,0,23420,571
32.0,Male,71184,2.2,10131,3.7,6,1,45977,543
32.0,Male,35876,10.9,23111,3.9,5,0,12688,593
52.0,Male,62196,1.9,9941,32.6,4,0,11524,633
38.0,Male,75526,6.4,36978,11.7,5,2,87159,555
54.0,Male,129587,12.1,15087,26.6,3,1,130740,585
41.0,Male,40914,1.8,10806,15.5,7,1,38310,557
25.0,Male,21562,11.7,4640,1.8,4,1,8793,567
31.0,Female,118136,4.2,47232,12.2,9,1,64545,591
,Male,47652,9.5,19788,15.6,5,3,25554,529
30.0,Female,59543,8.2,22680,2.6,4,2,72571,524
41.0,Female,155560,15.4,14210,16.6,5,1,180000,660
31.0,Male,63503,8.5,27858,7.9,3,1,25185,555
30.0,Male,39343,0.9,4114,1.0,3,1,10216,553
28.0,Male,114262,9.9,29675,1.0,6,2,57962,559
53.0,Female,44356,3.3,15631,21.3,6,2,35016,555
39.0,Male,60198,17.3,31363,8.7,7,2,46026,582
34.0,Female,30789,4.4,10536,3.6,3,1,33199,535
45.0,Male,141961,3.9,49648,23.2,7,0,46855,588
53.0,Male,48956,5.5,25079,29.4,7,0,26735,604
56.0,Male,47142,3.1,27911,25.4,6,3,40340,574
38.0,Female,48233,4.4,23161,7.1,6,2,19618,570
52.0,Male,40341,6.6,5640,32.9,4,1,12145,612
40.0,Male,106539,10.5,30111,10.4,5,4,94123,561
21.0,Male,48631,6.5,4738,1.0,2,2,28118,487
38.0,Male,96577,14.1,16417,19.4,5,0,47135,639
21.0,Female,98621,5.2,53064,1.0,4,4,50604,487
33.0,Male,58201,6.4,37099,9.0,7,3,37781,517
39.0,Female,69066,4.9,8829,19.9,4,2,27256,562
36.0,Male,261748,2.6,120000,6.9,5,2,59574,516
53.0,Male,91046,10.0,49896,24.3,5,1,19489,653
24.0,Male,23797,20.3,3252,1.0,6,1,18181,605
21.0,Male,44615,5.9,27898,1.0,6,1,21406,540
51.0,Female,35912,11.9,15027,20.0,6,1,13786,619
28.0,Female,58675,9.3,9404,6.4,4,3,10855,531
48.0,Male,45139,5.8,16593,20.6,3,4,52894,531
41.0,Female,36703,4.6,23536,11.0,5,0,10930,585
32.0,Female,48834,6.9,20064,10.5,6,4,33189,532
48.0,Male,76771,4.5,31768,27.3,5,0,86715,608
38.0,Female,39518,5.5,15952,14.2,5,1,34353,548
49.0,Male,88528,9.7,20455,25.2,5,1,60381,648
29.0,Male,56106,7.7,27322,5.9,3,2,38521,497
44.0,,109818,6.6,13120,12.2,5,0,50544,587
21.0,Male,50729,4.0,23675,1.0,5,1,17707,510
41.0,Male,44128,12.8,27364,14.0,4,4,20562,531
24.0,Male,57205,6.9,13545,2.5,7,2,59457,563
30.0,Female,115347,3.5,59390,9.7,4,2,57516,535
36.0,Male,92209,14.7,31750,14.8,5,1,50349,634
36.0,Male,58850,3.7,30580,14.7,3,2,54024,532
40.0,Male,117925,1.8,20258,20.6,2,1,43565,570
29.0,Male,76405,22.4,48826,5.7,5,2,46980,585
36.0,Male,77491,8.4,28146,11.1,3,2,14936,541
36.0,Male,103459,3.6,32593,13.5,7,1,61226,556
54.0,Female,68590,9.2,29669,25.3,4,4,59973,581
37.0,,97248,10.3,48336,16.2,5,1,106988,600
41.0,Female,42915,10.4,18517,18.6,6,1,29420,647
21.0,Male,66970,7.8,7769,1.4,3,2,65774,496
47.0,Male,215090,9.1,71610,15.9,6,1,121688,599
45.0,Female,165560,7.0,83671,22.9,2,1,180000,544
21.0,Female,79879,6.2,25083,1.0,3,2,40919,475
44.0,Female,140231,9.8,24856,24.8,7,1,159486,666
25.0,Female,108224,2.8,26140,1.0,9,0,28616,628
43.0,Male,92733,15.1,57790,11.0,4,0,112035,569
28.0,Female,30444,11.7,9135,2.1,6,1,21529,563
22.0,Female,60762,7.4,30296,1.0,3,0,67640,546
41.0,Female,63480,20.9,17435,11.6,6,1,57244,659
34.0,Male,42362,3.6,14686,7.1,5,2,33039,535
52.0,Female,31235,1.5,20068,33.3,7,2,16910,587
35.0,Male,41262,10.1,3718,13.9,5,1,42590,616
29.0,Male,47480,11.1,6955,1.0,9,1,50042,587
23.0,Male,127291,9.8,33212,3.6,6,1,88082,558
48.0,Female,43751,9.8,25065,26.3,2,1,11229,592
27.0,Male,88495,3.8,11317,1.7,5,3,31663,546
21.0,Female,190467,3.2,107193,1.0,4,0,180000,474
55.0,Male,77557,5.8,33349,35.2,5,3,64283,589
21.0,Female,43047,4.5,20592,1.0,3,0,8293,519
44.0,Male,95821,18.2,10421,24.7,6,0,87315,703
40.0,Male,56710,8.3,9926,20.2,5,0,32977,584
26.0,Male,51804,14.3,9739,2.2,5,3,22214,559
55.0,Male,60088,16.3,31183,36.9,3,2,65278,657
32.0,Female,26528,7.0,16547,10.1,3,0,13969,549
56.0,Female,46319,6.4,16698,36.8,8,0,46891,665
50.0,Male,27118,4.7,16422,18.4,8,2,22848,568
69.0,Female,54804,7.2,20065,40.0,6,2,44492,658
46.0,,51722,5.5,7560,27.7,7,0,53445,609
34.0,Male,62297,12.4,20122,12.7,3,1,67302,549
37.0,Male,68789,5.4,31532,17.0,6,1,45304,548
63.0,Male,42997,10.3,14651,40.0,4,0,28691,687
57.0,Female,33446,9.5,14460,37.4,5,3,36133,637
34.0,Female,66651,8.6,42589,14.0,4,2,46450,530
47.0,Female,29087,7.4,8173,18.1,8,1,11887,607
41.0,Female,48645,7.0,12621,12.9,3,1,12507,573
36.0,Female,49536,5.4,10335,8.7,7,1,16984,568
45.0,Male,111939,3.1,54010,22.9,3,3,129565,489
23.0,Female,57684,3.8,9287,1.0,6,3,21539,476
55.0,Male,57762,7.6,18134,24.8,8,3,44415,607
41.0,Female,75852,3.4,22038,19.5,3,0,65353,565
44.0,Male,44576,10.3,20170,23.8,7,1,16929,618
47.0,Female,49155,21.1,23645,24.3,5,3,50162,658
44.0,Female,42971,2.9,5135,24.2,5,0,28551,619
42.0,Male,45998,4.3,9789,20.3,6,1,13200,632
45.0,Female,60759,6.6,18097,22.1,2,1,57368,576
39.0,Male,32762,15.0,10128,10.5,5,1,33045,621
52.0,Male,34288,4.2,14157,29.3,3,1,27780,572
53.0,Female,51104,12.8,20348,30.4,4,3,28726,595
38.0,Male,77289,1.4,35255,17.4,6,2,80023,544
48.0,Male,83314,11.4,15822,29.1,6,3,31639,615
41.0,Male,49850,5.3,18599,15.5,6,1,27148,551
34.0,Male,59065,9.2,32491,11.6,8,2,33364,588
30.0,Male,57601,4.8,28664,6.4,4,1,66995,539
47.0,Male,53844,13.8,13058,21.4,1,0,14937,637
37.0,Male,108055,7.5,33194,7.6,5,2,29842,543
40.0,Female,67126,2.7,5562,8.1,6,1,76060,546
56.0,Male,47282,4.5,27991,24.8,10,0,27269,621
35.0,Male,51815,16.6,17733,12.3,8,1,21065,663
44.0,Female,73905,5.2,19495,17.0,6,2,41320,600
43.0,Male,121413,8.0,75152,15.1,5,3,68275,549
21.0,Male,35337,3.9,6823,1.0,5,2,19555,515
46.0,Male,117333,3.0,34375,21.1,4,0,26788,583
47.0,Female,189747,9.6,99790,19.8,4,2,180000,548
68.0,Female,39848,5.2,14116,40.0,11,0,37884,690
27.0,Male,40278,6.8,12911,1.0,3,4,29204,498
45.0,Male,86784,6.0,28806,24.6,5,0,92353,603
47.0,Male,81740,10.0,38498,16.0,5,1,18442,587
44.0,Female,54579,6.7,32028,23.7,4,1,16663,568
35.0,Male,21084,11.1,12935,14.8,3,1,12452,540
37.0,Male,52198,12.3,16415,15.1,3,1,35178,559
33.0,Male,45181,4.6,16136,10.8,4,1,45292,504
43.0,Male,38841,4.0,20304,16.2,4,2,32893,506
22.0,Female,31363,17.4,8866,2.0,3,2,38796,559
41.0,Female,59808,10.4,34508,9.1,4,0,59119,541
21.0,Male,98817,6.8,13661,1.0,2,1,85032,555
51.0,Female,42469,13.9,16825,21.5,3,0,30857,669
30.0,Female,109299,15.0,32515,1.0,9,0,122945,606
51.0,Female,45936,21.6,27896,20.3,3,3,14936,598
35.0,Male,89790,3.5,11923,6.8,6,3,104234,507
34.0,Female,56511,6.0,21250,15.4,6,4,40002,529
26.0,Male,57011,7.4,32725,1.0,3,0,32599,531
40.0,Female,40058,5.0,25221,18.3,3,2,45942,519
44.0,Male,22053,4.6,8332,18.1,7,0,25052,630
43.0,Male,106111,28.7,52018,12.6,5,0,36036,646
39.0,Male,39225,9.2,18050,17.1,3,2,13186,556
37.0,Male,42790,6.9,16193,17.0,3,0,16308,570
38.0,Female,131801,11.4,58308,6.4,4,0,163706,542
30.0,Male,45682,15.0,13089,1.0,6,0,24304,616
49.0,Male,91987,4.0,54412,20.1,6,2,58326,561
46.0,Female,92872,9.4,16705,22.3,5,2,29671,648
60.0,Female,112853,5.2,26047,36.5,6,0,104608,649
42.0,Male,71319,4.2,30013,12.4,6,0,87638,526
36.0,Male,47754,15.1,30071,5.1,2,1,8883,577
39.0,Male,37955,5.0,12253,18.1,7,0,22553,580
38.0,Male,43260,5.1,20961,16.8,4,2,52770,577
36.0,Female,87660,6.4,50180,11.7,6,0,90259,583
37.0,Female,35758,8.9,22991,6.4,6,0,27069,573
59.0,Male,31866,4.6,20452,29.8,3,2,28907,570
33.0,Male,45175,5.6,12235,9.3,7,0,40119,562
44.0,Female,18000,3.3,9028,12.5,6,2,19291,561
34.0,Male,46052,3.9,7850,10.8,10,1,8387,576
35.0,Male,81374,1.9,34779,8.0,4,2,46423,530
39.0,Male,42910,7.2,26691,18.4,6,2,45474,581
45.0,Female,108785,6.2,47513,21.3,8,3,67696,605
58.0,Female,64327,3.4,12571,34.8,3,1,52914,632
48.0,Female,129411,16.3,18630,29.5,5,1,139881,645
47.0,Male,137268,11.0,56549,17.2,6,2,22696,656
43.0,Female,59376,6.7,25277,23.9,8,0,33932,604
22.0,Male,63044,10.8,8114,1.0,6,3,24781,577
49.0,Male,47958,9.3,18695,29.2,2,0,29371,640
48.0,,46968,9.0,6733,16.8,3,0,19472,605
58.0,Female,37487,16.8,5592,26.1,6,0,13722,677
39.0,Female,40171,14.4,23598,10.1,5,3,28107,560
55.0,Male,28978,3.7,4096,26.5,6,0,10237,630
28.0,Female,50329,13.4,28993,1.0,9,3,19565,554
68.0,Male,34503,2.2,14914,40.0,5,2,36408,623
44.0,Female,61800,14.1,33861,19.4,4,0,45516,610
58.0,Male,47426,3.4,3803,30.2,8,1,35941,635
27.0,Female,92390,9.0,38516,5.5,6,0,35261,585
44.0,Male,78616,6.6,30132,20.5,4,1,83893,601
37.0,Male,49176,8.8,25695,14.4,8,0,16371,607
54.0,Male,91010,12.6,37928,32.3,5,0,92689,643
34.0,Male,104033,3.3,65929,14.8,6,1,122204,540
23.0,Female,31232,11.1,8410,1.0,6,0,7163,562
33.0,Female,90841,3.8,27333,1.9,6,2,41834,488
25.0,Male,49330,1.5,10399,2.0,7,2,55098,520
38.0,Male,46515,11.7,29636,19.5,4,3,13020,574
